n_trades,net_profit,gross_profit,gross_loss,profit_factor,win_rate,avg_trade,avg_win,avg_loss,max_dd,max_dd_closed,max_dd_pct,n_years,profitable_years,profitable_years_ratio,yearly_trades_mean,yearly_trades_std,yearly_trades_cv,min_yearly_trades,top_trade_pct,np_dd,recovery_trades,unger_score,first_trade,last_trade,engine,phase,p_fast,p_slow,p_gradient_length,p_gradient_factor,p_daily_factor,p_direction,p_stop_loss,p_take_profit,p_trailing_stop,oos_n_trades,oos_net_profit,oos_gross_profit,oos_gross_loss,oos_profit_factor,oos_win_rate,oos_avg_trade,oos_avg_win,oos_avg_loss,oos_max_dd,oos_max_dd_closed,oos_max_dd_pct,oos_n_years,oos_profitable_years,oos_profitable_years_ratio,oos_yearly_trades_mean,oos_yearly_trades_std,oos_yearly_trades_cv,oos_min_yearly_trades,oos_top_trade_pct,oos_np_dd,oos_recovery_trades,oos_unger_score,passes_oos_gate,passes_oos_hard,overall_pass,p_long_offset_ticks,p_short_offset_ticks,p_ptn_neut_yes,p_ptn_neut_no,p_ptn_dir_yes,p_ptn_dir_no,p_start_hour,p_end_hour,p_skip_day,p_max_bars,p_level_choice,p_level_shift,p_ptn_ly_yes,p_ptn_ly_no,p_ptn_sy_yes,p_ptn_sy_no,p_not_le_day,p_not_se_day,p_channel_len,p_breakout_offset_ticks,p_intraday_only,p_dvol_min,p_breakeven,p_vol_source,p_vol_mult,p_vol_mult_short,p_atr_len,p_momentum,p_level_source,p_n_sess,p_lev_include_sess0,p_bb_length,p_bb_num_devs,p_entry_type,p_le_bar,p_lx_bar,p_se_bar,p_sx_bar,p_end_long,p_end_short,p_nhigh,p_nlow,p_le_day,p_lx_day,p_le_time,p_lx_time,p_se_day,p_sx_day,p_se_time,p_sx_time,ms_blocks_total,ms_blocks_positive,ms_min_avg_trade,ms_mean_avg_trade,ms_min_n_trades,expected_avg_trade,passes_multisplit,passes_expectancy
183,87873.0,184628.0,96755.0,1.908201126556767,0.4262295081967213,480.1803278688525,2367.025641025641,-921.4761904761905,12923.0,7063.0,0.12923,10,8,0.8,18.3,3.606937759374287,0.19710042400952385,9,0.11369817805241655,6.7997369031958526,26.912805981359462,5.293734287492425,2012-01-16 02:00:00,2021-05-17 02:30:00,BIASW,7,,,,,,,1000,10000,,80,87940.0,151507.0,63567.0,2.383422215929649,0.2125,1099.25,8912.176470588236,-1009.0,13855.0,10964.0,0.13855,5,3,0.6,16.0,5.366563145999495,0.33541019662496846,7,0.11361155333181715,6.347167087693974,12.604048214691835,11.703955347404825,True,True,True,,,,,,,,,,,,,14.0,139.0,152.0,153.0,,,,,,,,,,,,,,,,,,,,,,,,,,,0.0,4.0,200.0,100.0,-1.0,0.0,100.0,100.0,3.0,3.0,108.66666666666667,1136.7820512820513,24.0,274.8125,True,True
197,58647.0,222607.0,163960.0,1.3576909002195658,0.5685279187817259,297.7005076142132,1987.5625,-1928.9411764705883,29432.0,20572.0,0.29432,10,7,0.7,19.7,3.7960505792204615,0.19269292280306913,10,0.12773031868637783,1.9926270725740691,98.86446024519583,2.174748974570362,2012-01-12 12:00:00,2021-05-14 16:00:00,BO,5,,,,,,,4000,7500,,110,131175.0,339380.0,208205.0,1.6300280973079417,0.5,1192.5,6170.545454545455,-3785.5454545454545,25784.0,23242.0,0.25784,5,5,1.0,22.0,5.366563145999495,0.2439346884545225,15,0.06145225843339051,5.087457337883959,21.621802935010482,9.307278050337686,True,True,True,,,47.0,45.0,-1.0,38.0,4.0,3.0,-1.0,184.0,,,,,,,,,,10.0,0.0,,,,,,,,0.0,4.0,1.0,,,,,,,,,,,,,,,,,,,,3.0,3.0,509.75,1163.107456140351,32.0,298.125,True,True
216,47331.0,228514.0,181183.0,1.2612331178973746,0.5509259259259259,219.125,1920.2857142857142,-1867.8659793814434,29312.0,23404.0,0.29312,10,7,0.7,21.6,4.63033476111609,0.2143673500516708,10,0.1582683653419535,1.6147311681222707,133.76839703365658,1.6040158302773444,2012-01-12 11:30:00,2021-05-14 16:00:00,BO,5,,,,,,,4000,7500,,112,125417.0,341440.0,216023.0,1.5805724390458424,0.49107142857142855,1119.794642857143,6208.0,-3789.877192982456,24055.0,20693.0,0.24055,5,5,1.0,22.4,4.029888335921977,0.17990572928223114,17,0.06459251935543028,5.213760133028477,21.481617324605118,9.048470020941908,True,True,True,,,47.0,7.0,-1.0,38.0,4.0,3.0,-1.0,184.0,,,,,,,,,,2.0,0.0,,,,,,,,0.0,4.0,1.0,,,,,,,,,,,,,,,,,,,,3.0,3.0,635.6666666666666,1103.143673577884,30.0,279.9486607142857,True,True
183,62733.0,238971.0,176238.0,1.3559561502059714,0.6065573770491803,342.8032786885246,2152.891891891892,-2447.75,15074.0,13758.0,0.15074,10,6,0.6,18.3,4.69148164229596,0.256365117065353,11,0.06266239459295746,4.1616690991110525,43.97274161924346,3.4992112223470393,2012-01-12 12:00:00,2021-05-14 16:00:00,BO,5,,,,,,,4000,3000,,122,109722.0,254235.0,144513.0,1.7592534927653567,0.6967213114754098,899.360655737705,2991.0,-3905.7567567567567,19593.0,17243.0,0.19593,5,5,1.0,24.4,6.770524351924302,0.27748050622640585,15,0.0272598020451687,5.600061246363497,21.785476021217256,8.052354057830229,True,True,True,,,47.0,45.0,-1.0,38.0,4.0,3.0,-1.0,322.0,,,,,,,,,,10.0,0.0,,,,,,,,0.0,4.0,1.0,,,,,,,,,,,,,,,,,,,,3.0,3.0,227.8421052631579,883.3828004497915,38.0,224.84016393442624,True,True
240,67535.0,183113.0,115578.0,1.5843240062987767,0.5958333333333333,281.3958333333333,1280.5104895104896,-1191.5257731958764,11962.0,11100.0,0.11962,10,8,0.8,24.0,5.403702434442518,0.2251542681017716,11,0.05820685570444954,5.645795017555593,42.509513585548234,3.224446759184193,2012-01-12 12:00:00,2021-05-14 16:00:00,BO,5,,,,,,,4000,3000,,123,102873.0,231412.0,128539.0,1.8003251931320454,0.6666666666666666,836.3658536585366,2822.0975609756097,-3135.0975609756097,17320.0,13045.0,0.1732,5,5,1.0,24.6,6.590902821313632,0.2679228789151883,15,0.029074684319500745,5.939549653579677,20.70864075121752,7.964560153541541,True,True,True,,,47.0,45.0,-1.0,38.0,4.0,3.0,-1.0,92.0,,,,,,,,,,10.0,0.0,,,,,,,,0.0,4.0,1.0,,,,,,,,,,,,,,,,,,,,3.0,3.0,429.0263157894737,824.0538069981154,38.0,209.09146341463415,True,True
263,62813.0,190210.0,127397.0,1.4930492868748872,0.5893536121673004,238.83269961977186,1227.1612903225807,-1179.601851851852,12208.0,11020.0,0.12208,10,8,0.8,26.3,6.3568860301251275,0.24170669316065124,11,0.06321939725852929,5.1452326343381385,51.11527868434878,2.709012283992088,2012-01-12 11:30:00,2021-05-14 16:00:00,BO,5,,,,,,,4000,3000,,125,104000.0,235828.0,131828.0,1.7889067572898019,0.664,832.0,2841.3012048192772,-3138.7619047619046,18432.0,15501.0,0.18432,5,5,1.0,25.0,5.0990195135927845,0.2039607805437114,18,0.028759615384615383,5.642361111111111,22.153846153846153,7.680270963283731,True,True,True,,,47.0,7.0,-1.0,38.0,4.0,3.0,-1.0,92.0,,,,,,,,,,2.0,0.0,,,,,,,,0.0,4.0,1.0,,,,,,,,,,,,,,,,,,,,3.0,3.0,325.1666666666667,808.9896994258697,36.0,208.0,True,True
261,50431.0,193182.0,142751.0,1.3532794866585873,0.5632183908045977,193.22222222222223,1314.1632653061224,-1252.201754385965,20161.0,15207.0,0.20161,10,8,0.8,26.1,6.640030120413611,0.2544072843070349,10,0.14853958874501794,2.501413620356133,104.34100057504313,1.7054558643084095,2012-01-12 11:30:00,2021-05-14 16:00:00,BO,5,,,,,,,4000,7500,,121,122811.0,299798.0,176987.0,1.693898421917994,0.5206611570247934,1014.9669421487604,4758.6984126984125,-3051.5,28306.0,25194.0,0.28306,5,5,1.0,24.2,4.791659420284375,0.19800245538365188,18,0.06596314662367378,4.33869144351021,27.888593041339945,7.5605274262006255,True,True,True,,,47.0,7.0,-1.0,38.0,4.0,3.0,-1.0,92.0,,,,,,,,,,2.0,0.0,,,,,,,,0.0,4.0,1.0,,,,,,,,,,,,,,,,,,,,3.0,3.0,658.5,1002.0602836879433,34.0,253.7417355371901,True,True
261,62646.0,158795.0,96149.0,1.6515512381824045,0.6130268199233716,240.02298850574712,992.46875,-951.9702970297029,9598.0,8002.0,0.09598,10,8,0.8,26.1,6.236184731067546,0.238934280883814,11,0.03976311336717428,6.526984788497604,39.98783641413658,3.0704491754794203,2012-01-12 12:00:00,2021-05-13 10:30:00,BO,5,,,,,,,4000,2500,,126,87286.0,194479.0,107193.0,1.8142882464340022,0.6666666666666666,692.7460317460317,2315.2261904761904,-2552.214285714286,15708.0,13003.0,0.15708,5,5,1.0,25.2,6.794115100585212,0.2696077420867148,15,0.028538368123181265,5.556786350903998,22.6749765139885,6.927125364012813,True,True,True,,,47.0,45.0,-1.0,38.0,4.0,3.0,-1.0,48.0,,,,,,,,,,10.0,0.0,,,,,,,,0.0,4.0,1.0,,,,,,,,,,,,,,,,,,,,3.0,3.0,22.41025641025641,668.627414575089,39.0,173.18650793650792,True,True
261,55396.0,194138.0,138742.0,1.399273471623589,0.5670498084291188,212.24521072796935,1311.7432432432433,-1227.8053097345132,18730.0,15205.0,0.1873,10,8,0.8,26.1,6.640030120413611,0.2544072843070349,10,0.10814860278720485,2.957608115323011,88.24698534190195,1.9436070135177503,2012-01-12 11:30:00,2021-05-14 16:00:00,BO,5,,,,,,,4000,6000,,124,112894.0,295145.0,182251.0,1.6194424173255566,0.5241935483870968,910.4354838709677,4540.692307692308,-3089.0,27290.0,20044.0,0.2729,5,5,1.0,24.8,4.874423042781576,0.19654931624119257,18,0.053067479228302655,4.136826676438256,29.974666501319824,6.906958633605566,True,True,True,,,47.0,7.0,-1.0,38.0,4.0,3.0,-1.0,92.0,,,,,,,,,,2.0,0.0,,,,,,,,0.0,4.0,1.0,,,,,,,,,,,,,,,,,,,,3.0,3.0,465.14285714285717,879.418270854441,35.0,227.60887096774192,True,True
195,58075.0,245321.0,187246.0,1.3101534879249757,0.5948717948717949,297.8205128205128,2114.8362068965516,-2370.2025316455697,21611.0,21012.0,0.21611,10,7,0.7,19.5,4.695742752749559,0.24080732065382351,11,0.06837709857942316,2.6872888806626256,72.5638398622471,2.538964464003966,2012-01-12 11:30:00,2021-05-14 16:00:00,BO,5,,,,,,,4000,3000,,124,108744.0,257226.0,148482.0,1.7323716005980523,0.6935483870967742,876.9677419354839,2991.0,-3907.4210526315787,25535.0,23225.0,0.25535,5,5,1.0,24.8,5.3065996645686395,0.21397579292615482,18,0.027504965791216068,4.258625416095555,29.11737659089237,6.8778885566720716,True,True,True,,,47.0,7.0,-1.0,38.0,4.0,3.0,-1.0,322.0,,,,,,,,,,2.0,0.0,,,,,,,,0.0,4.0,1.0,,,,,,,,,,,,,,,,,,,,3.0,3.0,74.33333333333333,842.9293086547887,36.0,219.24193548387098,True,True
192,61652.0,205358.0,143706.0,1.4290147940934965,0.6666666666666666,321.1041666666667,1604.359375,-2245.40625,18590.0,16475.0,0.1859,10,7,0.7,19.2,5.055689863905815,0.2633171804117612,11,0.03229416726140271,3.316406670252824,57.89398559657432,2.9515197465568797,2012-01-12 12:00:00,2021-05-12 22:00:00,BO,5,,,,,,,4000,2000,,125,78695.0,191136.0,112441.0,1.6998781583230316,0.768,629.56,1991.0,-3877.2758620689656,13951.0,10090.0,0.13951,5,4,0.8,25.0,6.957010852370434,0.27828043409481734,15,0.025300209670245887,5.64081427854634,22.1599212148167,6.679960652525502,True,True,True,,,47.0,45.0,-1.0,38.0,4.0,3.0,-1.0,322.0,,,,,,,,,,10.0,0.0,,,,,,,,0.0,4.0,1.0,,,,,,,,,,,,,,,,,,,,3.0,3.0,144.84615384615384,614.5301132975552,39.0,157.39,True,True
263,39893.0,112208.0,72315.0,1.5516559496646616,0.5817490494296578,151.68441064638785,733.3856209150326,-657.4090909090909,11689.0,9609.0,0.11689,10,6,0.6,26.3,6.372597586541928,0.24230409074303907,11,0.0985385907302033,3.412866797844127,77.06131401499009,1.758294898971046,2012-01-12 12:00:00,2021-05-13 06:00:00,BO,5,,,,,,,4000,3000,,127,80202.0,173238.0,93036.0,1.8620533986843801,0.6535433070866141,631.511811023622,2087.2048192771085,-2114.4545454545455,15074.0,13598.0,0.15074,5,5,1.0,25.4,7.059745037889116,0.27794271802713055,15,0.03729333433081469,5.320551943744196,23.86970399740655,6.446242943278285,True,True,True,,,47.0,45.0,-1.0,38.0,4.0,3.0,-1.0,24.0,,,,,,,,,,10.0,0.0,,,,,,,,0.0,4.0,1.0,,,,,,,,,,,,,,,,,,,,3.0,3.0,67.25,616.5118040873855,40.0,157.8779527559055,True,True
246,78081.0,161070.0,82989.0,1.9408596319994216,0.6504065040650406,317.4024390243902,1006.6875,-964.9883720930233,8827.0,6973.0,0.08827,10,8,0.8,24.6,5.9363288318623315,0.24131418015700534,11,0.024090367695085872,8.845700691061516,27.810120259730283,4.233924831790313,2012-01-12 12:00:00,2021-05-12 18:30:00,BO,5,,,,,,,4000,1500,,127,72777.0,150947.0,78170.0,1.9310093386209544,0.8031496062992126,573.0472440944882,1479.8725490196077,-3126.8,13456.0,11099.0,0.13456,5,4,0.8,25.4,7.059745037889116,0.27794271802713055,15,0.025296453549885266,5.408516646848989,23.481484534949228,6.191157979251386,True,True,True,,,47.0,45.0,-1.0,38.0,4.0,3.0,-1.0,92.0,,,,,,,,,,10.0,0.0,,,,,,,,0.0,4.0,1.0,,,,,,,,,,,,,,,,,,,,3.0,3.0,425.125,568.6258809020436,40.0,143.26181102362204,True,True
175,51070.0,251551.0,200481.0,1.2547373566572393,0.5485714285714286,291.8285714285714,2620.3229166666665,-2537.73417721519,26105.0,20045.0,0.26105,10,6,0.6,17.5,4.2485291572496005,0.24277309469997718,10,0.09772860779322498,1.956330204941582,89.45320148815351,2.2636298246000464,2012-01-12 12:00:00,2021-05-14 16:00:00,BO,5,,,,,,,4000,5000,,116,97886.0,306543.0,208657.0,1.4691239690017588,0.5431034482758621,843.8448275862069,4865.761904761905,-3936.9245283018868,29366.0,22171.0,0.29366,5,5,1.0,23.2,6.04648658313239,0.26062442168674094,15,0.05098788386490407,3.3333106313423686,34.800237010399854,6.171342396097196,True,True,True,,,47.0,45.0,-1.0,38.0,4.0,3.0,-1.0,322.0,,,,,,,,,,10.0,0.0,,,,,,,,0.0,4.0,1.0,,,,,,,,,,,,,,,,,,,,3.0,3.0,427.57142857142856,826.6965737514516,35.0,210.96120689655172,True,True
189,90109.0,240168.0,150059.0,1.600490473746993,0.6507936507936508,476.76719576719574,1952.5853658536585,-2273.621212121212,15074.0,12838.0,0.15074,10,7,0.7,18.9,5.048762224545735,0.2671302764309913,11,0.027644297461962734,5.977776303569059,31.61710816899533,4.866666177342329,2012-01-12 12:00:00,2021-05-13 10:30:00,BO,5,,,,,,,4000,2500,,124,98204.0,226681.0,128477.0,1.7643702763918834,0.7338709677419355,791.9677419354839,2491.0,-3893.242424242424,26093.0,23743.0,0.26093,5,5,1.0,24.8,7.138627319029899,0.2878478757673346,15,0.025365565557411103,3.7636147625800023,32.94704900004073,6.1444771329892856,True,True,True,,,47.0,45.0,-1.0,38.0,4.0,3.0,-1.0,322.0,,,,,,,,,,10.0,0.0,,,,,,,,0.0,4.0,1.0,,,,,,,,,,,,,,,,,,,,3.0,2.0,-175.66666666666666,766.2417866371355,39.0,197.99193548387098,True,True
164,79704.0,270767.0,191063.0,1.4171608317675322,0.5304878048780488,486.0,3112.264367816092,-2481.3376623376626,26105.0,20045.0,0.26105,10,9,0.9,16.4,4.903060268852505,0.2989670895641771,10,0.0628073873331326,3.0532081976632828,53.71399176954733,3.7697614368951227,2012-01-12 11:30:00,2021-05-14 16:00:00,BO,5,,,,,,,4000,5000,,116,91321.0,307807.0,216486.0,1.4218332825217335,0.5344827586206896,787.25,4964.629032258064,-4009.0,25965.0,24297.0,0.25965,5,4,0.8,23.2,5.114684741017769,0.2204605491818004,16,0.0546533656004643,3.5170806855382244,32.981899015560494,6.122911085424389,True,True,True,,,47.0,7.0,-1.0,38.0,4.0,3.0,-1.0,460.0,,,,,,,,,,2.0,0.0,,,,,,,,0.0,4.0,1.0,,,,,,,,,,,,,,,,,,,,3.0,3.0,354.6363636363636,780.3261562998405,33.0,196.8125,True,True
289,53364.0,169969.0,116605.0,1.4576476137386905,0.5674740484429066,184.65051903114187,1036.3963414634147,-932.84,12148.0,7519.0,0.12148,10,7,0.7,28.9,7.7517739905133975,0.2682274737201868,11,0.07478824675811409,4.392821863681265,65.78914624091148,2.0996049505451846,2012-01-12 11:30:00,2021-05-13 18:00:00,BO,5,,,,,,,4000,4000,,126,78006.0,219779.0,141773.0,1.550217601376849,0.5873015873015873,619.0952380952381,2969.9864864864867,-2726.403846153846,18891.0,14789.0,0.18891,5,5,1.0,25.2,5.192301994298868,0.20604372993249476,18,0.05116273107196882,4.129267905351755,30.51388354741943,5.6450713634124225,True,True,True,,,47.0,7.0,-1.0,38.0,4.0,3.0,-1.0,48.0,,,,,,,,,,2.0,0.0,,,,,,,,0.0,4.0,1.0,,,,,,,,,,,,,,,,,,,,3.0,3.0,175.30555555555554,595.7957327688896,36.0,154.77380952380952,True,True
579,45309.0,263215.0,217906.0,1.2079291070461575,0.24179620034542315,78.25388601036269,1880.107142857143,-496.36902050113895,22685.0,21586.0,0.22685,10,7,0.7,57.9,15.423683088030561,0.26638485471555373,19,0.23661965613895694,1.9973109984571302,289.88975700192015,0.651142388961942,2012-01-13 02:00:00,2021-05-11 14:30:00,TF_M,5,,,,,,,500,10000,,201,115156.0,204740.0,89584.0,2.285452759421325,0.12437810945273632,572.9154228855722,8189.6,-509.0,16390.0,10689.0,0.1639,5,5,1.0,40.2,19.394844675841053,0.4824588227821157,14,0.08676056827260412,7.0259914582062235,28.608062107054774,5.608419411763961,True,True,True,,,54.0,33.0,-48.0,17.0,14.0,4.0,-1.0,184.0,,,,,,,,,,,0.0,,,,,,,,,,,,,,,,,,,,,,,,,,,,,,3.0,3.0,493.910447761194,575.5858391194212,56.0,143.22885572139305,True,True
238,63548.0,190632.0,127084.0,1.50004721286708,0.5756302521008403,267.00840336134456,1391.4744525547446,-1258.2574257425742,14291.0,11244.0,0.14291,10,8,0.8,23.8,5.653317610041028,0.23753435336306838,10,0.0785390570907031,4.4467147155552444,53.52266003650783,2.7991944421871082,2012-01-12 12:00:00,2021-05-14 16:00:00,BO,5,,,,,,,4000,5000,,122,82467.0,257225.0,174758.0,1.4718925599972534,0.5327868852459017,675.9590163934427,3957.3076923076924,-3065.9298245614036,23034.0,21164.0,0.23034,5,5,1.0,24.4,6.343500610861482,0.259979533232028,15,0.06052117816823699,3.5802292263610314,34.07603041216486,5.5818110496009155,True,True,True,,,47.0,45.0,-1.0,38.0,4.0,3.0,-1.0,92.0,,,,,,,,,,10.0,0.0,,,,,,,,0.0,4.0,1.0,,,,,,,,,,,,,,,,,,,,3.0,3.0,446.81081081081084,666.3468668003552,37.0,168.98975409836066,True,True
203,64548.0,214588.0,150040.0,1.4302052785923753,0.6551724137931034,317.9704433497537,1613.4436090225563,-2143.4285714285716,21687.0,21199.0,0.21687,10,7,0.7,20.3,4.859012245302536,0.23936020912820374,11,0.030845262440354466,2.9763452759717803,68.20445250046477,2.7059916968628674,2012-01-12 11:30:00,2021-05-12 22:00:00,BO,5,,,,,,,4000,2000,,127,70717.0,191136.0,120419.0,1.5872578247618732,0.7559055118110236,556.8267716535433,1991.0,-3884.483870967742,15969.0,12135.0,0.15969,5,4,0.8,25.4,5.4258639865002145,0.21361669238189823,18,0.02815447487874203,4.428392510489073,28.67857799397599,5.522308875366949,True,True,True,,,47.0,7.0,-1.0,38.0,4.0,3.0,-1.0,322.0,,,,,,,,,,2.0,0.0,,,,,,,,0.0,4.0,1.0,,,,,,,,,,,,,,,,,,,,3.0,3.0,207.21621621621622,539.638128479791,37.0,139.20669291338584,True,True
453,46278.0,239002.0,192724.0,1.2401257757207198,0.15894039735099338,102.15894039735099,3319.472222222222,-505.83727034120733,28375.0,27266.0,0.28375,10,6,0.6,45.3,10.798611021793496,0.23837993425592707,19,0.23166515406888802,1.630942731277533,277.75346817062103,0.7600600249892937,2012-01-13 02:00:00,2021-05-11 14:30:00,TF_M,5,,,,,,,500,10000,,195,128300.0,216357.0,88057.0,2.457010799822842,0.11282051282051282,657.9487179487179,9834.40909090909,-509.0,22405.0,14252.0,0.22405,5,5,1.0,39.0,18.676188047886004,0.47887661661246167,14,0.07787217459080281,5.726400357063156,34.052805923616525,5.508825527668145,True,True,True,,,54.0,33.0,-48.0,17.0,14.0,4.0,-1.0,460.0,,,,,,,,,,,0.0,,,,,,,,,,,,,,,,,,,,,,,,,,,,,,3.0,3.0,431.2985074626866,665.0303200976251,53.0,164.48717948717947,True,True
217,76472.0,279496.0,203024.0,1.3766648278036093,0.25806451612903225,352.40552995391704,4991.0,-1261.0186335403728,19284.0,13939.0,0.19284,10,8,0.8,21.7,8.922443611477744,0.41117251665796056,9,0.06526571817135683,3.965567309686787,54.72104822680197,3.1804135884042966,2012-01-13 02:00:00,2021-05-10 16:00:00,TF_M,5,,,,,,,1250,5000,,196,115736.0,289478.0,173742.0,1.666137145882976,0.29591836734693877,590.4897959183673,4991.0,-1259.0,18320.0,15153.0,0.1832,5,5,1.0,39.2,19.3225257148231,0.49292157435773215,14,0.04312400635930048,6.317467248908297,31.025091587751433,5.467503999682356,True,True,True,,,54.0,33.0,-48.0,17.0,14.0,4.0,-1.0,0.0,,,,,,,,,,,0.0,,,,,,,,,,,,,,,,,,,,,,,,,,,,,,3.0,3.0,343.56410256410254,638.758636039886,54.0,147.62244897959184,True,True
233,36108.0,71325.0,35217.0,2.0253002811142347,0.38626609442060084,154.96995708154506,792.5,-246.27272727272728,4789.0,2793.0,0.04789,10,7,0.7,23.3,11.506954418958998,0.4938607046763518,12,0.11052952254348067,7.5397786594278555,30.90276393043093,2.8064967344210565,2012-01-10 15:00:00,2021-05-12 17:30:00,TF_M,5,,,,,,,250,4000,,171,57321.0,92545.0,35224.0,2.6273279582103113,0.2046783625730994,335.2105263157895,2644.1428571428573,-259.0,6123.0,5439.0,0.06123,5,5,1.0,34.2,12.172099243762352,0.3559093346129342,18,0.0696254426824375,9.361587457128858,18.26613283089967,5.368772054101955,True,True,True,,,47.0,24.0,50.0,-36.0,9.0,19.0,-1.0,12.0,,,,,,,,,,,0.0,,,,,,,,,,,,,,,,,,,,,,,,,,,,,,3.0,2.0,-9.784313725490197,317.96078431372547,51.0,83.80263157894737,True,True
214,49574.0,99820.0,50246.0,1.9866258010587907,0.09345794392523364,231.65420560747663,4991.0,-259.0,9918.0,6335.0,0.09918,10,7,0.7,21.4,4.7791212581394085,0.22332342327754245,11,0.10067777463993222,4.998386771526517,42.813813692661476,2.915194823305067,2012-02-01 11:00:00,2021-05-04 16:00:00,BO,5,,,,,,,250,5000,,109,40019.0,64883.0,24864.0,2.609515765765766,0.11926605504587157,367.1467889908257,4991.0,-259.0,7521.0,4921.0,0.07521,5,4,0.8,21.8,8.133879763065101,0.37311375059931656,9,0.12471576001399336,5.320967956388778,20.484994627551913,5.305684080098563,True,True,True,,,12.0,33.0,-1.0,5.0,1.0,21.0,-1.0,0.0,,,,,,,,,,0.0,0.0,,,,,,,,0.0,4.0,0.0,,,,,,,,,,,,,,,,,,,,3.0,3.0,308.56756756756755,379.0528255528255,28.0,91.78669724770643,True,True
180,23730.0,215154.0,191424.0,1.1239656469408226,0.5222222222222223,131.83333333333334,2288.872340425532,-2225.860465116279,22539.0,19934.0,0.22539,10,5,0.5,18.0,4.669047011971501,0.2593915006650834,10,0.16818373367045933,1.0528417409822974,170.96586599241465,1.1005185272692897,2012-01-12 12:00:00,2021-05-13 16:30:00,BO,5,,,,,,,3000,4000,,121,72986.0,247508.0,174522.0,1.4182051546509895,0.5206611570247934,603.1900826446281,3928.6984126984125,-3009.0,20357.0,15171.0,0.20357,5,4,0.8,24.2,6.11228271597445,0.25257366594935743,15,0.05468171978187598,3.5853023529989683,33.74889704874908,5.298302511602071,True,True,True,,,47.0,45.0,-1.0,38.0,4.0,3.0,-1.0,322.0,,,,,,,,,,10.0,0.0,,,,,,,,0.0,4.0,1.0,,,,,,,,,,,,,,,,,,,,3.0,3.0,84.02325581395348,606.0355297157623,36.0,150.79752066115702,True,True
289,57684.0,154704.0,97020.0,1.5945578231292517,0.6020761245674741,199.59861591695503,889.1034482758621,-843.6521739130435,8644.0,6160.0,0.08644,10,7,0.7,28.9,7.7517739905133975,0.2682274737201868,11,0.034515636918382914,6.673299398426654,43.30691352888149,2.6905408688713295,2012-01-12 11:30:00,2021-05-12 22:00:00,BO,5,,,,,,,4000,2000,,128,61213.0,168383.0,107170.0,1.5711766352524028,0.6875,478.2265625,1913.4431818181818,-2679.25,12827.0,11664.0,0.12827,5,4,0.8,25.6,5.238320341483518,0.2046218883391999,18,0.03497623053926453,4.772199267170811,26.822014931468807,5.2918873957073735,True,True,True,,,47.0,7.0,-1.0,38.0,4.0,3.0,-1.0,48.0,,,,,,,,,,2.0,0.0,,,,,,,,0.0,4.0,1.0,,,,,,,,,,,,,,,,,,,,3.0,3.0,270.05405405405406,467.8228213706937,37.0,119.556640625,True,True
507,36692.0,242870.0,206178.0,1.1779627312322363,0.19723865877712032,72.37080867850099,2428.7,-506.57985257985257,23832.0,22613.0,0.23832,10,5,0.5,50.7,11.916794871105234,0.23504526372988624,19,0.20415894472909626,1.5396106075864384,329.30404447836037,0.5875199623829972,2012-01-13 02:00:00,2021-05-10 16:00:00,TF_M,5,,,,,,,500,7500,,205,102465.0,193576.0,91111.0,2.1246172251429574,0.12682926829268293,499.8292682926829,7445.2307692307695,-509.0,15004.0,11198.0,0.15004,5,5,1.0,41.0,20.019990009987517,0.4882924392679882,14,0.07310789049919485,6.8291788856304985,30.018250134192165,5.1139632476915855,True,True,True,,,54.0,33.0,-48.0,17.0,14.0,4.0,-1.0,322.0,,,,,,,,,,,0.0,,,,,,,,,,,,,,,,,,,,,,,,,,,,,,3.0,3.0,402.39240506329116,518.0697795672451,57.0,124.95731707317073,True,True
295,35150.0,115257.0,80107.0,1.438788120888312,0.5661016949152542,119.15254237288136,690.1616766467066,-625.8359375,13464.0,9129.0,0.13464,10,6,0.6,29.5,8.114801291467339,0.2750780098802488,11,0.11297297297297297,2.610665478312537,112.99800853485064,1.2869323229424432,2012-01-12 11:30:00,2021-05-13 06:00:00,BO,5,,,,,,,4000,3000,,129,67919.0,171482.0,103563.0,1.6558230255979451,0.6356589147286822,526.5038759689922,2091.243902439024,-2203.468085106383,17845.0,16429.0,0.17845,5,5,1.0,25.8,5.491812087098393,0.21286093360846484,18,0.044037750850277536,3.806052115438498,33.89338771183321,4.939497199246229,True,True,True,,,47.0,7.0,-1.0,38.0,4.0,3.0,-1.0,24.0,,,,,,,,,,2.0,0.0,,,,,,,,0.0,4.0,1.0,,,,,,,,,,,,,,,,,,,,3.0,3.0,8.763157894736842,498.0856238759375,38.0,131.62596899224806,True,True
225,114975.0,284487.0,169512.0,1.678270564915758,0.25333333333333335,511.0,4991.0,-1009.0,17121.0,12216.0,0.17121,10,9,0.9,22.5,10.032447358446493,0.4458865492642886,10,0.043409436834094366,6.71543718240757,33.504892367906066,4.8943585706854895,2012-01-13 02:00:00,2021-05-10 16:00:00,TF_M,5,,,,,,,1000,5000,,201,91166.0,244559.0,153393.0,1.5943295978304095,0.24378109452736318,453.5621890547264,4991.0,-1009.1644736842105,14592.0,12162.0,0.14592,5,5,1.0,40.2,20.023985617254123,0.4981090949565702,14,0.0547462869929579,6.247669956140351,32.17199394511111,4.705641953635346,True,True,True,,,54.0,33.0,-48.0,17.0,14.0,4.0,-1.0,0.0,,,,,,,,,,,0.0,,,,,,,,,,,,,,,,,,,,,,,,,,,,,,3.0,3.0,191.0,495.26739926739924,56.0,113.3905472636816,True,True
155,72520.0,244118.0,171598.0,1.422615648201028,0.632258064516129,467.8709677419355,2491.0,-3010.4912280701756,15119.0,12554.0,0.15119,10,7,0.7,15.5,6.800735254367722,0.4387571131850143,8,0.03434914506343078,4.7966135326410475,32.31446497517926,4.768744020230529,2012-01-12 12:00:00,2021-05-13 10:30:00,BO,5,,,,,,,3000,2500,,125,74875.0,204262.0,129387.0,1.5786902857319514,0.656,599.0,2491.0,-3009.0,25459.0,22099.0,0.25459,5,5,1.0,25.0,6.957010852370434,0.27828043409481734,15,0.033268781302170286,2.9410031815860798,42.502504173622704,4.704848017772843,True,True,True,,,47.0,45.0,-1.0,38.0,4.0,3.0,-1.0,0.0,,,,,,,,,,10.0,0.0,,,,,,,,0.0,4.0,1.0,,,,,,,,,,,,,,,,,,,,3.0,2.0,-47.46153846153846,578.9546809779367,39.0,149.75,True,True
541,59511.0,188747.0,129236.0,1.4604831471107123,0.4195933456561922,110.00184842883549,831.4845814977973,-411.5796178343949,12653.0,11868.0,0.12653,10,9,0.9,54.1,14.01748907615055,0.25910331009520426,19,0.1006704642839139,4.703311467636134,115.0253398531364,1.225582852250661,2012-01-11 11:00:00,2021-05-12 13:00:00,MAC,5,5.0,40.0,2.0,2.0,0.5,1.0,3000,6000,2000.0,191,80021.0,186040.0,106019.0,1.7547798036201059,0.418848167539267,418.9581151832461,2325.5,-955.1261261261261,12617.0,11457.0,0.12617,5,4,0.8,38.2,15.315351775261318,0.4009254391429664,20,0.0748678471901126,6.342315922961085,30.115182264655527,4.674465970654611,True,True,True,,,,,,,,,,,,,,,,,,,,,,,,,,,,,,,,,,,,,,,,,,,,,,,,,,,3.0,3.0,62.886792452830186,389.0063295382924,53.0,104.73952879581152,True,True
260,47435.0,330583.0,283148.0,1.1675272295760522,0.47307692307692306,182.44230769230768,2687.6666666666665,-2066.7737226277372,27450.0,25487.0,0.2745,10,6,0.6,26.0,5.385164807134504,0.20712172335132706,16,0.09478233371982714,1.7280510018214936,150.45852218825763,1.3800468480896915,2012-01-13 02:00:00,2021-05-10 17:00:00,TF_M,5,,,,,,,2500,4500,,180,100970.0,354789.0,253819.0,1.397803158943972,0.4388888888888889,560.9444444444445,4491.0,-2513.059405940594,24766.0,22581.0,0.24766,5,5,1.0,36.0,17.26267650163207,0.4795187917120019,14,0.044478557987521046,4.07696034886538,44.15053976428642,4.467158518738931,True,True,True,,,54.0,33.0,-48.0,17.0,14.0,4.0,-1.0,460.0,,,,,,,,,,,0.0,,,,,,,,,,,,,,,,,,,,,,,,,,,,,,3.0,3.0,74.42465753424658,644.2790289709259,48.0,140.23611111111111,True,True
230,93145.0,291343.0,198198.0,1.4699593335956973,0.3173913043478261,404.9782608695652,3991.0,-1262.407643312102,14217.0,12865.0,0.14217,10,8,0.8,23.0,10.295630140987,0.44763609308639135,11,0.04284717376133985,6.5516635014419355,35.10558806162435,4.256642494180073,2012-01-13 02:00:00,2021-05-10 20:30:00,TF_M,5,,,,,,,1250,4000,,200,89450.0,259415.0,169965.0,1.526284823345983,0.325,447.25,3991.0,-1259.0,16162.0,11331.0,0.16162,5,4,0.8,40.0,20.02997753368685,0.5007494383421712,14,0.04461710452766909,5.5345873035515405,36.13638904415875,4.4090217882635265,True,True,True,,,54.0,33.0,-48.0,17.0,14.0,4.0,-1.0,0.0,,,,,,,,,,,0.0,,,,,,,,,,,,,,,,,,,,,,,,,,,,,,3.0,3.0,207.91176470588235,491.3665996313055,54.0,111.8125,True,True
663,56343.0,309977.0,253634.0,1.2221429303642257,0.4177978883861237,84.98190045248869,1119.0505415162454,-657.0829015544041,15043.0,11491.0,0.15043,10,8,0.8,66.3,19.349676999888135,0.29185033182335046,19,0.17732460110395257,3.7454630060493255,177.0141632500932,0.8683576971272882,2012-01-13 02:00:00,2021-05-10 16:00:00,TF_M,5,,,,,,,750,10000,,206,95306.0,220235.0,124929.0,1.7628813165878219,0.1941747572815534,462.6504854368932,5505.875,-752.5843373493976,17599.0,11254.0,0.17599,5,5,1.0,41.2,20.468512403201167,0.4968085534757565,13,0.10483075567120644,5.41542133075743,38.03951482592912,4.370674593753367,True,True,True,,,54.0,33.0,-48.0,17.0,14.0,4.0,-1.0,92.0,,,,,,,,,,,0.0,,,,,,,,,,,,,,,,,,,,,,,,,,,,,,3.0,3.0,258.3728813559322,449.62510043708534,59.0,115.6626213592233,True,True
216,60066.0,198601.0,138535.0,1.43357996174252,0.6990740740740741,278.0833333333333,1315.2384105960266,-2131.3076923076924,21995.0,20364.0,0.21995,10,7,0.7,21.6,5.332916650389353,0.24689428936987745,11,0.03198148703093264,2.7308933848601953,79.09499550494456,2.3499164661692618,2012-01-12 11:30:00,2021-05-12 18:30:00,BO,5,,,,,,,4000,1500,,128,57208.0,153573.0,96365.0,1.5936595236859856,0.8046875,446.9375,1491.0,-3854.6,17469.0,16135.0,0.17469,5,4,0.8,25.6,5.6780278266313555,0.2217979619777873,18,0.026062788421199832,3.274829698322743,39.08600195776815,4.237914786760337,True,True,True,,,47.0,7.0,-1.0,38.0,4.0,3.0,-1.0,322.0,,,,,,,,,,2.0,0.0,,,,,,,,0.0,4.0,1.0,,,,,,,,,,,,,,,,,,,,3.0,3.0,188.3684210526316,437.19851211403073,38.0,111.734375,True,True
225,31485.0,211946.0,180461.0,1.1744698300463812,0.5377777777777778,139.93333333333334,1751.6198347107438,-1735.201923076923,20822.0,18642.0,0.20822,10,7,0.7,22.5,4.924428900898052,0.21886350670658009,11,0.1267587740193743,1.5121025838055902,148.79942829919008,1.2153445153678986,2012-01-12 11:30:00,2021-05-13 17:00:00,BO,5,,,,,,,3000,4000,,123,61973.0,243867.0,181894.0,1.340709424170121,0.5040650406504065,503.8455284552846,3933.3387096774195,-2981.8688524590166,23107.0,18117.0,0.23107,5,4,0.8,24.6,4.673328578219169,0.18997270643167352,18,0.0643990124731738,2.6820011252001557,45.86127829861391,4.1539864295953794,True,True,True,,,47.0,7.0,-1.0,38.0,4.0,3.0,-1.0,184.0,,,,,,,,,,2.0,0.0,,,,,,,,0.0,4.0,1.0,,,,,,,,,,,,,,,,,,,,3.0,2.0,-30.27659574468085,523.6743747144247,34.0,125.96138211382114,True,True
278,176308.0,307036.0,130728.0,2.348662872529221,0.4172661870503597,634.2014388489208,2646.862068965517,-806.9629629629629,14068.0,11427.0,0.14068,10,9,0.9,27.8,14.084033513166604,0.5066199105455613,7,0.056667876670372305,12.532556155814614,22.182226558068837,6.7011677563890375,2012-01-11 20:00:00,2021-05-07 16:00:00,PC,8,,,,,,1.0,2500,10000,2000.0,279,151529.0,334061.0,182532.0,1.8301503298051849,0.37992831541218636,543.1146953405018,3151.5188679245284,-1055.0982658959538,27120.0,19166.0,0.2712,5,4,0.8,55.8,19.742340286804904,0.35380538148395885,32,0.06593457357997479,5.587352507374631,49.93420401375314,4.133197502266419,True,True,True,,,55.0,8.0,-48.0,16.0,14.0,4.0,-1.0,0.0,,,,,,,,,50.0,0.0,0.0,0.0,1000.0,,,,,,,,,,,,,,,,,,,,,,,,,,,,3.0,3.0,376.7792207792208,540.5212914148558,77.0,135.77867383512546,True,True
144,97104.0,153059.0,55955.0,2.735394513448307,0.4097222222222222,674.3333333333334,2594.2203389830506,-658.2941176470588,8102.0,5938.0,0.08102,10,10,1.0,14.4,6.514598989960932,0.45240270763617585,6,0.07662918108419839,11.98518884226117,12.014829461196243,9.388970091231096,2012-01-11 20:00:00,2021-04-29 16:00:00,PC,7,,,,,,1.0,2500,10000,2000.0,123,47118.0,114621.0,67503.0,1.6980134216257055,0.37398373983739835,383.0731707317073,2491.7608695652175,-876.6623376623377,13951.0,10599.0,0.13951,5,4,0.8,24.6,12.142487389328432,0.49359704834668416,10,0.15176790186340677,3.3773923016271237,36.41862982299758,4.064606562561137,True,True,True,,,22.0,8.0,-48.0,16.0,14.0,4.0,-1.0,0.0,,,,,,,,,50.0,0.0,0.0,0.0,1000.0,,,,,,,,,,,,,,,,,,,,,,,,,,,,3.0,3.0,63.22222222222222,361.23809523809524,36.0,95.76829268292683,True,True
440,74100.0,307442.0,233342.0,1.3175596334993271,0.28863636363636364,168.4090909090909,2420.803149606299,-745.5015974440895,23563.0,21374.0,0.23563,10,7,0.7,44.0,9.2951600308978,0.21125363706585912,19,0.0808502024291498,3.1447608538810847,139.9152496626181,1.3749588060742914,2012-01-13 02:00:00,2021-05-10 16:00:00,TF_M,5,,,,,,,750,6000,,203,85083.0,211836.0,126753.0,1.6712503846062816,0.17733990147783252,419.128078817734,5884.333333333333,-759.0,17008.0,11385.0,0.17008,5,5,1.0,40.6,19.985995096566995,0.4922658890780048,14,0.07041359613553824,5.00252822201317,40.57948121246312,4.027722861285791,True,True,True,,,54.0,33.0,-48.0,17.0,14.0,4.0,-1.0,322.0,,,,,,,,,,,0.0,,,,,,,,,,,,,,,,,,,,,,,,,,,,,,3.0,3.0,324.2307692307692,425.17633828160143,57.0,104.7820197044335,True,True
221,40258.49999999994,77941.99999999996,37683.500000000015,2.0683322939748146,0.5113122171945701,182.16515837104046,689.7522123893801,-348.9212962962964,4387.500000000007,2880.999999999971,0.043875000000000074,10,8,0.8,22.1,6.6550732527899354,0.30113453632533643,12,0.15924587354223355,9.175726495726467,24.08528633704691,3.4466421747401013,2012-01-24 23:00:00,2021-05-06 11:30:00,VBO,7,,,,,,0.0,1750,10000,1000.0,134,38375.5000000002,87401.00000000012,49025.49999999991,1.7827661115134017,0.417910447761194,286.38432835821044,1560.732142857145,-628.5320512820501,8037.000000000029,6163.499999999971,0.08037000000000029,5,4,0.8,26.8,10.684568311354464,0.3986779220654651,6,0.21181482977420382,4.774853801169598,28.0636864666258,4.00351731787382,True,True,True,,,28.0,7.0,9.0,39.0,1.0,0.0,4.0,0.0,,,,,,,,,,,,,500.0,1.0,0.3,9.5,14.0,2.0,,,,,,,,,,,,,,,,,,,,,,,3.0,3.0,116.97222222222491,309.7213171818448,38.0,71.59608208955261,True,True
386,78246.0,172293.0,94047.0,1.8319882611885547,0.05958549222797927,202.7098445595855,7491.0,-259.08264462809916,15754.0,14504.0,0.15754,10,9,0.9,38.6,16.614451540752107,0.4304262057189665,13,0.09573652327275516,4.9667386060683,77.7169951179613,2.024038956312283,2012-01-13 02:00:00,2021-05-11 03:00:00,TF_M,5,,,,,,,250,7500,,209,77614.0,127347.0,49733.0,2.5606136770353687,0.08133971291866028,371.35885167464113,7491.0,-259.0260416666667,13570.0,9324.0,0.1357,5,5,1.0,41.8,20.65332902948094,0.4940987806095919,14,0.09651609245754632,5.719528371407517,36.54147447625429,3.995243957385137,True,True,True,,,54.0,33.0,-48.0,17.0,14.0,4.0,-1.0,0.0,,,,,,,,,,,0.0,,,,,,,,,,,,,,,,,,,,,,,,,,,,,,3.0,3.0,322.1875,375.7401752468836,58.0,92.83971291866028,True,True
187,56592.0,160826.0,104234.0,1.5429322485945085,0.8609625668449198,302.63101604278074,998.9192546583851,-4009.0,13607.0,12117.0,0.13607,10,6,0.6,18.7,6.181423784210237,0.3305574216155207,11,0.03323791348600509,4.159035790401999,44.96234450098954,3.251409651205505,2012-01-12 12:00:00,2021-05-12 18:00:00,BO,5,,,,,,,4000,1000,,127,50857.0,110992.0,60135.0,1.8457138105928328,0.8818897637795275,400.4488188976378,991.0,-4009.0,15951.0,9099.0,0.15951,5,4,0.8,25.4,7.059745037889116,0.27794271802713055,15,0.019486009792162338,3.188326750673939,39.8328057101284,3.973676486860606,True,True,True,,,47.0,45.0,-1.0,38.0,4.0,3.0,-1.0,0.0,,,,,,,,,,10.0,0.0,,,,,,,,0.0,4.0,1.0,,,,,,,,,,,,,,,,,,,,3.0,3.0,241.0,395.68639887244535,40.0,100.11220472440945,True,True
363,83313.0,339682.0,256369.0,1.324972988153794,0.39118457300275483,229.51239669421489,2392.1267605633802,-1160.0407239819006,24591.0,23139.0,0.24591,10,7,0.7,36.3,6.972087205421343,0.1920685180556844,16,0.07190954592920673,3.3879468098084664,107.14453926758128,1.834245660183225,2012-01-13 02:00:00,2021-05-10 16:00:00,TF_M,5,,,,,,,1250,6000,,190,90450.0,271746.0,181296.0,1.498907863383638,0.24210526315789474,476.05263157894734,5907.521739130435,-1259.0,22775.0,16975.0,0.22775,5,4,0.8,38.0,18.601075237738275,0.48950197994048095,14,0.06623548922056385,3.9714599341383097,47.841348811498065,3.953349628369529,True,True,True,,,54.0,33.0,-48.0,17.0,14.0,4.0,-1.0,322.0,,,,,,,,,,,0.0,,,,,,,,,,,,,,,,,,,,,,,,,,,,,,3.0,3.0,150.4915254237288,465.0793460567472,54.0,119.01315789473684,True,True
262,67532.0,155474.0,87942.0,1.7679152168474677,0.32061068702290074,257.7557251908397,1850.8809523809523,-494.0561797752809,12954.0,11244.0,0.12954,10,9,0.9,26.2,11.461239025515523,0.4374518712028826,11,0.07390570396256589,5.213215995059441,50.25688562459278,2.838218464502673,2012-02-03 16:30:00,2021-05-19 00:30:00,TF_M,5,,,,,,,500,5000,,244,114309.0,214118.0,99809.0,2.145277479986775,0.19672131147540983,468.4795081967213,4460.791666666667,-509.2295918367347,22157.0,12216.0,0.22157,5,5,1.0,48.8,22.69273011340857,0.46501496134033954,23,0.04366235379541419,5.159046802364941,47.295558529949524,3.944342029165153,True,True,True,,,47.0,48.0,50.0,7.0,2.0,1.0,-1.0,92.0,,,,,,,,,,,0.0,,,,,,,,,,,,,,,,,,,,,,,,,,,,,,3.0,3.0,253.4,463.38162788524437,75.0,117.11987704918033,True,True
642,54997.0,326889.0,271892.0,1.202275168081444,0.45794392523364486,85.66510903426791,1111.8673469387754,-781.2988505747127,18934.0,16032.0,0.18934,10,7,0.7,64.2,18.301912468373352,0.28507651819896185,19,0.10893321453897485,2.9046688496883912,221.02347400767314,0.7802292590542794,2012-01-13 02:00:00,2021-05-10 16:00:00,TF_M,5,,,,,,,1000,6000,,206,81606.0,233183.0,151577.0,1.5383798333520258,0.25728155339805825,396.1456310679612,4399.679245283019,-990.6993464052288,16239.0,11968.0,0.16239,5,4,0.8,41.2,20.370567002417975,0.49443123792276633,14,0.07341371957944269,5.025309440236468,40.99250055143004,3.8959616810795135,True,True,True,,,54.0,33.0,-48.0,17.0,14.0,4.0,-1.0,92.0,,,,,,,,,,,0.0,,,,,,,,,,,,,,,,,,,,,,,,,,,,,,3.0,3.0,341.8955223880597,399.47506113500293,59.0,99.0364077669903,True,True
212,109732.0,268202.0,158470.0,1.6924465198460277,0.5047169811320755,517.6037735849056,2506.5607476635514,-1509.2380952380952,10451.0,9581.0,0.10451,10,9,0.9,21.2,12.921300244170476,0.6094952945363432,6,0.03495789742281194,10.499665103817817,20.191120183720336,6.3453846987365345,2012-02-03 16:30:00,2021-05-19 10:30:00,TF_M,5,,,,,,,1500,2500,,245,110295.0,298920.0,188625.0,1.5847316103379723,0.4897959183673469,450.18367346938777,2491.0,-1509.0,20996.0,16288.0,0.20996,5,5,1.0,49.0,22.91724241700995,0.4676988248369377,23,0.022584885987578768,5.253143455896361,46.63874155673421,3.8936858204525784,True,True,True,,,47.0,48.0,50.0,7.0,2.0,1.0,-1.0,0.0,,,,,,,,,,,0.0,,,,,,,,,,,,,,,,,,,,,,,,,,,,,,3.0,3.0,112.62162162162163,438.0757723769772,74.0,112.54591836734694,True,True
261,102851.0,182082.0,79231.0,2.2981156365563984,0.2950191570881226,394.06513409961684,2364.7012987012986,-430.6032608695652,13821.0,12565.0,0.13821,10,9,0.9,26.1,11.886547017532047,0.45542325737670675,9,0.09714052367016364,7.44164676940887,35.07288213046057,4.200855323246886,2012-01-12 11:30:00,2021-05-07 09:30:00,PC,8,,,,,,1.0,2250,10000,2000.0,178,67233.0,161929.0,94696.0,1.7099877502745628,0.2752808988764045,377.7134831460674,3304.673469387755,-734.077519379845,16660.0,13110.0,0.1666,5,4,0.8,35.6,11.128342194594845,0.3125938818706417,24,0.14860262073684055,4.035594237695078,44.10750673032588,3.667451983048197,True,True,True,,,3.0,56.0,-48.0,46.0,11.0,10.0,-1.0,0.0,,,,,,,,,50.0,2.0,0.0,0.0,500.0,,,,,,,,,,,,,,,,,,,,,,,,,,,,3.0,3.0,142.04166666666666,395.9256822612086,48.0,94.42837078651685,True,True
208,48613.0,99910.0,51297.0,1.9476772520810184,0.04807692307692308,233.71634615384616,9991.0,-259.07575757575756,14581.0,13209.0,0.14581,10,5,0.5,20.8,11.720068259186888,0.5634648201532158,5,0.20552115689218933,3.333996296550305,62.38759179643305,2.425687666764414,2012-02-03 16:30:00,2021-05-19 00:30:00,TF_M,5,,,,,,,250,10000,,236,113116.0,169847.0,56731.0,2.993901041758474,0.07203389830508475,479.3050847457627,9991.0,-259.04566210045664,27436.0,22274.0,0.27436,5,4,0.8,47.2,23.659247663440187,0.5012552471067836,22,0.08832525902613246,4.122904213442193,57.241203720074964,3.626528427559842,True,True,True,,,47.0,48.0,50.0,7.0,2.0,1.0,-1.0,0.0,,,,,,,,,,,0.0,,,,,,,,,,,,,,,,,,,,,,,,,,,,,,3.0,3.0,241.0,477.5541037388992,71.0,119.82627118644068,True,True
759,52364.0,226843.0,174479.0,1.3001163463797936,0.5177865612648221,68.99077733860342,577.2086513994911,-476.71857923497265,9377.0,8861.0,0.09377,10,7,0.7,75.9,24.635137507227356,0.3245736166960126,20,0.14305629822015126,5.584302015570012,135.91671759223894,0.892891168186627,2012-01-10 10:30:00,2021-04-26 10:30:00,TF_U,5,,,,,,,1500,7500,,243,91268.0,252659.0,161391.0,1.5655086095259338,0.4691358024691358,375.5884773662551,2216.3070175438597,-1251.093023255814,16869.0,14549.0,0.16869,5,5,1.0,48.6,14.853955702101715,0.3056369486029159,22,0.08207696016128326,5.41039777105934,44.91351842924136,3.6241572901064156,True,True,True,,,,,,,21.0,16.0,-1.0,24.0,,,28.0,77.0,52.0,15.0,,,,,0.0,,,,,,,,,,,,,,,,,,,,,,,,,,,,,,3.0,3.0,83.8125,374.05533599317477,80.0,93.89711934156378,True,True
163,89153.0,159314.0,70161.0,2.2706916948162084,0.39263803680981596,546.9509202453987,2489.28125,-708.6969696969697,9351.0,6257.0,0.09351,10,10,1.0,16.3,10.47902667235846,0.6428850719238318,6,0.08346325978935089,9.534060528285744,17.096597983242294,7.088572341461717,2012-01-11 20:00:00,2021-04-29 16:00:00,PC,8,,,,,,1.0,2500,10000,2000.0,145,50445.0,131309.0,80864.0,1.6238251879699248,0.3724137931034483,347.8965517241379,2431.6481481481483,-888.6153846153846,14639.0,12115.0,0.14639,5,4,0.8,29.0,13.579396157414365,0.46825503991084017,12,0.14175835067895728,3.445932099187103,42.078600455942116,3.60357749264205,True,True,True,,,22.0,8.0,52.0,16.0,14.0,4.0,-1.0,0.0,,,,,,,,,50.0,0.0,0.0,0.0,1000.0,,,,,,,,,,,,,,,,,,,,,,,,,,,,3.0,3.0,31.357142857142858,327.03093801623214,42.0,86.97413793103448,True,True
161,119791.0,311532.0,191741.0,1.6247542257524472,0.32298136645962733,744.0434782608696,5991.0,-1759.091743119266,21167.0,16162.0,0.21167,10,9,0.9,16.1,8.745856161634492,0.5432208796046268,5,0.05001210441518979,5.659328199555913,28.448606322678664,6.409263198728077,2012-01-13 02:00:00,2021-05-10 16:00:00,TF_M,5,,,,,,,1750,6000,,180,86380.0,311532.0,225152.0,1.3836519329164298,0.28888888888888886,479.8888888888889,5991.0,-1759.0,28234.0,26333.0,0.28234,5,3,0.6,36.0,17.561321134812154,0.4878144759670043,14,0.06935633248437138,3.0594318906283204,58.834452419541556,3.5792656817503934,True,True,True,,,54.0,33.0,-48.0,17.0,14.0,4.0,-1.0,0.0,,,,,,,,,,,0.0,,,,,,,,,,,,,,,,,,,,,,,,,,,,,,3.0,3.0,8.543859649122806,522.264619883041,48.0,119.97222222222223,True,True
204,35294.0,202441.0,167147.0,1.2111554499931199,0.5441176470588235,173.00980392156862,1823.7927927927929,-1797.279569892473,25884.0,23704.0,0.25884,10,7,0.7,20.4,4.127953488110059,0.20235066118186565,11,0.12724542415141385,1.3635450471333643,149.61001870006234,1.3477038385499076,2012-01-12 12:00:00,2021-05-13 16:30:00,BO,5,,,,,,,3000,4500,,120,53545.0,244546.0,191001.0,1.2803388463934744,0.4666666666666667,446.2083333333333,4366.892857142857,-2984.390625,24787.0,20052.0,0.24787,5,4,0.8,24.0,6.29285308902091,0.2622022120425379,15,0.08387337753291624,2.1602049461411226,55.55028480717154,3.5519360698349987,True,True,True,,,47.0,45.0,-1.0,38.0,4.0,3.0,-1.0,184.0,,,,,,,,,,10.0,0.0,,,,,,,,0.0,4.0,1.0,,,,,,,,,,,,,,,,,,,,3.0,3.0,130.53488372093022,450.1922963803281,36.0,111.55208333333333,True,True
462,158232.0,404596.0,246364.0,1.642269162702343,0.42424242424242425,342.4935064935065,2064.265306122449,-926.1804511278195,25314.0,22703.0,0.25314,10,9,0.9,46.2,8.576712656956627,0.18564313110295727,21,0.0378621264978007,6.250770324721498,73.91089033823752,2.697810253794077,2012-01-16 11:00:00,2021-05-17 14:30:00,BIASW,7,,,,,,,1000,6000,,223,85838.0,265167.0,179329.0,1.4786621238059656,0.21076233183856502,384.9237668161435,5641.851063829788,-1018.9147727272727,18890.0,16144.0,0.1889,5,4,0.8,44.6,15.344054223053305,0.3440370902029889,21,0.06979426361285211,4.544097406034939,49.074652251916405,3.5099278977155026,True,True,True,,,,,,,,,,,,,143.0,83.0,57.0,90.0,,,,,,,,,,,,,,,,,,,,,,,,,,,0.0,0.0,1100.0,100.0,3.0,0.0,2000.0,200.0,3.0,3.0,12.907894736842104,390.2343235448859,73.0,96.23094170403587,True,True
209,94874.0,332339.0,237465.0,1.3995283515465438,0.35406698564593303,453.9425837320574,4491.0675675675675,-1759.0,20208.0,14858.0,0.20208,10,8,0.8,20.9,9.9443451267542,0.4758059869260383,6,0.047389168792292935,4.69487331749802,44.51664312667327,4.0020149402054725,2012-01-13 02:00:00,2021-05-10 16:00:00,TF_M,5,,,,,,,1750,4500,,190,84540.0,300897.0,216357.0,1.390743077413719,0.3526315789473684,444.94736842105266,4491.0,-1759.0,25409.0,23653.0,0.25409,5,5,1.0,38.0,18.878559267062727,0.4968041912384928,14,0.05312278211497516,3.3271675390609627,57.105630470783055,3.498277871265164,True,True,True,,,54.0,33.0,-48.0,17.0,14.0,4.0,-1.0,0.0,,,,,,,,,,,0.0,,,,,,,,,,,,,,,,,,,,,,,,,,,,,,3.0,3.0,96.46875,531.6387061403509,50.0,111.23684210526316,True,True
158,91058.0,256598.0,165540.0,1.5500664491965688,0.6518987341772152,576.3164556962025,2491.242718446602,-3009.818181818182,20467.0,18572.0,0.20467,10,8,0.8,15.8,7.138627319029899,0.4518118556348037,6,0.027630740846493442,4.449015488347095,35.51347492806782,5.048628010225135,2012-01-12 11:30:00,2021-05-13 10:30:00,BO,5,,,,,,,3000,2500,,127,57857.0,199280.0,141423.0,1.4091060152874708,0.6299212598425197,455.56692913385825,2491.0,-3009.0,26832.0,23752.0,0.26832,5,4,0.8,25.4,5.4258639865002145,0.21361669238189823,18,0.04305442729488221,2.1562686344663087,58.898041723559814,3.485500218197451,True,True,True,,,47.0,7.0,-1.0,38.0,4.0,3.0,-1.0,0.0,,,,,,,,,,2.0,0.0,,,,,,,,0.0,4.0,1.0,,,,,,,,,,,,,,,,,,,,3.0,2.0,-184.67567567567568,424.35963375547743,37.0,113.89173228346456,True,True
266,39601.0,154965.0,115364.0,1.3432699975728997,0.5639097744360902,148.87593984962405,1033.1,-994.5172413793103,21249.0,18873.0,0.21249,10,8,0.8,26.6,11.324310133513652,0.4257259448689343,11,0.07754854675386985,1.8636641724316438,142.7295775359208,1.279955040362429,2012-02-03 16:30:00,2021-05-19 11:00:00,TF_M,5,,,,,,,5000,3000,,244,113244.0,331837.0,218593.0,1.5180586752549259,0.6229508196721312,464.11475409836066,2183.1381578947367,-2376.0108695652175,28296.0,27297.0,0.28296,5,5,1.0,48.8,22.604424345689498,0.4632054169198668,23,0.02650030023665713,4.002120441051739,60.967680406908975,3.4578193344336987,True,True,True,,,47.0,48.0,50.0,7.0,2.0,1.0,-1.0,24.0,,,,,,,,,,,0.0,,,,,,,,,,,,,,,,,,,,,,,,,,,,,,3.0,3.0,37.891891891891895,448.24121088267333,74.0,116.02868852459017,True,True
297,39977.0,296935.0,256958.0,1.1555779543738665,0.3872053872053872,134.6026936026936,2582.0434782608695,-1411.857142857143,23959.0,23262.0,0.23959,10,6,0.6,29.7,5.348831648126533,0.18009534168776203,17,0.12484678690246892,1.6685587879293793,177.99792380618857,1.0898302394557342,2012-01-13 02:00:00,2021-05-10 16:00:00,TF_M,5,,,,,,,1500,5000,,191,88781.0,289478.0,200697.0,1.4423633636775837,0.3036649214659686,464.8219895287958,4991.0,-1509.0,28384.0,25423.0,0.28384,5,4,0.8,38.2,18.755265927200284,0.49097554783246816,14,0.056216983363557516,3.1278537204058625,61.06423671731564,3.4577159487302573,True,True,True,,,54.0,33.0,-48.0,17.0,14.0,4.0,-1.0,460.0,,,,,,,,,,,0.0,,,,,,,,,,,,,,,,,,,,,,,,,,,,,,3.0,3.0,63.58064516129032,536.2974444909929,52.0,116.20549738219896,True,True
263,29373.0,179709.0,150336.0,1.195382343550447,0.5475285171102662,111.68441064638783,1247.9791666666667,-1263.327731092437,28686.0,26506.0,0.28686,10,8,0.8,26.3,6.496922348312315,0.24703126799666594,11,0.15289551629047085,1.0239489646517466,256.84873863752426,0.8264127458600355,2012-01-12 11:30:00,2021-05-13 17:00:00,BO,5,,,,,,,3000,4500,,124,50349.0,229694.0,179345.0,1.2807382419359334,0.47580645161290325,406.0403225806452,3893.1186440677966,-2759.153846153846,22100.0,18740.0,0.221,5,4,0.8,24.8,4.874423042781576,0.19654931624119257,18,0.08919740213311089,2.278235294117647,54.4280919184095,3.423043942057518,True,True,True,,,47.0,7.0,-1.0,38.0,4.0,3.0,-1.0,92.0,,,,,,,,,,2.0,0.0,,,,,,,,0.0,4.0,1.0,,,,,,,,,,,,,,,,,,,,3.0,3.0,193.5531914893617,417.94630192502535,35.0,101.5100806451613,True,True
551,120576.0,351932.0,231356.0,1.5211708362869345,0.52994555353902,218.8312159709619,1205.2465753424658,-893.2664092664093,13039.0,10072.0,0.13039,10,9,0.9,55.1,12.364869590901476,0.22440779656808485,25,0.14120554670912952,9.247334918321958,59.584734938959656,2.401743245003528,2012-01-10 22:30:00,2021-05-17 13:30:00,TF_U,5,,,,,,,1250,0,,247,104922.0,337114.0,232192.0,1.4518760336273429,0.2591093117408907,424.78542510121457,5267.40625,-1268.808743169399,25143.0,22896.0,0.25143,5,4,0.8,49.4,11.859173664298876,0.24006424421657643,32,0.1822401402946951,4.173010380622838,59.18988391376451,3.357380057658606,True,True,True,,,,,,,22.0,3.0,-1.0,92.0,,,4.0,139.0,37.0,115.0,,,,,0.0,,,,,,,,,,,,,,,,,,,,,,,,,,,,,,3.0,3.0,342.7307692307692,434.0555916188828,78.0,106.19635627530364,True,True
427,121467.0,299618.0,178151.0,1.681820478133718,0.18266978922716628,284.46604215456676,3841.25641025641,-510.4613180515759,18631.0,15891.0,0.18631,10,7,0.7,42.7,9.360021367496978,0.2192042474823648,25,0.08225279293964616,6.519617841232355,65.49463640330295,2.6118714272596106,2012-01-10 10:30:00,2021-05-17 20:00:00,TF_U,5,,,,,,,500,10000,,269,100294.0,225508.0,125214.0,1.8009807210056383,0.08550185873605948,372.8401486988848,9804.695652173914,-509.0,19942.0,14252.0,0.19942,5,4,0.8,53.8,17.02233826476257,0.3164003394937281,30,0.09961712565058728,5.0292849262862305,53.48672901669092,3.3088552096930224,True,True,True,,,,,,,21.0,15.0,-1.0,460.0,,,28.0,78.0,37.0,7.0,,,,,0.0,,,,,,,,,,,,,,,,,,,,,,,,,,,,,,3.0,3.0,161.2577319587629,382.80974350986935,79.0,93.2100371747212,True,True
243,69598.0,177474.0,107876.0,1.6451666728466017,0.5925925925925926,286.4115226337449,1232.4583333333333,-1089.6565656565656,12311.0,10054.0,0.12311,10,9,0.9,24.3,5.657738063926255,0.23282872691054546,11,0.03579125836949337,5.653318170741613,42.98360585074283,3.235066909555105,2012-01-12 12:00:00,2021-05-13 10:30:00,BO,5,,,,,,,2500,2500,,125,47415.0,178112.0,130697.0,1.3627856798549316,0.576,379.32,2473.777777777778,-2465.9811320754716,20959.0,17599.0,0.20959,5,5,1.0,25.0,6.957010852370434,0.27828043409481734,15,0.052536117262469685,2.2622739634524547,55.2541389855531,3.283673060841673,True,True,True,,,47.0,45.0,-1.0,38.0,4.0,3.0,-1.0,92.0,,,,,,,,,,10.0,0.0,,,,,,,,0.0,4.0,1.0,,,,,,,,,,,,,,,,,,,,3.0,3.0,38.56410256410256,368.75392566090244,39.0,94.83,True,True
261,73896.0,161329.0,87433.0,1.8451728752301761,0.3218390804597701,283.1264367816092,1920.5833333333333,-493.9717514124294,13578.0,11586.0,0.13578,10,9,0.9,26.1,11.3,0.4329501915708812,11,0.1352035292843997,5.442333186036235,47.95737252354661,3.045102866400299,2012-02-03 16:30:00,2021-05-19 00:30:00,TF_M,5,,,,,,,500,10000,,243,103693.0,209122.0,105429.0,1.9835339422739473,0.1522633744855967,426.7201646090535,5651.945945945946,-511.79126213592235,26578.0,20360.0,0.26578,5,5,1.0,48.6,22.38392280186831,0.4605745432483191,23,0.09635173058933583,3.9014598540145986,62.2843779232928,3.2803596733177094,True,True,True,,,47.0,48.0,50.0,7.0,2.0,1.0,-1.0,92.0,,,,,,,,,,,0.0,,,,,,,,,,,,,,,,,,,,,,,,,,,,,,3.0,3.0,12.6,413.33140480242014,75.0,106.68004115226337,True,True
173,79443.0,315289.0,235846.0,1.3368426854812039,0.45664739884393063,459.2080924855491,3991.0,-2509.0,19273.0,18707.0,0.19273,10,7,0.7,17.3,10.119782606360673,0.5849585321595764,5,0.050237277041400755,4.121984122866186,41.97007917626475,4.14547517920968,2012-01-13 02:00:00,2021-05-10 20:30:00,TF_M,5,,,,,,,2500,4000,,182,75952.0,327262.0,251310.0,1.3022243444351598,0.45054945054945056,417.31868131868134,3991.0,-2513.1,25501.0,23153.0,0.25501,5,5,1.0,36.4,17.6022725805505,0.4835789170480907,14,0.05254634506003792,2.978393004195914,61.106777965030545,3.275130939529604,True,True,True,,,54.0,33.0,-48.0,17.0,14.0,4.0,-1.0,0.0,,,,,,,,,,,0.0,,,,,,,,,,,,,,,,,,,,,,,,,,,,,,3.0,3.0,67.57534246575342,492.10571524814736,48.0,104.32967032967034,True,True
184,97084.0,299550.0,202466.0,1.479507670423676,0.2717391304347826,527.6304347826087,5991.0,-1510.9402985074628,17167.0,12162.0,0.17167,10,8,0.8,18.4,8.404760555780278,0.45678046498805863,5,0.061709447488772606,5.655268829731462,32.53603065386675,5.046869580451931,2012-01-13 02:00:00,2021-05-10 16:00:00,TF_M,5,,,,,,,1500,6000,,185,80835.0,287568.0,206733.0,1.3910115946655832,0.2594594594594595,436.94594594594594,5991.0,-1509.0,29089.0,25923.0,0.29089,5,4,0.8,37.0,18.066543665017942,0.48828496391940385,14,0.07411393579513824,2.7788854893602393,66.57345209377127,3.210722455015749,True,True,True,,,54.0,33.0,-48.0,17.0,14.0,4.0,-1.0,0.0,,,,,,,,,,,0.0,,,,,,,,,,,,,,,,,,,,,,,,,,,,,,3.0,2.0,-110.69491525423729,464.9964317573595,50.0,109.23648648648648,True,True
261,68146.0,332426.0,264280.0,1.257855304979567,0.42528735632183906,261.09578544061304,2994.828828828829,-1761.8666666666666,19962.0,18886.0,0.19962,10,8,0.8,26.1,11.903360869939211,0.4560674662811958,10,0.04726616382472926,3.4137861937681593,76.45470020250637,2.3159932160511665,2012-01-13 02:00:00,2021-05-10 20:30:00,TF_M,5,,,,,,,1750,3000,,202,72182.0,269190.0,197008.0,1.3663912125395923,0.44554455445544555,357.33663366336634,2991.0,-1759.0,19515.0,18644.0,0.19515,5,4,0.8,40.4,20.703622871372055,0.5124659126577241,14,0.041436923332686816,3.6987957981040225,54.61236873458757,3.2057725874578984,True,True,True,,,54.0,33.0,-48.0,17.0,14.0,4.0,-1.0,0.0,,,,,,,,,,,0.0,,,,,,,,,,,,,,,,,,,,,,,,,,,,,,3.0,3.0,73.14285714285714,419.16512561556743,53.0,89.33415841584159,True,True
195,51770.0,150470.0,98700.0,1.52451874366768,0.3333333333333333,265.4871794871795,2314.923076923077,-759.2307692307693,17730.0,16670.0,0.1773,10,7,0.7,19.5,8.891006692158093,0.4559490611363125,6,0.07709097933165926,2.919909757473209,66.78288584122078,2.498783518724596,2012-01-13 20:00:00,2021-05-17 12:30:00,BIASW,7,,,,,,,750,4000,,154,41419.0,134168.0,92749.0,1.44657085251593,0.21428571428571427,268.95454545454544,4065.6969696969695,-766.5206611570248,11095.0,10341.0,0.11095,5,4,0.8,30.8,11.338430226446693,0.3681308515080095,17,0.14174654144233323,3.733123028391167,41.252323812742944,3.20003465929399,True,True,True,,,,,,,,,,,,,54.0,38.0,152.0,153.0,,,,,,,,,,,,,,,,,,,,,,,,,,,4.0,4.0,2000.0,100.0,-1.0,0.0,0.0,0.0,3.0,3.0,228.27272727272728,268.8002336739006,46.0,67.23863636363636,True,True
385,106325.0,341997.0,235672.0,1.4511566923520824,0.36883116883116884,276.16883116883116,2408.4295774647885,-969.843621399177,25496.0,22902.0,0.25496,10,8,0.8,38.5,7.3246160308919945,0.1902497670361557,18,0.05634610862920292,4.170262001882648,92.32033858452857,2.1675947158680278,2012-01-13 02:00:00,2021-05-10 16:00:00,TF_M,5,,,,,,,1000,6000,,196,71371.0,229809.0,158438.0,1.4504664285083124,0.1989795918367347,364.13775510204084,5892.538461538462,-1009.1592356687898,20429.0,14403.0,0.20429,5,4,0.8,39.2,19.46689497583012,0.49660446366913563,14,0.08394165697552228,3.49361202212541,56.102394529991166,3.192872697757906,True,True,True,,,54.0,33.0,-48.0,17.0,14.0,4.0,-1.0,322.0,,,,,,,,,,,0.0,,,,,,,,,,,,,,,,,,,,,,,,,,,,,,3.0,3.0,75.18032786885246,366.6339489520647,56.0,91.03443877551021,True,True
225,95490.0,160907.0,65417.0,2.459712307198435,0.29777777777777775,424.4,2401.597014925373,-414.03164556962025,11891.0,9306.0,0.11891,10,9,0.9,22.5,11.4564392373896,0.5091750772173155,8,0.10462875693789926,8.030443192330333,28.01837888784166,4.877593830088347,2012-01-12 11:30:00,2021-05-07 09:30:00,PC,8,,,,,,1.0,2250,10000,2000.0,178,65473.0,147548.0,82075.0,1.797721596101127,0.29775280898876405,367.8258426966292,2783.9245283018868,-656.6,21316.0,15943.0,0.21316,5,4,0.8,35.6,10.63202708800161,0.2986524462921801,22,0.15259725382982298,3.071542503283918,57.951338719777624,3.15739436696631,True,True,True,,,3.0,24.0,52.0,46.0,11.0,10.0,-1.0,0.0,,,,,,,,,50.0,2.0,0.0,0.0,500.0,,,,,,,,,,,,,,,,,,,,,,,,,,,,3.0,3.0,139.84615384615384,381.0963197430588,52.0,91.9564606741573,True,True
533,81928.0,195118.0,113190.0,1.723809523809524,0.18386491557223264,153.7110694183865,1991.0,-260.2068965517241,7316.0,6459.0,0.07316,10,10,1.0,53.3,12.649505919204909,0.23732656508827224,20,0.024301825993555317,11.198469108802625,47.59579142661849,2.2522040893111566,2012-01-10 10:30:00,2021-04-23 22:00:00,TF_U,5,,,,,,,250,2000,,243,47313.0,97559.0,50246.0,1.9416271942045138,0.20164609053497942,194.7037037037037,1991.0,-259.0,5981.0,3885.0,0.05981,5,5,1.0,48.6,14.853955702101715,0.3056369486029159,22,0.04208145752752943,7.9105500752382545,30.71847061061442,3.1551990219134805,True,True,True,,,,,,,21.0,16.0,-1.0,0.0,,,28.0,77.0,52.0,15.0,,,,,0.0,,,,,,,,,,,,,,,,,,,,,,,,,,,,,,3.0,3.0,134.75,194.6303071364047,80.0,48.675925925925924,True,True
266,87671.0,217343.0,129672.0,1.6760981553457956,0.518796992481203,329.59022556390977,1574.9492753623188,-1013.0625,9854.0,8437.0,0.09854,10,8,0.8,26.6,11.534296684236972,0.4336201760991343,11,0.045522464669046775,8.89699614369799,29.897731290848743,4.161093664061051,2012-02-03 16:30:00,2021-05-19 15:00:00,TF_M,5,,,,,,,1500,4000,,246,106451.0,325669.0,219218.0,1.4855942486474651,0.4024390243902439,432.7276422764228,3289.5858585858587,-1491.2789115646258,29781.0,27777.0,0.29781,5,5,1.0,49.2,22.604424345689498,0.45943951922133125,23,0.03749142798094898,3.5744602263187937,68.82157988182355,3.142566286887895,True,True,True,,,47.0,48.0,50.0,7.0,2.0,1.0,-1.0,48.0,,,,,,,,,,,0.0,,,,,,,,,,,,,,,,,,,,,,,,,,,,,,3.0,2.0,-39.93333333333333,412.884945843982,75.0,108.1819105691057,True,True
221,43656.0,97543.0,53887.0,1.8101397368567558,0.058823529411764705,197.53846153846155,7503.307692307692,-259.07211538461536,17858.0,13986.0,0.17858,10,5,0.5,22.1,11.7,0.5294117647058822,8,0.1752565512186183,2.4446186583044014,90.40264797507788,1.8525703319847775,2012-02-03 16:30:00,2021-05-19 00:30:00,TF_M,5,,,,,,,250,7500,,243,99803.0,157311.0,57508.0,2.735462892119357,0.08641975308641975,410.7119341563786,7491.0,-259.0450450450451,27436.0,14783.0,0.27436,5,4,0.8,48.6,23.72003372678884,0.48806653758824775,23,0.07505786399206436,3.6376658405015307,66.80107812390409,3.1075374582062802,True,True,True,,,47.0,48.0,50.0,7.0,2.0,1.0,-1.0,0.0,,,,,,,,,,,0.0,,,,,,,,,,,,,,,,,,,,,,,,,,,,,,3.0,3.0,361.0,409.92985441482324,75.0,102.67798353909465,True,True
766,48911.0,157248.0,108337.0,1.4514708732935193,0.47389033942558745,63.85248041775457,433.1900826446281,-268.82630272952855,9100.0,8170.0,0.091,10,6,0.6,76.6,25.036772954995616,0.32685082186678355,20,0.10204248533049826,5.374835164835165,142.5159984461573,0.8388735929503145,2012-01-10 10:30:00,2021-04-23 22:00:00,TF_U,5,,,,,,,500,5000,,243,48808.0,126123.0,77315.0,1.631287589730324,0.34156378600823045,200.8559670781893,1519.55421686747,-483.21875,6890.0,5466.0,0.0689,5,5,1.0,48.6,14.853955702101715,0.3056369486029159,22,0.10225782658580561,7.08388969521045,34.30318800196689,3.032596115981698,True,True,True,,,,,,,21.0,16.0,-1.0,12.0,,,28.0,77.0,52.0,15.0,,,,,0.0,,,,,,,,,,,,,,,,,,,,,,,,,,,,,,3.0,3.0,172.1875,200.59185862691962,80.0,50.21399176954733,True,True
362,133097.0,375665.0,242568.0,1.548699746050592,0.4419889502762431,367.67127071823205,2347.90625,-1200.8316831683169,18484.0,16484.0,0.18484,10,8,0.8,36.2,14.558846108122717,0.40217806928515787,26,0.029985649563851927,7.200660030296473,50.27316919239352,3.3892309457860246,2012-01-10 22:30:00,2021-05-17 13:30:00,TF_U,5,,,,,,,1250,4000,,265,85540.0,321776.0,236236.0,1.362095531587057,0.30566037735849055,322.79245283018867,3972.543209876543,-1283.891304347826,18225.0,16770.0,0.18225,5,5,1.0,53.0,13.007690033207279,0.2454281138340996,36,0.06121112929623568,4.693552812071331,56.46042787000234,2.9966018994575645,True,True,True,,,,,,,22.0,3.0,-1.0,322.0,,,4.0,139.0,37.0,115.0,,,,,0.0,,,,,,,,,,,,,,,,,,,,,,,,,,,,,,3.0,3.0,173.2289156626506,330.66939465177785,82.0,80.69811320754717,True,True
541,100111.0,376709.0,276598.0,1.3619368180536373,0.5619223659889094,185.04805914972275,1239.1743421052631,-1167.0801687763712,17252.0,12709.0,0.17252,10,10,1.0,54.1,11.9870763741623,0.22157257623220517,24,0.17007122094475133,5.802863436123348,93.22983488327955,1.765648527876299,2012-01-10 22:30:00,2021-05-17 16:00:00,TF_U,5,,,,,,,2250,0,,233,86343.0,414656.0,328313.0,1.262989890744503,0.36909871244635195,370.57081545064375,4821.581395348837,-2233.421768707483,24229.0,20504.0,0.24229,5,5,1.0,46.6,11.038115781237302,0.23686943736560734,31,0.22145396847457235,3.563622105741054,65.38291465434372,2.9836159158494144,True,True,True,,,,,,,22.0,3.0,-1.0,92.0,,,4.0,139.0,37.0,115.0,,,,,0.0,,,,,,,,,,,,,,,,,,,,,,,,,,,,,,3.0,3.0,173.06896551724137,391.969935452694,72.0,92.64270386266094,True,True
247,99587.0,172797.0,73210.0,2.360292309793744,0.291497975708502,403.1862348178138,2399.9583333333335,-418.34285714285716,15275.0,11634.0,0.15275,10,9,0.9,24.7,10.276672613253767,0.4160596199697882,10,0.1003243395222268,6.519607201309329,37.88571801540362,4.088410866925607,2012-01-11 20:00:00,2021-05-07 09:30:00,PC,8,,,,,,1.0,2250,10000,2000.0,199,62239.0,154783.0,92544.0,1.6725341459197787,0.2663316582914573,312.75879396984925,2920.433962264151,-633.8630136986301,17287.0,13263.0,0.17287,5,3,0.6,39.8,12.859237924542807,0.32309643026489465,20,0.16052635807130577,3.600335512234627,55.27262648821478,2.981186601966479,True,True,True,,,3.0,24.0,-48.0,53.0,11.0,10.0,-1.0,0.0,,,,,,,,,50.0,2.0,0.0,0.0,500.0,,,,,,,,,,,,,,,,,,,,,,,,,,,,3.0,3.0,238.3134328358209,325.11574937810946,64.0,78.18969849246231,True,True
268,45758.0,133015.0,87257.0,1.524404918803076,0.5970149253731343,170.73880597014926,831.34375,-807.9351851851852,10336.0,7720.0,0.10336,10,8,0.8,26.8,11.754148203932091,0.4385876195497049,10,0.08721972114165828,4.427051083591332,60.53691157830325,2.1047253728610897,2012-02-03 16:30:00,2021-05-19 06:00:00,TF_M,5,,,,,,,5000,4000,,245,96465.0,288566.0,192101.0,1.5021577191165065,0.6163265306122448,393.734693877551,1911.0331125827815,-2043.627659574468,27508.0,26723.0,0.27508,5,5,1.0,49.0,22.91724241700995,0.4676988248369377,23,0.0413725185300368,3.5067980223934856,69.86430311511947,2.975182586161109,True,True,True,,,47.0,48.0,50.0,7.0,2.0,1.0,-1.0,12.0,,,,,,,,,,,0.0,,,,,,,,,,,,,,,,,,,,,,,,,,,,,,3.0,2.0,-39.472972972972975,379.1423605971799,74.0,98.43367346938776,True,True
426,38111.0,346880.0,308769.0,1.1234288416259404,0.4812206572769953,89.46244131455398,1692.0975609756097,-1397.1447963800906,29435.0,26726.0,0.29435,10,6,0.6,42.6,8.368990381163071,0.19645517326673875,19,0.10472042192542835,1.2947511465941905,329.0207551625515,0.6535038827258371,2012-01-13 02:00:00,2021-05-10 20:30:00,TF_M,5,,,,,,,2250,4000,,189,69199.0,312071.0,242872.0,1.2849196284462598,0.42857142857142855,366.13227513227514,3852.7283950617284,-2248.814814814815,24563.0,21610.0,0.24563,5,4,0.8,37.8,18.192306066026923,0.4812779382546805,14,0.05767424384745444,2.8172047388348327,67.08777583491091,2.927768657019386,True,True,True,,,54.0,33.0,-48.0,17.0,14.0,4.0,-1.0,184.0,,,,,,,,,,,0.0,,,,,,,,,,,,,,,,,,,,,,,,,,,,,,3.0,2.0,-50.4,433.82324234904877,52.0,91.53306878306879,True,True
465,111775.0,296849.0,185074.0,1.603947610145131,0.22365591397849463,240.3763440860215,2854.3173076923076,-512.6703601108034,13628.0,11717.0,0.13628,10,8,0.8,46.5,9.254728521139883,0.19902641980945984,25,0.08938492507269068,8.201863809803346,56.694430776112725,2.5805668271941515,2012-01-10 10:30:00,2021-05-17 20:00:00,TF_U,5,,,,,,,500,10000,,272,89592.0,216333.0,126741.0,1.7068904300897105,0.08455882352941177,329.38235294117646,9405.782608695652,-509.0,19942.0,14252.0,0.19942,5,4,0.8,54.4,16.644518617250544,0.30596541575828207,30,0.11151665327261362,4.49262862300672,60.5436199660684,2.9231790576035075,True,True,True,,,,,,,21.0,15.0,-1.0,322.0,,,28.0,78.0,37.0,7.0,,,,,0.0,,,,,,,,,,,,,,,,,,,,,,,,,,,,,,3.0,3.0,161.2577319587629,335.64094168710227,82.0,82.34558823529412,True,True
342,135912.0,375710.0,239798.0,1.566777037339761,0.43859649122807015,397.4035087719298,2504.733333333333,-1248.9479166666667,15439.0,12298.0,0.15439,10,9,0.9,34.2,25.98768939324926,0.7598739588669373,6,0.07351080110659838,8.803160826478399,38.849682147271764,4.008312385420537,2012-01-12 11:30:00,2021-05-17 02:30:00,PC,8,,,,,,1.0,5000,10000,2000.0,394,131099.0,414744.0,283645.0,1.462193939607608,0.4289340101522843,332.73857868020303,2454.1065088757396,-1260.6444444444444,20571.0,14267.0,0.20571,5,5,1.0,78.8,26.65633133047382,0.3382783163765713,43,0.07620958207156424,6.3730008264061055,61.823309102281485,2.907467722318302,True,True,True,,,55.0,56.0,52.0,-27.0,22.0,21.0,-1.0,0.0,,,,,,,,,50.0,5.0,0.0,0.0,0.0,,,,,,,,,,,,,,,,,,,,,,,,,,,,3.0,3.0,255.96031746031747,334.42778895595796,126.0,83.18464467005076,True,True
259,64199.0,338755.0,274556.0,1.2338284357289588,0.444015444015444,247.87258687258688,2945.695652173913,-1906.638888888889,26928.0,24446.0,0.26928,10,8,0.8,25.9,4.657252408878008,0.17981669532347522,16,0.09331921057960404,2.3840983363042185,108.63645851181482,1.8930666162814838,2012-01-13 02:00:00,2021-05-10 17:00:00,TF_M,5,,,,,,,2250,6000,,171,67461.0,329505.0,262044.0,1.2574414983743187,0.3216374269005848,394.50877192982455,5991.0,-2259.0,29937.0,27894.0,0.29937,5,5,1.0,34.2,16.880758276807352,0.49358942329846056,14,0.08880686618935385,2.2534322076360356,75.88424422999955,2.8575377243371056,True,True,True,,,54.0,33.0,-48.0,17.0,14.0,4.0,-1.0,460.0,,,,,,,,,,,0.0,,,,,,,,,,,,,,,,,,,,,,,,,,,,,,3.0,3.0,82.21621621621621,460.2374599663602,46.0,98.62719298245614,True,True
542,108667.0,374803.0,266136.0,1.4083137944509574,0.559040590405904,200.49261992619927,1236.973597359736,-1113.5397489539748,18562.0,16072.0,0.18562,10,9,0.9,54.2,11.737120600896967,0.2165520406069551,25,0.15668050098005834,5.854272168947312,92.58196140502636,1.8442740427263955,2012-01-10 22:30:00,2021-05-17 16:00:00,TF_U,5,,,,,,,2000,0,,236,87261.0,394066.0,306805.0,1.2844184416811981,0.3432203389830508,369.75,4865.0123456790125,-1979.3870967741937,28098.0,25038.0,0.28098,5,5,1.0,47.2,11.496086290559932,0.24356115022372735,31,0.21912423648594448,3.105594704249413,75.99188640973631,2.7644575506837286,True,True,True,,,,,,,22.0,3.0,-1.0,92.0,,,4.0,139.0,37.0,115.0,,,,,0.0,,,,,,,,,,,,,,,,,,,,,,,,,,,,,,3.0,3.0,177.36363636363637,390.2183201881832,73.0,92.4375,True,True
366,83241.0,393448.0,310207.0,1.2683401728523211,0.7185792349726776,227.4344262295082,1496.0,-3011.7184466019417,17550.0,15126.0,0.1755,10,8,0.8,36.6,22.597344976788754,0.6174137971800205,13,0.028964092214173304,4.743076923076923,77.165098929614,2.151577975832774,2012-01-10 22:30:00,2021-05-17 18:00:00,TF_U,5,,,,,,,3000,1500,,283,90853.0,316154.0,225301.0,1.403251650014869,0.7385159010600707,321.03533568904595,1512.6985645933014,-3044.608108108108,23147.0,19603.0,0.23147,5,4,0.8,56.6,11.976643937263894,0.21160148299052817,37,0.05763155867170044,3.925044282196397,72.10109737708166,2.6445082613654773,True,True,True,,,,,,,22.0,3.0,-1.0,0.0,,,4.0,139.0,37.0,115.0,,,,,0.0,,,,,,,,,,,,,,,,,,,,,,,,,,,,,,3.0,3.0,170.41489361702128,319.000254149104,87.0,80.25883392226149,True,True
626,77906.0,257811.0,179905.0,1.4330396598204609,0.4009584664536741,124.45047923322684,1027.1354581673306,-479.74666666666667,11100.0,10097.0,0.111,10,9,0.9,62.6,16.0822883943797,0.2569055654054265,20,0.031974430724206096,7.018558558558558,89.19210330398171,1.4803845055882583,2012-01-10 10:30:00,2021-04-23 22:00:00,TF_U,5,,,,,,,500,2500,,242,48287.0,141943.0,93656.0,1.5155782864952592,0.2396694214876033,199.53305785123968,2447.293103448276,-509.0,9675.0,7635.0,0.09675,5,5,1.0,48.4,14.66424222385869,0.3029802112367498,22,0.05158738376788784,4.9909043927648575,48.488205935344915,2.5423118298502447,True,True,True,,,,,,,21.0,16.0,-1.0,92.0,,,28.0,77.0,52.0,15.0,,,,,0.0,,,,,,,,,,,,,,,,,,,,,,,,,,,,,,3.0,3.0,107.125,199.33993902439025,80.0,49.88326446280992,True,True
514,57649.0,179635.0,121986.0,1.4725870181824143,0.08754863813229571,112.15758754863813,3991.8888888888887,-260.09808102345414,17330.0,14916.0,0.1733,10,6,0.6,51.4,17.984437717093073,0.3498917843792427,27,0.0699231556488404,3.326543566070398,154.5147357282867,1.0677481432750424,2012-01-10 10:30:00,2021-05-14 15:00:00,TF_U,5,,,,,,,250,4000,,307,60737.0,131703.0,70966.0,1.855860552940845,0.10749185667752444,197.84039087947883,3991.0,-259.0,9536.0,7405.0,0.09536,5,5,1.0,61.4,18.99052395275075,0.3092919210545725,32,0.06570953455060342,6.369232382550336,48.20047088265802,2.539050198336037,True,True,True,,,,,,,21.0,15.0,-1.0,0.0,,,28.0,78.0,37.0,7.0,,,,,0.0,,,,,,,,,,,,,,,,,,,,,,,,,,,,,,3.0,3.0,149.65384615384616,199.93991133477115,96.0,49.46009771986971,True,True
481,118021.0,392538.0,274517.0,1.4299223727492287,0.47401247401247404,245.36590436590436,1721.657894736842,-1085.0474308300395,14800.0,14071.0,0.148,10,8,0.8,48.1,10.662551289442879,0.22167466298218044,24,0.0341549385278891,7.974391891891892,60.31807898594318,2.5276841375147363,2012-01-10 10:30:00,2021-05-14 21:00:00,TF_U,5,,,,,,,1250,4000,,283,81843.0,332384.0,250541.0,1.3266650967306748,0.2968197879858657,289.19787985865725,3956.9523809523807,-1259.0,20735.0,19930.0,0.20735,5,5,1.0,56.6,18.260339536821323,0.32262083987316825,30,0.048764097112764686,3.9470942850253197,71.69831262294882,2.5169960378672296,True,True,True,,,,,,,21.0,15.0,-1.0,184.0,,,28.0,78.0,37.0,7.0,,,,,0.0,,,,,,,,,,,,,,,,,,,,,,,,,,,,,,3.0,3.0,241.0,287.6128398554141,84.0,72.29946996466431,True,True
592,94052.0,296450.0,202398.0,1.464688386248876,0.47297297297297297,158.8716216216216,1058.75,-648.7115384615385,11853.0,10768.0,0.11853,10,9,0.9,59.2,14.891608375189028,0.2515474387700849,19,0.0428592693403649,7.934868809584072,74.60740866754561,1.8288228243833504,2012-01-10 10:30:00,2021-04-23 22:00:00,TF_U,5,,,,,,,750,4000,,239,56919.0,197334.0,140415.0,1.4053626749278922,0.22594142259414227,238.15481171548117,3654.3333333333335,-759.0,14098.0,12707.0,0.14098,5,5,1.0,47.8,14.810806865258893,0.3098495160096003,22,0.07011718406858869,4.03738118882111,59.196788418629986,2.5137382544563196,True,True,True,,,,,,,21.0,16.0,-1.0,92.0,,,28.0,77.0,52.0,15.0,,,,,0.0,,,,,,,,,,,,,,,,,,,,,,,,,,,,,,3.0,3.0,149.44155844155844,237.63194224474714,77.0,59.53870292887029,True,True
547,123437.0,368550.0,245113.0,1.5035922207308465,0.5393053016453382,225.6617915904936,1249.322033898305,-972.6706349206349,14595.0,12072.0,0.14595,10,10,1.0,54.7,12.264175471673585,0.22420796109092478,25,0.08094007469397345,8.457485440219253,64.67643413239142,2.3409677412492087,2012-01-10 22:30:00,2021-05-17 14:00:00,TF_U,5,,,,,,,1500,10000,,249,81294.0,348987.0,267693.0,1.303683697369748,0.2891566265060241,326.48192771084337,4847.041666666667,-1512.3898305084747,26721.0,21998.0,0.26721,5,5,1.0,49.8,11.7881296226331,0.23670943017335544,33,0.12289959898639506,3.042326260244751,81.84526533323493,2.5030656451683595,True,True,True,,,,,,,22.0,3.0,-1.0,92.0,,,4.0,139.0,37.0,115.0,,,,,0.0,,,,,,,,,,,,,,,,,,,,,,,,,,,,,,3.0,3.0,133.9746835443038,347.34319626133055,78.0,81.62048192771084,True,True
375,104610.0,259471.0,154861.0,1.6755090048495103,0.18933333333333333,278.96,3654.521126760563,-509.4111842105263,17231.0,14505.0,0.17231,10,8,0.8,37.5,7.927799190191437,0.211407978405105,18,0.09550712169008699,6.071034762927282,61.76871236019502,2.6633371081506216,2012-01-10 10:30:00,2021-04-23 22:00:00,TF_U,5,,,,,,,500,10000,,215,73255.0,173528.0,100273.0,1.7305555832577064,0.08372093023255814,340.72093023255815,9640.444444444445,-509.0,29451.0,26977.0,0.29451,5,4,0.8,43.0,15.05988047761336,0.3502297785491479,20,0.13638659477168794,2.487351872601949,86.43730803358132,2.4882169080496253,True,True,True,,,,,,,21.0,16.0,-1.0,460.0,,,28.0,77.0,52.0,15.0,,,,,0.0,,,,,,,,,,,,,,,,,,,,,,,,,,,,,,3.0,3.0,309.1818181818182,342.7714731777232,64.0,85.18023255813954,True,True
574,95509.0,326445.0,230936.0,1.4135734575813212,0.5313588850174216,166.39198606271776,1070.311475409836,-858.4981412639405,15694.0,14480.0,0.15694,10,9,0.9,57.4,14.465130486794788,0.2520057576096653,19,0.04220544660712603,6.08570154199057,94.31944633490038,1.6645813649312171,2012-01-10 10:30:00,2021-04-26 10:30:00,TF_U,5,,,,,,,1250,4000,,238,68958.0,272916.0,203958.0,1.3380990203865502,0.31932773109243695,289.73949579831935,3591.0,-1259.0,21437.0,19502.0,0.21437,5,5,1.0,47.6,14.880860190190619,0.3126231132392987,22,0.05787580846312248,3.2167747352707936,73.98715159952434,2.480076875932022,True,True,True,,,,,,,21.0,16.0,-1.0,92.0,,,28.0,77.0,52.0,15.0,,,,,0.0,,,,,,,,,,,,,,,,,,,,,,,,,,,,,,3.0,3.0,50.078947368421055,285.82357188703463,76.0,72.43487394957984,True,True
434,101629.0,343099.0,241470.0,1.4208762993332504,0.4930875576036866,234.16820276497697,1603.266355140187,-1097.590909090909,18314.0,16629.0,0.18314,10,8,0.8,43.4,9.308061022576076,0.21447145213308932,17,0.039663875468616244,5.549251938407775,78.20873963140441,2.1685815813349887,2012-01-10 10:30:00,2021-04-26 10:30:00,TF_U,5,,,,,,,1250,4000,,233,66043.0,272519.0,206476.0,1.3198579980239835,0.296137339055794,283.44635193133047,3949.550724637681,-1259.0,21437.0,19502.0,0.21437,5,4,0.8,46.6,15.06784656146989,0.32334434681265856,22,0.060430325696894445,3.0807948873443114,75.62983207909998,2.4262095889112127,True,True,True,,,,,,,21.0,16.0,-1.0,184.0,,,28.0,77.0,52.0,15.0,,,,,0.0,,,,,,,,,,,,,,,,,,,,,,,,,,,,,,3.0,3.0,86.69444444444444,276.89886853509887,72.0,70.86158798283262,True,True
550,93580.0,372208.0,278628.0,1.3358599997128788,0.5690909090909091,170.14545454545456,1189.1629392971247,-1175.6455696202531,16294.0,12709.0,0.16294,10,10,1.0,55.0,12.751470503436064,0.23184491824429207,26,0.04264800170976704,5.743218362587456,95.76512075229749,1.6704979320644222,2012-01-10 22:30:00,2021-05-17 16:00:00,TF_U,5,,,,,,,2250,4000,,257,76687.0,395586.0,318899.0,1.2404742567395948,0.45136186770428016,298.39299610894943,3410.2241379310344,-2261.695035460993,24147.0,20252.0,0.24147,5,4,0.8,51.4,11.672189169131899,0.22708539239556225,35,0.06827754378186655,3.1758396488176586,80.92348116369136,2.4065588205574366,True,True,True,,,,,,,22.0,3.0,-1.0,92.0,,,4.0,139.0,37.0,115.0,,,,,0.0,,,,,,,,,,,,,,,,,,,,,,,,,,,,,,3.0,3.0,189.0487804878049,302.61823384681213,80.0,74.59824902723736,True,True
919,78004.0,274378.0,196374.0,1.3972216281177752,0.5255712731229597,84.87921653971708,568.0703933747412,-450.39908256880733,10048.0,7990.0,0.10048,10,8,0.8,91.9,22.64707486630448,0.2464317178052718,30,0.09603353674170555,7.7631369426751595,118.37998051381982,1.0612091747062058,2012-01-10 10:30:00,2021-05-17 00:30:00,TF_U,5,,,,,,,1500,7500,,313,88358.0,287698.0,199340.0,1.4432527340222736,0.45686900958466453,282.29392971246006,2011.8741258741259,-1172.5882352941176,22275.0,18934.0,0.22275,5,4,0.8,62.6,19.386593305684215,0.30968998890869354,32,0.08478009914212635,3.96668911335578,78.90711650331606,2.370457264236628,True,True,True,,,,,,,21.0,15.0,-1.0,24.0,,,28.0,78.0,37.0,7.0,,,,,0.0,,,,,,,,,,,,,,,,,,,,,,,,,,,,,,3.0,3.0,139.16037735849056,280.87448715688,100.0,70.57348242811501,True,True
232,78262.0,311298.0,233036.0,1.3358365231123088,0.33620689655172414,337.33620689655174,3991.0,-1513.2207792207791,28842.0,25752.0,0.28842,10,8,0.8,23.2,10.979981785048643,0.47327507694175186,7,0.05099537451125706,2.713473406837251,85.49927167718688,2.489371527915884,2012-01-13 02:00:00,2021-05-10 20:30:00,TF_M,5,,,,,,,1500,4000,,196,61736.0,259415.0,197679.0,1.3123042913005427,0.33163265306122447,314.9795918367347,3991.0,-1509.0,28911.0,25950.0,0.28911,5,4,0.8,39.2,19.630588376307013,0.5007803157221177,14,0.06464623558377608,2.135380996852409,91.78689905403654,2.3216155609030387,True,True,True,,,54.0,33.0,-48.0,17.0,14.0,4.0,-1.0,0.0,,,,,,,,,,,0.0,,,,,,,,,,,,,,,,,,,,,,,,,,,,,,3.0,2.0,-113.4776119402985,385.20343338253787,52.0,78.74489795918367,True,True
408,122833.0,382078.0,259245.0,1.4738104881482768,0.6568627450980392,301.0612745098039,1425.6641791044776,-1851.75,29832.0,28095.0,0.29832,10,9,0.9,40.8,7.871467461661771,0.19292812406033755,19,0.020279566565987967,4.1174912845266824,99.08946292934309,2.1845055762362064,2012-01-10 10:30:00,2021-04-29 21:30:00,TF_U,5,,,,,,,5000,2500,,221,66761.0,387501.0,320740.0,1.2081467855583963,0.7058823529411765,302.08597285067873,2483.980769230769,-4934.461538461538,26809.0,25045.0,0.26809,5,4,0.8,44.2,13.629380029920657,0.30835701425159856,22,0.07842902293255044,2.490245812973255,88.74625904345352,2.3122229060333934,True,True,True,,,,,,,21.0,16.0,-1.0,184.0,,,28.0,77.0,52.0,15.0,,,,,0.0,,,,,,,,,,,,,,,,,,,,,,,,,,,,,,3.0,3.0,123.77777777777777,307.55491929542563,70.0,75.52149321266968,True,True
641,69131.0,330853.0,261722.0,1.2641390483031614,0.5351014040561622,107.84867394695787,964.5860058309038,-878.261744966443,13787.0,13190.0,0.13787,10,7,0.7,64.1,14.631814651641813,0.22826543918317962,26,0.05773097452662337,5.014216290708639,127.8365277516599,1.1511167377263136,2012-01-10 22:30:00,2021-05-17 16:00:00,TF_U,5,,,,,,,2250,4000,,269,76979.0,365841.0,288862.0,1.266490573353366,0.48698884758364314,286.1672862453532,2792.679389312977,-2093.2028985507245,24147.0,20635.0,0.24147,5,5,1.0,53.8,11.160645142642965,0.2074469357368581,37,0.06801855051377649,3.18793224831242,84.3807142207615,2.307957679466742,True,True,True,,,,,,,22.0,3.0,-1.0,48.0,,,4.0,139.0,37.0,115.0,,,,,0.0,,,,,,,,,,,,,,,,,,,,,,,,,,,,,,3.0,3.0,101.80459770114942,291.1349792790679,84.0,71.5418215613383,True,True
211,83336.0,271596.0,188260.0,1.442664400297461,0.6445497630331753,394.957345971564,1997.0294117647059,-2510.133333333333,19225.0,18103.0,0.19225,10,9,0.9,21.1,12.895347998406246,0.6111539335737557,8,0.03373092061054046,4.334772431729519,48.67614236344437,3.569903434059523,2012-02-03 16:30:00,2021-05-19 09:30:00,TF_M,5,,,,,,,2500,2000,,247,77447.0,308605.0,231158.0,1.335039237231677,0.6275303643724697,313.5506072874494,1991.0,-2512.586956521739,29186.0,27460.0,0.29186,5,4,0.8,49.4,23.122283624244382,0.46806242154340855,23,0.025707903469469443,2.653566778592476,93.0822627086911,2.300169307832204,True,True,True,,,47.0,48.0,50.0,7.0,2.0,1.0,-1.0,0.0,,,,,,,,,,,0.0,,,,,,,,,,,,,,,,,,,,,,,,,,,,,,3.0,2.0,-175.62337662337663,298.08177987363695,77.0,78.38765182186235,True,True
643,112368.0,379232.0,266864.0,1.421068409377061,0.5241057542768274,174.75583203732504,1125.3175074183976,-872.1045751633987,15002.0,14512.0,0.15002,10,9,0.9,64.3,13.638548309845882,0.21210806080631234,25,0.035873202335184394,7.490201306492468,85.8454898191656,1.7881195215787695,2012-01-10 10:30:00,2021-05-14 21:00:00,TF_U,5,,,,,,,1250,4000,,287,75592.0,323615.0,248023.0,1.3047781858940501,0.313588850174216,263.3867595818815,3595.722222222222,-1259.0,20735.0,19930.0,0.20735,5,5,1.0,57.4,17.861690849412884,0.3111792830908168,30,0.05279659223198222,3.645623342175066,78.72453434225845,2.292352318136951,True,True,True,,,,,,,21.0,15.0,-1.0,92.0,,,28.0,78.0,37.0,7.0,,,,,0.0,,,,,,,,,,,,,,,,,,,,,,,,,,,,,,3.0,3.0,243.90816326530611,262.9866769840249,88.0,65.84668989547038,True,True
276,140581.0,327293.0,186712.0,1.7529296456574832,0.463768115942029,509.3514492753623,2556.9765625,-1261.5675675675675,14732.0,12363.0,0.14732,10,10,1.0,27.6,16.59035864591239,0.6010999509388546,6,0.07106934792041598,9.542560412707033,28.923055035886783,5.259278124975517,2012-01-12 11:30:00,2021-05-07 15:30:00,PC,8,,,,,,1.0,5000,10000,2000.0,293,85198.0,310006.0,224808.0,1.3789811750471515,0.39590443686006827,290.77815699658703,2672.4655172413795,-1270.1016949152543,25618.0,21686.0,0.25618,5,4,0.8,58.6,20.51925924588897,0.3501580076090268,30,0.11726801098617338,3.325708486220626,88.10152820488744,2.27681957131755,True,True,True,,,55.0,56.0,-48.0,-27.0,22.0,21.0,-1.0,0.0,,,,,,,,,50.0,5.0,0.0,0.0,0.0,,,,,,,,,,,,,,,,,,,,,,,,,,,,3.0,3.0,214.39080459770116,288.1969790034836,87.0,72.69453924914676,True,True
336,56851.0,339298.0,282447.0,1.2012802401866545,0.5595238095238095,169.19940476190476,1804.776595744681,-1908.4256756756756,20994.0,18849.0,0.20994,10,6,0.6,33.6,6.681317235396026,0.19884872724392935,18,0.05665687498900635,2.707964180241974,124.07845068688326,1.4634931075224562,2012-01-13 02:00:00,2021-05-10 17:00:00,TF_M,5,,,,,,,2500,2500,,198,61158.0,276932.0,215774.0,1.2834354463466404,0.5656565656565656,308.8787878787879,2472.6071428571427,-2509.0,29733.0,27653.0,0.29733,5,4,0.8,39.6,20.2741214359587,0.5119727635343106,14,0.040730566728800814,2.0569064675612956,96.26106151280291,2.24495771831887,True,True,True,,,54.0,33.0,-48.0,17.0,14.0,4.0,-1.0,322.0,,,,,,,,,,,0.0,,,,,,,,,,,,,,,,,,,,,,,,,,,,,,3.0,3.0,27.231884057971016,364.17332284084205,51.0,77.21969696969697,True,True
554,101804.0,350365.0,248561.0,1.4095735050953286,0.5415162454873647,183.76173285198556,1167.8833333333334,-978.5866141732283,14562.0,12072.0,0.14562,10,10,1.0,55.4,13.162066707018317,0.23758243153462666,26,0.03920278181603866,6.9910726548551025,79.2439196888138,1.9084641716288993,2012-01-10 22:30:00,2021-05-17 14:00:00,TF_U,5,,,,,,,1500,4000,,266,73371.0,332527.0,259156.0,1.2831151893068269,0.36466165413533835,275.8308270676692,3428.1134020618556,-1533.4674556213017,23716.0,22441.0,0.23716,5,4,0.8,53.2,12.08966500776593,0.22724934225123927,36,0.07136334519087922,3.093734187890032,85.98023742350519,2.2447166493039976,True,True,True,,,,,,,22.0,3.0,-1.0,92.0,,,4.0,139.0,37.0,115.0,,,,,0.0,,,,,,,,,,,,,,,,,,,,,,,,,,,,,,3.0,3.0,114.88235294117646,282.5181054929979,82.0,68.9577067669173,True,True
595,101650.0,298651.0,197001.0,1.515987228491226,0.4890756302521008,170.8403361344538,1026.2920962199312,-648.0296052631579,11567.0,10723.0,0.11567,10,9,0.9,59.5,14.705441169852742,0.24715027176223095,20,0.024505656665027055,8.78793118353938,67.70649286768322,1.9907627066974212,2012-01-10 10:30:00,2021-04-23 22:00:00,TF_U,5,,,,,,,750,2500,,242,51037.0,179308.0,128271.0,1.3978841671149362,0.30165289256198347,210.89669421487602,2456.27397260274,-759.0,13871.0,12806.0,0.13871,5,5,1.0,48.4,14.66424222385869,0.3029802112367498,22,0.048807727726943195,3.6794030711556487,65.77153829574623,2.2441678345969938,True,True,True,,,,,,,21.0,16.0,-1.0,92.0,,,28.0,77.0,52.0,15.0,,,,,0.0,,,,,,,,,,,,,,,,,,,,,,,,,,,,,,3.0,3.0,113.375,211.052337398374,80.0,52.724173553719005,True,True
490,144930.0,426248.0,281318.0,1.5151821070816656,0.536734693877551,295.7755102040816,1620.7148288973383,-1239.2863436123348,13087.0,11617.0,0.13087,10,9,0.9,49.0,10.917875251164945,0.22281378063601928,27,0.02781342717173808,11.07434859020402,44.24639481128821,3.2402730444294265,2012-01-10 10:30:00,2021-05-14 20:30:00,TF_U,5,,,,,,,1500,3000,,289,70539.0,336123.0,265584.0,1.265599584312308,0.39100346020761245,244.07958477508652,2974.5398230088495,-1509.0,18901.0,16707.0,0.18901,5,4,0.8,57.8,17.508854902591434,0.3029213650967376,31,0.04240207544762472,3.7320247605946775,77.43785707197436,2.2249922968318647,True,True,True,,,,,,,21.0,15.0,-1.0,184.0,,,28.0,78.0,37.0,7.0,,,,,0.0,,,,,,,,,,,,,,,,,,,,,,,,,,,,,,3.0,3.0,94.96039603960396,248.34328489028678,89.0,61.01989619377163,True,True
420,104245.0,299687.0,195442.0,1.533380747229357,0.38571428571428573,248.20238095238096,1849.9197530864199,-757.5271317829457,12318.0,12143.0,0.12318,10,9,0.9,42.0,10.535653752852738,0.25084889887744616,20,0.01977073240922826,8.46281863938951,49.628855100964074,2.802691461166988,2012-01-10 10:30:00,2021-04-23 22:00:00,TF_U,5,,,,,,,750,2000,,243,43813.0,165253.0,121440.0,1.3607789855072463,0.34156378600823045,180.30041152263374,1991.0,-759.0,10652.0,9592.0,0.10652,5,5,1.0,48.6,14.853955702101715,0.3056369486029159,22,0.04544313331659553,4.113124295906872,59.07917741309657,2.1893771748042727,True,True,True,,,,,,,21.0,16.0,-1.0,460.0,,,28.0,77.0,52.0,15.0,,,,,0.0,,,,,,,,,,,,,,,,,,,,,,,,,,,,,,3.0,3.0,100.375,180.24865753287165,80.0,45.075102880658434,True,True
389,90054.0,385993.0,295939.0,1.304299196793934,0.6632390745501285,231.5012853470437,1496.0968992248063,-2259.0763358778627,21084.0,20359.0,0.21084,10,7,0.7,38.9,22.945369903316006,0.5898552674374294,15,0.026772825193772627,4.271200910643142,91.07508828036511,1.9980959976014894,2012-01-10 22:30:00,2021-05-17 16:00:00,TF_U,5,,,,,,,2250,1500,,285,73080.0,289316.0,216236.0,1.3379640762870197,0.6701754385964912,256.42105263157896,1514.7434554973822,-2300.3829787234044,21647.0,18022.0,0.21647,5,4,0.8,57.0,11.865917579353061,0.20817399262022915,38,0.07164750957854406,3.375987434748464,84.41974548440065,2.1842093762080683,True,True,True,,,,,,,22.0,3.0,-1.0,0.0,,,4.0,139.0,37.0,115.0,,,,,0.0,,,,,,,,,,,,,,,,,,,,,,,,,,,,,,3.0,3.0,98.6063829787234,260.08683639743856,88.0,64.10526315789474,True,True
189,69134.0,204287.0,135153.0,1.5115239765303028,0.43386243386243384,365.7883597883598,2491.3048780487807,-1263.1121495327102,10352.0,8948.0,0.10352,10,6,0.6,18.9,6.220128616033595,0.3291073341816717,11,0.03639309167703301,6.678323029366306,28.300517834929266,4.505647342544948,2012-01-12 11:30:00,2021-05-13 10:30:00,BO,5,,,,,,,1250,2500,,129,25089.0,124550.0,99461.0,1.2522496254813444,0.3875968992248062,194.48837209302326,2491.0,-1259.0,12483.0,11358.0,0.12483,5,4,0.8,25.8,5.491812087098393,0.21286093360846484,18,0.0992865399178923,2.00985340062485,64.18378572282674,2.181592354497071,True,True,True,,,47.0,7.0,-1.0,38.0,4.0,3.0,-1.0,0.0,,,,,,,,,,2.0,0.0,,,,,,,,0.0,4.0,1.0,,,,,,,,,,,,,,,,,,,,3.0,3.0,23.894736842105264,187.12771047541483,38.0,48.622093023255815,True,True
706,66391.0,281595.0,215204.0,1.3085026300626383,0.36827195467422097,94.03824362606233,1083.0576923076924,-482.52017937219733,11975.0,11430.0,0.11975,10,9,0.9,70.6,14.74584687293341,0.20886468658545906,27,0.06071606091187059,5.544133611691023,127.34180837764154,1.0769764208977608,2012-01-10 10:30:00,2021-05-14 21:00:00,TF_U,5,,,,,,,500,4000,,304,61044.0,189821.0,128777.0,1.4740287473694837,0.16776315789473684,200.80263157894737,3721.9803921568628,-509.0,13485.0,12209.0,0.13485,5,5,1.0,60.8,18.594622878671135,0.30583261313603843,32,0.06537907083415241,4.526807563959956,67.15549439748378,2.167122053221452,True,True,True,,,,,,,21.0,15.0,-1.0,92.0,,,28.0,78.0,37.0,7.0,,,,,0.0,,,,,,,,,,,,,,,,,,,,,,,,,,,,,,3.0,3.0,168.0873786407767,202.90036090409205,95.0,50.20065789473684,True,True
565,119895.0,360323.0,240428.0,1.4986731994609612,0.5628318584070796,212.20353982300884,1133.0911949685535,-973.3927125506073,12463.0,10563.0,0.12463,10,10,1.0,56.5,13.937359864766353,0.2466789356595815,26,0.027532424204512282,9.620075423252828,58.731348263063516,2.3822140058175525,2012-01-10 22:30:00,2021-05-17 14:00:00,TF_U,5,,,,,,,1500,2500,,283,71703.0,308224.0,236521.0,1.303157013542138,0.4558303886925795,253.36749116607774,2389.3333333333335,-1535.8506493506493,21797.0,19441.0,0.21797,5,5,1.0,56.6,11.959933110180843,0.2113062386957746,38,0.07302344392842698,3.2895811350185804,86.02918985258636,2.1507601244238113,True,True,True,,,,,,,22.0,3.0,-1.0,92.0,,,4.0,139.0,37.0,115.0,,,,,0.0,,,,,,,,,,,,,,,,,,,,,,,,,,,,,,3.0,3.0,97.61764705882354,263.350880723746,88.0,63.341872791519435,True,True
637,49872.0,178983.0,129111.0,1.3862722773427516,0.2401883830455259,78.29199372056515,1169.8235294117646,-266.7582644628099,12413.0,11421.0,0.12413,10,8,0.8,63.7,15.537374295549425,0.2439148241059564,27,0.08002486365094642,4.017723354547652,158.54750160410651,0.8806805842921949,2012-01-10 22:30:00,2021-05-17 02:30:00,TF_U,5,,,,,,,250,4000,,290,58575.0,131909.0,73334.0,1.7987427387023753,0.11724137931034483,201.98275862068965,3879.676470588235,-286.4609375,13859.0,13256.0,0.13859,5,4,0.8,58.0,13.311649033834989,0.2295111902385343,39,0.06813486982501067,4.226495418139837,68.61476739223218,2.1502442697053272,True,True,True,,,,,,,22.0,3.0,-1.0,92.0,,,4.0,139.0,37.0,115.0,,,,,0.0,,,,,,,,,,,,,,,,,,,,,,,,,,,,,,3.0,3.0,194.80434782608697,201.41626409017712,90.0,50.49568965517241,True,True
567,77582.0,332645.0,255063.0,1.3041679898691696,0.599647266313933,136.8289241622575,978.3676470588235,-1123.625550660793,21021.0,18751.0,0.21021,10,9,0.9,56.7,14.170744511139844,0.24992494728641698,20,0.025663169291846047,3.6906902621188333,153.6297981490552,1.1827437809595458,2012-01-10 10:30:00,2021-04-27 21:30:00,TF_U,5,,,,,,,4000,2000,,237,64477.0,320731.0,256254.0,1.2516136333481624,0.679324894514768,272.0548523206751,1992.1180124223602,-3371.7631578947367,25693.0,24108.0,0.25693,5,5,1.0,47.4,14.595889832415152,0.307930165240826,22,0.08120725219845837,2.5095162106410305,94.4405136715418,2.127102974201135,True,True,True,,,,,,,21.0,16.0,-1.0,92.0,,,28.0,77.0,52.0,15.0,,,,,0.0,,,,,,,,,,,,,,,,,,,,,,,,,,,,,,3.0,3.0,85.62962962962963,275.6965333463224,77.0,68.01371308016877,True,True
639,71229.0,333701.0,262472.0,1.2713775183638636,0.5336463223787168,111.46948356807512,978.5953079178886,-880.7785234899329,19796.0,13910.0,0.19796,10,7,0.7,63.9,14.341896666759245,0.22444282733582543,26,0.0841090005475298,3.598151141644777,177.59120582908648,0.9929027498561294,2012-01-10 22:30:00,2021-05-17 16:00:00,TF_U,5,,,,,,,2250,6000,,261,67981.0,367259.0,299278.0,1.2271500076851622,0.4559386973180077,260.46360153256705,3086.2100840336134,-2107.5915492957747,25051.0,20995.0,0.25051,5,4,0.8,52.2,11.08873302050329,0.21242783564182546,36,0.08871596475485798,2.7137040437507483,96.17850575896206,2.0624050096349444,True,True,True,,,,,,,22.0,3.0,-1.0,48.0,,,4.0,139.0,37.0,115.0,,,,,0.0,,,,,,,,,,,,,,,,,,,,,,,,,,,,,,3.0,3.0,107.144578313253,263.27049968165346,82.0,65.11590038314176,True,True
499,127784.0,406322.0,278538.0,1.458766846893422,0.5450901803607214,256.08016032064126,1493.8308823529412,-1227.0396475770924,13087.0,11617.0,0.13087,10,9,0.9,49.9,11.308846094982458,0.22663018226417753,27,0.019493833343767607,9.764193474440285,51.10509140424467,2.8054034633482963,2012-01-10 10:30:00,2021-05-14 18:30:00,TF_U,5,,,,,,,1500,2500,,297,66467.0,319979.0,253512.0,1.2621848275426804,0.43434343434343436,223.7946127946128,2480.4573643410854,-1509.0,18759.0,16144.0,0.18759,5,5,1.0,59.4,17.590906741836818,0.29614321114203396,31,0.03747724434681872,3.5432059278213126,83.82239306723638,2.047784414123906,True,True,True,,,,,,,21.0,15.0,-1.0,184.0,,,28.0,78.0,37.0,7.0,,,,,0.0,,,,,,,,,,,,,,,,,,,,,,,,,,,,,,3.0,3.0,211.0,224.19848641210874,95.0,55.9486531986532,True,True
298,128583.0,263470.0,134887.0,1.9532645844299303,0.1174496644295302,431.4865771812081,7527.714285714285,-512.8783269961978,14977.0,14577.0,0.14977,10,9,0.9,29.8,16.4730082255792,0.5527855109254765,9,0.06825163513061602,8.585364225145222,34.71023385673067,4.418698018919036,2012-01-10 10:30:00,2021-05-17 20:00:00,TF_U,5,,,,,,,500,7500,,280,65480.0,194766.0,129286.0,1.5064740188419472,0.09285714285714286,233.85714285714286,7491.0,-509.0,20521.0,14905.0,0.20521,5,4,0.8,56.0,19.667231630303235,0.3512005648268435,30,0.11440134392180819,3.1908776375420302,87.7501527183873,2.0459302620660176,True,True,True,,,,,,,21.0,15.0,-1.0,0.0,,,28.0,78.0,37.0,7.0,,,,,0.0,,,,,,,,,,,,,,,,,,,,,,,,,,,,,,3.0,3.0,71.15,237.42506284565107,78.0,58.464285714285715,True,True
638,104698.0,388408.0,283710.0,1.3690317577808326,0.5376175548589341,164.10344827586206,1132.3848396501458,-961.728813559322,14788.0,13188.0,0.14788,10,9,0.9,63.8,13.6,0.21316614420062696,25,0.038501213012665,7.079929672707601,90.11388947257828,1.6912290620231387,2012-01-10 10:30:00,2021-05-14 21:00:00,TF_U,5,,,,,,,1500,4000,,286,71561.0,352559.0,280998.0,1.2546672930056442,0.34615384615384615,250.21328671328672,3561.2020202020203,-1502.6631016042782,23682.0,21662.0,0.23682,5,5,1.0,57.2,17.116074316267735,0.29923206846621914,31,0.0557706013051802,3.021746474115362,94.64725199480164,2.0377017867858154,True,True,True,,,,,,,21.0,15.0,-1.0,92.0,,,28.0,78.0,37.0,7.0,,,,,0.0,,,,,,,,,,,,,,,,,,,,,,,,,,,,,,3.0,3.0,167.68316831683168,251.5354781612182,88.0,62.55332167832168,True,True
493,153318.0,410838.0,257520.0,1.595363466915191,0.513184584178499,310.9898580121704,1623.8656126482213,-1073.0,12196.0,11467.0,0.12196,10,9,0.9,49.3,11.018620603324175,0.22350143211610904,27,0.026291759610743683,12.57117087569695,39.21671297564539,3.5292056448738927,2012-01-10 10:30:00,2021-05-14 20:30:00,TF_U,5,,,,,,,1250,3000,,290,62280.0,300231.0,237951.0,1.2617345587957185,0.3482758620689655,214.75862068965517,2972.5841584158416,-1259.0,17485.0,16680.0,0.17485,5,5,1.0,58.0,18.253766734567417,0.3147201161132313,30,0.04802504816955684,3.5619102087503576,81.41698779704559,2.0354349839098282,True,True,True,,,,,,,21.0,15.0,-1.0,184.0,,,28.0,78.0,37.0,7.0,,,,,0.0,,,,,,,,,,,,,,,,,,,,,,,,,,,,,,3.0,3.0,186.0,215.98776282122594,89.0,53.689655172413794,True,True
356,143016.0,229793.0,86777.0,2.6480864745266603,0.06460674157303371,401.7303370786517,9991.0,-260.59159159159157,21628.0,14504.0,0.21628,10,8,0.8,35.6,19.56629755472404,0.5496150998517989,13,0.06985931644011859,6.612539300906232,53.837109134642276,3.4234650276003866,2012-01-10 10:30:00,2021-05-14 15:00:00,TF_U,5,,,,,,,250,10000,,286,59171.0,129883.0,70712.0,1.836788663876004,0.045454545454545456,206.8916083916084,9991.0,-259.01831501831504,16317.0,12542.0,0.16317,5,4,0.8,57.2,18.712562625145708,0.32714270323681305,31,0.16884960538101434,3.6263406263406264,78.86738436058204,2.029841680803202,True,True,True,,,,,,,21.0,15.0,-1.0,0.0,,,28.0,78.0,37.0,7.0,,,,,0.0,,,,,,,,,,,,,,,,,,,,,,,,,,,,,,3.0,3.0,66.15,213.0549128553047,83.0,51.7229020979021,True,True
476,132941.0,433750.0,300809.0,1.4419448886170294,0.5672268907563025,279.2878151260504,1606.4814814814815,-1460.2378640776699,13842.0,12645.0,0.13842,10,9,0.9,47.6,10.248902380255165,0.21531307521544465,26,0.03032172166600221,9.60417569715359,49.56177552448079,2.9750345458089194,2012-01-10 10:30:00,2021-05-14 20:30:00,TF_U,5,,,,,,,2000,3000,,283,65873.0,377448.0,311575.0,1.2114194014282276,0.45229681978798586,232.76678445229683,2948.8125,-2010.1612903225807,20722.0,18081.0,0.20722,5,4,0.8,56.6,17.024687956024334,0.3007895398590872,31,0.04540555310977183,3.1788919988418107,89.02472940354924,2.026490720389007,True,True,True,,,,,,,21.0,15.0,-1.0,184.0,,,28.0,78.0,37.0,7.0,,,,,0.0,,,,,,,,,,,,,,,,,,,,,,,,,,,,,,3.0,3.0,68.42574257425743,244.94367452733647,86.0,58.19169611307421,True,True
715,91280.0,281901.0,190621.0,1.4788559497641918,0.4909090909090909,127.66433566433567,803.1367521367522,-523.684065934066,10618.0,9704.0,0.10618,10,9,0.9,71.5,21.54646142641524,0.30134911085895444,20,0.04416082383873795,8.596722546618949,83.17123137598598,1.552700440045367,2012-01-10 10:30:00,2021-04-23 22:00:00,TF_U,5,,,,,,,750,4000,,242,46322.0,185978.0,139656.0,1.3316864295125164,0.2396694214876033,191.41322314049586,3206.5172413793102,-759.0,14098.0,12707.0,0.14098,5,5,1.0,48.4,14.894294209528695,0.3077333514365433,22,0.08615776520875609,3.2857142857142856,73.65217391304348,2.020377996779186,True,True,True,,,,,,,21.0,16.0,-1.0,48.0,,,28.0,77.0,52.0,15.0,,,,,0.0,,,,,,,,,,,,,,,,,,,,,,,,,,,,,,3.0,3.0,103.72151898734177,190.68565337317696,79.0,47.853305785123965,True,True
259,53479.0,269970.0,216491.0,1.2470264352790648,0.17374517374517376,206.48262548262548,5999.333333333333,-1011.6401869158879,19778.0,16708.0,0.19778,10,7,0.7,25.9,11.970380110923797,0.4621768382596061,9,0.11866340058714636,2.70396400040449,95.7852989023729,1.8400591097867631,2012-01-12 11:30:00,2021-05-13 13:30:00,BO,6,,,,,,,1000,6000,,257,69687.0,281577.0,211890.0,1.3288829109443578,0.1828793774319066,271.15564202334633,5991.0,-1009.0,29094.0,25792.0,0.29094,5,4,0.8,51.4,20.37253052519495,0.39635273395320914,19,0.08597012355245598,2.395236131161064,107.29631064617503,1.9923075240741115,True,True,True,,,55.0,33.0,-1.0,5.0,1.0,21.0,-1.0,0.0,,,,,,,,,,0.0,0.0,,,,,,,,0.0,4.0,0.0,,,,,,,,,,,,,,,,,,,,3.0,3.0,208.3913043478261,271.7971014492754,80.0,67.78891050583658,True,True
316,35841.0,319743.0,283902.0,1.1262442673880424,0.4050632911392405,113.42088607594937,2497.9921875,-1510.1170212765958,22781.0,21558.0,0.22781,10,6,0.6,31.6,13.222707740852476,0.41844011838140743,17,0.08986914427610837,1.5732847548395592,200.85365921709774,0.9417726864212462,2012-01-13 02:00:00,2021-05-10 17:00:00,TF_M,5,,,,,,,1500,2500,,207,47637.0,224190.0,176553.0,1.2698169954631187,0.43478260869565216,230.1304347826087,2491.0,-1509.0,21387.0,20144.0,0.21387,5,4,0.8,41.4,21.265935201631738,0.5136699324065638,14,0.05229128618510821,2.227381119371581,92.93425278669942,1.9721437620618616,True,True,True,,,54.0,33.0,-48.0,17.0,14.0,4.0,-1.0,0.0,,,,,,,,,,,0.0,,,,,,,,,,,,,,,,,,,,,,,,,,,,,,3.0,3.0,41.0,271.976430976431,55.0,57.53260869565217,True,True
562,80287.0,288252.0,207965.0,1.3860601543528959,0.2704626334519573,142.8594306049822,1896.3947368421052,-507.2317073170732,24263.0,23211.0,0.24263,10,7,0.7,56.2,10.78702924812944,0.19194002220870887,26,0.12444106766973483,3.309030210608746,169.8382801698905,1.149413021033086,2012-01-10 10:30:00,2021-05-17 20:00:00,TF_U,5,,,,,,,500,10000,,283,62803.0,193716.0,130913.0,1.4797308135937608,0.09187279151943463,221.91872791519435,7450.615384615385,-509.3891050583658,19942.0,15130.0,0.19942,5,4,0.8,56.6,17.647662734764623,0.3117961613916011,30,0.15908475709759087,3.149282920469361,89.86172635065203,1.96946852841129,True,True,True,,,,,,,21.0,15.0,-1.0,184.0,,,28.0,78.0,37.0,7.0,,,,,0.0,,,,,,,,,,,,,,,,,,,,,,,,,,,,,,3.0,3.0,75.24418604651163,222.99536497709255,86.0,55.47968197879859,True,True
471,126381.0,237099.0,110718.0,2.14146751205766,0.12526539278131635,268.3248407643312,4018.6271186440677,-268.7330097087379,18614.0,15375.0,0.18614,10,8,0.8,47.1,13.427211177307074,0.2850787935733986,25,0.07905460472697637,6.789566992586225,69.37113964915612,2.464793116790268,2012-01-10 22:30:00,2021-05-17 02:30:00,TF_U,5,,,,,,,250,10000,,270,66535.0,139874.0,73339.0,1.9072253507683496,0.05185185185185185,246.42592592592592,9991.0,-286.48046875,25070.0,18674.0,0.2507,5,4,0.8,54.0,14.394443372357264,0.2665637661547641,35,0.15016156909897047,2.653968887116075,101.73442549034343,1.95051222690379,True,True,True,,,,,,,22.0,3.0,-1.0,460.0,,,4.0,139.0,37.0,115.0,,,,,0.0,,,,,,,,,,,,,,,,,,,,,,,,,,,,,,3.0,3.0,45.63855421686747,237.9981004477681,83.0,61.60648148148148,True,True
475,81595.0,270466.0,188871.0,1.4320144437208464,0.2231578947368421,171.77894736842106,2551.566037735849,-511.8455284552846,13628.0,11717.0,0.13628,10,8,0.8,47.5,10.042410069301093,0.21141915935370723,27,0.07342361664317666,5.987305547402407,79.33451804644892,1.8441375954642274,2012-01-10 10:30:00,2021-05-17 20:00:00,TF_U,5,,,,,,,500,6000,,291,65211.0,196533.0,131322.0,1.4965733083565587,0.1134020618556701,224.09278350515464,5955.545454545455,-509.0,21085.0,16405.0,0.21085,5,4,0.8,58.2,18.712562625145708,0.3215216945901324,32,0.09187100335832912,3.092767370168366,94.09049086810508,1.9341070831087492,True,True,True,,,,,,,21.0,15.0,-1.0,322.0,,,28.0,78.0,37.0,7.0,,,,,0.0,,,,,,,,,,,,,,,,,,,,,,,,,,,,,,3.0,3.0,25.801980198019802,238.81541263370036,85.0,56.02319587628866,True,True
293,95713.0,267437.0,171724.0,1.5573653071207285,0.22866894197952217,326.6655290102389,3991.597014925373,-759.8407079646017,13904.0,10234.0,0.13904,10,9,0.9,29.3,11.653754759733019,0.3977390702980552,16,0.04211549110361184,6.883846375143843,42.56341353839081,3.4719453128177356,2012-01-10 10:30:00,2021-04-23 22:00:00,TF_U,5,,,,,,,750,4000,,237,43367.0,187577.0,144210.0,1.3007211705152208,0.19831223628691982,182.9831223628692,3991.0,-759.0,14098.0,12707.0,0.14098,5,5,1.0,47.4,14.691494137765567,0.3099471337081343,22,0.09202850093388983,3.0761100865370974,77.0453570687389,1.9313977798312345,True,True,True,,,,,,,21.0,16.0,-1.0,0.0,,,28.0,77.0,52.0,15.0,,,,,0.0,,,,,,,,,,,,,,,,,,,,,,,,,,,,,,3.0,3.0,116.0,182.32705567562004,76.0,45.7457805907173,True,True
651,81561.0,320965.0,239404.0,1.340683530768074,0.5376344086021505,125.28571428571429,917.0428571428571,-795.3621262458472,13269.0,12810.0,0.13269,10,7,0.7,65.1,15.129111011556496,0.2323980186106989,26,0.04047277497823715,6.146732986660638,105.90992018244013,1.363081750387799,2012-01-10 22:30:00,2021-05-17 16:00:00,TF_U,5,,,,,,,1750,2500,,285,68770.0,312998.0,244228.0,1.2815811454870039,0.5017543859649123,241.2982456140351,2188.7972027972028,-1719.9154929577464,24568.0,21770.0,0.24568,5,4,0.8,57.0,11.696153213770756,0.20519567041703082,38,0.07613785080703796,2.79916965157929,101.81590809946196,1.9293397387791384,True,True,True,,,,,,,22.0,3.0,-1.0,48.0,,,4.0,139.0,37.0,115.0,,,,,0.0,,,,,,,,,,,,,,,,,,,,,,,,,,,,,,3.0,3.0,80.31372549019608,252.95664852862993,88.0,60.324561403508774,True,True
421,132796.0,370266.0,237470.0,1.5592116898976713,0.667458432304038,315.4299287410926,1317.6725978647687,-1696.2142857142858,18951.0,17295.0,0.18951,10,10,1.0,42.1,7.930321557162736,0.18836868306799848,20,0.01540709057501732,7.007334705292597,60.07990451519624,2.871615435018697,2012-01-10 10:30:00,2021-04-29 15:00:00,TF_U,5,,,,,,,4000,2000,,230,56480.0,324592.0,268112.0,1.2106582323804977,0.7043478260869566,245.56521739130434,2003.6543209876543,-3942.823529411765,25693.0,24108.0,0.25693,5,4,0.8,46.0,14.939879517586478,0.3247799895127495,22,0.09270538243626063,2.198264118631534,104.62800991501416,1.919989663179023,True,True,True,,,,,,,21.0,16.0,-1.0,184.0,,,28.0,77.0,52.0,15.0,,,,,0.0,,,,,,,,,,,,,,,,,,,,,,,,,,,,,,3.0,3.0,31.061728395061728,255.7605544632149,71.0,61.391304347826086,True,True
623,65313.0,249374.0,184061.0,1.354844317916343,0.38362760834670945,104.8362760834671,1043.4058577405858,-479.3255208333333,13320.0,12985.0,0.1332,10,9,0.9,62.3,16.27298374607435,0.26120359142976485,19,0.06171818780334696,4.903378378378378,127.0552569932479,1.1384105725151243,2012-01-10 10:30:00,2021-04-23 22:00:00,TF_U,5,,,,,,,500,4000,,241,43176.0,145994.0,102818.0,1.419926472018518,0.16182572614107885,179.15352697095435,3743.4358974358975,-509.0,13749.0,11869.0,0.13749,5,5,1.0,48.2,14.702380759591284,0.3050286464645494,22,0.09243561237724662,3.140301112808204,76.74423290717066,1.914825725174484,True,True,True,,,,,,,21.0,16.0,-1.0,92.0,,,28.0,77.0,52.0,15.0,,,,,0.0,,,,,,,,,,,,,,,,,,,,,,,,,,,,,,3.0,3.0,163.9375,178.89796876608008,79.0,44.788381742738586,True,True
841,82361.0,292258.0,209897.0,1.3923876949170306,0.43162901307966706,97.93222354340071,805.1184573002755,-439.1150627615063,12225.0,10983.0,0.12225,10,9,0.9,84.1,19.57268504830137,0.23273109451012333,28,0.12130741491725452,6.737096114519427,124.8312308009859,1.110045110824983,2012-01-10 10:30:00,2021-05-17 12:30:00,TF_U,5,,,,,,,500,10000,,306,61701.0,194550.0,132849.0,1.4644445949913059,0.14705882352941177,201.63725490196077,4323.333333333333,-509.0,17426.0,12717.0,0.17426,5,5,1.0,61.2,19.156200040717888,0.3130098045868936,31,0.16192606278666472,3.5407437162860096,86.42252151504839,1.9143060347458203,True,True,True,,,,,,,21.0,15.0,-1.0,48.0,,,28.0,78.0,37.0,7.0,,,,,0.0,,,,,,,,,,,,,,,,,,,,,,,,,,,,,,3.0,3.0,37.29807692307692,200.63724148131362,97.0,50.40931372549019,True,True
324,130924.0,329928.0,199004.0,1.6578963236919861,0.37962962962962965,404.08641975308643,2682.3414634146343,-990.0696517412936,13877.0,12192.0,0.13877,10,9,0.9,32.4,8.187795796183488,0.25270974679578667,18,0.03078885460267025,9.434604021042013,34.3416638660597,4.298984785037258,2012-01-10 10:30:00,2021-04-23 22:30:00,TF_U,5,,,,,,,1000,4000,,235,47745.0,227487.0,179742.0,1.2656307373902593,0.2425531914893617,203.17021276595744,3991.0,-1009.7865168539325,17811.0,15135.0,0.17811,5,4,0.8,47.0,14.859340496805368,0.31615618078309293,22,0.08358990470206304,2.680646791308742,87.66540999057493,1.907898781159442,True,True,True,,,,,,,21.0,16.0,-1.0,460.0,,,28.0,77.0,52.0,15.0,,,,,0.0,,,,,,,,,,,,,,,,,,,,,,,,,,,,,,3.0,3.0,27.585365853658537,204.0526883784062,74.0,50.79255319148936,True,True
389,139739.0,385284.0,245545.0,1.569097314137938,0.4730077120822622,359.2262210796915,2093.9347826086955,-1197.780487804878,13958.0,12142.0,0.13958,10,8,0.8,38.9,16.64001201922643,0.427763805121502,26,0.023622610724278834,10.011391316807565,38.85573819763989,3.810622081017152,2012-01-10 22:30:00,2021-05-17 13:30:00,TF_U,5,,,,,,,1250,3000,,277,63682.0,293623.0,229941.0,1.2769493043867775,0.35379061371841153,229.89891696750902,2996.1530612244896,-1284.5865921787708,22911.0,21691.0,0.22911,5,4,0.8,55.4,13.093509842666327,0.23634494300841746,37,0.08222103577148959,2.7795382130854174,99.65684180773216,1.9035064364974372,True,True,True,,,,,,,22.0,3.0,-1.0,322.0,,,4.0,139.0,37.0,115.0,,,,,0.0,,,,,,,,,,,,,,,,,,,,,,,,,,,,,,3.0,3.0,71.9659090909091,233.7426492649265,88.0,57.474729241877256,True,True
467,110467.0,419488.0,309021.0,1.35747408752156,0.5203426124197003,236.54603854389723,1726.2880658436213,-1379.5580357142858,14097.0,12806.0,0.14097,10,8,0.8,46.7,9.808669634563088,0.21003575234610466,24,0.03649053563507654,7.836206285025183,59.59516416667421,2.4968461123669283,2012-01-10 10:30:00,2021-05-14 21:00:00,TF_U,5,,,,,,,1750,4000,,272,68777.0,376602.0,307825.0,1.2234288962884756,0.35661764705882354,252.8566176470588,3882.494845360825,-1759.0,27932.0,25912.0,0.27932,5,4,0.8,54.4,16.85941873256608,0.3099157855251118,30,0.05802811986565276,2.462301303164829,110.46576617183071,1.8961066202613166,True,True,True,,,,,,,21.0,15.0,-1.0,184.0,,,28.0,78.0,37.0,7.0,,,,,0.0,,,,,,,,,,,,,,,,,,,,,,,,,,,,,,3.0,3.0,242.46464646464648,253.30696660648354,81.0,63.2141544117647,True,True
650,131535.0,393893.0,262358.0,1.5013569245077336,0.5353846153846153,202.36153846153846,1131.8764367816093,-868.7350993377484,15002.0,14512.0,0.15002,10,9,0.9,65.0,13.274034804836093,0.20421592007440142,27,0.030645835709126847,8.767830955872551,74.134640970084,2.070583929138945,2012-01-10 10:30:00,2021-05-14 20:30:00,TF_U,5,,,,,,,1250,3000,,293,58583.0,297793.0,239210.0,1.24490196898123,0.3515358361774744,199.9419795221843,2891.1941747572814,-1259.0,17485.0,16680.0,0.17485,5,5,1.0,58.6,18.06211504780102,0.30822721924575114,30,0.05105576703139136,3.350471832999714,87.45036956113547,1.8950061169360075,True,True,True,,,,,,,21.0,15.0,-1.0,92.0,,,28.0,78.0,37.0,7.0,,,,,0.0,,,,,,,,,,,,,,,,,,,,,,,,,,,,,,3.0,3.0,177.58415841584159,200.9142846893385,92.0,49.98549488054608,True,True
649,121509.0,393832.0,272323.0,1.4461944088453784,0.5577812018489985,187.22496147919875,1087.9337016574586,-948.8606271777004,13619.0,11923.0,0.13619,10,9,0.9,64.9,13.232157798333574,0.20388532817154967,27,0.020500539054720227,8.922020706366107,72.74136895209409,2.010622725451816,2012-01-10 10:30:00,2021-05-14 18:30:00,TF_U,5,,,,,,,1500,2500,,299,61569.0,315619.0,254050.0,1.242349931115922,0.431438127090301,205.91638795986623,2446.6589147286822,-1494.4117647058824,18759.0,16144.0,0.18759,5,5,1.0,59.8,17.531685600648903,0.29317200001085125,31,0.040458672383829525,3.2821045897968975,91.10008283389368,1.8841935675363857,True,True,True,,,,,,,21.0,15.0,-1.0,92.0,,,28.0,78.0,37.0,7.0,,,,,0.0,,,,,,,,,,,,,,,,,,,,,,,,,,,,,,3.0,3.0,174.09278350515464,205.37308469779666,97.0,51.47909698996656,True,True
819,109884.0,372656.0,262772.0,1.4181724080191191,0.5262515262515263,134.16849816849816,864.631090487239,-677.2474226804123,12809.0,11779.0,0.12809,10,9,0.9,81.9,19.180458805774173,0.23419363621213884,27,0.03668413963816388,8.578655632758217,95.46950420443378,1.4857043421239977,2012-01-10 10:30:00,2021-05-14 21:00:00,TF_U,5,,,,,,,1250,4000,,304,67684.0,315914.0,248230.0,1.2726664786689763,0.34210526315789475,222.64473684210526,3037.6346153846152,-1241.15,22165.0,21360.0,0.22165,5,5,1.0,60.8,18.410866356584094,0.3028103019175016,31,0.05896519118255422,3.053643131062486,99.55321789492346,1.874208971116855,True,True,True,,,,,,,21.0,15.0,-1.0,48.0,,,28.0,78.0,37.0,7.0,,,,,0.0,,,,,,,,,,,,,,,,,,,,,,,,,,,,,,3.0,3.0,93.95918367346938,219.9033754527452,98.0,55.661184210526315,True,True
454,121449.0,447966.0,326517.0,1.3719530682935346,0.552863436123348,267.50881057268725,1784.7250996015937,-1608.4581280788177,16685.0,15645.0,0.16685,10,8,0.8,45.4,9.593747964169165,0.2113160344530653,23,0.03319088670964767,7.27893317350914,62.37177745391069,2.5954605481222583,2012-01-10 10:30:00,2021-05-14 21:00:00,TF_U,5,,,,,,,2500,4000,,268,66168.0,448605.0,382437.0,1.1730167321676512,0.4291044776119403,246.8955223880597,3900.913043478261,-2499.5882352941176,27475.0,23270.0,0.27475,5,3,0.6,53.6,16.230834852218784,0.30281408306378327,30,0.06280981743440939,2.4082984531392175,111.28188852617579,1.8667398998507552,True,True,True,,,,,,,21.0,15.0,-1.0,184.0,,,28.0,78.0,37.0,7.0,,,,,0.0,,,,,,,,,,,,,,,,,,,,,,,,,,,,,,3.0,3.0,178.70408163265307,248.32497165532877,80.0,61.723880597014926,True,True
716,82776.0,295944.0,213168.0,1.3883134429182618,0.38268156424581007,115.60893854748603,1080.087591240876,-482.28054298642536,11318.0,10615.0,0.11318,10,9,0.9,71.6,14.4512975196001,0.20183376424022487,29,0.030093263747946266,7.313659657183248,97.89900454237943,1.3619024963942665,2012-01-10 10:30:00,2021-05-14 18:30:00,TF_U,5,,,,,,,500,2500,,310,48525.0,170685.0,122160.0,1.3972249508840864,0.22580645161290322,156.53225806451613,2438.3571428571427,-509.0,11125.0,9725.0,0.11125,5,5,1.0,62.0,18.40652058374966,0.2968793642540268,32,0.05133436373003607,4.361797752808989,71.07161257083978,1.8599158154352988,True,True,True,,,,,,,21.0,15.0,-1.0,92.0,,,28.0,78.0,37.0,7.0,,,,,0.0,,,,,,,,,,,,,,,,,,,,,,,,,,,,,,3.0,3.0,112.60194174757281,157.0629674434745,101.0,39.13306451612903,True,True
541,110366.0,391648.0,281282.0,1.3923678017078946,0.5693160813308688,204.00369685767097,1271.5844155844156,-1207.2188841201717,18752.0,13959.0,0.18752,10,9,0.9,54.1,11.9870763741623,0.22157257623220517,24,0.09052606781073881,5.885558873720137,91.91990286863708,1.8670402789520077,2012-01-10 22:30:00,2021-05-17 16:30:00,TF_U,5,,,,,,,2500,10000,,234,58819.0,409837.0,351018.0,1.1675669054008626,0.39316239316239315,251.36324786324786,4454.75,-2471.957746478873,29056.0,22125.0,0.29056,5,3,0.6,46.8,11.214276615100948,0.2396212951944647,31,0.1698600792261004,2.0243323237885464,115.59366871249087,1.8480908329237002,True,True,True,,,,,,,22.0,3.0,-1.0,92.0,,,4.0,139.0,37.0,115.0,,,,,0.0,,,,,,,,,,,,,,,,,,,,,,,,,,,,,,3.0,2.0,-16.183908045977013,273.89517879948914,72.0,62.840811965811966,True,True
647,67782.0,338612.0,270830.0,1.2502750803086806,0.5595054095826894,104.76352395672333,935.3922651933701,-950.280701754386,21171.0,18716.0,0.21171,10,6,0.6,64.7,14.533065746772083,0.22462234539060405,26,0.04870024490277655,3.201643757970809,202.08369478622643,0.9023579716981301,2012-01-10 22:30:00,2021-05-18 00:30:00,TF_U,5,,,,,,,5000,2500,,277,70462.0,374673.0,304211.0,1.231622130692184,0.6425992779783394,254.3754512635379,2104.9044943820227,-3072.838383838384,29839.0,28589.0,0.29839,5,3,0.6,55.4,10.57544325312183,0.1908924774931738,38,0.07430955692429962,2.361406213344951,117.30298600664187,1.8455359599396606,True,True,True,,,,,,,22.0,3.0,-1.0,48.0,,,4.0,139.0,37.0,115.0,,,,,0.0,,,,,,,,,,,,,,,,,,,,,,,,,,,,,,3.0,2.0,-23.4,270.50797101449274,85.0,63.59386281588448,True,True
411,95326.0,403913.0,308587.0,1.3089112632742144,0.5425790754257908,231.9367396593674,1811.2690582959642,-1641.4202127659576,24897.0,22632.0,0.24897,10,9,0.9,41.1,12.202049008260868,0.2968868371839627,25,0.04186685689108952,3.828814716632526,107.34392505717223,1.8421945167700118,2012-01-10 22:30:00,2021-05-17 16:00:00,TF_U,5,,,,,,,2250,4000,,251,59906.0,398672.0,338766.0,1.1768359280447271,0.4063745019920319,238.66932270916334,3908.549019607843,-2273.5973154362414,26290.0,22590.0,0.2629,5,4,0.8,50.2,11.77115117564973,0.23448508318027347,35,0.08740359897172237,2.2786610878661087,110.15240543518179,1.8447637438507325,True,True,True,,,,,,,22.0,3.0,-1.0,184.0,,,4.0,139.0,37.0,115.0,,,,,0.0,,,,,,,,,,,,,,,,,,,,,,,,,,,,,,3.0,3.0,77.9620253164557,242.615546900357,78.0,59.667330677290835,True,True
592,99022.0,301420.0,202398.0,1.489243964861313,0.47297297297297297,167.2668918918919,1076.5,-648.7115384615385,11853.0,10768.0,0.11853,10,9,0.9,59.2,14.891608375189028,0.2515474387700849,19,0.05040294076063905,8.354171939593352,70.86279816606411,1.9254635065292407,2012-01-10 10:30:00,2021-04-23 22:00:00,TF_U,5,,,,,,,750,5000,,238,52668.0,196119.0,143451.0,1.3671497584541064,0.20588235294117646,221.2941176470588,4002.4285714285716,-759.0,22693.0,18252.0,0.22693,5,4,0.8,47.6,14.880860190190619,0.3126231132392987,22,0.09476342371079213,2.3208919049927292,102.546783625731,1.8410405756459858,True,True,True,,,,,,,21.0,16.0,-1.0,92.0,,,28.0,77.0,52.0,15.0,,,,,0.0,,,,,,,,,,,,,,,,,,,,,,,,,,,,,,3.0,3.0,124.88157894736842,219.52099379546428,76.0,55.3235294117647,True,True
682,60497.0,186194.0,125697.0,1.4812923140568193,0.29178885630498536,88.70527859237536,935.6482412060302,-260.2422360248447,12073.0,11397.0,0.12073,10,7,0.7,68.2,15.784802817900514,0.2314487216700955,27,0.0990297039522621,5.010933487948314,136.10238524224343,1.0117688651353371,2012-01-10 22:30:00,2021-05-17 02:30:00,TF_U,5,,,,,,,250,6000,,287,57162.0,129978.0,72816.0,1.7850197758734343,0.11498257839721254,199.17073170731706,3938.7272727272725,-286.6771653543307,18504.0,16017.0,0.18504,5,4,0.8,57.4,13.215142829345433,0.23022896915235946,39,0.10550715510304048,3.08916990920882,92.90521675238796,1.8349834682923083,True,True,True,,,,,,,22.0,3.0,-1.0,48.0,,,4.0,139.0,37.0,115.0,,,,,0.0,,,,,,,,,,,,,,,,,,,,,,,,,,,,,,3.0,3.0,94.61111111111111,189.87296642436831,90.0,49.792682926829265,True,True
345,164085.0,461713.0,297628.0,1.5513090166247798,0.6608695652173913,475.60869565217394,2025.0570175438597,-2543.82905982906,21724.0,18319.0,0.21724,10,10,1.0,34.5,10.268885041717041,0.2976488417888998,23,0.0245665356370174,7.553167004234948,45.67620440625286,4.044076256794871,2012-01-10 10:30:00,2021-05-14 20:30:00,TF_U,5,,,,,,,5000,3000,,251,61636.0,489778.0,428142.0,1.1439615828393384,0.649402390438247,245.5617529880478,3004.7730061349694,-4865.25,28481.0,25045.0,0.28481,5,4,0.8,50.2,13.731715115017497,0.2735401417334163,31,0.08495035368940229,2.164109406270847,115.98304562268804,1.8235704878616954,True,True,True,,,,,,,21.0,15.0,-1.0,322.0,,,28.0,78.0,37.0,7.0,,,,,0.0,,,,,,,,,,,,,,,,,,,,,,,,,,,,,,3.0,3.0,76.0,245.2387596899225,75.0,61.39043824701195,True,True
263,54738.0,107895.0,53157.0,2.0297420847677636,0.20912547528517111,208.1292775665399,1961.7272727272727,-255.5625,25790.0,7511.0,0.2579,10,7,0.7,26.3,11.207586716149022,0.4261439816026244,11,0.2953341371624831,2.122450562233424,123.91336914026819,1.6242278491508184,2012-02-03 16:30:00,2021-05-19 00:30:00,TF_M,5,,,,,,,250,0,,244,59954.0,116944.0,56990.0,2.0520091244077907,0.09836065573770492,245.71311475409837,4872.666666666667,-259.04545454545456,28517.0,18139.0,0.28517,5,3,0.6,48.8,22.604424345689498,0.4632054169198668,23,0.15280048036828234,2.1023950625942422,116.05811121860093,1.8235424027991824,True,True,True,,,47.0,48.0,50.0,7.0,2.0,1.0,-1.0,92.0,,,,,,,,,,,0.0,,,,,,,,,,,,,,,,,,,,,,,,,,,,,,3.0,3.0,89.96103896103897,242.12415529728193,77.0,61.42827868852459,True,True
396,101631.0,193113.0,91482.0,2.1109398570210534,0.10858585858585859,256.6439393939394,4491.0,-259.1558073654391,10723.0,8459.0,0.10723,10,10,1.0,39.6,12.947586647711612,0.32695925878059623,17,0.04418927295805414,9.477851347570642,41.78162174926942,3.1060776377636166,2012-01-10 10:30:00,2021-04-23 22:00:00,TF_U,5,,,,,,,250,4500,,241,42081.0,98802.0,56721.0,1.7418945364150844,0.0912863070539419,174.60995850622407,4491.0,-259.0,14606.0,9754.0,0.14606,5,5,1.0,48.2,14.945233353815523,0.31006708202936767,22,0.10672274898410208,2.881076270026017,83.64929540647798,1.8106846002503092,True,True,True,,,,,,,21.0,16.0,-1.0,0.0,,,28.0,77.0,52.0,15.0,,,,,0.0,,,,,,,,,,,,,,,,,,,,,,,,,,,,,,3.0,3.0,106.38461538461539,173.6450173333642,78.0,43.65248962655602,True,True
426,89526.0,191712.0,102186.0,1.8761082731489636,0.07511737089201878,210.1549295774648,5991.0,-259.3553299492386,17998.0,17353.0,0.17998,10,9,0.9,42.6,18.92194493174526,0.44417711107383234,17,0.06691910729843845,4.974219357706412,85.6415789826419,1.963210666033746,2012-01-10 10:30:00,2021-05-14 15:00:00,TF_U,5,,,,,,,250,6000,,297,54327.0,125811.0,71484.0,1.759988249118684,0.0707070707070707,182.91919191919192,5991.0,-259.0,16031.0,12882.0,0.16031,5,4,0.8,59.4,19.053608582103287,0.3207678212475301,32,0.11027665801535148,3.3888715613498848,87.63979236843558,1.8105828986814525,True,True,True,,,,,,,21.0,15.0,-1.0,0.0,,,28.0,78.0,37.0,7.0,,,,,0.0,,,,,,,,,,,,,,,,,,,,,,,,,,,,,,3.0,3.0,64.67647058823529,189.84549869225512,88.0,45.72979797979798,True,True
646,123596.0,403559.0,279963.0,1.4414726231680615,0.5479876160990712,191.3250773993808,1139.997175141243,-958.777397260274,14788.0,13188.0,0.14788,10,9,0.9,64.6,13.252924205623453,0.20515362547404728,27,0.032614324088158196,8.357857722477684,77.29253373895595,1.9717716756793693,2012-01-10 10:30:00,2021-05-14 20:30:00,TF_U,5,,,,,,,1500,3000,,292,57592.0,326518.0,268926.0,1.2141555669589403,0.386986301369863,197.23287671232876,2889.5398230088495,-1502.3798882681565,18901.0,16707.0,0.18901,5,4,0.8,58.4,17.613631085043195,0.3016032720041643,31,0.05193429643005973,3.047034548436591,95.83087928879011,1.7979448456178846,True,True,True,,,,,,,21.0,15.0,-1.0,92.0,,,28.0,78.0,37.0,7.0,,,,,0.0,,,,,,,,,,,,,,,,,,,,,,,,,,,,,,3.0,3.0,58.772277227722775,200.62281035795885,91.0,49.30821917808219,True,True
712,100492.0,315573.0,215081.0,1.4672286254945812,0.523876404494382,141.14044943820224,846.0402144772117,-634.457227138643,12601.0,11465.0,0.12601,10,9,0.9,71.2,21.36726468221892,0.3001020320536365,20,0.04966564502646977,7.974922625188477,89.27986307367752,1.575754068916788,2012-01-10 10:30:00,2021-04-26 10:30:00,TF_U,5,,,,,,,1250,5000,,242,58212.0,260384.0,202172.0,1.2879330471084027,0.32644628099173556,240.54545454545453,3296.0,-1240.3190184049079,28211.0,25182.0,0.28211,5,4,0.8,48.4,14.894294209528695,0.3077333514365433,22,0.08573833573833574,2.0634504271383505,117.27928949357522,1.7948467013090597,True,True,True,,,,,,,21.0,16.0,-1.0,48.0,,,28.0,77.0,52.0,15.0,,,,,0.0,,,,,,,,,,,,,,,,,,,,,,,,,,,,,,3.0,2.0,-116.27848101265823,236.72524988025316,79.0,60.13636363636363,True,True
708,72613.0,309151.0,236538.0,1.3069823876079107,0.5663841807909604,102.56073446327683,770.9501246882793,-770.4820846905537,14070.0,11274.0,0.1407,10,8,0.8,70.8,21.35321989771098,0.3015991510976127,20,0.027419332626389212,5.160838663823738,137.1870050817347,1.0836112882542495,2012-01-10 10:30:00,2021-04-26 22:30:00,TF_U,5,,,,,,,4000,2000,,241,55621.0,292692.0,237071.0,1.234617477464557,0.6514522821576764,230.79253112033194,1864.28025477707,-2822.2738095238096,26219.0,24108.0,0.26219,5,4,0.8,48.2,14.702380759591284,0.3050286464645494,22,0.09413710648855649,2.1214005110797514,113.60419625680949,1.7862948055650552,True,True,True,,,,,,,21.0,16.0,-1.0,48.0,,,28.0,77.0,52.0,15.0,,,,,0.0,,,,,,,,,,,,,,,,,,,,,,,,,,,,,,3.0,3.0,118.2560975609756,232.4598384274982,79.0,57.698132780082986,True,True
367,132762.0,349880.0,217118.0,1.611473945043709,0.39509536784741145,361.74931880108994,2412.9655172413795,-978.009009009009,16458.0,14507.0,0.16458,10,8,0.8,36.7,14.00749799214692,0.3816756946089079,26,0.03382745062593212,8.06671527524608,45.49559361865594,3.5339356733231067,2012-01-10 22:30:00,2021-05-17 10:00:00,TF_U,5,,,,,,,1000,4500,,270,55300.0,271456.0,216156.0,1.2558337496992913,0.22592592592592592,204.8148148148148,4450.098360655737,-1034.2392344497607,21109.0,20939.0,0.21109,5,4,0.8,54.0,12.58570617804182,0.23306863292670035,39,0.09468354430379747,2.619735657776304,103.06383363471971,1.7667169844532913,True,True,True,,,,,,,22.0,3.0,-1.0,322.0,,,4.0,139.0,37.0,115.0,,,,,0.0,,,,,,,,,,,,,,,,,,,,,,,,,,,,,,3.0,3.0,65.46601941747574,225.8932438027654,83.0,51.2037037037037,True,True
276,110446.0,273951.0,163505.0,1.6754900461759579,0.2210144927536232,400.1666666666667,4491.0,-760.4883720930233,16384.0,13029.0,0.16384,10,8,0.8,27.6,12.076423311560422,0.43755156925943556,8,0.040662405157271424,6.7410888671875,40.94294044148271,3.9180537266979694,2012-01-10 10:30:00,2021-04-23 22:00:00,TF_U,5,,,,,,,750,4500,,235,47385.0,193113.0,145728.0,1.3251605731225296,0.1829787234042553,201.63829787234042,4491.0,-759.0,20708.0,19797.0,0.20708,5,4,0.8,47.0,14.859340496805368,0.31615618078309293,22,0.09477682811016144,2.2882460884682247,102.69874432837396,1.7560763396813426,True,True,True,,,,,,,21.0,16.0,-1.0,0.0,,,28.0,77.0,52.0,15.0,,,,,0.0,,,,,,,,,,,,,,,,,,,,,,,,,,,,,,3.0,3.0,137.34146341463415,203.14004989861735,74.0,50.409574468085104,True,True
444,131129.0,360713.0,229584.0,1.5711591400097569,0.5247747747747747,295.3355855855856,1548.1244635193134,-1088.0758293838862,15710.0,14213.0,0.1571,10,9,0.9,44.4,9.101648202386203,0.2049920766303199,19,0.03074072096942705,8.34684914067473,53.19372526290904,2.953025067529649,2012-01-10 10:30:00,2021-04-26 10:30:00,TF_U,5,,,,,,,1250,3000,,236,49516.0,243402.0,193886.0,1.2553871862847241,0.3474576271186441,209.8135593220339,2968.317073170732,-1259.0,22619.0,20923.0,0.22619,5,5,1.0,47.2,15.051910177781423,0.3188964020716403,22,0.06040471766701672,2.189133029753747,107.80523467162129,1.7483818844781331,True,True,True,,,,,,,21.0,16.0,-1.0,184.0,,,28.0,77.0,52.0,15.0,,,,,0.0,,,,,,,,,,,,,,,,,,,,,,,,,,,,,,3.0,2.0,-20.62162162162162,204.19929685783345,74.0,52.45338983050848,True,True
639,95769.0,337923.0,242154.0,1.3954879952426968,0.5289514866979655,149.8732394366197,999.7721893491124,-804.4983388704319,16580.0,12810.0,0.1658,10,7,0.7,63.9,14.341896666759245,0.22444282733582543,26,0.10432394616211926,5.776176115802171,110.62682078751997,1.4587177861646001,2012-01-10 22:30:00,2021-05-17 16:00:00,TF_U,5,,,,,,,1750,10000,,254,56684.0,321308.0,264624.0,1.2142058165548097,0.3858267716535433,223.16535433070865,3278.6530612244896,-1696.3076923076924,25830.0,23191.0,0.2583,5,4,0.8,50.8,11.373653766490344,0.22389082217500678,33,0.17625785053983486,2.194502516453736,115.74377249311975,1.7402194431419702,True,True,True,,,,,,,22.0,3.0,-1.0,48.0,,,4.0,139.0,37.0,115.0,,,,,0.0,,,,,,,,,,,,,,,,,,,,,,,,,,,,,,3.0,2.0,-57.09782608695652,237.7590579710145,80.0,55.79133858267716,True,True
647,76107.0,335274.0,259167.0,1.2936600724629292,0.5394126738794436,117.6306027820711,960.6704871060172,-869.6879194630873,13787.0,13190.0,0.13787,10,7,0.7,64.7,15.020319570501822,0.2321533163910637,26,0.04337314570276059,5.520200188583448,117.20589433297857,1.2555236033581012,2012-01-10 22:30:00,2021-05-17 16:00:00,TF_U,5,,,,,,,2250,3000,,277,62597.0,350446.0,287849.0,1.2174647124012938,0.5090252707581228,225.98194945848377,2485.432624113475,-2116.5367647058824,26660.0,22922.0,0.2666,5,4,0.8,55.4,11.757550765359255,0.21223015821948116,37,0.08364618112689107,2.347974493623406,117.97402431426426,1.734535230268015,True,True,True,,,,,,,22.0,3.0,-1.0,48.0,,,4.0,139.0,37.0,115.0,,,,,0.0,,,,,,,,,,,,,,,,,,,,,,,,,,,,,,3.0,3.0,27.703296703296704,234.31419538316092,87.0,56.49548736462094,True,True
374,87499.0,282215.0,194716.0,1.4493672836335998,0.3074866310160428,233.95454545454547,2454.0434782608695,-751.7992277992278,12298.0,11353.0,0.12298,10,9,0.9,37.4,7.269112738154499,0.1943613031592112,19,0.06846935393547354,7.114896731175801,52.56576646590246,2.6439527526436075,2012-01-10 10:30:00,2021-04-23 22:00:00,TF_U,5,,,,,,,750,6000,,228,45858.0,193863.0,148005.0,1.3098408837539273,0.14473684210526316,201.1315789473684,5874.636363636364,-759.0,21506.0,19815.0,0.21506,5,4,0.8,45.6,14.77294825009551,0.32396816337928747,22,0.13064241789873088,2.132335162280294,106.92502943870208,1.7188575623106905,True,True,True,,,,,,,21.0,16.0,-1.0,322.0,,,28.0,77.0,52.0,15.0,,,,,0.0,,,,,,,,,,,,,,,,,,,,,,,,,,,,,,3.0,3.0,146.4878048780488,205.21648633779571,70.0,50.2828947368421,True,True
387,142377.0,424069.0,281692.0,1.5054350141289068,0.5917312661498708,367.8992248062016,1851.8296943231442,-1782.860759493671,15154.0,14005.0,0.15154,10,10,1.0,38.7,12.814444974324873,0.3311226091556815,26,0.017495803395211305,9.395341164049096,41.19062769969869,3.7454558165483345,2012-01-10 10:30:00,2021-05-14 18:30:00,TF_U,5,,,,,,,2250,2500,,288,61833.0,371575.0,309742.0,1.199627431862647,0.5208333333333334,214.69791666666666,2477.1666666666665,-2244.5072463768115,24509.0,21894.0,0.24509,5,4,0.8,57.6,17.884071124886525,0.31048734591816884,31,0.04028593146054696,2.5228691501081237,114.15574207947213,1.718717430126673,True,True,True,,,,,,,21.0,15.0,-1.0,322.0,,,28.0,78.0,37.0,7.0,,,,,0.0,,,,,,,,,,,,,,,,,,,,,,,,,,,,,,3.0,3.0,139.989898989899,221.1287042159253,87.0,53.674479166666664,True,True
430,94175.0,384433.0,290258.0,1.3244527282624423,0.5767441860465117,219.01162790697674,1550.133064516129,-1594.8241758241759,17905.0,15950.0,0.17905,10,9,0.9,43.0,14.470659971127786,0.3365269760727392,26,0.03505176533050173,5.259703993297961,81.75365011945846,2.051254078659443,2012-01-10 22:30:00,2021-05-17 16:00:00,TF_U,5,,,,,,,2250,2500,,277,63577.0,363940.0,300363.0,1.211667216001971,0.5234657039711191,229.51985559566788,2509.9310344827586,-2275.4772727272725,28160.0,23252.0,0.2816,5,4,0.8,55.4,11.253443917308159,0.20313075663011118,38,0.08235682715447411,2.257705965909091,122.69091023483335,1.7141285314138968,True,True,True,,,,,,,22.0,3.0,-1.0,184.0,,,4.0,139.0,37.0,115.0,,,,,0.0,,,,,,,,,,,,,,,,,,,,,,,,,,,,,,3.0,3.0,48.45,239.37203765227022,86.0,57.37996389891697,True,True
388,118393.0,312441.0,194048.0,1.6101222377968338,0.33762886597938147,305.13659793814435,2385.0458015267177,-755.0505836575876,13186.0,11867.0,0.13186,10,9,0.9,38.8,10.215674231297706,0.26329057297159036,20,0.03404762105867746,8.978689519187016,43.21343322662657,3.3302528689939748,2012-01-10 10:30:00,2021-04-23 22:00:00,TF_U,5,,,,,,,750,3000,,238,40608.0,176469.0,135861.0,1.2988937222602512,0.24789915966386555,170.6218487394958,2991.0,-759.0,15621.0,14556.0,0.15621,5,4,0.8,47.6,14.880860190190619,0.3126231132392987,22,0.07365543735224586,2.5995774918379104,91.55333924349883,1.7108804910949873,True,True,True,,,,,,,21.0,16.0,-1.0,460.0,,,28.0,77.0,52.0,15.0,,,,,0.0,,,,,,,,,,,,,,,,,,,,,,,,,,,,,,3.0,3.0,79.8157894736842,169.61440949935817,76.0,42.65546218487395,True,True
378,119098.0,310019.0,190921.0,1.6238077529449353,0.328042328042328,315.0740740740741,2500.1532258064517,-751.6574803149606,12298.0,11353.0,0.12298,10,9,0.9,37.8,7.652450587883596,0.2024457827482433,19,0.041906665099329964,9.684338916897056,39.03209121899612,3.560695791638867,2012-01-10 10:30:00,2021-04-23 22:00:00,TF_U,5,,,,,,,750,5000,,233,47403.0,194649.0,147246.0,1.3219306466729148,0.16738197424892703,203.44635193133047,4991.0,-759.0,22506.0,20815.0,0.22506,5,4,0.8,46.6,14.499655168313486,0.3111513984616628,22,0.10528869480834546,2.106238336443615,110.62375799000064,1.6995744611215209,True,True,True,,,,,,,21.0,16.0,-1.0,322.0,,,28.0,77.0,52.0,15.0,,,,,0.0,,,,,,,,,,,,,,,,,,,,,,,,,,,,,,3.0,3.0,137.1038961038961,203.648782770734,74.0,50.86158798283262,True,True
482,85427.0,275825.0,190398.0,1.4486759314698683,0.22821576763485477,177.2344398340249,2507.5,-511.8225806451613,13628.0,11717.0,0.13628,10,8,0.8,48.2,10.759182125050211,0.22321954616286743,27,0.058424151614829035,6.2684913413560315,76.89250471162514,1.9027051842853087,2012-01-10 10:30:00,2021-05-17 20:00:00,TF_U,5,,,,,,,500,5000,,299,62309.0,194649.0,132340.0,1.4708251473477407,0.13043478260869565,208.3913043478261,4991.0,-509.0,23803.0,19116.0,0.23803,5,3,0.6,59.8,18.312837027615355,0.3062347329032668,32,0.08010078800815291,2.6176952484980887,114.22261631546004,1.692790416446418,True,True,True,,,,,,,21.0,15.0,-1.0,322.0,,,28.0,78.0,37.0,7.0,,,,,0.0,,,,,,,,,,,,,,,,,,,,,,,,,,,,,,3.0,2.0,-57.872549019607845,217.18672106523772,92.0,52.09782608695652,True,True
463,122118.0,441051.0,318933.0,1.3828954670730216,0.6393088552915767,263.75377969762417,1490.037162162162,-1909.7784431137725,26682.0,24771.0,0.26682,10,10,1.0,46.3,9.706183596038146,0.2096367947308455,25,0.02039830328043368,4.576793343827299,101.16253132216382,2.0236199348469768,2012-01-10 10:30:00,2021-05-14 18:30:00,TF_U,5,,,,,,,4000,2500,,276,63071.0,446874.0,383803.0,1.1643317014197387,0.6485507246376812,228.518115942029,2496.5027932960893,-3956.7319587628867,28978.0,26736.0,0.28978,5,5,1.0,55.2,16.436544649043483,0.2977634900189037,31,0.08301755164814258,2.176513216923183,126.8083271234006,1.6823868987955657,True,True,True,,,,,,,21.0,15.0,-1.0,184.0,,,28.0,78.0,37.0,7.0,,,,,0.0,,,,,,,,,,,,,,,,,,,,,,,,,,,,,,3.0,3.0,77.80851063829788,236.21734935108796,84.0,57.12952898550725,True,True
634,96024.0,404302.0,308278.0,1.3114850881347355,0.555205047318612,151.45741324921136,1148.5852272727273,-1093.1843971631206,16846.0,15202.0,0.16846,10,8,0.8,63.4,13.756453031214114,0.21697875443555387,24,0.041979088561193034,5.7001068502908705,111.22598517037407,1.462451876275422,2012-01-10 10:30:00,2021-05-14 21:00:00,TF_U,5,,,,,,,2000,4000,,281,58476.0,396197.0,337721.0,1.1731488417954465,0.398576512455516,208.09964412811388,3537.473214285714,-1998.3491124260354,24038.0,21988.0,0.24038,5,4,0.8,56.2,17.22091751330341,0.30642201980966915,31,0.07107189274232163,2.4326483068474913,115.51197072303167,1.6821379895929849,True,True,True,,,,,,,21.0,15.0,-1.0,92.0,,,28.0,78.0,37.0,7.0,,,,,0.0,,,,,,,,,,,,,,,,,,,,,,,,,,,,,,3.0,3.0,107.23762376237623,218.0172039525381,84.0,52.02491103202847,True,True
436,135016.0,363104.0,228088.0,1.5919469678369753,0.5711009174311926,309.6697247706422,1458.2489959839359,-1219.7219251336899,11293.0,9198.0,0.11293,10,10,1.0,43.6,8.616263691415206,0.19762072686732124,20,0.018449665224862237,11.95572478526521,36.46788528766961,3.6520232272105395,2012-01-10 10:30:00,2021-04-26 11:00:00,TF_U,5,,,,,,,1500,2500,,238,39498.0,247740.0,208242.0,1.189673552885585,0.42016806722689076,165.9579831932773,2477.4,-1509.0,15570.0,14635.0,0.1557,5,5,1.0,47.6,14.62326912834473,0.3072115363097632,22,0.0630664843789559,2.536801541425819,93.81892754063497,1.6668376020747595,True,True,True,,,,,,,21.0,16.0,-1.0,184.0,,,28.0,77.0,52.0,15.0,,,,,0.0,,,,,,,,,,,,,,,,,,,,,,,,,,,,,,3.0,3.0,31.77922077922078,165.65101328639457,77.0,41.489495798319325,True,True
815,112045.0,372299.0,260254.0,1.4305217210878602,0.5263803680981595,137.47852760736197,867.8298368298368,-674.2331606217616,13181.0,11779.0,0.13181,10,9,0.9,81.5,19.221082175569617,0.23584149908674376,27,0.05346958811191932,8.500493134056597,95.87679057521531,1.5007216198728002,2012-01-10 10:30:00,2021-05-17 12:30:00,TF_U,5,,,,,,,1250,6000,,303,68113.0,327404.0,259291.0,1.2626894107392852,0.3102310231023102,224.7953795379538,3483.021276595745,-1240.6267942583731,28762.0,25694.0,0.28762,5,4,0.8,60.6,18.227451824103117,0.3007830334010415,31,0.08795677770763291,2.3681593769557057,127.94746964602939,1.6611822672751322,True,True,True,,,,,,,21.0,15.0,-1.0,48.0,,,28.0,78.0,37.0,7.0,,,,,0.0,,,,,,,,,,,,,,,,,,,,,,,,,,,,,,3.0,3.0,73.3529411764706,223.72374969405237,98.0,56.19884488448845,True,True
458,44200.58807706756,254318.89603222642,210118.30795515885,1.2103604798040748,0.6353711790393013,96.50783422940515,873.948096330675,-1258.1934608093345,24619.050137179052,20804.82417413783,0.24619050137179052,10,7,0.7,45.8,14.627371602581238,0.3193749258205511,23,0.03373258286519429,1.7953815370933817,255.09898065537388,0.7708437760016768,2012-01-18 10:00:00,2021-05-19 23:00:00,RBB_U,5,,,,,,,5000,1500,,229,40841.335401331584,237870.3613042291,197029.02590289753,1.2072858819362968,0.7248908296943232,178.3464428005746,1432.9539837604163,-3127.444855601548,18434.764833699483,16162.875824779745,0.18434764833699482,5,5,1.0,45.8,17.79213309302738,0.38847452168182056,22,0.03650713144779756,2.2154519338739815,103.36491462469522,1.646209477373403,True,True,True,,,,,,,-1.0,11.0,-1.0,0.0,,,17.0,36.0,78.0,31.0,,,,,1.0,,,,,,,,,,,50.0,2.0,,,,,,,,,,,,,,,,,,3.0,3.0,110.49885419923615,179.21548592531562,64.0,44.58661070014365,True,True
650,50545.0,317766.0,267221.0,1.1891505532873539,0.563076923076923,77.76153846153846,868.2131147540983,-940.919014084507,22855.0,20090.0,0.22855,10,6,0.6,65.0,14.289856542317,0.21984394680487693,27,0.06530814126026313,2.2115510829140232,293.9113661094074,0.6446346984998738,2012-01-10 22:30:00,2021-05-18 00:30:00,TF_U,5,,,,,,,5000,2000,,284,61529.0,346666.0,285137.0,1.2157874986410042,0.6725352112676056,216.65140845070422,1815.0052356020942,-3065.989247311828,28564.0,26356.0,0.28564,5,4,0.8,56.8,11.356055653262711,0.19993055727575196,38,0.08509808383038893,2.154075059515474,131.843130881373,1.6065396608613884,True,True,True,,,,,,,22.0,3.0,-1.0,48.0,,,4.0,139.0,37.0,115.0,,,,,0.0,,,,,,,,,,,,,,,,,,,,,,,,,,,,,,3.0,3.0,66.19417475728156,226.33828673059938,86.0,54.162852112676056,True,True
645,106095.0,401328.0,295233.0,1.3593602341201696,0.5705426356589147,164.48837209302326,1090.5652173913043,-1065.8231046931407,15070.0,12905.0,0.1507,10,9,0.9,64.5,13.477759457714031,0.20895751097231055,26,0.023478957538055515,7.04014598540146,91.61741835147745,1.6792603098016106,2012-01-10 10:30:00,2021-05-14 18:30:00,TF_U,5,,,,,,,2000,2500,,295,55065.0,352820.0,297755.0,1.1849339221843462,0.4915254237288136,186.66101694915255,2433.2413793103447,-1985.0333333333333,21259.0,18644.0,0.21259,5,5,1.0,59.0,17.424121211699603,0.29532408833389157,31,0.04523744665395442,2.5901970929959077,113.89094706256242,1.6044332682789137,True,True,True,,,,,,,21.0,15.0,-1.0,92.0,,,28.0,78.0,37.0,7.0,,,,,0.0,,,,,,,,,,,,,,,,,,,,,,,,,,,,,,3.0,3.0,81.20202020202021,188.7456880022587,94.0,46.66525423728814,True,True
595,106840.0,306961.0,200121.0,1.5338770044123304,0.48067226890756304,179.56302521008402,1073.2902097902097,-647.6407766990292,11773.0,10688.0,0.11773,10,9,0.9,59.5,14.705441169852742,0.24715027176223095,20,0.03772931486334706,9.07500212350293,65.56472295020592,2.0740192768270003,2012-01-10 10:30:00,2021-04-23 22:00:00,TF_U,5,,,,,,,750,3000,,241,38546.0,175925.0,137379.0,1.280581457136826,0.24896265560165975,159.94190871369295,2932.0833333333335,-759.0,15621.0,14556.0,0.15621,5,4,0.8,48.2,14.702380759591284,0.3050286464645494,22,0.07759560006226326,2.467575699379041,97.6667099050485,1.6037892763930046,True,True,True,,,,,,,21.0,16.0,-1.0,92.0,,,28.0,77.0,52.0,15.0,,,,,0.0,,,,,,,,,,,,,,,,,,,,,,,,,,,,,,3.0,3.0,19.9873417721519,159.77576026551404,79.0,39.98547717842324,True,True
630,96365.0,419401.0,323036.0,1.2983104050322565,0.5650793650793651,152.96031746031747,1178.0926966292134,-1178.963503649635,20638.0,18994.0,0.20638,10,9,0.9,63.0,13.6088206689632,0.21601302649147935,24,0.04183054013386603,4.669299350712278,134.9238831525969,1.3343950406165601,2012-01-10 10:30:00,2021-05-14 21:00:00,TF_U,5,,,,,,,2500,4000,,279,59094.0,439889.0,380795.0,1.1551858611588912,0.4444444444444444,211.80645161290323,3547.4919354838707,-2456.7419354838707,27475.0,23270.0,0.27475,5,3,0.6,55.8,16.773789077009404,0.3006055390145055,31,0.07032862896402342,2.150828025477707,129.71748400852877,1.6014367147985848,True,True,True,,,,,,,21.0,15.0,-1.0,92.0,,,28.0,78.0,37.0,7.0,,,,,0.0,,,,,,,,,,,,,,,,,,,,,,,,,,,,,,3.0,3.0,75.70297029702971,215.84864291900317,84.0,52.95161290322581,True,True
721,68976.0,282149.0,213173.0,1.3235681817115676,0.3869625520110957,95.66712898751733,1011.2867383512545,-482.2918552036199,12685.0,12140.0,0.12685,10,9,0.9,72.1,14.638647478507023,0.20303255864780895,29,0.02886511250289956,5.437603468663776,132.595178032939,1.064527664026856,2012-01-10 10:30:00,2021-05-14 17:00:00,TF_U,5,,,,,,,500,2000,,311,42726.0,159796.0,117070.0,1.3649611343640558,0.2604501607717042,137.38263665594855,1972.79012345679,-509.0,11625.0,10225.0,0.11625,5,4,0.8,62.2,18.594622878671135,0.29894892087895714,32,0.04659926040350138,3.6753548387096773,84.6176801011094,1.5968893089177993,True,True,True,,,,,,,21.0,15.0,-1.0,92.0,,,28.0,78.0,37.0,7.0,,,,,0.0,,,,,,,,,,,,,,,,,,,,,,,,,,,,,,3.0,3.0,83.47572815533981,138.04621060962825,101.0,34.345659163987136,True,True
640,93840.0,323271.0,229431.0,1.4090118597748342,0.525,146.625,962.1160714285714,-754.7072368421053,14580.0,12385.0,0.1458,10,7,0.7,64.0,14.484474446799926,0.22631991323124884,26,0.06384271099744246,6.436213991769547,99.43734015345268,1.521839002062776,2012-01-10 22:30:00,2021-05-17 14:00:00,TF_U,5,,,,,,,1500,6000,,267,54467.0,305788.0,251321.0,1.2167228365317662,0.36704119850187267,203.99625468164794,3120.285714285714,-1487.1065088757396,25658.0,22215.0,0.25658,5,4,0.8,53.4,11.217842929904126,0.21007196497947803,38,0.11072759652633705,2.1228077013017383,125.77681899131585,1.5960637742119723,True,True,True,,,,,,,22.0,3.0,-1.0,48.0,,,4.0,139.0,37.0,115.0,,,,,0.0,,,,,,,,,,,,,,,,,,,,,,,,,,,,,,3.0,3.0,37.07142857142857,206.6189902467011,83.0,50.999063670411985,True,True
818,95818.0,392228.0,296410.0,1.3232616983232683,0.5476772616136919,117.13691931540342,875.5089285714286,-801.1081081081081,11635.0,9992.0,0.11635,10,9,0.9,81.8,19.244739540975868,0.23526576455960718,27,0.042069339790018576,8.235324452084228,99.32820555636728,1.3609746975455335,2012-01-10 10:30:00,2021-05-14 21:00:00,TF_U,5,,,,,,,2000,4000,,302,61082.0,374385.0,313303.0,1.1949614271168805,0.4470198675496689,202.25827814569536,2773.222222222222,-1876.065868263473,25738.0,23588.0,0.25738,5,4,0.8,60.4,17.681628884240276,0.29274220007020324,32,0.06803968435873088,2.373222472608594,127.25313512982548,1.5800046111414303,True,True,True,,,,,,,21.0,15.0,-1.0,48.0,,,28.0,78.0,37.0,7.0,,,,,0.0,,,,,,,,,,,,,,,,,,,,,,,,,,,,,,3.0,3.0,137.33663366336634,202.5379315489043,97.0,50.56456953642384,True,True
703,51308.0,267021.0,215713.0,1.2378530732964634,0.36415362731152207,72.98435277382646,1043.05078125,-482.579418344519,11975.0,11430.0,0.11975,10,9,0.9,70.3,14.622243329940861,0.20799777140740913,27,0.11676541669915023,4.284592901878915,164.07626490995557,0.8358559666900333,2012-01-10 10:30:00,2021-05-17 20:00:00,TF_U,5,,,,,,,500,6000,,301,54236.0,187594.0,133358.0,1.4066947614691283,0.12956810631229235,180.1860465116279,4810.102564102564,-509.0,20490.0,15810.0,0.2049,5,4,0.8,60.2,18.203296404772406,0.3023803389497077,32,0.11046168596504168,2.646949731576379,113.7157976251936,1.5775735793525945,True,True,True,,,,,,,21.0,15.0,-1.0,92.0,,,28.0,78.0,37.0,7.0,,,,,0.0,,,,,,,,,,,,,,,,,,,,,,,,,,,,,,3.0,3.0,64.2843137254902,188.36984722967202,94.0,45.04651162790697,True,True
820,103760.0,383153.0,279393.0,1.3713765198125938,0.5585365853658537,126.53658536585365,836.5786026200873,-771.8038674033149,11635.0,9660.0,0.11635,10,9,0.9,82.0,18.952572384771415,0.23112893152160263,28,0.024007324595219738,8.917920068758058,91.94969159599076,1.4701862743464806,2012-01-10 10:30:00,2021-05-14 18:30:00,TF_U,5,,,,,,,2000,2500,,305,53080.0,329306.0,276226.0,1.1921614909530602,0.5114754098360655,174.0327868852459,2110.9358974358975,-1853.8657718120805,19119.0,16504.0,0.19119,5,5,1.0,61.0,17.58408371226661,0.2882636674142067,32,0.046929163526752075,2.7762958313719337,109.85860964581762,1.5773858302907113,True,True,True,,,,,,,21.0,15.0,-1.0,48.0,,,28.0,78.0,37.0,7.0,,,,,0.0,,,,,,,,,,,,,,,,,,,,,,,,,,,,,,3.0,3.0,116.04950495049505,174.4632965219599,100.0,43.50819672131148,True,True
566,76871.0,286872.0,210001.0,1.3660506378541055,0.26855123674911663,135.81448763250884,1887.3157894736842,-507.2487922705314,24263.0,23211.0,0.24263,10,7,0.7,56.6,10.762899237658969,0.1901572303473316,27,0.09744897295469032,3.1682397065490666,178.64809876286245,1.0927310844559566,2012-01-10 10:30:00,2021-05-17 20:00:00,TF_U,5,,,,,,,500,7500,,288,50838.0,183178.0,132340.0,1.3841468943630044,0.09722222222222222,176.52083333333334,6542.071428571428,-509.0,20521.0,14905.0,0.20521,5,4,0.8,57.6,18.68261223705079,0.32435090689324286,30,0.1473504071757347,2.4773646508454754,116.2525669774578,1.5443159460063836,True,True,True,,,,,,,21.0,15.0,-1.0,184.0,,,28.0,78.0,37.0,7.0,,,,,0.0,,,,,,,,,,,,,,,,,,,,,,,,,,,,,,3.0,2.0,-11.965116279069768,172.73711810305517,86.0,44.130208333333336,True,True
652,112167.0,365047.0,252880.0,1.4435582094273964,0.5015337423312883,172.03527607361963,1116.3516819571867,-778.0923076923077,15251.0,14761.0,0.15251,10,9,0.9,65.2,13.746272221951665,0.21083239604220344,25,0.03593748606987795,7.354730837322143,88.65042302994642,1.745853489041519,2012-01-10 10:30:00,2021-05-14 21:00:00,TF_U,5,,,,,,,1000,4000,,294,48664.0,270784.0,222120.0,1.219088780839186,0.25170068027210885,165.52380952380952,3659.2432432432433,-1009.6363636363636,18318.0,17383.0,0.18318,5,5,1.0,58.8,18.81913919391639,0.32005338765163927,30,0.08201134308729245,2.6566219019543618,110.6668584579977,1.5327131825013705,True,True,True,,,,,,,21.0,15.0,-1.0,92.0,,,28.0,78.0,37.0,7.0,,,,,0.0,,,,,,,,,,,,,,,,,,,,,,,,,,,,,,3.0,3.0,115.55555555555556,163.4519031191145,90.0,41.38095238095238,True,True
572,105392.0,343614.0,238222.0,1.4424108604578922,0.5751748251748252,184.25174825174824,1044.419452887538,-980.3374485596707,12587.0,12072.0,0.12587,10,9,0.9,57.2,14.112405889854502,0.246720382689764,27,0.031321162896614546,8.37308333995392,68.31414149081525,2.0582112523674794,2012-01-10 22:30:00,2021-05-17 14:00:00,TF_U,5,,,,,,,1500,2000,,285,52875.0,275815.0,222940.0,1.2371714362608774,0.49122807017543857,185.52631578947367,1970.107142857143,-1537.5172413793102,23122.0,20477.0,0.23122,5,4,0.8,57.0,12.033287165193059,0.21111030114373788,38,0.09902600472813239,2.2867831502465186,124.62921985815603,1.5290872566433267,True,True,True,,,,,,,22.0,3.0,-1.0,92.0,,,4.0,139.0,37.0,115.0,,,,,0.0,,,,,,,,,,,,,,,,,,,,,,,,,,,,,,3.0,3.0,44.49514563106796,194.5997680794727,88.0,46.38157894736842,True,True
461,162566.0,462499.0,299933.0,1.5420077150563627,0.6160520607375272,352.63774403470717,1628.5176056338028,-1694.5367231638418,16718.0,13140.0,0.16718,10,9,0.9,46.1,9.470480452437458,0.2054334154541748,26,0.024796082821746245,9.72401004904893,47.4084248858925,3.418031659240726,2012-01-10 10:30:00,2021-05-14 20:30:00,TF_U,5,,,,,,,3000,3000,,272,54237.0,433601.0,379364.0,1.1429682310393183,0.5367647058823529,199.40073529411765,2969.8698630136987,-3010.8253968253966,26982.0,24554.0,0.26982,5,4,0.8,54.4,16.632498309033434,0.30574445421017343,31,0.09653926286483397,2.010117856348677,135.31544886332208,1.5213499811687834,True,True,True,,,,,,,21.0,15.0,-1.0,184.0,,,28.0,78.0,37.0,7.0,,,,,0.0,,,,,,,,,,,,,,,,,,,,,,,,,,,,,,3.0,3.0,90.38144329896907,217.06574425755107,80.0,49.85018382352941,True,True
820,116505.0,377479.0,260974.0,1.446423781679401,0.5475609756097561,142.07926829268294,840.7104677060133,-703.433962264151,12145.0,10259.0,0.12145,10,9,0.9,82.0,18.894443627691185,0.2304200442401364,28,0.021381056607012575,9.592836558254426,85.48045148276897,1.6157397117865118,2012-01-10 10:30:00,2021-05-14 18:30:00,TF_U,5,,,,,,,1500,2500,,307,50882.0,298956.0,248074.0,1.205108153212348,0.44299674267100975,165.73941368078175,2198.205882352941,-1450.7251461988303,18759.0,16144.0,0.18759,5,5,1.0,61.4,17.816845961056067,0.29017664431687407,32,0.048956408946189224,2.7124047124047124,113.18369954011243,1.5165628158038902,True,True,True,,,,,,,21.0,15.0,-1.0,48.0,,,28.0,78.0,37.0,7.0,,,,,0.0,,,,,,,,,,,,,,,,,,,,,,,,,,,,,,3.0,3.0,103.37623762376238,165.49840148041955,101.0,41.43485342019544,True,True
421,119981.0,405264.0,285283.0,1.420568347921187,0.5320665083135392,284.9904988123515,1809.2142857142858,-1448.1370558375634,10849.0,10390.0,0.10849,10,9,0.9,42.1,16.238534416627626,0.38571340657072745,23,0.01705270001083505,11.059175960918058,38.067935756494784,3.4290591283402327,2012-01-10 10:30:00,2021-05-14 17:00:00,TF_U,5,,,,,,,1500,2000,,303,50273.0,288695.0,238422.0,1.210857219551887,0.47854785478547857,165.91749174917493,1991.0,-1509.0,19159.0,17689.0,0.19159,5,4,0.8,60.6,18.095303258028036,0.298602363993862,31,0.03960376345155451,2.6239887259251526,115.47305710818928,1.5022603400197503,True,True,True,,,,,,,21.0,15.0,-1.0,460.0,,,28.0,78.0,37.0,7.0,,,,,0.0,,,,,,,,,,,,,,,,,,,,,,,,,,,,,,3.0,3.0,124.33333333333333,166.3968253968254,98.0,41.47937293729373,True,True
673,95798.0,339805.0,244007.0,1.3926034908834584,0.45319465081723626,142.3447251114413,1114.1147540983607,-663.0625,13981.0,10626.0,0.13981,10,9,0.9,67.3,13.726252219743014,0.20395619940182785,27,0.042078122716549406,6.852013446820685,98.21930520470156,1.5087306292641325,2012-01-10 10:30:00,2021-05-14 21:00:00,TF_U,5,,,,,,,750,4000,,296,46671.0,224277.0,177606.0,1.262778284517415,0.20945945945945946,157.6722972972973,3617.3709677419356,-759.0,17512.0,15743.0,0.17512,5,5,1.0,59.2,18.988417522268676,0.3207502959842682,30,0.08551348803325405,2.665086797624486,111.06580103276124,1.4932308989772303,True,True,True,,,,,,,21.0,15.0,-1.0,92.0,,,28.0,78.0,37.0,7.0,,,,,0.0,,,,,,,,,,,,,,,,,,,,,,,,,,,,,,3.0,3.0,86.34313725490196,160.29767152068695,91.0,39.41807432432432,True,True
816,80031.0,409852.0,329821.0,1.2426498009526379,0.5600490196078431,98.07720588235294,896.8315098468271,-918.7214484679665,16398.0,13893.0,0.16398,10,9,0.9,81.6,19.168724527208376,0.2349108397942203,27,0.050367982406817356,4.880534211489206,167.194812010346,0.9598692758292963,2012-01-10 10:30:00,2021-05-14 21:00:00,TF_U,5,,,,,,,5000,4000,,296,60291.0,444812.0,384521.0,1.1567950775120215,0.5641891891891891,203.6858108108108,2663.5449101796407,-2980.782945736434,29495.0,27702.0,0.29495,5,5,1.0,59.2,16.939893742287758,0.28614685375486076,32,0.08684546615581099,2.04410917104594,144.8063558408386,1.4863668913524208,True,True,True,,,,,,,21.0,15.0,-1.0,48.0,,,28.0,78.0,37.0,7.0,,,,,0.0,,,,,,,,,,,,,,,,,,,,,,,,,,,,,,3.0,3.0,127.01010101010101,203.6022662121733,95.0,50.9214527027027,True,True
641,105511.0,410021.0,304510.0,1.3464943680010508,0.5631825273010921,164.603744149766,1135.792243767313,-1087.5357142857142,16275.0,14110.0,0.16275,10,9,0.9,64.1,13.322537295875737,0.20783989541147796,26,0.0382045473931628,6.483010752688172,98.87381410469051,1.6170321623741517,2012-01-10 10:30:00,2021-05-14 20:30:00,TF_U,5,,,,,,,2000,3000,,288,51773.0,369404.0,317631.0,1.1629973144938623,0.4479166666666667,179.76736111111111,2863.5968992248063,-1997.6792452830189,23518.0,22178.0,0.23518,5,3,0.6,57.6,17.568153004798198,0.30500265633330204,31,0.0577714252602708,2.201420188791564,130.82463832499565,1.4690957326458731,True,True,True,,,,,,,21.0,15.0,-1.0,92.0,,,28.0,78.0,37.0,7.0,,,,,0.0,,,,,,,,,,,,,,,,,,,,,,,,,,,,,,3.0,2.0,-17.26732673267327,192.1394264426443,88.0,44.94184027777778,True,True
575,88325.0,314921.0,226596.0,1.3897906406114848,0.5669565217391305,153.6086956521739,966.0153374233129,-910.0240963855422,9841.0,8142.0,0.09841,10,9,0.9,57.5,14.298601330200098,0.24867132748174084,20,0.02254174922162468,8.975205771771162,64.06538352674781,1.9405982369905546,2012-01-10 10:30:00,2021-04-26 11:00:00,TF_U,5,,,,,,,1500,2000,,241,36516.0,226974.0,190458.0,1.191727309958101,0.4730290456431535,151.5186721991701,1991.0,-1499.6692913385828,16727.0,15635.0,0.16727,5,4,0.8,48.2,14.702380759591284,0.3050286464645494,22,0.054524044254573335,2.1830573324565075,110.39563479022895,1.4682383865689805,True,True,True,,,,,,,21.0,16.0,-1.0,92.0,,,28.0,77.0,52.0,15.0,,,,,0.0,,,,,,,,,,,,,,,,,,,,,,,,,,,,,,3.0,2.0,-31.974683544303797,151.78689410311824,79.0,37.87966804979253,True,True
820,118790.0,375461.0,256671.0,1.4628103681366418,0.5317073170731708,144.8658536585366,861.1490825688073,-668.4140625,12809.0,11779.0,0.12809,10,9,0.9,82.0,18.894443627691185,0.2304200442401364,28,0.033933832814209954,9.273948005308768,88.41973230069871,1.604160669188451,2012-01-10 10:30:00,2021-05-14 20:30:00,TF_U,5,,,,,,,1250,3000,,304,46064.0,284222.0,238158.0,1.1934178150639492,0.3684210526315789,151.52631578947367,2537.6964285714284,-1240.40625,17485.0,16680.0,0.17485,5,5,1.0,60.8,18.410866356584094,0.3028103019175016,31,0.0649313997915943,2.6344867028881898,115.39249739492881,1.4361331021331123,True,True,True,,,,,,,21.0,15.0,-1.0,48.0,,,28.0,78.0,37.0,7.0,,,,,0.0,,,,,,,,,,,,,,,,,,,,,,,,,,,,,,3.0,3.0,79.31632653061224,150.30271467561383,98.0,37.88157894736842,True,True
636,107306.0,420175.0,312869.0,1.3429742160456932,0.5738993710691824,168.72012578616352,1151.164383561644,-1154.4981549815498,17462.0,15868.0,0.17462,10,9,0.9,63.6,13.177253128023306,0.2071895145915614,26,0.03756546698227499,6.145115107089681,103.49684081039271,1.6001450248322016,2012-01-10 10:30:00,2021-05-14 20:30:00,TF_U,5,,,,,,,2500,3000,,286,51561.0,405422.0,353861.0,1.1457097560906684,0.4965034965034965,180.28321678321677,2855.0845070422533,-2457.3680555555557,25018.0,23678.0,0.25018,5,3,0.6,57.2,17.405746177627663,0.30429626184663744,31,0.05800896026066213,2.060956111599648,138.77054362793587,1.42846120959529,True,True,True,,,,,,,21.0,15.0,-1.0,92.0,,,28.0,78.0,37.0,7.0,,,,,0.0,,,,,,,,,,,,,,,,,,,,,,,,,,,,,,3.0,3.0,40.306930693069305,188.86656075882038,87.0,45.07080419580419,True,True
389,109214.0,368707.0,259493.0,1.4208745515293284,0.3264781491002571,280.75578406169666,2903.2047244094488,-990.4312977099237,15950.0,14775.0,0.1595,10,8,0.8,38.9,12.644761761298628,0.32505814296397506,25,0.03690918746680828,6.847272727272728,56.81093998937865,2.7860430029728787,2012-01-10 10:30:00,2021-05-14 21:00:00,TF_U,5,,,,,,,1000,4000,,289,48259.0,271388.0,223129.0,1.2162829573923604,0.23529411764705882,166.98615916955018,3991.0,-1009.6334841628959,21840.0,20905.0,0.2184,5,4,0.8,57.8,18.9356806056714,0.32760693089396886,30,0.08269960007459748,2.209661172161172,130.7892828280735,1.416098965854979,True,True,True,,,,,,,21.0,15.0,-1.0,460.0,,,28.0,78.0,37.0,7.0,,,,,0.0,,,,,,,,,,,,,,,,,,,,,,,,,,,,,,3.0,3.0,89.6,168.7074885226161,86.0,41.746539792387544,True,True
422,95502.0,266830.0,171328.0,1.557422020918939,0.2132701421800948,226.30805687203792,2964.777777777778,-516.0481927710844,17269.0,16698.0,0.17269,10,8,0.8,42.2,17.092688495377196,0.4050400117387961,28,0.041789700739251534,5.530256529040477,76.30749094259805,2.158270466430932,2012-01-10 22:30:00,2021-05-17 02:30:00,TF_U,5,,,,,,,500,4000,,284,42829.0,171613.0,128784.0,1.3325646042986707,0.15140845070422534,150.80633802816902,3991.0,-534.3734439834025,20919.0,19564.0,0.20919,5,4,0.8,56.8,13.392535234226564,0.2357840710251156,39,0.09318452450442458,2.0473732013958603,138.7143290760933,1.306738182644159,True,True,True,,,,,,,22.0,3.0,-1.0,460.0,,,4.0,139.0,37.0,115.0,,,,,0.0,,,,,,,,,,,,,,,,,,,,,,,,,,,,,,3.0,3.0,97.25,152.5710647905072,88.0,37.701584507042256,True,True
386,95061.0,188560.0,93499.0,2.016706061027391,0.06476683937823834,246.27202072538861,7542.4,-259.0,15356.0,13468.0,0.15356,10,8,0.8,38.6,18.958902921846505,0.49116328813073845,9,0.09231966842343338,6.1904792914821565,62.353814918841586,2.4906658675170052,2012-01-10 10:30:00,2021-05-14 15:00:00,TF_U,5,,,,,,,250,7500,,292,40617.0,112365.0,71748.0,1.5661063723030608,0.05136986301369863,139.09931506849315,7491.0,-259.01805054151623,18817.0,14265.0,0.18817,5,5,1.0,58.4,19.053608582103287,0.32626042092642615,31,0.18443016470935816,2.1585268640059523,135.2774454046335,1.27083523068709,True,True,True,,,,,,,21.0,15.0,-1.0,0.0,,,28.0,78.0,37.0,7.0,,,,,0.0,,,,,,,,,,,,,,,,,,,,,,,,,,,,,,3.0,3.0,65.4059405940594,141.49670149739225,86.0,34.77482876712329,True,True
819,102879.0,390308.0,287429.0,1.3579283927509054,0.5531135531135531,125.61538461538461,861.60706401766,-785.3251366120219,11635.0,9660.0,0.11635,10,9,0.9,81.9,18.9602215176933,0.2315045362355714,28,0.039181951613060005,8.842200257842716,92.62400489895897,1.45948315085582,2012-01-10 10:30:00,2021-05-14 20:30:00,TF_U,5,,,,,,,2000,3000,,302,44542.0,339799.0,295257.0,1.1508584047118273,0.4768211920529801,147.49006622516555,2359.715277777778,-1868.7151898734178,21477.0,20137.0,0.21477,5,4,0.8,60.4,17.681628884240276,0.29274220007020324,32,0.06715010551838714,2.073939563253713,145.61658659242963,1.2612913259235843,True,True,True,,,,,,,21.0,15.0,-1.0,48.0,,,28.0,78.0,37.0,7.0,,,,,0.0,,,,,,,,,,,,,,,,,,,,,,,,,,,,,,3.0,3.0,22.923076923076923,150.49815877701963,97.0,36.87251655629139,True,True
832,95372.0,331229.0,235857.0,1.4043636610318964,0.4855769230769231,114.6298076923077,819.8737623762377,-551.0677570093458,10036.0,9122.0,0.10036,10,8,0.8,83.2,19.29144888285999,0.2318683759959133,28,0.042266073900096464,9.502989238740534,87.55139873338086,1.434024873960814,2012-01-10 10:30:00,2021-05-14 21:00:00,TF_U,5,,,,,,,750,4000,,305,39790.0,218914.0,179124.0,1.2221366204417052,0.2262295081967213,130.45901639344262,3172.6666666666665,-759.0,16819.0,15180.0,0.16819,5,4,0.8,61.0,18.64403389827427,0.3056398999717093,31,0.10030158331239004,2.3657768000475654,128.9217139984921,1.2607049600273115,True,True,True,,,,,,,21.0,15.0,-1.0,48.0,,,28.0,78.0,37.0,7.0,,,,,0.0,,,,,,,,,,,,,,,,,,,,,,,,,,,,,,3.0,3.0,57.99029126213592,130.52070409941422,98.0,32.614754098360656,True,True
821,90701.0,364001.0,273300.0,1.3318733991950238,0.561510353227771,110.4762484774665,789.590021691974,-759.1666666666666,11780.0,9805.0,0.1178,10,9,0.9,82.1,18.66788686488109,0.22737986437126786,29,0.021951246403016506,7.699575551782683,106.62925436323745,1.2756622971477452,2012-01-10 10:30:00,2021-05-14 17:00:00,TF_U,5,,,,,,,2000,2000,,309,43339.0,304948.0,261609.0,1.1656632608205375,0.5436893203883495,140.25566343042073,1815.1666666666667,-1855.3829787234042,19573.0,18022.0,0.19573,5,4,0.8,61.8,18.18130908378162,0.29419593986701653,32,0.045940146288562266,2.2142236754713127,139.55229700731442,1.2564093385554165,True,True,True,,,,,,,21.0,15.0,-1.0,48.0,,,28.0,78.0,37.0,7.0,,,,,0.0,,,,,,,,,,,,,,,,,,,,,,,,,,,,,,3.0,3.0,95.95098039215686,140.91734217816898,101.0,35.06391585760518,True,True
919,64464.0,254547.0,190083.0,1.339136061615189,0.529923830250272,70.14581066376496,522.6837782340863,-440.00694444444446,8506.0,7990.0,0.08506,10,8,0.8,91.9,22.64707486630448,0.2464317178052718,30,0.030885455448001985,7.578650364448625,121.26169645073219,0.9531878468418825,2012-01-10 10:30:00,2021-05-14 17:00:00,TF_U,5,,,,,,,1500,2000,,314,41244.0,223786.0,182542.0,1.225942522816667,0.4968152866242038,131.35031847133757,1434.525641025641,-1155.3291139240507,20461.0,19061.0,0.20461,5,4,0.8,62.8,19.29144888285999,0.30718867647866227,32,0.048273688294054894,2.0157372562435856,155.77427019687713,1.1508193337087511,True,True,True,,,,,,,21.0,15.0,-1.0,24.0,,,28.0,78.0,37.0,7.0,,,,,0.0,,,,,,,,,,,,,,,,,,,,,,,,,,,,,,3.0,3.0,59.20754716981132,132.89842886598657,101.0,32.83757961783439,True,True
626,81601.0,263626.0,182025.0,1.4482955637961819,0.3929712460063898,130.35303514376997,1071.6504065040651,-479.0131578947368,13240.0,12905.0,0.1324,10,9,0.9,62.6,16.0822883943797,0.2569055654054265,20,0.04939890442519087,6.16321752265861,101.57032389308954,1.4197654459693891,2012-01-10 10:30:00,2021-04-23 22:00:00,TF_U,5,,,,,,,500,3000,,241,27796.0,128069.0,100273.0,1.2772032351679914,0.1825726141078838,115.33609958506224,2910.659090909091,-509.0,13425.0,11707.0,0.13425,5,4,0.8,48.2,14.702380759591284,0.3050286464645494,22,0.10760541085048209,2.070465549348231,116.39894229385523,1.2475201245240144,True,True,True,,,,,,,21.0,16.0,-1.0,92.0,,,28.0,77.0,52.0,15.0,,,,,0.0,,,,,,,,,,,,,,,,,,,,,,,,,,,,,,3.0,2.0,-5.329113924050633,115.05645389523515,79.0,28.83402489626556,True,False
580,50495.0,175182.0,124687.0,1.4049740550338046,0.20172413793103447,87.0603448275862,1497.2820512820513,-269.3023758099352,10998.0,10087.0,0.10998,10,9,0.9,58.0,18.973665961010276,0.3271321717415565,28,0.037350232696306565,4.5912893253318785,126.3261709080107,1.0404062974929653,2012-01-10 22:30:00,2021-05-17 02:30:00,TF_U,5,,,,,,,250,1500,,297,32337.0,99196.0,66859.0,1.4836596419330232,0.2222222222222222,108.87878787878788,1502.969696969697,-289.43290043290045,12166.0,12006.0,0.12166,5,4,0.8,59.4,13.124023773218335,0.22094316116529183,39,0.06435352691962767,2.657981259247082,111.73893682159755,1.237111426479206,True,True,True,,,,,,,22.0,3.0,-1.0,0.0,,,4.0,139.0,37.0,115.0,,,,,0.0,,,,,,,,,,,,,,,,,,,,,,,,,,,,,,3.0,3.0,75.07608695652173,107.50728926296684,92.0,27.21969696969697,True,False
845,84530.0,293409.0,208879.0,1.4046840515322268,0.4366863905325444,100.03550295857988,795.1463414634146,-438.82142857142856,12225.0,10983.0,0.12225,10,9,0.9,84.5,19.25746608461248,0.2278990069184909,29,0.04768721164083757,6.914519427402863,122.20661303679167,1.1338854255553412,2012-01-10 10:30:00,2021-05-14 20:30:00,TF_U,5,,,,,,,500,3000,,308,35013.0,162263.0,127250.0,1.2751512770137525,0.18831168831168832,113.67857142857143,2797.637931034483,-509.0,14438.0,12712.0,0.14438,5,5,1.0,61.6,18.74673304872078,0.3043300819597529,32,0.08542541341787337,2.425058872420003,127.00722588752748,1.185671922264967,True,True,True,,,,,,,21.0,15.0,-1.0,48.0,,,28.0,78.0,37.0,7.0,,,,,0.0,,,,,,,,,,,,,,,,,,,,,,,,,,,,,,3.0,3.0,52.82692307692308,115.6915696612462,98.0,28.419642857142858,True,False
484,108764.0,340072.0,231308.0,1.4702128763380429,0.35537190082644626,224.71900826446281,1977.1627906976744,-741.3717948717949,12857.0,12053.0,0.12857,10,8,0.8,48.4,13.60294085850556,0.28105249707656116,29,0.02290279872016476,8.459516216846854,57.2136736420139,2.4837588900926355,2012-01-10 10:30:00,2021-05-14 18:30:00,TF_U,5,,,,,,,750,2500,,301,34791.0,201771.0,166980.0,1.2083542939274166,0.2691029900332226,115.58471760797342,2491.0,-759.0,17094.0,15571.0,0.17094,5,4,0.8,60.2,18.723247581549522,0.31101740168686914,30,0.07159897674685982,2.0352755352755354,147.89152366991465,1.1079445192078758,True,True,True,,,,,,,21.0,15.0,-1.0,322.0,,,28.0,78.0,37.0,7.0,,,,,0.0,,,,,,,,,,,,,,,,,,,,,,,,,,,,,,3.0,3.0,37.568627450980394,116.99347991623834,96.0,28.896179401993354,True,False
689,88494.0,327887.0,239393.0,1.3696599315769467,0.4746008708272859,128.43831640058056,1002.7125382262997,-661.3066298342542,12643.0,11405.0,0.12643,10,9,0.9,68.9,13.736447866897759,0.19936789356890794,29,0.02249870047686849,6.99944633393973,98.43635726715935,1.4315581114951819,2012-01-10 10:30:00,2021-05-14 17:00:00,TF_U,5,,,,,,,750,2000,,307,29512.0,189661.0,160149.0,1.1842783907486154,0.3127035830618892,96.13029315960912,1975.6354166666667,-759.0,12583.0,10616.0,0.12583,5,4,0.8,61.4,19.03260360539251,0.30997725741681614,30,0.06746408240715641,2.345386632758484,130.89526294388722,1.0740082450738262,True,True,True,,,,,,,21.0,15.0,-1.0,92.0,,,28.0,78.0,37.0,7.0,,,,,0.0,,,,,,,,,,,,,,,,,,,,,,,,,,,,,,3.0,3.0,8.401960784313726,96.562558356676,100.0,24.03257328990228,True,False
