,#1 TF_M — WF Unger=8.23 | OOS=3.58,#2 TF_M — WF Unger=6.74 | OOS=4.71,#3 TF_M — WF Unger=6.61 | OOS=3.89,#4 PC — WF Unger=6.57 | OOS=4.13,#5 PC — WF Unger=5.86 | OOS=3.16,#6 PC — WF Unger=5.10 | OOS=3.67,#7 TF_M — WF Unger=5.00 | OOS=3.50,#8 PC — WF Unger=4.94 | OOS=2.98,#9 TF_M — WF Unger=4.77 | OOS=5.47,#10 TF_M — WF Unger=4.74 | OOS=4.41,#11 TF_M — WF Unger=4.64 | OOS=2.30,#12 TF_M — WF Unger=3.73 | OOS=3.28,#13 TF_M — WF Unger=3.58 | OOS=3.14,#14 TF_M — WF Unger=3.52 | OOS=3.21,#15 TF_M — WF Unger=3.30 | OOS=3.95,#16 TF_M — WF Unger=3.26 | OOS=3.19,#17 TF_M — WF Unger=3.25 | OOS=5.37,#18 TF_M — WF Unger=3.10 | OOS=4.00,#19 TF_M — WF Unger=3.06 | OOS=4.47,#20 TF_M — WF Unger=2.92 | OOS=5.51,#21 TF_M — WF Unger=2.48 | OOS=5.11,#22 TF_M — WF Unger=2.39 | OOS=2.98,#23 TF_M — WF Unger=2.28 | OOS=3.46,#24 TF_M — WF Unger=2.24 | OOS=3.90,#25 BIASW — WF Unger=7.76 | OOS=11.70,#26 PC — WF Unger=7.54 | OOS=4.06,#27 PC — WF Unger=7.04 | OOS=3.60,#28 BO — WF Unger=6.18 | OOS=3.49,#29 BO — WF Unger=6.02 | OOS=6.12,#30 BO — WF Unger=5.96 | OOS=6.14,#31 PC — WF Unger=5.57 | OOS=2.28,#32 BO — WF Unger=5.53 | OOS=9.31,#33 BO — WF Unger=5.40 | OOS=7.96,#34 BO — WF Unger=5.38 | OOS=8.05,#35 TF_M — WF Unger=5.20 | OOS=3.21,#36 BO — WF Unger=5.14 | OOS=6.19,#37 PC — WF Unger=5.08 | OOS=2.91,#38 BO — WF Unger=5.07 | OOS=6.93,#39 BO — WF Unger=5.05 | OOS=4.70,#40 BO — WF Unger=5.03 | OOS=6.88,#41 BO — WF Unger=4.90 | OOS=7.68,#42 BO — WF Unger=4.88 | OOS=9.05,#43 TF_U — WF Unger=4.65 | OOS=2.03,#44 BO — WF Unger=4.56 | OOS=6.17,#45 BO — WF Unger=4.43 | OOS=5.58,#46 BO — WF Unger=4.35 | OOS=5.52,#47 BO — WF Unger=4.29 | OOS=6.68,#48 BO — WF Unger=4.23 | OOS=2.18,#49 BO — WF Unger=4.22 | OOS=3.28,#50 BIASW — WF Unger=4.20 | OOS=3.51,#51 BO — WF Unger=4.10 | OOS=7.56,#52 BO — WF Unger=4.06 | OOS=6.91,#53 BO — WF Unger=4.02 | OOS=6.45,#54 TF_U — WF Unger=4.02 | OOS=2.05,#55 VBO — WF Unger=3.99 | OOS=4.00,#56 TF_M — WF Unger=3.92 | OOS=3.94,#57 BO — WF Unger=3.87 | OOS=5.31,#58 BO — WF Unger=3.86 | OOS=5.29,#59 BO — WF Unger=3.80 | OOS=5.65,#60 BO — WF Unger=3.67 | OOS=3.97,#61 TF_M — WF Unger=3.57 | OOS=2.32,#62 TF_M — WF Unger=3.55 | OOS=3.28,#63 TF_U — WF Unger=3.54 | OOS=1.76,#64 BIASW — WF Unger=3.51 | OOS=3.20,#65 BO — WF Unger=3.47 | OOS=4.24,#66 TF_U — WF Unger=3.46 | OOS=1.82,#67 TF_U — WF Unger=3.44 | OOS=1.91,#68 BO — WF Unger=3.34 | OOS=4.94,#69 TF_U — WF Unger=3.22 | OOS=2.64,#70 BO — WF Unger=3.20 | OOS=5.30,#71 TF_U — WF Unger=3.15 | OOS=2.18,#72 TF_U — WF Unger=3.14 | OOS=1.67,#73 TF_U — WF Unger=3.12 | OOS=3.00,#74 TF_U — WF Unger=3.11 | OOS=1.93,#75 TF_U — WF Unger=3.08 | OOS=1.81,#76 TF_U — WF Unger=3.03 | OOS=1.72,#77 TF_U — WF Unger=3.03 | OOS=1.77,#78 TF_U — WF Unger=3.01 | OOS=1.27,#79 TF_M — WF Unger=2.99 | OOS=3.46,#80 TF_U — WF Unger=2.98 | OOS=2.31,#81 TF_U — WF Unger=2.95 | OOS=1.90,#82 TF_U — WF Unger=2.92 | OOS=1.70,#83 TF_U — WF Unger=2.92 | OOS=1.75,#84 TF_U — WF Unger=2.90 | OOS=2.49,#85 BO — WF Unger=2.88 | OOS=3.55,#86 TF_U — WF Unger=2.87 | OOS=1.71,#87 TF_M — WF Unger=2.86 | OOS=2.86,#88 TF_U — WF Unger=2.85 | OOS=2.04,#89 TF_U — WF Unger=2.85 | OOS=1.92,#90 TF_M — WF Unger=2.83 | OOS=4.03,#91 TF_U — WF Unger=2.82 | OOS=1.52,#92 TF_U — WF Unger=2.78 | OOS=1.50,#93 TF_U — WF Unger=2.78 | OOS=2.22,#94 TF_U — WF Unger=2.76 | OOS=3.36,#95 BO — WF Unger=2.73 | OOS=4.15,#96 TF_U — WF Unger=2.71 | OOS=3.31,#97 TF_U — WF Unger=2.69 | OOS=2.19,#98 TF_U — WF Unger=2.64 | OOS=2.03,#99 TF_M — WF Unger=2.61 | OOS=5.61,#100 TF_U — WF Unger=2.61 | OOS=3.16,#101 TF_U — WF Unger=2.54 | OOS=2.43,#102 TF_U — WF Unger=2.53 | OOS=2.24,#103 TF_U — WF Unger=2.49 | OOS=1.81,#104 TF_U — WF Unger=2.49 | OOS=2.92,#105 TF_U — WF Unger=2.49 | OOS=1.68,#106 TF_U — WF Unger=2.47 | OOS=2.52,#107 TF_U — WF Unger=2.45 | OOS=2.05,#108 TF_U — WF Unger=2.44 | OOS=2.76,#109 MAC — WF Unger=2.44 | OOS=4.67,#110 TF_U — WF Unger=2.43 | OOS=1.72,#111 TF_U — WF Unger=2.41 | OOS=2.50,#112 TF_M — WF Unger=2.41 | OOS=1.82,#113 TF_M — WF Unger=2.35 | OOS=1.97,#114 TF_U — WF Unger=2.34 | OOS=2.51,#115 TF_U — WF Unger=2.33 | OOS=1.95,#116 TF_U — WF Unger=2.33 | OOS=2.98,#117 TF_U — WF Unger=2.33 | OOS=2.15,#118 TF_U — WF Unger=2.26 | OOS=1.84,#119 TF_U — WF Unger=2.26 | OOS=1.87,#120 TF_U — WF Unger=2.25 | OOS=1.60,#121 TF_U — WF Unger=2.23 | OOS=1.90,#122 BO — WF Unger=2.21 | OOS=3.42,#123 TF_U — WF Unger=2.19 | OOS=2.24,#124 TF_M — WF Unger=2.18 | OOS=2.93,#125 TF_U — WF Unger=2.18 | OOS=2.48,#126 TF_M — WF Unger=2.18 | OOS=4.37,#127 TF_U — WF Unger=2.17 | OOS=1.88,#128 TF_M — WF Unger=2.16 | OOS=3.63,#129 TF_U — WF Unger=2.16 | OOS=1.71,#130 TF_U — WF Unger=2.16 | OOS=1.84,#131 TF_U — WF Unger=2.14 | OOS=1.42,#132 TF_U — WF Unger=2.13 | OOS=1.11,#133 TF_U — WF Unger=2.09 | OOS=1.80,#134 TF_U — WF Unger=2.08 | OOS=2.54,#135 TF_U — WF Unger=2.08 | OOS=2.29,#136 TF_M — WF Unger=2.07 | OOS=2.24,#137 TF_U — WF Unger=2.07 | OOS=1.85,#138 TF_U — WF Unger=2.07 | OOS=2.02,#139 BO — WF Unger=2.06 | OOS=1.99,#140 TF_U — WF Unger=2.05 | OOS=1.90,#141 TF_U — WF Unger=2.04 | OOS=2.41,#142 TF_U — WF Unger=2.03 | OOS=1.60,#143 TF_U — WF Unger=2.00 | OOS=3.62,#144 TF_U — WF Unger=1.99 | OOS=1.79,#145 TF_U — WF Unger=1.94 | OOS=1.93,#146 TF_U — WF Unger=1.91 | OOS=1.47,#147 TF_U — WF Unger=1.89 | OOS=1.53,#148 TF_U — WF Unger=1.89 | OOS=1.69,#149 TF_M — WF Unger=1.89 | OOS=3.11,#150 TF_U — WF Unger=1.89 | OOS=1.53,#151 TF_U — WF Unger=1.87 | OOS=1.31,#152 TF_U — WF Unger=1.87 | OOS=3.03,#153 TF_U — WF Unger=1.85 | OOS=2.54,#154 TF_U — WF Unger=1.84 | OOS=1.91,#155 TF_U — WF Unger=1.84 | OOS=1.25,#156 TF_U — WF Unger=1.83 | OOS=1.58,#157 TF_U — WF Unger=1.83 | OOS=1.52,#158 TF_U — WF Unger=1.82 | OOS=1.47,#159 TF_U — WF Unger=1.81 | OOS=1.87,#160 TF_U — WF Unger=1.79 | OOS=1.86,#161 TF_U — WF Unger=1.79 | OOS=2.04,#162 TF_U — WF Unger=1.77 | OOS=2.13,#163 TF_U — WF Unger=1.76 | OOS=1.43,#164 TF_U — WF Unger=1.76 | OOS=1.49,#165 TF_U — WF Unger=1.75 | OOS=1.44,#166 TF_U — WF Unger=1.73 | OOS=1.07,#167 TF_U — WF Unger=1.71 | OOS=1.66,#168 TF_U — WF Unger=1.68 | OOS=1.97,#169 TF_U — WF Unger=1.68 | OOS=1.60,#170 TF_U — WF Unger=1.68 | OOS=1.93,#171 TF_U — WF Unger=1.65 | OOS=1.74,#172 TF_U — WF Unger=1.61 | OOS=1.26,#173 TF_U — WF Unger=1.59 | OOS=2.31,#174 TF_U — WF Unger=1.59 | OOS=1.83,#175 TF_U — WF Unger=1.59 | OOS=1.68,#176 TF_U — WF Unger=1.57 | OOS=2.15,#177 TF_U — WF Unger=1.57 | OOS=1.26,#178 TF_U — WF Unger=1.57 | OOS=2.37,#179 TF_U — WF Unger=1.57 | OOS=2.17,#180 TF_U — WF Unger=1.54 | OOS=1.60,#181 TF_U — WF Unger=1.53 | OOS=1.60,#182 TF_U — WF Unger=1.53 | OOS=2.06,#183 TF_U — WF Unger=1.52 | OOS=1.73,#184 TF_U — WF Unger=1.50 | OOS=1.79,#185 TF_U — WF Unger=1.48 | OOS=1.54,#186 TF_U — WF Unger=1.47 | OOS=1.91,#187 TF_U — WF Unger=1.43 | OOS=1.19,#188 TF_U — WF Unger=1.42 | OOS=1.26,#189 TF_U — WF Unger=1.42 | OOS=1.58,#190 TF_U — WF Unger=1.36 | OOS=1.85,#191 TF_U — WF Unger=1.33 | OOS=1.24,#192 TF_U — WF Unger=1.28 | OOS=1.15,#193 RBB_U — WF Unger=1.28 | OOS=1.65,#194 TF_U — WF Unger=1.26 | OOS=1.49,#195 TF_U — WF Unger=1.21 | OOS=1.58,#196 TF_U — WF Unger=1.07 | OOS=1.61
#1 TF_M — WF Unger=8.23 | OOS=3.58,1.0,0.824,0.038,0.179,0.067,0.088,0.859,0.103,0.845,0.833,0.041,0.745,0.035,0.891,0.856,0.85,0.021,0.839,0.76,0.792,0.848,0.041,0.038,0.897,0.0,0.094,0.078,0.025,0.018,0.016,0.135,0.02,0.021,0.016,0.894,0.021,0.132,0.023,0.021,0.019,0.023,0.018,0.129,0.014,0.021,0.018,0.019,0.025,0.023,0.0,0.023,0.023,0.023,0.106,0.038,0.035,0.093,0.026,0.026,0.019,0.856,0.035,0.079,0.0,0.021,0.073,0.082,0.026,0.114,0.017,0.12,0.085,0.111,0.085,0.091,0.1,0.114,0.129,0.845,0.065,0.111,0.082,0.082,0.07,0.022,0.085,0.809,0.106,0.073,0.871,0.082,0.126,0.106,0.111,0.021,0.106,0.091,0.091,0.845,0.1,0.085,0.091,0.138,0.106,0.1,0.109,0.114,0.103,0.018,0.073,0.111,0.038,0.862,0.088,0.138,0.097,0.114,0.1,0.091,0.091,0.12,0.026,0.117,0.827,0.088,0.886,0.132,0.038,0.109,0.088,0.109,0.123,0.123,0.091,0.117,0.795,0.097,0.094,0.179,0.103,0.106,0.123,0.103,0.094,0.117,0.111,0.12,0.12,0.038,0.114,0.129,0.103,0.144,0.088,0.091,0.12,0.126,0.088,0.12,0.138,0.117,0.079,0.109,0.123,0.12,0.144,0.12,0.109,0.109,0.117,0.106,0.111,0.114,0.152,0.106,0.155,0.129,0.152,0.132,0.147,0.103,0.109,0.117,0.088,0.114,0.138,0.138,0.129,0.111,0.123,0.161,0.158,0.0,0.111,0.129,0.126
#2 TF_M — WF Unger=6.74 | OOS=4.71,0.824,1.0,0.038,0.167,0.072,0.094,0.764,0.099,0.901,0.768,0.04,0.761,0.035,0.739,0.796,0.862,0.022,0.812,0.685,0.817,0.878,0.04,0.038,0.918,0.008,0.116,0.097,0.035,0.029,0.029,0.12,0.029,0.028,0.03,0.821,0.027,0.113,0.028,0.032,0.031,0.028,0.027,0.108,0.027,0.028,0.03,0.032,0.035,0.033,0.0,0.029,0.029,0.031,0.103,0.037,0.035,0.121,0.029,0.029,0.025,0.756,0.035,0.082,0.0,0.032,0.073,0.08,0.031,0.106,0.03,0.113,0.085,0.106,0.082,0.094,0.101,0.11,0.129,0.786,0.061,0.11,0.082,0.082,0.08,0.031,0.085,0.664,0.101,0.075,0.869,0.075,0.122,0.099,0.115,0.029,0.106,0.092,0.085,0.876,0.103,0.08,0.094,0.138,0.106,0.092,0.106,0.108,0.108,0.021,0.08,0.115,0.038,0.81,0.092,0.127,0.103,0.12,0.101,0.08,0.094,0.11,0.031,0.12,0.761,0.092,0.906,0.12,0.038,0.106,0.092,0.101,0.124,0.113,0.096,0.108,0.737,0.103,0.094,0.188,0.092,0.11,0.113,0.106,0.094,0.122,0.103,0.117,0.12,0.038,0.12,0.124,0.11,0.136,0.094,0.096,0.12,0.124,0.094,0.12,0.134,0.108,0.082,0.099,0.122,0.12,0.138,0.12,0.108,0.12,0.124,0.117,0.113,0.124,0.153,0.099,0.153,0.134,0.155,0.129,0.141,0.094,0.12,0.127,0.092,0.113,0.141,0.141,0.131,0.113,0.131,0.153,0.162,0.0,0.115,0.127,0.134
#3 TF_M — WF Unger=6.61 | OOS=3.89,0.038,0.038,1.0,0.059,0.089,0.046,0.033,0.054,0.036,0.035,0.934,0.037,0.961,0.028,0.035,0.035,0.351,0.035,0.03,0.033,0.033,0.967,0.963,0.033,0.008,0.041,0.065,0.232,0.218,0.192,0.042,0.186,0.171,0.193,0.038,0.182,0.171,0.168,0.218,0.204,0.178,0.192,0.085,0.189,0.175,0.209,0.196,0.22,0.171,0.002,0.175,0.179,0.169,0.074,0.051,0.958,0.056,0.17,0.171,0.21,0.033,0.95,0.101,0.0,0.206,0.079,0.103,0.172,0.033,0.196,0.035,0.105,0.028,0.103,0.101,0.096,0.028,0.083,0.031,0.096,0.033,0.101,0.103,0.092,0.191,0.105,0.033,0.09,0.096,0.033,0.088,0.085,0.09,0.033,0.198,0.079,0.103,0.09,0.035,0.101,0.101,0.103,0.085,0.081,0.09,0.09,0.096,0.033,0.015,0.094,0.033,0.954,0.031,0.103,0.037,0.035,0.035,0.033,0.09,0.103,0.09,0.181,0.033,0.035,0.101,0.033,0.092,0.881,0.033,0.103,0.088,0.092,0.09,0.105,0.09,0.031,0.035,0.101,0.063,0.088,0.033,0.094,0.101,0.101,0.083,0.09,0.09,0.09,0.893,0.037,0.037,0.101,0.085,0.107,0.107,0.088,0.088,0.101,0.085,0.094,0.09,0.096,0.09,0.09,0.088,0.09,0.085,0.083,0.035,0.037,0.035,0.088,0.035,0.039,0.09,0.039,0.085,0.09,0.09,0.09,0.09,0.035,0.037,0.098,0.083,0.088,0.09,0.088,0.085,0.037,0.039,0.09,0.0,0.083,0.09,0.037
#4 PC — WF Unger=6.57 | OOS=4.13,0.179,0.167,0.059,1.0,0.439,0.524,0.16,0.541,0.162,0.158,0.059,0.158,0.055,0.143,0.128,0.14,0.062,0.147,0.136,0.142,0.154,0.057,0.057,0.154,0.027,0.678,0.578,0.123,0.111,0.115,0.274,0.098,0.096,0.115,0.176,0.099,0.332,0.098,0.129,0.11,0.093,0.088,0.158,0.113,0.094,0.106,0.114,0.119,0.101,0.0,0.084,0.086,0.1,0.161,0.113,0.055,0.028,0.091,0.092,0.118,0.154,0.056,0.207,0.009,0.105,0.142,0.197,0.092,0.1,0.116,0.106,0.197,0.102,0.208,0.201,0.167,0.102,0.167,0.131,0.165,0.108,0.192,0.204,0.183,0.105,0.208,0.133,0.177,0.186,0.142,0.156,0.194,0.177,0.111,0.098,0.176,0.215,0.165,0.161,0.219,0.201,0.217,0.181,0.174,0.167,0.179,0.183,0.106,0.086,0.186,0.111,0.055,0.134,0.215,0.118,0.106,0.115,0.093,0.163,0.217,0.19,0.088,0.109,0.129,0.21,0.158,0.195,0.059,0.102,0.215,0.179,0.19,0.19,0.215,0.188,0.133,0.102,0.22,0.087,0.168,0.104,0.188,0.219,0.22,0.185,0.181,0.199,0.192,0.058,0.118,0.111,0.22,0.197,0.213,0.215,0.201,0.204,0.206,0.206,0.206,0.186,0.195,0.179,0.199,0.206,0.211,0.204,0.183,0.12,0.122,0.12,0.199,0.125,0.134,0.177,0.131,0.206,0.208,0.203,0.213,0.177,0.124,0.125,0.215,0.185,0.208,0.21,0.208,0.199,0.122,0.136,0.211,0.0,0.195,0.201,0.115
#5 PC — WF Unger=5.86 | OOS=3.16,0.067,0.072,0.089,0.439,1.0,0.752,0.063,0.764,0.062,0.074,0.087,0.076,0.092,0.069,0.074,0.082,0.104,0.087,0.069,0.087,0.094,0.092,0.092,0.099,0.008,0.363,0.377,0.165,0.161,0.147,0.164,0.134,0.127,0.141,0.068,0.134,0.275,0.137,0.157,0.15,0.134,0.14,0.283,0.141,0.128,0.158,0.145,0.16,0.13,0.002,0.131,0.132,0.133,0.256,0.09,0.089,0.009,0.149,0.144,0.153,0.072,0.089,0.377,0.009,0.151,0.236,0.385,0.146,0.057,0.146,0.06,0.409,0.05,0.39,0.434,0.273,0.05,0.3,0.06,0.357,0.057,0.395,0.402,0.392,0.145,0.424,0.057,0.298,0.387,0.082,0.258,0.303,0.298,0.065,0.152,0.283,0.442,0.268,0.097,0.476,0.39,0.474,0.325,0.283,0.268,0.288,0.308,0.057,0.055,0.385,0.062,0.087,0.077,0.471,0.077,0.057,0.065,0.052,0.27,0.474,0.328,0.137,0.062,0.084,0.454,0.099,0.33,0.082,0.06,0.471,0.28,0.32,0.323,0.476,0.33,0.082,0.057,0.491,0.067,0.273,0.055,0.313,0.509,0.484,0.303,0.305,0.33,0.31,0.087,0.067,0.062,0.511,0.342,0.471,0.474,0.352,0.357,0.452,0.36,0.367,0.325,0.429,0.293,0.35,0.36,0.365,0.36,0.305,0.077,0.077,0.077,0.352,0.082,0.094,0.313,0.089,0.367,0.395,0.365,0.377,0.305,0.082,0.082,0.481,0.305,0.38,0.382,0.377,0.352,0.077,0.094,0.404,0.0,0.355,0.365,0.077
#6 PC — WF Unger=5.10 | OOS=3.67,0.088,0.094,0.046,0.524,0.752,1.0,0.083,0.681,0.087,0.088,0.043,0.09,0.048,0.087,0.098,0.105,0.052,0.109,0.084,0.112,0.121,0.048,0.048,0.118,0.019,0.382,0.328,0.165,0.164,0.157,0.205,0.14,0.129,0.151,0.092,0.139,0.262,0.14,0.168,0.15,0.126,0.137,0.205,0.151,0.131,0.158,0.158,0.164,0.136,0.002,0.123,0.125,0.136,0.182,0.07,0.046,0.043,0.139,0.135,0.15,0.086,0.046,0.264,0.006,0.151,0.162,0.271,0.134,0.062,0.156,0.066,0.287,0.055,0.276,0.308,0.189,0.057,0.219,0.077,0.248,0.064,0.28,0.282,0.276,0.148,0.308,0.072,0.212,0.273,0.109,0.178,0.221,0.212,0.068,0.147,0.2,0.323,0.187,0.121,0.344,0.271,0.344,0.237,0.205,0.191,0.203,0.221,0.062,0.064,0.271,0.068,0.046,0.096,0.342,0.082,0.062,0.073,0.055,0.189,0.344,0.23,0.129,0.068,0.103,0.321,0.123,0.237,0.043,0.064,0.342,0.196,0.232,0.23,0.342,0.232,0.103,0.062,0.355,0.089,0.189,0.062,0.221,0.364,0.351,0.221,0.214,0.235,0.228,0.046,0.075,0.071,0.367,0.253,0.337,0.339,0.267,0.271,0.321,0.273,0.267,0.232,0.301,0.203,0.255,0.273,0.271,0.273,0.223,0.087,0.087,0.087,0.267,0.091,0.1,0.221,0.096,0.28,0.294,0.264,0.278,0.214,0.091,0.091,0.349,0.223,0.285,0.287,0.287,0.267,0.087,0.1,0.303,0.0,0.269,0.264,0.082
#7 TF_M — WF Unger=5.00 | OOS=3.50,0.859,0.764,0.033,0.16,0.063,0.083,1.0,0.095,0.792,0.832,0.035,0.811,0.03,0.842,0.787,0.782,0.018,0.805,0.754,0.772,0.822,0.035,0.033,0.872,0.0,0.094,0.078,0.028,0.021,0.019,0.125,0.023,0.022,0.02,0.778,0.021,0.12,0.023,0.025,0.022,0.023,0.021,0.12,0.017,0.022,0.021,0.022,0.028,0.024,0.0,0.024,0.023,0.023,0.095,0.034,0.03,0.111,0.025,0.025,0.022,0.85,0.03,0.08,0.0,0.023,0.07,0.08,0.025,0.103,0.02,0.11,0.08,0.105,0.075,0.095,0.103,0.11,0.128,0.802,0.063,0.105,0.08,0.083,0.073,0.025,0.083,0.687,0.1,0.075,0.805,0.078,0.12,0.098,0.113,0.023,0.098,0.09,0.085,0.837,0.1,0.085,0.088,0.14,0.103,0.103,0.11,0.113,0.108,0.015,0.073,0.113,0.033,0.847,0.085,0.123,0.103,0.115,0.093,0.09,0.088,0.11,0.026,0.118,0.807,0.085,0.87,0.123,0.033,0.103,0.085,0.103,0.123,0.113,0.09,0.108,0.759,0.103,0.093,0.173,0.1,0.11,0.113,0.095,0.093,0.115,0.1,0.113,0.118,0.033,0.115,0.125,0.095,0.143,0.088,0.09,0.118,0.123,0.088,0.12,0.135,0.108,0.078,0.098,0.118,0.12,0.138,0.12,0.1,0.108,0.118,0.108,0.11,0.115,0.148,0.095,0.15,0.133,0.143,0.13,0.145,0.093,0.11,0.118,0.088,0.105,0.135,0.135,0.13,0.11,0.12,0.155,0.153,0.0,0.11,0.128,0.12
#8 PC — WF Unger=4.94 | OOS=2.98,0.103,0.099,0.054,0.541,0.764,0.681,0.095,1.0,0.092,0.098,0.051,0.101,0.058,0.094,0.094,0.103,0.062,0.114,0.084,0.105,0.112,0.058,0.058,0.123,0.011,0.457,0.393,0.14,0.136,0.134,0.271,0.117,0.11,0.121,0.1,0.121,0.338,0.124,0.146,0.122,0.108,0.116,0.324,0.12,0.111,0.133,0.132,0.138,0.117,0.002,0.105,0.106,0.121,0.291,0.124,0.056,0.012,0.125,0.12,0.137,0.096,0.056,0.374,0.009,0.128,0.268,0.394,0.12,0.089,0.126,0.096,0.407,0.085,0.389,0.441,0.306,0.085,0.345,0.081,0.347,0.092,0.396,0.405,0.391,0.127,0.423,0.077,0.34,0.383,0.101,0.295,0.342,0.338,0.101,0.126,0.318,0.445,0.313,0.116,0.477,0.396,0.47,0.367,0.327,0.311,0.329,0.347,0.096,0.105,0.385,0.101,0.056,0.096,0.463,0.105,0.096,0.103,0.085,0.309,0.47,0.362,0.111,0.101,0.101,0.441,0.121,0.374,0.052,0.089,0.463,0.32,0.36,0.365,0.472,0.362,0.096,0.094,0.492,0.078,0.313,0.094,0.36,0.506,0.488,0.34,0.353,0.374,0.353,0.054,0.105,0.098,0.506,0.396,0.465,0.47,0.396,0.4,0.445,0.403,0.412,0.365,0.418,0.345,0.391,0.403,0.412,0.403,0.353,0.112,0.112,0.112,0.396,0.116,0.13,0.358,0.125,0.409,0.436,0.407,0.423,0.353,0.116,0.116,0.483,0.353,0.423,0.425,0.421,0.396,0.112,0.13,0.445,0.0,0.398,0.407,0.112
#9 TF_M — WF Unger=4.77 | OOS=5.47,0.845,0.901,0.036,0.162,0.062,0.087,0.792,0.092,1.0,0.831,0.039,0.766,0.034,0.77,0.867,0.828,0.02,0.799,0.705,0.801,0.86,0.039,0.036,0.901,0.008,0.101,0.084,0.032,0.025,0.022,0.116,0.026,0.025,0.023,0.843,0.024,0.114,0.026,0.029,0.025,0.026,0.024,0.109,0.021,0.025,0.024,0.025,0.035,0.03,0.0,0.026,0.026,0.028,0.097,0.034,0.034,0.121,0.027,0.027,0.022,0.794,0.034,0.08,0.0,0.026,0.075,0.075,0.029,0.111,0.023,0.114,0.08,0.109,0.077,0.087,0.099,0.111,0.126,0.838,0.063,0.114,0.077,0.08,0.073,0.028,0.08,0.695,0.104,0.075,0.847,0.077,0.119,0.102,0.121,0.026,0.104,0.087,0.087,0.862,0.097,0.077,0.082,0.133,0.107,0.097,0.109,0.109,0.114,0.022,0.075,0.121,0.036,0.838,0.08,0.128,0.109,0.123,0.107,0.087,0.082,0.114,0.028,0.126,0.785,0.08,0.893,0.123,0.036,0.109,0.08,0.104,0.121,0.116,0.087,0.111,0.755,0.109,0.09,0.196,0.097,0.116,0.116,0.102,0.09,0.121,0.107,0.119,0.119,0.036,0.123,0.126,0.109,0.133,0.085,0.087,0.121,0.126,0.082,0.121,0.133,0.111,0.075,0.104,0.121,0.121,0.138,0.121,0.107,0.121,0.128,0.119,0.114,0.126,0.155,0.102,0.155,0.133,0.155,0.128,0.14,0.099,0.121,0.128,0.087,0.111,0.136,0.136,0.128,0.114,0.136,0.155,0.162,0.0,0.114,0.126,0.138
#10 TF_M — WF Unger=4.74 | OOS=4.41,0.833,0.768,0.035,0.158,0.074,0.088,0.832,0.098,0.831,1.0,0.037,0.865,0.035,0.793,0.819,0.805,0.02,0.788,0.7,0.777,0.837,0.042,0.04,0.888,0.004,0.105,0.088,0.035,0.029,0.026,0.121,0.026,0.025,0.026,0.808,0.024,0.119,0.026,0.032,0.028,0.026,0.024,0.105,0.024,0.025,0.027,0.028,0.038,0.03,0.0,0.026,0.026,0.028,0.088,0.031,0.035,0.121,0.026,0.027,0.025,0.911,0.035,0.077,0.0,0.026,0.07,0.074,0.028,0.098,0.027,0.1,0.081,0.095,0.074,0.088,0.1,0.098,0.112,0.781,0.065,0.1,0.077,0.081,0.067,0.028,0.079,0.66,0.088,0.077,0.823,0.067,0.114,0.088,0.098,0.026,0.088,0.086,0.077,0.842,0.098,0.079,0.088,0.121,0.088,0.093,0.098,0.107,0.093,0.021,0.07,0.098,0.04,0.844,0.086,0.102,0.088,0.102,0.086,0.079,0.088,0.095,0.028,0.102,0.795,0.086,0.881,0.109,0.037,0.095,0.086,0.093,0.107,0.098,0.093,0.095,0.76,0.088,0.093,0.184,0.088,0.095,0.102,0.102,0.093,0.1,0.088,0.098,0.105,0.037,0.102,0.107,0.105,0.128,0.091,0.093,0.107,0.112,0.088,0.107,0.116,0.095,0.081,0.081,0.105,0.107,0.123,0.107,0.091,0.102,0.109,0.102,0.1,0.109,0.13,0.086,0.133,0.126,0.137,0.112,0.128,0.079,0.105,0.112,0.091,0.095,0.126,0.126,0.119,0.1,0.112,0.135,0.149,0.0,0.1,0.109,0.112
#11 TF_M — WF Unger=4.64 | OOS=2.30,0.041,0.04,0.934,0.059,0.087,0.043,0.035,0.051,0.039,0.037,1.0,0.039,0.954,0.033,0.037,0.037,0.354,0.037,0.032,0.035,0.035,0.965,0.954,0.037,0.008,0.037,0.058,0.242,0.221,0.201,0.041,0.186,0.179,0.2,0.041,0.18,0.168,0.168,0.236,0.207,0.183,0.189,0.087,0.192,0.181,0.218,0.205,0.223,0.179,0.002,0.178,0.182,0.169,0.076,0.051,0.954,0.053,0.17,0.169,0.21,0.035,0.943,0.1,0.003,0.201,0.079,0.105,0.17,0.037,0.199,0.039,0.107,0.033,0.105,0.1,0.094,0.033,0.085,0.033,0.096,0.037,0.103,0.107,0.094,0.194,0.109,0.035,0.092,0.098,0.037,0.087,0.087,0.092,0.037,0.198,0.081,0.105,0.09,0.037,0.103,0.103,0.105,0.087,0.083,0.09,0.092,0.098,0.035,0.015,0.096,0.037,0.952,0.033,0.105,0.041,0.037,0.039,0.035,0.087,0.105,0.092,0.183,0.037,0.037,0.103,0.039,0.094,0.874,0.035,0.105,0.09,0.094,0.092,0.107,0.092,0.033,0.037,0.103,0.061,0.09,0.037,0.094,0.103,0.103,0.085,0.09,0.092,0.092,0.889,0.041,0.044,0.103,0.087,0.109,0.109,0.094,0.094,0.103,0.092,0.096,0.092,0.098,0.09,0.092,0.094,0.092,0.092,0.085,0.039,0.041,0.039,0.094,0.039,0.046,0.092,0.046,0.092,0.092,0.092,0.092,0.09,0.039,0.041,0.1,0.085,0.092,0.094,0.092,0.092,0.041,0.046,0.092,0.0,0.087,0.092,0.041
#12 TF_M — WF Unger=3.73 | OOS=3.28,0.745,0.761,0.037,0.158,0.076,0.09,0.811,0.101,0.766,0.865,0.039,1.0,0.034,0.825,0.741,0.755,0.02,0.806,0.823,0.755,0.8,0.039,0.037,0.862,0.0,0.082,0.068,0.035,0.021,0.026,0.132,0.02,0.023,0.026,0.707,0.023,0.121,0.028,0.032,0.025,0.025,0.021,0.121,0.024,0.023,0.024,0.028,0.031,0.025,0.0,0.025,0.025,0.028,0.104,0.028,0.034,0.084,0.031,0.031,0.025,0.882,0.034,0.082,0.0,0.026,0.079,0.082,0.031,0.107,0.027,0.107,0.082,0.101,0.082,0.09,0.113,0.104,0.124,0.761,0.068,0.104,0.085,0.082,0.07,0.022,0.082,0.715,0.096,0.079,0.792,0.076,0.127,0.096,0.099,0.023,0.099,0.087,0.085,0.817,0.101,0.085,0.09,0.141,0.101,0.107,0.11,0.118,0.093,0.011,0.076,0.099,0.037,0.845,0.09,0.115,0.087,0.104,0.087,0.087,0.09,0.107,0.028,0.104,0.854,0.09,0.859,0.124,0.037,0.099,0.09,0.107,0.121,0.11,0.099,0.11,0.837,0.087,0.104,0.166,0.101,0.096,0.118,0.107,0.104,0.115,0.101,0.11,0.121,0.037,0.104,0.118,0.113,0.144,0.099,0.099,0.124,0.127,0.09,0.121,0.124,0.11,0.085,0.093,0.115,0.121,0.138,0.121,0.101,0.104,0.113,0.104,0.115,0.113,0.144,0.101,0.146,0.144,0.146,0.124,0.141,0.093,0.107,0.115,0.104,0.107,0.141,0.141,0.132,0.115,0.115,0.152,0.161,0.0,0.115,0.121,0.115
#13 TF_M — WF Unger=3.58 | OOS=3.14,0.035,0.035,0.961,0.055,0.092,0.048,0.03,0.058,0.034,0.035,0.954,0.034,1.0,0.028,0.031,0.029,0.399,0.029,0.03,0.027,0.027,0.961,0.957,0.027,0.008,0.049,0.071,0.239,0.236,0.211,0.037,0.205,0.19,0.21,0.035,0.198,0.154,0.186,0.236,0.216,0.196,0.21,0.076,0.206,0.194,0.221,0.208,0.233,0.193,0.002,0.194,0.197,0.19,0.068,0.051,0.966,0.062,0.192,0.193,0.223,0.035,0.96,0.1,0.0,0.218,0.07,0.1,0.189,0.033,0.213,0.035,0.102,0.029,0.102,0.098,0.084,0.029,0.074,0.029,0.09,0.033,0.1,0.102,0.09,0.21,0.105,0.033,0.082,0.092,0.031,0.078,0.078,0.082,0.033,0.216,0.076,0.102,0.08,0.029,0.098,0.098,0.1,0.078,0.078,0.08,0.082,0.088,0.031,0.014,0.094,0.033,0.963,0.027,0.1,0.037,0.033,0.035,0.031,0.08,0.1,0.082,0.199,0.033,0.029,0.098,0.029,0.084,0.95,0.031,0.1,0.082,0.088,0.082,0.102,0.082,0.027,0.033,0.098,0.061,0.08,0.033,0.084,0.098,0.098,0.08,0.08,0.082,0.086,0.955,0.037,0.039,0.098,0.08,0.104,0.104,0.086,0.086,0.098,0.084,0.09,0.082,0.092,0.08,0.086,0.086,0.086,0.084,0.08,0.037,0.039,0.037,0.086,0.037,0.043,0.082,0.041,0.084,0.084,0.086,0.086,0.082,0.037,0.039,0.094,0.08,0.086,0.088,0.086,0.084,0.039,0.041,0.084,0.0,0.082,0.086,0.039
#14 TF_M — WF Unger=3.52 | OOS=3.21,0.891,0.739,0.028,0.143,0.069,0.087,0.842,0.094,0.77,0.793,0.033,0.825,0.028,1.0,0.737,0.739,0.017,0.749,0.709,0.719,0.769,0.032,0.03,0.853,0.0,0.101,0.084,0.035,0.025,0.026,0.121,0.029,0.03,0.026,0.837,0.029,0.112,0.031,0.032,0.028,0.031,0.027,0.108,0.024,0.031,0.03,0.032,0.035,0.033,0.0,0.031,0.031,0.033,0.093,0.031,0.028,0.115,0.031,0.031,0.029,0.801,0.028,0.071,0.0,0.032,0.065,0.076,0.031,0.095,0.027,0.104,0.084,0.099,0.076,0.084,0.093,0.104,0.114,0.708,0.069,0.102,0.08,0.08,0.069,0.031,0.084,0.677,0.093,0.082,0.771,0.069,0.114,0.093,0.102,0.029,0.095,0.089,0.082,0.784,0.095,0.078,0.089,0.125,0.097,0.091,0.102,0.11,0.097,0.013,0.073,0.102,0.03,0.842,0.086,0.106,0.093,0.104,0.091,0.082,0.089,0.102,0.034,0.106,0.775,0.086,0.851,0.114,0.032,0.099,0.086,0.095,0.112,0.104,0.095,0.102,0.762,0.093,0.104,0.171,0.095,0.099,0.108,0.112,0.104,0.106,0.095,0.104,0.11,0.03,0.104,0.114,0.117,0.134,0.093,0.095,0.106,0.11,0.089,0.106,0.125,0.102,0.08,0.089,0.11,0.106,0.13,0.106,0.102,0.099,0.108,0.099,0.099,0.106,0.132,0.093,0.134,0.123,0.143,0.123,0.138,0.086,0.102,0.108,0.102,0.106,0.132,0.132,0.119,0.099,0.11,0.136,0.153,0.0,0.099,0.121,0.11
#15 TF_M — WF Unger=3.30 | OOS=3.95,0.856,0.796,0.035,0.128,0.074,0.098,0.787,0.094,0.867,0.819,0.037,0.741,0.031,0.737,1.0,0.89,0.02,0.669,0.748,0.722,0.821,0.037,0.035,0.872,0.008,0.112,0.094,0.042,0.036,0.026,0.09,0.026,0.028,0.026,0.881,0.027,0.09,0.028,0.032,0.031,0.034,0.03,0.081,0.024,0.028,0.03,0.028,0.044,0.033,0.0,0.034,0.034,0.033,0.071,0.042,0.032,0.158,0.034,0.034,0.022,0.778,0.032,0.061,0.0,0.032,0.065,0.061,0.038,0.08,0.027,0.083,0.074,0.081,0.062,0.074,0.08,0.087,0.092,0.777,0.061,0.089,0.067,0.074,0.058,0.028,0.069,0.774,0.076,0.067,0.852,0.061,0.087,0.074,0.087,0.032,0.08,0.072,0.069,0.799,0.092,0.072,0.09,0.099,0.081,0.071,0.078,0.08,0.083,0.029,0.061,0.087,0.036,0.711,0.089,0.094,0.08,0.089,0.076,0.069,0.09,0.09,0.036,0.09,0.696,0.087,0.857,0.098,0.036,0.083,0.089,0.08,0.092,0.092,0.092,0.089,0.725,0.08,0.098,0.153,0.074,0.085,0.096,0.114,0.098,0.089,0.089,0.094,0.09,0.034,0.089,0.092,0.116,0.105,0.09,0.092,0.105,0.107,0.087,0.103,0.11,0.089,0.081,0.087,0.098,0.103,0.108,0.103,0.087,0.085,0.09,0.083,0.099,0.089,0.114,0.085,0.118,0.11,0.128,0.107,0.114,0.083,0.085,0.09,0.094,0.09,0.116,0.116,0.108,0.099,0.094,0.116,0.132,0.0,0.099,0.105,0.096
#16 TF_M — WF Unger=3.26 | OOS=3.19,0.85,0.862,0.035,0.14,0.082,0.105,0.782,0.103,0.828,0.805,0.037,0.755,0.029,0.739,0.89,1.0,0.022,0.67,0.75,0.733,0.85,0.035,0.033,0.904,0.008,0.127,0.107,0.042,0.043,0.032,0.098,0.033,0.033,0.033,0.875,0.032,0.093,0.034,0.036,0.038,0.036,0.034,0.083,0.031,0.033,0.036,0.035,0.044,0.038,0.0,0.037,0.036,0.038,0.074,0.042,0.032,0.164,0.036,0.036,0.025,0.783,0.032,0.072,0.0,0.035,0.067,0.066,0.04,0.079,0.033,0.084,0.081,0.081,0.07,0.084,0.084,0.088,0.098,0.766,0.064,0.086,0.071,0.077,0.064,0.034,0.072,0.774,0.081,0.071,0.912,0.064,0.091,0.077,0.091,0.034,0.081,0.077,0.071,0.821,0.098,0.077,0.096,0.105,0.086,0.074,0.084,0.086,0.086,0.028,0.065,0.091,0.034,0.698,0.095,0.096,0.083,0.095,0.074,0.069,0.096,0.098,0.039,0.095,0.68,0.093,0.88,0.105,0.038,0.081,0.095,0.083,0.098,0.1,0.098,0.096,0.723,0.083,0.105,0.161,0.077,0.088,0.102,0.119,0.105,0.095,0.095,0.102,0.096,0.037,0.095,0.098,0.119,0.114,0.096,0.098,0.107,0.108,0.093,0.107,0.117,0.096,0.084,0.091,0.108,0.107,0.12,0.107,0.093,0.091,0.095,0.09,0.102,0.095,0.119,0.091,0.122,0.115,0.131,0.114,0.122,0.088,0.091,0.096,0.1,0.096,0.124,0.124,0.117,0.102,0.098,0.119,0.136,0.0,0.103,0.112,0.1
#17 TF_M — WF Unger=3.25 | OOS=5.37,0.021,0.022,0.351,0.062,0.104,0.052,0.018,0.062,0.02,0.02,0.354,0.02,0.399,0.017,0.02,0.022,1.0,0.02,0.017,0.025,0.025,0.413,0.413,0.025,0.0,0.094,0.117,0.207,0.186,0.195,0.03,0.189,0.182,0.19,0.019,0.185,0.111,0.181,0.225,0.176,0.157,0.165,0.062,0.189,0.186,0.182,0.192,0.198,0.188,0.002,0.152,0.158,0.177,0.062,0.039,0.401,0.028,0.161,0.161,0.213,0.02,0.396,0.116,0.0,0.183,0.052,0.101,0.161,0.0,0.209,0.0,0.106,0.0,0.114,0.124,0.069,0.0,0.062,0.017,0.097,0.0,0.111,0.116,0.111,0.198,0.121,0.017,0.064,0.092,0.025,0.054,0.062,0.062,0.0,0.172,0.072,0.121,0.059,0.025,0.124,0.106,0.116,0.064,0.069,0.059,0.067,0.064,0.0,0.022,0.104,0.0,0.406,0.017,0.116,0.0,0.0,0.0,0.0,0.067,0.116,0.067,0.163,0.0,0.017,0.114,0.025,0.062,0.366,0.0,0.116,0.062,0.067,0.062,0.121,0.069,0.02,0.0,0.121,0.057,0.067,0.0,0.062,0.121,0.119,0.067,0.059,0.067,0.072,0.374,0.0,0.0,0.124,0.064,0.124,0.124,0.072,0.072,0.104,0.069,0.072,0.064,0.097,0.062,0.067,0.069,0.069,0.069,0.064,0.0,0.0,0.0,0.072,0.0,0.0,0.064,0.0,0.074,0.072,0.069,0.069,0.067,0.0,0.0,0.111,0.064,0.069,0.069,0.069,0.072,0.0,0.0,0.074,0.0,0.067,0.069,0.0
#18 TF_M — WF Unger=3.10 | OOS=4.00,0.839,0.812,0.035,0.147,0.087,0.109,0.805,0.114,0.799,0.788,0.037,0.806,0.029,0.749,0.669,0.67,0.02,1.0,0.72,0.776,0.825,0.035,0.033,0.834,0.008,0.15,0.127,0.039,0.036,0.032,0.1,0.033,0.039,0.033,0.824,0.038,0.092,0.041,0.032,0.038,0.041,0.03,0.091,0.031,0.039,0.039,0.038,0.041,0.043,0.0,0.042,0.042,0.046,0.083,0.037,0.032,0.183,0.043,0.043,0.032,0.799,0.032,0.078,0.0,0.038,0.059,0.07,0.045,0.081,0.033,0.082,0.077,0.076,0.075,0.087,0.077,0.079,0.104,0.727,0.054,0.079,0.072,0.074,0.068,0.034,0.079,0.707,0.074,0.066,0.726,0.055,0.094,0.071,0.091,0.032,0.084,0.086,0.062,0.857,0.104,0.071,0.096,0.116,0.092,0.069,0.081,0.081,0.087,0.024,0.066,0.091,0.034,0.736,0.094,0.094,0.084,0.092,0.076,0.062,0.096,0.092,0.044,0.094,0.669,0.091,0.864,0.103,0.038,0.077,0.094,0.076,0.096,0.094,0.103,0.091,0.685,0.084,0.104,0.186,0.072,0.089,0.097,0.113,0.104,0.097,0.087,0.097,0.103,0.037,0.094,0.096,0.121,0.121,0.101,0.103,0.108,0.108,0.092,0.106,0.123,0.091,0.079,0.082,0.109,0.106,0.128,0.106,0.094,0.096,0.103,0.096,0.103,0.101,0.123,0.084,0.124,0.119,0.136,0.119,0.131,0.079,0.097,0.103,0.101,0.097,0.126,0.126,0.119,0.103,0.104,0.129,0.145,0.0,0.103,0.118,0.104
#19 TF_M — WF Unger=3.06 | OOS=4.47,0.76,0.685,0.03,0.136,0.069,0.084,0.754,0.084,0.705,0.7,0.032,0.823,0.03,0.709,0.748,0.75,0.017,0.72,1.0,0.775,0.802,0.034,0.032,0.889,0.0,0.086,0.071,0.032,0.025,0.026,0.107,0.023,0.022,0.026,0.724,0.021,0.1,0.023,0.029,0.028,0.023,0.021,0.107,0.024,0.022,0.027,0.028,0.028,0.024,0.0,0.024,0.023,0.026,0.089,0.028,0.027,0.13,0.024,0.024,0.019,0.694,0.027,0.07,0.0,0.026,0.07,0.07,0.026,0.086,0.027,0.091,0.077,0.086,0.073,0.086,0.095,0.093,0.116,0.786,0.07,0.089,0.075,0.08,0.068,0.025,0.073,0.83,0.091,0.08,0.782,0.073,0.105,0.089,0.093,0.023,0.089,0.082,0.077,0.83,0.1,0.082,0.093,0.125,0.095,0.093,0.1,0.102,0.089,0.02,0.068,0.093,0.032,0.734,0.093,0.109,0.084,0.095,0.08,0.082,0.093,0.105,0.026,0.098,0.818,0.089,0.891,0.116,0.03,0.089,0.093,0.093,0.116,0.107,0.102,0.105,0.766,0.084,0.105,0.157,0.091,0.091,0.109,0.116,0.102,0.107,0.098,0.111,0.109,0.03,0.095,0.109,0.12,0.13,0.105,0.105,0.105,0.109,0.089,0.107,0.13,0.105,0.084,0.095,0.114,0.107,0.13,0.107,0.098,0.091,0.1,0.091,0.098,0.098,0.132,0.095,0.134,0.118,0.148,0.125,0.139,0.093,0.093,0.1,0.1,0.102,0.13,0.13,0.118,0.098,0.102,0.134,0.157,0.0,0.098,0.123,0.102
#20 TF_M — WF Unger=2.92 | OOS=5.51,0.792,0.817,0.033,0.142,0.087,0.112,0.772,0.105,0.801,0.777,0.035,0.755,0.027,0.719,0.722,0.733,0.025,0.776,0.775,1.0,0.917,0.033,0.031,0.83,0.008,0.127,0.107,0.046,0.043,0.042,0.1,0.039,0.041,0.043,0.797,0.04,0.088,0.041,0.043,0.044,0.041,0.04,0.081,0.041,0.042,0.045,0.047,0.044,0.046,0.0,0.042,0.042,0.046,0.078,0.034,0.03,0.183,0.041,0.041,0.032,0.771,0.03,0.07,0.0,0.044,0.059,0.066,0.045,0.063,0.043,0.068,0.066,0.072,0.068,0.08,0.066,0.077,0.093,0.791,0.052,0.073,0.067,0.065,0.069,0.04,0.07,0.772,0.073,0.06,0.762,0.052,0.082,0.069,0.085,0.04,0.083,0.074,0.062,0.929,0.099,0.06,0.088,0.097,0.091,0.066,0.079,0.079,0.082,0.032,0.061,0.085,0.032,0.719,0.086,0.097,0.079,0.086,0.069,0.062,0.088,0.094,0.044,0.088,0.678,0.085,0.872,0.103,0.036,0.074,0.086,0.074,0.094,0.096,0.1,0.093,0.697,0.079,0.102,0.171,0.071,0.083,0.099,0.116,0.102,0.093,0.091,0.096,0.099,0.034,0.086,0.09,0.12,0.105,0.099,0.1,0.103,0.103,0.085,0.103,0.119,0.093,0.076,0.088,0.102,0.103,0.119,0.103,0.093,0.088,0.094,0.088,0.1,0.093,0.111,0.088,0.113,0.113,0.137,0.114,0.127,0.085,0.09,0.094,0.099,0.094,0.122,0.122,0.111,0.1,0.096,0.113,0.145,0.0,0.099,0.114,0.096
#21 TF_M — WF Unger=2.48 | OOS=5.11,0.848,0.878,0.033,0.154,0.094,0.121,0.822,0.112,0.86,0.837,0.035,0.8,0.027,0.769,0.821,0.85,0.025,0.825,0.802,0.917,1.0,0.033,0.031,0.831,0.008,0.139,0.117,0.046,0.043,0.035,0.104,0.036,0.039,0.036,0.859,0.038,0.083,0.039,0.036,0.041,0.044,0.037,0.086,0.034,0.039,0.042,0.041,0.047,0.043,0.0,0.045,0.044,0.044,0.087,0.037,0.03,0.198,0.043,0.043,0.029,0.834,0.03,0.08,0.0,0.044,0.07,0.077,0.047,0.076,0.037,0.077,0.079,0.085,0.081,0.091,0.077,0.091,0.097,0.807,0.065,0.084,0.079,0.076,0.075,0.037,0.08,0.793,0.074,0.075,0.891,0.058,0.086,0.072,0.091,0.037,0.08,0.083,0.065,0.904,0.1,0.073,0.097,0.101,0.088,0.069,0.08,0.081,0.088,0.029,0.073,0.091,0.032,0.774,0.096,0.093,0.086,0.093,0.082,0.065,0.097,0.093,0.047,0.094,0.737,0.091,0.876,0.103,0.036,0.079,0.096,0.078,0.097,0.094,0.105,0.091,0.766,0.086,0.107,0.178,0.073,0.09,0.098,0.118,0.107,0.093,0.09,0.097,0.097,0.034,0.093,0.093,0.124,0.104,0.104,0.105,0.104,0.104,0.091,0.103,0.118,0.091,0.081,0.086,0.104,0.103,0.121,0.103,0.093,0.093,0.098,0.093,0.1,0.097,0.118,0.087,0.121,0.114,0.136,0.114,0.126,0.083,0.094,0.098,0.104,0.096,0.125,0.125,0.112,0.1,0.1,0.118,0.143,0.0,0.1,0.112,0.1
#22 TF_M — WF Unger=2.39 | OOS=2.98,0.041,0.04,0.967,0.057,0.092,0.048,0.035,0.058,0.039,0.042,0.965,0.039,0.961,0.032,0.037,0.035,0.413,0.035,0.034,0.033,0.033,1.0,0.99,0.035,0.008,0.052,0.075,0.239,0.239,0.211,0.037,0.208,0.19,0.21,0.041,0.198,0.16,0.186,0.236,0.216,0.196,0.213,0.078,0.21,0.194,0.221,0.208,0.233,0.193,0.002,0.194,0.197,0.187,0.07,0.051,0.98,0.065,0.189,0.19,0.223,0.04,0.976,0.1,0.0,0.218,0.072,0.099,0.191,0.033,0.213,0.035,0.103,0.029,0.101,0.099,0.088,0.029,0.076,0.035,0.092,0.033,0.099,0.103,0.09,0.21,0.105,0.04,0.084,0.094,0.037,0.08,0.08,0.084,0.033,0.216,0.078,0.103,0.082,0.035,0.099,0.099,0.101,0.08,0.08,0.082,0.084,0.09,0.031,0.018,0.094,0.033,0.984,0.033,0.101,0.037,0.033,0.035,0.031,0.082,0.101,0.084,0.199,0.033,0.033,0.099,0.037,0.086,0.973,0.031,0.101,0.084,0.09,0.084,0.103,0.084,0.031,0.033,0.099,0.062,0.084,0.033,0.086,0.099,0.099,0.082,0.082,0.084,0.088,0.978,0.037,0.039,0.099,0.082,0.105,0.105,0.086,0.086,0.099,0.084,0.092,0.084,0.094,0.082,0.088,0.086,0.088,0.084,0.082,0.035,0.037,0.035,0.086,0.035,0.041,0.084,0.041,0.084,0.086,0.088,0.088,0.084,0.035,0.037,0.096,0.082,0.086,0.088,0.086,0.084,0.037,0.041,0.086,0.0,0.082,0.088,0.037
#23 TF_M — WF Unger=2.28 | OOS=3.46,0.038,0.038,0.963,0.057,0.092,0.048,0.033,0.058,0.036,0.04,0.954,0.037,0.957,0.03,0.035,0.033,0.413,0.033,0.032,0.031,0.031,0.99,1.0,0.033,0.008,0.052,0.075,0.235,0.236,0.208,0.037,0.205,0.187,0.207,0.038,0.196,0.161,0.183,0.232,0.213,0.193,0.21,0.076,0.206,0.192,0.218,0.205,0.23,0.19,0.002,0.191,0.195,0.185,0.069,0.051,0.968,0.062,0.187,0.188,0.22,0.037,0.964,0.1,0.0,0.215,0.071,0.1,0.189,0.033,0.209,0.035,0.104,0.029,0.102,0.1,0.086,0.029,0.075,0.033,0.092,0.033,0.1,0.104,0.09,0.207,0.106,0.037,0.082,0.094,0.035,0.078,0.078,0.082,0.033,0.213,0.076,0.104,0.08,0.033,0.1,0.1,0.102,0.078,0.078,0.08,0.082,0.088,0.031,0.018,0.094,0.033,0.972,0.031,0.102,0.037,0.033,0.035,0.031,0.08,0.102,0.082,0.196,0.033,0.031,0.1,0.035,0.084,0.962,0.031,0.102,0.082,0.088,0.082,0.104,0.082,0.029,0.033,0.1,0.063,0.082,0.033,0.084,0.1,0.1,0.08,0.08,0.082,0.086,0.966,0.037,0.039,0.1,0.08,0.106,0.106,0.084,0.084,0.1,0.082,0.09,0.082,0.094,0.08,0.086,0.084,0.086,0.082,0.08,0.035,0.037,0.035,0.084,0.035,0.041,0.082,0.041,0.082,0.084,0.086,0.086,0.082,0.035,0.037,0.096,0.08,0.084,0.086,0.084,0.082,0.037,0.041,0.084,0.0,0.08,0.086,0.037
#24 TF_M — WF Unger=2.24 | OOS=3.90,0.897,0.918,0.033,0.154,0.099,0.118,0.872,0.123,0.901,0.888,0.037,0.862,0.027,0.853,0.872,0.904,0.025,0.834,0.889,0.83,0.831,0.035,0.033,1.0,0.008,0.139,0.117,0.07,0.057,0.061,0.111,0.062,0.069,0.062,0.911,0.067,0.082,0.07,0.057,0.066,0.07,0.061,0.089,0.062,0.069,0.067,0.066,0.069,0.073,0.0,0.071,0.07,0.077,0.083,0.048,0.03,0.189,0.074,0.075,0.054,0.888,0.03,0.094,0.0,0.07,0.072,0.086,0.078,0.076,0.063,0.08,0.086,0.083,0.087,0.102,0.083,0.089,0.097,0.869,0.072,0.084,0.092,0.079,0.086,0.062,0.093,0.877,0.069,0.078,0.866,0.057,0.08,0.067,0.081,0.06,0.075,0.092,0.061,0.829,0.107,0.081,0.098,0.097,0.083,0.072,0.079,0.079,0.08,0.035,0.086,0.082,0.032,0.849,0.097,0.089,0.078,0.078,0.08,0.068,0.098,0.088,0.072,0.082,0.857,0.095,0.96,0.096,0.036,0.079,0.098,0.078,0.088,0.09,0.107,0.088,0.837,0.077,0.118,0.178,0.074,0.078,0.091,0.129,0.117,0.085,0.084,0.092,0.087,0.034,0.078,0.095,0.134,0.094,0.106,0.107,0.097,0.098,0.096,0.097,0.105,0.088,0.087,0.081,0.098,0.097,0.107,0.097,0.079,0.081,0.085,0.08,0.093,0.084,0.103,0.083,0.104,0.106,0.132,0.104,0.111,0.08,0.081,0.085,0.114,0.081,0.114,0.114,0.107,0.093,0.086,0.1,0.138,0.0,0.094,0.103,0.087
#25 BIASW — WF Unger=7.76 | OOS=11.70,0.0,0.008,0.008,0.027,0.008,0.019,0.0,0.011,0.008,0.004,0.008,0.0,0.008,0.0,0.008,0.008,0.0,0.008,0.0,0.008,0.008,0.008,0.008,0.008,1.0,0.0,0.0,0.0,0.0,0.0,0.038,0.0,0.0,0.0,0.004,0.0,0.038,0.0,0.0,0.0,0.0,0.0,0.0,0.0,0.0,0.0,0.0,0.0,0.0,0.0,0.0,0.0,0.0,0.0,0.008,0.008,0.015,0.0,0.0,0.0,0.004,0.008,0.0,0.0,0.0,0.0,0.0,0.0,0.008,0.0,0.011,0.0,0.023,0.0,0.0,0.0,0.015,0.0,0.004,0.004,0.023,0.0,0.0,0.0,0.0,0.0,0.0,0.0,0.0,0.008,0.0,0.0,0.0,0.023,0.0,0.0,0.0,0.0,0.008,0.0,0.0,0.0,0.0,0.0,0.0,0.0,0.0,0.019,0.027,0.0,0.019,0.008,0.011,0.0,0.023,0.015,0.019,0.008,0.0,0.0,0.0,0.0,0.019,0.008,0.0,0.008,0.0,0.008,0.011,0.0,0.0,0.0,0.0,0.0,0.0,0.011,0.015,0.0,0.011,0.0,0.015,0.0,0.0,0.0,0.0,0.0,0.0,0.0,0.008,0.019,0.019,0.0,0.0,0.0,0.0,0.0,0.0,0.0,0.0,0.0,0.0,0.0,0.0,0.0,0.0,0.0,0.0,0.0,0.027,0.027,0.027,0.0,0.023,0.023,0.0,0.023,0.0,0.0,0.0,0.0,0.0,0.027,0.023,0.0,0.0,0.0,0.0,0.0,0.0,0.023,0.027,0.0,0.027,0.0,0.0,0.023
#26 PC — WF Unger=7.54 | OOS=4.06,0.094,0.116,0.041,0.678,0.363,0.382,0.094,0.457,0.101,0.105,0.037,0.082,0.049,0.101,0.112,0.127,0.094,0.15,0.086,0.127,0.139,0.052,0.052,0.139,0.0,1.0,0.981,0.142,0.139,0.146,0.236,0.131,0.15,0.142,0.109,0.157,0.273,0.172,0.146,0.146,0.157,0.124,0.21,0.135,0.146,0.15,0.146,0.161,0.157,0.0,0.142,0.146,0.176,0.202,0.12,0.052,0.0,0.184,0.184,0.15,0.109,0.052,0.243,0.007,0.15,0.213,0.228,0.187,0.109,0.142,0.109,0.251,0.09,0.24,0.281,0.236,0.086,0.228,0.109,0.213,0.094,0.228,0.266,0.202,0.146,0.247,0.094,0.225,0.251,0.127,0.199,0.266,0.225,0.101,0.142,0.221,0.273,0.202,0.146,0.3,0.262,0.296,0.24,0.213,0.217,0.225,0.232,0.094,0.094,0.217,0.101,0.052,0.12,0.292,0.097,0.097,0.109,0.071,0.191,0.296,0.251,0.15,0.097,0.109,0.277,0.142,0.266,0.049,0.09,0.292,0.225,0.255,0.255,0.296,0.247,0.097,0.094,0.326,0.161,0.202,0.086,0.255,0.33,0.322,0.24,0.24,0.27,0.258,0.049,0.116,0.101,0.337,0.285,0.292,0.296,0.303,0.311,0.273,0.315,0.296,0.247,0.262,0.236,0.277,0.315,0.311,0.311,0.236,0.124,0.127,0.124,0.3,0.135,0.131,0.232,0.124,0.315,0.33,0.288,0.311,0.232,0.131,0.135,0.311,0.24,0.315,0.318,0.318,0.3,0.124,0.131,0.333,0.0,0.292,0.281,0.116
#27 PC — WF Unger=7.04 | OOS=3.60,0.078,0.097,0.065,0.578,0.377,0.328,0.078,0.393,0.084,0.088,0.058,0.068,0.071,0.084,0.094,0.107,0.117,0.127,0.071,0.107,0.117,0.075,0.075,0.117,0.0,0.981,1.0,0.165,0.161,0.146,0.198,0.13,0.149,0.144,0.091,0.156,0.276,0.169,0.161,0.153,0.166,0.13,0.192,0.141,0.146,0.159,0.146,0.169,0.156,0.0,0.153,0.156,0.172,0.182,0.104,0.075,0.0,0.188,0.192,0.149,0.091,0.075,0.227,0.006,0.159,0.198,0.214,0.192,0.104,0.146,0.104,0.234,0.088,0.224,0.26,0.221,0.084,0.208,0.091,0.201,0.091,0.214,0.247,0.192,0.146,0.231,0.078,0.208,0.234,0.107,0.185,0.244,0.208,0.094,0.149,0.198,0.253,0.188,0.123,0.276,0.244,0.273,0.218,0.192,0.205,0.208,0.218,0.088,0.081,0.205,0.094,0.075,0.101,0.269,0.091,0.091,0.104,0.071,0.179,0.273,0.231,0.159,0.094,0.091,0.256,0.12,0.244,0.062,0.088,0.269,0.208,0.234,0.234,0.273,0.227,0.081,0.088,0.299,0.14,0.188,0.084,0.234,0.302,0.295,0.218,0.221,0.244,0.234,0.065,0.11,0.097,0.308,0.256,0.269,0.273,0.273,0.279,0.253,0.282,0.266,0.227,0.244,0.218,0.25,0.282,0.279,0.279,0.211,0.117,0.12,0.114,0.269,0.127,0.123,0.214,0.117,0.282,0.295,0.26,0.279,0.214,0.123,0.127,0.286,0.214,0.286,0.286,0.286,0.269,0.117,0.123,0.299,0.0,0.263,0.253,0.11
#28 BO — WF Unger=6.18 | OOS=3.49,0.025,0.035,0.232,0.123,0.165,0.165,0.028,0.14,0.032,0.035,0.242,0.035,0.239,0.035,0.042,0.042,0.207,0.039,0.032,0.046,0.046,0.239,0.235,0.07,0.0,0.142,0.165,1.0,0.807,0.828,0.049,0.723,0.832,0.8,0.032,0.846,0.119,0.856,0.864,0.902,0.947,0.825,0.154,0.744,0.818,0.916,0.818,0.94,0.849,0.007,0.919,0.926,0.846,0.123,0.046,0.239,0.14,0.961,0.958,0.804,0.028,0.239,0.147,0.004,0.923,0.14,0.154,0.958,0.074,0.793,0.077,0.186,0.049,0.147,0.165,0.14,0.049,0.151,0.032,0.175,0.056,0.172,0.179,0.137,0.804,0.175,0.035,0.154,0.186,0.042,0.144,0.154,0.154,0.06,0.912,0.133,0.186,0.147,0.06,0.204,0.172,0.211,0.165,0.151,0.154,0.151,0.161,0.056,0.067,0.165,0.056,0.242,0.042,0.207,0.067,0.06,0.06,0.049,0.151,0.207,0.168,0.947,0.053,0.042,0.196,0.07,0.165,0.228,0.063,0.207,0.151,0.165,0.168,0.214,0.172,0.042,0.06,0.228,0.228,0.151,0.053,0.165,0.232,0.228,0.168,0.161,0.179,0.168,0.232,0.063,0.06,0.232,0.165,0.214,0.214,0.228,0.232,0.189,0.232,0.193,0.172,0.193,0.158,0.182,0.232,0.186,0.232,0.165,0.077,0.077,0.077,0.228,0.077,0.084,0.175,0.077,0.235,0.249,0.196,0.204,0.172,0.077,0.077,0.232,0.165,0.232,0.235,0.228,0.228,0.07,0.081,0.249,0.0,0.228,0.196,0.07
#29 BO — WF Unger=6.02 | OOS=6.12,0.018,0.029,0.218,0.111,0.161,0.164,0.021,0.136,0.025,0.029,0.221,0.021,0.236,0.025,0.036,0.043,0.186,0.036,0.025,0.043,0.043,0.239,0.236,0.057,0.0,0.139,0.161,0.807,1.0,0.796,0.046,0.771,0.825,0.789,0.021,0.825,0.111,0.825,0.729,0.907,0.95,0.893,0.132,0.811,0.829,0.911,0.793,0.846,0.825,0.004,0.929,0.954,0.829,0.114,0.043,0.239,0.143,0.954,0.954,0.768,0.021,0.239,0.132,0.004,0.911,0.121,0.136,0.957,0.057,0.796,0.057,0.179,0.039,0.132,0.146,0.118,0.043,0.132,0.029,0.168,0.05,0.146,0.179,0.125,0.814,0.157,0.025,0.15,0.168,0.043,0.129,0.129,0.15,0.054,0.932,0.125,0.175,0.132,0.054,0.179,0.171,0.189,0.143,0.136,0.139,0.143,0.15,0.05,0.054,0.139,0.05,0.239,0.032,0.186,0.057,0.05,0.05,0.036,0.136,0.186,0.157,0.95,0.046,0.036,0.179,0.057,0.154,0.225,0.046,0.186,0.129,0.146,0.157,0.193,0.161,0.032,0.05,0.225,0.204,0.139,0.046,0.15,0.225,0.225,0.15,0.146,0.168,0.15,0.232,0.054,0.046,0.225,0.143,0.193,0.193,0.207,0.211,0.171,0.211,0.179,0.161,0.171,0.143,0.171,0.211,0.168,0.211,0.15,0.061,0.061,0.061,0.207,0.061,0.064,0.161,0.061,0.211,0.232,0.182,0.182,0.161,0.061,0.061,0.225,0.15,0.214,0.218,0.214,0.207,0.057,0.061,0.232,0.0,0.207,0.182,0.057
#30 BO — WF Unger=5.96 | OOS=6.14,0.016,0.029,0.192,0.115,0.147,0.157,0.019,0.134,0.022,0.026,0.201,0.026,0.211,0.026,0.026,0.032,0.195,0.032,0.026,0.042,0.035,0.211,0.208,0.061,0.0,0.146,0.146,0.828,0.796,1.0,0.045,0.873,0.939,0.97,0.022,0.952,0.109,0.952,0.943,0.84,0.84,0.77,0.141,0.945,0.927,0.843,0.962,0.767,0.952,0.003,0.815,0.821,0.949,0.118,0.058,0.211,0.141,0.863,0.859,0.853,0.022,0.211,0.131,0.003,0.834,0.128,0.144,0.859,0.051,0.934,0.051,0.163,0.038,0.134,0.153,0.115,0.042,0.134,0.022,0.157,0.045,0.15,0.163,0.134,0.901,0.16,0.026,0.141,0.169,0.032,0.125,0.137,0.141,0.051,0.827,0.125,0.176,0.131,0.048,0.182,0.163,0.188,0.15,0.134,0.131,0.137,0.141,0.045,0.061,0.144,0.048,0.214,0.032,0.185,0.048,0.048,0.051,0.032,0.134,0.188,0.157,0.837,0.048,0.032,0.173,0.061,0.153,0.201,0.038,0.185,0.137,0.147,0.157,0.192,0.16,0.029,0.048,0.214,0.208,0.134,0.045,0.15,0.22,0.214,0.147,0.147,0.166,0.15,0.201,0.054,0.045,0.22,0.15,0.192,0.195,0.208,0.211,0.166,0.211,0.182,0.16,0.169,0.144,0.173,0.211,0.179,0.211,0.15,0.058,0.058,0.058,0.208,0.058,0.067,0.16,0.064,0.214,0.23,0.185,0.188,0.157,0.058,0.058,0.217,0.15,0.211,0.214,0.211,0.208,0.051,0.067,0.23,0.0,0.208,0.185,0.051
#31 PC — WF Unger=5.57 | OOS=2.28,0.135,0.12,0.042,0.274,0.164,0.205,0.125,0.271,0.116,0.121,0.041,0.132,0.037,0.121,0.09,0.098,0.03,0.1,0.107,0.1,0.104,0.037,0.037,0.111,0.038,0.236,0.198,0.049,0.046,0.045,1.0,0.046,0.041,0.046,0.127,0.043,0.819,0.041,0.05,0.044,0.039,0.04,0.141,0.048,0.042,0.042,0.044,0.053,0.043,0.023,0.039,0.039,0.049,0.134,0.093,0.038,0.053,0.038,0.039,0.048,0.119,0.038,0.133,0.003,0.044,0.125,0.136,0.045,0.09,0.047,0.093,0.139,0.095,0.138,0.134,0.155,0.091,0.155,0.1,0.12,0.097,0.13,0.132,0.127,0.046,0.139,0.102,0.163,0.121,0.098,0.158,0.16,0.163,0.095,0.04,0.151,0.144,0.158,0.112,0.146,0.13,0.148,0.162,0.155,0.167,0.163,0.176,0.088,0.037,0.132,0.093,0.037,0.111,0.146,0.109,0.088,0.098,0.084,0.149,0.146,0.172,0.039,0.095,0.102,0.142,0.111,0.181,0.043,0.093,0.144,0.158,0.167,0.172,0.149,0.17,0.11,0.088,0.146,0.124,0.158,0.091,0.179,0.149,0.146,0.167,0.172,0.172,0.167,0.041,0.098,0.104,0.148,0.176,0.148,0.148,0.183,0.183,0.144,0.179,0.186,0.169,0.141,0.17,0.174,0.179,0.179,0.178,0.165,0.098,0.1,0.097,0.178,0.104,0.121,0.167,0.123,0.185,0.188,0.181,0.186,0.167,0.1,0.105,0.146,0.169,0.183,0.183,0.178,0.178,0.1,0.127,0.19,0.0,0.176,0.181,0.097
#32 BO — WF Unger=5.53 | OOS=9.31,0.02,0.029,0.186,0.098,0.134,0.14,0.023,0.117,0.026,0.026,0.186,0.02,0.205,0.029,0.026,0.033,0.189,0.033,0.023,0.039,0.036,0.208,0.205,0.062,0.0,0.131,0.13,0.723,0.771,0.873,0.046,1.0,0.948,0.872,0.023,0.954,0.094,0.961,0.832,0.775,0.847,0.893,0.127,0.88,0.945,0.775,0.87,0.726,0.948,0.0,0.853,0.844,0.961,0.111,0.059,0.208,0.143,0.87,0.87,0.834,0.02,0.208,0.121,0.003,0.788,0.101,0.147,0.87,0.046,0.86,0.046,0.163,0.036,0.13,0.147,0.098,0.039,0.124,0.023,0.15,0.046,0.14,0.166,0.127,0.964,0.153,0.023,0.134,0.16,0.033,0.114,0.114,0.134,0.052,0.863,0.114,0.173,0.124,0.049,0.182,0.166,0.189,0.137,0.13,0.117,0.124,0.134,0.049,0.075,0.134,0.052,0.208,0.033,0.186,0.049,0.049,0.052,0.036,0.117,0.189,0.147,0.847,0.052,0.033,0.176,0.062,0.143,0.189,0.039,0.186,0.124,0.13,0.147,0.192,0.15,0.029,0.049,0.218,0.189,0.124,0.049,0.14,0.228,0.218,0.14,0.14,0.156,0.143,0.189,0.052,0.042,0.228,0.137,0.192,0.195,0.195,0.199,0.169,0.199,0.173,0.15,0.169,0.137,0.163,0.199,0.163,0.199,0.143,0.055,0.055,0.055,0.195,0.055,0.062,0.15,0.062,0.199,0.225,0.176,0.173,0.15,0.055,0.055,0.218,0.143,0.205,0.205,0.202,0.195,0.052,0.062,0.225,0.0,0.195,0.176,0.052
#33 BO — WF Unger=5.40 | OOS=7.96,0.021,0.028,0.171,0.096,0.127,0.129,0.022,0.11,0.025,0.025,0.179,0.023,0.19,0.03,0.028,0.033,0.182,0.039,0.022,0.041,0.039,0.19,0.187,0.069,0.0,0.15,0.149,0.832,0.825,0.939,0.041,0.948,1.0,0.961,0.022,0.986,0.102,0.978,0.943,0.831,0.893,0.796,0.129,0.942,0.992,0.809,0.946,0.808,0.989,0.003,0.865,0.871,0.978,0.113,0.065,0.193,0.164,0.882,0.879,0.917,0.022,0.193,0.124,0.006,0.779,0.11,0.143,0.879,0.044,0.967,0.047,0.165,0.039,0.129,0.143,0.113,0.039,0.127,0.022,0.154,0.044,0.149,0.163,0.129,0.969,0.154,0.022,0.146,0.165,0.039,0.129,0.129,0.146,0.052,0.822,0.124,0.176,0.14,0.055,0.185,0.165,0.19,0.14,0.135,0.135,0.135,0.146,0.047,0.066,0.143,0.05,0.193,0.033,0.187,0.047,0.05,0.052,0.036,0.129,0.187,0.152,0.882,0.05,0.033,0.176,0.066,0.149,0.179,0.041,0.187,0.129,0.143,0.152,0.193,0.154,0.03,0.05,0.226,0.185,0.138,0.047,0.152,0.234,0.226,0.146,0.149,0.16,0.149,0.179,0.055,0.044,0.234,0.14,0.193,0.193,0.209,0.212,0.174,0.212,0.176,0.154,0.174,0.146,0.168,0.212,0.171,0.212,0.154,0.058,0.058,0.058,0.209,0.058,0.063,0.16,0.061,0.215,0.234,0.179,0.179,0.157,0.058,0.058,0.223,0.154,0.215,0.218,0.218,0.209,0.055,0.063,0.234,0.0,0.207,0.179,0.055
#34 BO — WF Unger=5.38 | OOS=8.05,0.016,0.03,0.193,0.115,0.141,0.151,0.02,0.121,0.023,0.026,0.2,0.026,0.21,0.026,0.026,0.033,0.19,0.033,0.026,0.043,0.036,0.21,0.207,0.062,0.0,0.142,0.144,0.8,0.789,0.97,0.046,0.872,0.961,1.0,0.023,0.951,0.108,0.957,0.9,0.885,0.866,0.784,0.131,0.955,0.941,0.846,0.964,0.764,0.951,0.003,0.833,0.839,0.954,0.111,0.059,0.213,0.138,0.872,0.869,0.856,0.023,0.213,0.125,0.003,0.843,0.118,0.138,0.869,0.056,0.944,0.056,0.157,0.043,0.128,0.148,0.111,0.046,0.125,0.023,0.154,0.049,0.144,0.157,0.131,0.915,0.154,0.026,0.138,0.167,0.033,0.121,0.131,0.138,0.056,0.843,0.125,0.17,0.128,0.049,0.177,0.157,0.18,0.141,0.128,0.131,0.131,0.138,0.049,0.059,0.138,0.052,0.213,0.033,0.18,0.052,0.052,0.056,0.036,0.128,0.184,0.154,0.852,0.052,0.033,0.17,0.062,0.148,0.2,0.043,0.18,0.131,0.141,0.154,0.184,0.157,0.03,0.052,0.213,0.203,0.128,0.049,0.141,0.216,0.213,0.141,0.141,0.161,0.144,0.2,0.059,0.049,0.216,0.141,0.187,0.19,0.2,0.203,0.157,0.203,0.174,0.157,0.161,0.138,0.167,0.203,0.167,0.203,0.144,0.066,0.066,0.066,0.2,0.066,0.072,0.154,0.069,0.207,0.223,0.18,0.177,0.151,0.066,0.066,0.216,0.144,0.207,0.21,0.207,0.2,0.059,0.072,0.223,0.0,0.2,0.18,0.059
#35 TF_M — WF Unger=5.20 | OOS=3.21,0.894,0.821,0.038,0.176,0.068,0.092,0.778,0.1,0.843,0.808,0.041,0.707,0.035,0.837,0.881,0.875,0.019,0.824,0.724,0.797,0.859,0.041,0.038,0.911,0.004,0.109,0.091,0.032,0.021,0.022,0.127,0.023,0.022,0.023,1.0,0.022,0.127,0.024,0.029,0.025,0.024,0.021,0.117,0.021,0.022,0.024,0.025,0.035,0.027,0.0,0.024,0.024,0.027,0.098,0.034,0.035,0.105,0.027,0.027,0.019,0.859,0.035,0.076,0.0,0.023,0.076,0.081,0.03,0.098,0.023,0.106,0.081,0.103,0.081,0.087,0.1,0.106,0.122,0.867,0.062,0.106,0.081,0.081,0.068,0.025,0.084,0.77,0.095,0.07,0.886,0.076,0.114,0.095,0.103,0.023,0.098,0.089,0.084,0.851,0.1,0.084,0.089,0.13,0.098,0.089,0.098,0.103,0.095,0.022,0.073,0.103,0.038,0.873,0.087,0.13,0.089,0.106,0.095,0.084,0.089,0.108,0.027,0.108,0.797,0.087,0.9,0.119,0.038,0.103,0.087,0.098,0.114,0.111,0.089,0.106,0.772,0.089,0.095,0.182,0.095,0.098,0.114,0.108,0.095,0.108,0.103,0.111,0.111,0.038,0.106,0.122,0.108,0.133,0.087,0.089,0.119,0.122,0.087,0.117,0.127,0.106,0.079,0.1,0.114,0.117,0.133,0.117,0.1,0.106,0.114,0.103,0.111,0.111,0.144,0.098,0.146,0.127,0.144,0.122,0.136,0.095,0.106,0.114,0.089,0.106,0.133,0.133,0.125,0.111,0.119,0.149,0.149,0.0,0.111,0.119,0.122
#36 BO — WF Unger=5.14 | OOS=6.19,0.021,0.027,0.182,0.099,0.134,0.139,0.021,0.121,0.024,0.024,0.18,0.023,0.198,0.029,0.027,0.032,0.185,0.038,0.021,0.04,0.038,0.198,0.196,0.067,0.0,0.157,0.156,0.846,0.825,0.952,0.043,0.954,0.986,0.951,0.022,1.0,0.102,0.965,0.957,0.821,0.855,0.802,0.131,0.942,0.986,0.824,0.959,0.833,0.978,0.003,0.836,0.842,0.971,0.113,0.068,0.201,0.167,0.874,0.866,0.952,0.021,0.201,0.126,0.003,0.814,0.113,0.142,0.874,0.043,0.973,0.046,0.166,0.038,0.129,0.142,0.113,0.038,0.129,0.021,0.158,0.043,0.147,0.161,0.129,0.975,0.155,0.021,0.145,0.164,0.038,0.131,0.131,0.145,0.051,0.83,0.123,0.177,0.139,0.054,0.185,0.164,0.188,0.142,0.134,0.137,0.131,0.145,0.046,0.064,0.142,0.048,0.201,0.032,0.185,0.046,0.048,0.051,0.035,0.129,0.185,0.147,0.855,0.048,0.032,0.174,0.064,0.145,0.188,0.04,0.185,0.129,0.142,0.147,0.19,0.15,0.029,0.048,0.223,0.19,0.137,0.046,0.15,0.231,0.223,0.145,0.147,0.158,0.147,0.188,0.054,0.043,0.231,0.142,0.19,0.19,0.206,0.209,0.177,0.209,0.174,0.15,0.174,0.145,0.166,0.209,0.174,0.209,0.153,0.056,0.056,0.056,0.206,0.056,0.062,0.158,0.059,0.214,0.236,0.177,0.182,0.158,0.056,0.056,0.22,0.153,0.214,0.217,0.217,0.206,0.054,0.062,0.239,0.0,0.206,0.177,0.054
#37 PC — WF Unger=5.08 | OOS=2.91,0.132,0.113,0.171,0.332,0.275,0.262,0.12,0.338,0.114,0.119,0.168,0.121,0.154,0.112,0.09,0.093,0.111,0.092,0.1,0.088,0.083,0.16,0.161,0.082,0.038,0.273,0.276,0.119,0.111,0.109,0.819,0.094,0.102,0.108,0.127,0.102,1.0,0.093,0.125,0.107,0.093,0.085,0.198,0.11,0.103,0.106,0.114,0.113,0.103,0.013,0.092,0.094,0.097,0.22,0.11,0.16,0.05,0.084,0.087,0.115,0.114,0.159,0.286,0.011,0.102,0.186,0.279,0.087,0.105,0.113,0.104,0.234,0.108,0.289,0.246,0.204,0.105,0.205,0.096,0.215,0.105,0.252,0.229,0.249,0.108,0.256,0.095,0.198,0.22,0.086,0.188,0.198,0.198,0.091,0.098,0.197,0.246,0.192,0.087,0.224,0.232,0.223,0.199,0.189,0.193,0.198,0.205,0.083,0.037,0.256,0.087,0.158,0.099,0.223,0.099,0.083,0.095,0.094,0.19,0.223,0.205,0.093,0.092,0.083,0.22,0.082,0.208,0.171,0.095,0.221,0.208,0.198,0.204,0.226,0.204,0.099,0.083,0.224,0.097,0.196,0.09,0.207,0.224,0.224,0.2,0.202,0.204,0.202,0.168,0.098,0.108,0.226,0.207,0.226,0.226,0.212,0.212,0.219,0.211,0.215,0.201,0.211,0.2,0.205,0.211,0.209,0.209,0.198,0.095,0.099,0.091,0.209,0.101,0.113,0.201,0.115,0.215,0.216,0.212,0.216,0.198,0.096,0.102,0.221,0.201,0.215,0.213,0.209,0.209,0.098,0.12,0.219,0.0,0.205,0.212,0.098
#38 BO — WF Unger=5.07 | OOS=6.93,0.023,0.028,0.168,0.098,0.137,0.14,0.023,0.124,0.026,0.026,0.168,0.028,0.186,0.031,0.028,0.034,0.181,0.041,0.023,0.041,0.039,0.186,0.183,0.07,0.0,0.172,0.169,0.856,0.825,0.952,0.041,0.961,0.978,0.957,0.024,0.965,0.093,1.0,0.968,0.831,0.827,0.811,0.129,0.948,0.975,0.824,0.959,0.846,0.978,0.003,0.817,0.816,0.974,0.111,0.073,0.186,0.176,0.897,0.894,0.946,0.023,0.186,0.124,0.003,0.802,0.116,0.147,0.884,0.041,0.98,0.044,0.171,0.036,0.132,0.147,0.116,0.036,0.129,0.023,0.16,0.041,0.147,0.165,0.134,0.985,0.155,0.023,0.145,0.168,0.039,0.132,0.134,0.145,0.049,0.842,0.127,0.178,0.14,0.057,0.189,0.168,0.194,0.145,0.137,0.137,0.134,0.147,0.044,0.072,0.142,0.047,0.189,0.034,0.191,0.044,0.047,0.049,0.034,0.129,0.191,0.155,0.827,0.047,0.034,0.183,0.067,0.152,0.173,0.039,0.191,0.129,0.145,0.155,0.196,0.158,0.031,0.047,0.238,0.186,0.137,0.044,0.152,0.245,0.238,0.147,0.15,0.16,0.15,0.173,0.052,0.041,0.245,0.142,0.196,0.196,0.214,0.217,0.181,0.217,0.176,0.158,0.178,0.147,0.168,0.217,0.176,0.217,0.152,0.054,0.054,0.054,0.214,0.054,0.059,0.16,0.057,0.222,0.238,0.178,0.183,0.158,0.054,0.054,0.235,0.152,0.217,0.22,0.22,0.214,0.052,0.059,0.24,0.0,0.212,0.178,0.052
#39 BO — WF Unger=5.05 | OOS=4.70,0.021,0.032,0.218,0.129,0.157,0.168,0.025,0.146,0.029,0.032,0.236,0.032,0.236,0.032,0.032,0.036,0.225,0.032,0.029,0.043,0.036,0.236,0.232,0.057,0.0,0.146,0.161,0.864,0.729,0.943,0.05,0.832,0.943,0.9,0.029,0.957,0.125,0.968,1.0,0.818,0.843,0.743,0.161,0.829,0.929,0.829,0.925,0.85,0.964,0.004,0.814,0.821,0.957,0.129,0.064,0.236,0.139,0.864,0.861,0.907,0.032,0.236,0.143,0.004,0.821,0.136,0.157,0.861,0.057,0.896,0.061,0.168,0.043,0.146,0.164,0.129,0.043,0.15,0.029,0.161,0.05,0.157,0.164,0.139,0.914,0.171,0.032,0.15,0.175,0.036,0.136,0.15,0.15,0.057,0.836,0.136,0.186,0.143,0.05,0.193,0.161,0.2,0.168,0.143,0.143,0.146,0.15,0.05,0.057,0.15,0.054,0.239,0.036,0.196,0.054,0.054,0.057,0.043,0.146,0.2,0.164,0.843,0.054,0.036,0.182,0.057,0.161,0.232,0.05,0.196,0.15,0.157,0.164,0.204,0.168,0.032,0.054,0.214,0.229,0.146,0.05,0.161,0.218,0.214,0.157,0.157,0.175,0.161,0.232,0.061,0.054,0.218,0.171,0.204,0.207,0.218,0.221,0.175,0.221,0.193,0.168,0.179,0.154,0.182,0.221,0.189,0.221,0.157,0.068,0.068,0.068,0.218,0.068,0.079,0.171,0.075,0.225,0.243,0.196,0.2,0.168,0.068,0.068,0.218,0.157,0.221,0.225,0.221,0.218,0.061,0.079,0.243,0.0,0.218,0.196,0.061
#40 BO — WF Unger=5.03 | OOS=6.88,0.019,0.031,0.204,0.11,0.15,0.15,0.022,0.122,0.025,0.028,0.207,0.025,0.216,0.028,0.031,0.038,0.176,0.038,0.028,0.044,0.041,0.216,0.213,0.066,0.0,0.146,0.153,0.902,0.907,0.84,0.044,0.775,0.831,0.885,0.025,0.821,0.107,0.831,0.818,1.0,0.959,0.859,0.122,0.852,0.812,0.959,0.823,0.824,0.821,0.003,0.928,0.934,0.828,0.107,0.041,0.219,0.141,0.962,0.959,0.755,0.022,0.219,0.122,0.006,0.953,0.116,0.132,0.959,0.063,0.844,0.063,0.166,0.047,0.122,0.135,0.113,0.05,0.122,0.025,0.16,0.053,0.138,0.16,0.129,0.79,0.144,0.028,0.138,0.169,0.038,0.125,0.129,0.138,0.06,0.918,0.119,0.163,0.129,0.053,0.169,0.16,0.176,0.135,0.125,0.135,0.132,0.141,0.056,0.06,0.132,0.056,0.219,0.034,0.172,0.056,0.06,0.06,0.041,0.129,0.172,0.147,0.947,0.053,0.038,0.166,0.066,0.144,0.201,0.053,0.172,0.125,0.138,0.147,0.185,0.15,0.034,0.06,0.21,0.197,0.129,0.053,0.138,0.219,0.21,0.141,0.135,0.154,0.141,0.201,0.063,0.05,0.219,0.135,0.185,0.185,0.191,0.194,0.157,0.194,0.166,0.15,0.16,0.132,0.157,0.194,0.157,0.194,0.144,0.069,0.069,0.069,0.191,0.069,0.072,0.147,0.066,0.197,0.219,0.169,0.169,0.144,0.069,0.069,0.213,0.144,0.194,0.197,0.194,0.191,0.063,0.069,0.219,0.0,0.191,0.169,0.063
#41 BO — WF Unger=4.90 | OOS=7.68,0.023,0.028,0.178,0.093,0.134,0.126,0.023,0.108,0.026,0.026,0.183,0.025,0.196,0.031,0.034,0.036,0.157,0.041,0.023,0.041,0.044,0.196,0.193,0.07,0.0,0.157,0.166,0.947,0.95,0.84,0.039,0.847,0.893,0.866,0.024,0.855,0.093,0.827,0.843,0.959,1.0,0.939,0.116,0.856,0.883,0.939,0.845,0.918,0.875,0.005,0.99,0.987,0.822,0.103,0.051,0.198,0.176,0.977,0.974,0.825,0.021,0.198,0.116,0.009,0.922,0.106,0.126,0.974,0.052,0.867,0.054,0.17,0.039,0.116,0.137,0.113,0.039,0.121,0.023,0.155,0.046,0.144,0.168,0.124,0.873,0.147,0.023,0.142,0.165,0.041,0.126,0.119,0.142,0.049,0.957,0.116,0.165,0.137,0.059,0.178,0.162,0.196,0.134,0.131,0.131,0.134,0.144,0.046,0.067,0.139,0.046,0.198,0.036,0.193,0.052,0.049,0.049,0.036,0.126,0.193,0.144,0.992,0.044,0.039,0.183,0.067,0.142,0.175,0.046,0.193,0.116,0.144,0.144,0.201,0.147,0.036,0.049,0.227,0.178,0.137,0.044,0.144,0.242,0.227,0.144,0.142,0.152,0.144,0.178,0.052,0.044,0.242,0.131,0.201,0.201,0.209,0.211,0.18,0.211,0.173,0.147,0.18,0.139,0.162,0.211,0.162,0.211,0.155,0.059,0.059,0.059,0.209,0.059,0.062,0.152,0.057,0.214,0.24,0.175,0.178,0.149,0.059,0.059,0.224,0.155,0.214,0.216,0.214,0.209,0.057,0.059,0.24,0.0,0.206,0.175,0.057
#42 BO — WF Unger=4.88 | OOS=9.05,0.018,0.027,0.192,0.088,0.14,0.137,0.021,0.116,0.024,0.024,0.189,0.021,0.21,0.027,0.03,0.034,0.165,0.03,0.021,0.04,0.037,0.213,0.21,0.061,0.0,0.124,0.13,0.825,0.893,0.77,0.04,0.893,0.796,0.784,0.021,0.802,0.085,0.811,0.743,0.859,0.939,1.0,0.113,0.801,0.793,0.835,0.754,0.792,0.796,0.003,0.945,0.936,0.811,0.104,0.043,0.213,0.149,0.954,0.954,0.742,0.018,0.213,0.113,0.003,0.866,0.101,0.131,0.954,0.049,0.771,0.049,0.168,0.034,0.113,0.134,0.104,0.037,0.116,0.021,0.152,0.043,0.14,0.168,0.122,0.815,0.143,0.021,0.128,0.162,0.034,0.113,0.107,0.128,0.046,0.97,0.11,0.162,0.119,0.052,0.177,0.162,0.195,0.128,0.134,0.119,0.119,0.134,0.046,0.07,0.134,0.046,0.213,0.034,0.192,0.049,0.046,0.046,0.034,0.113,0.192,0.14,0.939,0.043,0.037,0.183,0.061,0.137,0.186,0.043,0.192,0.11,0.134,0.14,0.201,0.143,0.034,0.046,0.223,0.18,0.119,0.043,0.134,0.238,0.223,0.143,0.134,0.149,0.143,0.189,0.046,0.04,0.238,0.125,0.201,0.201,0.201,0.204,0.177,0.204,0.168,0.143,0.177,0.131,0.155,0.204,0.152,0.204,0.149,0.052,0.052,0.052,0.201,0.052,0.055,0.143,0.052,0.204,0.235,0.171,0.171,0.143,0.052,0.052,0.223,0.149,0.21,0.21,0.204,0.201,0.049,0.052,0.235,0.0,0.201,0.171,0.049
#43 TF_U — WF Unger=4.65 | OOS=2.03,0.129,0.108,0.085,0.158,0.283,0.205,0.12,0.324,0.109,0.105,0.087,0.121,0.076,0.108,0.081,0.083,0.062,0.091,0.107,0.081,0.086,0.078,0.076,0.089,0.0,0.21,0.192,0.154,0.132,0.141,0.141,0.127,0.129,0.131,0.117,0.131,0.198,0.129,0.161,0.122,0.116,0.113,1.0,0.134,0.128,0.139,0.148,0.138,0.13,0.005,0.115,0.114,0.128,0.804,0.101,0.079,0.028,0.118,0.111,0.15,0.105,0.079,0.524,0.0,0.125,0.626,0.496,0.113,0.16,0.133,0.167,0.458,0.152,0.515,0.516,0.684,0.151,0.877,0.094,0.424,0.159,0.465,0.463,0.495,0.136,0.476,0.1,0.769,0.43,0.079,0.688,0.746,0.759,0.174,0.124,0.79,0.478,0.723,0.089,0.545,0.449,0.508,0.88,0.808,0.684,0.754,0.763,0.167,0.031,0.465,0.173,0.081,0.099,0.505,0.199,0.164,0.176,0.146,0.682,0.508,0.813,0.116,0.17,0.081,0.489,0.092,0.813,0.081,0.151,0.503,0.732,0.802,0.805,0.519,0.799,0.092,0.16,0.528,0.062,0.715,0.157,0.794,0.54,0.53,0.815,0.78,0.816,0.816,0.08,0.182,0.178,0.542,0.928,0.516,0.519,0.864,0.875,0.495,0.872,0.897,0.788,0.48,0.768,0.84,0.879,0.871,0.871,0.835,0.192,0.193,0.192,0.861,0.195,0.22,0.766,0.215,0.872,0.928,0.885,0.907,0.751,0.193,0.193,0.522,0.841,0.917,0.921,0.891,0.854,0.195,0.221,0.931,0.0,0.838,0.885,0.196
#44 BO — WF Unger=4.56 | OOS=6.17,0.014,0.027,0.189,0.113,0.141,0.151,0.017,0.12,0.021,0.024,0.192,0.024,0.206,0.024,0.024,0.031,0.189,0.031,0.024,0.041,0.034,0.21,0.206,0.062,0.0,0.135,0.141,0.744,0.811,0.945,0.048,0.88,0.942,0.955,0.021,0.942,0.11,0.948,0.829,0.852,0.856,0.801,0.134,1.0,0.945,0.835,0.945,0.756,0.942,0.003,0.835,0.859,0.948,0.11,0.062,0.21,0.134,0.869,0.869,0.838,0.021,0.21,0.127,0.003,0.835,0.117,0.141,0.869,0.045,0.955,0.045,0.165,0.034,0.131,0.148,0.12,0.038,0.127,0.021,0.155,0.045,0.148,0.162,0.134,0.918,0.155,0.024,0.141,0.162,0.031,0.12,0.131,0.141,0.052,0.845,0.124,0.175,0.134,0.048,0.179,0.158,0.182,0.144,0.127,0.131,0.134,0.144,0.045,0.062,0.141,0.048,0.21,0.031,0.179,0.045,0.045,0.048,0.027,0.134,0.182,0.155,0.856,0.048,0.031,0.168,0.062,0.151,0.196,0.034,0.179,0.134,0.148,0.155,0.186,0.158,0.027,0.045,0.216,0.192,0.131,0.045,0.144,0.22,0.216,0.144,0.141,0.162,0.144,0.196,0.052,0.041,0.22,0.141,0.186,0.189,0.203,0.206,0.158,0.206,0.179,0.158,0.155,0.137,0.168,0.206,0.168,0.206,0.148,0.055,0.055,0.055,0.203,0.055,0.058,0.155,0.058,0.206,0.22,0.182,0.179,0.155,0.055,0.055,0.216,0.148,0.206,0.21,0.206,0.203,0.052,0.058,0.22,0.0,0.203,0.182,0.052
#45 BO — WF Unger=4.43 | OOS=5.58,0.021,0.028,0.175,0.094,0.128,0.131,0.022,0.111,0.025,0.025,0.181,0.023,0.194,0.031,0.028,0.033,0.186,0.039,0.022,0.042,0.039,0.194,0.192,0.069,0.0,0.146,0.146,0.818,0.829,0.927,0.042,0.945,0.992,0.941,0.022,0.986,0.103,0.975,0.929,0.812,0.883,0.793,0.128,0.945,1.0,0.797,0.934,0.799,0.989,0.003,0.872,0.892,0.978,0.111,0.065,0.197,0.164,0.878,0.878,0.908,0.022,0.197,0.122,0.006,0.77,0.108,0.142,0.878,0.042,0.957,0.044,0.164,0.036,0.128,0.142,0.111,0.036,0.125,0.022,0.153,0.044,0.147,0.161,0.128,0.963,0.153,0.022,0.144,0.164,0.039,0.128,0.125,0.144,0.053,0.813,0.122,0.175,0.139,0.056,0.183,0.164,0.189,0.139,0.133,0.133,0.133,0.144,0.047,0.067,0.142,0.05,0.197,0.033,0.186,0.047,0.047,0.05,0.036,0.131,0.186,0.15,0.886,0.05,0.033,0.175,0.067,0.147,0.183,0.039,0.186,0.128,0.142,0.15,0.192,0.153,0.031,0.047,0.225,0.183,0.136,0.047,0.15,0.233,0.225,0.144,0.147,0.158,0.147,0.183,0.053,0.044,0.233,0.139,0.192,0.192,0.208,0.211,0.172,0.211,0.175,0.153,0.172,0.144,0.167,0.211,0.167,0.211,0.153,0.056,0.056,0.056,0.208,0.056,0.061,0.158,0.061,0.211,0.231,0.178,0.175,0.158,0.056,0.056,0.222,0.153,0.214,0.217,0.217,0.208,0.053,0.061,0.231,0.0,0.208,0.178,0.053
#46 BO — WF Unger=4.35 | OOS=5.52,0.018,0.03,0.209,0.106,0.158,0.158,0.021,0.133,0.024,0.027,0.218,0.024,0.221,0.03,0.03,0.036,0.182,0.039,0.027,0.045,0.042,0.221,0.218,0.067,0.0,0.15,0.159,0.916,0.911,0.843,0.042,0.775,0.809,0.846,0.024,0.824,0.106,0.824,0.829,0.959,0.939,0.835,0.139,0.835,0.797,1.0,0.871,0.846,0.815,0.003,0.915,0.921,0.821,0.124,0.039,0.224,0.142,0.964,0.948,0.78,0.021,0.224,0.13,0.009,0.958,0.121,0.136,0.955,0.061,0.834,0.061,0.17,0.045,0.133,0.142,0.115,0.048,0.142,0.024,0.164,0.052,0.142,0.164,0.13,0.787,0.152,0.027,0.139,0.173,0.039,0.13,0.136,0.139,0.058,0.894,0.124,0.182,0.13,0.055,0.188,0.164,0.182,0.148,0.136,0.139,0.13,0.145,0.055,0.058,0.136,0.055,0.224,0.036,0.179,0.058,0.058,0.058,0.039,0.127,0.179,0.148,0.936,0.052,0.036,0.17,0.067,0.145,0.203,0.052,0.179,0.133,0.152,0.148,0.191,0.152,0.036,0.058,0.212,0.206,0.127,0.052,0.145,0.221,0.212,0.152,0.142,0.164,0.152,0.206,0.061,0.048,0.221,0.152,0.191,0.191,0.194,0.197,0.17,0.197,0.176,0.152,0.167,0.139,0.167,0.197,0.173,0.197,0.155,0.067,0.067,0.067,0.194,0.067,0.07,0.155,0.064,0.203,0.224,0.179,0.185,0.152,0.067,0.067,0.212,0.155,0.203,0.206,0.203,0.194,0.064,0.067,0.227,0.0,0.191,0.179,0.064
#47 BO — WF Unger=4.29 | OOS=6.68,0.019,0.032,0.196,0.114,0.145,0.158,0.022,0.132,0.025,0.028,0.205,0.028,0.208,0.032,0.028,0.035,0.192,0.038,0.028,0.047,0.041,0.208,0.205,0.066,0.0,0.146,0.146,0.818,0.793,0.962,0.044,0.87,0.946,0.964,0.025,0.959,0.114,0.959,0.925,0.823,0.845,0.754,0.148,0.945,0.934,0.871,1.0,0.76,0.953,0.003,0.82,0.826,0.953,0.126,0.057,0.211,0.139,0.871,0.858,0.863,0.025,0.211,0.136,0.006,0.842,0.129,0.145,0.861,0.044,0.94,0.044,0.167,0.035,0.142,0.158,0.117,0.038,0.142,0.025,0.164,0.041,0.155,0.167,0.136,0.893,0.164,0.028,0.145,0.177,0.038,0.132,0.142,0.145,0.05,0.82,0.129,0.192,0.136,0.054,0.199,0.167,0.192,0.155,0.142,0.142,0.136,0.148,0.044,0.057,0.148,0.047,0.211,0.038,0.189,0.044,0.047,0.05,0.032,0.132,0.192,0.158,0.842,0.047,0.035,0.177,0.066,0.155,0.199,0.038,0.189,0.136,0.155,0.158,0.196,0.161,0.035,0.047,0.221,0.208,0.132,0.044,0.155,0.224,0.221,0.155,0.151,0.167,0.158,0.199,0.054,0.041,0.224,0.158,0.196,0.199,0.205,0.208,0.177,0.208,0.186,0.161,0.174,0.148,0.177,0.208,0.186,0.208,0.158,0.057,0.057,0.057,0.205,0.057,0.063,0.164,0.06,0.215,0.23,0.189,0.196,0.161,0.057,0.057,0.221,0.158,0.215,0.218,0.215,0.205,0.054,0.063,0.233,0.0,0.202,0.189,0.054
#48 BO — WF Unger=4.23 | OOS=2.18,0.025,0.035,0.22,0.119,0.16,0.164,0.028,0.138,0.035,0.038,0.223,0.031,0.233,0.035,0.044,0.044,0.198,0.041,0.028,0.044,0.047,0.233,0.23,0.069,0.0,0.161,0.169,0.94,0.846,0.767,0.053,0.726,0.808,0.764,0.035,0.833,0.113,0.846,0.85,0.824,0.918,0.792,0.138,0.756,0.799,0.846,0.76,1.0,0.83,0.003,0.896,0.903,0.846,0.113,0.047,0.233,0.142,0.947,0.943,0.768,0.031,0.233,0.135,0.006,0.871,0.123,0.145,0.956,0.063,0.781,0.066,0.192,0.041,0.135,0.164,0.135,0.041,0.138,0.035,0.173,0.047,0.157,0.179,0.142,0.777,0.167,0.031,0.151,0.173,0.044,0.135,0.145,0.151,0.053,0.877,0.129,0.179,0.145,0.06,0.195,0.173,0.198,0.157,0.142,0.145,0.148,0.157,0.05,0.069,0.151,0.05,0.236,0.044,0.195,0.063,0.053,0.053,0.041,0.142,0.195,0.154,0.921,0.047,0.038,0.186,0.069,0.151,0.22,0.053,0.195,0.138,0.154,0.154,0.201,0.157,0.044,0.053,0.226,0.217,0.154,0.047,0.154,0.23,0.226,0.157,0.151,0.164,0.157,0.223,0.057,0.053,0.23,0.151,0.201,0.201,0.22,0.223,0.182,0.223,0.179,0.157,0.179,0.148,0.173,0.223,0.179,0.223,0.154,0.063,0.063,0.063,0.22,0.063,0.072,0.164,0.066,0.23,0.242,0.182,0.192,0.164,0.063,0.063,0.223,0.154,0.223,0.226,0.22,0.22,0.06,0.069,0.245,0.0,0.22,0.182,0.06
#49 BO — WF Unger=4.22 | OOS=3.28,0.023,0.033,0.171,0.101,0.13,0.136,0.024,0.117,0.03,0.03,0.179,0.025,0.193,0.033,0.033,0.038,0.188,0.043,0.024,0.046,0.043,0.193,0.19,0.073,0.0,0.157,0.156,0.849,0.825,0.952,0.043,0.948,0.989,0.951,0.027,0.978,0.103,0.978,0.964,0.821,0.875,0.796,0.13,0.942,0.989,0.815,0.953,0.83,1.0,0.003,0.856,0.861,0.978,0.111,0.07,0.193,0.167,0.878,0.878,0.927,0.027,0.193,0.125,0.006,0.788,0.111,0.144,0.88,0.046,0.973,0.049,0.166,0.038,0.13,0.144,0.111,0.038,0.128,0.027,0.155,0.043,0.149,0.163,0.13,0.975,0.155,0.024,0.144,0.166,0.043,0.128,0.13,0.144,0.052,0.828,0.122,0.177,0.139,0.06,0.185,0.166,0.19,0.141,0.133,0.133,0.133,0.144,0.046,0.065,0.144,0.049,0.196,0.038,0.188,0.049,0.049,0.052,0.035,0.13,0.188,0.149,0.878,0.049,0.035,0.177,0.071,0.147,0.182,0.041,0.188,0.128,0.141,0.149,0.193,0.152,0.035,0.049,0.226,0.196,0.136,0.046,0.149,0.234,0.226,0.144,0.147,0.158,0.147,0.182,0.054,0.046,0.234,0.141,0.193,0.193,0.212,0.215,0.174,0.215,0.174,0.152,0.174,0.144,0.166,0.215,0.171,0.215,0.152,0.057,0.057,0.057,0.212,0.057,0.065,0.158,0.062,0.217,0.234,0.177,0.179,0.158,0.057,0.057,0.223,0.152,0.215,0.217,0.217,0.212,0.054,0.065,0.234,0.0,0.212,0.177,0.054
#50 BIASW — WF Unger=4.20 | OOS=3.51,0.0,0.0,0.002,0.0,0.002,0.002,0.0,0.002,0.0,0.0,0.002,0.0,0.002,0.0,0.0,0.0,0.002,0.0,0.0,0.0,0.0,0.002,0.002,0.0,0.0,0.0,0.0,0.007,0.004,0.003,0.023,0.0,0.003,0.003,0.0,0.003,0.013,0.003,0.004,0.003,0.005,0.003,0.005,0.003,0.003,0.003,0.003,0.003,0.003,1.0,0.005,0.005,0.005,0.002,0.014,0.002,0.003,0.005,0.005,0.003,0.0,0.002,0.002,0.0,0.003,0.005,0.002,0.007,0.0,0.003,0.0,0.006,0.0,0.004,0.005,0.006,0.0,0.001,0.0,0.005,0.0,0.005,0.004,0.003,0.006,0.003,0.0,0.007,0.003,0.0,0.007,0.004,0.007,0.0,0.006,0.006,0.003,0.007,0.0,0.003,0.004,0.007,0.006,0.007,0.009,0.007,0.01,0.0,0.01,0.005,0.0,0.002,0.0,0.006,0.0,0.0,0.0,0.0,0.007,0.006,0.009,0.008,0.0,0.0,0.004,0.0,0.012,0.002,0.0,0.006,0.006,0.012,0.01,0.007,0.009,0.0,0.0,0.009,0.0,0.007,0.0,0.01,0.01,0.01,0.007,0.009,0.009,0.007,0.002,0.0,0.0,0.007,0.007,0.006,0.006,0.013,0.013,0.004,0.012,0.012,0.01,0.004,0.009,0.01,0.012,0.01,0.012,0.009,0.0,0.0,0.0,0.012,0.0,0.0,0.009,0.0,0.012,0.025,0.01,0.01,0.009,0.0,0.0,0.01,0.009,0.012,0.012,0.01,0.012,0.0,0.0,0.023,0.012,0.012,0.01,0.0
#51 BO — WF Unger=4.10 | OOS=7.56,0.023,0.029,0.175,0.084,0.131,0.123,0.024,0.105,0.026,0.026,0.178,0.025,0.194,0.031,0.034,0.037,0.152,0.042,0.024,0.042,0.045,0.194,0.191,0.071,0.0,0.142,0.153,0.919,0.929,0.815,0.039,0.853,0.865,0.833,0.024,0.836,0.092,0.817,0.814,0.928,0.99,0.945,0.115,0.835,0.872,0.915,0.82,0.896,0.856,0.005,1.0,0.99,0.817,0.102,0.051,0.196,0.176,0.971,0.971,0.803,0.021,0.196,0.113,0.009,0.901,0.102,0.123,0.971,0.05,0.844,0.052,0.168,0.037,0.113,0.134,0.11,0.037,0.12,0.024,0.152,0.047,0.141,0.165,0.123,0.855,0.144,0.024,0.139,0.162,0.042,0.123,0.113,0.139,0.05,0.937,0.115,0.162,0.134,0.06,0.175,0.16,0.194,0.131,0.131,0.128,0.131,0.141,0.047,0.068,0.136,0.047,0.196,0.037,0.191,0.052,0.047,0.047,0.037,0.126,0.191,0.141,0.99,0.045,0.039,0.181,0.068,0.139,0.173,0.045,0.191,0.113,0.141,0.141,0.199,0.144,0.037,0.047,0.225,0.173,0.134,0.045,0.141,0.241,0.225,0.141,0.139,0.149,0.141,0.175,0.05,0.045,0.241,0.128,0.199,0.199,0.207,0.209,0.178,0.209,0.17,0.144,0.178,0.136,0.16,0.209,0.157,0.209,0.154,0.058,0.058,0.058,0.207,0.058,0.06,0.149,0.058,0.209,0.236,0.173,0.173,0.149,0.058,0.058,0.223,0.154,0.215,0.215,0.212,0.207,0.055,0.058,0.236,0.0,0.207,0.173,0.055
#52 BO — WF Unger=4.06 | OOS=6.91,0.023,0.029,0.179,0.086,0.132,0.125,0.023,0.106,0.026,0.026,0.182,0.025,0.197,0.031,0.034,0.036,0.158,0.042,0.023,0.042,0.044,0.197,0.195,0.07,0.0,0.146,0.156,0.926,0.954,0.821,0.039,0.844,0.871,0.839,0.024,0.842,0.094,0.816,0.821,0.934,0.987,0.936,0.114,0.859,0.892,0.921,0.826,0.903,0.861,0.005,0.99,1.0,0.816,0.101,0.051,0.2,0.176,0.969,0.969,0.809,0.021,0.2,0.114,0.009,0.907,0.104,0.125,0.969,0.049,0.85,0.052,0.169,0.036,0.114,0.135,0.112,0.036,0.119,0.023,0.153,0.047,0.143,0.166,0.122,0.867,0.145,0.023,0.14,0.164,0.042,0.125,0.114,0.14,0.049,0.943,0.114,0.164,0.135,0.06,0.177,0.161,0.195,0.132,0.13,0.13,0.132,0.143,0.047,0.068,0.138,0.047,0.2,0.036,0.192,0.052,0.047,0.047,0.036,0.127,0.192,0.143,0.995,0.044,0.039,0.182,0.068,0.14,0.177,0.044,0.192,0.114,0.143,0.143,0.2,0.145,0.036,0.047,0.226,0.174,0.135,0.044,0.143,0.242,0.226,0.143,0.14,0.151,0.143,0.179,0.049,0.044,0.242,0.13,0.2,0.2,0.208,0.21,0.179,0.21,0.171,0.145,0.179,0.138,0.161,0.21,0.158,0.21,0.153,0.057,0.057,0.057,0.208,0.057,0.06,0.151,0.057,0.21,0.236,0.174,0.174,0.151,0.057,0.057,0.223,0.153,0.213,0.216,0.213,0.208,0.055,0.057,0.236,0.0,0.208,0.174,0.055
#53 BO — WF Unger=4.02 | OOS=6.45,0.023,0.031,0.169,0.1,0.133,0.136,0.023,0.121,0.028,0.028,0.169,0.028,0.19,0.033,0.033,0.038,0.177,0.046,0.026,0.046,0.044,0.187,0.185,0.077,0.0,0.176,0.172,0.846,0.829,0.949,0.049,0.961,0.978,0.954,0.027,0.971,0.097,0.974,0.957,0.828,0.822,0.811,0.128,0.948,0.978,0.821,0.953,0.846,0.978,0.005,0.817,0.816,1.0,0.11,0.082,0.19,0.18,0.882,0.877,0.949,0.026,0.19,0.123,0.003,0.811,0.11,0.146,0.9,0.041,0.977,0.044,0.174,0.036,0.131,0.146,0.118,0.036,0.128,0.028,0.159,0.041,0.146,0.164,0.136,0.985,0.154,0.026,0.141,0.167,0.044,0.126,0.128,0.141,0.049,0.839,0.128,0.174,0.136,0.062,0.185,0.167,0.195,0.146,0.136,0.133,0.131,0.149,0.044,0.069,0.141,0.046,0.19,0.036,0.19,0.044,0.046,0.049,0.033,0.128,0.19,0.151,0.827,0.046,0.036,0.182,0.074,0.151,0.174,0.038,0.19,0.128,0.146,0.151,0.197,0.154,0.038,0.046,0.236,0.187,0.133,0.044,0.151,0.249,0.236,0.146,0.146,0.159,0.149,0.174,0.051,0.041,0.246,0.141,0.195,0.195,0.213,0.215,0.177,0.213,0.177,0.154,0.177,0.144,0.167,0.213,0.172,0.213,0.151,0.054,0.054,0.054,0.21,0.054,0.059,0.156,0.056,0.215,0.244,0.177,0.179,0.156,0.054,0.054,0.233,0.151,0.218,0.221,0.218,0.21,0.051,0.059,0.241,0.0,0.21,0.177,0.051
#54 TF_U — WF Unger=4.02 | OOS=2.05,0.106,0.103,0.074,0.161,0.256,0.182,0.095,0.291,0.097,0.088,0.076,0.104,0.068,0.093,0.071,0.074,0.062,0.083,0.089,0.078,0.087,0.07,0.069,0.083,0.0,0.202,0.182,0.123,0.114,0.118,0.134,0.111,0.113,0.111,0.098,0.113,0.22,0.111,0.129,0.107,0.103,0.104,0.804,0.11,0.111,0.124,0.126,0.113,0.111,0.002,0.102,0.101,0.11,1.0,0.076,0.071,0.019,0.103,0.096,0.127,0.091,0.071,0.513,0.0,0.113,0.633,0.479,0.099,0.173,0.11,0.178,0.481,0.163,0.511,0.491,0.746,0.166,0.922,0.082,0.429,0.173,0.476,0.484,0.484,0.117,0.488,0.084,0.824,0.45,0.078,0.732,0.801,0.806,0.178,0.109,0.888,0.495,0.772,0.085,0.526,0.478,0.517,0.888,0.9,0.72,0.804,0.811,0.168,0.029,0.479,0.176,0.073,0.082,0.516,0.18,0.164,0.183,0.145,0.723,0.516,0.858,0.103,0.178,0.074,0.507,0.083,0.851,0.077,0.161,0.514,0.817,0.865,0.849,0.531,0.848,0.079,0.163,0.524,0.054,0.758,0.163,0.834,0.524,0.522,0.926,0.825,0.875,0.917,0.073,0.192,0.192,0.528,0.9,0.529,0.529,0.877,0.889,0.51,0.889,0.943,0.836,0.491,0.813,0.896,0.891,0.901,0.888,0.919,0.192,0.196,0.189,0.875,0.196,0.213,0.815,0.209,0.884,0.913,0.941,0.939,0.801,0.194,0.196,0.516,0.948,0.938,0.938,0.915,0.872,0.194,0.213,0.915,0.0,0.856,0.941,0.196
#55 VBO — WF Unger=3.99 | OOS=4.00,0.038,0.037,0.051,0.113,0.09,0.07,0.034,0.124,0.034,0.031,0.051,0.028,0.051,0.031,0.042,0.042,0.039,0.037,0.028,0.034,0.037,0.051,0.051,0.048,0.008,0.12,0.104,0.046,0.043,0.058,0.093,0.059,0.065,0.059,0.034,0.068,0.11,0.073,0.064,0.041,0.051,0.043,0.101,0.062,0.065,0.039,0.057,0.047,0.07,0.014,0.051,0.051,0.082,0.076,1.0,0.048,0.009,0.062,0.062,0.07,0.034,0.042,0.085,0.0,0.041,0.082,0.104,0.073,0.051,0.063,0.051,0.11,0.037,0.107,0.113,0.087,0.037,0.11,0.037,0.104,0.048,0.099,0.113,0.101,0.068,0.121,0.031,0.09,0.113,0.045,0.082,0.101,0.09,0.045,0.049,0.085,0.118,0.085,0.042,0.13,0.104,0.135,0.113,0.085,0.087,0.082,0.099,0.042,0.087,0.101,0.045,0.045,0.031,0.132,0.039,0.042,0.051,0.037,0.07,0.144,0.113,0.056,0.045,0.034,0.132,0.048,0.121,0.045,0.039,0.132,0.087,0.115,0.113,0.138,0.107,0.028,0.042,0.146,0.056,0.076,0.042,0.115,0.163,0.146,0.093,0.11,0.11,0.09,0.048,0.051,0.039,0.161,0.115,0.13,0.141,0.127,0.13,0.135,0.127,0.13,0.104,0.138,0.107,0.115,0.13,0.121,0.121,0.09,0.045,0.048,0.042,0.127,0.045,0.059,0.101,0.056,0.13,0.152,0.118,0.127,0.101,0.042,0.048,0.146,0.093,0.13,0.135,0.132,0.124,0.048,0.059,0.152,0.003,0.124,0.115,0.051
#56 TF_M — WF Unger=3.92 | OOS=3.94,0.035,0.035,0.958,0.055,0.089,0.046,0.03,0.056,0.034,0.035,0.954,0.034,0.966,0.028,0.032,0.032,0.401,0.032,0.027,0.03,0.03,0.98,0.968,0.03,0.008,0.052,0.075,0.239,0.239,0.211,0.038,0.208,0.193,0.213,0.035,0.201,0.16,0.186,0.236,0.219,0.198,0.213,0.079,0.21,0.197,0.224,0.211,0.233,0.193,0.002,0.196,0.2,0.19,0.071,0.048,1.0,0.059,0.189,0.19,0.223,0.033,0.99,0.101,0.0,0.221,0.071,0.101,0.193,0.032,0.216,0.034,0.105,0.03,0.103,0.101,0.087,0.032,0.077,0.029,0.093,0.034,0.101,0.105,0.091,0.213,0.107,0.033,0.085,0.095,0.034,0.081,0.081,0.085,0.034,0.218,0.079,0.105,0.083,0.032,0.101,0.101,0.103,0.081,0.081,0.083,0.085,0.091,0.032,0.016,0.095,0.034,0.984,0.028,0.103,0.034,0.034,0.034,0.034,0.083,0.103,0.085,0.202,0.036,0.03,0.101,0.032,0.087,0.971,0.03,0.103,0.085,0.091,0.085,0.105,0.085,0.026,0.034,0.101,0.061,0.085,0.036,0.087,0.101,0.101,0.083,0.083,0.085,0.091,0.981,0.038,0.038,0.101,0.083,0.107,0.107,0.085,0.085,0.101,0.083,0.093,0.085,0.095,0.083,0.089,0.085,0.089,0.083,0.083,0.036,0.038,0.036,0.085,0.038,0.038,0.085,0.04,0.083,0.087,0.089,0.089,0.085,0.036,0.038,0.097,0.083,0.087,0.089,0.087,0.083,0.038,0.04,0.087,0.0,0.081,0.089,0.038
#57 BO — WF Unger=3.87 | OOS=5.31,0.093,0.121,0.056,0.028,0.009,0.043,0.111,0.012,0.121,0.121,0.053,0.084,0.062,0.115,0.158,0.164,0.028,0.183,0.13,0.183,0.198,0.065,0.062,0.189,0.015,0.0,0.0,0.14,0.143,0.141,0.053,0.143,0.164,0.138,0.105,0.167,0.05,0.176,0.139,0.141,0.176,0.149,0.028,0.134,0.164,0.142,0.139,0.142,0.167,0.003,0.176,0.176,0.18,0.019,0.009,0.059,1.0,0.189,0.189,0.115,0.121,0.059,0.009,0.0,0.139,0.015,0.009,0.195,0.009,0.15,0.012,0.009,0.012,0.009,0.009,0.019,0.012,0.028,0.146,0.009,0.012,0.009,0.009,0.012,0.152,0.009,0.124,0.019,0.009,0.192,0.015,0.022,0.019,0.015,0.164,0.025,0.012,0.015,0.214,0.012,0.009,0.015,0.034,0.028,0.019,0.019,0.022,0.015,0.04,0.009,0.015,0.065,0.133,0.015,0.012,0.015,0.012,0.015,0.015,0.015,0.034,0.18,0.015,0.173,0.015,0.204,0.034,0.05,0.015,0.015,0.019,0.031,0.034,0.015,0.034,0.142,0.015,0.015,0.61,0.019,0.015,0.034,0.015,0.015,0.028,0.034,0.037,0.028,0.05,0.012,0.015,0.015,0.031,0.015,0.015,0.034,0.034,0.015,0.034,0.04,0.034,0.015,0.031,0.037,0.034,0.037,0.034,0.034,0.015,0.015,0.015,0.034,0.015,0.019,0.034,0.019,0.034,0.04,0.04,0.04,0.031,0.015,0.015,0.015,0.034,0.04,0.04,0.034,0.034,0.015,0.015,0.04,0.0,0.034,0.04,0.015
#58 BO — WF Unger=3.86 | OOS=5.29,0.026,0.029,0.17,0.091,0.149,0.139,0.025,0.125,0.027,0.026,0.17,0.031,0.192,0.031,0.034,0.036,0.161,0.043,0.024,0.041,0.043,0.189,0.187,0.074,0.0,0.184,0.188,0.961,0.954,0.863,0.038,0.87,0.882,0.872,0.027,0.874,0.084,0.897,0.864,0.962,0.977,0.954,0.118,0.869,0.878,0.964,0.871,0.947,0.878,0.005,0.971,0.969,0.882,0.103,0.062,0.189,0.189,1.0,0.993,0.863,0.022,0.189,0.115,0.006,0.948,0.11,0.129,0.978,0.046,0.89,0.048,0.173,0.036,0.12,0.141,0.113,0.036,0.122,0.024,0.161,0.041,0.141,0.17,0.127,0.898,0.146,0.024,0.137,0.168,0.041,0.125,0.122,0.137,0.048,0.977,0.12,0.165,0.132,0.06,0.18,0.168,0.199,0.139,0.134,0.132,0.129,0.141,0.046,0.077,0.137,0.046,0.192,0.036,0.197,0.046,0.048,0.048,0.034,0.122,0.197,0.146,0.979,0.043,0.038,0.189,0.072,0.144,0.168,0.043,0.197,0.118,0.144,0.146,0.206,0.149,0.036,0.048,0.247,0.18,0.132,0.043,0.144,0.264,0.247,0.146,0.141,0.153,0.146,0.17,0.05,0.041,0.264,0.134,0.206,0.206,0.209,0.211,0.187,0.211,0.173,0.149,0.185,0.139,0.163,0.211,0.168,0.211,0.156,0.055,0.055,0.055,0.209,0.055,0.058,0.151,0.053,0.216,0.247,0.175,0.182,0.149,0.055,0.055,0.245,0.156,0.216,0.218,0.216,0.209,0.053,0.055,0.249,0.0,0.206,0.175,0.053
#59 BO — WF Unger=3.80 | OOS=5.65,0.026,0.029,0.171,0.092,0.144,0.135,0.025,0.12,0.027,0.027,0.169,0.031,0.193,0.031,0.034,0.036,0.161,0.043,0.024,0.041,0.043,0.19,0.188,0.075,0.0,0.184,0.192,0.958,0.954,0.859,0.039,0.87,0.879,0.869,0.027,0.866,0.087,0.894,0.861,0.959,0.974,0.954,0.111,0.869,0.878,0.948,0.858,0.943,0.878,0.005,0.971,0.969,0.877,0.096,0.062,0.19,0.189,0.993,1.0,0.854,0.022,0.19,0.113,0.006,0.939,0.104,0.128,0.978,0.046,0.884,0.048,0.171,0.036,0.118,0.14,0.108,0.036,0.116,0.024,0.157,0.041,0.14,0.169,0.125,0.895,0.145,0.024,0.133,0.166,0.041,0.118,0.116,0.133,0.048,0.971,0.113,0.161,0.128,0.06,0.176,0.166,0.198,0.133,0.128,0.125,0.125,0.137,0.046,0.077,0.135,0.046,0.193,0.036,0.195,0.046,0.048,0.048,0.034,0.12,0.195,0.142,0.977,0.043,0.039,0.188,0.072,0.14,0.169,0.043,0.195,0.111,0.137,0.142,0.205,0.145,0.036,0.048,0.246,0.176,0.128,0.043,0.14,0.263,0.246,0.14,0.137,0.147,0.14,0.171,0.051,0.041,0.263,0.128,0.205,0.205,0.205,0.207,0.183,0.207,0.166,0.145,0.183,0.135,0.157,0.207,0.159,0.207,0.149,0.055,0.055,0.055,0.205,0.055,0.058,0.147,0.053,0.21,0.241,0.169,0.173,0.147,0.055,0.055,0.243,0.149,0.21,0.212,0.21,0.205,0.053,0.055,0.241,0.0,0.205,0.169,0.053
#60 BO — WF Unger=3.67 | OOS=3.97,0.019,0.025,0.21,0.118,0.153,0.15,0.022,0.137,0.022,0.025,0.21,0.025,0.223,0.029,0.022,0.025,0.213,0.032,0.019,0.032,0.029,0.223,0.22,0.054,0.0,0.15,0.149,0.804,0.768,0.853,0.048,0.834,0.917,0.856,0.019,0.952,0.115,0.946,0.907,0.755,0.825,0.742,0.15,0.838,0.908,0.78,0.863,0.768,0.927,0.003,0.803,0.809,0.949,0.127,0.07,0.223,0.115,0.863,0.854,1.0,0.022,0.223,0.134,0.003,0.809,0.121,0.153,0.863,0.048,0.86,0.048,0.175,0.038,0.143,0.159,0.127,0.041,0.143,0.019,0.169,0.045,0.153,0.166,0.14,0.869,0.169,0.019,0.146,0.175,0.029,0.134,0.15,0.146,0.054,0.809,0.137,0.191,0.137,0.045,0.197,0.169,0.201,0.156,0.146,0.146,0.137,0.153,0.048,0.07,0.146,0.051,0.223,0.029,0.197,0.054,0.051,0.054,0.032,0.137,0.197,0.159,0.825,0.051,0.025,0.188,0.054,0.156,0.217,0.038,0.197,0.14,0.153,0.159,0.204,0.162,0.022,0.051,0.226,0.204,0.137,0.048,0.159,0.229,0.226,0.159,0.156,0.172,0.162,0.217,0.057,0.045,0.229,0.156,0.204,0.204,0.207,0.21,0.188,0.21,0.188,0.162,0.185,0.153,0.182,0.21,0.191,0.21,0.156,0.061,0.061,0.061,0.207,0.061,0.07,0.169,0.067,0.217,0.245,0.191,0.197,0.169,0.061,0.061,0.226,0.156,0.22,0.223,0.22,0.207,0.057,0.07,0.248,0.0,0.207,0.191,0.057
#61 TF_M — WF Unger=3.57 | OOS=2.32,0.856,0.756,0.033,0.154,0.072,0.086,0.85,0.096,0.794,0.911,0.035,0.882,0.035,0.801,0.778,0.783,0.02,0.799,0.694,0.771,0.834,0.04,0.037,0.888,0.004,0.109,0.091,0.028,0.021,0.022,0.119,0.02,0.022,0.023,0.859,0.021,0.114,0.023,0.032,0.022,0.021,0.018,0.105,0.021,0.022,0.021,0.025,0.031,0.027,0.0,0.021,0.021,0.026,0.091,0.034,0.033,0.121,0.022,0.022,0.022,1.0,0.033,0.077,0.0,0.02,0.07,0.077,0.024,0.096,0.023,0.1,0.077,0.1,0.072,0.084,0.1,0.103,0.114,0.804,0.061,0.1,0.075,0.077,0.065,0.022,0.077,0.666,0.089,0.072,0.811,0.068,0.114,0.089,0.1,0.02,0.091,0.082,0.077,0.839,0.093,0.079,0.084,0.126,0.091,0.093,0.098,0.107,0.096,0.021,0.068,0.1,0.037,0.879,0.082,0.11,0.091,0.105,0.091,0.079,0.084,0.096,0.023,0.105,0.794,0.082,0.888,0.11,0.033,0.1,0.082,0.096,0.11,0.098,0.089,0.096,0.757,0.091,0.093,0.171,0.089,0.098,0.103,0.098,0.093,0.103,0.089,0.1,0.107,0.033,0.105,0.114,0.1,0.133,0.086,0.089,0.114,0.119,0.084,0.114,0.119,0.096,0.077,0.082,0.107,0.114,0.126,0.114,0.093,0.107,0.114,0.107,0.107,0.114,0.136,0.086,0.138,0.133,0.14,0.114,0.131,0.079,0.11,0.117,0.091,0.098,0.133,0.133,0.126,0.107,0.117,0.14,0.152,0.0,0.107,0.112,0.117
#62 TF_M — WF Unger=3.55 | OOS=3.28,0.035,0.035,0.95,0.056,0.089,0.046,0.03,0.056,0.034,0.035,0.943,0.034,0.96,0.028,0.032,0.032,0.396,0.032,0.027,0.03,0.03,0.976,0.964,0.03,0.008,0.052,0.075,0.239,0.239,0.211,0.038,0.208,0.193,0.213,0.035,0.201,0.159,0.186,0.236,0.219,0.198,0.213,0.079,0.21,0.197,0.224,0.211,0.233,0.193,0.002,0.196,0.2,0.19,0.071,0.042,0.99,0.059,0.189,0.19,0.223,0.033,1.0,0.101,0.0,0.221,0.071,0.101,0.193,0.028,0.216,0.03,0.105,0.028,0.103,0.101,0.085,0.028,0.077,0.029,0.093,0.03,0.101,0.105,0.091,0.213,0.107,0.033,0.085,0.095,0.034,0.081,0.081,0.085,0.034,0.218,0.079,0.105,0.083,0.032,0.101,0.101,0.103,0.081,0.081,0.081,0.085,0.089,0.03,0.018,0.095,0.032,0.984,0.028,0.103,0.032,0.032,0.032,0.03,0.083,0.103,0.085,0.202,0.032,0.03,0.101,0.032,0.085,0.968,0.028,0.103,0.085,0.089,0.085,0.105,0.085,0.026,0.032,0.101,0.062,0.085,0.032,0.085,0.101,0.101,0.083,0.083,0.085,0.089,0.974,0.034,0.034,0.101,0.083,0.107,0.107,0.085,0.085,0.101,0.083,0.091,0.085,0.095,0.083,0.089,0.085,0.089,0.083,0.083,0.034,0.034,0.034,0.085,0.034,0.036,0.085,0.036,0.083,0.087,0.089,0.089,0.085,0.034,0.034,0.097,0.083,0.087,0.089,0.087,0.083,0.034,0.036,0.087,0.0,0.081,0.089,0.034
#63 TF_U — WF Unger=3.54 | OOS=1.76,0.079,0.082,0.101,0.207,0.377,0.264,0.08,0.374,0.08,0.077,0.1,0.082,0.1,0.071,0.061,0.072,0.116,0.078,0.07,0.07,0.08,0.1,0.1,0.094,0.0,0.243,0.227,0.147,0.132,0.131,0.133,0.121,0.124,0.125,0.076,0.126,0.286,0.124,0.143,0.122,0.116,0.113,0.524,0.127,0.122,0.13,0.136,0.135,0.125,0.002,0.113,0.114,0.123,0.513,0.085,0.101,0.009,0.115,0.113,0.134,0.077,0.101,1.0,0.0,0.128,0.456,0.851,0.113,0.121,0.13,0.131,0.841,0.108,0.908,0.908,0.552,0.114,0.566,0.057,0.718,0.115,0.916,0.857,0.834,0.127,0.896,0.06,0.585,0.763,0.08,0.526,0.595,0.581,0.131,0.124,0.548,0.904,0.566,0.086,0.908,0.851,0.92,0.589,0.568,0.517,0.569,0.589,0.127,0.027,0.888,0.131,0.103,0.074,0.916,0.127,0.129,0.135,0.104,0.536,0.918,0.632,0.116,0.127,0.065,0.888,0.096,0.63,0.104,0.114,0.916,0.589,0.616,0.624,0.924,0.624,0.07,0.127,0.932,0.053,0.552,0.123,0.63,0.922,0.92,0.609,0.62,0.638,0.626,0.103,0.135,0.129,0.926,0.659,0.926,0.924,0.658,0.661,0.883,0.661,0.665,0.618,0.843,0.607,0.65,0.661,0.659,0.661,0.603,0.145,0.141,0.143,0.658,0.145,0.157,0.614,0.147,0.665,0.681,0.659,0.671,0.605,0.145,0.143,0.904,0.611,0.679,0.681,0.681,0.658,0.141,0.155,0.683,0.0,0.652,0.659,0.139
#64 BIASW — WF Unger=3.51 | OOS=3.20,0.0,0.0,0.0,0.009,0.009,0.006,0.0,0.009,0.0,0.0,0.003,0.0,0.0,0.0,0.0,0.0,0.0,0.0,0.0,0.0,0.0,0.0,0.0,0.0,0.0,0.007,0.006,0.004,0.004,0.003,0.003,0.003,0.006,0.003,0.0,0.003,0.011,0.003,0.004,0.006,0.009,0.003,0.0,0.003,0.006,0.009,0.006,0.006,0.006,0.0,0.009,0.009,0.003,0.0,0.0,0.0,0.0,0.006,0.006,0.003,0.0,0.0,0.0,1.0,0.006,0.0,0.0,0.006,0.0,0.003,0.0,0.0,0.0,0.0,0.0,0.0,0.0,0.0,0.0,0.0,0.0,0.0,0.0,0.0,0.003,0.0,0.0,0.0,0.0,0.0,0.0,0.0,0.0,0.0,0.003,0.0,0.0,0.0,0.0,0.0,0.0,0.0,0.0,0.0,0.0,0.0,0.0,0.0,0.014,0.0,0.0,0.0,0.0,0.0,0.0,0.0,0.0,0.0,0.0,0.0,0.0,0.009,0.0,0.0,0.0,0.0,0.0,0.0,0.0,0.0,0.0,0.0,0.0,0.0,0.0,0.0,0.0,0.0,0.0,0.0,0.0,0.0,0.0,0.0,0.0,0.0,0.0,0.0,0.0,0.0,0.0,0.0,0.0,0.0,0.0,0.0,0.0,0.0,0.0,0.0,0.0,0.0,0.0,0.0,0.0,0.0,0.0,0.0,0.0,0.0,0.0,0.0,0.0,0.0,0.0,0.0,0.0,0.0,0.0,0.0,0.0,0.0,0.0,0.0,0.0,0.0,0.0,0.0,0.0,0.0,0.0,0.0,0.0,0.0,0.0,0.0
#65 BO — WF Unger=3.47 | OOS=4.24,0.021,0.032,0.206,0.105,0.151,0.151,0.023,0.128,0.026,0.026,0.201,0.026,0.218,0.032,0.032,0.035,0.183,0.038,0.026,0.044,0.044,0.218,0.215,0.07,0.0,0.15,0.159,0.923,0.911,0.834,0.044,0.788,0.779,0.843,0.023,0.814,0.102,0.802,0.821,0.953,0.922,0.866,0.125,0.835,0.77,0.958,0.842,0.871,0.788,0.003,0.901,0.907,0.811,0.113,0.041,0.221,0.139,0.948,0.939,0.809,0.02,0.221,0.128,0.006,1.0,0.116,0.125,0.951,0.055,0.837,0.055,0.172,0.038,0.122,0.137,0.119,0.041,0.131,0.023,0.166,0.044,0.145,0.163,0.122,0.796,0.151,0.026,0.14,0.172,0.038,0.128,0.134,0.14,0.052,0.884,0.119,0.169,0.134,0.058,0.177,0.157,0.183,0.14,0.14,0.137,0.128,0.145,0.049,0.058,0.14,0.049,0.221,0.038,0.18,0.052,0.052,0.052,0.035,0.131,0.18,0.145,0.922,0.047,0.041,0.172,0.07,0.142,0.201,0.047,0.18,0.125,0.145,0.145,0.192,0.148,0.038,0.052,0.209,0.198,0.131,0.047,0.142,0.218,0.209,0.154,0.14,0.157,0.154,0.203,0.055,0.044,0.218,0.14,0.192,0.192,0.195,0.198,0.172,0.198,0.172,0.148,0.169,0.137,0.163,0.198,0.169,0.198,0.154,0.061,0.061,0.061,0.195,0.061,0.064,0.151,0.058,0.203,0.233,0.174,0.183,0.151,0.061,0.061,0.209,0.154,0.203,0.206,0.203,0.195,0.058,0.061,0.235,0.0,0.195,0.174,0.058
#66 TF_U — WF Unger=3.46 | OOS=1.82,0.073,0.073,0.079,0.142,0.236,0.162,0.07,0.268,0.075,0.07,0.079,0.079,0.07,0.065,0.065,0.067,0.052,0.059,0.07,0.059,0.07,0.072,0.071,0.072,0.0,0.213,0.198,0.14,0.121,0.128,0.125,0.101,0.11,0.118,0.076,0.113,0.186,0.116,0.136,0.116,0.106,0.101,0.626,0.117,0.108,0.121,0.129,0.123,0.111,0.005,0.102,0.104,0.11,0.633,0.082,0.071,0.015,0.11,0.104,0.121,0.07,0.071,0.456,0.0,0.116,1.0,0.453,0.106,0.144,0.12,0.151,0.473,0.141,0.443,0.416,0.841,0.144,0.656,0.066,0.47,0.151,0.446,0.477,0.414,0.108,0.45,0.072,0.822,0.458,0.065,0.82,0.742,0.822,0.164,0.112,0.69,0.451,0.822,0.065,0.471,0.458,0.488,0.681,0.725,0.792,0.765,0.795,0.164,0.027,0.436,0.163,0.073,0.061,0.485,0.158,0.161,0.173,0.148,0.745,0.488,0.831,0.106,0.161,0.062,0.488,0.07,0.822,0.077,0.161,0.485,0.718,0.807,0.829,0.497,0.795,0.06,0.158,0.502,0.054,0.752,0.158,0.826,0.5,0.505,0.763,0.834,0.802,0.772,0.075,0.178,0.154,0.503,0.735,0.495,0.497,0.841,0.842,0.493,0.836,0.824,0.789,0.492,0.839,0.805,0.852,0.817,0.827,0.748,0.18,0.185,0.181,0.852,0.185,0.186,0.789,0.178,0.837,0.834,0.814,0.824,0.787,0.183,0.185,0.507,0.76,0.826,0.846,0.832,0.832,0.183,0.181,0.839,0.0,0.831,0.807,0.183
#67 TF_U — WF Unger=3.44 | OOS=1.91,0.082,0.08,0.103,0.197,0.385,0.271,0.08,0.394,0.075,0.074,0.105,0.082,0.1,0.076,0.061,0.066,0.101,0.07,0.07,0.066,0.077,0.099,0.1,0.086,0.0,0.228,0.214,0.154,0.136,0.144,0.136,0.147,0.143,0.138,0.081,0.142,0.279,0.147,0.157,0.132,0.126,0.131,0.496,0.141,0.142,0.136,0.145,0.145,0.144,0.002,0.123,0.125,0.146,0.479,0.104,0.101,0.009,0.129,0.128,0.153,0.077,0.101,0.851,0.0,0.125,0.453,1.0,0.127,0.109,0.143,0.118,0.839,0.109,0.883,0.819,0.542,0.114,0.524,0.061,0.728,0.118,0.853,0.857,0.835,0.151,0.893,0.065,0.594,0.762,0.075,0.53,0.589,0.587,0.134,0.141,0.542,0.882,0.567,0.084,0.894,0.88,0.914,0.56,0.553,0.521,0.59,0.594,0.129,0.034,0.844,0.134,0.103,0.071,0.919,0.122,0.131,0.138,0.107,0.551,0.916,0.631,0.127,0.131,0.066,0.905,0.088,0.633,0.104,0.116,0.912,0.631,0.603,0.628,0.921,0.628,0.069,0.129,0.927,0.043,0.571,0.125,0.633,0.927,0.925,0.59,0.626,0.644,0.596,0.103,0.138,0.118,0.928,0.617,0.927,0.925,0.658,0.66,0.896,0.66,0.657,0.624,0.857,0.615,0.648,0.66,0.651,0.66,0.596,0.147,0.143,0.145,0.658,0.147,0.152,0.624,0.143,0.665,0.682,0.655,0.662,0.617,0.147,0.145,0.909,0.605,0.673,0.674,0.673,0.658,0.143,0.145,0.683,0.0,0.653,0.655,0.141
#68 BO — WF Unger=3.34 | OOS=4.94,0.026,0.031,0.172,0.092,0.146,0.134,0.025,0.12,0.029,0.028,0.17,0.031,0.189,0.031,0.038,0.04,0.161,0.045,0.026,0.045,0.047,0.191,0.189,0.078,0.0,0.187,0.192,0.958,0.957,0.859,0.045,0.87,0.879,0.869,0.03,0.874,0.087,0.884,0.861,0.959,0.974,0.954,0.113,0.869,0.878,0.955,0.861,0.956,0.88,0.007,0.971,0.969,0.9,0.099,0.073,0.193,0.195,0.978,0.978,0.863,0.024,0.193,0.113,0.006,0.951,0.106,0.127,1.0,0.045,0.887,0.047,0.175,0.035,0.118,0.139,0.113,0.035,0.118,0.028,0.158,0.04,0.139,0.167,0.127,0.898,0.144,0.026,0.132,0.165,0.045,0.118,0.116,0.132,0.047,0.974,0.118,0.16,0.127,0.064,0.177,0.165,0.2,0.137,0.13,0.127,0.125,0.142,0.045,0.068,0.134,0.045,0.193,0.038,0.196,0.045,0.047,0.047,0.033,0.12,0.196,0.144,0.979,0.042,0.04,0.189,0.075,0.144,0.17,0.042,0.196,0.113,0.142,0.144,0.208,0.146,0.04,0.047,0.245,0.177,0.127,0.042,0.144,0.269,0.245,0.142,0.139,0.151,0.142,0.172,0.05,0.04,0.267,0.13,0.205,0.205,0.208,0.21,0.184,0.208,0.175,0.146,0.184,0.137,0.16,0.208,0.163,0.208,0.151,0.054,0.054,0.054,0.205,0.054,0.057,0.149,0.052,0.21,0.252,0.175,0.179,0.149,0.054,0.054,0.243,0.151,0.215,0.217,0.212,0.205,0.052,0.054,0.25,0.0,0.205,0.175,0.052
#69 TF_U — WF Unger=3.22 | OOS=2.64,0.114,0.106,0.033,0.1,0.057,0.062,0.103,0.089,0.111,0.098,0.037,0.107,0.033,0.095,0.08,0.079,0.0,0.081,0.086,0.063,0.076,0.033,0.033,0.076,0.008,0.109,0.104,0.074,0.057,0.051,0.09,0.046,0.044,0.056,0.098,0.043,0.105,0.041,0.057,0.063,0.052,0.049,0.16,0.045,0.042,0.061,0.044,0.063,0.046,0.0,0.05,0.049,0.041,0.173,0.051,0.032,0.009,0.046,0.046,0.048,0.096,0.028,0.121,0.0,0.055,0.144,0.109,0.045,1.0,0.047,0.983,0.099,0.738,0.117,0.105,0.156,0.735,0.174,0.082,0.099,0.78,0.098,0.094,0.102,0.049,0.099,0.088,0.159,0.108,0.078,0.145,0.171,0.157,0.789,0.057,0.153,0.105,0.148,0.076,0.109,0.099,0.112,0.169,0.157,0.163,0.157,0.163,0.766,0.018,0.098,0.784,0.03,0.09,0.109,0.747,0.76,0.866,0.726,0.148,0.112,0.174,0.049,0.818,0.07,0.109,0.077,0.18,0.034,0.806,0.109,0.163,0.166,0.173,0.114,0.171,0.077,0.761,0.116,0.014,0.149,0.801,0.179,0.112,0.116,0.162,0.168,0.18,0.171,0.032,0.889,0.781,0.117,0.185,0.114,0.116,0.199,0.2,0.114,0.197,0.193,0.166,0.117,0.165,0.18,0.197,0.191,0.199,0.166,0.834,0.884,0.817,0.196,0.843,0.88,0.166,0.877,0.205,0.19,0.186,0.197,0.162,0.824,0.867,0.119,0.166,0.211,0.205,0.203,0.194,0.863,0.914,0.199,0.0,0.197,0.183,0.892
#70 BO — WF Unger=3.20 | OOS=5.30,0.017,0.03,0.196,0.116,0.146,0.156,0.02,0.126,0.023,0.027,0.199,0.027,0.213,0.027,0.027,0.033,0.209,0.033,0.027,0.043,0.037,0.213,0.209,0.063,0.0,0.142,0.146,0.793,0.796,0.934,0.047,0.86,0.967,0.944,0.023,0.973,0.113,0.98,0.896,0.844,0.867,0.771,0.133,0.955,0.957,0.834,0.94,0.781,0.973,0.003,0.844,0.85,0.977,0.11,0.063,0.216,0.15,0.89,0.884,0.86,0.023,0.216,0.13,0.003,0.837,0.12,0.143,0.887,0.047,1.0,0.05,0.163,0.04,0.133,0.15,0.113,0.04,0.126,0.023,0.163,0.047,0.15,0.163,0.136,0.947,0.153,0.027,0.14,0.166,0.033,0.126,0.136,0.14,0.053,0.87,0.123,0.183,0.13,0.05,0.183,0.159,0.183,0.143,0.126,0.136,0.133,0.14,0.047,0.056,0.143,0.05,0.216,0.033,0.179,0.043,0.05,0.053,0.03,0.133,0.179,0.153,0.87,0.05,0.033,0.169,0.063,0.15,0.203,0.04,0.179,0.133,0.143,0.153,0.186,0.156,0.03,0.05,0.216,0.216,0.13,0.047,0.143,0.219,0.216,0.14,0.14,0.159,0.14,0.203,0.056,0.043,0.219,0.14,0.186,0.186,0.196,0.199,0.163,0.199,0.176,0.156,0.159,0.136,0.166,0.199,0.173,0.199,0.146,0.06,0.06,0.06,0.196,0.06,0.063,0.153,0.06,0.206,0.219,0.179,0.183,0.153,0.06,0.06,0.216,0.146,0.203,0.206,0.203,0.196,0.056,0.063,0.223,0.0,0.196,0.179,0.056
#71 TF_U — WF Unger=3.15 | OOS=2.18,0.12,0.113,0.035,0.106,0.06,0.066,0.11,0.096,0.114,0.1,0.039,0.107,0.035,0.104,0.083,0.084,0.0,0.082,0.091,0.068,0.077,0.035,0.035,0.08,0.011,0.109,0.104,0.077,0.057,0.051,0.093,0.046,0.047,0.056,0.106,0.046,0.104,0.044,0.061,0.063,0.054,0.049,0.167,0.045,0.044,0.061,0.044,0.066,0.049,0.0,0.052,0.052,0.044,0.178,0.051,0.034,0.012,0.048,0.048,0.048,0.1,0.03,0.131,0.0,0.055,0.151,0.118,0.047,0.983,0.05,1.0,0.102,0.772,0.126,0.113,0.159,0.768,0.178,0.088,0.107,0.793,0.106,0.098,0.108,0.052,0.105,0.091,0.163,0.114,0.081,0.147,0.178,0.162,0.798,0.06,0.156,0.112,0.153,0.076,0.114,0.103,0.119,0.175,0.16,0.165,0.162,0.168,0.777,0.019,0.106,0.792,0.032,0.096,0.116,0.755,0.772,0.871,0.755,0.151,0.119,0.18,0.052,0.825,0.07,0.116,0.079,0.185,0.036,0.822,0.116,0.168,0.172,0.178,0.12,0.177,0.079,0.77,0.12,0.014,0.154,0.812,0.184,0.119,0.12,0.166,0.174,0.187,0.175,0.034,0.893,0.794,0.123,0.19,0.12,0.122,0.2,0.202,0.12,0.199,0.2,0.172,0.123,0.171,0.187,0.199,0.197,0.2,0.169,0.847,0.896,0.831,0.197,0.856,0.895,0.172,0.892,0.206,0.196,0.194,0.205,0.168,0.838,0.88,0.123,0.169,0.215,0.209,0.206,0.196,0.869,0.924,0.205,0.0,0.199,0.191,0.898
#72 TF_U — WF Unger=3.14 | OOS=1.67,0.085,0.085,0.105,0.197,0.409,0.287,0.08,0.407,0.08,0.081,0.107,0.082,0.102,0.084,0.074,0.081,0.106,0.077,0.077,0.066,0.079,0.103,0.104,0.086,0.0,0.251,0.234,0.186,0.179,0.163,0.139,0.163,0.165,0.157,0.081,0.166,0.234,0.171,0.168,0.166,0.17,0.168,0.458,0.165,0.164,0.17,0.167,0.192,0.166,0.006,0.168,0.169,0.174,0.481,0.11,0.105,0.009,0.173,0.171,0.175,0.077,0.105,0.841,0.0,0.172,0.473,0.839,0.175,0.099,0.163,0.102,1.0,0.099,0.832,0.75,0.512,0.1,0.461,0.072,0.93,0.107,0.802,0.932,0.775,0.167,0.804,0.077,0.617,0.882,0.076,0.553,0.528,0.617,0.128,0.175,0.469,0.799,0.595,0.086,0.82,0.904,0.892,0.5,0.497,0.57,0.595,0.66,0.125,0.031,0.802,0.126,0.107,0.076,0.872,0.116,0.126,0.128,0.106,0.559,0.878,0.613,0.171,0.123,0.067,0.871,0.088,0.622,0.106,0.108,0.871,0.49,0.555,0.607,0.892,0.604,0.073,0.125,0.912,0.054,0.582,0.122,0.617,0.915,0.914,0.527,0.604,0.61,0.537,0.106,0.128,0.108,0.915,0.552,0.875,0.878,0.671,0.674,0.881,0.669,0.645,0.598,0.844,0.595,0.617,0.669,0.628,0.669,0.582,0.147,0.144,0.147,0.666,0.148,0.15,0.596,0.142,0.674,0.688,0.632,0.645,0.591,0.148,0.147,0.907,0.589,0.675,0.677,0.677,0.666,0.144,0.138,0.69,0.0,0.662,0.632,0.142
#73 TF_U — WF Unger=3.12 | OOS=3.00,0.111,0.106,0.028,0.102,0.05,0.055,0.105,0.085,0.109,0.095,0.033,0.101,0.029,0.099,0.081,0.081,0.0,0.076,0.086,0.072,0.085,0.029,0.029,0.083,0.023,0.09,0.088,0.049,0.039,0.038,0.095,0.036,0.039,0.043,0.103,0.038,0.108,0.036,0.043,0.047,0.039,0.034,0.152,0.034,0.036,0.045,0.035,0.041,0.038,0.0,0.037,0.036,0.036,0.163,0.037,0.03,0.012,0.036,0.036,0.038,0.1,0.028,0.108,0.0,0.038,0.141,0.109,0.035,0.738,0.04,0.772,0.099,1.0,0.108,0.099,0.158,0.96,0.163,0.088,0.096,0.946,0.095,0.104,0.105,0.04,0.091,0.079,0.172,0.102,0.085,0.156,0.174,0.171,0.911,0.043,0.171,0.099,0.166,0.077,0.11,0.107,0.105,0.164,0.174,0.166,0.18,0.177,0.866,0.019,0.096,0.901,0.028,0.094,0.105,0.818,0.861,0.943,0.844,0.163,0.105,0.183,0.036,0.943,0.068,0.105,0.081,0.19,0.032,0.844,0.105,0.179,0.18,0.182,0.113,0.187,0.082,0.86,0.116,0.012,0.169,0.912,0.188,0.115,0.116,0.18,0.18,0.195,0.188,0.03,0.938,0.893,0.12,0.187,0.113,0.113,0.201,0.204,0.105,0.204,0.196,0.182,0.112,0.175,0.188,0.204,0.195,0.206,0.187,0.922,0.931,0.898,0.199,0.922,0.935,0.182,0.939,0.207,0.195,0.198,0.203,0.175,0.9,0.922,0.118,0.185,0.212,0.206,0.207,0.198,0.9,0.919,0.198,0.0,0.201,0.195,0.914
#74 TF_U — WF Unger=3.11 | OOS=1.93,0.085,0.082,0.103,0.208,0.39,0.276,0.075,0.389,0.077,0.074,0.105,0.082,0.102,0.076,0.062,0.07,0.114,0.075,0.073,0.068,0.081,0.101,0.102,0.087,0.0,0.24,0.224,0.147,0.132,0.134,0.138,0.13,0.129,0.128,0.081,0.129,0.289,0.132,0.146,0.122,0.116,0.113,0.515,0.131,0.128,0.133,0.142,0.135,0.13,0.004,0.113,0.114,0.131,0.511,0.107,0.103,0.009,0.12,0.118,0.143,0.072,0.103,0.908,0.0,0.122,0.443,0.883,0.118,0.117,0.133,0.126,0.832,0.108,1.0,0.86,0.536,0.113,0.562,0.059,0.715,0.117,0.896,0.851,0.832,0.136,0.9,0.063,0.579,0.758,0.081,0.521,0.592,0.575,0.128,0.124,0.542,0.913,0.558,0.083,0.904,0.858,0.925,0.587,0.558,0.506,0.568,0.579,0.123,0.028,0.879,0.128,0.105,0.071,0.926,0.125,0.125,0.132,0.102,0.534,0.926,0.623,0.116,0.125,0.06,0.891,0.091,0.623,0.106,0.109,0.919,0.589,0.611,0.615,0.923,0.617,0.072,0.123,0.925,0.048,0.549,0.119,0.623,0.915,0.909,0.596,0.613,0.634,0.608,0.106,0.132,0.126,0.921,0.647,0.926,0.926,0.643,0.645,0.881,0.645,0.658,0.611,0.843,0.6,0.647,0.645,0.655,0.645,0.6,0.142,0.138,0.14,0.643,0.142,0.151,0.609,0.143,0.651,0.674,0.655,0.664,0.6,0.142,0.14,0.896,0.608,0.666,0.668,0.666,0.643,0.138,0.149,0.675,0.0,0.638,0.655,0.136
#75 TF_U — WF Unger=3.08 | OOS=1.81,0.091,0.094,0.101,0.201,0.434,0.308,0.095,0.441,0.087,0.088,0.1,0.09,0.098,0.084,0.074,0.084,0.124,0.087,0.086,0.08,0.091,0.099,0.1,0.102,0.0,0.281,0.26,0.165,0.146,0.153,0.134,0.147,0.143,0.148,0.087,0.142,0.246,0.147,0.164,0.135,0.137,0.134,0.516,0.148,0.142,0.142,0.158,0.164,0.144,0.005,0.134,0.135,0.146,0.491,0.113,0.101,0.009,0.141,0.14,0.159,0.084,0.101,0.908,0.0,0.137,0.416,0.819,0.139,0.105,0.15,0.113,0.75,0.099,0.86,1.0,0.479,0.102,0.532,0.076,0.658,0.105,0.782,0.757,0.808,0.151,0.78,0.079,0.524,0.697,0.082,0.469,0.51,0.518,0.127,0.147,0.482,0.788,0.504,0.096,0.95,0.743,0.856,0.568,0.512,0.469,0.512,0.531,0.126,0.035,0.777,0.127,0.103,0.088,0.848,0.133,0.127,0.13,0.1,0.477,0.859,0.581,0.137,0.124,0.068,0.818,0.105,0.581,0.106,0.107,0.848,0.493,0.535,0.575,0.885,0.575,0.084,0.126,0.909,0.06,0.495,0.122,0.576,0.939,0.898,0.54,0.57,0.59,0.554,0.106,0.13,0.119,0.951,0.659,0.881,0.889,0.633,0.636,0.821,0.637,0.641,0.57,0.786,0.559,0.606,0.637,0.619,0.637,0.565,0.149,0.148,0.149,0.633,0.151,0.166,0.565,0.157,0.639,0.691,0.636,0.645,0.559,0.151,0.149,0.885,0.57,0.666,0.667,0.655,0.633,0.148,0.159,0.692,0.0,0.628,0.636,0.146
#76 TF_U — WF Unger=3.03 | OOS=1.72,0.1,0.101,0.096,0.167,0.273,0.189,0.103,0.306,0.099,0.1,0.094,0.113,0.084,0.093,0.08,0.084,0.069,0.077,0.095,0.066,0.077,0.088,0.086,0.083,0.0,0.236,0.221,0.14,0.118,0.115,0.155,0.098,0.113,0.111,0.1,0.113,0.204,0.116,0.129,0.113,0.113,0.104,0.684,0.12,0.111,0.115,0.117,0.135,0.111,0.006,0.11,0.112,0.118,0.746,0.087,0.087,0.019,0.113,0.108,0.127,0.1,0.085,0.552,0.0,0.119,0.841,0.542,0.113,0.156,0.113,0.159,0.512,0.158,0.536,0.479,1.0,0.157,0.684,0.086,0.498,0.162,0.507,0.487,0.486,0.111,0.51,0.093,0.81,0.484,0.079,0.761,0.787,0.803,0.172,0.118,0.702,0.487,0.788,0.073,0.501,0.477,0.521,0.714,0.739,0.801,0.776,0.865,0.169,0.03,0.51,0.17,0.089,0.084,0.511,0.151,0.164,0.178,0.148,0.736,0.513,0.843,0.114,0.169,0.081,0.511,0.081,0.877,0.092,0.161,0.511,0.744,0.871,0.843,0.526,0.821,0.082,0.161,0.524,0.048,0.753,0.161,0.883,0.529,0.527,0.782,0.84,0.827,0.793,0.091,0.182,0.164,0.526,0.781,0.516,0.517,0.883,0.883,0.517,0.861,0.873,0.816,0.502,0.836,0.834,0.87,0.846,0.853,0.763,0.185,0.187,0.185,0.867,0.188,0.19,0.815,0.182,0.87,0.858,0.841,0.853,0.806,0.187,0.188,0.526,0.775,0.855,0.868,0.861,0.856,0.185,0.185,0.862,0.0,0.843,0.833,0.184
#77 TF_U — WF Unger=3.03 | OOS=1.77,0.114,0.11,0.028,0.102,0.05,0.057,0.11,0.085,0.111,0.098,0.033,0.104,0.029,0.104,0.087,0.088,0.0,0.079,0.093,0.077,0.091,0.029,0.029,0.089,0.015,0.086,0.084,0.049,0.043,0.042,0.091,0.039,0.039,0.046,0.106,0.038,0.105,0.036,0.043,0.05,0.039,0.037,0.151,0.038,0.036,0.048,0.038,0.041,0.038,0.0,0.037,0.036,0.036,0.166,0.037,0.032,0.012,0.036,0.036,0.041,0.103,0.028,0.114,0.0,0.041,0.144,0.114,0.035,0.735,0.04,0.768,0.1,0.96,0.113,0.102,0.157,1.0,0.165,0.092,0.097,0.928,0.1,0.105,0.112,0.04,0.099,0.081,0.174,0.1,0.089,0.155,0.173,0.173,0.901,0.043,0.181,0.099,0.166,0.082,0.113,0.108,0.113,0.168,0.179,0.166,0.182,0.179,0.856,0.017,0.1,0.89,0.028,0.094,0.111,0.832,0.851,0.932,0.816,0.166,0.113,0.188,0.036,0.926,0.072,0.108,0.089,0.193,0.032,0.84,0.111,0.184,0.185,0.187,0.118,0.192,0.084,0.849,0.119,0.012,0.174,0.896,0.192,0.118,0.119,0.184,0.184,0.201,0.193,0.03,0.936,0.903,0.122,0.192,0.118,0.118,0.203,0.206,0.11,0.206,0.201,0.188,0.116,0.177,0.196,0.206,0.199,0.21,0.193,0.929,0.939,0.907,0.201,0.926,0.945,0.188,0.948,0.209,0.199,0.203,0.206,0.182,0.907,0.928,0.121,0.19,0.215,0.209,0.209,0.199,0.907,0.923,0.203,0.0,0.203,0.199,0.922
#78 TF_U — WF Unger=3.01 | OOS=1.27,0.129,0.129,0.083,0.167,0.3,0.219,0.128,0.345,0.126,0.112,0.085,0.124,0.074,0.114,0.092,0.098,0.062,0.104,0.116,0.093,0.097,0.076,0.075,0.097,0.0,0.228,0.208,0.151,0.132,0.134,0.155,0.124,0.127,0.125,0.122,0.129,0.205,0.129,0.15,0.122,0.121,0.116,0.877,0.127,0.125,0.142,0.142,0.138,0.128,0.001,0.12,0.119,0.128,0.922,0.11,0.077,0.028,0.122,0.116,0.143,0.114,0.077,0.566,0.0,0.131,0.656,0.524,0.118,0.174,0.126,0.178,0.461,0.163,0.562,0.532,0.684,0.165,1.0,0.105,0.442,0.165,0.501,0.459,0.52,0.133,0.498,0.109,0.76,0.453,0.093,0.676,0.737,0.746,0.183,0.126,0.774,0.495,0.712,0.097,0.541,0.456,0.512,0.898,0.805,0.67,0.745,0.755,0.174,0.028,0.507,0.181,0.079,0.109,0.504,0.199,0.171,0.186,0.153,0.673,0.512,0.808,0.121,0.178,0.091,0.49,0.1,0.811,0.081,0.159,0.503,0.732,0.799,0.801,0.529,0.796,0.099,0.17,0.534,0.07,0.705,0.165,0.791,0.54,0.535,0.829,0.777,0.822,0.832,0.078,0.195,0.186,0.544,0.948,0.525,0.529,0.872,0.882,0.499,0.883,0.907,0.786,0.479,0.765,0.842,0.885,0.867,0.881,0.851,0.208,0.208,0.208,0.869,0.211,0.235,0.765,0.224,0.879,0.931,0.897,0.91,0.752,0.209,0.209,0.528,0.866,0.928,0.929,0.904,0.866,0.209,0.232,0.932,0.0,0.853,0.895,0.211
#79 TF_M — WF Unger=2.99 | OOS=3.46,0.845,0.786,0.031,0.131,0.06,0.077,0.802,0.081,0.838,0.781,0.033,0.761,0.029,0.708,0.777,0.766,0.017,0.727,0.786,0.791,0.807,0.035,0.033,0.869,0.004,0.109,0.091,0.032,0.029,0.022,0.1,0.023,0.022,0.023,0.867,0.021,0.096,0.023,0.029,0.025,0.023,0.021,0.094,0.021,0.022,0.024,0.025,0.035,0.027,0.0,0.024,0.023,0.028,0.082,0.037,0.029,0.146,0.024,0.024,0.019,0.804,0.029,0.057,0.0,0.023,0.066,0.061,0.028,0.082,0.023,0.088,0.072,0.088,0.059,0.076,0.086,0.092,0.105,1.0,0.057,0.088,0.064,0.072,0.057,0.025,0.068,0.821,0.084,0.066,0.797,0.064,0.092,0.082,0.096,0.023,0.086,0.072,0.072,0.828,0.088,0.074,0.086,0.115,0.09,0.08,0.09,0.088,0.092,0.031,0.061,0.096,0.033,0.752,0.084,0.111,0.088,0.098,0.088,0.072,0.086,0.096,0.026,0.1,0.756,0.082,0.875,0.105,0.034,0.092,0.084,0.084,0.102,0.098,0.09,0.094,0.686,0.088,0.086,0.16,0.08,0.094,0.1,0.1,0.086,0.102,0.092,0.1,0.1,0.032,0.098,0.111,0.105,0.115,0.088,0.09,0.1,0.105,0.084,0.102,0.117,0.094,0.078,0.09,0.105,0.102,0.119,0.102,0.092,0.098,0.105,0.096,0.094,0.102,0.131,0.088,0.133,0.111,0.131,0.113,0.123,0.086,0.098,0.105,0.082,0.096,0.115,0.115,0.111,0.094,0.111,0.133,0.137,0.0,0.094,0.111,0.113
#80 TF_U — WF Unger=2.98 | OOS=2.31,0.065,0.061,0.096,0.165,0.357,0.248,0.063,0.347,0.063,0.065,0.096,0.068,0.09,0.069,0.061,0.064,0.097,0.054,0.07,0.052,0.065,0.092,0.092,0.072,0.004,0.213,0.201,0.175,0.168,0.157,0.12,0.15,0.154,0.154,0.062,0.158,0.215,0.16,0.161,0.16,0.155,0.152,0.424,0.155,0.153,0.164,0.164,0.173,0.155,0.005,0.152,0.153,0.159,0.429,0.104,0.093,0.009,0.161,0.157,0.169,0.061,0.093,0.718,0.0,0.166,0.47,0.728,0.158,0.099,0.163,0.107,0.93,0.096,0.715,0.658,0.498,0.097,0.442,0.057,1.0,0.108,0.697,0.881,0.681,0.154,0.693,0.07,0.596,0.914,0.062,0.582,0.51,0.596,0.13,0.164,0.458,0.734,0.588,0.072,0.774,0.843,0.838,0.483,0.479,0.618,0.572,0.63,0.13,0.027,0.698,0.13,0.095,0.057,0.825,0.111,0.132,0.134,0.107,0.561,0.83,0.596,0.155,0.129,0.059,0.819,0.073,0.601,0.097,0.113,0.824,0.467,0.531,0.593,0.844,0.587,0.064,0.13,0.865,0.05,0.555,0.129,0.601,0.87,0.865,0.514,0.59,0.593,0.517,0.095,0.135,0.108,0.87,0.531,0.831,0.835,0.644,0.649,0.828,0.645,0.625,0.583,0.835,0.588,0.599,0.649,0.612,0.644,0.564,0.151,0.148,0.151,0.644,0.151,0.153,0.582,0.145,0.65,0.671,0.615,0.631,0.58,0.151,0.149,0.866,0.572,0.652,0.655,0.653,0.641,0.146,0.138,0.674,0.0,0.639,0.615,0.148
#81 TF_U — WF Unger=2.95 | OOS=1.90,0.111,0.11,0.033,0.108,0.057,0.064,0.105,0.092,0.114,0.1,0.037,0.104,0.033,0.102,0.089,0.086,0.0,0.079,0.089,0.073,0.084,0.033,0.033,0.084,0.023,0.094,0.091,0.056,0.05,0.045,0.097,0.046,0.044,0.049,0.106,0.043,0.105,0.041,0.05,0.053,0.046,0.043,0.159,0.045,0.044,0.052,0.041,0.047,0.043,0.0,0.047,0.047,0.041,0.173,0.048,0.034,0.012,0.041,0.041,0.045,0.1,0.03,0.115,0.0,0.044,0.151,0.118,0.04,0.78,0.047,0.793,0.107,0.946,0.117,0.105,0.162,0.928,0.165,0.088,0.108,1.0,0.101,0.107,0.108,0.049,0.102,0.081,0.179,0.109,0.082,0.162,0.182,0.177,0.889,0.049,0.168,0.106,0.171,0.078,0.113,0.11,0.116,0.168,0.171,0.174,0.18,0.186,0.848,0.018,0.103,0.878,0.03,0.094,0.117,0.809,0.841,0.944,0.804,0.168,0.116,0.194,0.047,0.916,0.075,0.116,0.083,0.201,0.034,0.856,0.117,0.177,0.189,0.192,0.12,0.195,0.082,0.838,0.128,0.01,0.17,0.887,0.201,0.12,0.128,0.177,0.189,0.203,0.185,0.032,0.944,0.857,0.123,0.189,0.122,0.12,0.207,0.21,0.116,0.209,0.204,0.191,0.12,0.183,0.201,0.209,0.203,0.21,0.186,0.905,0.944,0.883,0.204,0.907,0.937,0.191,0.943,0.21,0.201,0.204,0.206,0.185,0.884,0.935,0.129,0.185,0.218,0.212,0.212,0.203,0.913,0.929,0.206,0.0,0.206,0.201,0.926
#82 TF_U — WF Unger=2.92 | OOS=1.70,0.082,0.082,0.101,0.192,0.395,0.28,0.08,0.396,0.077,0.077,0.103,0.085,0.1,0.08,0.067,0.071,0.111,0.072,0.075,0.067,0.079,0.099,0.1,0.092,0.0,0.228,0.214,0.172,0.146,0.15,0.13,0.14,0.149,0.144,0.081,0.147,0.252,0.147,0.157,0.138,0.144,0.14,0.465,0.148,0.147,0.142,0.155,0.157,0.149,0.005,0.141,0.143,0.146,0.476,0.099,0.101,0.009,0.141,0.14,0.153,0.075,0.101,0.916,0.0,0.145,0.446,0.853,0.139,0.098,0.15,0.106,0.802,0.095,0.896,0.782,0.507,0.1,0.501,0.064,0.697,0.101,1.0,0.813,0.837,0.145,0.859,0.07,0.561,0.728,0.077,0.514,0.529,0.558,0.115,0.149,0.524,0.874,0.543,0.087,0.879,0.802,0.908,0.537,0.581,0.504,0.548,0.565,0.113,0.029,0.98,0.115,0.103,0.08,0.905,0.108,0.115,0.116,0.092,0.517,0.907,0.602,0.145,0.111,0.069,0.871,0.095,0.601,0.104,0.098,0.91,0.532,0.597,0.596,0.912,0.597,0.075,0.113,0.926,0.048,0.535,0.11,0.602,0.917,0.918,0.615,0.596,0.615,0.633,0.103,0.116,0.113,0.921,0.601,0.908,0.908,0.653,0.655,0.864,0.658,0.643,0.592,0.833,0.586,0.632,0.656,0.637,0.658,0.591,0.128,0.126,0.128,0.653,0.129,0.137,0.592,0.131,0.66,0.678,0.642,0.648,0.586,0.129,0.128,0.9,0.597,0.678,0.679,0.678,0.655,0.126,0.131,0.679,0.0,0.65,0.642,0.124
#83 TF_U — WF Unger=2.92 | OOS=1.75,0.082,0.082,0.103,0.204,0.402,0.282,0.083,0.405,0.08,0.081,0.107,0.082,0.102,0.08,0.074,0.077,0.116,0.074,0.08,0.065,0.076,0.103,0.104,0.079,0.0,0.266,0.247,0.179,0.179,0.163,0.132,0.166,0.163,0.157,0.081,0.161,0.229,0.165,0.164,0.16,0.168,0.168,0.463,0.162,0.161,0.164,0.167,0.179,0.163,0.004,0.165,0.166,0.164,0.484,0.113,0.105,0.009,0.17,0.169,0.166,0.077,0.105,0.857,0.0,0.163,0.477,0.857,0.167,0.094,0.163,0.098,0.932,0.104,0.851,0.757,0.487,0.105,0.459,0.072,0.881,0.107,0.813,1.0,0.792,0.167,0.84,0.079,0.635,0.846,0.073,0.565,0.516,0.632,0.128,0.175,0.474,0.798,0.613,0.081,0.806,0.948,0.872,0.499,0.499,0.544,0.606,0.624,0.126,0.028,0.817,0.128,0.107,0.076,0.868,0.113,0.128,0.129,0.101,0.562,0.879,0.609,0.168,0.125,0.065,0.869,0.082,0.603,0.106,0.104,0.866,0.5,0.544,0.603,0.875,0.597,0.073,0.125,0.9,0.052,0.585,0.124,0.6,0.899,0.901,0.529,0.599,0.612,0.535,0.106,0.129,0.106,0.901,0.544,0.872,0.881,0.653,0.656,0.859,0.657,0.634,0.591,0.825,0.593,0.612,0.66,0.621,0.657,0.587,0.141,0.138,0.14,0.656,0.141,0.147,0.59,0.14,0.657,0.672,0.629,0.641,0.585,0.141,0.14,0.885,0.594,0.665,0.668,0.665,0.653,0.137,0.132,0.674,0.0,0.646,0.629,0.135
#84 TF_U — WF Unger=2.90 | OOS=2.49,0.07,0.08,0.092,0.183,0.392,0.276,0.073,0.391,0.073,0.067,0.094,0.07,0.09,0.069,0.058,0.064,0.111,0.068,0.068,0.069,0.075,0.09,0.09,0.086,0.0,0.202,0.192,0.137,0.125,0.134,0.127,0.127,0.129,0.131,0.068,0.129,0.249,0.134,0.139,0.129,0.124,0.122,0.495,0.134,0.128,0.13,0.136,0.142,0.13,0.003,0.123,0.122,0.136,0.484,0.101,0.091,0.012,0.127,0.125,0.14,0.065,0.091,0.834,0.0,0.122,0.414,0.835,0.127,0.102,0.136,0.108,0.775,0.105,0.832,0.808,0.486,0.112,0.52,0.057,0.681,0.108,0.837,0.792,1.0,0.13,0.853,0.06,0.547,0.714,0.071,0.498,0.524,0.542,0.132,0.129,0.614,0.844,0.532,0.083,0.897,0.785,0.89,0.553,0.592,0.48,0.544,0.544,0.131,0.031,0.832,0.132,0.093,0.073,0.89,0.125,0.132,0.134,0.1,0.508,0.89,0.593,0.124,0.131,0.061,0.859,0.09,0.592,0.092,0.103,0.89,0.542,0.568,0.588,0.936,0.593,0.069,0.131,0.919,0.05,0.527,0.129,0.59,0.934,0.907,0.6,0.585,0.61,0.598,0.093,0.134,0.114,0.941,0.607,0.936,0.936,0.641,0.642,0.853,0.644,0.653,0.588,0.82,0.575,0.627,0.644,0.631,0.644,0.619,0.142,0.141,0.142,0.641,0.144,0.153,0.586,0.146,0.646,0.678,0.651,0.656,0.58,0.144,0.142,0.895,0.62,0.673,0.673,0.664,0.641,0.142,0.142,0.678,0.0,0.636,0.651,0.141
#85 BO — WF Unger=2.88 | OOS=3.55,0.022,0.031,0.191,0.105,0.145,0.148,0.025,0.127,0.028,0.028,0.194,0.022,0.21,0.031,0.028,0.034,0.198,0.034,0.025,0.04,0.037,0.21,0.207,0.062,0.0,0.146,0.146,0.804,0.814,0.901,0.046,0.964,0.969,0.915,0.025,0.975,0.108,0.985,0.914,0.79,0.873,0.815,0.136,0.918,0.963,0.787,0.893,0.777,0.975,0.006,0.855,0.867,0.985,0.117,0.068,0.213,0.152,0.898,0.895,0.869,0.022,0.213,0.127,0.003,0.796,0.108,0.151,0.898,0.049,0.947,0.052,0.167,0.04,0.136,0.151,0.111,0.04,0.133,0.025,0.154,0.049,0.145,0.167,0.13,1.0,0.154,0.025,0.145,0.164,0.034,0.123,0.127,0.145,0.059,0.895,0.12,0.176,0.133,0.049,0.185,0.17,0.191,0.148,0.136,0.13,0.136,0.145,0.052,0.068,0.139,0.056,0.213,0.034,0.188,0.052,0.052,0.056,0.04,0.13,0.188,0.157,0.883,0.056,0.034,0.179,0.062,0.154,0.198,0.043,0.188,0.136,0.142,0.157,0.194,0.16,0.031,0.052,0.219,0.204,0.136,0.052,0.151,0.228,0.219,0.148,0.148,0.167,0.151,0.198,0.059,0.049,0.228,0.148,0.194,0.194,0.204,0.207,0.173,0.207,0.182,0.16,0.173,0.145,0.173,0.207,0.173,0.207,0.151,0.062,0.062,0.062,0.204,0.062,0.068,0.16,0.068,0.207,0.231,0.185,0.182,0.16,0.062,0.062,0.219,0.151,0.21,0.213,0.21,0.204,0.059,0.068,0.231,0.0,0.204,0.185,0.059
#86 TF_U — WF Unger=2.87 | OOS=1.71,0.085,0.085,0.105,0.208,0.424,0.308,0.083,0.423,0.08,0.079,0.109,0.082,0.105,0.084,0.069,0.072,0.121,0.079,0.073,0.07,0.08,0.105,0.106,0.093,0.0,0.247,0.231,0.175,0.157,0.16,0.139,0.153,0.154,0.154,0.084,0.155,0.256,0.155,0.171,0.144,0.147,0.143,0.476,0.155,0.153,0.152,0.164,0.167,0.155,0.003,0.144,0.145,0.154,0.488,0.121,0.107,0.009,0.146,0.145,0.169,0.077,0.107,0.896,0.0,0.151,0.45,0.893,0.144,0.099,0.153,0.105,0.804,0.091,0.9,0.78,0.51,0.099,0.498,0.068,0.693,0.102,0.859,0.84,0.853,0.154,1.0,0.067,0.569,0.724,0.077,0.506,0.543,0.564,0.123,0.152,0.53,0.879,0.548,0.086,0.883,0.796,0.909,0.532,0.542,0.486,0.548,0.559,0.118,0.035,0.862,0.123,0.108,0.08,0.907,0.115,0.12,0.125,0.089,0.511,0.922,0.605,0.147,0.12,0.065,0.871,0.096,0.599,0.108,0.101,0.906,0.548,0.591,0.599,0.911,0.596,0.073,0.118,0.923,0.054,0.532,0.115,0.602,0.919,0.911,0.57,0.599,0.612,0.577,0.108,0.125,0.115,0.92,0.594,0.911,0.923,0.644,0.647,0.866,0.652,0.642,0.589,0.831,0.589,0.633,0.653,0.639,0.652,0.581,0.129,0.126,0.128,0.647,0.129,0.141,0.593,0.133,0.652,0.671,0.639,0.65,0.586,0.129,0.128,0.891,0.588,0.671,0.674,0.673,0.645,0.126,0.136,0.673,0.0,0.641,0.639,0.125
#87 TF_M — WF Unger=2.86 | OOS=2.86,0.809,0.664,0.033,0.133,0.057,0.072,0.687,0.077,0.695,0.66,0.035,0.715,0.033,0.677,0.774,0.774,0.017,0.707,0.83,0.772,0.793,0.04,0.037,0.877,0.0,0.094,0.078,0.035,0.025,0.026,0.102,0.023,0.022,0.026,0.77,0.021,0.095,0.023,0.032,0.028,0.023,0.021,0.1,0.024,0.022,0.027,0.028,0.031,0.024,0.0,0.024,0.023,0.026,0.084,0.031,0.033,0.124,0.024,0.024,0.019,0.666,0.033,0.06,0.0,0.026,0.072,0.065,0.026,0.088,0.027,0.091,0.077,0.079,0.063,0.079,0.093,0.081,0.109,0.821,0.07,0.081,0.07,0.079,0.06,0.025,0.067,1.0,0.088,0.077,0.793,0.067,0.095,0.086,0.091,0.023,0.086,0.074,0.074,0.814,0.093,0.081,0.093,0.116,0.093,0.079,0.091,0.091,0.086,0.023,0.065,0.091,0.037,0.7,0.091,0.105,0.084,0.093,0.077,0.074,0.093,0.102,0.026,0.095,0.791,0.088,0.874,0.112,0.035,0.081,0.091,0.086,0.107,0.105,0.102,0.1,0.7,0.084,0.105,0.149,0.081,0.088,0.107,0.121,0.105,0.102,0.098,0.105,0.102,0.035,0.093,0.098,0.121,0.119,0.1,0.102,0.107,0.112,0.088,0.109,0.123,0.1,0.084,0.095,0.107,0.109,0.121,0.109,0.093,0.086,0.093,0.084,0.1,0.091,0.123,0.093,0.126,0.116,0.151,0.119,0.128,0.091,0.086,0.093,0.1,0.098,0.126,0.126,0.116,0.1,0.098,0.126,0.156,0.0,0.1,0.116,0.1
#88 TF_U — WF Unger=2.85 | OOS=2.04,0.106,0.101,0.09,0.177,0.298,0.212,0.1,0.34,0.104,0.088,0.092,0.096,0.082,0.093,0.076,0.081,0.064,0.074,0.091,0.073,0.074,0.084,0.082,0.069,0.0,0.225,0.208,0.154,0.15,0.141,0.163,0.134,0.146,0.138,0.095,0.145,0.198,0.145,0.15,0.138,0.142,0.128,0.769,0.141,0.144,0.139,0.145,0.151,0.144,0.007,0.139,0.14,0.141,0.824,0.09,0.085,0.019,0.137,0.133,0.146,0.089,0.085,0.585,0.0,0.14,0.822,0.594,0.132,0.159,0.14,0.163,0.617,0.172,0.579,0.524,0.81,0.174,0.76,0.084,0.596,0.179,0.561,0.635,0.547,0.145,0.569,0.088,1.0,0.562,0.075,0.926,0.797,0.986,0.169,0.141,0.784,0.538,0.957,0.068,0.495,0.625,0.517,0.743,0.769,0.859,0.936,0.921,0.163,0.029,0.566,0.167,0.087,0.082,0.513,0.171,0.161,0.172,0.16,0.896,0.519,0.884,0.142,0.165,0.08,0.511,0.07,0.857,0.09,0.161,0.512,0.853,0.792,0.874,0.526,0.848,0.075,0.157,0.54,0.048,0.919,0.155,0.843,0.543,0.543,0.772,0.853,0.856,0.763,0.088,0.175,0.17,0.548,0.752,0.521,0.526,0.877,0.886,0.512,0.885,0.874,0.835,0.498,0.838,0.858,0.898,0.858,0.876,0.835,0.18,0.183,0.18,0.885,0.183,0.192,0.819,0.189,0.874,0.879,0.865,0.865,0.803,0.181,0.183,0.536,0.844,0.875,0.893,0.884,0.871,0.181,0.18,0.879,0.0,0.856,0.857,0.183
#89 TF_U — WF Unger=2.85 | OOS=1.92,0.073,0.075,0.096,0.186,0.387,0.273,0.075,0.383,0.075,0.077,0.098,0.079,0.092,0.082,0.067,0.071,0.092,0.066,0.08,0.06,0.075,0.094,0.094,0.078,0.0,0.251,0.234,0.186,0.168,0.169,0.121,0.16,0.165,0.167,0.07,0.164,0.22,0.168,0.175,0.169,0.165,0.162,0.43,0.162,0.164,0.173,0.177,0.173,0.166,0.003,0.162,0.164,0.167,0.45,0.113,0.095,0.009,0.168,0.166,0.175,0.072,0.095,0.763,0.0,0.172,0.458,0.762,0.165,0.108,0.166,0.114,0.882,0.102,0.758,0.697,0.484,0.1,0.453,0.066,0.914,0.109,0.728,0.846,0.714,0.164,0.724,0.077,0.562,1.0,0.072,0.538,0.521,0.559,0.131,0.17,0.455,0.768,0.55,0.081,0.81,0.822,0.846,0.487,0.478,0.561,0.545,0.584,0.131,0.035,0.729,0.131,0.097,0.071,0.836,0.109,0.132,0.134,0.111,0.531,0.84,0.59,0.165,0.129,0.067,0.826,0.081,0.59,0.099,0.112,0.834,0.461,0.516,0.584,0.853,0.581,0.073,0.131,0.879,0.058,0.527,0.129,0.588,0.885,0.879,0.51,0.582,0.585,0.516,0.099,0.135,0.114,0.886,0.531,0.845,0.846,0.639,0.641,0.851,0.639,0.622,0.575,0.863,0.576,0.596,0.639,0.614,0.637,0.55,0.151,0.147,0.151,0.637,0.152,0.151,0.575,0.144,0.645,0.67,0.613,0.63,0.571,0.152,0.151,0.888,0.558,0.653,0.654,0.65,0.637,0.146,0.138,0.674,0.0,0.639,0.613,0.144
#90 TF_M — WF Unger=2.83 | OOS=4.03,0.871,0.869,0.033,0.142,0.082,0.109,0.805,0.101,0.847,0.823,0.037,0.792,0.031,0.771,0.852,0.912,0.025,0.726,0.782,0.762,0.891,0.037,0.035,0.866,0.008,0.127,0.107,0.042,0.043,0.032,0.098,0.033,0.039,0.033,0.886,0.038,0.086,0.039,0.036,0.038,0.041,0.034,0.079,0.031,0.039,0.039,0.038,0.044,0.043,0.0,0.042,0.042,0.044,0.078,0.045,0.034,0.192,0.041,0.041,0.029,0.811,0.034,0.08,0.0,0.038,0.065,0.075,0.045,0.078,0.033,0.081,0.076,0.085,0.081,0.082,0.079,0.089,0.093,0.797,0.062,0.082,0.077,0.073,0.071,0.034,0.077,0.793,0.075,0.072,1.0,0.058,0.089,0.072,0.095,0.034,0.079,0.082,0.064,0.855,0.096,0.073,0.096,0.1,0.086,0.072,0.082,0.082,0.09,0.026,0.071,0.095,0.036,0.74,0.095,0.093,0.087,0.098,0.075,0.067,0.096,0.093,0.044,0.098,0.691,0.092,0.904,0.104,0.041,0.078,0.095,0.079,0.096,0.095,0.1,0.092,0.753,0.087,0.101,0.169,0.075,0.092,0.101,0.114,0.101,0.095,0.09,0.096,0.1,0.039,0.096,0.098,0.115,0.11,0.098,0.1,0.101,0.103,0.093,0.101,0.114,0.092,0.086,0.087,0.104,0.101,0.118,0.101,0.092,0.093,0.098,0.092,0.096,0.096,0.12,0.087,0.123,0.112,0.124,0.11,0.121,0.084,0.093,0.098,0.098,0.095,0.12,0.12,0.112,0.096,0.1,0.12,0.132,0.0,0.098,0.109,0.101
#91 TF_U — WF Unger=2.82 | OOS=1.52,0.082,0.075,0.088,0.156,0.258,0.178,0.078,0.295,0.077,0.067,0.087,0.076,0.078,0.069,0.061,0.064,0.054,0.055,0.073,0.052,0.058,0.08,0.078,0.057,0.0,0.199,0.185,0.144,0.129,0.125,0.158,0.114,0.129,0.121,0.076,0.131,0.188,0.132,0.136,0.125,0.126,0.113,0.688,0.12,0.128,0.13,0.132,0.135,0.128,0.007,0.123,0.125,0.126,0.732,0.082,0.081,0.015,0.125,0.118,0.134,0.068,0.081,0.526,0.0,0.128,0.82,0.53,0.118,0.145,0.126,0.147,0.553,0.156,0.521,0.469,0.761,0.155,0.676,0.064,0.582,0.162,0.514,0.565,0.498,0.123,0.506,0.067,0.926,0.538,0.058,1.0,0.704,0.939,0.156,0.126,0.701,0.483,0.959,0.055,0.469,0.552,0.498,0.663,0.688,0.899,0.853,0.889,0.156,0.025,0.515,0.156,0.083,0.059,0.495,0.149,0.153,0.164,0.15,0.888,0.501,0.835,0.127,0.154,0.06,0.492,0.057,0.821,0.088,0.154,0.494,0.748,0.744,0.836,0.508,0.798,0.058,0.15,0.524,0.05,0.861,0.15,0.827,0.524,0.527,0.719,0.844,0.808,0.726,0.086,0.164,0.149,0.529,0.714,0.506,0.51,0.847,0.847,0.497,0.844,0.828,0.795,0.495,0.851,0.813,0.858,0.817,0.838,0.797,0.168,0.172,0.169,0.858,0.172,0.177,0.798,0.176,0.843,0.84,0.82,0.823,0.799,0.171,0.172,0.525,0.806,0.838,0.854,0.843,0.842,0.173,0.166,0.843,0.0,0.836,0.814,0.173
#92 TF_U — WF Unger=2.78 | OOS=1.50,0.126,0.122,0.085,0.194,0.303,0.221,0.12,0.342,0.119,0.114,0.087,0.127,0.078,0.114,0.087,0.091,0.062,0.094,0.105,0.082,0.086,0.08,0.078,0.08,0.0,0.266,0.244,0.154,0.129,0.137,0.16,0.114,0.129,0.131,0.114,0.131,0.198,0.134,0.15,0.129,0.119,0.107,0.746,0.131,0.125,0.136,0.142,0.145,0.13,0.004,0.113,0.114,0.128,0.801,0.101,0.081,0.022,0.122,0.116,0.15,0.114,0.081,0.595,0.0,0.134,0.742,0.589,0.116,0.171,0.136,0.178,0.528,0.174,0.592,0.51,0.787,0.173,0.737,0.092,0.51,0.182,0.529,0.516,0.524,0.127,0.543,0.095,0.797,0.521,0.089,0.704,1.0,0.793,0.177,0.126,0.74,0.561,0.747,0.077,0.51,0.51,0.508,0.723,0.72,0.721,0.778,0.82,0.169,0.029,0.53,0.175,0.083,0.101,0.501,0.162,0.167,0.181,0.151,0.709,0.504,0.83,0.116,0.173,0.085,0.5,0.083,0.847,0.086,0.158,0.5,0.83,0.802,0.823,0.51,0.814,0.096,0.164,0.517,0.066,0.742,0.16,0.827,0.519,0.519,0.751,0.8,0.82,0.764,0.084,0.191,0.167,0.519,0.787,0.507,0.507,0.855,0.863,0.522,0.854,0.843,0.805,0.501,0.785,0.825,0.858,0.884,0.848,0.751,0.192,0.191,0.192,0.848,0.195,0.196,0.783,0.191,0.885,0.869,0.829,0.87,0.767,0.193,0.193,0.518,0.761,0.848,0.858,0.855,0.843,0.188,0.196,0.885,0.0,0.827,0.82,0.192
#93 TF_U — WF Unger=2.78 | OOS=2.22,0.106,0.099,0.09,0.177,0.298,0.212,0.098,0.338,0.102,0.088,0.092,0.096,0.082,0.093,0.074,0.077,0.062,0.071,0.089,0.069,0.072,0.084,0.082,0.067,0.0,0.225,0.208,0.154,0.15,0.141,0.163,0.134,0.146,0.138,0.095,0.145,0.198,0.145,0.15,0.138,0.142,0.128,0.759,0.141,0.144,0.139,0.145,0.151,0.144,0.007,0.139,0.14,0.141,0.806,0.09,0.085,0.019,0.137,0.133,0.146,0.089,0.085,0.581,0.0,0.14,0.822,0.587,0.132,0.157,0.14,0.162,0.617,0.171,0.575,0.518,0.803,0.173,0.746,0.082,0.596,0.177,0.558,0.632,0.542,0.145,0.564,0.086,0.986,0.559,0.072,0.939,0.793,1.0,0.167,0.141,0.77,0.534,0.968,0.065,0.491,0.619,0.516,0.73,0.754,0.865,0.916,0.935,0.159,0.029,0.561,0.164,0.087,0.082,0.511,0.169,0.158,0.169,0.16,0.904,0.517,0.872,0.142,0.162,0.078,0.508,0.068,0.854,0.09,0.161,0.51,0.835,0.78,0.872,0.525,0.836,0.073,0.154,0.539,0.048,0.928,0.151,0.841,0.542,0.542,0.757,0.851,0.845,0.751,0.088,0.172,0.167,0.547,0.745,0.52,0.525,0.87,0.879,0.51,0.875,0.863,0.832,0.497,0.836,0.847,0.888,0.849,0.866,0.823,0.18,0.182,0.18,0.878,0.182,0.19,0.815,0.187,0.866,0.87,0.854,0.854,0.8,0.181,0.182,0.537,0.832,0.865,0.883,0.874,0.864,0.181,0.178,0.87,0.0,0.849,0.846,0.182
#94 TF_U — WF Unger=2.76 | OOS=3.36,0.111,0.115,0.033,0.111,0.065,0.068,0.113,0.101,0.121,0.098,0.037,0.099,0.033,0.102,0.087,0.091,0.0,0.091,0.093,0.085,0.091,0.033,0.033,0.081,0.023,0.101,0.094,0.06,0.054,0.051,0.095,0.052,0.052,0.056,0.103,0.051,0.091,0.049,0.057,0.06,0.049,0.046,0.174,0.052,0.053,0.058,0.05,0.053,0.052,0.0,0.05,0.049,0.049,0.178,0.045,0.034,0.015,0.048,0.048,0.054,0.1,0.034,0.131,0.0,0.052,0.164,0.134,0.047,0.789,0.053,0.798,0.128,0.911,0.128,0.127,0.172,0.901,0.183,0.096,0.13,0.889,0.115,0.128,0.132,0.059,0.123,0.091,0.169,0.131,0.095,0.156,0.177,0.167,1.0,0.055,0.178,0.124,0.161,0.082,0.122,0.13,0.135,0.174,0.175,0.169,0.179,0.171,0.977,0.03,0.118,0.981,0.034,0.099,0.137,0.823,0.973,0.972,0.863,0.175,0.135,0.203,0.049,0.977,0.08,0.134,0.084,0.204,0.038,0.84,0.137,0.19,0.172,0.199,0.144,0.207,0.084,0.965,0.142,0.012,0.176,0.951,0.206,0.143,0.14,0.172,0.197,0.213,0.175,0.034,0.971,0.864,0.149,0.182,0.145,0.144,0.211,0.214,0.13,0.216,0.217,0.202,0.134,0.193,0.211,0.216,0.212,0.217,0.185,0.921,0.921,0.914,0.209,0.91,0.952,0.203,0.96,0.214,0.213,0.219,0.221,0.198,0.905,0.912,0.14,0.182,0.223,0.222,0.221,0.208,0.9,0.875,0.216,0.0,0.211,0.217,0.909
#95 BO — WF Unger=2.73 | OOS=4.15,0.021,0.029,0.198,0.098,0.152,0.147,0.023,0.126,0.026,0.026,0.198,0.023,0.216,0.029,0.032,0.034,0.172,0.032,0.023,0.04,0.037,0.216,0.213,0.06,0.0,0.142,0.149,0.912,0.932,0.827,0.04,0.863,0.822,0.843,0.023,0.83,0.098,0.842,0.836,0.918,0.957,0.97,0.124,0.845,0.813,0.894,0.82,0.877,0.828,0.006,0.937,0.943,0.839,0.109,0.049,0.218,0.164,0.977,0.971,0.809,0.02,0.218,0.124,0.003,0.884,0.112,0.141,0.974,0.057,0.87,0.06,0.175,0.043,0.124,0.147,0.118,0.043,0.126,0.023,0.164,0.049,0.149,0.175,0.129,0.895,0.152,0.023,0.141,0.17,0.034,0.126,0.126,0.141,0.055,1.0,0.115,0.172,0.129,0.052,0.187,0.17,0.201,0.141,0.138,0.135,0.132,0.147,0.052,0.066,0.144,0.052,0.218,0.034,0.198,0.055,0.055,0.055,0.04,0.126,0.198,0.152,0.96,0.049,0.037,0.19,0.06,0.149,0.195,0.052,0.198,0.124,0.147,0.152,0.207,0.155,0.034,0.055,0.227,0.198,0.132,0.049,0.147,0.241,0.227,0.152,0.144,0.161,0.152,0.195,0.057,0.049,0.241,0.138,0.207,0.207,0.21,0.213,0.187,0.213,0.178,0.155,0.184,0.141,0.167,0.213,0.17,0.213,0.155,0.063,0.063,0.063,0.21,0.063,0.066,0.155,0.06,0.218,0.244,0.181,0.187,0.155,0.063,0.063,0.227,0.155,0.216,0.218,0.213,0.21,0.06,0.063,0.247,0.0,0.21,0.181,0.06
#96 TF_U — WF Unger=2.71 | OOS=3.31,0.106,0.106,0.079,0.176,0.283,0.2,0.098,0.318,0.104,0.088,0.081,0.099,0.076,0.095,0.08,0.081,0.072,0.084,0.089,0.083,0.08,0.078,0.076,0.075,0.0,0.221,0.198,0.133,0.125,0.125,0.151,0.114,0.124,0.125,0.098,0.123,0.197,0.127,0.136,0.119,0.116,0.11,0.79,0.124,0.122,0.124,0.129,0.129,0.122,0.006,0.115,0.114,0.128,0.888,0.085,0.079,0.025,0.12,0.113,0.137,0.091,0.079,0.548,0.0,0.119,0.69,0.542,0.118,0.153,0.123,0.156,0.469,0.171,0.542,0.482,0.702,0.181,0.774,0.086,0.458,0.168,0.524,0.474,0.614,0.12,0.53,0.086,0.784,0.455,0.079,0.701,0.74,0.77,0.178,0.115,1.0,0.49,0.74,0.08,0.507,0.478,0.504,0.772,0.931,0.687,0.78,0.773,0.171,0.027,0.528,0.177,0.081,0.09,0.503,0.184,0.168,0.178,0.144,0.705,0.503,0.838,0.116,0.175,0.075,0.496,0.078,0.833,0.081,0.144,0.503,0.807,0.823,0.829,0.522,0.832,0.084,0.165,0.524,0.054,0.736,0.164,0.82,0.526,0.523,0.908,0.809,0.851,0.909,0.08,0.182,0.182,0.53,0.843,0.52,0.52,0.874,0.885,0.494,0.885,0.93,0.82,0.483,0.795,0.876,0.886,0.881,0.882,0.937,0.188,0.191,0.188,0.872,0.191,0.208,0.803,0.207,0.882,0.909,0.928,0.93,0.787,0.19,0.191,0.517,0.932,0.931,0.932,0.909,0.869,0.191,0.204,0.912,0.0,0.856,0.927,0.193
#97 TF_U — WF Unger=2.69 | OOS=2.19,0.091,0.092,0.103,0.215,0.442,0.323,0.09,0.445,0.087,0.086,0.105,0.087,0.102,0.089,0.072,0.077,0.121,0.086,0.082,0.074,0.083,0.103,0.104,0.092,0.0,0.273,0.253,0.186,0.175,0.176,0.144,0.173,0.176,0.17,0.089,0.177,0.246,0.178,0.186,0.163,0.165,0.162,0.478,0.175,0.175,0.182,0.192,0.179,0.177,0.003,0.162,0.164,0.174,0.495,0.118,0.105,0.012,0.165,0.161,0.191,0.082,0.105,0.904,0.0,0.169,0.451,0.882,0.16,0.105,0.183,0.112,0.799,0.099,0.913,0.788,0.487,0.099,0.495,0.072,0.734,0.106,0.874,0.798,0.844,0.176,0.879,0.074,0.538,0.768,0.082,0.483,0.561,0.534,0.124,0.172,0.49,1.0,0.514,0.092,0.917,0.768,0.906,0.529,0.526,0.486,0.52,0.548,0.122,0.035,0.874,0.124,0.107,0.086,0.894,0.113,0.124,0.125,0.097,0.489,0.9,0.593,0.165,0.121,0.072,0.857,0.095,0.591,0.108,0.103,0.893,0.501,0.576,0.584,0.903,0.585,0.079,0.122,0.923,0.062,0.502,0.119,0.588,0.922,0.908,0.552,0.581,0.6,0.564,0.108,0.127,0.113,0.923,0.587,0.894,0.897,0.644,0.647,0.87,0.649,0.641,0.578,0.833,0.572,0.621,0.649,0.644,0.649,0.564,0.139,0.136,0.139,0.643,0.14,0.148,0.576,0.139,0.652,0.68,0.63,0.65,0.57,0.14,0.139,0.897,0.57,0.673,0.674,0.671,0.643,0.136,0.145,0.686,0.0,0.638,0.63,0.134
#98 TF_U — WF Unger=2.64 | OOS=2.03,0.091,0.085,0.09,0.165,0.268,0.187,0.085,0.313,0.087,0.077,0.09,0.085,0.08,0.082,0.069,0.071,0.059,0.062,0.077,0.062,0.065,0.082,0.08,0.061,0.0,0.202,0.188,0.147,0.132,0.131,0.158,0.124,0.14,0.128,0.084,0.139,0.192,0.14,0.143,0.129,0.137,0.119,0.723,0.134,0.139,0.13,0.136,0.145,0.139,0.007,0.134,0.135,0.136,0.772,0.085,0.083,0.015,0.132,0.128,0.137,0.077,0.083,0.566,0.0,0.134,0.822,0.567,0.127,0.148,0.13,0.153,0.595,0.166,0.558,0.504,0.788,0.166,0.712,0.072,0.588,0.171,0.543,0.613,0.532,0.133,0.548,0.074,0.957,0.55,0.064,0.959,0.747,0.968,0.161,0.129,0.74,0.514,1.0,0.061,0.484,0.597,0.514,0.7,0.723,0.87,0.88,0.912,0.158,0.029,0.545,0.161,0.085,0.069,0.51,0.157,0.154,0.167,0.153,0.914,0.516,0.856,0.137,0.158,0.068,0.506,0.061,0.841,0.088,0.157,0.509,0.798,0.762,0.858,0.523,0.821,0.064,0.15,0.538,0.048,0.917,0.15,0.846,0.538,0.54,0.733,0.866,0.829,0.74,0.086,0.167,0.16,0.543,0.731,0.52,0.526,0.862,0.864,0.509,0.862,0.85,0.818,0.495,0.85,0.834,0.875,0.835,0.854,0.812,0.174,0.178,0.175,0.872,0.178,0.184,0.821,0.182,0.855,0.855,0.841,0.842,0.805,0.177,0.178,0.535,0.821,0.852,0.87,0.86,0.856,0.177,0.171,0.855,0.0,0.841,0.834,0.177
#99 TF_M — WF Unger=2.61 | OOS=5.61,0.845,0.876,0.035,0.161,0.097,0.121,0.837,0.116,0.862,0.842,0.037,0.817,0.029,0.784,0.799,0.821,0.025,0.857,0.83,0.929,0.904,0.035,0.033,0.829,0.008,0.146,0.123,0.06,0.054,0.048,0.112,0.049,0.055,0.049,0.851,0.054,0.087,0.057,0.05,0.053,0.059,0.052,0.089,0.048,0.056,0.055,0.054,0.06,0.06,0.0,0.06,0.06,0.062,0.085,0.042,0.032,0.214,0.06,0.06,0.045,0.839,0.032,0.086,0.0,0.058,0.065,0.084,0.064,0.076,0.05,0.076,0.086,0.077,0.083,0.096,0.073,0.082,0.097,0.828,0.072,0.078,0.087,0.081,0.083,0.049,0.086,0.814,0.068,0.081,0.855,0.055,0.077,0.065,0.082,0.052,0.08,0.092,0.061,1.0,0.104,0.079,0.099,0.097,0.091,0.068,0.076,0.076,0.08,0.033,0.081,0.082,0.034,0.797,0.097,0.088,0.078,0.083,0.08,0.065,0.099,0.091,0.062,0.085,0.828,0.094,0.878,0.099,0.038,0.076,0.097,0.074,0.091,0.092,0.115,0.09,0.783,0.077,0.115,0.184,0.072,0.081,0.094,0.132,0.115,0.09,0.087,0.092,0.094,0.037,0.083,0.088,0.137,0.096,0.114,0.115,0.104,0.104,0.094,0.104,0.119,0.09,0.083,0.083,0.103,0.104,0.117,0.104,0.095,0.086,0.091,0.086,0.101,0.09,0.108,0.085,0.11,0.113,0.142,0.115,0.126,0.081,0.087,0.091,0.113,0.096,0.126,0.126,0.114,0.101,0.092,0.106,0.149,0.0,0.101,0.115,0.092
#100 TF_U — WF Unger=2.61 | OOS=3.16,0.1,0.103,0.101,0.219,0.476,0.344,0.1,0.477,0.097,0.098,0.103,0.101,0.098,0.095,0.092,0.098,0.124,0.104,0.1,0.099,0.1,0.099,0.1,0.107,0.0,0.3,0.276,0.204,0.179,0.182,0.146,0.182,0.185,0.177,0.1,0.185,0.224,0.189,0.193,0.169,0.178,0.177,0.545,0.179,0.183,0.188,0.199,0.195,0.185,0.003,0.175,0.177,0.185,0.526,0.13,0.101,0.012,0.18,0.176,0.197,0.093,0.101,0.908,0.0,0.177,0.471,0.894,0.177,0.109,0.183,0.114,0.82,0.11,0.904,0.95,0.501,0.113,0.541,0.088,0.774,0.113,0.879,0.806,0.897,0.185,0.883,0.093,0.495,0.81,0.096,0.469,0.51,0.491,0.122,0.187,0.507,0.917,0.484,0.104,1.0,0.808,0.84,0.544,0.521,0.47,0.493,0.504,0.121,0.04,0.88,0.122,0.103,0.099,0.83,0.126,0.123,0.125,0.109,0.489,0.839,0.564,0.178,0.12,0.093,0.8,0.111,0.564,0.104,0.105,0.829,0.513,0.508,0.558,0.88,0.559,0.099,0.121,0.911,0.068,0.491,0.119,0.561,0.941,0.901,0.521,0.554,0.573,0.524,0.103,0.126,0.123,0.951,0.582,0.872,0.879,0.634,0.637,0.805,0.638,0.635,0.554,0.773,0.545,0.591,0.638,0.606,0.638,0.552,0.144,0.142,0.144,0.633,0.146,0.156,0.552,0.149,0.639,0.693,0.626,0.642,0.546,0.146,0.144,0.889,0.555,0.669,0.67,0.655,0.633,0.142,0.153,0.697,0.0,0.629,0.626,0.14
#101 TF_U — WF Unger=2.54 | OOS=2.43,0.085,0.08,0.101,0.201,0.39,0.271,0.085,0.396,0.077,0.079,0.103,0.085,0.098,0.078,0.072,0.077,0.106,0.071,0.082,0.06,0.073,0.099,0.1,0.081,0.0,0.262,0.244,0.172,0.171,0.163,0.13,0.166,0.165,0.157,0.084,0.164,0.232,0.168,0.161,0.16,0.162,0.162,0.449,0.158,0.164,0.164,0.167,0.173,0.166,0.004,0.16,0.161,0.167,0.478,0.104,0.101,0.009,0.168,0.166,0.169,0.079,0.101,0.851,0.0,0.157,0.458,0.88,0.165,0.099,0.159,0.103,0.904,0.107,0.858,0.743,0.477,0.108,0.456,0.074,0.843,0.11,0.802,0.948,0.785,0.17,0.796,0.081,0.625,0.822,0.073,0.552,0.51,0.619,0.13,0.17,0.478,0.768,0.597,0.079,0.808,1.0,0.865,0.499,0.501,0.543,0.642,0.618,0.127,0.028,0.807,0.13,0.103,0.075,0.87,0.12,0.129,0.132,0.101,0.591,0.867,0.598,0.163,0.127,0.065,0.871,0.084,0.598,0.104,0.109,0.864,0.508,0.537,0.594,0.87,0.598,0.073,0.126,0.901,0.048,0.618,0.124,0.597,0.903,0.898,0.528,0.592,0.612,0.534,0.103,0.133,0.114,0.904,0.546,0.87,0.87,0.646,0.651,0.849,0.654,0.628,0.594,0.816,0.585,0.609,0.652,0.613,0.652,0.592,0.147,0.144,0.145,0.646,0.147,0.154,0.594,0.147,0.651,0.673,0.625,0.633,0.591,0.147,0.145,0.883,0.6,0.661,0.663,0.658,0.648,0.142,0.139,0.675,0.0,0.639,0.625,0.141
#102 TF_U — WF Unger=2.53 | OOS=2.24,0.091,0.094,0.103,0.217,0.474,0.344,0.088,0.47,0.082,0.088,0.105,0.09,0.1,0.089,0.09,0.096,0.116,0.096,0.093,0.088,0.097,0.101,0.102,0.098,0.0,0.296,0.273,0.211,0.189,0.188,0.148,0.189,0.19,0.18,0.089,0.188,0.223,0.194,0.2,0.176,0.196,0.195,0.508,0.182,0.189,0.182,0.192,0.198,0.19,0.007,0.194,0.195,0.195,0.517,0.135,0.103,0.015,0.199,0.198,0.201,0.084,0.103,0.92,0.0,0.183,0.488,0.914,0.2,0.112,0.183,0.119,0.892,0.105,0.925,0.856,0.521,0.113,0.512,0.086,0.838,0.116,0.908,0.872,0.89,0.191,0.909,0.093,0.517,0.846,0.096,0.498,0.508,0.516,0.135,0.201,0.504,0.906,0.514,0.099,0.84,0.865,1.0,0.517,0.513,0.499,0.52,0.524,0.138,0.042,0.907,0.134,0.105,0.092,0.989,0.124,0.14,0.129,0.113,0.517,0.988,0.624,0.196,0.128,0.088,0.959,0.103,0.627,0.106,0.113,0.989,0.519,0.517,0.615,0.964,0.618,0.096,0.138,0.897,0.064,0.518,0.13,0.622,0.908,0.884,0.517,0.611,0.633,0.517,0.106,0.129,0.119,0.908,0.518,0.946,0.949,0.63,0.633,0.949,0.632,0.669,0.611,0.933,0.602,0.655,0.632,0.665,0.632,0.529,0.147,0.145,0.147,0.626,0.148,0.157,0.607,0.148,0.632,0.669,0.656,0.669,0.602,0.148,0.147,0.871,0.534,0.652,0.654,0.65,0.626,0.145,0.136,0.67,0.0,0.622,0.656,0.143
#103 TF_U — WF Unger=2.49 | OOS=1.81,0.138,0.138,0.085,0.181,0.325,0.237,0.14,0.367,0.133,0.121,0.087,0.141,0.078,0.125,0.099,0.105,0.064,0.116,0.125,0.097,0.101,0.08,0.078,0.097,0.0,0.24,0.218,0.165,0.143,0.15,0.162,0.137,0.14,0.141,0.13,0.142,0.199,0.145,0.168,0.135,0.134,0.128,0.88,0.144,0.139,0.148,0.155,0.157,0.141,0.006,0.131,0.132,0.146,0.888,0.113,0.081,0.034,0.139,0.133,0.156,0.126,0.081,0.589,0.0,0.14,0.681,0.56,0.137,0.169,0.143,0.175,0.5,0.164,0.587,0.568,0.714,0.168,0.898,0.115,0.483,0.168,0.537,0.499,0.553,0.148,0.532,0.116,0.743,0.487,0.1,0.663,0.723,0.73,0.174,0.141,0.772,0.529,0.7,0.097,0.544,0.499,0.517,1.0,0.766,0.664,0.732,0.746,0.169,0.025,0.548,0.174,0.083,0.119,0.513,0.181,0.166,0.178,0.147,0.661,0.517,0.805,0.134,0.172,0.094,0.498,0.1,0.806,0.083,0.149,0.512,0.752,0.783,0.797,0.528,0.794,0.109,0.165,0.539,0.072,0.692,0.16,0.788,0.546,0.538,0.816,0.773,0.816,0.806,0.082,0.185,0.181,0.549,0.92,0.526,0.528,0.856,0.864,0.501,0.866,0.893,0.783,0.484,0.761,0.842,0.867,0.863,0.866,0.815,0.189,0.191,0.189,0.852,0.192,0.217,0.762,0.213,0.864,0.921,0.885,0.898,0.748,0.191,0.191,0.531,0.824,0.913,0.916,0.891,0.849,0.194,0.219,0.923,0.0,0.835,0.888,0.195
#104 TF_U — WF Unger=2.49 | OOS=2.92,0.106,0.106,0.081,0.174,0.283,0.205,0.103,0.327,0.107,0.088,0.083,0.101,0.078,0.097,0.081,0.086,0.069,0.092,0.095,0.091,0.088,0.08,0.078,0.083,0.0,0.213,0.192,0.151,0.136,0.134,0.155,0.13,0.135,0.128,0.098,0.134,0.189,0.137,0.143,0.125,0.131,0.134,0.808,0.127,0.133,0.136,0.142,0.142,0.133,0.007,0.131,0.13,0.136,0.9,0.085,0.081,0.028,0.134,0.128,0.146,0.091,0.081,0.568,0.0,0.14,0.725,0.553,0.13,0.157,0.126,0.16,0.497,0.174,0.558,0.512,0.739,0.179,0.805,0.09,0.479,0.171,0.581,0.499,0.592,0.136,0.542,0.093,0.769,0.478,0.086,0.688,0.72,0.754,0.175,0.138,0.931,0.526,0.723,0.091,0.521,0.501,0.513,0.766,1.0,0.67,0.76,0.758,0.168,0.026,0.591,0.174,0.083,0.096,0.509,0.182,0.166,0.176,0.154,0.701,0.512,0.829,0.132,0.172,0.088,0.498,0.085,0.826,0.083,0.151,0.507,0.804,0.841,0.821,0.532,0.824,0.088,0.163,0.54,0.056,0.719,0.161,0.813,0.537,0.539,0.973,0.803,0.845,0.974,0.082,0.18,0.19,0.544,0.829,0.532,0.532,0.871,0.882,0.502,0.883,0.932,0.813,0.488,0.79,0.871,0.885,0.879,0.881,0.925,0.191,0.194,0.191,0.87,0.194,0.209,0.798,0.206,0.879,0.908,0.929,0.932,0.783,0.193,0.194,0.532,0.921,0.931,0.932,0.905,0.867,0.194,0.204,0.91,0.0,0.855,0.928,0.195
#105 TF_U — WF Unger=2.49 | OOS=1.68,0.1,0.092,0.09,0.167,0.268,0.191,0.103,0.311,0.097,0.093,0.09,0.107,0.08,0.091,0.071,0.074,0.059,0.069,0.093,0.066,0.069,0.082,0.08,0.072,0.0,0.217,0.205,0.154,0.139,0.131,0.167,0.117,0.135,0.131,0.089,0.137,0.193,0.137,0.143,0.135,0.131,0.119,0.684,0.131,0.133,0.139,0.142,0.145,0.133,0.009,0.128,0.13,0.133,0.72,0.087,0.083,0.019,0.132,0.125,0.146,0.093,0.081,0.517,0.0,0.137,0.792,0.521,0.127,0.163,0.136,0.165,0.57,0.166,0.506,0.469,0.801,0.166,0.67,0.08,0.618,0.174,0.504,0.544,0.48,0.13,0.486,0.079,0.859,0.561,0.072,0.899,0.721,0.865,0.169,0.135,0.687,0.486,0.87,0.068,0.47,0.543,0.499,0.664,0.67,1.0,0.828,0.93,0.168,0.026,0.508,0.168,0.085,0.078,0.495,0.154,0.166,0.175,0.165,0.85,0.495,0.812,0.132,0.166,0.081,0.491,0.072,0.84,0.088,0.17,0.497,0.736,0.769,0.811,0.507,0.793,0.079,0.164,0.522,0.054,0.827,0.164,0.846,0.524,0.525,0.704,0.811,0.804,0.712,0.086,0.181,0.163,0.529,0.709,0.503,0.503,0.865,0.862,0.498,0.843,0.84,0.788,0.501,0.812,0.806,0.851,0.824,0.836,0.774,0.189,0.194,0.191,0.851,0.195,0.194,0.789,0.188,0.857,0.848,0.815,0.835,0.785,0.194,0.195,0.526,0.785,0.838,0.848,0.843,0.842,0.194,0.183,0.855,0.0,0.834,0.806,0.192
#106 TF_U — WF Unger=2.47 | OOS=2.52,0.109,0.106,0.09,0.179,0.288,0.203,0.11,0.329,0.109,0.098,0.092,0.11,0.082,0.102,0.078,0.084,0.067,0.081,0.1,0.079,0.08,0.084,0.082,0.079,0.0,0.225,0.208,0.151,0.143,0.137,0.163,0.124,0.135,0.131,0.098,0.131,0.198,0.134,0.146,0.132,0.134,0.119,0.754,0.134,0.133,0.13,0.136,0.148,0.133,0.007,0.131,0.132,0.131,0.804,0.082,0.085,0.019,0.129,0.125,0.137,0.098,0.085,0.569,0.0,0.128,0.765,0.59,0.125,0.157,0.133,0.162,0.595,0.18,0.568,0.512,0.776,0.182,0.745,0.09,0.572,0.18,0.548,0.606,0.544,0.136,0.548,0.091,0.936,0.545,0.082,0.853,0.778,0.916,0.179,0.132,0.78,0.52,0.88,0.076,0.493,0.642,0.52,0.732,0.76,0.828,1.0,0.906,0.173,0.026,0.553,0.178,0.087,0.09,0.518,0.175,0.17,0.181,0.163,0.94,0.52,0.856,0.134,0.175,0.086,0.516,0.08,0.853,0.09,0.163,0.518,0.872,0.777,0.846,0.53,0.865,0.084,0.166,0.542,0.047,0.97,0.165,0.839,0.55,0.545,0.76,0.826,0.869,0.771,0.088,0.182,0.178,0.554,0.762,0.529,0.531,0.869,0.877,0.51,0.889,0.87,0.852,0.496,0.812,0.869,0.882,0.869,0.877,0.852,0.191,0.194,0.191,0.869,0.194,0.204,0.835,0.2,0.874,0.884,0.876,0.872,0.821,0.192,0.194,0.537,0.863,0.876,0.882,0.887,0.874,0.19,0.191,0.887,0.0,0.857,0.865,0.191
#107 TF_U — WF Unger=2.45 | OOS=2.05,0.114,0.108,0.096,0.183,0.308,0.221,0.113,0.347,0.109,0.107,0.098,0.118,0.088,0.11,0.08,0.086,0.064,0.081,0.102,0.079,0.081,0.09,0.088,0.079,0.0,0.232,0.218,0.161,0.15,0.141,0.176,0.134,0.146,0.138,0.103,0.145,0.205,0.147,0.15,0.141,0.144,0.134,0.763,0.144,0.144,0.145,0.148,0.157,0.144,0.01,0.141,0.143,0.149,0.811,0.099,0.091,0.022,0.141,0.137,0.153,0.107,0.089,0.589,0.0,0.145,0.795,0.594,0.142,0.163,0.14,0.168,0.66,0.177,0.579,0.531,0.865,0.179,0.755,0.088,0.63,0.186,0.565,0.624,0.544,0.145,0.559,0.091,0.921,0.584,0.082,0.889,0.82,0.935,0.171,0.147,0.773,0.548,0.912,0.076,0.504,0.618,0.524,0.746,0.758,0.93,0.906,1.0,0.167,0.031,0.57,0.168,0.093,0.096,0.514,0.171,0.165,0.173,0.166,0.893,0.515,0.843,0.145,0.166,0.093,0.51,0.078,0.877,0.095,0.168,0.513,0.835,0.822,0.84,0.531,0.823,0.088,0.163,0.54,0.052,0.913,0.156,0.859,0.544,0.543,0.764,0.82,0.832,0.755,0.093,0.177,0.174,0.548,0.744,0.521,0.523,0.882,0.889,0.515,0.871,0.878,0.817,0.5,0.803,0.838,0.878,0.852,0.864,0.804,0.188,0.19,0.188,0.867,0.191,0.196,0.799,0.191,0.874,0.877,0.845,0.862,0.783,0.19,0.191,0.54,0.814,0.866,0.877,0.872,0.858,0.188,0.185,0.879,0.0,0.844,0.838,0.19
#108 TF_U — WF Unger=2.44 | OOS=2.76,0.103,0.108,0.033,0.106,0.057,0.062,0.108,0.096,0.114,0.093,0.035,0.093,0.031,0.097,0.083,0.086,0.0,0.087,0.089,0.082,0.088,0.031,0.031,0.08,0.019,0.094,0.088,0.056,0.05,0.045,0.088,0.049,0.047,0.049,0.095,0.046,0.083,0.044,0.05,0.056,0.046,0.046,0.167,0.045,0.047,0.055,0.044,0.05,0.046,0.0,0.047,0.047,0.044,0.168,0.042,0.032,0.015,0.046,0.046,0.048,0.096,0.03,0.127,0.0,0.049,0.164,0.129,0.045,0.766,0.047,0.777,0.125,0.866,0.123,0.126,0.169,0.856,0.174,0.092,0.13,0.848,0.113,0.126,0.131,0.052,0.118,0.086,0.163,0.131,0.09,0.156,0.169,0.159,0.977,0.052,0.171,0.122,0.158,0.08,0.121,0.127,0.138,0.169,0.168,0.168,0.173,0.167,1.0,0.03,0.115,0.99,0.03,0.096,0.139,0.794,0.994,0.981,0.855,0.173,0.138,0.201,0.047,0.986,0.076,0.136,0.084,0.203,0.034,0.836,0.139,0.181,0.166,0.199,0.147,0.203,0.081,0.983,0.144,0.012,0.171,0.983,0.206,0.145,0.143,0.166,0.201,0.21,0.168,0.032,0.976,0.827,0.152,0.179,0.148,0.147,0.211,0.212,0.134,0.212,0.215,0.201,0.138,0.199,0.207,0.213,0.21,0.213,0.183,0.919,0.924,0.919,0.21,0.914,0.946,0.203,0.956,0.213,0.211,0.216,0.219,0.201,0.913,0.916,0.143,0.179,0.221,0.221,0.217,0.207,0.905,0.869,0.215,0.0,0.21,0.213,0.913
#109 MAC — WF Unger=2.44 | OOS=4.67,0.018,0.021,0.015,0.086,0.055,0.064,0.015,0.105,0.022,0.021,0.015,0.011,0.014,0.013,0.029,0.028,0.022,0.024,0.02,0.032,0.029,0.018,0.018,0.035,0.027,0.094,0.081,0.067,0.054,0.061,0.037,0.075,0.066,0.059,0.022,0.064,0.037,0.072,0.057,0.06,0.067,0.07,0.031,0.062,0.067,0.058,0.057,0.069,0.065,0.01,0.068,0.068,0.069,0.029,0.087,0.016,0.04,0.077,0.077,0.07,0.021,0.018,0.027,0.014,0.058,0.027,0.034,0.068,0.018,0.056,0.019,0.031,0.019,0.028,0.035,0.03,0.017,0.028,0.031,0.027,0.018,0.029,0.028,0.031,0.068,0.035,0.023,0.029,0.035,0.026,0.025,0.029,0.029,0.03,0.066,0.027,0.035,0.029,0.033,0.04,0.028,0.042,0.025,0.026,0.026,0.026,0.031,0.03,1.0,0.03,0.03,0.018,0.017,0.041,0.025,0.03,0.029,0.026,0.025,0.044,0.035,0.067,0.03,0.02,0.04,0.034,0.034,0.02,0.023,0.041,0.024,0.033,0.035,0.044,0.033,0.024,0.03,0.055,0.029,0.027,0.03,0.034,0.057,0.053,0.027,0.035,0.033,0.026,0.019,0.03,0.023,0.059,0.031,0.042,0.045,0.045,0.046,0.037,0.046,0.037,0.033,0.038,0.035,0.037,0.046,0.038,0.046,0.033,0.033,0.031,0.033,0.045,0.033,0.034,0.033,0.035,0.045,0.049,0.035,0.038,0.033,0.033,0.031,0.052,0.033,0.049,0.049,0.048,0.045,0.033,0.03,0.049,0.001,0.045,0.035,0.034
#110 TF_U — WF Unger=2.43 | OOS=1.72,0.073,0.08,0.094,0.186,0.385,0.271,0.073,0.385,0.075,0.07,0.096,0.076,0.094,0.073,0.061,0.065,0.104,0.066,0.068,0.061,0.073,0.094,0.094,0.086,0.0,0.217,0.205,0.165,0.139,0.144,0.132,0.134,0.143,0.138,0.073,0.142,0.256,0.142,0.15,0.132,0.139,0.134,0.465,0.141,0.142,0.136,0.148,0.151,0.144,0.005,0.136,0.138,0.141,0.479,0.101,0.095,0.009,0.137,0.135,0.146,0.068,0.095,0.888,0.0,0.14,0.436,0.844,0.134,0.098,0.143,0.106,0.802,0.096,0.879,0.777,0.51,0.1,0.507,0.061,0.698,0.103,0.98,0.817,0.832,0.139,0.862,0.065,0.566,0.729,0.071,0.515,0.53,0.561,0.118,0.144,0.528,0.874,0.545,0.081,0.88,0.807,0.907,0.548,0.591,0.508,0.553,0.57,0.115,0.03,1.0,0.118,0.097,0.075,0.905,0.11,0.116,0.12,0.091,0.52,0.905,0.603,0.14,0.115,0.065,0.87,0.09,0.603,0.097,0.101,0.91,0.532,0.603,0.6,0.912,0.6,0.069,0.115,0.927,0.047,0.538,0.111,0.605,0.917,0.919,0.636,0.598,0.618,0.628,0.097,0.12,0.113,0.922,0.596,0.91,0.909,0.653,0.654,0.864,0.658,0.645,0.596,0.831,0.588,0.631,0.656,0.633,0.658,0.596,0.13,0.126,0.128,0.653,0.13,0.14,0.596,0.133,0.658,0.679,0.645,0.648,0.59,0.13,0.128,0.9,0.605,0.678,0.679,0.678,0.654,0.13,0.133,0.679,0.0,0.648,0.645,0.128
#111 TF_U — WF Unger=2.41 | OOS=2.50,0.111,0.115,0.033,0.111,0.062,0.068,0.113,0.101,0.121,0.098,0.037,0.099,0.033,0.102,0.087,0.091,0.0,0.091,0.093,0.085,0.091,0.033,0.033,0.082,0.019,0.101,0.094,0.056,0.05,0.048,0.093,0.052,0.05,0.052,0.103,0.048,0.087,0.047,0.054,0.056,0.046,0.046,0.173,0.048,0.05,0.055,0.047,0.05,0.049,0.0,0.047,0.047,0.046,0.176,0.045,0.034,0.015,0.046,0.046,0.051,0.1,0.032,0.131,0.0,0.049,0.163,0.134,0.045,0.784,0.05,0.792,0.126,0.901,0.128,0.127,0.17,0.89,0.181,0.096,0.13,0.878,0.115,0.128,0.132,0.056,0.123,0.091,0.167,0.131,0.095,0.156,0.175,0.164,0.981,0.052,0.177,0.124,0.161,0.082,0.122,0.13,0.134,0.174,0.174,0.168,0.178,0.168,0.99,0.03,0.118,1.0,0.032,0.099,0.136,0.815,0.986,0.985,0.864,0.173,0.134,0.201,0.047,0.994,0.08,0.133,0.084,0.204,0.036,0.843,0.136,0.189,0.171,0.2,0.143,0.205,0.084,0.985,0.141,0.012,0.173,0.967,0.205,0.142,0.139,0.172,0.198,0.211,0.174,0.034,0.98,0.854,0.148,0.181,0.144,0.143,0.209,0.212,0.131,0.214,0.215,0.202,0.134,0.195,0.209,0.214,0.21,0.215,0.185,0.923,0.92,0.917,0.207,0.91,0.946,0.202,0.955,0.212,0.211,0.217,0.219,0.197,0.907,0.91,0.139,0.181,0.221,0.22,0.219,0.206,0.898,0.869,0.214,0.0,0.209,0.215,0.907
#112 TF_M — WF Unger=2.41 | OOS=1.82,0.038,0.038,0.954,0.055,0.087,0.046,0.033,0.056,0.036,0.04,0.952,0.037,0.963,0.03,0.036,0.034,0.406,0.034,0.032,0.032,0.032,0.984,0.972,0.032,0.008,0.052,0.075,0.242,0.239,0.214,0.037,0.208,0.193,0.213,0.038,0.201,0.158,0.189,0.239,0.219,0.198,0.213,0.081,0.21,0.197,0.224,0.211,0.236,0.196,0.002,0.196,0.2,0.19,0.073,0.045,0.984,0.065,0.192,0.193,0.223,0.037,0.984,0.103,0.0,0.221,0.073,0.103,0.193,0.03,0.216,0.032,0.107,0.028,0.105,0.103,0.089,0.028,0.079,0.033,0.095,0.03,0.103,0.107,0.093,0.213,0.108,0.037,0.087,0.097,0.036,0.083,0.083,0.087,0.034,0.218,0.081,0.107,0.085,0.034,0.103,0.103,0.105,0.083,0.083,0.085,0.087,0.093,0.03,0.018,0.097,0.032,1.0,0.032,0.105,0.034,0.032,0.032,0.03,0.085,0.105,0.087,0.202,0.032,0.032,0.103,0.034,0.089,0.975,0.028,0.105,0.087,0.093,0.087,0.107,0.087,0.03,0.032,0.103,0.063,0.087,0.032,0.089,0.103,0.103,0.085,0.085,0.087,0.091,0.981,0.034,0.036,0.103,0.085,0.108,0.108,0.089,0.089,0.103,0.087,0.095,0.087,0.097,0.085,0.091,0.089,0.091,0.087,0.085,0.034,0.034,0.034,0.089,0.034,0.037,0.087,0.037,0.087,0.089,0.091,0.091,0.087,0.034,0.034,0.099,0.085,0.089,0.091,0.089,0.087,0.034,0.037,0.089,0.0,0.085,0.091,0.034
#113 TF_M — WF Unger=2.35 | OOS=1.97,0.862,0.81,0.031,0.134,0.077,0.096,0.847,0.096,0.838,0.844,0.033,0.845,0.027,0.842,0.711,0.698,0.017,0.736,0.734,0.719,0.774,0.033,0.031,0.849,0.011,0.12,0.101,0.042,0.032,0.032,0.111,0.033,0.033,0.033,0.873,0.032,0.099,0.034,0.036,0.034,0.036,0.034,0.099,0.031,0.033,0.036,0.038,0.044,0.038,0.0,0.037,0.036,0.036,0.082,0.031,0.028,0.133,0.036,0.036,0.029,0.879,0.028,0.074,0.0,0.038,0.061,0.071,0.038,0.09,0.033,0.096,0.076,0.094,0.071,0.088,0.084,0.094,0.109,0.752,0.057,0.094,0.08,0.076,0.073,0.034,0.08,0.7,0.082,0.071,0.74,0.059,0.101,0.082,0.099,0.034,0.09,0.086,0.069,0.797,0.099,0.075,0.092,0.119,0.096,0.078,0.09,0.096,0.096,0.017,0.075,0.099,0.032,1.0,0.09,0.109,0.092,0.101,0.088,0.071,0.092,0.098,0.039,0.103,0.723,0.088,0.851,0.109,0.034,0.094,0.09,0.084,0.107,0.099,0.096,0.096,0.751,0.092,0.094,0.171,0.082,0.098,0.101,0.105,0.092,0.103,0.09,0.099,0.107,0.032,0.101,0.105,0.105,0.128,0.094,0.096,0.105,0.109,0.09,0.105,0.122,0.096,0.078,0.084,0.109,0.105,0.126,0.105,0.096,0.101,0.109,0.101,0.099,0.107,0.132,0.086,0.134,0.12,0.141,0.119,0.132,0.08,0.103,0.109,0.09,0.099,0.126,0.126,0.119,0.099,0.111,0.136,0.151,0.0,0.099,0.117,0.111
#114 TF_U — WF Unger=2.34 | OOS=2.51,0.088,0.092,0.103,0.215,0.471,0.342,0.085,0.463,0.08,0.086,0.105,0.09,0.1,0.086,0.089,0.095,0.116,0.094,0.093,0.086,0.096,0.101,0.102,0.097,0.0,0.292,0.269,0.207,0.186,0.185,0.146,0.186,0.187,0.18,0.087,0.185,0.223,0.191,0.196,0.172,0.193,0.192,0.505,0.179,0.186,0.179,0.189,0.195,0.188,0.006,0.191,0.192,0.19,0.516,0.132,0.103,0.015,0.197,0.195,0.197,0.082,0.103,0.916,0.0,0.18,0.485,0.919,0.196,0.109,0.179,0.116,0.872,0.105,0.926,0.848,0.511,0.111,0.504,0.084,0.825,0.117,0.905,0.868,0.89,0.188,0.907,0.091,0.513,0.836,0.095,0.495,0.501,0.511,0.137,0.198,0.503,0.894,0.51,0.097,0.83,0.87,0.989,0.513,0.509,0.495,0.518,0.514,0.139,0.041,0.905,0.136,0.105,0.09,1.0,0.124,0.141,0.13,0.112,0.515,0.99,0.625,0.194,0.129,0.086,0.967,0.102,0.617,0.106,0.113,0.995,0.518,0.508,0.616,0.954,0.626,0.096,0.139,0.897,0.062,0.517,0.131,0.616,0.904,0.881,0.513,0.613,0.643,0.511,0.106,0.13,0.118,0.905,0.51,0.958,0.951,0.621,0.625,0.939,0.627,0.657,0.619,0.924,0.604,0.664,0.627,0.661,0.627,0.529,0.146,0.144,0.144,0.621,0.146,0.158,0.616,0.148,0.627,0.664,0.661,0.663,0.611,0.146,0.144,0.866,0.534,0.647,0.649,0.645,0.621,0.144,0.135,0.665,0.0,0.617,0.659,0.143
#115 TF_U — WF Unger=2.33 | OOS=1.95,0.138,0.127,0.037,0.118,0.077,0.082,0.123,0.105,0.128,0.102,0.041,0.115,0.037,0.106,0.094,0.096,0.0,0.094,0.109,0.097,0.093,0.037,0.037,0.089,0.023,0.097,0.091,0.067,0.057,0.048,0.109,0.049,0.047,0.052,0.13,0.046,0.099,0.044,0.054,0.056,0.052,0.049,0.199,0.045,0.047,0.058,0.044,0.063,0.049,0.0,0.052,0.052,0.044,0.18,0.039,0.034,0.012,0.046,0.046,0.054,0.11,0.032,0.127,0.0,0.052,0.158,0.122,0.045,0.747,0.043,0.755,0.116,0.818,0.125,0.133,0.151,0.832,0.199,0.111,0.111,0.809,0.108,0.113,0.125,0.052,0.115,0.105,0.171,0.109,0.093,0.149,0.162,0.169,0.823,0.055,0.184,0.113,0.157,0.088,0.126,0.12,0.124,0.181,0.182,0.154,0.175,0.171,0.794,0.025,0.11,0.815,0.034,0.109,0.124,1.0,0.787,0.848,0.773,0.165,0.126,0.193,0.052,0.83,0.081,0.12,0.089,0.19,0.038,0.765,0.124,0.174,0.177,0.19,0.132,0.193,0.096,0.783,0.135,0.016,0.168,0.807,0.189,0.136,0.132,0.178,0.186,0.201,0.182,0.037,0.849,0.868,0.142,0.204,0.132,0.134,0.213,0.217,0.119,0.221,0.217,0.188,0.121,0.181,0.202,0.221,0.206,0.221,0.2,0.868,0.881,0.854,0.213,0.86,0.984,0.188,0.981,0.216,0.219,0.217,0.221,0.182,0.85,0.87,0.131,0.194,0.232,0.231,0.227,0.212,0.864,0.955,0.22,0.0,0.213,0.216,0.876
#116 TF_U — WF Unger=2.33 | OOS=2.98,0.097,0.103,0.035,0.106,0.057,0.062,0.103,0.096,0.109,0.088,0.037,0.087,0.033,0.093,0.08,0.083,0.0,0.084,0.084,0.079,0.086,0.033,0.033,0.078,0.015,0.097,0.091,0.06,0.05,0.048,0.088,0.049,0.05,0.052,0.089,0.048,0.083,0.047,0.054,0.06,0.049,0.046,0.164,0.045,0.047,0.058,0.047,0.053,0.049,0.0,0.047,0.047,0.046,0.164,0.042,0.034,0.015,0.048,0.048,0.051,0.091,0.032,0.129,0.0,0.052,0.161,0.131,0.047,0.76,0.05,0.772,0.126,0.861,0.125,0.127,0.164,0.851,0.171,0.088,0.132,0.841,0.115,0.128,0.132,0.052,0.12,0.084,0.161,0.132,0.087,0.153,0.167,0.158,0.973,0.055,0.168,0.124,0.154,0.078,0.123,0.129,0.14,0.166,0.166,0.166,0.17,0.165,0.994,0.03,0.116,0.986,0.032,0.092,0.141,0.787,1.0,0.981,0.855,0.17,0.14,0.199,0.047,0.984,0.073,0.138,0.081,0.202,0.036,0.832,0.141,0.178,0.164,0.198,0.149,0.202,0.077,0.992,0.146,0.014,0.166,0.988,0.203,0.147,0.145,0.163,0.198,0.208,0.167,0.034,0.974,0.82,0.154,0.177,0.15,0.149,0.208,0.211,0.136,0.211,0.213,0.199,0.14,0.198,0.205,0.212,0.209,0.212,0.181,0.919,0.922,0.915,0.207,0.916,0.946,0.2,0.955,0.213,0.211,0.214,0.218,0.199,0.915,0.917,0.145,0.177,0.22,0.22,0.216,0.204,0.904,0.867,0.214,0.0,0.207,0.212,0.912
#117 TF_U — WF Unger=2.33 | OOS=2.15,0.114,0.12,0.035,0.115,0.065,0.073,0.115,0.103,0.123,0.102,0.039,0.104,0.035,0.104,0.089,0.095,0.0,0.092,0.095,0.086,0.093,0.035,0.035,0.078,0.019,0.109,0.104,0.06,0.05,0.051,0.098,0.052,0.052,0.056,0.106,0.051,0.095,0.049,0.057,0.06,0.049,0.046,0.176,0.048,0.05,0.058,0.05,0.053,0.052,0.0,0.047,0.047,0.049,0.183,0.051,0.034,0.012,0.048,0.048,0.054,0.105,0.032,0.135,0.0,0.052,0.173,0.138,0.047,0.866,0.053,0.871,0.128,0.943,0.132,0.13,0.178,0.932,0.186,0.098,0.134,0.944,0.116,0.129,0.134,0.056,0.125,0.093,0.172,0.134,0.098,0.164,0.181,0.169,0.972,0.055,0.178,0.125,0.167,0.083,0.125,0.132,0.129,0.178,0.176,0.175,0.181,0.173,0.981,0.029,0.12,0.985,0.032,0.101,0.13,0.848,0.981,1.0,0.909,0.175,0.129,0.193,0.047,0.985,0.083,0.131,0.08,0.197,0.036,0.924,0.13,0.193,0.176,0.191,0.137,0.193,0.086,0.978,0.134,0.012,0.173,0.976,0.198,0.136,0.133,0.174,0.191,0.2,0.175,0.034,0.985,0.901,0.142,0.179,0.137,0.137,0.198,0.202,0.129,0.204,0.206,0.189,0.134,0.186,0.198,0.204,0.203,0.205,0.175,0.89,0.926,0.873,0.198,0.889,0.921,0.19,0.936,0.203,0.202,0.205,0.211,0.185,0.875,0.909,0.133,0.173,0.215,0.21,0.209,0.197,0.9,0.867,0.205,0.0,0.199,0.203,0.908
#118 TF_U — WF Unger=2.26 | OOS=1.84,0.1,0.101,0.033,0.093,0.052,0.055,0.093,0.085,0.107,0.086,0.035,0.087,0.031,0.091,0.076,0.074,0.0,0.076,0.08,0.069,0.082,0.031,0.031,0.08,0.008,0.071,0.071,0.049,0.036,0.032,0.084,0.036,0.036,0.036,0.095,0.035,0.094,0.034,0.043,0.041,0.036,0.034,0.146,0.027,0.036,0.039,0.032,0.041,0.035,0.0,0.037,0.036,0.033,0.145,0.037,0.034,0.015,0.034,0.034,0.032,0.091,0.03,0.104,0.0,0.035,0.148,0.107,0.033,0.726,0.03,0.755,0.106,0.844,0.102,0.1,0.148,0.816,0.153,0.088,0.107,0.804,0.092,0.101,0.1,0.04,0.089,0.077,0.16,0.111,0.075,0.15,0.151,0.16,0.863,0.04,0.144,0.097,0.153,0.08,0.109,0.101,0.113,0.147,0.154,0.165,0.163,0.166,0.855,0.026,0.091,0.864,0.03,0.088,0.112,0.773,0.855,0.909,1.0,0.156,0.113,0.177,0.036,0.908,0.068,0.113,0.08,0.181,0.034,0.947,0.112,0.154,0.163,0.174,0.121,0.178,0.071,0.852,0.13,0.01,0.157,0.917,0.181,0.13,0.13,0.157,0.174,0.186,0.166,0.032,0.909,0.822,0.136,0.171,0.119,0.121,0.199,0.199,0.112,0.199,0.192,0.172,0.116,0.174,0.181,0.198,0.189,0.201,0.175,0.917,0.94,0.902,0.198,0.937,0.924,0.174,0.929,0.202,0.195,0.19,0.196,0.172,0.914,0.937,0.133,0.174,0.213,0.205,0.205,0.198,0.914,0.875,0.198,0.0,0.201,0.187,0.924
#119 TF_U — WF Unger=2.26 | OOS=1.87,0.091,0.08,0.09,0.163,0.27,0.189,0.09,0.309,0.087,0.079,0.087,0.087,0.08,0.082,0.069,0.069,0.067,0.062,0.082,0.062,0.065,0.082,0.08,0.068,0.0,0.191,0.179,0.151,0.136,0.134,0.149,0.117,0.129,0.128,0.084,0.129,0.19,0.129,0.146,0.129,0.126,0.113,0.682,0.134,0.131,0.127,0.132,0.142,0.13,0.007,0.126,0.127,0.128,0.723,0.07,0.083,0.015,0.122,0.12,0.137,0.079,0.083,0.536,0.0,0.131,0.745,0.551,0.12,0.148,0.133,0.151,0.559,0.163,0.534,0.477,0.736,0.166,0.673,0.072,0.561,0.168,0.517,0.562,0.508,0.13,0.511,0.074,0.896,0.531,0.067,0.888,0.709,0.904,0.175,0.126,0.705,0.489,0.914,0.065,0.489,0.591,0.517,0.661,0.701,0.85,0.94,0.893,0.173,0.025,0.52,0.173,0.085,0.071,0.515,0.165,0.17,0.175,0.156,1.0,0.518,0.821,0.129,0.17,0.068,0.514,0.068,0.831,0.088,0.158,0.515,0.789,0.745,0.821,0.528,0.831,0.067,0.166,0.543,0.047,0.958,0.166,0.831,0.547,0.546,0.727,0.82,0.837,0.735,0.086,0.176,0.163,0.551,0.734,0.526,0.529,0.855,0.856,0.508,0.861,0.841,0.832,0.496,0.821,0.835,0.855,0.837,0.85,0.823,0.187,0.191,0.188,0.853,0.19,0.198,0.834,0.197,0.857,0.855,0.841,0.843,0.838,0.19,0.19,0.539,0.832,0.846,0.853,0.859,0.86,0.187,0.186,0.859,0.0,0.848,0.83,0.187
#120 TF_U — WF Unger=2.25 | OOS=1.60,0.091,0.094,0.103,0.217,0.474,0.344,0.088,0.47,0.082,0.088,0.105,0.09,0.1,0.089,0.09,0.096,0.116,0.096,0.093,0.088,0.097,0.101,0.102,0.098,0.0,0.296,0.273,0.207,0.186,0.188,0.146,0.189,0.187,0.184,0.089,0.185,0.223,0.191,0.2,0.172,0.193,0.192,0.508,0.182,0.186,0.179,0.192,0.195,0.188,0.006,0.191,0.192,0.19,0.516,0.144,0.103,0.015,0.197,0.195,0.197,0.084,0.103,0.918,0.0,0.18,0.488,0.916,0.196,0.112,0.179,0.119,0.878,0.105,0.926,0.859,0.513,0.113,0.512,0.086,0.83,0.116,0.907,0.879,0.89,0.188,0.922,0.093,0.519,0.84,0.096,0.501,0.504,0.517,0.135,0.198,0.503,0.9,0.516,0.099,0.839,0.867,0.988,0.517,0.512,0.495,0.52,0.515,0.138,0.044,0.905,0.134,0.105,0.092,0.99,0.126,0.14,0.129,0.113,0.518,1.0,0.626,0.194,0.128,0.088,0.959,0.103,0.617,0.106,0.113,0.99,0.519,0.511,0.617,0.955,0.617,0.096,0.138,0.897,0.064,0.52,0.13,0.614,0.907,0.884,0.514,0.614,0.634,0.515,0.106,0.129,0.12,0.908,0.518,0.947,0.959,0.624,0.628,0.942,0.632,0.659,0.61,0.927,0.605,0.656,0.633,0.661,0.632,0.529,0.147,0.145,0.146,0.627,0.147,0.158,0.608,0.15,0.63,0.669,0.656,0.665,0.603,0.147,0.146,0.868,0.533,0.652,0.654,0.65,0.626,0.145,0.136,0.67,0.0,0.622,0.656,0.144
#121 TF_U — WF Unger=2.23 | OOS=1.90,0.12,0.11,0.09,0.19,0.328,0.23,0.11,0.362,0.114,0.095,0.092,0.107,0.082,0.102,0.09,0.098,0.067,0.092,0.105,0.094,0.093,0.084,0.082,0.088,0.0,0.251,0.231,0.168,0.157,0.157,0.172,0.147,0.152,0.154,0.108,0.147,0.205,0.155,0.164,0.147,0.144,0.14,0.813,0.155,0.15,0.148,0.158,0.154,0.149,0.009,0.141,0.143,0.151,0.858,0.113,0.085,0.034,0.146,0.142,0.159,0.096,0.085,0.632,0.0,0.145,0.831,0.631,0.144,0.174,0.153,0.18,0.613,0.183,0.623,0.581,0.843,0.188,0.808,0.096,0.596,0.194,0.602,0.609,0.593,0.157,0.605,0.102,0.884,0.59,0.093,0.835,0.83,0.872,0.203,0.152,0.838,0.593,0.856,0.091,0.564,0.598,0.624,0.805,0.829,0.812,0.856,0.843,0.201,0.035,0.603,0.201,0.087,0.098,0.625,0.193,0.199,0.193,0.177,0.821,0.626,1.0,0.145,0.193,0.098,0.635,0.089,0.961,0.09,0.18,0.624,0.873,0.836,0.988,0.597,0.983,0.09,0.196,0.531,0.058,0.835,0.186,0.947,0.542,0.533,0.83,0.973,0.957,0.826,0.088,0.194,0.19,0.543,0.786,0.597,0.6,0.842,0.852,0.625,0.853,0.924,0.972,0.617,0.964,0.947,0.862,0.938,0.845,0.814,0.195,0.191,0.198,0.848,0.197,0.2,0.956,0.198,0.841,0.864,0.92,0.916,0.948,0.198,0.194,0.527,0.814,0.848,0.863,0.854,0.838,0.194,0.19,0.864,0.0,0.827,0.914,0.193
#122 BO — WF Unger=2.21 | OOS=3.42,0.026,0.031,0.181,0.088,0.137,0.129,0.026,0.111,0.028,0.028,0.183,0.028,0.199,0.034,0.036,0.039,0.163,0.044,0.026,0.044,0.047,0.199,0.196,0.072,0.0,0.15,0.159,0.947,0.95,0.837,0.039,0.847,0.882,0.852,0.027,0.855,0.093,0.827,0.843,0.947,0.992,0.939,0.116,0.856,0.886,0.936,0.842,0.921,0.878,0.008,0.99,0.995,0.827,0.103,0.056,0.202,0.18,0.979,0.977,0.825,0.023,0.202,0.116,0.009,0.922,0.106,0.127,0.979,0.049,0.87,0.052,0.171,0.036,0.116,0.137,0.114,0.036,0.121,0.026,0.155,0.047,0.145,0.168,0.124,0.883,0.147,0.026,0.142,0.165,0.044,0.127,0.116,0.142,0.049,0.96,0.116,0.165,0.137,0.062,0.178,0.163,0.196,0.134,0.132,0.132,0.134,0.145,0.047,0.067,0.14,0.047,0.202,0.039,0.194,0.052,0.047,0.047,0.036,0.129,0.194,0.145,1.0,0.044,0.041,0.183,0.07,0.142,0.178,0.044,0.194,0.116,0.145,0.145,0.202,0.147,0.039,0.047,0.227,0.181,0.137,0.044,0.145,0.243,0.227,0.145,0.142,0.152,0.145,0.181,0.049,0.044,0.243,0.132,0.202,0.202,0.209,0.212,0.181,0.212,0.173,0.147,0.181,0.14,0.163,0.212,0.16,0.212,0.155,0.057,0.057,0.057,0.209,0.057,0.059,0.152,0.057,0.212,0.238,0.176,0.176,0.152,0.057,0.057,0.225,0.155,0.214,0.217,0.214,0.209,0.054,0.057,0.238,0.0,0.209,0.176,0.054
#123 TF_U — WF Unger=2.19 | OOS=2.24,0.117,0.12,0.033,0.109,0.062,0.068,0.118,0.101,0.126,0.102,0.037,0.104,0.033,0.106,0.09,0.095,0.0,0.094,0.098,0.088,0.094,0.033,0.033,0.082,0.019,0.097,0.094,0.053,0.046,0.048,0.095,0.052,0.05,0.052,0.108,0.048,0.092,0.047,0.054,0.053,0.044,0.043,0.17,0.048,0.05,0.052,0.047,0.047,0.049,0.0,0.045,0.044,0.046,0.178,0.045,0.036,0.015,0.043,0.043,0.051,0.105,0.032,0.127,0.0,0.047,0.161,0.131,0.042,0.818,0.05,0.825,0.123,0.943,0.125,0.124,0.169,0.926,0.178,0.1,0.129,0.916,0.111,0.125,0.131,0.056,0.12,0.095,0.165,0.129,0.098,0.154,0.173,0.162,0.977,0.049,0.175,0.121,0.158,0.085,0.12,0.127,0.128,0.172,0.172,0.166,0.175,0.166,0.986,0.03,0.115,0.994,0.032,0.103,0.129,0.83,0.984,0.985,0.908,0.17,0.128,0.193,0.044,1.0,0.083,0.128,0.084,0.195,0.036,0.876,0.129,0.186,0.168,0.191,0.137,0.196,0.088,0.982,0.134,0.012,0.169,0.99,0.196,0.135,0.133,0.17,0.19,0.202,0.173,0.034,0.98,0.885,0.141,0.173,0.138,0.137,0.2,0.204,0.125,0.205,0.206,0.193,0.131,0.187,0.2,0.205,0.201,0.206,0.178,0.91,0.921,0.891,0.199,0.911,0.933,0.193,0.951,0.204,0.202,0.209,0.21,0.188,0.893,0.911,0.133,0.177,0.216,0.211,0.21,0.198,0.896,0.866,0.205,0.0,0.2,0.206,0.907
#124 TF_M — WF Unger=2.18 | OOS=2.93,0.827,0.761,0.035,0.129,0.084,0.103,0.807,0.101,0.785,0.795,0.037,0.854,0.029,0.775,0.696,0.68,0.017,0.669,0.818,0.678,0.737,0.033,0.031,0.857,0.008,0.109,0.091,0.042,0.036,0.032,0.102,0.033,0.033,0.033,0.797,0.032,0.083,0.034,0.036,0.038,0.039,0.037,0.081,0.031,0.033,0.036,0.035,0.038,0.035,0.0,0.039,0.039,0.036,0.074,0.034,0.03,0.173,0.038,0.039,0.025,0.794,0.03,0.065,0.0,0.041,0.062,0.066,0.04,0.07,0.033,0.07,0.067,0.068,0.06,0.068,0.081,0.072,0.091,0.756,0.059,0.075,0.069,0.065,0.061,0.034,0.065,0.791,0.08,0.067,0.691,0.06,0.085,0.078,0.08,0.037,0.075,0.072,0.068,0.828,0.093,0.065,0.088,0.094,0.088,0.081,0.086,0.093,0.076,0.02,0.065,0.08,0.032,0.723,0.086,0.081,0.073,0.083,0.068,0.068,0.088,0.098,0.041,0.083,1.0,0.085,0.865,0.107,0.036,0.073,0.086,0.08,0.101,0.099,0.099,0.098,0.719,0.073,0.109,0.157,0.076,0.078,0.102,0.122,0.109,0.094,0.093,0.098,0.098,0.034,0.083,0.083,0.124,0.101,0.098,0.099,0.104,0.107,0.086,0.106,0.114,0.098,0.081,0.088,0.102,0.106,0.115,0.106,0.089,0.085,0.089,0.085,0.099,0.089,0.106,0.091,0.107,0.117,0.137,0.112,0.122,0.086,0.086,0.091,0.107,0.093,0.124,0.124,0.114,0.099,0.091,0.106,0.145,0.0,0.099,0.111,0.091
#125 TF_U — WF Unger=2.18 | OOS=2.48,0.088,0.092,0.101,0.21,0.454,0.321,0.085,0.441,0.08,0.086,0.103,0.09,0.098,0.086,0.087,0.093,0.114,0.091,0.089,0.085,0.091,0.099,0.1,0.095,0.0,0.277,0.256,0.196,0.179,0.173,0.142,0.176,0.176,0.17,0.087,0.174,0.22,0.183,0.182,0.166,0.183,0.183,0.489,0.168,0.175,0.17,0.177,0.186,0.177,0.004,0.181,0.182,0.182,0.507,0.132,0.101,0.015,0.189,0.188,0.188,0.082,0.101,0.888,0.0,0.172,0.488,0.905,0.189,0.109,0.169,0.116,0.871,0.105,0.891,0.818,0.511,0.108,0.49,0.082,0.819,0.116,0.871,0.869,0.859,0.179,0.871,0.088,0.511,0.826,0.092,0.492,0.5,0.508,0.134,0.19,0.496,0.857,0.506,0.094,0.8,0.871,0.959,0.498,0.498,0.491,0.516,0.51,0.136,0.04,0.87,0.133,0.103,0.088,0.967,0.12,0.138,0.131,0.113,0.514,0.959,0.635,0.183,0.128,0.085,1.0,0.097,0.627,0.104,0.112,0.961,0.518,0.497,0.627,0.932,0.639,0.09,0.137,0.881,0.06,0.516,0.129,0.622,0.894,0.879,0.504,0.621,0.642,0.502,0.103,0.129,0.115,0.897,0.499,0.932,0.927,0.621,0.623,0.966,0.626,0.645,0.632,0.944,0.612,0.647,0.626,0.647,0.626,0.517,0.147,0.145,0.145,0.621,0.147,0.155,0.627,0.147,0.627,0.663,0.647,0.653,0.622,0.147,0.145,0.866,0.523,0.64,0.642,0.638,0.621,0.145,0.133,0.664,0.0,0.617,0.645,0.144
#126 TF_M — WF Unger=2.18 | OOS=4.37,0.886,0.906,0.033,0.158,0.099,0.123,0.87,0.121,0.893,0.881,0.039,0.859,0.029,0.851,0.857,0.88,0.025,0.864,0.891,0.872,0.876,0.037,0.035,0.96,0.008,0.142,0.12,0.07,0.057,0.061,0.111,0.062,0.066,0.062,0.9,0.064,0.082,0.067,0.057,0.066,0.067,0.061,0.092,0.062,0.067,0.067,0.066,0.069,0.071,0.0,0.068,0.068,0.074,0.083,0.048,0.032,0.204,0.072,0.072,0.054,0.888,0.032,0.096,0.0,0.07,0.07,0.088,0.075,0.077,0.063,0.079,0.088,0.081,0.091,0.105,0.081,0.089,0.1,0.875,0.073,0.083,0.095,0.082,0.09,0.062,0.096,0.874,0.07,0.081,0.904,0.057,0.083,0.068,0.084,0.06,0.078,0.095,0.061,0.878,0.111,0.084,0.103,0.1,0.085,0.072,0.08,0.078,0.084,0.034,0.09,0.084,0.034,0.851,0.102,0.089,0.081,0.08,0.08,0.068,0.103,0.089,0.07,0.084,0.865,0.097,1.0,0.096,0.038,0.078,0.102,0.08,0.09,0.09,0.111,0.089,0.841,0.081,0.119,0.178,0.074,0.082,0.091,0.131,0.117,0.087,0.084,0.092,0.09,0.037,0.079,0.093,0.138,0.095,0.11,0.111,0.097,0.098,0.098,0.097,0.106,0.089,0.09,0.082,0.099,0.097,0.108,0.097,0.083,0.081,0.085,0.081,0.093,0.084,0.102,0.083,0.105,0.106,0.133,0.105,0.112,0.081,0.082,0.085,0.115,0.084,0.115,0.115,0.107,0.093,0.086,0.1,0.139,0.0,0.094,0.104,0.086
#127 TF_U — WF Unger=2.17 | OOS=1.88,0.132,0.12,0.092,0.195,0.33,0.237,0.123,0.374,0.123,0.109,0.094,0.124,0.084,0.114,0.098,0.105,0.062,0.103,0.116,0.103,0.103,0.086,0.084,0.096,0.0,0.266,0.244,0.165,0.154,0.153,0.181,0.143,0.149,0.148,0.119,0.145,0.208,0.152,0.161,0.144,0.142,0.137,0.813,0.151,0.147,0.145,0.155,0.151,0.147,0.012,0.139,0.14,0.151,0.851,0.121,0.087,0.034,0.144,0.14,0.156,0.11,0.085,0.63,0.0,0.142,0.822,0.633,0.144,0.18,0.15,0.185,0.622,0.19,0.623,0.581,0.877,0.193,0.811,0.105,0.601,0.201,0.601,0.603,0.592,0.154,0.599,0.112,0.857,0.59,0.104,0.821,0.847,0.854,0.204,0.149,0.833,0.591,0.841,0.099,0.564,0.598,0.627,0.806,0.826,0.84,0.853,0.877,0.203,0.034,0.603,0.204,0.089,0.109,0.617,0.19,0.202,0.197,0.181,0.831,0.617,0.961,0.142,0.195,0.107,0.627,0.096,1.0,0.092,0.182,0.617,0.87,0.851,0.972,0.599,0.957,0.101,0.199,0.525,0.06,0.844,0.188,0.984,0.54,0.527,0.826,0.956,0.934,0.825,0.091,0.197,0.191,0.54,0.793,0.593,0.592,0.848,0.857,0.631,0.841,0.93,0.968,0.621,0.947,0.925,0.847,0.938,0.835,0.812,0.201,0.196,0.204,0.835,0.202,0.2,0.951,0.198,0.842,0.86,0.904,0.916,0.943,0.203,0.199,0.523,0.813,0.842,0.851,0.844,0.828,0.197,0.193,0.862,0.0,0.816,0.898,0.196
#128 TF_M — WF Unger=2.16 | OOS=3.63,0.038,0.038,0.881,0.059,0.082,0.043,0.033,0.052,0.036,0.037,0.874,0.037,0.95,0.032,0.036,0.038,0.366,0.038,0.03,0.036,0.036,0.973,0.962,0.036,0.008,0.049,0.062,0.228,0.225,0.201,0.043,0.189,0.179,0.2,0.038,0.188,0.171,0.173,0.232,0.201,0.175,0.186,0.081,0.196,0.183,0.203,0.199,0.22,0.182,0.002,0.173,0.177,0.174,0.077,0.045,0.971,0.05,0.168,0.169,0.217,0.033,0.968,0.104,0.0,0.201,0.077,0.104,0.17,0.034,0.203,0.036,0.106,0.032,0.106,0.106,0.092,0.032,0.081,0.034,0.097,0.034,0.104,0.106,0.092,0.198,0.108,0.035,0.09,0.099,0.041,0.088,0.086,0.09,0.038,0.195,0.081,0.108,0.088,0.038,0.104,0.104,0.106,0.083,0.083,0.088,0.09,0.095,0.034,0.02,0.097,0.036,0.975,0.034,0.106,0.038,0.036,0.036,0.034,0.088,0.106,0.09,0.178,0.036,0.036,0.104,0.038,0.092,1.0,0.032,0.106,0.088,0.092,0.09,0.108,0.09,0.032,0.036,0.104,0.061,0.09,0.036,0.092,0.104,0.104,0.083,0.088,0.088,0.09,0.989,0.038,0.041,0.104,0.083,0.11,0.11,0.092,0.092,0.104,0.09,0.095,0.09,0.099,0.088,0.09,0.092,0.09,0.09,0.086,0.038,0.038,0.038,0.092,0.038,0.043,0.09,0.043,0.09,0.09,0.09,0.09,0.09,0.038,0.038,0.101,0.086,0.088,0.09,0.088,0.09,0.038,0.043,0.09,0.0,0.09,0.09,0.038
#129 TF_U — WF Unger=2.16 | OOS=1.71,0.109,0.106,0.033,0.102,0.06,0.064,0.103,0.089,0.109,0.095,0.035,0.099,0.031,0.099,0.083,0.081,0.0,0.077,0.089,0.074,0.079,0.031,0.031,0.079,0.011,0.09,0.088,0.063,0.046,0.038,0.093,0.039,0.041,0.043,0.103,0.04,0.095,0.039,0.05,0.053,0.046,0.043,0.151,0.034,0.039,0.052,0.038,0.053,0.041,0.0,0.045,0.044,0.038,0.161,0.039,0.03,0.015,0.043,0.043,0.038,0.1,0.028,0.114,0.0,0.047,0.161,0.116,0.042,0.806,0.04,0.822,0.108,0.844,0.109,0.107,0.161,0.84,0.159,0.092,0.113,0.856,0.098,0.104,0.103,0.043,0.101,0.081,0.161,0.112,0.078,0.154,0.158,0.161,0.84,0.052,0.144,0.103,0.157,0.076,0.105,0.109,0.113,0.149,0.151,0.17,0.163,0.168,0.836,0.023,0.101,0.843,0.028,0.094,0.113,0.765,0.832,0.924,0.947,0.158,0.113,0.18,0.044,0.876,0.073,0.112,0.078,0.182,0.032,1.0,0.113,0.161,0.165,0.177,0.117,0.18,0.079,0.827,0.124,0.012,0.161,0.877,0.187,0.123,0.123,0.154,0.18,0.187,0.16,0.03,0.917,0.796,0.127,0.168,0.117,0.117,0.197,0.197,0.11,0.197,0.19,0.174,0.116,0.178,0.182,0.197,0.19,0.198,0.168,0.89,0.943,0.877,0.195,0.904,0.914,0.178,0.917,0.201,0.185,0.188,0.195,0.175,0.887,0.928,0.126,0.168,0.205,0.199,0.199,0.194,0.918,0.885,0.191,0.0,0.197,0.185,0.925
#130 TF_U — WF Unger=2.16 | OOS=1.84,0.088,0.092,0.103,0.215,0.471,0.342,0.085,0.463,0.08,0.086,0.105,0.09,0.1,0.086,0.089,0.095,0.116,0.094,0.093,0.086,0.096,0.101,0.102,0.098,0.0,0.292,0.269,0.207,0.186,0.185,0.144,0.186,0.187,0.18,0.087,0.185,0.221,0.191,0.196,0.172,0.193,0.192,0.503,0.179,0.186,0.179,0.189,0.195,0.188,0.006,0.191,0.192,0.19,0.514,0.132,0.103,0.015,0.197,0.195,0.197,0.082,0.103,0.916,0.0,0.18,0.485,0.912,0.196,0.109,0.179,0.116,0.871,0.105,0.919,0.848,0.511,0.111,0.503,0.084,0.824,0.117,0.91,0.866,0.89,0.188,0.906,0.091,0.512,0.834,0.095,0.494,0.5,0.51,0.137,0.198,0.503,0.893,0.509,0.097,0.829,0.864,0.989,0.512,0.507,0.497,0.518,0.513,0.139,0.041,0.91,0.136,0.105,0.09,0.995,0.124,0.141,0.13,0.112,0.515,0.99,0.624,0.194,0.129,0.086,0.961,0.102,0.617,0.106,0.113,1.0,0.518,0.507,0.616,0.954,0.625,0.096,0.139,0.894,0.062,0.517,0.131,0.617,0.904,0.883,0.513,0.613,0.642,0.511,0.106,0.13,0.118,0.905,0.509,0.954,0.951,0.62,0.624,0.938,0.628,0.657,0.618,0.923,0.605,0.664,0.627,0.66,0.628,0.529,0.146,0.145,0.145,0.62,0.146,0.158,0.617,0.148,0.627,0.664,0.66,0.663,0.612,0.146,0.145,0.866,0.534,0.647,0.648,0.646,0.622,0.145,0.135,0.665,0.0,0.618,0.66,0.143
#131 TF_U — WF Unger=2.14 | OOS=1.42,0.109,0.101,0.088,0.179,0.28,0.196,0.103,0.32,0.104,0.093,0.09,0.107,0.082,0.095,0.08,0.083,0.062,0.076,0.093,0.074,0.078,0.084,0.082,0.078,0.0,0.225,0.208,0.151,0.129,0.137,0.158,0.124,0.129,0.131,0.098,0.129,0.208,0.129,0.15,0.125,0.116,0.11,0.732,0.134,0.128,0.133,0.136,0.138,0.128,0.006,0.113,0.114,0.128,0.817,0.087,0.085,0.019,0.118,0.111,0.14,0.096,0.085,0.589,0.0,0.125,0.718,0.631,0.113,0.163,0.133,0.168,0.49,0.179,0.589,0.493,0.744,0.184,0.732,0.084,0.467,0.177,0.532,0.5,0.542,0.136,0.548,0.086,0.853,0.461,0.079,0.748,0.83,0.835,0.19,0.124,0.807,0.501,0.798,0.074,0.513,0.508,0.519,0.752,0.804,0.736,0.872,0.835,0.181,0.024,0.532,0.189,0.087,0.084,0.518,0.174,0.178,0.193,0.154,0.789,0.519,0.873,0.116,0.186,0.08,0.518,0.08,0.87,0.088,0.161,0.518,1.0,0.86,0.864,0.528,0.878,0.082,0.174,0.532,0.047,0.823,0.173,0.857,0.535,0.537,0.842,0.844,0.909,0.854,0.086,0.195,0.183,0.537,0.847,0.528,0.529,0.894,0.9,0.519,0.909,0.894,0.866,0.501,0.83,0.904,0.901,0.898,0.894,0.839,0.198,0.201,0.198,0.892,0.201,0.208,0.848,0.202,0.9,0.898,0.901,0.898,0.836,0.199,0.201,0.531,0.851,0.903,0.912,0.919,0.898,0.196,0.201,0.903,0.0,0.879,0.886,0.198
#132 TF_U — WF Unger=2.13 | OOS=1.11,0.123,0.124,0.092,0.19,0.32,0.232,0.123,0.36,0.121,0.107,0.094,0.121,0.088,0.112,0.092,0.098,0.067,0.096,0.116,0.094,0.097,0.09,0.088,0.088,0.0,0.255,0.234,0.165,0.146,0.147,0.167,0.13,0.143,0.141,0.114,0.142,0.198,0.145,0.157,0.138,0.144,0.134,0.802,0.148,0.142,0.152,0.155,0.154,0.141,0.012,0.141,0.143,0.146,0.865,0.115,0.091,0.031,0.144,0.137,0.153,0.11,0.089,0.616,0.0,0.145,0.807,0.603,0.142,0.166,0.143,0.172,0.555,0.18,0.611,0.535,0.871,0.185,0.799,0.102,0.531,0.189,0.597,0.544,0.568,0.142,0.591,0.107,0.792,0.516,0.096,0.744,0.802,0.78,0.172,0.147,0.823,0.576,0.762,0.091,0.508,0.537,0.517,0.783,0.841,0.769,0.777,0.822,0.166,0.033,0.603,0.171,0.093,0.107,0.508,0.177,0.164,0.176,0.163,0.745,0.511,0.836,0.145,0.168,0.101,0.497,0.09,0.851,0.092,0.165,0.507,0.86,1.0,0.825,0.525,0.817,0.101,0.161,0.52,0.066,0.759,0.157,0.833,0.522,0.518,0.845,0.804,0.843,0.83,0.091,0.18,0.184,0.526,0.795,0.515,0.518,0.878,0.887,0.497,0.871,0.907,0.804,0.482,0.79,0.876,0.879,0.884,0.864,0.801,0.18,0.181,0.18,0.864,0.182,0.194,0.786,0.19,0.866,0.885,0.873,0.884,0.773,0.181,0.182,0.513,0.813,0.889,0.902,0.898,0.855,0.181,0.19,0.887,0.0,0.841,0.864,0.182
#133 TF_U — WF Unger=2.09 | OOS=1.80,0.123,0.113,0.09,0.19,0.323,0.23,0.113,0.365,0.116,0.098,0.092,0.11,0.082,0.104,0.092,0.1,0.062,0.094,0.107,0.096,0.094,0.084,0.082,0.09,0.0,0.255,0.234,0.168,0.157,0.157,0.172,0.147,0.152,0.154,0.111,0.147,0.204,0.155,0.164,0.147,0.144,0.14,0.805,0.155,0.15,0.148,0.158,0.154,0.149,0.01,0.141,0.143,0.151,0.849,0.113,0.085,0.034,0.146,0.142,0.159,0.098,0.085,0.624,0.0,0.145,0.829,0.628,0.144,0.173,0.153,0.178,0.607,0.182,0.615,0.575,0.843,0.187,0.801,0.098,0.593,0.192,0.596,0.603,0.588,0.157,0.599,0.105,0.874,0.584,0.095,0.836,0.823,0.872,0.199,0.152,0.829,0.584,0.858,0.092,0.558,0.594,0.615,0.797,0.821,0.811,0.846,0.84,0.199,0.035,0.6,0.2,0.087,0.099,0.616,0.19,0.198,0.191,0.174,0.821,0.617,0.988,0.145,0.191,0.099,0.627,0.09,0.972,0.09,0.177,0.616,0.864,0.825,1.0,0.589,0.966,0.092,0.195,0.528,0.06,0.834,0.185,0.954,0.539,0.53,0.822,0.982,0.948,0.816,0.088,0.191,0.188,0.541,0.777,0.589,0.592,0.839,0.848,0.625,0.845,0.917,0.981,0.616,0.973,0.939,0.855,0.931,0.838,0.804,0.194,0.19,0.197,0.845,0.196,0.198,0.964,0.195,0.838,0.859,0.914,0.909,0.956,0.197,0.193,0.523,0.803,0.843,0.858,0.848,0.835,0.193,0.187,0.859,0.0,0.823,0.907,0.192
#134 TF_U — WF Unger=2.08 | OOS=2.54,0.091,0.096,0.105,0.215,0.476,0.342,0.09,0.472,0.087,0.093,0.107,0.099,0.102,0.095,0.092,0.098,0.121,0.103,0.102,0.1,0.105,0.103,0.104,0.107,0.0,0.296,0.273,0.214,0.193,0.192,0.149,0.192,0.193,0.184,0.089,0.19,0.226,0.196,0.204,0.185,0.201,0.201,0.519,0.186,0.192,0.191,0.196,0.201,0.193,0.007,0.199,0.2,0.197,0.531,0.138,0.105,0.015,0.206,0.205,0.204,0.089,0.105,0.924,0.0,0.192,0.497,0.921,0.208,0.114,0.186,0.12,0.892,0.113,0.923,0.885,0.526,0.118,0.529,0.09,0.844,0.12,0.912,0.875,0.936,0.194,0.911,0.102,0.526,0.853,0.1,0.508,0.51,0.525,0.144,0.207,0.522,0.903,0.523,0.115,0.88,0.87,0.964,0.528,0.532,0.507,0.53,0.531,0.147,0.044,0.912,0.143,0.107,0.096,0.954,0.132,0.149,0.137,0.121,0.528,0.955,0.597,0.202,0.137,0.099,0.932,0.111,0.599,0.108,0.117,0.954,0.528,0.525,0.589,1.0,0.591,0.099,0.147,0.899,0.066,0.529,0.139,0.594,0.921,0.887,0.534,0.584,0.606,0.535,0.108,0.135,0.126,0.929,0.537,0.986,0.985,0.629,0.631,0.929,0.63,0.682,0.584,0.913,0.576,0.623,0.63,0.635,0.63,0.551,0.154,0.152,0.154,0.626,0.156,0.164,0.581,0.157,0.63,0.68,0.669,0.682,0.576,0.156,0.154,0.876,0.55,0.661,0.662,0.646,0.626,0.152,0.141,0.681,0.0,0.622,0.669,0.151
#135 TF_U — WF Unger=2.08 | OOS=2.29,0.117,0.108,0.09,0.188,0.33,0.232,0.108,0.362,0.111,0.095,0.092,0.11,0.082,0.102,0.089,0.096,0.069,0.091,0.105,0.093,0.091,0.084,0.082,0.088,0.0,0.247,0.227,0.172,0.161,0.16,0.17,0.15,0.154,0.157,0.106,0.15,0.204,0.158,0.168,0.15,0.147,0.143,0.799,0.158,0.153,0.152,0.161,0.157,0.152,0.009,0.144,0.145,0.154,0.848,0.107,0.085,0.034,0.149,0.145,0.162,0.096,0.085,0.624,0.0,0.148,0.795,0.628,0.146,0.171,0.156,0.177,0.604,0.187,0.617,0.575,0.821,0.192,0.796,0.094,0.587,0.195,0.597,0.597,0.593,0.16,0.596,0.1,0.848,0.581,0.092,0.798,0.814,0.836,0.207,0.155,0.832,0.585,0.821,0.09,0.559,0.598,0.618,0.794,0.824,0.793,0.865,0.823,0.203,0.033,0.6,0.205,0.087,0.096,0.626,0.193,0.202,0.193,0.178,0.831,0.617,0.983,0.147,0.196,0.098,0.639,0.089,0.957,0.09,0.18,0.625,0.878,0.817,0.966,0.591,1.0,0.09,0.199,0.533,0.056,0.844,0.19,0.94,0.546,0.537,0.824,0.942,0.981,0.819,0.088,0.193,0.191,0.547,0.776,0.597,0.592,0.838,0.847,0.618,0.857,0.919,0.989,0.609,0.933,0.967,0.852,0.938,0.847,0.808,0.195,0.192,0.198,0.838,0.197,0.204,0.974,0.198,0.84,0.869,0.937,0.915,0.966,0.198,0.193,0.53,0.808,0.849,0.855,0.859,0.842,0.193,0.189,0.868,0.0,0.831,0.926,0.192
#136 TF_M — WF Unger=2.07 | OOS=2.24,0.795,0.737,0.031,0.133,0.082,0.103,0.759,0.096,0.755,0.76,0.033,0.837,0.027,0.762,0.725,0.723,0.02,0.685,0.766,0.697,0.766,0.031,0.029,0.837,0.011,0.097,0.081,0.042,0.032,0.029,0.11,0.029,0.03,0.03,0.772,0.029,0.099,0.031,0.032,0.034,0.036,0.034,0.092,0.027,0.031,0.036,0.035,0.044,0.035,0.0,0.037,0.036,0.038,0.079,0.028,0.026,0.142,0.036,0.036,0.022,0.757,0.026,0.07,0.0,0.038,0.06,0.069,0.04,0.077,0.03,0.079,0.073,0.082,0.072,0.084,0.082,0.084,0.099,0.686,0.064,0.082,0.075,0.073,0.069,0.031,0.073,0.7,0.075,0.073,0.753,0.058,0.096,0.073,0.084,0.034,0.084,0.079,0.064,0.783,0.099,0.073,0.096,0.109,0.088,0.079,0.084,0.088,0.081,0.024,0.069,0.084,0.03,0.751,0.096,0.096,0.077,0.086,0.071,0.067,0.096,0.09,0.039,0.088,0.719,0.09,0.841,0.101,0.032,0.079,0.096,0.082,0.101,0.092,0.099,0.09,1.0,0.077,0.101,0.149,0.077,0.082,0.094,0.114,0.099,0.097,0.082,0.094,0.101,0.03,0.086,0.09,0.12,0.112,0.099,0.099,0.096,0.099,0.09,0.096,0.112,0.09,0.082,0.077,0.101,0.096,0.116,0.096,0.092,0.082,0.09,0.082,0.09,0.088,0.114,0.081,0.118,0.11,0.129,0.11,0.122,0.075,0.084,0.09,0.099,0.096,0.114,0.114,0.107,0.09,0.092,0.116,0.139,0.0,0.09,0.109,0.092
#137 TF_U — WF Unger=2.07 | OOS=1.85,0.097,0.103,0.035,0.102,0.057,0.062,0.103,0.094,0.109,0.088,0.037,0.087,0.033,0.093,0.08,0.083,0.0,0.084,0.084,0.079,0.086,0.033,0.033,0.077,0.015,0.094,0.088,0.06,0.05,0.048,0.088,0.049,0.05,0.052,0.089,0.048,0.083,0.047,0.054,0.06,0.049,0.046,0.16,0.045,0.047,0.058,0.047,0.053,0.049,0.0,0.047,0.047,0.046,0.163,0.042,0.034,0.015,0.048,0.048,0.051,0.091,0.032,0.127,0.0,0.052,0.158,0.129,0.047,0.761,0.05,0.77,0.125,0.86,0.123,0.126,0.161,0.849,0.17,0.088,0.13,0.838,0.113,0.125,0.131,0.052,0.118,0.084,0.157,0.131,0.087,0.15,0.164,0.154,0.965,0.055,0.165,0.122,0.15,0.077,0.121,0.126,0.138,0.165,0.163,0.164,0.166,0.163,0.983,0.03,0.115,0.985,0.032,0.092,0.139,0.783,0.992,0.978,0.852,0.166,0.138,0.196,0.047,0.982,0.073,0.137,0.081,0.199,0.036,0.827,0.139,0.174,0.161,0.195,0.147,0.199,0.077,1.0,0.145,0.014,0.162,0.983,0.2,0.146,0.143,0.161,0.195,0.204,0.164,0.034,0.972,0.817,0.152,0.174,0.148,0.147,0.204,0.206,0.134,0.206,0.21,0.196,0.138,0.197,0.203,0.208,0.206,0.208,0.178,0.916,0.92,0.914,0.203,0.912,0.941,0.197,0.95,0.209,0.208,0.212,0.215,0.199,0.912,0.912,0.143,0.174,0.217,0.217,0.213,0.2,0.906,0.863,0.212,0.0,0.204,0.209,0.914
#138 TF_U — WF Unger=2.07 | OOS=2.02,0.094,0.094,0.101,0.22,0.491,0.355,0.093,0.492,0.09,0.093,0.103,0.104,0.098,0.104,0.098,0.105,0.121,0.104,0.105,0.102,0.107,0.099,0.1,0.118,0.0,0.326,0.299,0.228,0.225,0.214,0.146,0.218,0.226,0.213,0.095,0.223,0.224,0.238,0.214,0.21,0.227,0.223,0.528,0.216,0.225,0.212,0.221,0.226,0.226,0.009,0.225,0.226,0.236,0.524,0.146,0.101,0.015,0.247,0.246,0.226,0.093,0.101,0.932,0.0,0.209,0.502,0.927,0.245,0.116,0.216,0.12,0.912,0.116,0.925,0.909,0.524,0.119,0.534,0.086,0.865,0.128,0.926,0.9,0.919,0.219,0.923,0.105,0.54,0.879,0.101,0.524,0.517,0.539,0.142,0.227,0.524,0.923,0.538,0.115,0.911,0.901,0.897,0.539,0.54,0.522,0.542,0.54,0.144,0.055,0.927,0.141,0.103,0.094,0.897,0.135,0.146,0.134,0.13,0.543,0.897,0.531,0.227,0.134,0.109,0.881,0.119,0.525,0.104,0.124,0.894,0.532,0.52,0.528,0.899,0.533,0.101,0.145,1.0,0.074,0.544,0.136,0.527,0.913,0.986,0.542,0.53,0.536,0.542,0.103,0.133,0.129,0.915,0.548,0.896,0.896,0.67,0.672,0.874,0.675,0.58,0.531,0.858,0.526,0.545,0.675,0.557,0.675,0.56,0.158,0.151,0.16,0.671,0.158,0.154,0.534,0.148,0.674,0.674,0.575,0.586,0.534,0.16,0.155,0.978,0.559,0.694,0.695,0.692,0.671,0.153,0.144,0.674,0.0,0.668,0.575,0.15
#139 BO — WF Unger=2.06 | OOS=1.99,0.179,0.188,0.063,0.087,0.067,0.089,0.173,0.078,0.196,0.184,0.061,0.166,0.061,0.171,0.153,0.161,0.057,0.186,0.157,0.171,0.178,0.062,0.063,0.178,0.011,0.161,0.14,0.228,0.204,0.208,0.124,0.189,0.185,0.203,0.182,0.19,0.097,0.186,0.229,0.197,0.178,0.18,0.062,0.192,0.183,0.206,0.208,0.217,0.196,0.0,0.173,0.174,0.187,0.054,0.056,0.061,0.61,0.18,0.176,0.204,0.171,0.062,0.053,0.0,0.198,0.054,0.043,0.177,0.014,0.216,0.014,0.054,0.012,0.048,0.06,0.048,0.012,0.07,0.16,0.05,0.01,0.048,0.052,0.05,0.204,0.054,0.149,0.048,0.058,0.169,0.05,0.066,0.048,0.012,0.198,0.054,0.062,0.048,0.184,0.068,0.048,0.064,0.072,0.056,0.054,0.047,0.052,0.012,0.029,0.047,0.012,0.063,0.171,0.062,0.016,0.014,0.012,0.01,0.047,0.064,0.058,0.181,0.012,0.157,0.06,0.178,0.06,0.061,0.012,0.062,0.047,0.066,0.06,0.066,0.056,0.149,0.014,0.074,1.0,0.045,0.012,0.058,0.074,0.072,0.066,0.06,0.064,0.06,0.06,0.012,0.014,0.074,0.081,0.064,0.066,0.078,0.078,0.062,0.078,0.078,0.058,0.058,0.06,0.07,0.078,0.087,0.079,0.062,0.014,0.014,0.014,0.079,0.016,0.019,0.056,0.017,0.089,0.109,0.076,0.089,0.056,0.016,0.016,0.068,0.064,0.093,0.095,0.087,0.078,0.014,0.019,0.112,0.0,0.078,0.074,0.014
#140 TF_U — WF Unger=2.05 | OOS=1.90,0.103,0.092,0.088,0.168,0.273,0.189,0.1,0.313,0.097,0.088,0.09,0.101,0.08,0.095,0.074,0.077,0.067,0.072,0.091,0.071,0.073,0.084,0.082,0.074,0.0,0.202,0.188,0.151,0.139,0.134,0.158,0.124,0.138,0.128,0.095,0.137,0.196,0.137,0.146,0.129,0.137,0.119,0.715,0.131,0.136,0.127,0.132,0.154,0.136,0.007,0.134,0.135,0.133,0.758,0.076,0.085,0.019,0.132,0.128,0.137,0.089,0.085,0.552,0.0,0.131,0.752,0.571,0.127,0.149,0.13,0.154,0.582,0.169,0.549,0.495,0.753,0.174,0.705,0.08,0.555,0.17,0.535,0.585,0.527,0.136,0.532,0.081,0.919,0.527,0.075,0.861,0.742,0.928,0.176,0.132,0.736,0.502,0.917,0.072,0.491,0.618,0.518,0.692,0.719,0.827,0.97,0.913,0.171,0.027,0.538,0.173,0.087,0.082,0.517,0.168,0.166,0.173,0.157,0.958,0.52,0.835,0.137,0.169,0.076,0.516,0.074,0.844,0.09,0.161,0.517,0.823,0.759,0.834,0.529,0.844,0.077,0.162,0.544,0.045,1.0,0.161,0.844,0.549,0.547,0.744,0.831,0.85,0.754,0.088,0.175,0.169,0.553,0.75,0.529,0.532,0.866,0.867,0.51,0.873,0.853,0.844,0.497,0.815,0.848,0.866,0.851,0.862,0.831,0.188,0.192,0.189,0.863,0.191,0.199,0.844,0.196,0.869,0.867,0.855,0.854,0.828,0.191,0.191,0.541,0.842,0.859,0.866,0.871,0.87,0.188,0.187,0.871,0.0,0.853,0.844,0.188
#141 TF_U — WF Unger=2.04 | OOS=2.41,0.106,0.11,0.033,0.104,0.055,0.062,0.11,0.094,0.116,0.095,0.037,0.096,0.033,0.099,0.085,0.088,0.0,0.089,0.091,0.083,0.09,0.033,0.033,0.078,0.015,0.086,0.084,0.053,0.046,0.045,0.091,0.049,0.047,0.049,0.098,0.046,0.09,0.044,0.05,0.053,0.044,0.043,0.157,0.045,0.047,0.052,0.044,0.047,0.046,0.0,0.045,0.044,0.044,0.163,0.042,0.036,0.015,0.043,0.043,0.048,0.098,0.032,0.123,0.0,0.047,0.158,0.125,0.042,0.801,0.047,0.812,0.122,0.912,0.119,0.122,0.161,0.896,0.165,0.094,0.129,0.887,0.11,0.124,0.129,0.052,0.115,0.088,0.155,0.129,0.092,0.15,0.16,0.151,0.951,0.049,0.164,0.119,0.15,0.081,0.119,0.124,0.13,0.16,0.161,0.164,0.165,0.156,0.983,0.03,0.111,0.967,0.032,0.098,0.131,0.807,0.988,0.976,0.917,0.166,0.13,0.186,0.044,0.99,0.078,0.129,0.082,0.188,0.036,0.877,0.131,0.173,0.157,0.185,0.139,0.19,0.082,0.983,0.136,0.012,0.161,1.0,0.191,0.138,0.135,0.159,0.186,0.196,0.163,0.034,0.971,0.861,0.144,0.165,0.14,0.139,0.196,0.197,0.126,0.198,0.2,0.186,0.131,0.186,0.193,0.198,0.195,0.2,0.171,0.905,0.923,0.892,0.195,0.921,0.928,0.188,0.947,0.198,0.197,0.202,0.203,0.187,0.902,0.919,0.135,0.17,0.211,0.206,0.203,0.193,0.902,0.859,0.2,0.0,0.196,0.2,0.91
#142 TF_U — WF Unger=2.03 | OOS=1.60,0.123,0.113,0.094,0.188,0.313,0.221,0.113,0.36,0.116,0.102,0.094,0.118,0.084,0.108,0.096,0.102,0.062,0.097,0.109,0.099,0.098,0.086,0.084,0.091,0.0,0.255,0.234,0.165,0.15,0.15,0.179,0.14,0.152,0.141,0.114,0.15,0.207,0.152,0.161,0.138,0.144,0.134,0.794,0.144,0.15,0.145,0.155,0.154,0.149,0.01,0.141,0.143,0.151,0.834,0.115,0.087,0.034,0.144,0.14,0.159,0.103,0.085,0.63,0.0,0.142,0.826,0.633,0.144,0.179,0.143,0.184,0.617,0.188,0.623,0.576,0.883,0.192,0.791,0.1,0.601,0.201,0.602,0.6,0.59,0.151,0.602,0.107,0.843,0.588,0.101,0.827,0.827,0.841,0.206,0.147,0.82,0.588,0.846,0.094,0.561,0.597,0.622,0.788,0.813,0.846,0.839,0.859,0.206,0.034,0.605,0.205,0.089,0.101,0.616,0.189,0.203,0.198,0.181,0.831,0.614,0.947,0.145,0.196,0.102,0.622,0.091,0.984,0.092,0.187,0.617,0.857,0.833,0.954,0.594,0.94,0.094,0.2,0.527,0.058,0.844,0.191,1.0,0.541,0.527,0.816,0.97,0.924,0.81,0.091,0.198,0.191,0.541,0.775,0.59,0.588,0.846,0.847,0.632,0.829,0.917,0.949,0.629,0.96,0.918,0.835,0.926,0.823,0.795,0.201,0.197,0.204,0.832,0.202,0.201,0.964,0.197,0.836,0.848,0.896,0.903,0.955,0.203,0.199,0.522,0.796,0.828,0.837,0.832,0.824,0.198,0.192,0.85,0.0,0.813,0.889,0.195
#143 TF_U — WF Unger=2.00 | OOS=3.62,0.103,0.106,0.101,0.219,0.509,0.364,0.095,0.506,0.102,0.102,0.103,0.107,0.098,0.112,0.114,0.119,0.121,0.113,0.116,0.116,0.118,0.099,0.1,0.129,0.0,0.33,0.302,0.232,0.225,0.22,0.149,0.228,0.234,0.216,0.108,0.231,0.224,0.245,0.218,0.219,0.242,0.238,0.54,0.22,0.233,0.221,0.224,0.23,0.234,0.01,0.241,0.242,0.249,0.524,0.163,0.101,0.015,0.264,0.263,0.229,0.098,0.101,0.922,0.0,0.218,0.5,0.927,0.269,0.112,0.219,0.119,0.915,0.115,0.915,0.939,0.529,0.118,0.54,0.1,0.87,0.12,0.917,0.899,0.934,0.228,0.919,0.121,0.543,0.885,0.114,0.524,0.519,0.542,0.143,0.241,0.526,0.922,0.538,0.132,0.941,0.903,0.908,0.546,0.537,0.524,0.55,0.544,0.145,0.057,0.917,0.142,0.103,0.105,0.904,0.136,0.147,0.136,0.13,0.547,0.907,0.542,0.243,0.135,0.122,0.894,0.131,0.54,0.104,0.123,0.904,0.535,0.522,0.539,0.921,0.546,0.114,0.146,0.913,0.074,0.549,0.138,0.541,1.0,0.908,0.538,0.541,0.547,0.538,0.103,0.134,0.129,0.958,0.553,0.914,0.917,0.603,0.605,0.892,0.605,0.569,0.545,0.877,0.538,0.546,0.605,0.541,0.605,0.561,0.153,0.146,0.156,0.601,0.154,0.152,0.549,0.153,0.605,0.732,0.562,0.573,0.548,0.156,0.15,0.902,0.56,0.63,0.631,0.618,0.601,0.148,0.144,0.732,0.0,0.598,0.562,0.146
#144 TF_U — WF Unger=1.99 | OOS=1.79,0.094,0.094,0.101,0.22,0.484,0.351,0.093,0.488,0.09,0.093,0.103,0.104,0.098,0.104,0.098,0.105,0.119,0.104,0.102,0.102,0.107,0.099,0.1,0.117,0.0,0.322,0.295,0.228,0.225,0.214,0.146,0.218,0.226,0.213,0.095,0.223,0.224,0.238,0.214,0.21,0.227,0.223,0.53,0.216,0.225,0.212,0.221,0.226,0.226,0.01,0.225,0.226,0.236,0.522,0.146,0.101,0.015,0.247,0.246,0.226,0.093,0.101,0.92,0.0,0.209,0.505,0.925,0.245,0.116,0.216,0.12,0.914,0.116,0.909,0.898,0.527,0.119,0.535,0.086,0.865,0.128,0.918,0.901,0.907,0.219,0.911,0.105,0.543,0.879,0.101,0.527,0.519,0.542,0.14,0.227,0.523,0.908,0.54,0.115,0.901,0.898,0.884,0.538,0.539,0.525,0.545,0.543,0.143,0.053,0.919,0.139,0.103,0.092,0.881,0.132,0.145,0.133,0.13,0.546,0.884,0.533,0.227,0.133,0.109,0.879,0.117,0.527,0.104,0.123,0.883,0.537,0.518,0.53,0.887,0.537,0.099,0.143,0.986,0.072,0.547,0.135,0.527,0.908,1.0,0.544,0.53,0.538,0.544,0.103,0.132,0.127,0.909,0.547,0.883,0.885,0.678,0.679,0.875,0.683,0.578,0.535,0.858,0.526,0.544,0.682,0.555,0.683,0.556,0.157,0.15,0.159,0.679,0.157,0.152,0.536,0.146,0.682,0.675,0.573,0.584,0.535,0.159,0.154,0.989,0.556,0.692,0.693,0.691,0.68,0.152,0.141,0.675,0.0,0.677,0.573,0.149
#145 TF_U — WF Unger=1.94 | OOS=1.93,0.117,0.122,0.083,0.185,0.303,0.221,0.115,0.34,0.121,0.1,0.085,0.115,0.08,0.106,0.089,0.095,0.067,0.097,0.107,0.093,0.093,0.082,0.08,0.085,0.0,0.24,0.218,0.168,0.15,0.147,0.167,0.14,0.146,0.141,0.108,0.145,0.2,0.147,0.157,0.141,0.144,0.143,0.815,0.144,0.144,0.152,0.155,0.157,0.144,0.007,0.141,0.143,0.146,0.926,0.093,0.083,0.028,0.146,0.14,0.159,0.103,0.083,0.609,0.0,0.154,0.763,0.59,0.142,0.162,0.14,0.166,0.527,0.18,0.596,0.54,0.782,0.184,0.829,0.102,0.514,0.177,0.615,0.529,0.6,0.148,0.57,0.102,0.772,0.51,0.095,0.719,0.751,0.757,0.172,0.152,0.908,0.552,0.733,0.09,0.521,0.528,0.517,0.816,0.973,0.704,0.76,0.764,0.166,0.027,0.636,0.172,0.085,0.103,0.513,0.178,0.163,0.174,0.157,0.727,0.514,0.83,0.145,0.17,0.094,0.504,0.087,0.826,0.083,0.154,0.513,0.842,0.845,0.822,0.534,0.824,0.097,0.161,0.542,0.066,0.744,0.159,0.816,0.538,0.544,1.0,0.805,0.849,0.979,0.082,0.178,0.193,0.544,0.832,0.534,0.533,0.872,0.88,0.508,0.886,0.93,0.813,0.495,0.792,0.873,0.884,0.879,0.888,0.894,0.188,0.189,0.188,0.872,0.191,0.204,0.799,0.201,0.877,0.906,0.931,0.93,0.785,0.189,0.189,0.537,0.91,0.93,0.931,0.909,0.873,0.191,0.198,0.906,0.0,0.86,0.937,0.192
#146 TF_U — WF Unger=1.91 | OOS=1.47,0.111,0.103,0.09,0.181,0.305,0.214,0.1,0.353,0.107,0.088,0.09,0.101,0.08,0.095,0.089,0.095,0.059,0.087,0.098,0.091,0.09,0.082,0.08,0.084,0.0,0.24,0.221,0.161,0.146,0.147,0.172,0.14,0.149,0.141,0.103,0.147,0.202,0.15,0.157,0.135,0.142,0.134,0.78,0.141,0.147,0.142,0.151,0.151,0.147,0.009,0.139,0.14,0.146,0.825,0.11,0.083,0.034,0.141,0.137,0.156,0.089,0.083,0.62,0.0,0.14,0.834,0.626,0.139,0.168,0.14,0.174,0.604,0.18,0.613,0.57,0.84,0.184,0.777,0.092,0.59,0.189,0.596,0.599,0.585,0.148,0.599,0.098,0.853,0.582,0.09,0.844,0.8,0.851,0.197,0.144,0.809,0.581,0.866,0.087,0.554,0.592,0.611,0.773,0.803,0.811,0.826,0.82,0.201,0.035,0.598,0.198,0.085,0.09,0.613,0.186,0.198,0.191,0.174,0.82,0.614,0.973,0.142,0.19,0.093,0.621,0.084,0.956,0.088,0.18,0.613,0.844,0.804,0.982,0.584,0.942,0.082,0.195,0.53,0.06,0.831,0.186,0.97,0.541,0.53,0.805,1.0,0.933,0.799,0.086,0.189,0.186,0.543,0.756,0.586,0.588,0.833,0.834,0.626,0.833,0.904,0.952,0.622,0.99,0.926,0.843,0.917,0.827,0.785,0.192,0.191,0.196,0.842,0.195,0.197,0.976,0.192,0.83,0.846,0.9,0.897,0.967,0.196,0.192,0.523,0.785,0.83,0.844,0.835,0.83,0.192,0.184,0.846,0.0,0.819,0.895,0.191
#147 TF_U — WF Unger=1.89 | OOS=1.53,0.12,0.117,0.09,0.199,0.33,0.235,0.113,0.374,0.119,0.098,0.092,0.11,0.082,0.104,0.094,0.102,0.067,0.097,0.111,0.096,0.097,0.084,0.082,0.092,0.0,0.27,0.244,0.179,0.168,0.166,0.172,0.156,0.16,0.161,0.111,0.158,0.204,0.16,0.175,0.154,0.152,0.149,0.816,0.162,0.158,0.164,0.167,0.164,0.158,0.009,0.149,0.151,0.159,0.875,0.11,0.085,0.037,0.153,0.147,0.172,0.1,0.085,0.638,0.0,0.157,0.802,0.644,0.151,0.18,0.159,0.187,0.61,0.195,0.634,0.59,0.827,0.201,0.822,0.1,0.593,0.203,0.615,0.612,0.61,0.167,0.612,0.105,0.856,0.585,0.096,0.808,0.82,0.845,0.213,0.161,0.851,0.6,0.829,0.092,0.573,0.612,0.633,0.816,0.845,0.804,0.869,0.832,0.21,0.033,0.618,0.211,0.087,0.099,0.643,0.201,0.208,0.2,0.186,0.837,0.634,0.957,0.152,0.202,0.098,0.642,0.092,0.934,0.088,0.187,0.642,0.909,0.843,0.948,0.606,0.981,0.094,0.204,0.536,0.064,0.85,0.196,0.924,0.547,0.538,0.849,0.933,1.0,0.843,0.086,0.201,0.2,0.548,0.803,0.613,0.608,0.84,0.85,0.623,0.859,0.929,0.973,0.614,0.927,0.981,0.853,0.95,0.848,0.833,0.204,0.2,0.207,0.839,0.205,0.21,0.958,0.207,0.841,0.871,0.947,0.924,0.955,0.207,0.201,0.53,0.834,0.858,0.865,0.869,0.845,0.2,0.198,0.87,0.0,0.831,0.934,0.199
#148 TF_U — WF Unger=1.89 | OOS=1.69,0.12,0.12,0.09,0.192,0.31,0.228,0.118,0.353,0.119,0.105,0.092,0.121,0.086,0.11,0.09,0.096,0.072,0.103,0.109,0.099,0.097,0.088,0.086,0.087,0.0,0.258,0.234,0.168,0.15,0.15,0.167,0.143,0.149,0.144,0.111,0.147,0.202,0.15,0.161,0.141,0.144,0.143,0.816,0.144,0.147,0.152,0.158,0.157,0.147,0.007,0.141,0.143,0.149,0.917,0.09,0.091,0.028,0.146,0.14,0.162,0.107,0.089,0.626,0.0,0.154,0.772,0.596,0.142,0.171,0.14,0.175,0.537,0.188,0.608,0.554,0.793,0.193,0.832,0.1,0.517,0.185,0.633,0.535,0.598,0.151,0.577,0.102,0.763,0.516,0.1,0.726,0.764,0.751,0.175,0.152,0.909,0.564,0.74,0.094,0.524,0.534,0.517,0.806,0.974,0.712,0.771,0.755,0.168,0.026,0.628,0.174,0.091,0.107,0.511,0.182,0.167,0.175,0.166,0.735,0.515,0.826,0.145,0.173,0.098,0.502,0.09,0.825,0.09,0.16,0.511,0.854,0.83,0.816,0.535,0.819,0.101,0.164,0.542,0.06,0.754,0.163,0.81,0.538,0.544,0.979,0.799,0.843,1.0,0.088,0.181,0.203,0.544,0.832,0.533,0.533,0.866,0.876,0.508,0.885,0.921,0.809,0.493,0.786,0.868,0.881,0.878,0.885,0.885,0.192,0.195,0.192,0.867,0.196,0.209,0.793,0.206,0.873,0.9,0.924,0.923,0.778,0.193,0.195,0.536,0.895,0.923,0.924,0.904,0.869,0.193,0.204,0.903,0.0,0.858,0.924,0.195
#149 TF_M — WF Unger=1.89 | OOS=3.11,0.038,0.038,0.893,0.058,0.087,0.046,0.033,0.054,0.036,0.037,0.889,0.037,0.955,0.03,0.034,0.037,0.374,0.037,0.03,0.034,0.034,0.978,0.966,0.034,0.008,0.049,0.065,0.232,0.232,0.201,0.041,0.189,0.179,0.2,0.038,0.188,0.168,0.173,0.232,0.201,0.178,0.189,0.08,0.196,0.183,0.206,0.199,0.223,0.182,0.002,0.175,0.179,0.174,0.073,0.048,0.981,0.05,0.17,0.171,0.217,0.033,0.974,0.103,0.0,0.203,0.075,0.103,0.172,0.032,0.203,0.034,0.106,0.03,0.106,0.106,0.091,0.03,0.078,0.032,0.095,0.032,0.103,0.106,0.093,0.198,0.108,0.035,0.088,0.099,0.039,0.086,0.084,0.088,0.034,0.195,0.08,0.108,0.086,0.037,0.103,0.103,0.106,0.082,0.082,0.086,0.088,0.093,0.032,0.019,0.097,0.034,0.981,0.032,0.106,0.037,0.034,0.034,0.032,0.086,0.106,0.088,0.181,0.034,0.034,0.103,0.037,0.091,0.989,0.03,0.106,0.086,0.091,0.088,0.108,0.088,0.03,0.034,0.103,0.06,0.088,0.034,0.091,0.103,0.103,0.082,0.086,0.086,0.088,1.0,0.037,0.039,0.103,0.082,0.11,0.11,0.091,0.091,0.103,0.088,0.093,0.088,0.099,0.086,0.088,0.091,0.088,0.088,0.084,0.037,0.037,0.037,0.091,0.037,0.041,0.088,0.041,0.088,0.088,0.088,0.088,0.088,0.037,0.037,0.101,0.084,0.086,0.088,0.086,0.088,0.037,0.041,0.088,0.0,0.088,0.088,0.037
#150 TF_U — WF Unger=1.89 | OOS=1.53,0.114,0.12,0.037,0.118,0.067,0.075,0.115,0.105,0.123,0.102,0.041,0.104,0.037,0.104,0.089,0.095,0.0,0.094,0.095,0.086,0.093,0.037,0.037,0.078,0.019,0.116,0.11,0.063,0.054,0.054,0.098,0.052,0.055,0.059,0.106,0.054,0.098,0.052,0.061,0.063,0.052,0.046,0.182,0.052,0.053,0.061,0.054,0.057,0.054,0.0,0.05,0.049,0.051,0.192,0.051,0.038,0.012,0.05,0.051,0.057,0.105,0.034,0.135,0.0,0.055,0.178,0.138,0.05,0.889,0.056,0.893,0.128,0.938,0.132,0.13,0.182,0.936,0.195,0.098,0.135,0.944,0.116,0.129,0.134,0.059,0.125,0.093,0.175,0.135,0.096,0.164,0.191,0.172,0.971,0.057,0.182,0.127,0.167,0.083,0.126,0.133,0.129,0.185,0.18,0.181,0.182,0.177,0.976,0.03,0.12,0.98,0.034,0.101,0.13,0.849,0.974,0.985,0.909,0.176,0.129,0.194,0.049,0.98,0.083,0.129,0.079,0.197,0.038,0.917,0.13,0.195,0.18,0.191,0.135,0.193,0.086,0.972,0.133,0.012,0.175,0.971,0.198,0.134,0.132,0.178,0.189,0.201,0.181,0.037,1.0,0.905,0.14,0.184,0.135,0.135,0.201,0.204,0.13,0.207,0.208,0.188,0.136,0.186,0.2,0.207,0.207,0.208,0.179,0.887,0.921,0.87,0.201,0.888,0.917,0.189,0.93,0.208,0.207,0.207,0.214,0.184,0.873,0.908,0.132,0.176,0.215,0.21,0.21,0.2,0.897,0.87,0.211,0.0,0.202,0.204,0.922
#151 TF_U — WF Unger=1.87 | OOS=1.31,0.129,0.124,0.037,0.111,0.062,0.071,0.125,0.098,0.126,0.107,0.044,0.118,0.039,0.114,0.092,0.098,0.0,0.096,0.109,0.09,0.093,0.039,0.039,0.095,0.019,0.101,0.097,0.06,0.046,0.045,0.104,0.042,0.044,0.049,0.122,0.043,0.108,0.041,0.054,0.05,0.044,0.04,0.178,0.041,0.044,0.048,0.041,0.053,0.046,0.0,0.045,0.044,0.041,0.192,0.039,0.038,0.015,0.041,0.041,0.045,0.114,0.034,0.129,0.0,0.044,0.154,0.118,0.04,0.781,0.043,0.794,0.108,0.893,0.126,0.119,0.164,0.903,0.186,0.111,0.108,0.857,0.113,0.106,0.114,0.049,0.115,0.098,0.17,0.114,0.098,0.149,0.167,0.167,0.864,0.049,0.182,0.113,0.16,0.088,0.123,0.114,0.119,0.181,0.19,0.163,0.178,0.174,0.827,0.023,0.113,0.854,0.036,0.105,0.118,0.868,0.82,0.901,0.822,0.163,0.12,0.19,0.044,0.885,0.083,0.115,0.093,0.191,0.041,0.796,0.118,0.183,0.184,0.188,0.126,0.191,0.09,0.817,0.129,0.014,0.169,0.861,0.191,0.129,0.127,0.193,0.186,0.2,0.203,0.039,0.905,1.0,0.132,0.201,0.126,0.127,0.204,0.208,0.115,0.21,0.21,0.187,0.12,0.181,0.2,0.21,0.203,0.211,0.2,0.898,0.919,0.88,0.203,0.898,0.956,0.188,0.972,0.208,0.205,0.211,0.214,0.183,0.878,0.908,0.127,0.197,0.225,0.22,0.215,0.201,0.892,0.945,0.208,0.0,0.204,0.208,0.908
#152 TF_U — WF Unger=1.87 | OOS=3.03,0.103,0.11,0.101,0.22,0.511,0.367,0.095,0.506,0.109,0.105,0.103,0.113,0.098,0.117,0.116,0.119,0.124,0.121,0.12,0.12,0.124,0.099,0.1,0.134,0.0,0.337,0.308,0.232,0.225,0.22,0.148,0.228,0.234,0.216,0.108,0.231,0.226,0.245,0.218,0.219,0.242,0.238,0.542,0.22,0.233,0.221,0.224,0.23,0.234,0.007,0.241,0.242,0.246,0.528,0.161,0.101,0.015,0.264,0.263,0.229,0.1,0.101,0.926,0.0,0.218,0.503,0.928,0.267,0.117,0.219,0.123,0.915,0.12,0.921,0.951,0.526,0.122,0.544,0.105,0.87,0.123,0.921,0.901,0.941,0.228,0.92,0.121,0.548,0.886,0.115,0.529,0.519,0.547,0.149,0.241,0.53,0.923,0.543,0.137,0.951,0.904,0.908,0.549,0.544,0.529,0.554,0.548,0.152,0.059,0.922,0.148,0.103,0.105,0.905,0.142,0.154,0.142,0.136,0.551,0.908,0.543,0.243,0.141,0.124,0.897,0.138,0.54,0.104,0.127,0.905,0.537,0.526,0.541,0.929,0.547,0.12,0.152,0.915,0.074,0.553,0.144,0.541,0.958,0.909,0.544,0.543,0.548,0.544,0.103,0.14,0.132,1.0,0.56,0.924,0.926,0.602,0.604,0.895,0.604,0.567,0.547,0.879,0.539,0.548,0.604,0.543,0.604,0.567,0.16,0.153,0.162,0.601,0.16,0.158,0.55,0.16,0.605,0.698,0.561,0.572,0.549,0.162,0.157,0.904,0.566,0.631,0.632,0.617,0.601,0.155,0.152,0.699,0.0,0.598,0.564,0.152
#153 TF_U — WF Unger=1.85 | OOS=2.54,0.144,0.136,0.085,0.197,0.342,0.253,0.143,0.396,0.133,0.128,0.087,0.144,0.08,0.134,0.105,0.114,0.064,0.121,0.13,0.105,0.104,0.082,0.08,0.094,0.0,0.285,0.256,0.165,0.143,0.15,0.176,0.137,0.14,0.141,0.133,0.142,0.207,0.142,0.171,0.135,0.131,0.125,0.928,0.141,0.139,0.152,0.158,0.151,0.141,0.007,0.128,0.13,0.141,0.9,0.115,0.083,0.031,0.134,0.128,0.156,0.133,0.083,0.659,0.0,0.14,0.735,0.617,0.13,0.185,0.14,0.19,0.552,0.187,0.647,0.659,0.781,0.192,0.948,0.115,0.531,0.189,0.601,0.544,0.607,0.148,0.594,0.119,0.752,0.531,0.11,0.714,0.787,0.745,0.182,0.138,0.843,0.587,0.731,0.096,0.582,0.546,0.518,0.92,0.829,0.709,0.762,0.744,0.179,0.031,0.596,0.181,0.085,0.128,0.51,0.204,0.177,0.179,0.171,0.734,0.518,0.786,0.132,0.173,0.101,0.499,0.095,0.793,0.083,0.168,0.509,0.847,0.795,0.777,0.537,0.776,0.112,0.174,0.548,0.081,0.75,0.165,0.775,0.553,0.547,0.832,0.756,0.803,0.832,0.082,0.184,0.201,0.56,1.0,0.532,0.537,0.856,0.866,0.502,0.87,0.882,0.767,0.493,0.743,0.828,0.868,0.853,0.864,0.805,0.2,0.2,0.2,0.853,0.202,0.222,0.748,0.213,0.867,0.917,0.875,0.89,0.734,0.201,0.201,0.541,0.814,0.91,0.915,0.894,0.853,0.2,0.217,0.921,0.0,0.84,0.866,0.201
#154 TF_U — WF Unger=1.84 | OOS=1.91,0.088,0.094,0.107,0.213,0.471,0.337,0.088,0.465,0.085,0.091,0.109,0.099,0.104,0.093,0.09,0.096,0.124,0.101,0.105,0.099,0.104,0.105,0.106,0.106,0.0,0.292,0.269,0.214,0.193,0.192,0.148,0.192,0.193,0.187,0.087,0.19,0.226,0.196,0.204,0.185,0.201,0.201,0.516,0.186,0.192,0.191,0.196,0.201,0.193,0.006,0.199,0.2,0.195,0.529,0.13,0.107,0.015,0.206,0.205,0.204,0.086,0.107,0.926,0.0,0.192,0.495,0.927,0.205,0.114,0.186,0.12,0.875,0.113,0.926,0.881,0.516,0.118,0.525,0.088,0.831,0.122,0.908,0.872,0.936,0.194,0.911,0.1,0.521,0.845,0.098,0.506,0.507,0.52,0.145,0.207,0.52,0.894,0.52,0.114,0.872,0.87,0.946,0.526,0.532,0.503,0.529,0.521,0.148,0.042,0.91,0.144,0.108,0.094,0.958,0.132,0.15,0.137,0.119,0.526,0.947,0.597,0.202,0.138,0.098,0.932,0.11,0.593,0.11,0.117,0.954,0.528,0.515,0.589,0.986,0.597,0.099,0.148,0.896,0.064,0.529,0.14,0.59,0.914,0.883,0.534,0.586,0.613,0.533,0.11,0.135,0.126,0.924,0.532,1.0,0.992,0.623,0.625,0.917,0.627,0.676,0.59,0.9,0.578,0.631,0.627,0.632,0.627,0.553,0.155,0.154,0.154,0.623,0.155,0.167,0.588,0.157,0.627,0.676,0.677,0.682,0.583,0.155,0.154,0.87,0.552,0.661,0.662,0.644,0.623,0.154,0.141,0.677,0.0,0.619,0.676,0.153
#155 TF_U — WF Unger=1.84 | OOS=1.25,0.091,0.096,0.107,0.215,0.474,0.339,0.09,0.47,0.087,0.093,0.109,0.099,0.104,0.095,0.092,0.098,0.124,0.103,0.105,0.1,0.105,0.105,0.106,0.107,0.0,0.296,0.273,0.214,0.193,0.195,0.148,0.195,0.193,0.19,0.089,0.19,0.226,0.196,0.207,0.185,0.201,0.201,0.519,0.189,0.192,0.191,0.199,0.201,0.193,0.006,0.199,0.2,0.195,0.529,0.141,0.107,0.015,0.206,0.205,0.204,0.089,0.107,0.924,0.0,0.192,0.497,0.925,0.205,0.116,0.186,0.122,0.878,0.113,0.926,0.889,0.517,0.118,0.529,0.09,0.835,0.12,0.908,0.881,0.936,0.194,0.923,0.102,0.526,0.846,0.1,0.51,0.507,0.525,0.144,0.207,0.52,0.897,0.526,0.115,0.879,0.87,0.949,0.528,0.532,0.503,0.531,0.523,0.147,0.045,0.909,0.143,0.108,0.096,0.951,0.134,0.149,0.137,0.121,0.529,0.959,0.6,0.202,0.137,0.099,0.927,0.111,0.592,0.11,0.117,0.951,0.529,0.518,0.592,0.985,0.592,0.099,0.147,0.896,0.066,0.532,0.139,0.588,0.917,0.885,0.533,0.588,0.608,0.533,0.11,0.135,0.127,0.926,0.537,0.992,1.0,0.624,0.626,0.918,0.63,0.676,0.585,0.902,0.58,0.625,0.631,0.632,0.63,0.553,0.156,0.153,0.155,0.626,0.156,0.166,0.582,0.158,0.629,0.679,0.67,0.682,0.578,0.156,0.155,0.871,0.552,0.663,0.666,0.646,0.625,0.153,0.142,0.681,0.0,0.622,0.67,0.152
#156 TF_U — WF Unger=1.83 | OOS=1.58,0.12,0.12,0.088,0.201,0.352,0.267,0.118,0.396,0.121,0.107,0.094,0.124,0.086,0.106,0.105,0.107,0.072,0.108,0.105,0.103,0.104,0.086,0.084,0.097,0.0,0.303,0.273,0.228,0.207,0.208,0.183,0.195,0.209,0.2,0.119,0.206,0.212,0.214,0.218,0.191,0.209,0.201,0.864,0.203,0.208,0.194,0.205,0.22,0.212,0.013,0.207,0.208,0.213,0.877,0.127,0.085,0.034,0.209,0.205,0.207,0.114,0.085,0.658,0.0,0.195,0.841,0.658,0.208,0.199,0.196,0.2,0.671,0.201,0.643,0.633,0.883,0.203,0.872,0.1,0.644,0.207,0.653,0.653,0.641,0.204,0.644,0.107,0.877,0.639,0.101,0.847,0.855,0.87,0.211,0.21,0.874,0.644,0.862,0.104,0.634,0.646,0.63,0.856,0.871,0.865,0.869,0.882,0.211,0.045,0.653,0.209,0.089,0.105,0.621,0.213,0.208,0.198,0.199,0.855,0.624,0.842,0.209,0.2,0.104,0.621,0.097,0.848,0.092,0.197,0.62,0.894,0.878,0.839,0.629,0.838,0.096,0.204,0.67,0.078,0.866,0.196,0.846,0.603,0.678,0.872,0.833,0.84,0.866,0.091,0.201,0.204,0.602,0.856,0.623,0.624,1.0,0.993,0.629,0.974,0.829,0.834,0.619,0.828,0.832,0.98,0.826,0.973,0.857,0.222,0.219,0.227,0.99,0.225,0.217,0.831,0.215,0.98,0.848,0.821,0.819,0.825,0.227,0.221,0.681,0.857,0.93,0.939,0.961,0.984,0.221,0.216,0.847,0.0,0.979,0.819,0.217
#157 TF_U — WF Unger=1.83 | OOS=1.52,0.126,0.124,0.088,0.204,0.357,0.271,0.123,0.4,0.126,0.112,0.094,0.127,0.086,0.11,0.107,0.108,0.072,0.108,0.109,0.103,0.104,0.086,0.084,0.098,0.0,0.311,0.279,0.232,0.211,0.211,0.183,0.199,0.212,0.203,0.122,0.209,0.212,0.217,0.221,0.194,0.211,0.204,0.875,0.206,0.211,0.197,0.208,0.223,0.215,0.013,0.209,0.21,0.215,0.889,0.13,0.085,0.034,0.211,0.207,0.21,0.119,0.085,0.661,0.0,0.198,0.842,0.66,0.21,0.2,0.199,0.202,0.674,0.204,0.645,0.636,0.883,0.206,0.882,0.105,0.649,0.21,0.655,0.656,0.642,0.207,0.647,0.112,0.886,0.641,0.103,0.847,0.863,0.879,0.214,0.213,0.885,0.647,0.864,0.104,0.637,0.651,0.633,0.864,0.882,0.862,0.877,0.889,0.212,0.046,0.654,0.212,0.089,0.109,0.625,0.217,0.211,0.202,0.199,0.856,0.628,0.852,0.212,0.204,0.107,0.623,0.098,0.857,0.092,0.197,0.624,0.9,0.887,0.848,0.631,0.847,0.099,0.206,0.672,0.078,0.867,0.197,0.847,0.605,0.679,0.88,0.834,0.85,0.876,0.091,0.204,0.208,0.604,0.866,0.625,0.626,0.993,1.0,0.629,0.984,0.838,0.843,0.622,0.829,0.841,0.989,0.834,0.983,0.867,0.225,0.219,0.228,0.985,0.226,0.22,0.833,0.218,0.979,0.854,0.83,0.828,0.827,0.228,0.222,0.682,0.868,0.936,0.945,0.968,0.979,0.221,0.219,0.853,0.0,0.974,0.828,0.219
#158 TF_U — WF Unger=1.82 | OOS=1.47,0.088,0.094,0.101,0.206,0.452,0.321,0.088,0.445,0.082,0.088,0.103,0.09,0.098,0.089,0.087,0.093,0.104,0.092,0.089,0.085,0.091,0.099,0.1,0.096,0.0,0.273,0.253,0.189,0.171,0.166,0.144,0.169,0.174,0.157,0.087,0.177,0.219,0.181,0.175,0.157,0.18,0.177,0.495,0.158,0.172,0.17,0.177,0.182,0.174,0.004,0.178,0.179,0.177,0.51,0.135,0.101,0.015,0.187,0.183,0.188,0.084,0.101,0.883,0.0,0.172,0.493,0.896,0.184,0.114,0.163,0.12,0.881,0.105,0.881,0.821,0.517,0.11,0.499,0.084,0.828,0.116,0.864,0.859,0.853,0.173,0.866,0.088,0.512,0.851,0.093,0.497,0.522,0.51,0.13,0.187,0.494,0.87,0.509,0.094,0.805,0.849,0.949,0.501,0.502,0.498,0.51,0.515,0.134,0.037,0.864,0.131,0.103,0.09,0.939,0.119,0.136,0.129,0.112,0.508,0.942,0.625,0.181,0.125,0.086,0.966,0.098,0.631,0.104,0.11,0.938,0.519,0.497,0.625,0.929,0.618,0.09,0.134,0.874,0.062,0.51,0.126,0.632,0.892,0.875,0.508,0.626,0.623,0.508,0.103,0.13,0.115,0.895,0.502,0.917,0.918,0.629,0.629,1.0,0.629,0.646,0.618,0.98,0.618,0.63,0.629,0.647,0.629,0.517,0.15,0.147,0.15,0.627,0.151,0.153,0.62,0.145,0.635,0.665,0.638,0.654,0.615,0.151,0.15,0.869,0.523,0.64,0.641,0.638,0.627,0.147,0.134,0.67,0.0,0.624,0.638,0.146
#159 TF_U — WF Unger=1.81 | OOS=1.87,0.12,0.12,0.085,0.206,0.36,0.273,0.12,0.403,0.121,0.107,0.092,0.121,0.084,0.106,0.103,0.107,0.069,0.106,0.107,0.103,0.103,0.084,0.082,0.097,0.0,0.315,0.282,0.232,0.211,0.211,0.179,0.199,0.212,0.203,0.117,0.209,0.211,0.217,0.221,0.194,0.211,0.204,0.872,0.206,0.211,0.197,0.208,0.223,0.215,0.012,0.209,0.21,0.213,0.889,0.127,0.083,0.034,0.211,0.207,0.21,0.114,0.083,0.661,0.0,0.198,0.836,0.66,0.208,0.197,0.199,0.199,0.669,0.204,0.645,0.637,0.861,0.206,0.883,0.102,0.645,0.209,0.658,0.657,0.644,0.207,0.652,0.109,0.885,0.639,0.101,0.844,0.854,0.875,0.216,0.213,0.885,0.649,0.862,0.104,0.638,0.654,0.632,0.866,0.883,0.843,0.889,0.871,0.212,0.046,0.658,0.214,0.087,0.105,0.627,0.221,0.211,0.204,0.199,0.861,0.632,0.853,0.212,0.205,0.106,0.626,0.097,0.841,0.09,0.197,0.628,0.909,0.871,0.845,0.63,0.857,0.096,0.206,0.675,0.078,0.873,0.198,0.829,0.605,0.683,0.886,0.833,0.859,0.885,0.088,0.207,0.21,0.604,0.87,0.627,0.63,0.974,0.984,0.629,1.0,0.828,0.851,0.622,0.826,0.85,0.992,0.833,0.995,0.871,0.224,0.218,0.227,0.978,0.225,0.222,0.84,0.22,0.972,0.858,0.838,0.827,0.836,0.227,0.221,0.679,0.871,0.947,0.95,0.985,0.986,0.22,0.22,0.856,0.0,0.981,0.835,0.218
#160 TF_U — WF Unger=1.79 | OOS=1.86,0.138,0.134,0.094,0.206,0.367,0.267,0.135,0.412,0.133,0.116,0.096,0.124,0.09,0.125,0.11,0.117,0.072,0.123,0.13,0.119,0.118,0.092,0.09,0.105,0.0,0.296,0.266,0.193,0.179,0.182,0.186,0.173,0.176,0.174,0.127,0.174,0.215,0.176,0.193,0.166,0.173,0.168,0.897,0.179,0.175,0.176,0.186,0.179,0.174,0.012,0.17,0.171,0.177,0.943,0.13,0.093,0.04,0.173,0.166,0.188,0.119,0.091,0.665,0.0,0.172,0.824,0.657,0.175,0.193,0.176,0.2,0.645,0.196,0.658,0.641,0.873,0.201,0.907,0.117,0.625,0.204,0.643,0.634,0.653,0.182,0.642,0.123,0.874,0.622,0.114,0.828,0.843,0.863,0.217,0.178,0.93,0.641,0.85,0.119,0.635,0.628,0.669,0.893,0.932,0.84,0.87,0.878,0.215,0.037,0.645,0.215,0.095,0.122,0.657,0.217,0.213,0.206,0.192,0.841,0.659,0.924,0.173,0.206,0.114,0.645,0.106,0.93,0.095,0.19,0.657,0.894,0.907,0.917,0.682,0.919,0.112,0.21,0.58,0.078,0.853,0.2,0.917,0.569,0.578,0.93,0.904,0.929,0.921,0.093,0.208,0.21,0.567,0.882,0.676,0.676,0.829,0.838,0.646,0.828,1.0,0.913,0.638,0.897,0.938,0.833,0.927,0.824,0.924,0.217,0.213,0.221,0.819,0.219,0.222,0.903,0.223,0.823,0.876,0.983,0.978,0.897,0.22,0.215,0.574,0.925,0.883,0.893,0.855,0.813,0.215,0.218,0.877,0.0,0.804,0.982,0.214
#161 TF_U — WF Unger=1.79 | OOS=2.04,0.117,0.108,0.09,0.186,0.325,0.232,0.108,0.365,0.111,0.095,0.092,0.11,0.082,0.102,0.089,0.096,0.064,0.091,0.105,0.093,0.091,0.084,0.082,0.088,0.0,0.247,0.227,0.172,0.161,0.16,0.169,0.15,0.154,0.157,0.106,0.15,0.201,0.158,0.168,0.15,0.147,0.143,0.788,0.158,0.153,0.152,0.161,0.157,0.152,0.01,0.144,0.145,0.154,0.836,0.104,0.085,0.034,0.149,0.145,0.162,0.096,0.085,0.618,0.0,0.148,0.789,0.624,0.146,0.166,0.156,0.172,0.598,0.182,0.611,0.57,0.816,0.188,0.786,0.094,0.583,0.191,0.592,0.591,0.588,0.16,0.589,0.1,0.835,0.575,0.092,0.795,0.805,0.832,0.202,0.155,0.82,0.578,0.818,0.09,0.554,0.594,0.611,0.783,0.813,0.788,0.852,0.817,0.201,0.033,0.596,0.202,0.087,0.096,0.619,0.188,0.199,0.189,0.172,0.832,0.61,0.972,0.147,0.193,0.098,0.632,0.089,0.968,0.09,0.174,0.618,0.866,0.804,0.981,0.584,0.989,0.09,0.196,0.531,0.058,0.844,0.186,0.949,0.545,0.535,0.813,0.952,0.973,0.809,0.088,0.188,0.187,0.547,0.767,0.59,0.585,0.834,0.843,0.618,0.851,0.913,1.0,0.608,0.938,0.96,0.845,0.931,0.842,0.798,0.193,0.19,0.196,0.834,0.193,0.2,0.983,0.194,0.837,0.864,0.931,0.909,0.975,0.196,0.189,0.528,0.797,0.845,0.851,0.854,0.84,0.189,0.184,0.863,0.0,0.828,0.92,0.19
#162 TF_U — WF Unger=1.77 | OOS=2.13,0.079,0.082,0.096,0.195,0.429,0.301,0.078,0.418,0.075,0.081,0.098,0.085,0.092,0.08,0.081,0.084,0.097,0.079,0.084,0.076,0.081,0.094,0.094,0.087,0.0,0.262,0.244,0.193,0.171,0.169,0.141,0.169,0.174,0.161,0.079,0.174,0.211,0.178,0.179,0.16,0.18,0.177,0.48,0.155,0.172,0.167,0.174,0.179,0.174,0.004,0.178,0.179,0.177,0.491,0.138,0.095,0.015,0.185,0.183,0.185,0.077,0.095,0.843,0.0,0.169,0.492,0.857,0.184,0.117,0.159,0.123,0.844,0.112,0.843,0.786,0.502,0.116,0.479,0.078,0.835,0.12,0.833,0.825,0.82,0.173,0.831,0.084,0.498,0.863,0.086,0.495,0.501,0.497,0.134,0.184,0.483,0.833,0.495,0.083,0.773,0.816,0.933,0.484,0.488,0.501,0.496,0.5,0.138,0.038,0.831,0.134,0.097,0.078,0.924,0.121,0.14,0.134,0.116,0.496,0.927,0.617,0.181,0.131,0.081,0.944,0.09,0.621,0.099,0.116,0.923,0.501,0.482,0.616,0.913,0.609,0.082,0.138,0.858,0.058,0.497,0.131,0.629,0.877,0.858,0.495,0.622,0.614,0.493,0.099,0.136,0.12,0.879,0.493,0.9,0.902,0.619,0.622,0.98,0.622,0.638,0.608,1.0,0.618,0.623,0.622,0.638,0.621,0.511,0.154,0.152,0.154,0.618,0.155,0.158,0.616,0.15,0.624,0.658,0.631,0.646,0.616,0.155,0.154,0.863,0.517,0.632,0.633,0.631,0.618,0.15,0.139,0.662,0.0,0.619,0.631,0.149
#163 TF_U — WF Unger=1.76 | OOS=1.43,0.109,0.099,0.09,0.179,0.293,0.203,0.098,0.345,0.104,0.081,0.09,0.093,0.08,0.089,0.087,0.091,0.062,0.082,0.095,0.088,0.086,0.082,0.08,0.081,0.0,0.236,0.218,0.158,0.143,0.144,0.17,0.137,0.146,0.138,0.1,0.145,0.2,0.147,0.154,0.132,0.139,0.131,0.768,0.137,0.144,0.139,0.148,0.148,0.144,0.009,0.136,0.138,0.144,0.813,0.107,0.083,0.031,0.139,0.135,0.153,0.082,0.083,0.607,0.0,0.137,0.839,0.615,0.137,0.165,0.136,0.171,0.595,0.175,0.6,0.559,0.836,0.177,0.765,0.09,0.588,0.183,0.586,0.593,0.575,0.145,0.589,0.095,0.838,0.576,0.087,0.851,0.785,0.836,0.193,0.141,0.795,0.572,0.85,0.083,0.545,0.585,0.602,0.761,0.79,0.812,0.812,0.803,0.199,0.035,0.588,0.195,0.085,0.084,0.604,0.181,0.198,0.186,0.174,0.821,0.605,0.964,0.14,0.187,0.088,0.612,0.082,0.947,0.088,0.178,0.605,0.83,0.79,0.973,0.576,0.933,0.077,0.197,0.526,0.06,0.815,0.186,0.96,0.538,0.526,0.792,0.99,0.927,0.786,0.086,0.186,0.181,0.539,0.743,0.578,0.58,0.828,0.829,0.618,0.826,0.897,0.938,0.618,1.0,0.92,0.837,0.913,0.82,0.772,0.187,0.188,0.191,0.836,0.19,0.194,0.958,0.19,0.822,0.839,0.893,0.889,0.969,0.191,0.188,0.52,0.772,0.823,0.837,0.828,0.823,0.188,0.18,0.839,0.0,0.815,0.887,0.188
#164 TF_U — WF Unger=1.76 | OOS=1.49,0.123,0.122,0.09,0.199,0.35,0.255,0.118,0.391,0.121,0.105,0.092,0.115,0.086,0.11,0.098,0.108,0.067,0.109,0.114,0.102,0.104,0.088,0.086,0.098,0.0,0.277,0.25,0.182,0.171,0.173,0.174,0.163,0.168,0.167,0.114,0.166,0.205,0.168,0.182,0.157,0.162,0.155,0.84,0.168,0.167,0.167,0.177,0.173,0.166,0.01,0.16,0.161,0.167,0.896,0.115,0.089,0.037,0.163,0.157,0.182,0.107,0.089,0.65,0.0,0.163,0.805,0.648,0.16,0.18,0.166,0.187,0.617,0.188,0.647,0.606,0.834,0.196,0.842,0.105,0.599,0.201,0.632,0.612,0.627,0.173,0.633,0.107,0.858,0.596,0.104,0.813,0.825,0.847,0.211,0.167,0.876,0.621,0.834,0.103,0.591,0.609,0.655,0.842,0.871,0.806,0.869,0.838,0.207,0.037,0.631,0.209,0.091,0.109,0.664,0.202,0.205,0.198,0.181,0.835,0.656,0.947,0.163,0.2,0.102,0.647,0.099,0.925,0.09,0.182,0.664,0.904,0.876,0.939,0.623,0.967,0.101,0.203,0.545,0.07,0.848,0.193,0.918,0.546,0.544,0.873,0.926,0.981,0.868,0.088,0.2,0.2,0.548,0.828,0.631,0.625,0.832,0.841,0.63,0.85,0.938,0.96,0.623,0.92,1.0,0.845,0.968,0.84,0.859,0.201,0.196,0.204,0.831,0.202,0.206,0.946,0.209,0.834,0.875,0.956,0.933,0.942,0.203,0.198,0.538,0.859,0.868,0.874,0.88,0.835,0.198,0.202,0.874,0.0,0.825,0.943,0.197
#165 TF_U — WF Unger=1.75 | OOS=1.44,0.12,0.12,0.088,0.206,0.36,0.273,0.12,0.403,0.121,0.107,0.094,0.121,0.086,0.106,0.103,0.107,0.069,0.106,0.107,0.103,0.103,0.086,0.084,0.097,0.0,0.315,0.282,0.232,0.211,0.211,0.179,0.199,0.212,0.203,0.117,0.209,0.211,0.217,0.221,0.194,0.211,0.204,0.879,0.206,0.211,0.197,0.208,0.223,0.215,0.012,0.209,0.21,0.213,0.891,0.13,0.085,0.034,0.211,0.207,0.21,0.114,0.085,0.661,0.0,0.198,0.852,0.66,0.208,0.197,0.199,0.199,0.669,0.204,0.645,0.637,0.87,0.206,0.885,0.102,0.649,0.209,0.656,0.66,0.644,0.207,0.653,0.109,0.898,0.639,0.101,0.858,0.858,0.888,0.216,0.213,0.886,0.649,0.875,0.104,0.638,0.652,0.632,0.867,0.885,0.851,0.882,0.878,0.213,0.046,0.656,0.214,0.089,0.105,0.627,0.221,0.212,0.204,0.198,0.855,0.633,0.862,0.212,0.205,0.106,0.626,0.097,0.847,0.092,0.197,0.627,0.901,0.879,0.855,0.63,0.852,0.096,0.208,0.675,0.078,0.866,0.198,0.835,0.605,0.682,0.884,0.843,0.853,0.881,0.091,0.207,0.21,0.604,0.868,0.627,0.631,0.98,0.989,0.629,0.992,0.833,0.845,0.622,0.837,0.845,1.0,0.836,0.99,0.871,0.224,0.218,0.227,0.987,0.225,0.222,0.835,0.22,0.973,0.857,0.834,0.829,0.829,0.227,0.221,0.679,0.871,0.944,0.956,0.977,0.978,0.22,0.22,0.857,0.0,0.974,0.833,0.218
#166 TF_U — WF Unger=1.73 | OOS=1.07,0.144,0.138,0.09,0.211,0.365,0.271,0.138,0.412,0.138,0.123,0.092,0.138,0.086,0.13,0.108,0.12,0.069,0.128,0.13,0.119,0.121,0.088,0.086,0.107,0.0,0.311,0.279,0.186,0.168,0.179,0.179,0.163,0.171,0.167,0.133,0.174,0.209,0.176,0.189,0.157,0.162,0.152,0.871,0.168,0.167,0.173,0.186,0.179,0.171,0.01,0.157,0.158,0.172,0.901,0.121,0.089,0.037,0.168,0.159,0.191,0.126,0.089,0.659,0.0,0.169,0.817,0.651,0.163,0.191,0.173,0.197,0.628,0.195,0.655,0.619,0.846,0.199,0.867,0.119,0.612,0.203,0.637,0.621,0.631,0.173,0.639,0.121,0.858,0.614,0.118,0.817,0.884,0.849,0.212,0.17,0.881,0.644,0.835,0.117,0.606,0.613,0.665,0.863,0.879,0.824,0.869,0.852,0.21,0.038,0.633,0.21,0.091,0.126,0.661,0.206,0.209,0.203,0.189,0.837,0.661,0.938,0.16,0.201,0.115,0.647,0.108,0.938,0.09,0.19,0.66,0.898,0.884,0.931,0.635,0.938,0.116,0.206,0.557,0.087,0.851,0.195,0.926,0.541,0.555,0.879,0.917,0.95,0.878,0.088,0.207,0.203,0.543,0.853,0.632,0.632,0.826,0.834,0.647,0.833,0.927,0.931,0.638,0.913,0.968,0.836,1.0,0.829,0.864,0.212,0.204,0.215,0.822,0.213,0.213,0.918,0.213,0.846,0.872,0.915,0.95,0.913,0.214,0.209,0.551,0.865,0.86,0.867,0.863,0.818,0.206,0.213,0.885,0.0,0.808,0.909,0.206
#167 TF_U — WF Unger=1.71 | OOS=1.66,0.12,0.12,0.085,0.204,0.36,0.273,0.12,0.403,0.121,0.107,0.092,0.121,0.084,0.106,0.103,0.107,0.069,0.106,0.107,0.103,0.103,0.084,0.082,0.097,0.0,0.311,0.279,0.232,0.211,0.211,0.178,0.199,0.212,0.203,0.117,0.209,0.209,0.217,0.221,0.194,0.211,0.204,0.871,0.206,0.211,0.197,0.208,0.223,0.215,0.012,0.209,0.21,0.213,0.888,0.121,0.083,0.034,0.211,0.207,0.21,0.114,0.083,0.661,0.0,0.198,0.827,0.66,0.208,0.199,0.199,0.2,0.669,0.206,0.645,0.637,0.853,0.21,0.881,0.102,0.644,0.21,0.658,0.657,0.644,0.207,0.652,0.109,0.876,0.637,0.101,0.838,0.848,0.866,0.217,0.213,0.882,0.649,0.854,0.104,0.638,0.652,0.632,0.866,0.881,0.836,0.877,0.864,0.213,0.046,0.658,0.215,0.087,0.105,0.627,0.221,0.212,0.205,0.201,0.85,0.632,0.845,0.212,0.206,0.106,0.626,0.097,0.835,0.09,0.198,0.628,0.894,0.864,0.838,0.63,0.847,0.096,0.208,0.675,0.079,0.862,0.2,0.823,0.605,0.683,0.888,0.827,0.848,0.885,0.088,0.208,0.211,0.604,0.864,0.627,0.63,0.973,0.983,0.629,0.995,0.824,0.842,0.621,0.82,0.84,0.99,0.829,1.0,0.87,0.226,0.219,0.23,0.974,0.226,0.223,0.832,0.221,0.972,0.86,0.83,0.823,0.826,0.229,0.222,0.679,0.871,0.953,0.949,0.98,0.978,0.221,0.221,0.859,0.0,0.972,0.836,0.219
#168 TF_U — WF Unger=1.68 | OOS=1.97,0.109,0.108,0.083,0.183,0.305,0.223,0.1,0.353,0.107,0.091,0.085,0.101,0.08,0.102,0.087,0.093,0.064,0.094,0.098,0.093,0.093,0.082,0.08,0.079,0.0,0.236,0.211,0.165,0.15,0.15,0.165,0.143,0.154,0.144,0.1,0.153,0.198,0.152,0.157,0.144,0.155,0.149,0.835,0.148,0.153,0.155,0.158,0.154,0.152,0.009,0.154,0.153,0.151,0.919,0.09,0.083,0.034,0.156,0.149,0.156,0.093,0.083,0.603,0.0,0.154,0.748,0.596,0.151,0.166,0.146,0.169,0.582,0.187,0.6,0.565,0.763,0.193,0.851,0.092,0.564,0.186,0.591,0.587,0.619,0.151,0.581,0.093,0.835,0.55,0.092,0.797,0.751,0.823,0.185,0.155,0.937,0.564,0.812,0.095,0.552,0.592,0.529,0.815,0.925,0.774,0.852,0.804,0.183,0.033,0.596,0.185,0.085,0.096,0.529,0.2,0.181,0.175,0.175,0.823,0.529,0.814,0.155,0.178,0.089,0.517,0.083,0.812,0.086,0.168,0.529,0.839,0.801,0.804,0.551,0.808,0.092,0.178,0.56,0.062,0.831,0.171,0.795,0.561,0.556,0.894,0.785,0.833,0.885,0.084,0.179,0.2,0.567,0.805,0.553,0.553,0.857,0.867,0.517,0.871,0.924,0.798,0.511,0.772,0.859,0.871,0.864,0.87,1.0,0.192,0.193,0.192,0.856,0.194,0.212,0.779,0.208,0.864,0.908,0.922,0.923,0.766,0.193,0.193,0.548,0.991,0.925,0.924,0.895,0.854,0.193,0.199,0.909,0.0,0.844,0.922,0.194
#169 TF_U — WF Unger=1.68 | OOS=1.60,0.109,0.12,0.035,0.12,0.077,0.087,0.108,0.112,0.121,0.102,0.039,0.104,0.037,0.099,0.085,0.091,0.0,0.096,0.091,0.088,0.093,0.035,0.035,0.081,0.027,0.124,0.117,0.077,0.061,0.058,0.098,0.055,0.058,0.066,0.106,0.056,0.095,0.054,0.068,0.069,0.059,0.052,0.192,0.055,0.056,0.067,0.057,0.063,0.057,0.0,0.058,0.057,0.054,0.192,0.045,0.036,0.015,0.055,0.055,0.061,0.107,0.034,0.145,0.0,0.061,0.18,0.147,0.054,0.834,0.06,0.847,0.147,0.922,0.142,0.149,0.185,0.929,0.208,0.098,0.151,0.905,0.128,0.141,0.142,0.062,0.129,0.086,0.18,0.151,0.093,0.168,0.192,0.18,0.921,0.063,0.188,0.139,0.174,0.086,0.144,0.147,0.147,0.189,0.191,0.189,0.191,0.188,0.919,0.033,0.13,0.923,0.034,0.101,0.146,0.868,0.919,0.89,0.917,0.187,0.147,0.195,0.057,0.91,0.085,0.147,0.081,0.201,0.038,0.89,0.146,0.198,0.18,0.194,0.154,0.195,0.082,0.916,0.158,0.014,0.188,0.905,0.201,0.153,0.157,0.188,0.192,0.204,0.192,0.037,0.887,0.898,0.16,0.2,0.155,0.156,0.222,0.225,0.15,0.224,0.217,0.193,0.154,0.187,0.201,0.224,0.212,0.226,0.192,1.0,0.983,0.997,0.221,0.982,0.943,0.194,0.885,0.226,0.224,0.215,0.224,0.189,0.992,0.978,0.159,0.189,0.236,0.233,0.229,0.219,0.963,0.842,0.226,0.0,0.222,0.213,0.965
#170 TF_U — WF Unger=1.68 | OOS=1.93,0.117,0.124,0.037,0.122,0.077,0.087,0.118,0.112,0.128,0.109,0.041,0.113,0.039,0.108,0.09,0.095,0.0,0.103,0.1,0.094,0.098,0.037,0.037,0.085,0.027,0.127,0.12,0.077,0.061,0.058,0.1,0.055,0.058,0.066,0.114,0.056,0.099,0.054,0.068,0.069,0.059,0.052,0.193,0.055,0.056,0.067,0.057,0.063,0.057,0.0,0.058,0.057,0.054,0.196,0.048,0.038,0.015,0.055,0.055,0.061,0.114,0.034,0.141,0.0,0.061,0.185,0.143,0.054,0.884,0.06,0.896,0.144,0.931,0.138,0.148,0.187,0.939,0.208,0.105,0.148,0.944,0.126,0.138,0.141,0.062,0.126,0.093,0.183,0.147,0.098,0.172,0.191,0.182,0.921,0.063,0.191,0.136,0.178,0.091,0.142,0.144,0.145,0.191,0.194,0.194,0.194,0.19,0.924,0.031,0.126,0.92,0.034,0.109,0.144,0.881,0.922,0.926,0.94,0.191,0.145,0.191,0.057,0.921,0.089,0.145,0.085,0.196,0.038,0.943,0.145,0.201,0.181,0.19,0.152,0.192,0.09,0.92,0.151,0.014,0.192,0.923,0.197,0.146,0.15,0.189,0.191,0.2,0.195,0.037,0.921,0.919,0.153,0.2,0.154,0.153,0.219,0.219,0.147,0.218,0.213,0.19,0.152,0.188,0.196,0.218,0.204,0.219,0.193,0.983,1.0,0.99,0.217,0.989,0.923,0.195,0.883,0.22,0.216,0.21,0.217,0.19,0.986,0.992,0.152,0.19,0.231,0.226,0.223,0.216,0.989,0.87,0.219,0.0,0.218,0.208,0.978
#171 TF_U — WF Unger=1.65 | OOS=1.74,0.106,0.117,0.035,0.12,0.077,0.087,0.108,0.112,0.119,0.102,0.039,0.104,0.037,0.099,0.083,0.09,0.0,0.096,0.091,0.088,0.093,0.035,0.035,0.08,0.027,0.124,0.114,0.077,0.061,0.058,0.097,0.055,0.058,0.066,0.103,0.056,0.091,0.054,0.068,0.069,0.059,0.052,0.192,0.055,0.056,0.067,0.057,0.063,0.057,0.0,0.058,0.057,0.054,0.189,0.042,0.036,0.015,0.055,0.055,0.061,0.107,0.034,0.143,0.0,0.061,0.181,0.145,0.054,0.817,0.06,0.831,0.147,0.898,0.14,0.149,0.185,0.907,0.208,0.096,0.151,0.883,0.128,0.14,0.142,0.062,0.128,0.084,0.18,0.151,0.092,0.169,0.192,0.18,0.914,0.063,0.188,0.139,0.175,0.086,0.144,0.145,0.147,0.189,0.191,0.191,0.191,0.188,0.919,0.033,0.128,0.917,0.034,0.101,0.144,0.854,0.915,0.873,0.902,0.188,0.146,0.198,0.057,0.891,0.085,0.145,0.081,0.204,0.038,0.877,0.145,0.198,0.18,0.197,0.154,0.198,0.082,0.914,0.16,0.014,0.189,0.892,0.204,0.156,0.159,0.188,0.196,0.207,0.192,0.037,0.87,0.88,0.162,0.2,0.154,0.155,0.227,0.228,0.15,0.227,0.221,0.196,0.154,0.191,0.204,0.227,0.215,0.23,0.192,0.997,0.99,1.0,0.226,0.99,0.943,0.198,0.887,0.231,0.227,0.218,0.227,0.193,0.99,0.985,0.161,0.186,0.237,0.236,0.233,0.225,0.972,0.83,0.23,0.0,0.227,0.216,0.971
#172 TF_U — WF Unger=1.61 | OOS=1.26,0.111,0.113,0.088,0.199,0.352,0.267,0.11,0.396,0.114,0.1,0.094,0.115,0.086,0.099,0.099,0.102,0.072,0.103,0.098,0.1,0.1,0.086,0.084,0.093,0.0,0.3,0.269,0.228,0.207,0.208,0.178,0.195,0.209,0.2,0.111,0.206,0.209,0.214,0.218,0.191,0.209,0.201,0.861,0.203,0.208,0.194,0.205,0.22,0.212,0.012,0.207,0.208,0.21,0.875,0.127,0.085,0.034,0.209,0.205,0.207,0.107,0.085,0.658,0.0,0.195,0.852,0.658,0.205,0.196,0.196,0.197,0.666,0.199,0.643,0.633,0.867,0.201,0.869,0.094,0.644,0.204,0.653,0.656,0.641,0.204,0.647,0.1,0.885,0.637,0.096,0.858,0.848,0.878,0.209,0.21,0.872,0.643,0.872,0.101,0.633,0.646,0.626,0.852,0.87,0.851,0.869,0.867,0.21,0.045,0.653,0.207,0.089,0.099,0.621,0.213,0.207,0.198,0.198,0.853,0.627,0.848,0.209,0.199,0.099,0.621,0.093,0.835,0.092,0.195,0.62,0.892,0.864,0.845,0.626,0.838,0.09,0.203,0.671,0.079,0.863,0.195,0.832,0.601,0.679,0.872,0.842,0.839,0.867,0.091,0.201,0.203,0.601,0.853,0.623,0.626,0.99,0.985,0.627,0.978,0.819,0.834,0.618,0.836,0.831,0.987,0.822,0.974,0.856,0.221,0.217,0.226,1.0,0.224,0.216,0.832,0.214,0.979,0.847,0.82,0.815,0.826,0.226,0.22,0.68,0.856,0.932,0.945,0.964,0.989,0.219,0.213,0.847,0.0,0.985,0.819,0.216
#173 TF_U — WF Unger=1.59 | OOS=2.31,0.114,0.124,0.035,0.125,0.082,0.091,0.115,0.116,0.126,0.109,0.039,0.113,0.037,0.106,0.089,0.095,0.0,0.101,0.098,0.093,0.097,0.035,0.035,0.084,0.023,0.135,0.127,0.077,0.061,0.058,0.104,0.055,0.058,0.066,0.111,0.056,0.101,0.054,0.068,0.069,0.059,0.052,0.195,0.055,0.056,0.067,0.057,0.063,0.057,0.0,0.058,0.057,0.054,0.196,0.045,0.038,0.015,0.055,0.055,0.061,0.114,0.034,0.145,0.0,0.061,0.185,0.147,0.054,0.843,0.06,0.856,0.148,0.922,0.142,0.151,0.188,0.926,0.211,0.102,0.151,0.907,0.129,0.141,0.144,0.062,0.129,0.091,0.183,0.152,0.096,0.172,0.195,0.182,0.91,0.063,0.191,0.14,0.178,0.09,0.146,0.147,0.148,0.192,0.194,0.195,0.194,0.191,0.914,0.033,0.13,0.91,0.034,0.107,0.146,0.86,0.916,0.889,0.937,0.19,0.147,0.197,0.057,0.911,0.089,0.147,0.084,0.202,0.038,0.904,0.146,0.201,0.182,0.196,0.156,0.197,0.088,0.912,0.158,0.016,0.191,0.921,0.202,0.154,0.157,0.191,0.195,0.205,0.196,0.037,0.888,0.898,0.16,0.202,0.155,0.156,0.225,0.226,0.151,0.225,0.219,0.193,0.155,0.19,0.202,0.225,0.213,0.226,0.194,0.982,0.989,0.99,0.224,1.0,0.931,0.196,0.884,0.229,0.225,0.216,0.225,0.19,0.994,0.995,0.159,0.191,0.238,0.234,0.231,0.223,0.973,0.843,0.227,0.0,0.225,0.214,0.97
#174 TF_U — WF Unger=1.59 | OOS=1.83,0.152,0.153,0.039,0.134,0.094,0.1,0.148,0.13,0.155,0.13,0.046,0.144,0.043,0.132,0.114,0.119,0.0,0.123,0.132,0.111,0.118,0.041,0.041,0.103,0.023,0.131,0.123,0.084,0.064,0.067,0.121,0.062,0.063,0.072,0.144,0.062,0.113,0.059,0.079,0.072,0.062,0.055,0.22,0.058,0.061,0.07,0.063,0.072,0.065,0.0,0.06,0.06,0.059,0.213,0.059,0.038,0.019,0.058,0.058,0.07,0.136,0.036,0.157,0.0,0.064,0.186,0.152,0.057,0.88,0.063,0.895,0.15,0.935,0.151,0.166,0.19,0.945,0.235,0.131,0.153,0.937,0.137,0.147,0.153,0.068,0.141,0.123,0.192,0.151,0.12,0.177,0.196,0.19,0.952,0.066,0.208,0.148,0.184,0.108,0.156,0.154,0.157,0.217,0.209,0.194,0.204,0.196,0.946,0.034,0.14,0.946,0.037,0.132,0.158,0.984,0.946,0.921,0.924,0.198,0.158,0.2,0.059,0.933,0.106,0.155,0.102,0.2,0.043,0.914,0.158,0.208,0.194,0.198,0.164,0.204,0.114,0.941,0.154,0.019,0.199,0.928,0.201,0.152,0.152,0.204,0.197,0.21,0.209,0.041,0.917,0.956,0.158,0.222,0.167,0.166,0.217,0.22,0.153,0.222,0.222,0.2,0.158,0.194,0.206,0.222,0.213,0.223,0.212,0.943,0.923,0.943,0.216,0.931,1.0,0.202,0.978,0.221,0.224,0.221,0.228,0.198,0.936,0.925,0.153,0.207,0.24,0.236,0.23,0.215,0.918,0.952,0.226,0.0,0.217,0.219,0.916
#175 TF_U — WF Unger=1.59 | OOS=1.68,0.106,0.099,0.09,0.177,0.313,0.221,0.095,0.358,0.102,0.086,0.092,0.101,0.082,0.093,0.085,0.091,0.064,0.084,0.095,0.088,0.087,0.084,0.082,0.083,0.0,0.232,0.214,0.175,0.161,0.16,0.167,0.15,0.16,0.154,0.098,0.158,0.201,0.16,0.171,0.147,0.152,0.143,0.766,0.155,0.158,0.155,0.164,0.164,0.158,0.009,0.149,0.151,0.156,0.815,0.101,0.085,0.034,0.151,0.147,0.169,0.086,0.085,0.614,0.0,0.151,0.789,0.624,0.149,0.166,0.153,0.172,0.596,0.182,0.609,0.565,0.815,0.188,0.765,0.088,0.582,0.191,0.592,0.59,0.586,0.16,0.593,0.093,0.819,0.575,0.087,0.798,0.783,0.815,0.203,0.155,0.803,0.576,0.821,0.085,0.552,0.594,0.607,0.762,0.798,0.789,0.835,0.799,0.203,0.033,0.596,0.202,0.087,0.086,0.616,0.188,0.2,0.19,0.174,0.834,0.608,0.956,0.152,0.193,0.091,0.627,0.083,0.951,0.09,0.178,0.617,0.848,0.786,0.964,0.581,0.974,0.081,0.197,0.534,0.056,0.844,0.188,0.964,0.549,0.536,0.799,0.976,0.958,0.793,0.088,0.189,0.188,0.55,0.748,0.588,0.582,0.831,0.833,0.62,0.84,0.903,0.983,0.616,0.958,0.946,0.835,0.918,0.832,0.779,0.194,0.195,0.198,0.832,0.196,0.202,1.0,0.196,0.832,0.852,0.919,0.898,0.991,0.198,0.193,0.529,0.779,0.833,0.838,0.844,0.837,0.193,0.184,0.851,0.0,0.826,0.908,0.193
#176 TF_U — WF Unger=1.57 | OOS=2.15,0.155,0.153,0.039,0.131,0.089,0.096,0.15,0.125,0.155,0.133,0.046,0.146,0.041,0.134,0.118,0.122,0.0,0.124,0.134,0.113,0.121,0.041,0.041,0.104,0.023,0.124,0.117,0.077,0.061,0.064,0.123,0.062,0.061,0.069,0.146,0.059,0.115,0.057,0.075,0.066,0.057,0.052,0.215,0.058,0.061,0.064,0.06,0.066,0.062,0.0,0.058,0.057,0.056,0.209,0.056,0.04,0.019,0.053,0.053,0.067,0.138,0.036,0.147,0.0,0.058,0.178,0.143,0.052,0.877,0.06,0.892,0.142,0.939,0.143,0.157,0.182,0.948,0.224,0.133,0.145,0.943,0.131,0.14,0.146,0.068,0.133,0.126,0.189,0.144,0.123,0.176,0.191,0.187,0.96,0.06,0.207,0.139,0.182,0.11,0.149,0.147,0.148,0.213,0.206,0.188,0.2,0.191,0.956,0.035,0.133,0.955,0.037,0.134,0.148,0.981,0.955,0.936,0.929,0.197,0.15,0.198,0.057,0.951,0.107,0.147,0.105,0.198,0.043,0.917,0.148,0.202,0.19,0.195,0.157,0.198,0.118,0.95,0.148,0.017,0.196,0.947,0.197,0.153,0.146,0.201,0.192,0.207,0.206,0.041,0.93,0.972,0.16,0.213,0.157,0.158,0.215,0.218,0.145,0.22,0.223,0.194,0.15,0.19,0.209,0.22,0.213,0.221,0.208,0.885,0.883,0.887,0.214,0.884,0.978,0.196,1.0,0.218,0.224,0.223,0.228,0.193,0.878,0.879,0.146,0.204,0.238,0.234,0.228,0.213,0.868,0.953,0.227,0.0,0.215,0.221,0.877
#177 TF_U — WF Unger=1.57 | OOS=1.26,0.129,0.134,0.085,0.206,0.367,0.28,0.133,0.409,0.133,0.126,0.092,0.144,0.084,0.123,0.11,0.115,0.074,0.119,0.118,0.113,0.114,0.084,0.082,0.106,0.0,0.315,0.282,0.235,0.211,0.214,0.185,0.199,0.215,0.207,0.127,0.214,0.215,0.222,0.225,0.197,0.214,0.204,0.872,0.206,0.211,0.203,0.215,0.23,0.217,0.012,0.209,0.21,0.215,0.884,0.13,0.083,0.034,0.216,0.21,0.217,0.133,0.083,0.665,0.0,0.203,0.837,0.665,0.21,0.205,0.206,0.206,0.674,0.207,0.651,0.639,0.87,0.209,0.879,0.111,0.65,0.21,0.66,0.657,0.646,0.207,0.652,0.116,0.874,0.645,0.112,0.843,0.885,0.866,0.214,0.218,0.882,0.652,0.855,0.113,0.639,0.651,0.632,0.864,0.879,0.857,0.874,0.874,0.213,0.045,0.658,0.212,0.087,0.12,0.627,0.216,0.213,0.203,0.202,0.857,0.63,0.841,0.212,0.204,0.117,0.627,0.106,0.842,0.09,0.201,0.627,0.9,0.866,0.838,0.63,0.84,0.11,0.209,0.674,0.089,0.869,0.198,0.836,0.605,0.682,0.877,0.83,0.841,0.873,0.088,0.208,0.208,0.605,0.867,0.627,0.629,0.98,0.979,0.635,0.972,0.823,0.837,0.624,0.822,0.834,0.973,0.846,0.972,0.864,0.226,0.22,0.231,0.979,0.229,0.221,0.832,0.218,1.0,0.85,0.824,0.838,0.825,0.23,0.224,0.685,0.863,0.927,0.933,0.957,0.977,0.221,0.221,0.861,0.0,0.973,0.823,0.222
#178 TF_U — WF Unger=1.57 | OOS=2.37,0.152,0.155,0.09,0.208,0.395,0.294,0.143,0.436,0.155,0.137,0.092,0.146,0.084,0.143,0.128,0.131,0.072,0.136,0.148,0.137,0.136,0.086,0.084,0.132,0.0,0.33,0.295,0.249,0.232,0.23,0.188,0.225,0.234,0.223,0.144,0.236,0.216,0.238,0.243,0.219,0.24,0.235,0.928,0.22,0.231,0.224,0.23,0.242,0.234,0.025,0.236,0.236,0.244,0.913,0.152,0.087,0.04,0.247,0.241,0.245,0.14,0.087,0.681,0.0,0.233,0.834,0.682,0.252,0.19,0.219,0.196,0.688,0.195,0.674,0.691,0.858,0.199,0.931,0.131,0.671,0.201,0.678,0.672,0.678,0.231,0.671,0.151,0.879,0.67,0.124,0.84,0.869,0.87,0.213,0.244,0.909,0.68,0.855,0.142,0.693,0.673,0.669,0.921,0.908,0.848,0.884,0.877,0.211,0.049,0.679,0.211,0.089,0.141,0.664,0.219,0.211,0.202,0.195,0.855,0.669,0.864,0.238,0.202,0.137,0.663,0.133,0.86,0.09,0.185,0.664,0.898,0.885,0.859,0.68,0.869,0.129,0.208,0.674,0.109,0.867,0.197,0.848,0.732,0.675,0.906,0.846,0.871,0.9,0.088,0.207,0.205,0.698,0.917,0.676,0.679,0.848,0.854,0.665,0.858,0.876,0.864,0.658,0.839,0.875,0.857,0.872,0.86,0.908,0.224,0.216,0.227,0.847,0.225,0.224,0.852,0.224,0.85,1.0,0.879,0.879,0.847,0.227,0.22,0.671,0.906,0.874,0.871,0.865,0.846,0.219,0.218,0.989,0.0,0.844,0.881,0.217
#179 TF_U — WF Unger=1.57 | OOS=2.17,0.132,0.129,0.09,0.203,0.365,0.264,0.13,0.407,0.128,0.112,0.092,0.124,0.086,0.123,0.107,0.114,0.069,0.119,0.125,0.114,0.114,0.088,0.086,0.104,0.0,0.288,0.26,0.196,0.182,0.185,0.181,0.176,0.179,0.18,0.122,0.177,0.212,0.178,0.196,0.169,0.175,0.171,0.885,0.182,0.178,0.179,0.189,0.182,0.177,0.01,0.173,0.174,0.177,0.941,0.118,0.089,0.04,0.175,0.169,0.191,0.114,0.089,0.659,0.0,0.174,0.814,0.655,0.175,0.186,0.179,0.194,0.632,0.198,0.655,0.636,0.841,0.203,0.897,0.113,0.615,0.204,0.642,0.629,0.651,0.185,0.639,0.119,0.865,0.613,0.11,0.82,0.829,0.854,0.219,0.181,0.928,0.63,0.841,0.115,0.626,0.625,0.656,0.885,0.929,0.815,0.876,0.845,0.216,0.035,0.645,0.217,0.091,0.119,0.661,0.217,0.214,0.205,0.19,0.841,0.656,0.92,0.176,0.209,0.112,0.647,0.105,0.904,0.09,0.188,0.66,0.901,0.873,0.914,0.669,0.937,0.11,0.212,0.575,0.076,0.855,0.202,0.896,0.562,0.573,0.931,0.9,0.947,0.924,0.088,0.207,0.211,0.561,0.875,0.677,0.67,0.821,0.83,0.638,0.838,0.983,0.931,0.631,0.893,0.956,0.834,0.915,0.83,0.922,0.215,0.21,0.218,0.82,0.216,0.221,0.919,0.223,0.824,0.879,1.0,0.976,0.913,0.218,0.212,0.568,0.923,0.888,0.894,0.864,0.823,0.213,0.214,0.878,0.0,0.814,0.994,0.212
#180 TF_U — WF Unger=1.54 | OOS=1.60,0.147,0.141,0.09,0.213,0.377,0.278,0.145,0.423,0.14,0.128,0.092,0.141,0.086,0.138,0.114,0.122,0.069,0.131,0.139,0.127,0.126,0.088,0.086,0.111,0.0,0.311,0.279,0.204,0.182,0.188,0.186,0.173,0.179,0.177,0.136,0.182,0.216,0.183,0.2,0.169,0.178,0.171,0.907,0.179,0.175,0.185,0.196,0.192,0.179,0.01,0.173,0.174,0.179,0.939,0.127,0.089,0.04,0.182,0.173,0.197,0.131,0.089,0.671,0.0,0.183,0.824,0.662,0.179,0.197,0.183,0.205,0.645,0.203,0.664,0.645,0.853,0.206,0.91,0.123,0.631,0.206,0.648,0.641,0.656,0.182,0.65,0.128,0.865,0.63,0.121,0.823,0.87,0.854,0.221,0.187,0.93,0.65,0.842,0.126,0.642,0.633,0.669,0.898,0.932,0.835,0.872,0.862,0.219,0.038,0.648,0.219,0.091,0.132,0.663,0.221,0.218,0.211,0.196,0.843,0.665,0.916,0.176,0.21,0.122,0.653,0.112,0.916,0.09,0.195,0.663,0.898,0.884,0.909,0.682,0.915,0.122,0.215,0.586,0.089,0.854,0.203,0.903,0.573,0.584,0.93,0.897,0.924,0.923,0.088,0.214,0.214,0.572,0.89,0.682,0.682,0.819,0.828,0.654,0.827,0.978,0.909,0.646,0.889,0.933,0.829,0.95,0.823,0.923,0.224,0.217,0.227,0.815,0.225,0.228,0.898,0.228,0.838,0.879,0.976,1.0,0.892,0.227,0.221,0.581,0.924,0.884,0.891,0.854,0.811,0.219,0.226,0.89,0.0,0.802,0.976,0.218
#181 TF_U — WF Unger=1.53 | OOS=1.60,0.103,0.094,0.09,0.177,0.305,0.214,0.093,0.353,0.099,0.079,0.09,0.093,0.082,0.086,0.083,0.088,0.067,0.079,0.093,0.085,0.083,0.084,0.082,0.08,0.0,0.232,0.214,0.172,0.161,0.157,0.167,0.15,0.157,0.151,0.095,0.158,0.198,0.158,0.168,0.144,0.149,0.143,0.751,0.155,0.158,0.152,0.161,0.164,0.158,0.009,0.149,0.151,0.156,0.801,0.101,0.085,0.031,0.149,0.147,0.169,0.079,0.085,0.605,0.0,0.151,0.787,0.617,0.149,0.162,0.153,0.168,0.591,0.175,0.6,0.559,0.806,0.182,0.752,0.086,0.58,0.185,0.586,0.585,0.58,0.16,0.586,0.091,0.803,0.571,0.084,0.799,0.767,0.8,0.198,0.155,0.787,0.57,0.805,0.081,0.546,0.591,0.602,0.748,0.783,0.785,0.821,0.783,0.201,0.033,0.59,0.197,0.087,0.08,0.611,0.182,0.199,0.185,0.172,0.838,0.603,0.948,0.152,0.188,0.086,0.622,0.081,0.943,0.09,0.175,0.612,0.836,0.773,0.956,0.576,0.966,0.075,0.199,0.534,0.056,0.828,0.187,0.955,0.548,0.535,0.785,0.967,0.955,0.778,0.088,0.184,0.183,0.549,0.734,0.583,0.578,0.825,0.827,0.615,0.836,0.897,0.975,0.616,0.969,0.942,0.829,0.913,0.826,0.766,0.189,0.19,0.193,0.826,0.19,0.198,0.991,0.193,0.825,0.847,0.913,0.892,1.0,0.192,0.189,0.528,0.766,0.827,0.833,0.837,0.833,0.189,0.179,0.846,0.0,0.824,0.902,0.189
#182 TF_U — WF Unger=1.53 | OOS=2.06,0.109,0.12,0.035,0.124,0.082,0.091,0.11,0.116,0.121,0.105,0.039,0.107,0.037,0.102,0.085,0.091,0.0,0.097,0.093,0.09,0.094,0.035,0.035,0.081,0.027,0.131,0.123,0.077,0.061,0.058,0.1,0.055,0.058,0.066,0.106,0.056,0.096,0.054,0.068,0.069,0.059,0.052,0.193,0.055,0.056,0.067,0.057,0.063,0.057,0.0,0.058,0.057,0.054,0.194,0.042,0.036,0.015,0.055,0.055,0.061,0.11,0.034,0.145,0.0,0.061,0.183,0.147,0.054,0.824,0.06,0.838,0.148,0.9,0.142,0.151,0.187,0.907,0.209,0.098,0.151,0.884,0.129,0.141,0.144,0.062,0.129,0.086,0.181,0.152,0.093,0.171,0.193,0.181,0.905,0.063,0.19,0.14,0.177,0.087,0.146,0.147,0.148,0.191,0.193,0.194,0.192,0.19,0.913,0.033,0.13,0.907,0.034,0.103,0.146,0.85,0.915,0.875,0.914,0.19,0.147,0.198,0.057,0.893,0.086,0.147,0.082,0.203,0.038,0.887,0.146,0.199,0.181,0.197,0.156,0.198,0.084,0.912,0.16,0.016,0.191,0.902,0.203,0.156,0.159,0.189,0.196,0.207,0.193,0.037,0.873,0.878,0.162,0.201,0.155,0.156,0.227,0.228,0.151,0.227,0.22,0.196,0.155,0.191,0.203,0.227,0.214,0.229,0.193,0.992,0.986,0.99,0.226,0.994,0.936,0.198,0.878,0.23,0.227,0.218,0.227,0.192,1.0,0.989,0.161,0.19,0.239,0.236,0.232,0.224,0.97,0.829,0.229,0.0,0.227,0.216,0.967
#183 TF_U — WF Unger=1.52 | OOS=1.73,0.117,0.127,0.037,0.125,0.082,0.091,0.118,0.116,0.128,0.112,0.041,0.115,0.039,0.108,0.09,0.096,0.0,0.103,0.1,0.094,0.098,0.037,0.037,0.085,0.023,0.135,0.127,0.077,0.061,0.058,0.105,0.055,0.058,0.066,0.114,0.056,0.102,0.054,0.068,0.069,0.059,0.052,0.193,0.055,0.056,0.067,0.057,0.063,0.057,0.0,0.058,0.057,0.054,0.196,0.048,0.038,0.015,0.055,0.055,0.061,0.117,0.034,0.143,0.0,0.061,0.185,0.145,0.054,0.867,0.06,0.88,0.147,0.922,0.14,0.149,0.188,0.928,0.209,0.105,0.149,0.935,0.128,0.14,0.142,0.062,0.128,0.093,0.183,0.151,0.098,0.172,0.193,0.182,0.912,0.063,0.191,0.139,0.178,0.091,0.144,0.145,0.147,0.191,0.194,0.195,0.194,0.191,0.916,0.031,0.128,0.91,0.034,0.109,0.144,0.87,0.917,0.909,0.937,0.19,0.146,0.194,0.057,0.911,0.091,0.145,0.085,0.199,0.038,0.928,0.145,0.201,0.182,0.193,0.154,0.193,0.09,0.912,0.155,0.016,0.191,0.919,0.199,0.15,0.154,0.189,0.192,0.201,0.195,0.037,0.908,0.908,0.157,0.201,0.154,0.155,0.221,0.222,0.15,0.221,0.215,0.189,0.154,0.188,0.198,0.221,0.209,0.222,0.193,0.978,0.992,0.985,0.22,0.995,0.925,0.193,0.879,0.224,0.22,0.212,0.221,0.189,0.989,1.0,0.156,0.19,0.234,0.229,0.226,0.219,0.975,0.857,0.223,0.0,0.221,0.21,0.974
#184 TF_U — WF Unger=1.50 | OOS=1.79,0.088,0.092,0.098,0.215,0.481,0.349,0.088,0.483,0.087,0.091,0.1,0.104,0.094,0.102,0.094,0.1,0.111,0.101,0.1,0.099,0.104,0.096,0.096,0.114,0.0,0.311,0.286,0.232,0.225,0.217,0.146,0.218,0.223,0.216,0.089,0.22,0.221,0.235,0.218,0.213,0.224,0.223,0.522,0.216,0.222,0.212,0.221,0.223,0.223,0.01,0.223,0.223,0.233,0.516,0.146,0.097,0.015,0.245,0.243,0.226,0.091,0.097,0.904,0.0,0.209,0.507,0.909,0.243,0.119,0.216,0.123,0.907,0.118,0.896,0.885,0.526,0.121,0.528,0.082,0.866,0.129,0.9,0.885,0.895,0.219,0.891,0.1,0.536,0.888,0.098,0.525,0.518,0.537,0.14,0.227,0.517,0.897,0.535,0.113,0.889,0.883,0.871,0.531,0.532,0.526,0.537,0.54,0.143,0.052,0.9,0.139,0.099,0.09,0.866,0.131,0.145,0.133,0.133,0.539,0.868,0.527,0.225,0.133,0.107,0.866,0.115,0.523,0.101,0.126,0.866,0.531,0.513,0.523,0.876,0.53,0.099,0.143,0.978,0.068,0.541,0.135,0.522,0.902,0.989,0.537,0.523,0.53,0.536,0.101,0.132,0.127,0.904,0.541,0.87,0.871,0.681,0.682,0.869,0.679,0.574,0.528,0.863,0.52,0.538,0.679,0.551,0.679,0.548,0.159,0.152,0.161,0.68,0.159,0.153,0.529,0.146,0.685,0.671,0.568,0.581,0.528,0.161,0.156,1.0,0.548,0.687,0.688,0.685,0.68,0.153,0.143,0.674,0.0,0.682,0.568,0.15
#185 TF_U — WF Unger=1.48 | OOS=1.54,0.114,0.113,0.083,0.185,0.305,0.223,0.105,0.353,0.111,0.095,0.085,0.107,0.08,0.106,0.09,0.096,0.064,0.097,0.102,0.094,0.096,0.082,0.08,0.081,0.0,0.24,0.214,0.165,0.15,0.15,0.169,0.143,0.154,0.144,0.106,0.153,0.201,0.152,0.157,0.144,0.155,0.149,0.841,0.148,0.153,0.155,0.158,0.154,0.152,0.009,0.154,0.153,0.151,0.948,0.093,0.083,0.034,0.156,0.149,0.156,0.098,0.083,0.611,0.0,0.154,0.76,0.605,0.151,0.166,0.146,0.169,0.589,0.185,0.608,0.57,0.775,0.19,0.866,0.096,0.572,0.185,0.597,0.594,0.62,0.151,0.588,0.098,0.844,0.558,0.095,0.806,0.761,0.832,0.182,0.155,0.932,0.57,0.821,0.096,0.555,0.6,0.534,0.824,0.921,0.785,0.863,0.814,0.179,0.033,0.605,0.181,0.085,0.099,0.534,0.194,0.177,0.173,0.174,0.832,0.533,0.814,0.155,0.177,0.093,0.523,0.084,0.813,0.086,0.168,0.534,0.851,0.813,0.803,0.55,0.808,0.096,0.174,0.559,0.064,0.842,0.17,0.796,0.56,0.556,0.91,0.785,0.834,0.895,0.084,0.176,0.197,0.566,0.814,0.552,0.552,0.857,0.868,0.523,0.871,0.925,0.797,0.517,0.772,0.859,0.871,0.865,0.871,0.991,0.189,0.19,0.186,0.856,0.191,0.207,0.779,0.204,0.863,0.906,0.923,0.924,0.766,0.19,0.19,0.548,1.0,0.927,0.925,0.896,0.855,0.189,0.194,0.906,0.0,0.844,0.924,0.19
#186 TF_U — WF Unger=1.47 | OOS=1.91,0.138,0.141,0.088,0.208,0.38,0.285,0.135,0.423,0.136,0.126,0.092,0.141,0.086,0.132,0.116,0.124,0.069,0.126,0.13,0.122,0.125,0.086,0.084,0.114,0.0,0.315,0.286,0.232,0.214,0.211,0.183,0.205,0.215,0.207,0.133,0.214,0.215,0.217,0.221,0.194,0.214,0.21,0.917,0.206,0.214,0.203,0.215,0.223,0.215,0.012,0.215,0.213,0.218,0.938,0.13,0.087,0.04,0.216,0.21,0.22,0.133,0.087,0.679,0.0,0.203,0.826,0.673,0.215,0.211,0.203,0.215,0.675,0.212,0.666,0.666,0.855,0.215,0.928,0.115,0.652,0.218,0.678,0.665,0.673,0.21,0.671,0.126,0.875,0.653,0.12,0.838,0.848,0.865,0.223,0.216,0.931,0.673,0.852,0.126,0.669,0.661,0.652,0.913,0.931,0.838,0.876,0.866,0.221,0.049,0.678,0.221,0.089,0.126,0.647,0.232,0.22,0.215,0.213,0.846,0.652,0.848,0.214,0.216,0.124,0.64,0.115,0.842,0.088,0.205,0.647,0.903,0.889,0.843,0.661,0.849,0.114,0.217,0.694,0.093,0.859,0.211,0.828,0.63,0.692,0.93,0.83,0.858,0.923,0.086,0.215,0.225,0.631,0.91,0.661,0.663,0.93,0.936,0.64,0.947,0.883,0.845,0.632,0.823,0.868,0.944,0.86,0.953,0.925,0.236,0.231,0.237,0.932,0.238,0.24,0.833,0.238,0.927,0.874,0.888,0.884,0.827,0.239,0.234,0.687,0.927,1.0,0.993,0.961,0.935,0.233,0.236,0.873,0.0,0.933,0.89,0.231
#187 TF_U — WF Unger=1.43 | OOS=1.19,0.138,0.141,0.09,0.21,0.382,0.287,0.135,0.425,0.136,0.126,0.094,0.141,0.088,0.132,0.116,0.124,0.069,0.126,0.13,0.122,0.125,0.088,0.086,0.114,0.0,0.318,0.286,0.235,0.218,0.214,0.183,0.205,0.218,0.21,0.133,0.217,0.213,0.22,0.225,0.197,0.216,0.21,0.921,0.21,0.217,0.206,0.218,0.226,0.217,0.012,0.215,0.216,0.221,0.938,0.135,0.089,0.04,0.218,0.212,0.223,0.133,0.089,0.681,0.0,0.206,0.846,0.674,0.217,0.205,0.206,0.209,0.677,0.206,0.668,0.667,0.868,0.209,0.929,0.115,0.655,0.212,0.679,0.668,0.673,0.213,0.674,0.126,0.893,0.654,0.12,0.854,0.858,0.883,0.222,0.218,0.932,0.674,0.87,0.126,0.67,0.663,0.654,0.916,0.932,0.848,0.882,0.877,0.221,0.049,0.679,0.22,0.091,0.126,0.649,0.231,0.22,0.21,0.205,0.853,0.654,0.863,0.217,0.211,0.124,0.642,0.115,0.851,0.09,0.199,0.648,0.912,0.902,0.858,0.662,0.855,0.114,0.217,0.695,0.095,0.866,0.206,0.837,0.631,0.693,0.931,0.844,0.865,0.924,0.088,0.21,0.22,0.632,0.915,0.662,0.666,0.939,0.945,0.641,0.95,0.893,0.851,0.633,0.837,0.874,0.956,0.867,0.949,0.924,0.233,0.226,0.236,0.945,0.234,0.236,0.838,0.234,0.933,0.871,0.894,0.891,0.833,0.236,0.229,0.688,0.925,0.993,1.0,0.964,0.938,0.229,0.231,0.871,0.0,0.936,0.891,0.228
#188 TF_U — WF Unger=1.42 | OOS=1.26,0.129,0.131,0.088,0.208,0.377,0.287,0.13,0.421,0.128,0.119,0.092,0.132,0.086,0.119,0.108,0.117,0.069,0.119,0.118,0.111,0.112,0.086,0.084,0.107,0.0,0.318,0.286,0.228,0.214,0.211,0.178,0.202,0.218,0.207,0.125,0.217,0.209,0.22,0.221,0.194,0.214,0.204,0.891,0.206,0.217,0.203,0.215,0.22,0.217,0.01,0.212,0.213,0.218,0.915,0.132,0.087,0.034,0.216,0.21,0.22,0.126,0.087,0.681,0.0,0.203,0.832,0.673,0.212,0.203,0.203,0.206,0.677,0.207,0.666,0.655,0.861,0.209,0.904,0.111,0.653,0.212,0.678,0.665,0.664,0.21,0.673,0.116,0.884,0.65,0.112,0.843,0.855,0.874,0.221,0.213,0.909,0.671,0.86,0.114,0.655,0.658,0.65,0.891,0.905,0.843,0.887,0.872,0.217,0.048,0.678,0.219,0.089,0.119,0.645,0.227,0.216,0.209,0.205,0.859,0.65,0.854,0.214,0.21,0.114,0.638,0.107,0.844,0.088,0.199,0.646,0.919,0.898,0.848,0.646,0.859,0.107,0.213,0.692,0.087,0.871,0.203,0.832,0.618,0.691,0.909,0.835,0.869,0.904,0.086,0.21,0.215,0.617,0.894,0.644,0.646,0.961,0.968,0.638,0.985,0.855,0.854,0.631,0.828,0.88,0.977,0.863,0.98,0.895,0.229,0.223,0.233,0.964,0.231,0.23,0.844,0.228,0.957,0.865,0.864,0.854,0.837,0.232,0.226,0.685,0.896,0.961,0.964,1.0,0.971,0.226,0.229,0.863,0.0,0.969,0.86,0.225
#189 TF_U — WF Unger=1.42 | OOS=1.58,0.111,0.113,0.085,0.199,0.352,0.267,0.11,0.396,0.114,0.1,0.092,0.115,0.084,0.099,0.099,0.102,0.072,0.103,0.098,0.1,0.1,0.084,0.082,0.093,0.0,0.3,0.269,0.228,0.207,0.208,0.178,0.195,0.209,0.2,0.111,0.206,0.209,0.214,0.218,0.191,0.209,0.201,0.854,0.203,0.208,0.194,0.205,0.22,0.212,0.012,0.207,0.208,0.21,0.872,0.124,0.083,0.034,0.209,0.205,0.207,0.107,0.083,0.658,0.0,0.195,0.832,0.658,0.205,0.194,0.196,0.196,0.666,0.198,0.643,0.633,0.856,0.199,0.866,0.094,0.641,0.203,0.655,0.653,0.641,0.204,0.645,0.1,0.871,0.637,0.096,0.842,0.843,0.864,0.208,0.21,0.869,0.643,0.856,0.101,0.633,0.648,0.626,0.849,0.867,0.842,0.874,0.858,0.207,0.045,0.654,0.206,0.087,0.099,0.621,0.212,0.204,0.197,0.198,0.86,0.626,0.838,0.209,0.198,0.099,0.621,0.093,0.828,0.09,0.194,0.622,0.898,0.855,0.835,0.626,0.842,0.09,0.2,0.671,0.078,0.87,0.193,0.824,0.601,0.68,0.873,0.83,0.845,0.869,0.088,0.2,0.201,0.601,0.853,0.623,0.625,0.984,0.979,0.627,0.986,0.813,0.84,0.618,0.823,0.835,0.978,0.818,0.978,0.854,0.219,0.216,0.225,0.989,0.223,0.215,0.837,0.213,0.977,0.846,0.823,0.811,0.833,0.224,0.219,0.68,0.855,0.935,0.938,0.971,1.0,0.218,0.212,0.845,0.0,0.995,0.82,0.215
#190 TF_U — WF Unger=1.36 | OOS=1.85,0.123,0.131,0.037,0.122,0.077,0.087,0.12,0.112,0.136,0.112,0.041,0.115,0.039,0.11,0.094,0.098,0.0,0.104,0.102,0.096,0.1,0.037,0.037,0.086,0.023,0.124,0.117,0.07,0.057,0.051,0.1,0.052,0.055,0.059,0.119,0.054,0.098,0.052,0.061,0.063,0.057,0.049,0.195,0.052,0.053,0.064,0.054,0.06,0.054,0.0,0.055,0.055,0.051,0.194,0.048,0.038,0.015,0.053,0.053,0.057,0.117,0.034,0.141,0.0,0.058,0.183,0.143,0.052,0.863,0.056,0.869,0.144,0.9,0.138,0.148,0.185,0.907,0.209,0.111,0.146,0.913,0.126,0.137,0.142,0.059,0.126,0.098,0.181,0.146,0.1,0.173,0.188,0.181,0.9,0.06,0.191,0.136,0.177,0.092,0.142,0.142,0.145,0.194,0.194,0.194,0.19,0.188,0.905,0.033,0.13,0.898,0.034,0.111,0.144,0.864,0.904,0.9,0.914,0.187,0.145,0.194,0.054,0.896,0.091,0.145,0.086,0.197,0.038,0.918,0.145,0.196,0.181,0.193,0.152,0.193,0.092,0.906,0.153,0.014,0.188,0.902,0.198,0.148,0.152,0.191,0.192,0.2,0.193,0.037,0.897,0.892,0.155,0.2,0.154,0.153,0.221,0.221,0.147,0.22,0.215,0.189,0.15,0.188,0.198,0.22,0.206,0.221,0.193,0.963,0.989,0.972,0.219,0.973,0.918,0.193,0.868,0.221,0.219,0.213,0.219,0.189,0.97,0.975,0.153,0.189,0.233,0.229,0.226,0.218,1.0,0.851,0.221,0.0,0.22,0.211,0.988
#191 TF_U — WF Unger=1.33 | OOS=1.24,0.161,0.153,0.039,0.136,0.094,0.1,0.155,0.13,0.155,0.135,0.046,0.152,0.041,0.136,0.116,0.119,0.0,0.129,0.134,0.113,0.118,0.041,0.041,0.1,0.027,0.131,0.123,0.081,0.061,0.067,0.127,0.062,0.063,0.072,0.149,0.062,0.12,0.059,0.079,0.069,0.059,0.052,0.221,0.058,0.061,0.067,0.063,0.069,0.065,0.0,0.058,0.057,0.059,0.213,0.059,0.04,0.015,0.055,0.055,0.07,0.14,0.036,0.155,0.0,0.061,0.181,0.145,0.054,0.914,0.063,0.924,0.138,0.919,0.149,0.159,0.185,0.923,0.232,0.133,0.138,0.929,0.131,0.132,0.142,0.068,0.136,0.126,0.18,0.138,0.12,0.166,0.196,0.178,0.875,0.063,0.204,0.145,0.171,0.106,0.153,0.139,0.136,0.219,0.204,0.183,0.191,0.185,0.869,0.03,0.133,0.869,0.037,0.136,0.135,0.955,0.867,0.867,0.875,0.186,0.136,0.19,0.057,0.866,0.106,0.133,0.1,0.193,0.043,0.885,0.135,0.201,0.19,0.187,0.141,0.189,0.116,0.863,0.144,0.019,0.187,0.859,0.192,0.144,0.141,0.198,0.184,0.198,0.204,0.041,0.87,0.945,0.152,0.217,0.141,0.142,0.216,0.219,0.134,0.22,0.218,0.184,0.139,0.18,0.202,0.22,0.213,0.221,0.199,0.842,0.87,0.83,0.213,0.843,0.952,0.184,0.953,0.221,0.218,0.214,0.226,0.179,0.829,0.857,0.143,0.194,0.236,0.231,0.229,0.212,0.851,1.0,0.225,0.0,0.214,0.212,0.87
#192 TF_U — WF Unger=1.28 | OOS=1.15,0.158,0.162,0.09,0.211,0.404,0.303,0.153,0.445,0.162,0.149,0.092,0.161,0.084,0.153,0.132,0.136,0.074,0.145,0.157,0.145,0.143,0.086,0.084,0.138,0.0,0.333,0.299,0.249,0.232,0.23,0.19,0.225,0.234,0.223,0.149,0.239,0.219,0.24,0.243,0.219,0.24,0.235,0.931,0.22,0.231,0.227,0.233,0.245,0.234,0.023,0.236,0.236,0.241,0.915,0.152,0.087,0.04,0.249,0.241,0.248,0.152,0.087,0.683,0.0,0.235,0.839,0.683,0.25,0.199,0.223,0.205,0.69,0.198,0.675,0.692,0.862,0.203,0.932,0.137,0.674,0.206,0.679,0.674,0.678,0.231,0.673,0.156,0.879,0.674,0.132,0.843,0.885,0.87,0.216,0.247,0.912,0.686,0.855,0.149,0.697,0.675,0.67,0.923,0.91,0.855,0.887,0.879,0.215,0.049,0.679,0.214,0.089,0.151,0.665,0.22,0.214,0.205,0.198,0.859,0.67,0.864,0.238,0.205,0.145,0.664,0.139,0.862,0.09,0.191,0.665,0.903,0.887,0.859,0.681,0.868,0.139,0.212,0.674,0.112,0.871,0.2,0.85,0.732,0.675,0.906,0.846,0.87,0.903,0.088,0.211,0.208,0.699,0.921,0.677,0.681,0.847,0.853,0.67,0.856,0.877,0.863,0.662,0.839,0.874,0.857,0.885,0.859,0.909,0.226,0.219,0.23,0.847,0.227,0.226,0.851,0.227,0.861,0.989,0.878,0.89,0.846,0.229,0.223,0.674,0.906,0.873,0.871,0.863,0.845,0.221,0.225,1.0,0.0,0.842,0.88,0.221
#193 RBB_U — WF Unger=1.28 | OOS=1.65,0.0,0.0,0.0,0.0,0.0,0.0,0.0,0.0,0.0,0.0,0.0,0.0,0.0,0.0,0.0,0.0,0.0,0.0,0.0,0.0,0.0,0.0,0.0,0.0,0.027,0.0,0.0,0.0,0.0,0.0,0.0,0.0,0.0,0.0,0.0,0.0,0.0,0.0,0.0,0.0,0.0,0.0,0.0,0.0,0.0,0.0,0.0,0.0,0.0,0.012,0.0,0.0,0.0,0.0,0.003,0.0,0.0,0.0,0.0,0.0,0.0,0.0,0.0,0.0,0.0,0.0,0.0,0.0,0.0,0.0,0.0,0.0,0.0,0.0,0.0,0.0,0.0,0.0,0.0,0.0,0.0,0.0,0.0,0.0,0.0,0.0,0.0,0.0,0.0,0.0,0.0,0.0,0.0,0.0,0.0,0.0,0.0,0.0,0.0,0.0,0.0,0.0,0.0,0.0,0.0,0.0,0.0,0.0,0.001,0.0,0.0,0.0,0.0,0.0,0.0,0.0,0.0,0.0,0.0,0.0,0.0,0.0,0.0,0.0,0.0,0.0,0.0,0.0,0.0,0.0,0.0,0.0,0.0,0.0,0.0,0.0,0.0,0.0,0.0,0.0,0.0,0.0,0.0,0.0,0.0,0.0,0.0,0.0,0.0,0.0,0.0,0.0,0.0,0.0,0.0,0.0,0.0,0.0,0.0,0.0,0.0,0.0,0.0,0.0,0.0,0.0,0.0,0.0,0.0,0.0,0.0,0.0,0.0,0.0,0.0,0.0,0.0,0.0,0.0,0.0,0.0,0.0,0.0,0.0,0.0,0.0,0.0,0.0,0.0,0.0,0.0,0.0,1.0,0.0,0.0,0.0
#194 TF_U — WF Unger=1.26 | OOS=1.49,0.111,0.115,0.083,0.195,0.355,0.269,0.11,0.398,0.114,0.1,0.087,0.115,0.082,0.099,0.099,0.103,0.067,0.103,0.098,0.099,0.1,0.082,0.08,0.094,0.0,0.292,0.263,0.228,0.207,0.208,0.176,0.195,0.207,0.2,0.111,0.206,0.205,0.212,0.218,0.191,0.206,0.201,0.838,0.203,0.208,0.191,0.202,0.22,0.212,0.012,0.207,0.208,0.21,0.856,0.124,0.081,0.034,0.206,0.205,0.207,0.107,0.081,0.652,0.0,0.195,0.831,0.653,0.205,0.197,0.196,0.199,0.662,0.201,0.638,0.628,0.843,0.203,0.853,0.094,0.639,0.206,0.65,0.646,0.636,0.204,0.641,0.1,0.856,0.639,0.098,0.836,0.827,0.849,0.211,0.21,0.856,0.638,0.841,0.101,0.629,0.639,0.622,0.835,0.855,0.834,0.857,0.844,0.21,0.045,0.648,0.209,0.085,0.099,0.617,0.213,0.207,0.199,0.201,0.848,0.622,0.827,0.209,0.2,0.099,0.617,0.094,0.816,0.09,0.197,0.618,0.879,0.841,0.823,0.622,0.831,0.09,0.204,0.668,0.078,0.853,0.196,0.813,0.598,0.677,0.86,0.819,0.831,0.858,0.088,0.202,0.204,0.598,0.84,0.619,0.622,0.979,0.974,0.624,0.981,0.804,0.828,0.619,0.815,0.825,0.974,0.808,0.972,0.844,0.222,0.218,0.227,0.985,0.225,0.217,0.826,0.215,0.973,0.844,0.814,0.802,0.824,0.227,0.221,0.682,0.844,0.933,0.936,0.969,0.995,0.22,0.214,0.842,0.0,1.0,0.812,0.217
#195 TF_U — WF Unger=1.21 | OOS=1.58,0.129,0.127,0.09,0.201,0.365,0.264,0.128,0.407,0.126,0.109,0.092,0.121,0.086,0.121,0.105,0.112,0.069,0.118,0.123,0.114,0.112,0.088,0.086,0.103,0.0,0.281,0.253,0.196,0.182,0.185,0.181,0.176,0.179,0.18,0.119,0.177,0.212,0.178,0.196,0.169,0.175,0.171,0.885,0.182,0.178,0.179,0.189,0.182,0.177,0.01,0.173,0.174,0.177,0.941,0.115,0.089,0.04,0.175,0.169,0.191,0.112,0.089,0.659,0.0,0.174,0.807,0.655,0.175,0.183,0.179,0.191,0.632,0.195,0.655,0.636,0.833,0.199,0.895,0.111,0.615,0.201,0.642,0.629,0.651,0.185,0.639,0.116,0.857,0.613,0.109,0.814,0.82,0.846,0.217,0.181,0.927,0.63,0.834,0.115,0.626,0.625,0.656,0.888,0.928,0.806,0.865,0.838,0.213,0.035,0.645,0.215,0.091,0.117,0.659,0.216,0.212,0.203,0.187,0.83,0.656,0.914,0.176,0.206,0.111,0.645,0.104,0.898,0.09,0.185,0.66,0.886,0.864,0.907,0.669,0.926,0.109,0.209,0.575,0.074,0.844,0.2,0.889,0.562,0.573,0.937,0.895,0.934,0.924,0.088,0.204,0.208,0.564,0.866,0.676,0.67,0.819,0.828,0.638,0.835,0.982,0.92,0.631,0.887,0.943,0.833,0.909,0.836,0.922,0.213,0.208,0.216,0.819,0.214,0.219,0.908,0.221,0.823,0.881,0.994,0.976,0.902,0.216,0.21,0.568,0.924,0.89,0.891,0.86,0.82,0.211,0.212,0.88,0.0,0.812,1.0,0.21
#196 TF_U — WF Unger=1.07 | OOS=1.61,0.126,0.134,0.037,0.115,0.077,0.082,0.12,0.112,0.138,0.112,0.041,0.115,0.039,0.11,0.096,0.1,0.0,0.104,0.102,0.096,0.1,0.037,0.037,0.087,0.023,0.116,0.11,0.07,0.057,0.051,0.097,0.052,0.055,0.059,0.122,0.054,0.098,0.052,0.061,0.063,0.057,0.049,0.196,0.052,0.053,0.064,0.054,0.06,0.054,0.0,0.055,0.055,0.051,0.196,0.051,0.038,0.015,0.053,0.053,0.057,0.117,0.034,0.139,0.0,0.058,0.183,0.141,0.052,0.892,0.056,0.898,0.142,0.914,0.136,0.146,0.184,0.922,0.211,0.113,0.148,0.926,0.124,0.135,0.141,0.059,0.125,0.1,0.183,0.144,0.101,0.173,0.192,0.182,0.909,0.06,0.193,0.134,0.177,0.092,0.14,0.141,0.143,0.195,0.195,0.192,0.191,0.19,0.913,0.034,0.128,0.907,0.034,0.111,0.143,0.876,0.912,0.908,0.924,0.187,0.144,0.193,0.054,0.907,0.091,0.144,0.086,0.196,0.038,0.925,0.143,0.198,0.182,0.192,0.151,0.192,0.092,0.914,0.15,0.014,0.188,0.91,0.195,0.146,0.149,0.192,0.191,0.199,0.195,0.037,0.922,0.908,0.152,0.201,0.153,0.152,0.217,0.219,0.146,0.218,0.214,0.19,0.149,0.188,0.197,0.218,0.206,0.219,0.194,0.965,0.978,0.971,0.216,0.97,0.916,0.193,0.877,0.222,0.217,0.212,0.218,0.189,0.967,0.974,0.15,0.19,0.231,0.228,0.225,0.215,0.988,0.87,0.221,0.0,0.217,0.21,1.0
