n_trades,net_profit,gross_profit,gross_loss,profit_factor,win_rate,avg_trade,avg_win,avg_loss,max_dd,max_dd_closed,max_dd_pct,n_years,profitable_years,profitable_years_ratio,yearly_trades_mean,yearly_trades_std,yearly_trades_cv,min_yearly_trades,unger_score,top_trade_pct,np_dd,recovery_trades,first_trade,last_trade,engine,phase,p_le_day,p_lx_day,p_le_time,p_lx_time,p_se_day,p_sx_day,p_se_time,p_sx_time,p_ptn_ly_yes,p_ptn_ly_no,p_ptn_sy_yes,p_ptn_sy_no,p_stop_loss,p_take_profit,oos_n_trades,oos_net_profit,oos_gross_profit,oos_gross_loss,oos_profit_factor,oos_win_rate,oos_avg_trade,oos_avg_win,oos_avg_loss,oos_max_dd,oos_max_dd_closed,oos_max_dd_pct,oos_n_years,oos_profitable_years,oos_profitable_years_ratio,oos_yearly_trades_mean,oos_yearly_trades_std,oos_yearly_trades_cv,oos_min_yearly_trades,oos_top_trade_pct,oos_np_dd,oos_recovery_trades,oos_unger_score,passes_oos_gate,passes_oos_hard,overall_pass
183,186123.0,308769.0,122646.0,2.517562741548848,0.5956284153005464,1017.0655737704918,2832.743119266055,-1657.3783783783783,20828.0,12738.0,0.20828,10,8,0.8,18.3,3.6345563690772495,0.1986096376544945,9,8.832112998087156,0.13714586590587943,8.936191665066257,20.47852226753276,2012-01-16 02:00:00,2021-05-19 05:00:00,BIASW,7,0,4,200,100,-1,0,100,100,14,139,152,153,5000,0,80,110095.0,293809.0,183714.0,1.5992738713435013,0.4875,1376.1875,7533.5641025641025,-4480.829268292683,45591.0,42517.0,0.45591,5,5,1.0,16.0,5.366563145999495,0.33541019662496846,7,0.19797447658840092,2.4148406483735827,33.128479949134835,8.077509857536588,True,False,False
183,170633.0,290984.0,120351.0,2.41779461741074,0.5683060109289617,932.4207650273224,2797.923076923077,-1523.4303797468353,17752.0,9027.0,0.17752,10,8,0.8,18.3,3.6345563690772495,0.1986096376544945,9,8.770568383514318,0.14959591638194253,9.612043713384407,19.03861503929486,2012-01-16 02:00:00,2021-05-17 16:30:00,BIASW,7,0,4,200,100,-1,0,100,100,14,139,152,153,3000,0,80,97945.0,244589.0,146644.0,1.6679100406426448,0.3625,1224.3125,8434.103448275862,-2875.372549019608,35363.0,31937.0,0.35363,5,4,0.8,16.0,5.366563145999495,0.33541019662496846,7,0.2225330542651488,2.7697027967084242,28.883965490836694,8.15938038346588,True,False,False
183,175848.0,303522.0,127674.0,2.377320362799004,0.5846994535519126,960.9180327868852,2836.654205607477,-1679.921052631579,20752.0,12027.0,0.20752,10,7,0.7,18.3,3.6345563690772495,0.1986096376544945,9,8.359798530048664,0.1451594558937264,8.47378565921357,21.59601474000273,2012-01-16 02:00:00,2021-05-17 20:00:00,BIASW,7,0,4,200,100,-1,0,100,100,14,139,152,153,4000,0,80,108065.0,272815.0,164750.0,1.6559332321699545,0.4375,1350.8125,7794.714285714285,-3661.1111111111113,37948.0,31517.0,0.37948,5,4,0.8,16.0,5.366563145999495,0.33541019662496846,7,0.20169342525331976,2.8477126594286917,28.09272197288669,8.690406109281355,True,False,False
183,138633.0,254112.0,115479.0,2.2005039877380304,0.6120218579234973,757.5573770491803,2268.8571428571427,-1626.4647887323943,13362.0,10018.0,0.13362,10,8,0.8,18.3,3.6345563690772495,0.1986096376544945,9,8.213329478783125,0.036001529217430196,10.375168387965873,17.638267944861614,2012-01-16 02:00:00,2021-05-19 05:00:00,BIASW,7,0,4,200,100,-1,0,100,100,14,139,152,153,5000,5000,80,58160.0,211707.0,153547.0,1.3787765309644604,0.5875,727.0,4504.404255319149,-4652.939393939394,39011.0,35937.0,0.39011,5,4,0.8,16.0,5.366563145999495,0.33541019662496846,7,0.08581499312242091,1.4908615518699855,53.66024759284732,4.6129666655988455,True,False,False
183,135618.0,251931.0,116313.0,2.1659745686208765,0.5792349726775956,741.0819672131148,2376.7075471698113,-1510.5584415584415,13597.0,9027.0,0.13597,10,8,0.8,18.3,3.6345563690772495,0.1986096376544945,9,7.964969991136345,0.044175551917887,9.974111936456572,18.34749811971862,2012-01-16 02:00:00,2021-05-17 16:30:00,BIASW,7,0,4,200,100,-1,0,100,100,14,139,152,153,3000,6000,80,45955.0,182643.0,136688.0,1.3362036169963714,0.4125,574.4375,5534.636363636364,-2908.255319148936,35011.0,31937.0,0.35011,5,3,0.6,16.0,5.366563145999495,0.33541019662496846,7,0.13036666303993036,1.3125874725086402,60.94831900772495,3.8475119085102665,True,False,False
183,145808.0,266296.0,120488.0,2.2101454086714027,0.6065573770491803,796.7650273224044,2399.063063063063,-1673.4444444444443,16633.0,10018.0,0.16633,10,8,0.8,18.3,3.6345563690772495,0.1986096376544945,9,7.742557091666257,0.0410882804784374,8.766187699152288,20.875665258422032,2012-01-16 02:00:00,2021-05-19 05:00:00,BIASW,7,0,4,200,100,-1,0,100,100,14,139,152,153,5000,6000,80,58280.0,226854.0,168574.0,1.3457235398104097,0.55,728.5,5155.772727272727,-4682.611111111111,48011.0,44937.0,0.48011,5,4,0.8,16.0,5.366563145999495,0.33541019662496846,7,0.1027968428277282,1.2138884838891086,65.90391214824983,4.166761351015248,True,False,False
183,128948.0,244427.0,115479.0,2.1166359251465634,0.6120218579234973,704.6338797814208,2182.3839285714284,-1626.4647887323943,13362.0,10018.0,0.13362,10,8,0.8,18.3,3.6345563690772495,0.1986096376544945,9,7.6395404386410615,0.03482799267921953,9.650351743750935,18.963039364705153,2012-01-16 02:00:00,2021-05-19 05:00:00,BIASW,7,0,4,200,100,-1,0,100,100,14,139,152,153,5000,4500,80,53670.0,202009.0,148339.0,1.3618064029014623,0.6125,670.875,4122.632653061224,-4785.129032258064,39691.0,36617.0,0.39691,5,4,0.8,16.0,5.366563145999495,0.33541019662496846,7,0.08367803242034656,1.3521957118742285,59.163033351965716,4.220219450891918,True,False,False
183,127443.0,240747.0,113304.0,2.1247881804702393,0.5846994535519126,696.4098360655738,2249.9719626168226,-1490.842105263158,13597.0,9027.0,0.13597,10,8,0.8,18.3,3.6345563690772495,0.1986096376544945,9,7.484844715158675,0.03916260602779282,9.372876369787454,19.52442268308185,2012-01-16 02:00:00,2021-05-17 16:30:00,BIASW,7,0,4,200,100,-1,0,100,100,14,139,152,153,3000,5000,80,44535.0,172196.0,127661.0,1.3488536044680834,0.45,556.6875,4783.222222222223,-2901.3863636363635,27011.0,23937.0,0.27011,5,4,0.8,16.0,5.366563145999495,0.33541019662496846,7,0.11206915908835748,1.648772722224279,48.52093858762771,4.245028254207584,True,False,False
183,157703.0,280349.0,122646.0,2.2858389185134453,0.5956284153005464,861.7650273224044,2572.0091743119265,-1657.3783783783783,20828.0,12738.0,0.20828,10,8,0.8,18.3,3.6345563690772495,0.1986096376544945,9,7.4834959469669995,0.06335326531518107,7.571682350681774,24.169001223819457,2012-01-16 02:00:00,2021-05-19 05:00:00,BIASW,7,0,4,200,100,-1,0,100,100,14,139,152,153,5000,10000,80,132890.0,309912.0,177022.0,1.7506976533990126,0.525,1661.125,7378.857142857143,-4658.473684210527,45591.0,42517.0,0.45591,5,5,1.0,16.0,5.366563145999495,0.33541019662496846,7,0.07518248175182482,2.914829681296747,27.44585747610806,9.749945819229186,True,False,False
183,138413.0,261049.0,122636.0,2.1286490100786066,0.5956284153005464,756.3551912568306,2394.9449541284403,-1657.2432432432433,16597.0,12027.0,0.16597,10,7,0.7,18.3,3.6345563690772495,0.1986096376544945,9,7.35784173441366,0.043283506607038356,8.339639693920589,21.94339404535701,2012-01-16 02:00:00,2021-05-17 20:00:00,BIASW,7,0,4,200,100,-1,0,100,100,14,139,152,153,4000,6000,80,62450.0,214060.0,151610.0,1.4119121429984829,0.5,780.625,5351.5,-3790.25,37011.0,33937.0,0.37011,5,4,0.8,16.0,5.366563145999495,0.33541019662496846,7,0.09593274619695756,1.6873361973467347,47.41200960768615,5.085298997387478,True,False,False
183,154558.0,276175.0,121617.0,2.2708585148457865,0.6010928961748634,844.5792349726776,2510.681818181818,-1665.986301369863,20828.0,13468.0,0.20828,10,7,0.7,18.3,3.6345563690772495,0.1986096376544945,9,7.334255953097439,0.04846724207093777,7.420683695025927,24.660800476196638,2012-01-16 02:00:00,2021-05-19 05:00:00,BIASW,7,0,4,200,100,-1,0,100,100,14,139,152,153,5000,7500,80,102365.0,270939.0,168574.0,1.6072407370057067,0.55,1279.5625,6157.704545454545,-4682.611111111111,46511.0,43437.0,0.46511,5,4,0.8,16.0,5.366563145999495,0.33541019662496846,7,0.07449811947442973,2.20087721184236,36.34914277340888,7.435721449126749,True,False,False
183,141633.0,261984.0,120351.0,2.1768327641648177,0.5683060109289617,773.9508196721312,2519.076923076923,-1523.4303797468353,17752.0,9027.0,0.17752,10,8,0.8,18.3,3.6345563690772495,0.1986096376544945,9,7.279962913752224,0.07054146985518911,7.978424966200992,22.93685793565059,2012-01-16 02:00:00,2021-05-17 16:30:00,BIASW,7,0,4,200,100,-1,0,100,100,14,139,152,153,3000,10000,80,108195.0,250901.0,142706.0,1.7581671408350035,0.3875,1352.4375,8093.580645161291,-2912.3673469387754,35011.0,31937.0,0.35011,5,5,1.0,16.0,5.366563145999495,0.33541019662496846,7,0.09234252969176025,3.0903144725943275,25.887333056056196,9.058460470923041,True,False,False
183,140988.0,260310.0,119322.0,2.181575903856791,0.5737704918032787,770.4262295081967,2479.1428571428573,-1529.7692307692307,17752.0,9027.0,0.17752,10,7,0.7,18.3,3.6345563690772495,0.1986096376544945,9,7.246809792097171,0.053132181462252105,7.942091031996394,23.041790790705594,2012-01-16 02:00:00,2021-05-17 16:30:00,BIASW,7,0,4,200,100,-1,0,100,100,14,139,152,153,3000,7500,80,83660.0,220348.0,136688.0,1.6120508018260564,0.4125,1045.75,6677.212121212121,-2908.255319148936,35011.0,31937.0,0.35011,5,5,1.0,16.0,5.366563145999495,0.33541019662496846,7,0.09115467367917762,2.389534717660164,33.47932106143916,7.004305217407658,True,False,False
183,121283.0,236428.0,115145.0,2.053306700247514,0.6174863387978142,662.7486338797814,2092.283185840708,-1644.9285714285713,13362.0,10018.0,0.13362,10,8,0.8,18.3,3.6345563690772495,0.1986096376544945,9,7.185426551941124,0.03290650791949407,9.076710073342314,20.161490068682337,2012-01-16 02:00:00,2021-05-19 05:00:00,BIASW,7,0,4,200,100,-1,0,100,100,14,139,152,153,5000,4000,80,42220.0,185550.0,143330.0,1.2945649898834857,0.625,527.75,3711.0,-4777.666666666667,41191.0,38117.0,0.41191,5,4,0.8,16.0,5.366563145999495,0.33541019662496846,7,0.09452865940312648,1.0249811852103614,78.05021316911416,3.258866134690079,True,False,False
183,109493.0,230975.0,121482.0,1.9013104822113565,0.546448087431694,598.3224043715848,2309.75,-1463.6385542168675,11133.0,10217.0,0.11133,10,7,0.7,18.3,3.6345563690772495,0.1986096376544945,9,7.106710231098215,0.054715826582521256,9.834995059732327,18.60702510662782,2012-01-16 02:00:00,2021-05-17 16:00:00,BIASW,7,0,4,200,100,-1,0,100,100,14,139,152,153,2250,6000,80,10830.0,137334.0,126504.0,1.0856099411876303,0.3,135.375,5722.25,-2259.0,34268.0,30573.0,0.34268,5,3,0.6,16.0,5.366563145999495,0.33541019662496846,7,0.5531855955678671,0.31603828644799814,253.13388734995382,0.9165022542471889,False,False,False
183,147428.0,275102.0,127674.0,2.154722183059981,0.5846994535519126,805.6174863387978,2571.0467289719627,-1679.921052631579,20752.0,12027.0,0.20752,10,7,0.7,18.3,3.6345563690772495,0.1986096376544945,9,7.008714217324135,0.0677686735219904,7.104279105628373,25.759123097376346,2012-01-16 02:00:00,2021-05-17 20:00:00,BIASW,7,0,4,200,100,-1,0,100,100,14,139,152,153,4000,10000,80,130060.0,289118.0,159058.0,1.817689144840247,0.475,1625.75,7608.368421052632,-3787.095238095238,35568.0,31517.0,0.35568,5,5,1.0,16.0,5.366563145999495,0.33541019662496846,7,0.07681839151161003,3.6566576698155644,21.877902506535445,10.803475390573878,True,False,False
183,141798.0,267798.0,126000.0,2.1253809523809526,0.5355191256830601,774.8524590163935,2732.6326530612246,-1482.3529411764705,19208.0,13348.0,0.19208,10,7,0.7,18.3,3.6345563690772495,0.1986096376544945,9,7.0067623726208055,0.18001664339412404,7.382236568096626,24.789235391190285,2012-01-16 02:00:00,2021-05-17 16:00:00,BIASW,7,0,4,200,100,-1,0,100,100,14,139,152,153,2250,0,80,31755.0,165965.0,134210.0,1.2366068102227852,0.25,396.9375,8298.25,-2236.8333333333335,41368.0,37673.0,0.41368,5,2,0.4,16.0,5.366563145999495,0.33541019662496846,7,0.5646669815777043,0.7676223167665829,104.21791843804125,2.4458471601095417,True,False,False
183,112828.0,236236.0,123408.0,1.9142681187605342,0.5519125683060109,616.5464480874317,2338.970297029703,-1504.9756097560976,12208.0,10227.0,0.12208,10,7,0.7,18.3,3.6345563690772495,0.1986096376544945,9,6.9933133284495685,0.053098521643563656,9.24213630406291,19.800616868153295,2012-01-16 02:00:00,2021-05-17 16:00:00,BIASW,7,0,4,200,100,-1,0,100,100,14,139,152,153,2500,6000,80,28570.0,155303.0,126733.0,1.2254345750514861,0.35,357.125,5546.535714285715,-2437.173076923077,38593.0,34898.0,0.38593,5,2,0.4,16.0,5.366563145999495,0.33541019662496846,7,0.20969548477423872,0.7402896898401264,108.06580329016451,2.2782712547353565,True,False,False
183,118258.0,231562.0,113304.0,2.043723081268093,0.5846994535519126,646.2185792349727,2164.1308411214955,-1490.842105263158,13597.0,9105.0,0.13597,10,8,0.8,18.3,3.6345563690772495,0.1986096376544945,9,6.945401209366026,0.03797628913054508,8.697359711701111,21.04086827106834,2012-01-16 02:00:00,2021-05-17 16:30:00,BIASW,7,0,4,200,100,-1,0,100,100,14,139,152,153,3000,4500,80,41545.0,165998.0,124453.0,1.3338207998200124,0.475,519.3125,4368.368421052632,-2963.1666666666665,27191.0,24117.0,0.27191,5,3,0.6,16.0,5.366563145999495,0.33541019662496846,7,0.10809965098086412,1.527895259460851,52.35961006137923,3.946895549146757,True,False,False
183,118123.0,228084.0,109961.0,2.074226316603159,0.5956284153005464,645.4808743169399,2092.5137614678897,-1485.9594594594594,13597.0,9605.0,0.13597,10,8,0.8,18.3,3.6345563690772495,0.1986096376544945,9,6.937472535083826,0.03378681543814498,8.687431050967126,21.06491538481075,2012-01-16 02:00:00,2021-05-17 16:30:00,BIASW,7,0,4,200,100,-1,0,100,100,14,139,152,153,3000,4000,80,24595.0,149048.0,124453.0,1.1976248061517198,0.475,307.4375,3922.315789473684,-2963.1666666666665,28191.0,25117.0,0.28191,5,3,0.6,16.0,5.366563145999495,0.33541019662496846,7,0.16226875381175035,0.8724415593629172,91.6966863183574,2.2947799468074495,False,False,False
183,130238.0,248865.0,118627.0,2.0978782233387,0.6010928961748634,711.6830601092896,2262.409090909091,-1625.027397260274,16597.0,12027.0,0.16597,10,8,0.8,18.3,3.6345563690772495,0.1986096376544945,9,6.923270153862471,0.03832214868164437,7.84708079773453,23.320774274789233,2012-01-16 02:00:00,2021-05-17 20:00:00,BIASW,7,0,4,200,100,-1,0,100,100,14,139,152,153,4000,5000,80,61330.0,200913.0,139583.0,1.4393801537436508,0.5375,766.625,4672.395348837209,-3772.5135135135133,29219.0,25937.0,0.29219,5,4,0.8,16.0,5.366563145999495,0.33541019662496846,7,0.0813794227947171,2.098976693247544,38.11381053318115,5.62069151829146,True,True,True
183,144633.0,273059.0,128426.0,2.1261971874854,0.5409836065573771,790.344262295082,2758.1717171717173,-1528.8809523809523,20708.0,14848.0,0.20708,10,7,0.7,18.3,3.6345563690772495,0.1986096376544945,9,6.883141118846368,0.17648807671831462,6.984402163415106,26.20124038082595,2012-01-16 02:00:00,2021-05-17 16:00:00,BIASW,7,0,4,200,100,-1,0,100,100,14,139,152,153,2500,0,80,67690.0,202879.0,135189.0,1.5007064184216172,0.3,846.125,8453.291666666666,-2414.089285714286,45693.0,41998.0,0.45693,5,3,0.6,16.0,5.366563145999495,0.33541019662496846,7,0.321997340818437,1.4814085308471756,54.00265918156301,4.960770521896812,True,False,False
183,144283.0,270928.0,126645.0,2.1392711911247977,0.5901639344262295,788.431693989071,2508.5925925925926,-1688.6,20752.0,12348.0,0.20752,10,7,0.7,18.3,3.6345563690772495,0.1986096376544945,9,6.859201192569785,0.051918798472446515,6.952727447956823,26.320606031202566,2012-01-16 02:00:00,2021-05-17 20:00:00,BIASW,7,0,4,200,100,-1,0,100,100,14,139,152,153,4000,7500,80,103535.0,255145.0,151610.0,1.682903502407493,0.5,1294.1875,6378.625,-3790.25,35568.0,32437.0,0.35568,5,5,1.0,16.0,5.366563145999495,0.33541019662496846,7,0.07365625150915149,2.9109030589293745,27.482880185444536,8.600167803806448,True,False,False
183,104413.0,225312.0,120899.0,1.863638243492502,0.5573770491803278,570.5628415300547,2208.9411764705883,-1492.5802469135801,11776.0,10227.0,0.11776,10,8,0.8,18.3,3.6345563690772495,0.1986096376544945,9,6.589372102111508,0.04780056123279668,8.866593070652174,20.639269056535102,2012-01-16 02:00:00,2021-05-17 16:00:00,BIASW,7,0,4,200,100,-1,0,100,100,14,139,152,153,2500,5000,80,29650.0,148856.0,119206.0,1.2487290908175763,0.3875,370.625,4801.806451612903,-2432.7755102040815,25013.0,21318.0,0.25013,5,3,0.6,16.0,5.366563145999495,0.33541019662496846,7,0.16833052276559865,1.1853836005277256,67.48870151770657,2.9369142476900456,True,False,False
183,101098.0,220321.0,119223.0,1.8479739647551228,0.5519125683060109,552.448087431694,2181.3960396039606,-1453.939024390244,11057.0,10217.0,0.11057,10,8,0.8,18.3,3.6345563690772495,0.1986096376544945,9,6.58434027039444,0.04936794001859582,9.143348105272677,20.014550238382558,2012-01-16 02:00:00,2021-05-17 16:00:00,BIASW,7,0,4,200,100,-1,0,100,100,14,139,152,153,2250,5000,80,13160.0,132887.0,119727.0,1.1099167272210946,0.3375,164.5,4921.740740740741,-2259.0,27316.0,22464.0,0.27316,5,4,0.8,16.0,5.366563145999495,0.33541019662496846,7,0.3792553191489362,0.4817689266364036,166.0547112462006,1.247374315296047,False,False,False
183,99718.0,214089.0,114371.0,1.8718818581633456,0.5683060109289617,544.9071038251366,2058.548076923077,-1447.73417721519,11057.0,10217.0,0.11057,10,8,0.8,18.3,3.6345563690772495,0.1986096376544945,9,6.494463224625538,0.04002286447782747,9.018540291218233,20.291532120580037,2012-01-16 02:00:00,2021-05-17 16:00:00,BIASW,7,0,4,200,100,-1,0,100,100,14,139,152,153,2250,4000,80,530.0,115739.0,115209.0,1.0046003350432693,0.3625,6.625,3991.0,-2259.0,32587.0,28612.0,0.32587,5,3,0.6,16.0,5.366563145999495,0.33541019662496846,7,7.530188679245283,0.016264154417405714,4918.792452830188,0.04599420740525364,False,False,False
183,120918.0,235202.0,114284.0,2.058048370725561,0.6120218579234973,660.7540983606557,2100.0178571428573,-1609.6338028169014,16597.0,12027.0,0.16597,10,8,0.8,18.3,3.6345563690772495,0.1986096376544945,9,6.4278319727325535,0.03300583866752675,7.285533530156052,25.118270232719695,2012-01-16 02:00:00,2021-05-17 20:00:00,BIASW,7,0,4,200,100,-1,0,100,100,14,139,152,153,4000,4000,80,45390.0,176756.0,131366.0,1.3455231947383646,0.575,567.375,3842.521739130435,-3863.705882352941,31191.0,28117.0,0.31191,5,4,0.8,16.0,5.366563145999495,0.33541019662496846,7,0.08792685613571272,1.4552274694623448,54.97422339722406,4.026196744868401,True,False,False
183,120553.0,239180.0,118627.0,2.016235764202079,0.6010928961748634,658.75956284153,2174.3636363636365,-1625.027397260274,16597.0,12027.0,0.16597,10,8,0.8,18.3,3.6345563690772495,0.1986096376544945,9,6.408429082591736,0.03725332426401665,7.26354160390432,25.19432116994185,2012-01-16 02:00:00,2021-05-17 20:00:00,BIASW,7,0,4,200,100,-1,0,100,100,14,139,152,153,4000,4500,80,56840.0,192215.0,135375.0,1.419870729455217,0.5625,710.5,4271.444444444444,-3867.8571428571427,29691.0,26617.0,0.29691,5,4,0.8,16.0,5.366563145999495,0.33541019662496846,7,0.0790112596762843,1.9143848304199926,41.788881069669245,5.167626501030272,True,False,False
183,104608.0,201363.0,96755.0,2.081163764146556,0.4262295081967213,571.6284153005464,2581.576923076923,-921.4761904761905,12923.0,7063.0,0.12923,10,8,0.8,18.3,3.606937759374287,0.19710042400952385,9,6.301901111217411,0.24401575405322729,8.094714849493151,22.607343606607525,2012-01-16 02:00:00,2021-05-17 02:30:00,BIASW,7,0,4,200,100,-1,0,100,100,14,139,152,153,1000,0,80,71390.0,136975.0,65585.0,2.0885110924754136,0.1875,892.375,9131.666666666666,-1009.0,24450.0,16886.0,0.2445,5,3,0.6,16.0,5.366563145999495,0.33541019662496846,7,0.2511696316010646,2.919836400817996,27.398795349488722,7.15232779541,True,True,True
183,73968.0,165678.0,91710.0,1.806542361792607,0.453551912568306,404.1967213114754,1996.120481927711,-917.1,6626.0,6421.0,0.06626,10,8,0.8,18.3,3.606937759374287,0.19710042400952385,9,6.223096242618865,0.05395576465498594,11.163296106248113,16.393007787151202,2012-01-16 02:00:00,2021-05-17 02:30:00,BIASW,7,0,4,200,100,-1,0,100,100,14,139,152,153,1000,4000,80,44280.0,99775.0,55495.0,1.7979097215965403,0.3125,553.5,3991.0,-1009.0,10378.0,7063.0,0.10378,5,4,0.8,16.0,5.366563145999495,0.33541019662496846,7,0.09013098464317977,4.266718057429177,18.74977416440831,6.809265044294421,True,True,True
264,189214.0,415895.0,226681.0,1.8347148636189181,0.5681818181818182,716.719696969697,2772.633333333333,-1988.4298245614036,21500.0,19636.0,0.215,10,10,1.0,26.4,5.388877434122992,0.2041241452319315,12,6.125895118635807,0.1349054509708584,8.800651162790698,29.997780291098966,2012-01-16 02:00:00,2021-05-17 20:00:00,BIASW,8,0,4,200,100,-1,0,100,100,14,153,152,153,4000,0,125,112270.0,397879.0,285609.0,1.3930898536110556,0.392,898.16,8119.9795918367345,-3758.0131578947367,78984.0,71525.0,0.78984,5,4,0.8,25.0,9.143303560529969,0.3657321424211987,12,0.3335797630711677,1.4214271244809076,87.93978801104481,4.005194347844669,True,False,False
183,93413.0,212636.0,119223.0,1.7835149258112948,0.5519125683060109,510.4535519125683,2105.3069306930693,-1453.939024390244,11057.0,10217.0,0.11057,10,8,0.8,18.3,3.6345563690772495,0.1986096376544945,9,6.08382933073212,0.048076820142806675,8.448313285701365,21.661128536713306,2012-01-16 02:00:00,2021-05-17 16:00:00,BIASW,7,0,4,200,100,-1,0,100,100,14,139,152,153,2250,4500,80,14480.0,129689.0,115209.0,1.1256846253330903,0.3625,181.0,4472.0344827586205,-2259.0,24188.0,22644.0,0.24188,5,3,0.6,16.0,5.366563145999495,0.33541019662496846,7,0.31015193370165745,0.5986439556805028,133.6353591160221,1.4585389853290491,False,False,False
183,96228.0,217127.0,120899.0,1.7959371045252648,0.5573770491803278,525.8360655737705,2128.6960784313724,-1492.5802469135801,11776.0,10227.0,0.11776,10,8,0.8,18.3,3.6345563690772495,0.1986096376544945,9,6.072827125376976,0.046670407781518895,8.171535326086957,22.394812320738247,2012-01-16 02:00:00,2021-05-17 16:00:00,BIASW,7,0,4,200,100,-1,0,100,100,14,139,152,153,2500,4500,80,28160.0,144658.0,116498.0,1.2417208879122388,0.4125,352.0,4383.575757575758,-2478.68085106383,28013.0,24318.0,0.28013,5,3,0.6,16.0,5.366563145999495,0.33541019662496846,7,0.1594815340909091,1.0052475636311713,79.58238636363636,2.6357383755836286,True,False,False
183,96033.0,214089.0,118056.0,1.8134529375889408,0.5683060109289617,524.7704918032787,2058.548076923077,-1494.379746835443,11776.0,10227.0,0.11776,10,8,0.8,18.3,3.6345563690772495,0.1986096376544945,9,6.060520922510362,0.04155863088729916,8.154976222826088,22.440286151635377,2012-01-16 02:00:00,2021-05-17 16:00:00,BIASW,7,0,4,200,100,-1,0,100,100,14,139,152,153,2500,4000,80,13210.0,129708.0,116498.0,1.1133925045923536,0.4125,165.125,3930.5454545454545,-2478.68085106383,31013.0,27318.0,0.31013,5,3,0.6,16.0,5.366563145999495,0.33541019662496846,7,0.30211960635881907,0.42595040789346406,187.81529144587435,1.1751150489268887,False,False,False
183,117848.0,246534.0,128686.0,1.9157794942728812,0.48633879781420764,643.9781420765028,2770.044943820225,-1369.0,18173.0,12313.0,0.18173,10,8,0.8,18.3,3.6345563690772495,0.1986096376544945,9,5.986834607283759,0.21660104541443215,6.48478512078358,28.219901907541917,2012-01-16 02:00:00,2021-05-17 14:00:00,BIASW,7,0,4,200,100,-1,0,100,100,14,139,152,153,1750,0,80,60425.0,165965.0,105540.0,1.572531741519803,0.25,755.3125,8298.25,-1759.0,30698.0,27003.0,0.30698,5,4,0.8,16.0,5.366563145999495,0.33541019662496846,7,0.29674803475382705,1.968369274871327,40.64278030616467,5.402702803951309,True,False,False
183,111423.0,233420.0,121997.0,1.9133257375181356,0.4644808743169399,608.8688524590164,2746.1176470588234,-1244.8673469387754,16423.0,10563.0,0.16423,10,8,0.8,18.3,3.6345563690772495,0.1986096376544945,9,5.954385634598735,0.22909094172657352,6.784570419533581,26.97296787916319,2012-01-16 02:00:00,2021-05-17 12:30:00,BIASW,7,0,4,200,100,-1,0,100,100,14,139,152,153,1500,0,80,55590.0,150657.0,95067.0,1.5847454952822746,0.2125,694.875,8862.176470588236,-1509.0,31690.0,30386.0,0.3169,5,3,0.6,16.0,5.366563145999495,0.33541019662496846,7,0.3225580140313006,1.7541811296939098,45.605324698686815,4.89198384785388,True,False,False
183,120903.0,255137.0,134234.0,1.9006883501944365,0.5027322404371585,660.672131147541,2773.228260869565,-1475.098901098901,19923.0,14063.0,0.19923,10,7,0.7,18.3,3.6345563690772495,0.1986096376544945,9,5.866081155680505,0.21112792900093463,6.068513778045475,30.15565370586338,2012-01-16 02:00:00,2021-05-17 14:30:00,BIASW,7,0,4,200,100,-1,0,100,100,14,139,152,153,2000,0,80,46505.0,165965.0,119460.0,1.3892934873597858,0.25,581.3125,8298.25,-1991.0,35618.0,31923.0,0.35618,5,4,0.8,16.0,5.366563145999495,0.33541019662496846,7,0.38557144393076015,1.3056600595204673,61.27169121599828,3.8602403316579066,True,False,False
183,80603.0,148045.0,67442.0,2.1951454583197414,0.3005464480874317,440.4535519125683,2691.7272727272725,-526.890625,9423.0,8061.0,0.09423,10,7,0.7,18.3,3.606937759374287,0.19710042400952385,9,5.686499011685925,0.31668796446782377,8.553857582510878,21.393856308077865,2012-01-16 02:00:00,2021-05-17 02:30:00,BIASW,7,0,4,200,100,-1,0,100,100,14,139,152,153,500,0,80,-7110.0,31574.0,38684.0,0.8162030813773136,0.05,-88.875,7893.5,-509.0,20537.0,18833.0,0.20537,5,1,0.2,16.0,5.366563145999495,0.33541019662496846,7,0.0,0.0,0.0,0.0,False,False,False
183,114113.0,237854.0,123741.0,1.922192321057693,0.5409836065573771,623.568306010929,2402.5656565656564,-1473.107142857143,19208.0,13348.0,0.19208,10,7,0.7,18.3,3.6345563690772495,0.1986096376544945,9,5.638744373170834,0.06564545669643249,5.9409100374843815,30.80336158018806,2012-01-16 02:00:00,2021-05-17 16:00:00,BIASW,7,0,4,200,100,-1,0,100,100,14,139,152,153,2250,7500,80,41075.0,167579.0,126504.0,1.3246932903307405,0.3,513.4375,6982.458333333333,-2259.0,32066.0,29714.0,0.32066,5,4,0.8,16.0,5.366563145999495,0.33541019662496846,7,0.18566037735849056,1.2809517869394373,62.453560559951306,3.5933923424088965,True,False,False
183,117198.0,243115.0,125917.0,1.9307559741734635,0.546448087431694,640.4262295081967,2431.15,-1517.0722891566265,20708.0,14848.0,0.20708,10,7,0.7,18.3,3.6345563690772495,0.1986096376544945,9,5.577498723296595,0.0639174729944197,5.659551864013908,32.33471560948139,2012-01-16 02:00:00,2021-05-17 16:00:00,BIASW,7,0,4,200,100,-1,0,100,100,14,139,152,153,2500,7500,80,61815.0,188548.0,126733.0,1.4877577268746105,0.35,772.6875,6733.857142857143,-2437.173076923077,34093.0,30398.0,0.34093,5,3,0.6,16.0,5.366563145999495,0.33541019662496846,7,0.12336811453530697,1.8131287947672543,44.122623958586104,5.2445801191898225,True,False,False
183,112798.0,238798.0,126000.0,1.8952222222222221,0.5355191256830601,616.3825136612022,2436.714285714286,-1482.3529411764705,19208.0,13348.0,0.19208,10,7,0.7,18.3,3.6345563690772495,0.1986096376544945,9,5.573765371210325,0.08857426550116136,5.872448979591836,31.1624674196351,2012-01-16 02:00:00,2021-05-17 16:00:00,BIASW,7,0,4,200,100,-1,0,100,100,14,139,152,153,2250,10000,80,54610.0,185632.0,131022.0,1.4168002320221031,0.275,682.625,8437.818181818182,-2259.0,34302.0,33277.0,0.34302,5,3,0.6,16.0,5.366563145999495,0.33541019662496846,7,0.1829518403222853,1.5920354498279983,50.25013733748398,4.619148401242697,True,False,False
183,115633.0,244059.0,128426.0,1.9003862146294364,0.5409836065573771,631.8743169398907,2465.242424242424,-1528.8809523809523,20708.0,14848.0,0.20708,10,7,0.7,18.3,3.6345563690772495,0.1986096376544945,9,5.503019760328293,0.08640267051793173,5.583977206876569,32.77234007592988,2012-01-16 02:00:00,2021-05-17 16:00:00,BIASW,7,0,4,200,100,-1,0,100,100,14,139,152,153,2500,10000,80,79850.0,211601.0,131751.0,1.6060675061289857,0.325,998.125,8138.5,-2439.8333333333335,31751.0,28446.0,0.31751,5,3,0.6,16.0,5.366563145999495,0.33541019662496846,7,0.12512210394489667,2.5148814210576047,31.810644959298685,7.020138436670599,True,False,False
183,96868.0,208277.0,111409.0,1.8694809216490589,0.44808743169398907,529.3333333333334,2539.9634146341464,-1103.0594059405942,14673.0,8813.0,0.14673,10,8,0.8,18.3,3.606937759374287,0.19710042400952385,9,5.4765774212523874,0.2635132345046868,6.60178559258502,27.71977329974811,2012-01-16 02:00:00,2021-05-17 10:00:00,BIASW,7,0,4,200,100,-1,0,100,100,14,139,152,153,1250,0,80,63950.0,144526.0,80576.0,1.7936606433677522,0.2,799.375,9032.875,-1259.0,27950.0,23636.0,0.2795,5,3,0.6,16.0,5.366563145999495,0.33541019662496846,7,0.28039093041438623,2.2880143112701252,34.96481626270524,5.992376644796915,True,True,True
183,78398.0,174144.0,95746.0,1.8188122741420008,0.43169398907103823,428.40437158469945,2204.3544303797466,-920.6346153846154,9800.0,6421.0,0.098,10,8,0.8,18.3,3.606937759374287,0.19710042400952385,9,5.42350822355898,0.0764177657593306,7.999795918367347,22.875583560805122,2012-01-16 02:00:00,2021-05-17 02:30:00,BIASW,7,0,4,200,100,-1,0,100,100,14,139,152,153,1000,6000,80,54880.0,115420.0,60540.0,1.9065080938222663,0.25,686.0,5771.0,-1009.0,13727.0,10964.0,0.13727,5,3,0.6,16.0,5.366563145999495,0.33541019662496846,7,0.10916545189504373,3.9979602243753187,20.010204081632654,7.337966856591387,True,True,True
183,90143.0,205288.0,115145.0,1.7828650831560207,0.6174863387978142,492.58469945355193,1816.7079646017698,-1644.9285714285713,13399.0,10018.0,0.13399,10,7,0.7,18.3,3.950949253027682,0.21589886628566568,8,5.333154572792173,0.03318061302596985,6.727591611314277,27.20141330996306,2012-01-16 02:00:00,2021-05-19 05:00:00,BIASW,7,0,4,200,100,-1,0,100,100,14,139,152,153,5000,3000,80,44945.0,162146.0,117201.0,1.383486489023131,0.7,561.8125,2895.464285714286,-4883.375,35238.0,30198.0,0.35238,5,4,0.8,16.0,5.366563145999495,0.33541019662496846,7,0.06654800311491824,1.2754696634315228,62.72199354766937,3.750811329444906,True,False,False
183,87873.0,184628.0,96755.0,1.908201126556767,0.4262295081967213,480.1803278688525,2367.025641025641,-921.4761904761905,12923.0,7063.0,0.12923,10,8,0.8,18.3,3.606937759374287,0.19710042400952385,9,5.293734287492425,0.11369817805241655,6.7997369031958526,26.912805981359462,2012-01-16 02:00:00,2021-05-17 02:30:00,BIASW,7,0,4,200,100,-1,0,100,100,14,139,152,153,1000,10000,80,87940.0,151507.0,63567.0,2.383422215929649,0.2125,1099.25,8912.176470588236,-1009.0,13855.0,10964.0,0.13855,5,3,0.6,16.0,5.366563145999495,0.33541019662496846,7,0.11361155333181715,6.347167087693974,12.604048214691835,11.703955347404825,True,True,True
183,81553.0,167007.0,85454.0,1.9543497086151613,0.366120218579235,445.6448087431694,2492.6417910447763,-736.6724137931035,11276.0,7609.0,0.11276,10,7,0.7,18.3,3.606937759374287,0.19710042400952385,9,5.259576366418824,0.3129989086851495,7.232440581766584,25.302662072517258,2012-01-16 02:00:00,2021-05-17 02:30:00,BIASW,7,0,4,200,100,-1,0,100,100,14,139,152,153,750,0,80,46335.0,98706.0,52371.0,1.8847453743483988,0.1375,579.1875,8973.272727272728,-759.0,20066.0,17841.0,0.20066,5,3,0.6,16.0,5.366563145999495,0.33541019662496846,7,0.3710154310996007,2.3091298714243,34.64508470918312,5.124225382615872,True,True,True
183,75783.0,203990.0,128207.0,1.5910987699579586,0.5191256830601093,414.11475409836066,2147.2631578947367,-1456.8977272727273,9807.0,8967.0,0.09807,10,8,0.8,18.3,3.6345563690772495,0.1986096376544945,9,5.24073334918261,0.0658590976868163,7.727439583970633,23.681841573967777,2012-01-16 02:00:00,2021-05-17 14:30:00,BIASW,7,0,4,200,100,-1,0,100,100,14,139,152,153,2000,5000,80,26410.0,132887.0,106477.0,1.2480347868553772,0.3375,330.125,4921.740740740741,-2009.0,23316.0,18964.0,0.23316,5,4,0.8,16.0,5.366563145999495,0.33541019662496846,7,0.18898144642180992,1.1326985760850918,70.62779250283984,2.7095104970349357,True,False,False
183,83428.0,213644.0,130216.0,1.6406893162130614,0.5136612021857924,455.89071038251365,2272.808510638298,-1463.1011235955057,11923.0,8967.0,0.11923,10,7,0.7,18.3,3.6345563690772495,0.1986096376544945,9,5.232478080974625,0.07181042335906411,6.997232240208001,26.153197967109364,2012-01-16 02:00:00,2021-05-17 14:30:00,BIASW,7,0,4,200,100,-1,0,100,100,14,139,152,153,2000,6000,80,24830.0,137334.0,112504.0,1.2207032638839508,0.3,310.375,5722.25,-2009.0,29316.0,25964.0,0.29316,5,4,0.8,16.0,5.366563145999495,0.33541019662496846,7,0.24128070881997585,0.8469777595852095,94.45348368908579,2.2718195003780575,True,False,False
183,87323.0,197284.0,109961.0,1.7941270086667092,0.5956284153005464,477.1748633879781,1809.9449541284403,-1485.9594594594594,13597.0,9280.0,0.13597,10,8,0.8,18.3,3.950949253027682,0.21589886628566568,8,5.1285601803300365,0.03425214433768881,6.422225490917114,28.49479518568991,2012-01-16 02:00:00,2021-05-17 16:30:00,BIASW,7,0,4,200,100,-1,0,100,100,14,139,152,153,3000,3000,80,29100.0,134415.0,105315.0,1.2763139153966672,0.5625,363.75,2987.0,-3009.0,29967.0,27117.0,0.29967,5,4,0.8,16.0,5.366563145999495,0.33541019662496846,7,0.10278350515463917,0.9710681749924918,82.38350515463918,2.63342415651766,True,False,False
183,67478.0,172592.0,105114.0,1.6419506440626368,0.47540983606557374,368.73224043715845,1983.816091954023,-1094.9375,8151.0,7554.0,0.08151,10,8,0.8,18.3,3.606937759374287,0.19710042400952385,9,5.118528344715702,0.059145202880938975,8.278493436388173,22.105471412904947,2012-01-16 02:00:00,2021-05-17 10:00:00,BIASW,7,0,4,200,100,-1,0,100,100,14,139,152,153,1250,4000,80,30530.0,99775.0,69245.0,1.4408982598021518,0.3125,381.625,3991.0,-1259.0,12128.0,10261.0,0.12128,5,3,0.6,16.0,5.366563145999495,0.33541019662496846,7,0.13072387815263675,2.5173153034300793,31.779888634130362,4.34291840753405,True,True,True
183,71658.0,166395.0,94737.0,1.7563887393521012,0.4371584699453552,391.57377049180326,2079.9375,-919.7766990291262,9800.0,6421.0,0.098,10,8,0.8,18.3,3.606937759374287,0.19710042400952385,9,4.9572406475138315,0.06965028329007229,7.3120408163265305,25.0272125931508,2012-01-16 02:00:00,2021-05-17 02:30:00,BIASW,7,0,4,200,100,-1,0,100,100,14,139,152,153,1000,5000,80,56460.0,113973.0,57513.0,1.9816910959261385,0.2875,705.75,4955.347826086957,-1009.0,10378.0,7063.0,0.10378,5,4,0.8,16.0,5.366563145999495,0.33541019662496846,7,0.08839886645412681,5.440354596261322,14.704923839886645,8.682274263795462,True,True,True
195,131745.0,273593.0,141848.0,1.9287758727652136,0.4,675.6153846153846,3507.602564102564,-1212.3760683760684,29652.0,25176.0,0.29652,10,6,0.6,19.5,8.891006692158093,0.4559490611363125,6,4.917133298130855,0.22012979619719913,4.443039255362201,43.88887623818741,2012-01-13 20:00:00,2021-05-17 14:30:00,BIASW,7,4,4,2000,100,-1,0,0,0,54,38,152,153,1250,0,154,-10461.0,163833.0,174294.0,0.9399807222279597,0.11688311688311688,-67.92857142857143,9101.833333333334,-1281.5735294117646,60226.0,58622.0,0.60226,5,3,0.6,30.8,11.338430226446693,0.3681308515080095,17,0.0,0.0,0.0,0.0,False,False,False
183,70463.0,190951.0,120488.0,1.5848134254033597,0.46994535519125685,385.04371584699453,2220.360465116279,-1242.1443298969073,9633.0,8021.0,0.09633,10,8,0.8,18.3,3.6345563690772495,0.1986096376544945,9,4.916643357499015,0.0850233455856265,7.31475137548012,25.017938492542186,2012-01-16 02:00:00,2021-05-17 12:30:00,BIASW,7,0,4,200,100,-1,0,100,100,14,139,152,153,1500,6000,80,32380.0,121411.0,89031.0,1.3636935449450192,0.2625,404.75,5781.476190476191,-1509.0,24518.0,23841.0,0.24518,5,3,0.6,16.0,5.366563145999495,0.33541019662496846,7,0.18502161828289068,1.3206623705033036,60.575663990117356,3.2395432620742413,True,False,False
183,71093.0,195282.0,124189.0,1.5724581082060407,0.5300546448087432,388.4863387978142,2013.2164948453608,-1444.0581395348838,9807.0,8967.0,0.09807,10,8,0.8,18.3,3.6345563690772495,0.1986096376544945,9,4.916398875650731,0.056137735079403034,7.2492097481390845,25.244130927095494,2012-01-16 02:00:00,2021-05-17 14:30:00,BIASW,7,0,4,200,100,-1,0,100,100,14,139,152,153,2000,4000,80,13280.0,115739.0,102459.0,1.1296128207380514,0.3625,166.0,3991.0,-2009.0,21938.0,20144.0,0.21938,5,3,0.6,16.0,5.366563145999495,0.33541019662496846,7,0.3005271084337349,0.6053423283799799,132.15662650602408,1.4045882109178958,False,False,False
195,118980.0,243805.0,124825.0,1.9531744442219108,0.358974358974359,610.1538461538462,3482.9285714285716,-998.6,24586.0,19235.0,0.24586,10,5,0.5,19.5,8.891006692158093,0.4559490611363125,6,4.876799059439657,0.24374684820978315,4.839339461482144,40.294755421079174,2012-01-13 20:00:00,2021-05-17 14:00:00,BIASW,7,4,4,2000,100,-1,0,0,0,54,38,152,153,1000,0,154,11799.0,155342.0,143543.0,1.082198365646531,0.11038961038961038,76.61688311688312,9137.764705882353,-1047.7591240875913,48035.0,46372.0,0.48035,5,3,0.6,30.8,11.338430226446693,0.3681308515080095,17,2.1676413255360623,0.24563339231810138,626.9505890329689,0.4381118799295209,False,False,False
183,72123.0,199050.0,126927.0,1.5682242548866672,0.4918032786885246,394.11475409836066,2211.6666666666665,-1364.8064516129032,10423.0,8277.0,0.10423,10,7,0.7,18.3,3.6345563690772495,0.1986096376544945,9,4.837998969662511,0.08306642818518364,6.919600882663341,26.446612037768812,2012-01-16 02:00:00,2021-05-17 14:00:00,BIASW,7,0,4,200,100,-1,0,100,100,14,139,152,153,1750,6000,80,38830.0,137334.0,98504.0,1.394197189961829,0.3,485.375,5722.25,-1759.0,25066.0,22214.0,0.25066,5,4,0.8,16.0,5.366563145999495,0.33541019662496846,7,0.15428792171001804,1.5491103486794862,51.64254442441411,3.842150149297061,True,False,False
183,89778.0,204062.0,114284.0,1.7855692835392531,0.6120218579234973,490.59016393442624,1821.982142857143,-1609.6338028169014,16634.0,12574.0,0.16634,10,8,0.8,18.3,3.950949253027682,0.21589886628566568,8,4.7671622679828625,0.03331551159526833,5.397258626908741,33.90610171757,2012-01-16 02:00:00,2021-05-17 20:00:00,BIASW,7,0,4,200,100,-1,0,100,100,14,139,152,153,4000,3000,80,45115.0,155352.0,110237.0,1.4092546059852862,0.65,563.9375,2987.5384615384614,-3937.035714285714,26625.0,20108.0,0.26625,5,4,0.8,16.0,5.366563145999495,0.33541019662496846,7,0.06629724038568104,1.6944600938967136,47.21267870996343,4.331373284003682,True,False,False
183,68828.0,197035.0,128207.0,1.5368505619817951,0.5191256830601093,376.10928961748635,2074.0526315789475,-1456.8977272727273,9807.0,8967.0,0.09807,10,8,0.8,18.3,3.6345563690772495,0.1986096376544945,9,4.759763996642264,0.06524960771778927,7.018252268787601,26.074867786366013,2012-01-16 02:00:00,2021-05-17 14:30:00,BIASW,7,0,4,200,100,-1,0,100,100,14,139,152,153,2000,4500,80,27230.0,129689.0,102459.0,1.2657648425223749,0.3625,340.375,4472.0344827586205,-2009.0,19884.0,19144.0,0.19884,5,4,0.8,16.0,5.366563145999495,0.33541019662496846,7,0.1649283878075652,1.3694427680547174,58.41792141020933,3.0251382306699455,True,False,False
183,81353.0,191489.0,110136.0,1.7386594755574925,0.6229508196721312,444.551912568306,1679.7280701754387,-1596.1739130434783,13899.0,10018.0,0.13899,10,7,0.7,18.3,3.950949253027682,0.21589886628566568,8,4.725743574901348,0.03061964524971421,5.853154903230449,31.265189974555334,2012-01-16 02:00:00,2021-05-19 05:00:00,BIASW,7,0,4,200,100,-1,0,100,100,14,139,152,153,5000,2500,80,25625.0,137817.0,112192.0,1.2284030946948088,0.7125,320.3125,2417.842105263158,-4877.913043478261,32738.0,27698.0,0.32738,5,4,0.8,16.0,5.366563145999495,0.33541019662496846,7,0.09720975609756098,0.7827295497586902,102.20643902439025,2.218642162084031,True,False,False
183,78268.0,175023.0,96755.0,1.8089297710712624,0.4262295081967213,427.69398907103823,2243.8846153846152,-921.4761904761905,12923.0,7063.0,0.12923,10,7,0.7,18.3,3.606937759374287,0.19710042400952385,9,4.715100146955915,0.09570961312413757,6.056488431478758,30.21552869627434,2012-01-16 02:00:00,2021-05-17 02:30:00,BIASW,7,0,4,200,100,-1,0,100,100,14,139,152,153,1000,7500,80,72125.0,133674.0,61549.0,2.1718305740142,0.2375,901.5625,7035.473684210527,-1009.0,13727.0,10964.0,0.13727,5,3,0.6,16.0,5.366563145999495,0.33541019662496846,7,0.10573310225303292,5.254243461790631,15.22578856152513,9.643783883594274,True,True,True
183,57378.0,148079.0,90701.0,1.6326060352146063,0.45901639344262296,313.5409836065574,1762.845238095238,-916.1717171717172,6952.0,6553.0,0.06952,10,8,0.8,18.3,3.925557285278104,0.21451132706437728,8,4.712798610570571,0.05212799330753948,8.253452243958574,22.172539997908604,2012-01-16 02:00:00,2021-05-17 02:30:00,BIASW,7,0,4,200,100,-1,0,100,100,14,139,152,153,1000,3000,80,31280.0,83748.0,52468.0,1.596172905389952,0.35,391.0,2991.0,-1009.0,10378.0,8144.0,0.10378,5,4,0.8,16.0,5.366563145999495,0.33541019662496846,7,0.09562020460358056,3.0140682212372325,26.542199488491047,4.8101583239731145,True,True,True
183,71918.0,186289.0,114371.0,1.6288132481135953,0.5683060109289617,392.9945355191257,1791.2403846153845,-1447.73417721519,11057.0,10217.0,0.11057,10,7,0.7,18.3,3.950949253027682,0.21589886628566568,8,4.683896650440437,0.04158903195305765,6.504295921135932,28.135251258377597,2012-01-16 02:00:00,2021-05-17 16:00:00,BIASW,7,0,4,200,100,-1,0,100,100,14,139,152,153,2250,3000,80,3030.0,104685.0,101655.0,1.0298066991294084,0.4375,37.875,2991.0,-2259.0,26521.0,25644.0,0.26521,5,3,0.6,16.0,5.366563145999495,0.33541019662496846,7,0.9871287128712871,0.11424908563025526,700.2244224422442,0.29147220116669664,False,False,False
183,70908.0,181058.0,110150.0,1.6437403540626419,0.453551912568306,387.4754098360656,2181.421686746988,-1101.5,11050.0,7554.0,0.1105,10,8,0.8,18.3,3.606937759374287,0.19710042400952385,9,4.619579593894655,0.08448976138094433,6.417013574660634,28.51793873751904,2012-01-16 02:00:00,2021-05-17 10:00:00,BIASW,7,0,4,200,100,-1,0,100,100,14,139,152,153,1250,6000,80,39880.0,115420.0,75540.0,1.5279322213396875,0.25,498.5,5771.0,-1259.0,18518.0,17341.0,0.18518,5,3,0.6,16.0,5.366563145999495,0.33541019662496846,7,0.15022567703109327,2.153580300248407,37.14744232698094,4.591002928013005,True,True,True
183,66703.0,161440.0,94737.0,1.7040860487454743,0.4371584699453552,364.4972677595628,2018.0,-919.7766990291262,9800.0,6421.0,0.098,10,8,0.8,18.3,3.606937759374287,0.19710042400952385,9,4.614457882038503,0.06732830607319011,6.8064285714285715,26.886346940917203,2012-01-16 02:00:00,2021-05-17 02:30:00,BIASW,7,0,4,200,100,-1,0,100,100,14,139,152,153,1000,4500,80,51280.0,107784.0,56504.0,1.9075463683986975,0.3,641.0,4491.0,-1009.0,10378.0,7063.0,0.10378,5,4,0.8,16.0,5.366563145999495,0.33541019662496846,7,0.0875780031201248,4.941221815378686,16.190327613104525,7.885707124467433,True,True,True
183,64133.0,189301.0,125168.0,1.5123753675060718,0.4972677595628415,350.4535519125683,2080.230769230769,-1360.5217391304348,9117.0,8277.0,0.09117,10,8,0.8,18.3,3.6345563690772495,0.1986096376544945,9,4.599852816335846,0.07782264980587217,7.0344411538883405,26.01485974459327,2012-01-16 02:00:00,2021-05-17 14:00:00,BIASW,7,0,4,200,100,-1,0,100,100,14,139,152,153,1750,5000,80,39660.0,132887.0,93227.0,1.425413238654038,0.3375,495.75,4921.740740740741,-1759.0,19316.0,15464.0,0.19316,5,4,0.8,16.0,5.366563145999495,0.33541019662496846,7,0.12584467977811398,2.0532201283909712,38.96318709026727,4.470371045152261,True,True,True
183,65068.0,132510.0,67442.0,1.96479938317369,0.3005464480874317,355.56284153005464,2409.2727272727275,-526.890625,9423.0,8061.0,0.09423,10,7,0.7,18.3,3.606937759374287,0.19710042400952385,9,4.590512979571229,0.15354705846191677,6.905231879443914,26.501644433515708,2012-01-16 02:00:00,2021-05-17 02:30:00,BIASW,7,0,4,200,100,-1,0,100,100,14,139,152,153,500,10000,80,-5300.0,33384.0,38684.0,0.8629924516596009,0.05,-66.25,8346.0,-509.0,18838.0,18833.0,0.18838,5,1,0.2,16.0,5.366563145999495,0.33541019662496846,7,0.0,0.0,0.0,0.0,False,False,False
183,63223.0,182202.0,118979.0,1.5313794871363855,0.47540983606557374,345.4808743169399,2094.2758620689656,-1239.3645833333333,8961.0,8021.0,0.08961,10,8,0.8,18.3,3.6345563690772495,0.1986096376544945,9,4.573884760612768,0.07894278980750676,7.055350965294052,25.937759992407827,2012-01-16 02:00:00,2021-05-17 12:30:00,BIASW,7,0,4,200,100,-1,0,100,100,14,139,152,153,1500,5000,80,34460.0,118964.0,84504.0,1.4077913471551642,0.3,430.75,4956.833333333333,-1509.0,15316.0,11964.0,0.15316,5,3,0.6,16.0,5.366563145999495,0.33541019662496846,7,0.14483459082994776,2.249934708801254,35.55658734764945,4.362064211168748,True,True,True
183,80133.0,191542.0,111409.0,1.7192686407740847,0.44808743169398907,437.88524590163934,2335.878048780488,-1103.0594059405942,14673.0,8813.0,0.14673,10,7,0.7,18.3,3.606937759374287,0.19710042400952385,9,4.530439138799371,0.12468021913568691,5.461255367000613,33.508779154655386,2012-01-16 02:00:00,2021-05-17 10:00:00,BIASW,7,0,4,200,100,-1,0,100,100,14,139,152,153,1250,10000,80,81000.0,159058.0,78058.0,2.03768992287786,0.225,1012.5,8836.555555555555,-1259.0,15727.0,14714.0,0.15727,5,3,0.6,16.0,5.366563145999495,0.33541019662496846,7,0.12334567901234568,5.150378330260063,15.53283950617284,10.118392813750315,True,True,True
183,88848.0,217534.0,128686.0,1.6904247548295852,0.48633879781420764,485.5081967213115,2444.2022471910113,-1369.0,18173.0,12313.0,0.18173,10,7,0.7,18.3,3.6345563690772495,0.1986096376544945,9,4.513596167842877,0.11245047721952098,4.889011170417652,37.43088195569962,2012-01-16 02:00:00,2021-05-17 14:00:00,BIASW,7,0,4,200,100,-1,0,100,100,14,139,152,153,1750,10000,80,83610.0,185632.0,102022.0,1.8195291211699438,0.275,1045.125,8437.818181818182,-1759.0,23802.0,22777.0,0.23802,5,4,0.8,16.0,5.366563145999495,0.33541019662496846,7,0.1194952756847267,3.512730022687169,22.774309293146754,8.489868392581583,True,True,True
183,91903.0,226137.0,134234.0,1.6846477047543842,0.5027322404371585,502.2021857923497,2458.0108695652175,-1475.098901098901,19923.0,14063.0,0.19923,10,7,0.7,18.3,3.6345563690772495,0.1986096376544945,9,4.459032914406635,0.10871244681892865,4.612909702354063,39.671272972590664,2012-01-16 02:00:00,2021-05-17 14:30:00,BIASW,7,0,4,200,100,-1,0,100,100,14,139,152,153,2000,10000,80,69110.0,185632.0,116522.0,1.5931068811039975,0.275,863.875,8437.818181818182,-2009.0,29052.0,28027.0,0.29052,5,4,0.8,16.0,5.366563145999495,0.33541019662496846,7,0.144566632904066,2.378837945752444,33.62986543192013,6.351880737524252,True,True,True
183,83438.0,205435.0,121997.0,1.6839348508569882,0.4644808743169399,455.94535519125685,2416.8823529411766,-1244.8673469387754,16423.0,10563.0,0.16423,10,7,0.7,18.3,3.6345563690772495,0.1986096376544945,9,4.458882174951754,0.11974160454469186,5.080557754368873,36.019667297873866,2012-01-16 02:00:00,2021-05-17 12:30:00,BIASW,7,0,4,200,100,-1,0,100,100,14,139,152,153,1500,10000,80,73140.0,165189.0,92049.0,1.794576801486165,0.2375,914.25,8694.157894736842,-1509.0,19204.0,18464.0,0.19204,5,3,0.6,16.0,5.366563145999495,0.33541019662496846,7,0.13660103910308996,3.808581545511352,21.005195515449824,8.26815419571814,True,True,True
183,77533.0,184485.0,106952.0,1.7249326800807838,0.6010928961748634,423.6775956284153,1677.1363636363637,-1465.0958904109589,14530.0,10780.0,0.1453,10,8,0.8,18.3,3.950949253027682,0.21589886628566568,8,4.404961719803831,0.032128255065584976,5.336063317274604,34.29494537809707,2012-01-16 02:00:00,2021-05-17 16:30:00,BIASW,7,0,4,200,100,-1,0,100,100,14,139,152,153,3000,2500,80,23280.0,119568.0,96288.0,1.2417746759720838,0.6,291.0,2491.0,-3009.0,25467.0,22617.0,0.25467,5,4,0.8,16.0,5.366563145999495,0.33541019662496846,7,0.10700171821305841,0.9141241606785252,87.51546391752578,2.285301695357561,True,False,False
183,60533.0,176494.0,115961.0,1.522011710833815,0.48633879781420764,330.78142076502735,1983.0786516853932,-1233.627659574468,8961.0,8021.0,0.08961,10,8,0.8,18.3,3.6345563690772495,0.1986096376544945,9,4.379275994719845,0.06593097979614425,6.755161254324294,27.090396973551613,2012-01-16 02:00:00,2021-05-17 12:30:00,BIASW,7,0,4,200,100,-1,0,100,100,14,139,152,153,1500,4000,80,22280.0,103766.0,81486.0,1.2734212011879342,0.325,278.5,3991.0,-1509.0,16938.0,16261.0,0.16938,5,3,0.6,16.0,5.366563145999495,0.33541019662496846,7,0.17912926391382405,1.315385523674578,60.81867145421903,2.6818444348562815,True,False,False
183,60943.0,182593.0,121650.0,1.500969995889848,0.5081967213114754,333.0218579234973,1963.3655913978494,-1351.6666666666667,9117.0,8277.0,0.09117,10,8,0.8,18.3,3.6345563690772495,0.1986096376544945,9,4.371054374283997,0.06548742267364586,6.684545354831633,27.376581395730433,2012-01-16 02:00:00,2021-05-17 14:00:00,BIASW,7,0,4,200,100,-1,0,100,100,14,139,152,153,1750,4000,80,26030.0,115739.0,89709.0,1.2901604075399347,0.3625,325.375,3991.0,-1759.0,17384.0,16644.0,0.17384,5,4,0.8,16.0,5.366563145999495,0.33541019662496846,7,0.1533230887437572,1.497353888633226,53.42758355743373,3.0927781711442233,True,False,False
461,221661.0,543355.0,321694.0,1.6890430035996942,0.5856832971800434,480.82646420824295,2012.4259259259259,-1684.261780104712,19147.0,18327.0,0.19147,10,9,0.9,46.1,8.514105942493316,0.18468776447924762,21,4.354892521611627,0.022516365080009565,11.576800543166032,39.82101948470863,2012-01-16 11:00:00,2021-05-17 19:30:00,BIASW,7,0,0,1100,100,3,0,2000,200,143,83,57,90,3000,5000,223,60488.0,442644.0,382156.0,1.1582809114602413,0.42152466367713004,271.2466367713005,4708.978723404255,-2962.4496124031007,40200.0,37690.0,0.402,5,4,0.8,44.6,15.344054223053305,0.3440370902029889,21,0.08251223383150377,1.5046766169154229,148.20460256579815,1.6954726264281383,True,False,False
484,232449.0,586531.0,354082.0,1.6564835264147852,0.5805785123966942,480.2665289256198,2087.2989323843417,-1744.2463054187192,19147.0,18327.0,0.19147,10,10,1.0,48.4,8.357032966310472,0.17266597037831555,24,4.349821132750165,0.021471376516999426,12.140230845563273,39.86744619249814,2012-01-16 11:00:00,2021-05-17 19:30:00,BIASW,8,0,0,1100,100,3,0,2000,200,152,83,57,90,3000,5000,246,71281.0,492554.0,421273.0,1.1692038179517794,0.42276422764227645,289.760162601626,4736.096153846154,-2966.711267605634,35917.0,34342.0,0.35917,5,4,0.8,49.2,15.816447135814036,0.32147250276044786,27,0.07001865854856133,1.9846033911518222,123.95423745458118,1.916143791402038,True,False,False
183,68233.0,186289.0,118056.0,1.5779714711662263,0.5683060109289617,372.85792349726773,1791.2403846153845,-1494.379746835443,11776.0,10227.0,0.11776,10,6,0.6,18.3,3.950949253027682,0.21589886628566568,8,4.306098154859782,0.04383509445576188,5.794242527173913,31.583075637887827,2012-01-16 02:00:00,2021-05-17 16:00:00,BIASW,7,0,4,200,100,-1,0,100,100,14,139,152,153,2500,3000,80,13600.0,116469.0,102869.0,1.1322069816951656,0.4875,170.0,2986.3846153846152,-2509.0,27431.0,24126.0,0.27431,5,3,0.6,16.0,5.366563145999495,0.33541019662496846,7,0.2199264705882353,0.49578943531041525,161.35882352941175,1.2863748728632745,False,False,False
469,229989.0,562299.0,332310.0,1.6920917215852667,0.5842217484008528,490.38166311300637,2052.1861313868612,-1704.1538461538462,20389.0,19354.0,0.20389,10,9,0.9,46.9,8.5492689745966,0.1822871849594158,22,4.3040341272045985,0.021701037875724492,11.280052969738584,41.57781893916666,2012-01-16 11:00:00,2021-05-17 19:30:00,BIASW,8,0,0,1100,100,3,0,2000,200,143,83,57,153,3000,5000,232,57407.0,457617.0,400210.0,1.1434421928487544,0.41810344827586204,247.44396551724137,4717.701030927835,-2964.5185185185187,40200.0,37690.0,0.402,5,4,0.8,46.4,16.523922052587878,0.3561190097540491,22,0.08694061699792709,1.4280348258706468,162.46102391694393,1.5466900349553023,True,False,False
183,60463.0,127905.0,67442.0,1.8965184899617449,0.3005464480874317,330.39890710382514,2325.5454545454545,-526.890625,9423.0,8061.0,0.09423,10,7,0.7,18.3,3.606937759374287,0.19710042400952385,9,4.265632665577783,0.12389395167292394,6.416534012522551,28.520070125531316,2012-01-16 02:00:00,2021-05-17 02:30:00,BIASW,7,0,4,200,100,-1,0,100,100,14,139,152,153,500,7500,80,-4665.0,33510.0,38175.0,0.8777996070726916,0.0625,-58.3125,6702.0,-509.0,15750.0,15270.0,0.1575,5,2,0.4,16.0,5.366563145999495,0.33541019662496846,7,0.0,0.0,0.0,0.0,False,False,False
183,66018.0,151472.0,85454.0,1.772555995038266,0.366120218579235,360.75409836065575,2260.776119402985,-736.6724137931035,11276.0,7609.0,0.11276,10,7,0.7,18.3,3.606937759374287,0.19710042400952385,9,4.257681661719839,0.15133751401133025,5.854735721887194,31.25674815959284,2012-01-16 02:00:00,2021-05-17 02:30:00,BIASW,7,0,4,200,100,-1,0,100,100,14,139,152,153,750,10000,80,66510.0,117363.0,50853.0,2.3078874402690106,0.1625,831.375,9027.923076923076,-759.0,19746.0,14421.0,0.19746,5,4,0.8,16.0,5.366563145999495,0.33541019662496846,7,0.15021801232897308,3.368277119416591,23.751014884979703,7.4147556135640915,True,True,True
462,211287.0,527503.0,316216.0,1.668173020973006,0.5692640692640693,457.33116883116884,2005.7148288973383,-1589.0251256281408,18387.0,16304.0,0.18387,10,9,0.9,46.2,8.506468127254696,0.1841226867371146,21,4.226830281790349,0.023621898176414073,11.491107847936041,40.20500078092831,2012-01-16 11:00:00,2021-05-17 18:00:00,BIASW,7,0,0,1100,100,3,0,2000,200,143,83,57,90,2500,5000,223,35368.0,387737.0,352369.0,1.1003720531601815,0.36771300448430494,158.60089686098655,4728.5,-2499.0709219858154,42066.0,40306.0,0.42066,5,3,0.6,44.6,15.344054223053305,0.3440370902029889,21,0.1411162632888487,0.8407740217753055,265.2317914498982,0.9691242861552214,False,False,False
183,86798.0,219023.0,132225.0,1.6564416713934582,0.5081967213114754,474.30601092896177,2355.0860215053763,-1469.1666666666667,19923.0,14063.0,0.19923,10,7,0.7,18.3,3.6345563690772495,0.1986096376544945,9,4.211343905037563,0.08630383188552732,4.356673191788385,42.00452775409571,2012-01-16 02:00:00,2021-05-17 14:30:00,BIASW,7,0,4,200,100,-1,0,100,100,14,139,152,153,2000,7500,80,55075.0,167579.0,112504.0,1.4895381497546754,0.3,688.4375,6982.458333333333,-2009.0,27816.0,25964.0,0.27816,5,4,0.8,16.0,5.366563145999495,0.33541019662496846,7,0.1384657285519746,1.9799755536381938,40.404539264639126,5.173168530150401,True,False,False
195,102655.0,226471.0,123816.0,1.829093170511081,0.3641025641025641,526.4358974358975,3189.7323943661972,-998.516129032258,24586.0,19235.0,0.24586,10,5,0.5,19.5,8.891006692158093,0.4559490611363125,6,4.207663535441066,0.09732599483707564,4.175343691531766,46.70274219472992,2012-01-13 20:00:00,2021-05-17 14:00:00,BIASW,7,4,4,2000,100,-1,0,0,0,54,38,152,153,1000,10000,154,5384.0,147918.0,142534.0,1.0377734435292632,0.11688311688311688,34.96103896103896,8217.666666666666,-1048.0441176470588,53363.0,51962.0,0.53363,5,3,0.6,30.8,11.338430226446693,0.3681308515080095,17,2.1575037147102525,0.1008938777804846,1526.3562407132245,0.18967219005420263,False,False,False
242,117152.0,270292.0,153140.0,1.7649993470027425,0.359504132231405,484.099173553719,3106.8045977011493,-988.0,20893.0,17245.0,0.20893,10,8,0.8,24.2,9.293008124391154,0.38400860018145266,13,4.197332615952798,0.2475501912045889,5.607236873594027,43.15851201857416,2012-01-13 20:00:00,2021-05-17 14:00:00,BIASW,8,4,4,2000,100,-1,0,0,0,54,153,152,153,1000,0,188,38183.0,210987.0,172804.0,1.2209613203398069,0.11702127659574468,203.10106382978722,9590.318181818182,-1040.987951807229,46362.0,39793.0,0.46362,5,3,0.6,37.6,13.573503600765722,0.3609974361905777,20,0.6698268863106618,0.8235839696303007,228.27059162454498,1.182144494276968,False,False,False
183,64418.0,173309.0,108891.0,1.5915824080961696,0.45901639344262296,352.0109289617486,2063.2023809523807,-1099.909090909091,11050.0,7554.0,0.1105,10,8,0.8,18.3,3.606937759374287,0.19710042400952385,9,4.196763105425423,0.07747834456207892,5.8296832579185525,31.391070818715267,2012-01-16 02:00:00,2021-05-17 10:00:00,BIASW,7,0,4,200,100,-1,0,100,100,14,139,152,153,1250,5000,80,42210.0,113973.0,71763.0,1.5881861126207097,0.2875,527.625,4955.347826086957,-1259.0,12128.0,8813.0,0.12128,5,4,0.8,16.0,5.366563145999495,0.33541019662496846,7,0.11824212271973467,3.48037598944591,22.98602226960436,6.004408319096373,True,True,True
183,79988.0,190263.0,110275.0,1.7253502607118567,0.6174863387978142,437.09289617486337,1683.7433628318583,-1575.357142857143,17134.0,13074.0,0.17134,10,8,0.8,18.3,3.950949253027682,0.21589886628566568,8,4.184887753533699,0.031142171325698857,4.66837866230886,39.199904985747864,2012-01-16 02:00:00,2021-05-17 20:00:00,BIASW,7,0,4,200,100,-1,0,100,100,14,139,152,153,4000,2500,80,32295.0,134514.0,102219.0,1.3159393067824965,0.675,403.6875,2491.0,-3931.5,22096.0,16698.0,0.22096,5,4,0.8,16.0,5.366563145999495,0.33541019662496846,7,0.07713268307787584,1.4615767559739319,54.73540795788822,3.4035169535688548,True,False,False
183,57768.0,176747.0,118979.0,1.4855310601030434,0.47540983606557374,315.672131147541,2031.5747126436781,-1239.3645833333333,8961.0,8021.0,0.08961,10,8,0.8,18.3,3.6345563690772495,0.1986096376544945,9,4.17924133386708,0.07774200249272954,6.446601941747573,28.387048192771083,2012-01-16 02:00:00,2021-05-17 12:30:00,BIASW,7,0,4,200,100,-1,0,100,100,14,139,152,153,1500,4500,80,35280.0,116766.0,81486.0,1.4329578087033354,0.325,441.0,4491.0,-1509.0,14438.0,13761.0,0.14438,5,3,0.6,16.0,5.366563145999495,0.33541019662496846,7,0.12729591836734694,2.443551738467932,32.73922902494331,4.59964715555382,True,True,True
183,58178.0,183346.0,125168.0,1.4647993097277259,0.4972677595628415,317.91256830601094,2014.7912087912089,-1360.5217391304348,9117.0,8277.0,0.09117,10,8,0.8,18.3,3.6345563690772495,0.1986096376544945,9,4.172738483289209,0.07719412836467393,6.381265767247998,28.677696036302383,2012-01-16 02:00:00,2021-05-17 14:00:00,BIASW,7,0,4,200,100,-1,0,100,100,14,139,152,153,1750,4500,80,39980.0,129689.0,89709.0,1.445663199901905,0.3625,499.75,4472.0344827586205,-1759.0,16384.0,15644.0,0.16384,5,4,0.8,16.0,5.366563145999495,0.33541019662496846,7,0.1123311655827914,2.440185546875,32.78439219609805,4.893079591630096,True,True,True
462,196237.0,496918.0,300681.0,1.6526418363647852,0.5476190476190477,424.7554112554113,1964.102766798419,-1438.6650717703349,16396.0,14126.0,0.16396,10,10,1.0,46.2,8.52994724485445,0.1846308927457673,21,4.15728130701222,0.025433531902750245,11.968589899975603,38.60103854013259,2012-01-16 11:00:00,2021-05-17 16:30:00,BIASW,7,0,0,1100,100,3,0,2000,200,143,83,57,90,2000,5000,223,45868.0,346818.0,300950.0,1.1524106994517362,0.3273542600896861,205.68609865470853,4750.931506849315,-2006.3333333333333,36715.0,34464.0,0.36715,5,3,0.6,44.6,15.344054223053305,0.3440370902029889,21,0.10881224383012121,1.2492986517772027,178.50015261184268,1.3453107777624091,False,False,False
195,110090.0,251938.0,141848.0,1.7761124584061814,0.4,564.5641025641025,3229.974358974359,-1212.3760683760684,29652.0,25176.0,0.29652,10,6,0.6,19.5,8.891006692158093,0.4559490611363125,6,4.108901322943761,0.09075302025615406,3.7127343855389183,52.52193659732946,2012-01-13 20:00:00,2021-05-17 14:30:00,BIASW,7,4,4,2000,100,-1,0,0,0,54,38,152,153,1250,10000,154,-3876.0,167900.0,171776.0,0.9774357302533532,0.12987012987012986,-25.16883116883117,8395.0,-1281.910447761194,65613.0,64212.0,0.65613,5,3,0.6,30.8,11.338430226446693,0.3681308515080095,17,0.0,0.0,0.0,0.0,False,False,False
195,80980.0,182716.0,101736.0,1.7959817567036251,0.3128205128205128,415.28205128205127,2995.344262295082,-759.223880597015,16509.0,15045.0,0.16509,10,7,0.7,19.5,8.891006692158093,0.4559490611363125,6,4.050626730022284,0.1233761422573475,4.9052032224847055,39.7537046184243,2012-01-13 20:00:00,2021-05-17 12:30:00,BIASW,7,4,4,2000,100,-1,0,0,0,54,38,152,153,750,10000,154,-18976.0,89712.0,108688.0,0.8254085087590166,0.07792207792207792,-123.22077922077922,7476.0,-765.4084507042254,50128.0,47604.0,0.50128,5,2,0.4,30.8,11.338430226446693,0.3681308515080095,17,0.0,0.0,0.0,0.0,False,False,False
461,208271.0,526956.0,318685.0,1.653532485055776,0.5878524945770065,451.78091106290674,1944.4870848708488,-1677.2894736842106,20147.0,19327.0,0.20147,10,9,0.9,46.1,8.514105942493316,0.18468776447924762,21,3.9889824964846006,0.023531840726745443,10.337568868814216,44.594624311594025,2012-01-16 11:00:00,2021-05-17 19:30:00,BIASW,7,0,0,1100,100,3,0,2000,200,143,83,57,90,3000,4500,223,36633.0,412771.0,376138.0,1.0973924463893572,0.4304932735426009,164.27354260089686,4299.697916666667,-2961.716535433071,43474.0,41136.0,0.43474,5,3,0.6,44.6,15.344054223053305,0.3440370902029889,21,0.12259438211448694,0.8426415788747297,264.64395490404826,0.9873980594877412,False,False,False
183,70528.0,181937.0,111409.0,1.6330547801344595,0.44808743169398907,385.39890710382514,2218.743902439024,-1103.0594059405942,14673.0,8813.0,0.14673,10,7,0.7,18.3,3.606937759374287,0.19710042400952385,9,3.987406082153945,0.10621313520871144,4.806651673141143,38.07224081215971,2012-01-16 02:00:00,2021-05-17 10:00:00,BIASW,7,0,4,200,100,-1,0,100,100,14,139,152,153,1250,7500,80,65625.0,141165.0,75540.0,1.868745035742653,0.25,820.3125,7058.25,-1259.0,15727.0,14714.0,0.15727,5,3,0.6,16.0,5.366563145999495,0.33541019662496846,7,0.11620571428571429,4.172760221275514,19.171961904761904,8.197771955584747,True,True,True
487,245402.0,596280.0,350878.0,1.6993940913935899,0.5852156057494866,503.90554414784395,2092.2105263157896,-1737.019801980198,25165.0,24345.0,0.25165,10,9,0.9,48.7,8.989438247187639,0.1845880543570357,23,3.9809811047074715,0.020338057554543158,9.751718656864693,49.93991491511886,2012-01-16 11:00:00,2021-05-17 19:30:00,BIASW,8,0,0,1100,100,3,0,2000,200,143,153,57,90,3000,5000,232,65407.0,462608.0,397201.0,1.1646697767628984,0.4224137931034483,281.92672413793105,4720.489795918367,-2964.186567164179,43209.0,40699.0,0.43209,5,4,0.8,46.4,15.564061166674977,0.33543235273006416,24,0.07630681731313162,1.5137355643500197,153.26322870640757,1.6997638334271115,True,False,False
183,61413.0,146867.0,85454.0,1.7186673531958714,0.366120218579235,335.59016393442624,2192.044776119403,-736.6724137931035,11276.0,7609.0,0.11276,10,7,0.7,18.3,3.606937759374287,0.19710042400952385,9,3.960692597340126,0.12197743148844707,5.4463462220645615,33.6005080357579,2012-01-16 02:00:00,2021-05-17 02:30:00,BIASW,7,0,4,200,100,-1,0,100,100,14,139,152,153,750,7500,80,49445.0,99539.0,50094.0,1.987044356609574,0.175,618.0625,7109.928571428572,-759.0,19746.0,14421.0,0.19746,5,4,0.8,16.0,5.366563145999495,0.33541019662496846,7,0.1542319749216301,2.504051453458928,31.948225300839315,5.512292757670673,True,True,True
462,195032.0,506230.0,311198.0,1.6267135392900982,0.5735930735930735,422.1471861471861,1910.301886792453,-1579.6852791878173,17891.0,16897.0,0.17891,10,9,0.9,46.2,8.506468127254696,0.1841226867371146,21,3.955360188132509,0.025129209565609746,10.901123469901068,42.38095286927274,2012-01-16 11:00:00,2021-05-17 18:00:00,BIASW,7,0,0,1100,100,3,0,2000,200,143,83,57,90,2500,4000,223,26833.0,355792.0,328959.0,1.0815694357047534,0.4125560538116592,120.32735426008969,3867.304347826087,-2511.1374045801526,37531.0,34788.0,0.37531,5,3,0.6,44.6,15.344054223053305,0.3440370902029889,21,0.1487347668915142,0.7149556366736831,311.9074646890023,0.7784106092988348,False,False,False
195,78775.0,181270.0,102495.0,1.7685740767842333,0.3076923076923077,403.97435897435895,3021.1666666666665,-759.2222222222222,16509.0,15045.0,0.16509,10,7,0.7,19.5,8.891006692158093,0.4559490611363125,6,3.9403324358792955,0.27827356394795305,4.771639711672421,40.86645509362108,2012-01-13 20:00:00,2021-05-17 12:30:00,BIASW,7,4,4,2000,100,-1,0,0,0,54,38,152,153,750,0,154,-8846.0,99842.0,108688.0,0.9186110702193434,0.07792207792207792,-57.44155844155844,8320.166666666666,-765.4084507042254,44879.0,42014.0,0.44879,5,1,0.2,30.8,11.338430226446693,0.3681308515080095,17,0.0,0.0,0.0,0.0,False,False,False
183,53553.0,138248.0,84695.0,1.6323041501859614,0.37158469945355194,292.6393442622951,2033.0588235294117,-736.4782608695652,8708.0,7609.0,0.08708,10,7,0.7,18.3,3.606937759374287,0.19710042400952385,9,3.9301846198481822,0.09319739323660672,6.1498621956821315,29.75676432692846,2012-01-16 02:00:00,2021-05-17 02:30:00,BIASW,7,0,4,200,100,-1,0,100,100,14,139,152,153,750,5000,80,42780.0,89838.0,47058.0,1.9090909090909092,0.225,534.75,4991.0,-759.0,13996.0,8671.0,0.13996,5,4,0.8,16.0,5.366563145999495,0.33541019662496846,7,0.11666666666666667,3.05658759645613,26.172978027115473,5.664848156695917,True,True,True
183,53363.0,136540.0,83177.0,1.6415595657453383,0.3825136612021858,291.60109289617486,1950.5714285714287,-736.0796460176991,8708.0,7783.0,0.08708,10,8,0.8,18.3,3.606937759374287,0.19710042400952385,9,3.916240768378215,0.0747896482581564,6.128043178686266,29.862713865412363,2012-01-16 02:00:00,2021-05-17 02:30:00,BIASW,7,0,4,200,100,-1,0,100,100,14,139,152,153,750,4000,80,29530.0,75829.0,46299.0,1.637810751852092,0.2375,369.125,3991.0,-759.0,9622.0,8912.0,0.09622,5,4,0.8,16.0,5.366563145999495,0.33541019662496846,7,0.1351506942092787,3.06900852213677,26.067050457162207,4.716069869946942,True,True,True
462,197897.0,511604.0,313707.0,1.6308338672710523,0.5714285714285714,428.3484848484849,1937.8939393939395,-1584.378787878788,18887.0,16804.0,0.18887,10,9,0.9,46.2,8.506468127254696,0.1841226867371146,21,3.9062064417021847,0.024765408267937362,10.477947794779478,44.09260372820204,2012-01-16 11:00:00,2021-05-17 18:00:00,BIASW,7,0,0,1100,100,3,0,2000,200,143,83,57,90,2500,4500,223,16013.0,363364.0,347351.0,1.046100342305046,0.37668161434977576,71.80717488789237,4325.761904761905,-2498.928057553957,40008.0,38288.0,0.40008,5,3,0.6,44.6,15.344054223053305,0.3440370902029889,21,0.2804596265534253,0.40024495100979807,557.1588084681197,0.44991851628067697,False,False,False
183,59463.0,168354.0,108891.0,1.5460781882800232,0.45901639344262296,324.9344262295082,2004.2142857142858,-1099.909090909091,11050.0,7554.0,0.1105,10,8,0.8,18.3,3.606937759374287,0.19710042400952385,9,3.873950208604923,0.07552595731799606,5.381266968325792,34.006861409616064,2012-01-16 02:00:00,2021-05-17 10:00:00,BIASW,7,0,4,200,100,-1,0,100,100,14,139,152,153,1250,4500,80,43030.0,112275.0,69245.0,1.621416708787638,0.3125,537.875,4491.0,-1259.0,12128.0,8813.0,0.12128,5,4,0.8,16.0,5.366563145999495,0.33541019662496846,7,0.10436904485242854,3.5479881266490767,22.54798977457588,6.121054014942358,True,True,True
195,77050.0,178027.0,100977.0,1.76304504986284,0.31794871794871793,395.12820512820514,2871.4032258064517,-759.2255639097745,16509.0,15045.0,0.16509,10,7,0.7,19.5,8.891006692158093,0.4559490611363125,6,3.8540477839987273,0.09826086956521739,4.667151250832879,41.781375730045426,2012-01-13 20:00:00,2021-05-17 12:30:00,BIASW,7,4,4,2000,100,-1,0,0,0,54,38,152,153,750,7500,154,4929.0,110581.0,105652.0,1.0466531632150835,0.1038961038961039,32.006493506493506,6911.3125,-765.5942028985507,36629.0,33604.0,0.36629,5,2,0.4,30.8,11.338430226446693,0.3681308515080095,17,1.519780888618381,0.13456550820388216,1144.4240210996145,0.20958732425359258,False,False,False
195,93975.0,216782.0,122807.0,1.7652251093178728,0.36923076923076925,481.9230769230769,3010.8611111111113,-998.430894308943,24586.0,19235.0,0.24586,10,6,0.6,19.5,8.891006692158093,0.4559490611363125,6,3.851884279801998,0.08056397978185688,3.8222972423330352,51.01644054269753,2012-01-13 20:00:00,2021-05-17 14:00:00,BIASW,7,4,4,2000,100,-1,0,0,0,54,38,152,153,1000,7500,154,21154.0,159652.0,138498.0,1.1527386677063929,0.14285714285714285,137.36363636363637,7256.909090909091,-1049.2272727272727,39535.0,37462.0,0.39535,5,4,0.8,30.8,11.338430226446693,0.3681308515080095,17,0.5491160064290441,0.5350701909700265,287.8127068166777,0.8658055284428395,False,False,False
183,50678.0,154533.0,103855.0,1.4879688026575515,0.4808743169398907,276.92896174863387,1756.0568181818182,-1093.2105263157894,8151.0,7554.0,0.08151,10,8,0.8,18.3,3.925557285278104,0.21451132706437728,8,3.8441681652316655,0.059019692963416075,6.21739663844927,29.433541181577805,2012-01-16 02:00:00,2021-05-17 10:00:00,BIASW,7,0,4,200,100,-1,0,100,100,14,139,152,153,1250,3000,80,22530.0,86739.0,64209.0,1.3508853898986124,0.3625,281.625,2991.0,-1259.0,12384.0,11644.0,0.12384,5,4,0.8,16.0,5.366563145999495,0.33541019662496846,7,0.13275632490013314,1.8192829457364341,43.973368841544605,3.171612932424905,True,False,False
461,205406.0,521082.0,315676.0,1.6506861465553289,0.5900216919739696,445.56616052060735,1915.7426470588234,-1670.2433862433863,21147.0,20327.0,0.21147,10,9,0.9,46.1,8.514105942493316,0.18468776447924762,21,3.8399649857688924,0.023860062510345365,9.71324537759493,47.46096511299573,2012-01-16 11:00:00,2021-05-17 19:30:00,BIASW,7,0,0,1100,100,3,0,2000,200,143,83,57,90,3000,4000,223,42438.0,399693.0,357255.0,1.11878910022253,0.4618834080717489,190.304932735426,3880.5145631067962,-2977.125,42200.0,39816.0,0.422,5,3,0.6,44.6,15.344054223053305,0.3440370902029889,21,0.09404307460295018,1.0056398104265403,221.74937555963996,1.161002799426877,False,False,False
183,54393.0,121835.0,67442.0,1.8065152278995285,0.3005464480874317,297.2295081967213,2215.181818181818,-526.890625,9423.0,8061.0,0.09423,10,7,0.7,18.3,3.606937759374287,0.19710042400952385,9,3.8373973765571074,0.11014284926369201,5.772365488697867,31.70277425404004,2012-01-16 02:00:00,2021-05-17 02:30:00,BIASW,7,0,4,200,100,-1,0,100,100,14,139,152,153,500,6000,80,-4300.0,33366.0,37666.0,0.8858386874103966,0.075,-53.75,5561.0,-509.0,15750.0,15270.0,0.1575,5,2,0.4,16.0,5.366563145999495,0.33541019662496846,7,0.0,0.0,0.0,0.0,False,False,False
183,58128.0,172499.0,114371.0,1.5082407253587011,0.5683060109289617,317.6393442622951,1658.6442307692307,-1447.73417721519,10776.0,9036.0,0.10776,10,8,0.8,18.3,3.950949253027682,0.21589886628566568,8,3.8348196706383533,0.04285370217451142,5.394209354120267,33.92526837324525,2012-01-16 02:00:00,2021-05-17 16:00:00,BIASW,7,0,4,200,100,-1,0,100,100,14,139,152,153,2250,2500,80,4530.0,97149.0,92619.0,1.0489100508534965,0.4875,56.625,2491.0,-2259.0,26771.0,24556.0,0.26771,5,4,0.8,16.0,5.366563145999495,0.33541019662496846,7,0.5498896247240618,0.16921295431623773,472.77704194260485,0.43372590808306755,False,False,False
461,222826.0,551017.0,328191.0,1.6789521955202915,0.579175704989154,483.35357917570497,2063.734082397004,-1691.7061855670104,25061.0,24366.0,0.25061,10,9,0.9,46.1,8.514105942493316,0.18468776447924762,21,3.8265305729028802,0.027806449875687755,8.891345117912294,51.848173013921176,2012-01-16 11:00:00,2021-05-17 19:30:00,BIASW,7,0,0,1100,100,3,0,2000,200,143,83,57,90,3000,6000,223,79993.0,479578.0,399585.0,1.2001901973297295,0.39461883408071746,358.7130044843049,5449.75,-2959.8888888888887,40581.0,36297.0,0.40581,5,4,0.8,44.6,15.344054223053305,0.3440370902029889,21,0.0748940532296576,1.97119341563786,113.1294363256785,2.231645441732378,True,False,False
183,71333.0,193330.0,121997.0,1.5847110994532652,0.4644808743169399,389.7978142076503,2274.470588235294,-1244.8673469387754,16423.0,10563.0,0.16423,10,7,0.7,18.3,3.6345563690772495,0.1986096376544945,9,3.8119974374485666,0.10501450941359539,4.3434817024904095,42.13209874812499,2012-01-16 02:00:00,2021-05-17 12:30:00,BIASW,7,0,4,200,100,-1,0,100,100,14,139,152,153,1500,7500,80,59625.0,148656.0,89031.0,1.6697105502577754,0.2625,745.3125,7078.857142857143,-1509.0,22145.0,20841.0,0.22145,5,3,0.6,16.0,5.366563145999495,0.33541019662496846,7,0.1278993710691824,2.692481372770377,29.712368972746333,6.276824843663277,True,True,True
462,187782.0,482436.0,294654.0,1.637296625873058,0.5541125541125541,406.45454545454544,1884.515625,-1430.3592233009708,17966.0,16126.0,0.17966,10,10,1.0,46.2,8.52994724485445,0.1846308927457673,21,3.800368712697107,0.026099413149290134,10.45207614382723,44.20174457615746,2012-01-16 11:00:00,2021-05-17 16:30:00,BIASW,7,0,0,1100,100,3,0,2000,200,143,83,57,90,2000,4000,223,40833.0,322873.0,282040.0,1.1447773365480074,0.3721973094170404,183.10762331838566,3890.0361445783133,-2014.5714285714287,37657.0,35446.0,0.37657,5,3,0.6,44.6,15.344054223053305,0.3440370902029889,21,0.09773957338427253,1.084340228908304,205.65500942864838,1.1825595330856171,False,False,False
462,183847.0,482519.0,298672.0,1.6155481598542882,0.5497835497835498,397.93722943722946,1899.6811023622047,-1435.923076923077,17396.0,15126.0,0.17396,10,10,1.0,46.2,8.52994724485445,0.1846308927457673,21,3.7811971284738544,0.02665803630192497,10.568349045757646,43.715437292966435,2012-01-16 11:00:00,2021-05-17 16:30:00,BIASW,7,0,0,1100,100,3,0,2000,200,143,83,57,90,2000,4500,223,29513.0,326445.0,296932.0,1.099393127045923,0.336322869955157,132.34529147982062,4352.6,-2006.2972972972973,41157.0,39180.0,0.41157,5,3,0.6,44.6,15.344054223053305,0.3440370902029889,21,0.1521702300681056,0.7170833637048376,310.98197404533596,0.8175721447941168,False,False,False
183,74243.0,202929.0,128686.0,1.5769314455340908,0.48633879781420764,405.69945355191254,2280.1011235955057,-1369.0,18173.0,12313.0,0.18173,10,7,0.7,18.3,3.6345563690772495,0.1986096376544945,9,3.77164280894515,0.10089840119607235,4.085346393000605,44.794243228317825,2012-01-16 02:00:00,2021-05-17 14:00:00,BIASW,7,0,4,200,100,-1,0,100,100,14,139,152,153,1750,7500,80,69075.0,167579.0,98504.0,1.7012405587590351,0.3,863.4375,6982.458333333333,-1759.0,23566.0,22214.0,0.23566,5,4,0.8,16.0,5.366563145999495,0.33541019662496846,7,0.11040173724212812,2.9311295934821353,27.293231994209194,7.0489984797474134,True,True,True
462,194972.0,507632.0,312660.0,1.623591121345871,0.5562770562770563,422.01731601731603,1975.2217898832685,-1525.1707317073171,19716.0,17720.0,0.19716,10,9,0.9,46.2,8.506468127254696,0.1841226867371146,21,3.7666937663831264,0.025598547483741255,9.88902414282816,46.71846213815317,2012-01-16 11:00:00,2021-05-17 16:30:00,BIASW,7,0,0,1100,100,3,0,2000,200,143,83,57,90,2250,5000,223,33868.0,362782.0,328914.0,1.1029691651921172,0.3452914798206278,151.8744394618834,4711.454545454545,-2252.8356164383563,36465.0,34464.0,0.36465,5,3,0.6,44.6,15.344054223053305,0.3440370902029889,21,0.14736624542340854,0.9287810228986699,240.09965158852012,0.9967494990883189,False,False,False
183,51463.0,117378.0,65915.0,1.7807479329439428,0.31693989071038253,281.21857923497265,2023.7586206896551,-527.32,8821.0,8061.0,0.08821,10,8,0.8,18.3,3.606937759374287,0.19710042400952385,9,3.7525332209865065,0.07755086178419447,5.834145788459359,31.367059829391994,2012-01-16 02:00:00,2021-05-17 02:30:00,BIASW,7,0,4,200,100,-1,0,100,100,14,139,152,153,500,4000,80,-220.0,35919.0,36139.0,0.9939123938127784,0.1125,-2.75,3991.0,-509.0,11250.0,10770.0,0.1125,5,2,0.4,16.0,5.366563145999495,0.33541019662496846,7,0.0,0.0,0.0,0.0,False,False,False
183,51153.0,118086.0,66933.0,1.7642418537940927,0.30601092896174864,279.5245901639344,2108.6785714285716,-527.0314960629921,8821.0,8061.0,0.08821,10,8,0.8,18.3,3.606937759374287,0.19710042400952385,9,3.7299289169524275,0.09757003499306004,5.799002380682462,31.55715207319219,2012-01-16 02:00:00,2021-05-17 02:30:00,BIASW,7,0,4,200,100,-1,0,100,100,14,139,152,153,500,5000,80,8780.0,44919.0,36139.0,1.2429508287445696,0.1125,109.75,4991.0,-509.0,10270.0,10180.0,0.1027,5,3,0.6,16.0,5.366563145999495,0.33541019662496846,7,0.5684510250569476,0.8549172346640701,93.57630979498862,1.3572465740771997,False,False,False
462,212452.0,534165.0,321713.0,1.6603774171388785,0.5627705627705628,459.8528138528139,2054.480769230769,-1592.6386138613861,24071.0,23077.0,0.24071,10,9,0.9,46.2,8.506468127254696,0.1841226867371146,21,3.714592938788764,0.02916423474478941,8.826056250259649,52.34500969630787,2012-01-16 11:00:00,2021-05-17 18:00:00,BIASW,7,0,0,1100,100,3,0,2000,200,143,83,57,90,2500,6000,223,64273.0,426678.0,362405.0,1.1773513058594667,0.34977578475336324,288.21973094170403,5470.2307692307695,-2499.344827586207,44566.0,42806.0,0.44566,5,4,0.8,44.6,15.344054223053305,0.3440370902029889,21,0.09321176854977985,1.4421980882286944,154.6250836276508,1.7110445899263405,True,False,False
183,57543.0,142997.0,85454.0,1.673379830084022,0.366120218579235,314.44262295081967,2134.283582089552,-736.6724137931035,11276.0,7609.0,0.11276,10,7,0.7,18.3,3.606937759374287,0.19710042400952385,9,3.7111056963304647,0.10411344559720556,5.103139411138701,35.8602784005005,2012-01-16 02:00:00,2021-05-17 02:30:00,BIASW,7,0,4,200,100,-1,0,100,100,14,139,152,153,750,6000,80,37950.0,87285.0,49335.0,1.7692307692307692,0.1875,474.375,5819.0,-759.0,19746.0,14421.0,0.19746,5,4,0.8,16.0,5.366563145999495,0.33541019662496846,7,0.15786561264822135,1.9219082345791552,41.62529644268775,4.230791994207746,True,False,False
183,50098.0,134793.0,84695.0,1.591510714918236,0.37158469945355194,273.75956284153006,1982.25,-736.4782608695652,8708.0,7609.0,0.08708,10,7,0.7,18.3,3.606937759374287,0.19710042400952385,9,3.6766266891706203,0.08964429717753204,5.753100597152044,31.80893448840273,2012-01-16 02:00:00,2021-05-17 02:30:00,BIASW,7,0,4,200,100,-1,0,100,100,14,139,152,153,750,4500,80,39030.0,85329.0,46299.0,1.8429987688718978,0.2375,487.875,4491.0,-759.0,9122.0,8412.0,0.09122,5,4,0.8,16.0,5.366563145999495,0.33541019662496846,7,0.11506533435818601,4.278666959000219,18.697412246989494,6.401812900818337,True,True,True
457,212052.0,555288.0,343236.0,1.6178023284270882,0.5645514223194749,464.00875273522973,2152.279069767442,-1724.8040201005026,25061.0,24366.0,0.25061,10,9,0.9,45.7,8.820997676000147,0.19301964280087847,20,3.6733847744829826,0.06355044988964971,8.461434100794062,54.009757040725866,2012-01-16 11:00:00,2021-05-17 19:30:00,BIASW,7,0,0,1100,100,3,0,2000,200,143,83,57,90,3000,0,214,58924.0,485520.0,426596.0,1.1381260021191009,0.32710280373831774,275.3457943925234,6936.0,-2962.472222222222,52272.0,48676.0,0.52272,5,4,0.8,42.8,14.85126257258958,0.34699211618199954,20,0.390180571583735,1.1272574227119683,189.84128708166452,1.509326981922827,True,False,False
195,97855.0,238444.0,140589.0,1.6960359629843018,0.40512820512820513,501.8205128205128,3018.278481012658,-1211.9741379310344,29652.0,25176.0,0.29652,10,6,0.6,19.5,8.891006692158093,0.4559490611363125,6,3.6522530561964004,0.07736957743600224,3.300114663429111,59.0888559603495,2012-01-13 20:00:00,2021-05-17 14:30:00,BIASW,7,4,4,2000,100,-1,0,0,0,54,38,152,153,1250,7500,154,8634.0,175374.0,166740.0,1.0517812162648434,0.15584415584415584,56.064935064935064,7307.25,-1282.6153846153845,50613.0,49212.0,0.50613,5,3,0.6,30.8,11.338430226446693,0.3681308515080095,17,1.3453787352328006,0.17058858396064253,902.7567755385685,0.3123199528282924,False,False,False
459,221459.0,558317.0,336858.0,1.657425383989693,0.6034858387799564,482.48148148148147,2015.5848375451264,-1850.868131868132,27861.0,26867.0,0.27861,10,10,1.0,45.9,8.50235261559999,0.18523644042701506,21,3.6226113696778603,0.03032615517996559,7.94870966584114,57.74522146311507,2012-01-16 11:00:00,2021-05-19 05:00:00,BIASW,7,0,0,1100,100,3,0,2000,200,143,83,57,90,4000,5000,222,73587.0,505541.0,431954.0,1.1703584177944875,0.5,331.47297297297297,4554.423423423424,-3891.4774774774774,45474.0,42636.0,0.45474,5,4,0.8,44.4,15.512575543732254,0.34938233206604175,21,0.06782447986736788,1.6182214012402691,137.18765542826858,1.9480764297401945,True,False,False
183,52293.0,174473.0,122180.0,1.4279996726141757,0.5355191256830601,285.75409836065575,1780.3367346938776,-1437.4117647058824,9807.0,8967.0,0.09807,10,7,0.7,18.3,3.950949253027682,0.21589886628566568,8,3.6162948026444752,0.057196947966266995,5.332211685530743,34.31971774424875,2012-01-16 02:00:00,2021-05-17 14:30:00,BIASW,7,0,4,200,100,-1,0,100,100,14,139,152,153,2000,3000,80,14280.0,104685.0,90405.0,1.1579558652729385,0.4375,178.5,2991.0,-2009.0,22884.0,22144.0,0.22884,5,4,0.8,16.0,5.366563145999495,0.33541019662496846,7,0.20945378151260505,0.6240167802831673,128.2016806722689,1.478807681774484,True,False,False
459,203179.0,537437.0,334258.0,1.6078508218202705,0.5490196078431373,442.6557734204793,2132.686507936508,-1614.7729468599034,24071.0,23077.0,0.24071,10,9,0.9,45.9,8.525843066817497,0.18574821496334418,21,3.5756789144886736,0.06632575216926946,8.440820904823232,54.37859719754502,2012-01-16 11:00:00,2021-05-17 18:00:00,BIASW,7,0,0,1100,100,3,0,2000,200,143,83,57,90,2500,0,215,34845.0,416772.0,381927.0,1.0912347123926824,0.28837209302325584,162.06976744186048,6722.129032258064,-2496.2549019607845,57275.0,50761.0,0.57275,5,4,0.8,43.0,14.546477236774544,0.3382901682970824,21,0.5201894102453724,0.6083806198166739,353.3971875448414,0.8487091942137834,False,False,False
459,207244.0,547471.0,340227.0,1.6091344896201654,0.5686274509803921,451.5119825708061,2097.590038314176,-1718.3181818181818,25061.0,24366.0,0.25061,10,9,0.9,45.9,8.802840450672726,0.1917830163545256,20,3.5744524914568445,0.0372556020922198,8.269582219384702,55.50461774526645,2012-01-16 11:00:00,2021-05-17 19:30:00,BIASW,7,0,0,1100,100,3,0,2000,200,143,83,57,90,3000,7500,222,60532.0,481180.0,420648.0,1.1439017896198247,0.36036036036036034,272.6666666666667,6014.75,-2962.3098591549297,56687.0,52897.0,0.56687,5,4,0.8,44.4,15.576905982896603,0.3508312158310046,21,0.12375272583096544,1.0678286026778627,207.89853300733495,1.4352572821101637,True,False,False
391,144271.0,351820.0,207549.0,1.695117779415945,0.43478260869565216,368.97953964194375,2069.529411764706,-939.1357466063348,17192.0,14248.0,0.17192,10,8,0.8,39.1,8.560957890329796,0.21895032967595385,15,3.5267813084604955,0.20101752951043522,8.391751977664029,46.59336942282233,2012-01-13 20:00:00,2021-05-17 14:00:00,BIASW,8,4,4,2000,100,-1,0,0,0,152,38,152,153,1000,0,167,10957.0,165599.0,154642.0,1.0708539724007708,0.11377245508982035,65.61077844311377,8715.736842105263,-1044.8783783783783,50967.0,48390.0,0.50967,5,3,0.6,33.4,10.209799214480176,0.3056826112119813,18,2.33421556995528,0.2149822434124041,776.8083416993702,0.36422529350976734,False,False,False
462,203402.0,506571.0,303169.0,1.670919520135634,0.5432900432900433,440.2640692640693,2018.211155378486,-1436.8199052132702,24576.0,22306.0,0.24576,10,9,0.9,46.2,8.52994724485445,0.1846308927457673,21,3.519630651226843,0.030461844032998692,8.276448567708334,55.821044040864884,2012-01-16 11:00:00,2021-05-17 16:30:00,BIASW,7,0,0,1100,100,3,0,2000,200,143,83,57,90,2000,6000,223,68773.0,377759.0,308986.0,1.2225764274109507,0.3094170403587444,308.39910313901345,5474.768115942029,-2006.4025974025974,41110.0,38859.0,0.4111,5,3,0.6,44.6,15.344054223053305,0.3440370902029889,21,0.08711267503235282,1.6729019703235222,133.30129556657408,1.9062454276689178,True,False,False
183,48198.0,115131.0,66933.0,1.7200932275559142,0.30601092896174864,263.37704918032784,2055.910714285714,-527.0314960629921,8821.0,8061.0,0.08821,10,8,0.8,18.3,3.606937759374287,0.19710042400952385,9,3.5144588575308013,0.09317814017179137,5.464006348486566,33.491908377940995,2012-01-16 02:00:00,2021-05-17 02:30:00,BIASW,7,0,4,200,100,-1,0,100,100,14,139,152,153,500,4500,80,4280.0,40419.0,36139.0,1.118431611278674,0.1125,53.5,4491.0,-509.0,10750.0,10270.0,0.1075,5,2,0.4,16.0,5.366563145999495,0.33541019662496846,7,1.0492990654205607,0.39813953488372095,200.93457943925233,0.6466793555928545,False,False,False
458,202868.0,549113.0,346245.0,1.5859088217880402,0.5633187772925764,442.94323144104806,2128.34496124031,-1731.225,25061.0,24366.0,0.25061,10,9,0.9,45.8,8.8068155425216,0.1922885489633537,20,3.5066168746697883,0.04924877260090305,8.094968277403137,56.57835636965908,2012-01-16 11:00:00,2021-05-17 19:30:00,BIASW,7,0,0,1100,100,3,0,2000,200,143,83,57,90,3000,10000,218,54503.0,481928.0,427425.0,1.1275147686728666,0.3348623853211009,250.0137614678899,6601.753424657534,-2947.7586206896553,61187.0,51408.0,0.61187,5,4,0.8,43.6,15.001333274079341,0.34406727692842526,21,0.18725574739005194,0.8907611093859806,244.7345283745849,1.2667000304449496,True,False,False
183,43938.0,134639.0,90701.0,1.4844268530666695,0.45901639344262296,240.0983606557377,1602.845238095238,-916.1717171717172,7452.0,7053.0,0.07452,10,8,0.8,18.3,3.925557285278104,0.21451132706437728,8,3.4857177556905135,0.05669352269106468,5.896135265700483,31.03727980335928,2012-01-16 02:00:00,2021-05-17 02:30:00,BIASW,7,0,4,200,100,-1,0,100,100,14,139,152,153,1000,2500,80,27780.0,77221.0,49441.0,1.561881838959568,0.3875,347.25,2491.0,-1009.0,8849.0,6054.0,0.08849,5,4,0.8,16.0,5.366563145999495,0.33541019662496846,7,0.08966882649388049,3.139337778280032,25.48308135349172,4.626308649304152,True,True,True
461,197816.0,529565.0,331749.0,1.596282128958942,0.5531453362255966,429.1019522776573,2076.725490196078,-1610.4320388349515,24071.0,23077.0,0.24071,10,9,0.9,46.1,8.50235261559999,0.18443281161822106,21,3.4661940384716985,0.03786852428519432,8.218021685846038,56.09622578557851,2012-01-16 11:00:00,2021-05-17 18:00:00,BIASW,7,0,0,1100,100,3,0,2000,200,143,83,57,90,2500,7500,222,42412.0,422380.0,379968.0,1.1116199258884958,0.3153153153153153,191.04504504504504,6034.0,-2499.7894736842104,57066.0,55306.0,0.57066,5,4,0.8,44.4,15.576905982896603,0.3508312158310046,21,0.17662454022446478,0.7432096169347773,298.7044232764312,1.0022741033189726,False,False,False
462,182332.0,492733.0,310401.0,1.5874079013920703,0.5584415584415584,394.65800865800867,1909.8178294573643,-1521.5735294117646,20716.0,18720.0,0.20716,10,9,0.9,46.2,8.506468127254696,0.1841226867371146,21,3.436429321555116,0.02687953842441261,8.801506082255262,52.49101638768839,2012-01-16 11:00:00,2021-05-17 16:30:00,BIASW,7,0,0,1100,100,3,0,2000,200,143,83,57,90,2250,4500,223,16513.0,340909.0,324396.0,1.0509038335861107,0.3542600896860987,74.04932735426009,4315.303797468355,-2252.75,41407.0,39446.0,0.41407,5,3,0.6,44.6,15.344054223053305,0.3440370902029889,21,0.271967540725489,0.39879730480353565,559.1813116938171,0.45606178388092466,False,False,False
183,54443.0,172499.0,118056.0,1.4611624991529444,0.5683060109289617,297.5027322404372,1658.6442307692307,-1494.379746835443,11776.0,10289.0,0.11776,10,6,0.6,18.3,3.950949253027682,0.21589886628566568,8,3.4358287316259166,0.045754275113421373,4.6232167119565215,39.58282974854435,2012-01-16 02:00:00,2021-05-17 16:00:00,BIASW,7,0,4,200,100,-1,0,100,100,14,139,152,153,2500,2500,80,14280.0,107113.0,92833.0,1.153824609783159,0.5375,178.5,2491.0,-2509.0,23431.0,20126.0,0.23431,5,4,0.8,16.0,5.366563145999495,0.33541019662496846,7,0.17443977591036414,0.6094490205283599,131.26610644257704,1.4614442584799208,True,False,False
462,186267.0,492150.0,305883.0,1.608948519531978,0.5627705627705628,403.1753246753247,1892.8846153846155,-1514.2722772277227,21716.0,19720.0,0.21716,10,9,0.9,46.2,8.506468127254696,0.1841226867371146,21,3.4288104306107847,0.026311692355597074,8.577408362497698,53.86242329559181,2012-01-16 11:00:00,2021-05-17 16:30:00,BIASW,7,0,0,1100,100,3,0,2000,200,143,83,57,90,2250,4000,223,34333.0,339828.0,305495.0,1.112384818082129,0.39461883408071746,153.9596412556054,3861.681818181818,-2262.925925925926,32157.0,30196.0,0.32157,5,2,0.4,44.6,15.344054223053305,0.3440370902029889,21,0.11624384702764104,1.067668003856081,208.86642588762996,1.0759908411490484,False,False,False
460,194495.0,531262.0,336767.0,1.5775358036862281,0.5478260869565217,422.8152173913044,2108.1825396825398,-1619.0721153846155,24071.0,23077.0,0.24071,10,9,0.9,46.0,8.508818954473059,0.1849743250972404,21,3.4154111350874037,0.05136892979253965,8.080054837771593,56.93030669168873,2012-01-16 11:00:00,2021-05-17 18:00:00,BIASW,7,0,0,1100,100,3,0,2000,200,143,83,57,90,2500,10000,218,28703.0,413968.0,385265.0,1.0745019661791235,0.2889908256880734,131.6651376146789,6570.920634920635,-2485.5806451612902,58421.0,50672.0,0.58421,5,3,0.6,43.6,15.001333274079341,0.34406727692842526,21,0.35557258823119536,0.4913130552369867,443.7089502839424,0.6826934735566866,False,False,False
462,179182.0,449045.0,269863.0,1.6639739423337025,0.47619047619047616,387.83982683982686,2041.1136363636363,-1115.1363636363637,20341.0,17345.0,0.20341,10,10,1.0,46.2,8.55336191213724,0.18513770372591426,21,3.4080479878427217,0.041806654686296615,8.80890811661177,52.446908729671506,2012-01-16 11:00:00,2021-05-17 16:00:00,BIASW,7,0,0,1100,100,3,0,2000,200,143,83,57,90,1250,7500,222,43877.0,267965.0,224088.0,1.1958025418585556,0.20270270270270271,197.64414414414415,5954.777777777777,-1266.0338983050847,39983.0,33333.0,0.39983,5,2,0.4,44.4,15.512575543732254,0.34938233206604175,21,0.17072726029582697,1.09739139134132,202.2979237413679,1.2387558258585023,True,False,False
460,177235.0,448357.0,271122.0,1.6537094001962216,0.4717391304347826,385.29347826086956,2066.1612903225805,-1115.7283950617284,20341.0,17345.0,0.20341,10,10,1.0,46.0,8.579044235810887,0.18650096164806276,21,3.385672570079229,0.07603464327023443,8.71319010864756,52.79352272406692,2012-01-16 11:00:00,2021-05-17 16:00:00,BIASW,7,0,0,1100,100,3,0,2000,200,143,83,57,90,1250,0,217,992.0,230116.0,229124.0,1.0043295333531188,0.16589861751152074,4.571428571428571,6392.111111111111,-1265.878453038674,59005.0,52726.0,0.59005,5,3,0.6,43.4,14.71869559437928,0.33914045148339356,21,15.137096774193548,0.016812134564867385,12907.34375,0.023585602665812486,False,False,False
460,193300.0,506514.0,313214.0,1.6171499358266233,0.5304347826086957,420.2173913043478,2075.877049180328,-1450.0648148148148,24576.0,22306.0,0.24576,10,9,0.9,46.0,8.555699854482976,0.18599347509745598,21,3.3593702367890943,0.06971546818416968,7.865397135416667,58.48401448525608,2012-01-16 11:00:00,2021-05-17 16:30:00,BIASW,7,0,0,1100,100,3,0,2000,200,143,83,57,90,2000,0,216,13431.0,343687.0,330256.0,1.0406684511409332,0.24074074074074073,62.18055555555556,6609.365384615385,-2013.7560975609756,45171.0,40009.0,0.45171,5,2,0.4,43.2,14.729562111617575,0.3409620859170735,21,1.3495644404735314,0.2973367868765358,726.4489613580522,0.3666605557535677,False,False,False
459,208159.0,541008.0,332849.0,1.6253856854008875,0.6056644880174292,453.5054466230937,1946.071942446043,-1838.9447513812154,28861.0,27867.0,0.28861,10,10,1.0,45.9,8.50235261559999,0.18523644042701506,21,3.34554030915814,0.03226379834645631,7.212466650497211,63.63980899216464,2012-01-16 11:00:00,2021-05-19 05:00:00,BIASW,7,0,0,1100,100,3,0,2000,200,143,83,57,90,4000,4500,222,46177.0,470113.0,423936.0,1.1089244602958936,0.509009009009009,208.0045045045045,4160.29203539823,-3889.321100917431,50474.0,47136.0,0.50474,5,4,0.8,44.4,15.512575543732254,0.34938233206604175,21,0.09725620980141629,0.9148670602686532,242.65820646642268,1.1603214621632805,False,False,False
462,175697.0,443042.0,267345.0,1.6571920178047093,0.4805194805194805,380.29653679653677,1995.6846846846847,-1113.9375,20341.0,17345.0,0.20341,10,10,1.0,46.2,8.55336191213724,0.18513770372591426,21,3.341763164380365,0.03409847635417793,8.637579273388722,53.48720809120247,2012-01-16 11:00:00,2021-05-17 16:00:00,BIASW,7,0,0,1100,100,3,0,2000,200,143,83,57,90,1250,6000,223,66193.0,283986.0,217793.0,1.3039262051581089,0.22869955156950672,296.82959641255604,5568.35294117647,-1266.2383720930231,25879.0,24578.0,0.25879,5,4,0.8,44.6,15.344054223053305,0.3440370902029889,21,0.09050805976462768,2.5577881680126744,87.18470230991193,2.3124529397944587,True,True,True
462,191717.0,502922.0,311205.0,1.6160473000112465,0.5346320346320347,414.9718614718615,2036.1214574898786,-1447.4651162790697,24576.0,22306.0,0.24576,10,9,0.9,46.2,8.52994724485445,0.1846308927457673,21,3.3174355687813124,0.03907321729424099,7.800984700520833,59.223292665752126,2012-01-16 11:00:00,2021-05-17 16:30:00,BIASW,7,0,0,1100,100,3,0,2000,200,143,83,57,90,2000,7500,222,33077.0,358135.0,325058.0,1.1017572248644858,0.2702702702702703,148.9954954954955,5968.916666666667,-2006.530864197531,51130.0,48879.0,0.5113,5,3,0.6,44.4,15.576905982896603,0.3508312158310046,21,0.22647156634519455,0.646919616663407,343.1647368261934,0.8257996404047346,False,False,False
462,173177.0,468263.0,295086.0,1.58686959056004,0.525974025974026,374.84199134199133,1927.008230452675,-1347.4246575342465,20101.0,18547.0,0.20101,10,10,1.0,46.2,8.52994724485445,0.1846308927457673,21,3.3134380226291404,0.028820224394694446,8.615342520272623,53.62526201516368,2012-01-16 11:00:00,2021-05-17 16:00:00,BIASW,7,0,0,1100,100,3,0,2000,200,143,83,57,90,1750,5000,223,40068.0,315546.0,275478.0,1.1454490013721603,0.29596412556053814,179.67713004484304,4781.0,-1754.6369426751592,41875.0,39374.0,0.41875,5,3,0.6,44.6,15.344054223053305,0.3440370902029889,21,0.12456324248777079,0.9568477611940298,233.05692822202258,1.1004107870330138,False,False,False
462,162277.0,447132.0,284855.0,1.5696828210844114,0.5021645021645021,351.24891774891773,1927.2931034482758,-1238.5,17909.0,14626.0,0.17909,10,9,0.9,46.2,8.565045242145542,0.18539058965682992,21,3.28941579552062,0.03075605292185584,9.061198280194315,50.986633965380186,2012-01-16 11:00:00,2021-05-17 16:00:00,BIASW,7,0,0,1100,100,3,0,2000,200,143,83,57,90,1500,5000,223,47928.0,293131.0,245203.0,1.1954625351239585,0.273542600896861,214.92376681614348,4805.426229508197,-1513.5987654320988,26875.0,24144.0,0.26875,5,3,0.6,44.6,15.344054223053305,0.3440370902029889,21,0.10413536972124854,1.783367441860465,125.04433733934235,1.643045741222561,True,False,False
461,172476.0,444857.0,272381.0,1.6332159732139906,0.47071583514099785,374.1344902386117,2050.032258064516,-1116.3155737704917,20341.0,17345.0,0.20341,10,10,1.0,46.1,8.560957890329798,0.18570407571214312,21,3.287615681529403,0.0579268999744892,8.479229143109976,54.36814977156242,2012-01-16 11:00:00,2021-05-17 16:00:00,BIASW,7,0,0,1100,100,3,0,2000,200,143,83,57,90,1250,10000,219,18414.0,247538.0,229124.0,1.0803669628672683,0.1735159817351598,84.08219178082192,6514.1578947368425,-1265.878453038674,46114.0,39338.0,0.46114,5,2,0.4,43.8,15.011995203836166,0.34273961652593987,21,0.5542521994134897,0.39931474172702436,548.4395568589117,0.4907124461748228,False,False,False
462,154362.0,421707.0,267345.0,1.5773887673231217,0.4805194805194805,334.1168831168831,1899.581081081081,-1113.9375,16406.0,12790.0,0.16406,10,10,1.0,46.2,8.55336191213724,0.18513770372591426,21,3.2691625463324794,0.03233308715875669,9.408874801901744,49.10257705912077,2012-01-16 11:00:00,2021-05-17 16:00:00,BIASW,7,0,0,1100,100,3,0,2000,200,143,83,57,90,1250,5000,223,41788.0,257063.0,215275.0,1.1941145047032864,0.23766816143497757,187.39013452914799,4850.245283018868,-1266.3235294117646,32852.0,30645.0,0.32852,5,3,0.6,44.6,15.344054223053305,0.3440370902029889,21,0.11943620178041543,1.2720077925240472,175.31339140423088,1.2957023990633,True,False,False
462,184257.0,481581.0,297324.0,1.6197178835210073,0.5216450216450217,398.8246753246753,1998.2614107883817,-1345.3574660633485,23521.0,22431.0,0.23521,10,9,0.9,46.2,8.52994724485445,0.1846308927457673,21,3.2590691578062856,0.03362694497359666,7.833723055992517,58.97578925088328,2012-01-16 11:00:00,2021-05-17 16:00:00,BIASW,7,0,0,1100,100,3,0,2000,200,143,83,57,90,1750,6000,223,65723.0,346478.0,280755.0,1.2340937828355685,0.2825112107623318,294.7219730941704,5499.650793650793,-1754.71875,48770.0,46269.0,0.4877,5,3,0.6,44.6,15.344054223053305,0.3440370902029889,21,0.09115530331847299,1.3476112364158295,165.47799096206808,1.6725364268158343,True,False,False
460,183155.0,487515.0,304360.0,1.6017709291628335,0.5108695652173914,398.1630434782609,2074.531914893617,-1352.7111111111112,23521.0,22431.0,0.23521,10,9,0.9,46.0,8.555699854482976,0.18599347509745598,21,3.2536625115331677,0.07357702492424449,7.7868713064920705,59.07378995932407,2012-01-16 11:00:00,2021-05-17 16:00:00,BIASW,7,0,0,1100,100,3,0,2000,200,143,83,57,90,1750,0,216,12016.0,309532.0,297516.0,1.0403877438524314,0.2175925925925926,55.629629629629626,6585.787234042553,-1760.4497041420118,59033.0,56164.0,0.59033,5,3,0.6,43.2,14.620533505997653,0.3384382756017975,21,1.3229027962716378,0.2035471685328545,1061.1790945406126,0.2869446873447229,False,False,False
459,205294.0,534134.0,328840.0,1.624297530714025,0.6078431372549019,447.2636165577342,1914.4587813620071,-1826.888888888889,29861.0,28867.0,0.29861,10,10,1.0,45.9,8.50235261559999,0.18523644042701506,21,3.2437759115994313,0.03271405886192485,6.874987441813737,66.76375831734,2012-01-16 11:00:00,2021-05-19 05:00:00,BIASW,7,0,0,1100,100,3,0,2000,200,143,83,57,90,4000,4000,222,59982.0,455026.0,395044.0,1.1518362511517704,0.545045045045045,270.18918918918916,3760.5454545454545,-3911.3267326732675,48436.0,46816.0,0.48436,5,4,0.8,44.4,15.512575543732254,0.34938233206604175,21,0.06653662765496315,1.2383764142373441,179.2669800940282,1.5385913261430968,True,False,False
462,179107.0,464441.0,285334.0,1.6277099819860235,0.5,387.6774891774892,2010.5670995670996,-1235.2121212121212,22464.0,19181.0,0.22464,10,8,0.8,46.2,8.565045242145542,0.18539058965682992,21,3.2416527126375927,0.03459384613666691,7.97306801994302,57.94507194023684,2012-01-16 11:00:00,2021-05-17 16:00:00,BIASW,7,0,0,1100,100,3,0,2000,200,143,83,57,90,1500,6000,223,70333.0,320063.0,249730.0,1.2816361670604253,0.2600896860986547,315.39461883408075,5518.327586206897,-1513.5151515151515,33270.0,30519.0,0.3327,5,3,0.6,44.6,15.344054223053305,0.3440370902029889,21,0.08518049848577482,2.1140066125638715,105.48689804217081,2.1670419861685546,True,False,False
461,186011.0,501234.0,315223.0,1.5900933624767228,0.5292841648590022,403.4945770065076,2054.2377049180327,-1452.6405529953918,24576.0,22306.0,0.24576,10,9,0.9,46.1,8.537564055396599,0.18519661725372233,21,3.225681994012803,0.05371187725457097,7.568806966145833,60.90788179193704,2012-01-16 11:00:00,2021-05-17 16:30:00,BIASW,7,0,0,1100,100,3,0,2000,200,143,83,57,90,2000,10000,218,17603.0,348688.0,331085.0,1.0531676155669993,0.24311926605504589,80.74770642201835,6579.018867924528,-2006.5757575757575,56665.0,54414.0,0.56665,5,3,0.6,43.6,15.001333274079341,0.34406727692842526,21,0.5797875362154178,0.3106503132445072,701.7536783502811,0.4251206448162809,False,False,False
462,181322.0,483923.0,302601.0,1.5992115029362097,0.5151515151515151,392.4718614718615,2033.2899159663866,-1350.8973214285713,23521.0,22431.0,0.23521,10,10,1.0,46.2,8.52994724485445,0.1846308927457673,21,3.2071559714515665,0.041313243842446036,7.708940946388334,59.930411091869715,2012-01-16 11:00:00,2021-05-17 16:00:00,BIASW,7,0,0,1100,100,3,0,2000,200,143,83,57,90,1750,7500,222,35907.0,328975.0,293068.0,1.122521053134426,0.24774774774774774,161.74324324324326,5981.363636363636,-1754.8982035928143,62790.0,60289.0,0.6279,5,3,0.6,44.4,15.512575543732254,0.34938233206604175,21,0.20862227420837162,0.5718585762064023,388.2078703316902,0.8089475288939203,False,False,False
461,170356.0,478791.0,308435.0,1.5523238283592977,0.5986984815618221,369.5357917570499,1734.75,-1667.2162162162163,21256.0,20561.0,0.21256,10,9,0.9,46.1,8.514105942493316,0.18468776447924762,21,3.176546265334772,0.017557350489563032,8.014490026345502,57.520815233980606,2012-01-16 11:00:00,2021-05-17 19:30:00,BIASW,7,0,0,1100,100,3,0,2000,200,143,83,57,90,3000,3000,223,45363.0,354474.0,309111.0,1.1467531081067965,0.5336322869955157,203.42152466367713,2978.7731092436975,-2972.221153846154,36200.0,33816.0,0.362,5,4,0.8,44.6,15.447977213862014,0.3463672021045295,21,0.08246809073473976,1.253121546961326,177.95560258360337,1.3399298643491644,True,False,False
195,84565.0,223895.0,139330.0,1.6069403574248187,0.41025641025641024,433.6666666666667,2798.6875,-1211.5652173913043,29277.0,24801.0,0.29277,10,6,0.6,19.5,8.891006692158093,0.4559490611363125,6,3.176378168811415,0.07084491219771773,2.888444854322506,67.51037663335894,2012-01-13 20:00:00,2021-05-17 14:30:00,BIASW,7,4,4,2000,100,-1,0,0,0,54,38,152,153,1250,6000,154,-13321.0,152160.0,165481.0,0.9195013324792575,0.16233766233766234,-86.5,6086.4,-1282.7984496124031,47863.0,46462.0,0.47863,5,2,0.4,30.8,11.338430226446693,0.3681308515080095,17,0.0,0.0,0.0,0.0,False,False,False
462,175422.0,465283.0,289861.0,1.6051935237924384,0.4935064935064935,379.7012987012987,2040.7149122807018,-1238.7222222222222,22464.0,19181.0,0.22464,10,9,0.9,46.2,8.565045242145542,0.18539058965682992,21,3.174957998047602,0.04270273967917365,7.809027777777778,59.1622943530458,2012-01-16 11:00:00,2021-05-17 16:00:00,BIASW,7,0,0,1100,100,3,0,2000,200,143,83,57,90,1500,7500,222,54267.0,311542.0,257275.0,1.2109299387814596,0.23423423423423423,244.44594594594594,5991.192307692308,-1513.3823529411766,46790.0,44039.0,0.4679,5,3,0.6,44.4,15.512575543732254,0.34938233206604175,21,0.13803969263088064,1.1597991023723018,191.41246061142132,1.4162690463518062,True,False,False
183,43698.0,158150.0,114452.0,1.3818019781218327,0.4918032786885246,238.78688524590163,1757.2222222222222,-1230.6666666666667,8961.0,8021.0,0.08961,10,8,0.8,18.3,3.950949253027682,0.21589886628566568,8,3.161343439401116,0.06844706851572155,4.876464680281218,37.52718659892901,2012-01-16 02:00:00,2021-05-17 12:30:00,BIASW,7,0,4,200,100,-1,0,100,100,14,139,152,153,1500,3000,80,18780.0,92721.0,73941.0,1.2539862863634519,0.3875,234.75,2991.0,-1509.0,15884.0,15144.0,0.15884,5,3,0.6,16.0,5.366563145999495,0.33541019662496846,7,0.15926517571884985,1.1823218332913623,67.66347177848775,2.334345357746161,True,False,False
462,194637.0,512294.0,317657.0,1.6127269350274038,0.5497835497835498,421.2922077922078,2016.9055118110236,-1527.1971153846155,27896.0,25900.0,0.27896,10,8,0.8,46.2,8.506468127254696,0.1841226867371146,21,3.1611995125478627,0.03183361847952856,6.9772368798394035,66.21532391066447,2012-01-16 11:00:00,2021-05-17 16:30:00,BIASW,7,0,0,1100,100,3,0,2000,200,143,83,57,90,2250,6000,223,58773.0,396723.0,337950.0,1.1739103417665335,0.3273542600896861,263.5560538116592,5434.561643835616,-2253.0,39360.0,37359.0,0.3936,5,3,0.6,44.6,15.344054223053305,0.3440370902029889,21,0.10193456178857639,1.493216463414634,149.34204481649738,1.6648875220967967,True,False,False
195,76435.0,199242.0,122807.0,1.6223993746284822,0.36923076923076925,391.97435897435895,2767.25,-998.430894308943,24211.0,18860.0,0.24211,10,6,0.6,19.5,8.891006692158093,0.4559490611363125,6,3.157117471865052,0.07838032315038922,3.1570360579901697,61.766795316281815,2012-01-13 20:00:00,2021-05-17 14:00:00,BIASW,7,4,4,2000,100,-1,0,0,0,54,38,152,153,1000,6000,154,-4311.0,134187.0,138498.0,0.9688731967248625,0.14285714285714285,-27.993506493506494,6099.409090909091,-1049.2272727272727,43363.0,41962.0,0.43363,5,2,0.4,30.8,11.338430226446693,0.3681308515080095,17,0.0,0.0,0.0,0.0,False,False,False
195,70880.0,192678.0,121798.0,1.5819471584098261,0.37435897435897436,363.4871794871795,2639.4246575342468,-998.344262295082,20822.0,19772.0,0.20822,10,5,0.5,19.5,8.891006692158093,0.4559490611363125,6,3.15694723675291,0.07041478555304741,3.4040918259533184,57.284001128668166,2012-01-13 20:00:00,2021-05-17 14:00:00,BIASW,7,4,4,2000,100,-1,0,0,0,54,38,152,153,1000,5000,154,8809.0,142262.0,133453.0,1.0660082575888141,0.17532467532467533,57.201298701298704,5268.962962962963,-1050.8110236220473,22363.0,20962.0,0.22363,5,3,0.6,30.8,11.338430226446693,0.3681308515080095,17,1.3186513792712,0.3939095827930063,390.95266205017595,0.47938043397882,False,False,False
460,173225.0,464595.0,291370.0,1.5945189964649757,0.4891304347826087,376.57608695652175,2064.866666666667,-1239.872340425532,22464.0,19181.0,0.22464,10,9,0.9,46.0,8.590692637965812,0.18675418778186548,21,3.148825835585662,0.0777947755808919,7.711226851851852,59.65328330206379,2012-01-16 11:00:00,2021-05-17 16:00:00,BIASW,7,0,0,1100,100,3,0,2000,200,143,83,57,90,1500,0,216,27361.0,289163.0,261802.0,1.1045102787602845,0.19907407407407407,126.67129629629629,6724.720930232558,-1513.3063583815028,42533.0,39664.0,0.42533,5,3,0.6,43.2,14.620533505997653,0.3384382756017975,21,0.5809729176565184,0.6432887405073707,335.7745696429224,0.7697587846751238,False,False,False
183,52508.0,124783.0,72275.0,1.7265029401591145,0.726775956284153,286.92896174863387,938.218045112782,-1445.5,13049.0,12054.0,0.13049,10,8,0.8,18.3,3.950949253027682,0.21589886628566568,8,3.14793110027957,0.0188733145425459,4.023909878151582,45.478155709606156,2012-01-16 02:00:00,2021-05-19 05:00:00,BIASW,7,0,4,200,100,-1,0,100,100,14,139,152,153,5000,1000,80,31280.0,71352.0,40072.0,1.7805949291275704,0.9,391.0,991.0,-5009.0,14119.0,12054.0,0.14119,5,4,0.8,16.0,5.366563145999495,0.33541019662496846,7,0.03168158567774936,2.2154543522912387,36.109974424552426,4.123958015696677,True,True,True
461,176116.0,482235.0,306119.0,1.575318748591234,0.5097613882863341,382.0303687635575,2052.063829787234,-1354.5088495575221,23521.0,22431.0,0.23521,10,9,0.9,46.1,8.537564055396599,0.18519661725372233,21,3.121831394130994,0.05672965545435962,7.487606819437949,61.56840377932726,2012-01-16 11:00:00,2021-05-17 16:00:00,BIASW,7,0,0,1100,100,3,0,2000,200,143,83,57,90,1750,10000,218,23203.0,321548.0,298345.0,1.0777723776165178,0.22018348623853212,106.43577981651376,6698.916666666667,-1754.9705882352941,66055.0,63554.0,0.66055,5,3,0.6,43.6,14.90771612286738,0.3419200945611784,21,0.43985691505408786,0.3512678828249186,620.6089729776322,0.5190082304459741,False,False,False
183,56403.0,166539.0,110136.0,1.512121377206363,0.6229508196721312,308.21311475409834,1460.8684210526317,-1596.1739130434783,15330.0,11260.0,0.1533,10,7,0.7,18.3,3.950949253027682,0.21589886628566568,8,3.119747777247813,0.03529954080456713,3.679256360078278,49.738311791925966,2012-01-16 02:00:00,2021-05-19 05:00:00,BIASW,7,0,4,200,100,-1,0,100,100,14,139,152,153,5000,2000,80,25015.0,120186.0,95171.0,1.262842672662891,0.7625,312.6875,1970.2622950819673,-5009.0,24238.0,19198.0,0.24238,5,5,1.0,16.0,5.366563145999495,0.33541019662496846,7,0.07959224465320808,1.0320571004208268,77.51509094543275,2.517106415906027,True,False,False
462,151612.0,433449.0,281837.0,1.537942143863297,0.5064935064935064,328.16450216450215,1852.3461538461538,-1236.127192982456,17481.0,15626.0,0.17481,10,9,0.9,46.2,8.565045242145542,0.18539058965682992,21,3.1106268173954454,0.03232593726090283,8.672959212859677,53.26901564519959,2012-01-16 11:00:00,2021-05-17 16:00:00,BIASW,7,0,0,1100,100,3,0,2000,200,143,83,57,90,1500,4000,223,55013.0,283177.0,228164.0,1.2411116565277607,0.32286995515695066,246.695067264574,3933.0138888888887,-1511.0198675496688,27190.0,24680.0,0.2719,5,3,0.6,44.6,15.344054223053305,0.3440370902029889,21,0.07254648901168814,2.0232806178742186,110.21703960881973,1.8749742552400657,True,True,True
462,161147.0,452715.0,291568.0,1.552690967458706,0.5303030303030303,348.8030303030303,1847.8163265306123,-1343.63133640553,19966.0,18876.0,0.19966,10,10,1.0,46.2,8.52994724485445,0.1846308927457673,21,3.0936712608903907,0.030413225191905528,8.07107082039467,57.24147517484036,2012-01-16 11:00:00,2021-05-17 16:00:00,BIASW,7,0,0,1100,100,3,0,2000,200,143,83,57,90,1750,4000,223,50473.0,305583.0,255110.0,1.1978479871428012,0.34977578475336324,226.33632286995515,3917.730769230769,-1759.3793103448277,40627.0,38166.0,0.40627,5,3,0.6,44.6,15.344054223053305,0.3440370902029889,21,0.07907197907792285,1.2423511457897458,179.49836546272266,1.4072988275592986,True,False,False
462,145722.0,411808.0,266086.0,1.5476500078921853,0.48268398268398266,315.4155844155844,1846.6726457399104,-1113.3305439330543,16406.0,13290.0,0.16406,10,10,1.0,46.2,8.55336191213724,0.18513770372591426,21,3.0861799184816316,0.03363253317961598,8.882238205534561,52.01391691028122,2012-01-16 11:00:00,2021-05-17 16:00:00,BIASW,7,0,0,1100,100,3,0,2000,200,143,83,57,90,1250,4500,223,38683.0,249491.0,210808.0,1.1834987287009981,0.25112107623318386,173.46636771300447,4455.196428571428,-1262.3233532934132,34642.0,33534.0,0.34642,5,3,0.6,44.6,15.344054223053305,0.3440370902029889,21,0.11609751053434325,1.1166503088736217,199.7044179613784,1.1680279978001402,True,False,False
462,147197.0,412024.0,264827.0,1.5558232355462245,0.48484848484848486,318.6082251082251,1839.392857142857,-1112.718487394958,16786.0,13790.0,0.16786,10,10,1.0,46.2,8.55336191213724,0.18513770372591426,21,3.0819303582960544,0.033295515533604624,8.769033718575002,52.68539440341855,2012-01-16 11:00:00,2021-05-17 16:00:00,BIASW,7,0,0,1100,100,3,0,2000,200,143,83,57,90,1250,4000,223,58433.0,257910.0,199477.0,1.2929310146031874,0.2914798206278027,262.03139013452915,3967.846153846154,-1262.512658227848,24175.0,22234.0,0.24175,5,4,0.8,44.6,15.344054223053305,0.3440370902029889,21,0.06830044666541167,2.417083764219235,92.25993873325005,2.112075926486714,True,True,True
195,60845.0,161822.0,100977.0,1.6025629598819533,0.31794871794871793,312.02564102564105,2610.032258064516,-759.2255639097745,16134.0,14670.0,0.16134,10,8,0.8,19.5,8.891006692158093,0.4559490611363125,6,3.0786385609570948,0.09846330840660696,3.7712284616338168,51.70728901306598,2012-01-13 20:00:00,2021-05-17 12:30:00,BIASW,7,4,4,2000,100,-1,0,0,0,54,38,152,153,750,6000,154,-13036.0,92616.0,105652.0,0.8766137886646727,0.1038961038961039,-84.64935064935065,5788.5,-765.5942028985507,39027.0,38104.0,0.39027,5,2,0.4,30.8,11.338430226446693,0.3681308515080095,17,0.0,0.0,0.0,0.0,False,False,False
183,40488.0,143084.0,102596.0,1.3946352684315177,0.48633879781420764,221.24590163934425,1607.685393258427,-1091.4468085106382,8151.0,7554.0,0.08151,10,7,0.7,18.3,3.925557285278104,0.21451132706437728,8,3.071208032556527,0.06152440229203715,4.967243283032757,36.8413604030824,2012-01-16 02:00:00,2021-05-17 10:00:00,BIASW,7,0,4,200,100,-1,0,100,100,14,139,152,153,1250,2500,80,19280.0,79712.0,60432.0,1.3190362721736828,0.4,241.0,2491.0,-1259.0,10349.0,8894.0,0.10349,5,3,0.6,16.0,5.366563145999495,0.33541019662496846,7,0.12920124481327802,1.862981930621316,42.941908713692946,2.9689801642256923,True,False,False
462,162037.0,455364.0,293327.0,1.5524107906875262,0.5281385281385281,350.7294372294372,1866.2459016393443,-1345.5366972477063,20601.0,19047.0,0.20601,10,10,1.0,46.2,8.52994724485445,0.1846308927457673,21,3.062439475621857,0.03024617834198362,7.865491966409397,58.73758462573363,2012-01-16 11:00:00,2021-05-17 16:00:00,BIASW,7,0,0,1100,100,3,0,2000,200,143,83,57,90,1750,4500,223,32653.0,302664.0,270011.0,1.1209321101732892,0.3094170403587444,146.42600896860986,4386.434782608696,-1753.3181818181818,45127.0,42666.0,0.45127,5,3,0.6,44.6,15.344054223053305,0.3440370902029889,21,0.13753713288212416,0.7235801183327055,308.189783480844,0.8638521943104043,False,False,False
461,168216.0,461095.0,292879.0,1.5743532311978667,0.4880694143167028,364.89370932754883,2049.311111111111,-1241.0127118644068,22464.0,19181.0,0.22464,10,9,0.9,46.1,8.572630868059116,0.18595728564119557,21,3.0511410017012817,0.0593938745422552,7.488247863247863,61.56313311456698,2012-01-16 11:00:00,2021-05-17 16:00:00,BIASW,7,0,0,1100,100,3,0,2000,200,143,83,57,90,1500,10000,218,37313.0,299115.0,261802.0,1.1425237393144438,0.20642201834862386,171.1605504587156,6647.0,-1513.3063583815028,49805.0,47054.0,0.49805,5,3,0.6,43.6,14.90771612286738,0.3419200945611784,21,0.2735239728780854,0.7491818090553157,290.984107415646,0.9611842576555334,False,False,False
462,154757.0,444170.0,289413.0,1.5347271891725665,0.5627705627705628,334.9718614718615,1708.3461538461538,-1432.7376237623762,18943.0,18126.0,0.18943,10,9,0.9,46.2,8.52994724485445,0.1846308927457673,21,3.050165426264764,0.01932707405803938,8.169614105474318,56.55101869382322,2012-01-16 11:00:00,2021-05-17 16:30:00,BIASW,7,0,0,1100,100,3,0,2000,200,143,83,57,90,2000,3000,223,39788.0,290913.0,251125.0,1.1584390243902438,0.43946188340807174,178.42152466367713,2968.5,-2009.0,30209.0,28306.0,0.30209,5,4,0.8,44.6,15.447977213862014,0.3463672021045295,21,0.07517341912134312,1.3170909331656129,169.31253141650748,1.2865258551898362,True,False,False
462,159632.0,464589.0,304957.0,1.5234574054702794,0.5822510822510822,345.5238095238095,1727.096654275093,-1580.0880829015543,20167.0,19402.0,0.20167,10,9,0.9,46.2,8.506468127254696,0.1841226867371146,21,3.049276291971991,0.01873684474290869,7.915505528834234,58.36645534729879,2012-01-16 11:00:00,2021-05-17 18:00:00,BIASW,7,0,0,1100,100,3,0,2000,200,143,83,57,90,2500,3000,223,26788.0,317832.0,291044.0,1.092041065955663,0.4798206278026906,120.12556053811659,2970.392523364486,-2509.0,30690.0,28180.0,0.3069,5,3,0.6,44.6,15.447977213862014,0.3463672021045295,21,0.11165447215170972,0.8728576083414793,255.4826788114081,0.8593625623826989,False,False,False
195,76260.0,214331.0,138071.0,1.5523245286845173,0.4153846153846154,391.0769230769231,2646.061728395062,-1211.1491228070176,25888.0,25463.0,0.25888,10,6,0.6,19.5,8.891006692158093,0.4559490611363125,6,3.046157724705717,0.06544715447154471,2.9457663782447465,66.19669551534224,2012-01-13 20:00:00,2021-05-17 14:30:00,BIASW,7,4,4,2000,100,-1,0,0,0,54,38,152,153,1250,5000,154,-8201.0,152244.0,160445.0,0.9488859110598648,0.18831168831168832,-53.253246753246756,5249.793103448276,-1283.56,35867.0,34231.0,0.35867,5,1,0.2,30.8,11.338430226446693,0.3681308515080095,17,0.0,0.0,0.0,0.0,False,False,False
462,151887.0,435233.0,283346.0,1.5360478002159903,0.5043290043290043,328.7597402597403,1867.9527896995708,-1237.3187772925764,18409.0,15126.0,0.18409,10,9,0.9,46.2,8.565045242145542,0.18539058965682992,21,3.036707602830552,0.03226740932403695,8.25069259601282,55.99529913685832,2012-01-16 11:00:00,2021-05-17 16:00:00,BIASW,7,0,0,1100,100,3,0,2000,200,143,83,57,90,1500,4500,223,42013.0,282249.0,240236.0,1.1748821991708154,0.28699551569506726,188.39910313901345,4410.140625,-1510.9182389937107,32705.0,31080.0,0.32705,5,3,0.6,44.6,15.344054223053305,0.3440370902029889,21,0.10689548473091662,1.2846048004892219,173.59424463856425,1.3056031862401363,True,False,False
459,179334.0,508286.0,328952.0,1.5451676840390087,0.5359477124183006,390.70588235294116,2066.20325203252,-1544.3755868544602,27896.0,25900.0,0.27896,10,8,0.8,45.9,8.525843066817497,0.18574821496334418,21,2.9316925924556454,0.0751447020643046,6.42866360768569,71.39897621198435,2012-01-16 11:00:00,2021-05-17 16:30:00,BIASW,7,0,0,1100,100,3,0,2000,200,143,83,57,90,2250,0,216,1016.0,361006.0,359990.0,1.0028223006194616,0.25925925925925924,4.703703703703703,6446.535714285715,-2249.9375,54297.0,45731.0,0.54297,5,2,0.4,43.2,14.729562111617575,0.3409620859170735,21,17.840551181102363,0.018711899368289223,11543.456692913387,0.025298308623920896,False,False,False
183,42218.0,162389.0,120171.0,1.3513160413078031,0.5409836065573771,230.69945355191257,1640.2929292929293,-1430.607142857143,9776.0,8036.0,0.09776,10,8,0.8,18.3,3.950949253027682,0.21589886628566568,8,2.924188847002789,0.059003268747927426,4.318535188216039,42.37547965322848,2012-01-16 02:00:00,2021-05-17 14:30:00,BIASW,7,0,4,200,100,-1,0,100,100,14,139,152,153,2000,2500,80,14780.0,97149.0,82369.0,1.1794364384659277,0.4875,184.75,2491.0,-2009.0,21021.0,18806.0,0.21021,5,4,0.8,16.0,5.366563145999495,0.33541019662496846,7,0.1685385656292287,0.7031064173921316,113.7807848443843,1.5969716554458577,True,False,False
195,54870.0,130651.0,75781.0,1.7240601206107071,0.26153846153846155,281.38461538461536,2561.7843137254904,-526.2569444444445,14703.0,13309.0,0.14703,10,7,0.7,19.5,8.913472948295743,0.45710117683567913,6,2.908284021277053,0.18208492801166393,3.731891450724342,52.25232367413888,2012-01-13 20:00:00,2021-05-17 05:30:00,BIASW,7,4,4,2000,100,-1,0,0,0,54,38,152,153,500,10000,154,-17341.0,56973.0,74314.0,0.7666523131576822,0.05194805194805195,-112.6038961038961,7121.625,-509.0,36066.0,32101.0,0.36066,5,1,0.2,30.8,11.338430226446693,0.3681308515080095,17,0.0,0.0,0.0,0.0,False,False,False
183,47508.0,122801.0,75293.0,1.630974991035023,0.7158469945355191,259.60655737704917,937.412213740458,-1447.9423076923076,12585.0,9375.0,0.12585,10,8,0.8,18.3,3.950949253027682,0.21589886628566568,8,2.900203652159516,0.020859644691420393,3.7749702026221694,48.47720383935337,2012-01-16 02:00:00,2021-05-17 20:00:00,BIASW,7,0,4,200,100,-1,0,100,100,14,139,152,153,4000,1000,80,39280.0,71352.0,32072.0,2.2247443252681465,0.9,491.0,991.0,-4009.0,11119.0,9054.0,0.11119,5,5,1.0,16.0,5.366563145999495,0.33541019662496846,7,0.025229124236252547,3.532691788829931,22.64562118126273,5.835634376854403,True,True,True
462,170032.0,417405.0,247373.0,1.6873506809554801,0.42207792207792205,368.034632034632,2140.5384615384614,-926.4906367041199,25314.0,22703.0,0.25314,10,9,0.9,46.2,8.576712656956627,0.18564313110295727,21,2.8989968721441586,0.04405641291051096,6.716915540807459,68.78157052790064,2012-01-16 11:00:00,2021-05-17 14:30:00,BIASW,7,0,0,1100,100,3,0,2000,200,143,83,57,90,1000,7500,223,42263.0,229664.0,187401.0,1.22552174214652,0.17488789237668162,189.5201793721973,5888.820512820513,-1018.4836956521739,25920.0,21416.0,0.2592,5,4,0.8,44.6,15.717506163510802,0.3524104520966547,21,0.17724723753637933,1.630516975308642,136.76643872891182,1.4752900288825728,True,False,False
461,178001.0,504694.0,326693.0,1.5448570982543244,0.5401301518438177,386.11930585683297,2026.8835341365461,-1541.004716981132,27896.0,25900.0,0.27896,10,8,0.8,46.1,8.50235261559999,0.18443281161822106,21,2.897276851752195,0.042084033235768335,6.380878979065099,72.24709973539474,2012-01-16 11:00:00,2021-05-17 16:30:00,BIASW,7,0,0,1100,100,3,0,2000,200,143,83,57,90,2250,7500,222,23217.0,379239.0,356022.0,1.0652122621635742,0.2882882882882883,104.58108108108108,5925.609375,-2253.3037974683543,49316.0,47556.0,0.49316,5,3,0.6,44.4,15.576905982896603,0.3508312158310046,21,0.3226515053624499,0.47078027415037715,471.5575655769479,0.5901992481958882,False,False,False
183,43358.0,163249.0,119891.0,1.361645161021261,0.5136612021857924,236.92896174863387,1736.6914893617022,-1347.0898876404494,10523.0,9343.0,0.10523,10,7,0.7,18.3,3.950949253027682,0.21589886628566568,8,2.8945950366238913,0.06898380921629227,4.120307896987551,44.41415655703677,2012-01-16 02:00:00,2021-05-17 14:00:00,BIASW,7,0,4,200,100,-1,0,100,100,14,139,152,153,1750,3000,80,20780.0,101694.0,80914.0,1.256815878587142,0.425,259.75,2991.0,-1759.0,19384.0,18644.0,0.19384,5,4,0.8,16.0,5.366563145999495,0.33541019662496846,7,0.14393647738209817,1.0720181593066447,74.62560153994225,2.3381550258147685,True,False,False
183,40368.0,122786.0,82418.0,1.489795918367347,0.3879781420765027,220.59016393442624,1729.380281690141,-735.875,9182.0,8783.0,0.09182,10,7,0.7,18.3,3.925557285278104,0.21451132706437728,8,2.885073928541757,0.07409334126040427,4.396427793509039,41.624702734839474,2012-01-16 02:00:00,2021-05-17 02:30:00,BIASW,7,0,4,200,100,-1,0,100,100,14,139,152,153,750,3000,80,18030.0,62811.0,44781.0,1.402626113753601,0.2625,225.375,2991.0,-759.0,10622.0,9912.0,0.10622,5,4,0.8,16.0,5.366563145999495,0.33541019662496846,7,0.1658901830282862,1.6974204481265298,47.13033832501387,2.740577186364112,True,False,False
462,157047.0,367057.0,210010.0,1.7478072472739394,0.3722943722943723,339.92857142857144,2134.0523255813955,-724.1724137931035,21809.0,19671.0,0.21809,10,8,0.8,46.2,8.576712656956627,0.18564313110295727,21,2.884757026526731,0.047699096448833786,7.201017928378192,64.15759613364152,2012-01-16 11:00:00,2021-05-17 13:30:00,BIASW,7,0,0,1100,100,3,0,2000,200,143,83,57,90,750,7500,223,27558.0,175994.0,148436.0,1.1856557708372633,0.13004484304932734,123.57847533632287,6068.758620689655,-765.1340206185567,34538.0,29087.0,0.34538,5,3,0.6,44.6,15.83161394173064,0.35496892246032824,21,0.27182669279338123,0.7979037581793966,279.48232818056465,0.8333619879565938,False,False,False
460,168335.0,416717.0,248382.0,1.6777262442528043,0.41739130434782606,365.94565217391306,2170.4010416666665,-926.7985074626865,25314.0,22703.0,0.25314,10,9,0.9,46.0,8.602325267042627,0.1870070710226658,21,2.882542045464623,0.08005465292422848,6.649877538121197,69.17420619597826,2012-01-16 11:00:00,2021-05-17 14:30:00,BIASW,7,0,0,1100,100,3,0,2000,200,143,83,57,90,1000,0,220,24375.0,213794.0,189419.0,1.1286829726690564,0.15454545454545454,110.79545454545455,6288.058823529412,-1018.3817204301075,45087.0,43073.0,0.45087,5,3,0.6,44.0,15.31012736720371,0.3479574401637207,21,0.5821948717948718,0.5406214651673431,406.9390769230769,0.653936714421967,False,False,False
462,125982.0,385773.0,259791.0,1.4849359677586984,0.4935064935064935,272.68831168831167,1691.9868421052631,-1110.2179487179487,14071.0,13376.0,0.14071,10,10,1.0,46.2,8.55336191213724,0.18513770372591426,21,2.881001527359134,0.023741486879077962,8.95330822258546,51.601038243558605,2012-01-16 11:00:00,2021-05-17 16:00:00,BIASW,7,0,0,1100,100,3,0,2000,200,143,83,57,90,1250,3000,223,46493.0,230307.0,183814.0,1.2529350321520667,0.3452914798206278,208.48878923766816,2991.0,-1259.0,23567.0,20457.0,0.23567,5,5,1.0,44.6,15.447977213862014,0.3463672021045295,21,0.0643322650721614,1.9728009504816055,113.03725291979438,1.7020409445620994,True,False,False
184,31269.0,72551.0,41282.0,1.757448767017102,0.1956521739130435,169.94021739130434,2015.3055555555557,-278.93243243243245,5468.0,4245.0,0.05468,10,10,1.0,18.4,3.6660605559646724,0.19924242151981916,9,2.8801914943117595,0.12763439828584222,5.718544257498171,32.17602097924462,2012-01-16 02:00:00,2021-05-17 02:00:00,BIASW,7,0,4,200,100,-1,0,100,100,14,139,152,153,250,4000,80,-3720.0,15964.0,19684.0,0.8110140215403373,0.05,-46.5,3991.0,-259.0,8985.0,8547.0,0.08985,5,1,0.2,16.0,5.366563145999495,0.33541019662496846,7,0.0,0.0,0.0,0.0,False,False,False
195,46080.0,120843.0,74763.0,1.6163476586011798,0.2717948717948718,236.30769230769232,2280.056603773585,-526.5,10699.0,9235.0,0.10699,10,7,0.7,19.5,8.913472948295743,0.45710117683567913,6,2.8631606209873626,0.10831163194444444,4.306944574259276,45.27571614583333,2012-01-13 20:00:00,2021-05-17 05:30:00,BIASW,7,4,4,2000,100,-1,0,0,0,54,38,152,153,500,5000,154,-6006.0,65763.0,71769.0,0.9163148434560883,0.08441558441558442,-39.0,5058.692307692308,-509.0,25301.0,21562.0,0.25301,5,2,0.4,30.8,11.338430226446693,0.3681308515080095,17,0.0,0.0,0.0,0.0,False,False,False
184,30919.0,72460.0,41541.0,1.7443008112467202,0.19021739130434784,168.03804347826087,2070.285714285714,-278.7986577181208,5468.0,4245.0,0.05468,10,10,1.0,18.4,3.6660605559646724,0.19924242151981916,9,2.847952950610039,0.14525049322423106,5.654535479151426,32.540250331511366,2012-01-16 02:00:00,2021-05-17 02:00:00,BIASW,7,0,4,200,100,-1,0,100,100,14,139,152,153,250,4500,80,-1720.0,17964.0,19684.0,0.9126193863035968,0.05,-21.5,4491.0,-259.0,8985.0,8547.0,0.08985,5,2,0.4,16.0,5.366563145999495,0.33541019662496846,7,0.0,0.0,0.0,0.0,False,False,False
195,65670.0,191383.0,125713.0,1.5223803425262303,0.7333333333333333,336.7692307692308,1338.3426573426573,-2417.5576923076924,21968.0,17452.0,0.21968,10,10,1.0,19.5,8.913472948295743,0.45710117683567913,6,2.8475843140704415,0.022704431247144816,2.9893481427530952,65.23161260849703,2012-01-13 20:00:00,2021-05-17 00:30:00,BIASW,7,4,4,2000,100,-1,0,0,0,54,38,152,153,5000,1500,154,1624.0,177854.0,176230.0,1.0092152300970323,0.7727272727272727,10.545454545454545,1494.5714285714287,-5035.142857142857,38389.0,36119.0,0.38389,5,2,0.4,30.8,11.320777358467925,0.3675577064437638,17,1.4322660098522169,0.04230378493839381,3640.336206896552,0.06745301266588258,False,False,False
184,30874.0,72415.0,41541.0,1.7432175441130449,0.19021739130434784,167.79347826086956,2069.0,-278.7986577181208,5468.0,4245.0,0.05468,10,10,1.0,18.4,3.6660605559646724,0.19924242151981916,9,2.843807994991246,0.1616570577184686,5.646305779078274,32.58767895316448,2012-01-16 02:00:00,2021-05-17 02:00:00,BIASW,7,0,4,200,100,-1,0,100,100,14,139,152,153,250,5000,80,280.0,19964.0,19684.0,1.0142247510668563,0.05,3.5,4991.0,-259.0,8985.0,8547.0,0.08985,5,2,0.4,16.0,5.366563145999495,0.33541019662496846,7,17.825,0.031163049526989426,2567.1428571428573,0.04627521557492562,False,False,False
183,52818.0,159770.0,106952.0,1.4938477073827512,0.6010928961748634,288.62295081967216,1452.4545454545455,-1465.0958904109589,16395.0,12325.0,0.16395,10,8,0.8,18.3,3.950949253027682,0.21589886628566568,8,2.8249749360081244,0.03769548260062858,3.221591948764867,56.80421447233897,2012-01-16 02:00:00,2021-05-17 16:30:00,BIASW,7,0,4,200,100,-1,0,100,100,14,139,152,153,3000,2000,80,19280.0,103532.0,84252.0,1.2288372976309168,0.65,241.0,1991.0,-3009.0,16006.0,14207.0,0.16006,5,4,0.8,16.0,5.366563145999495,0.33541019662496846,7,0.10326763485477178,1.204548294389604,66.4149377593361,2.3873444446301724,True,False,False
460,152890.0,363659.0,210769.0,1.725391305172962,0.3673913043478261,332.3695652173913,2151.828402366864,-724.2920962199313,21809.0,19671.0,0.21809,10,8,0.8,46.0,8.602325267042627,0.1870070710226658,21,2.8206085608957885,0.08814180129504873,7.010408546930166,65.61671790175943,2012-01-16 11:00:00,2021-05-17 13:30:00,BIASW,7,0,0,1100,100,3,0,2000,200,143,83,57,90,750,0,221,13356.0,162551.0,149195.0,1.0895204262877443,0.11764705882352941,60.43438914027149,6251.961538461538,-765.1025641025641,52999.0,46792.0,0.52999,5,3,0.6,44.2,15.522886329545804,0.35119652329289147,21,1.0625187181790956,0.2520047548066945,876.9675801138065,0.3289953396453793,False,False,False
460,171795.0,503006.0,331211.0,1.51868748320557,0.5347826086956522,373.4673913043478,2044.739837398374,-1547.714953271028,27896.0,25900.0,0.27896,10,8,0.8,46.0,8.508818954473059,0.1849743250972404,21,2.802342206922875,0.058156523763788236,6.158409807857757,74.69460694432318,2012-01-16 11:00:00,2021-05-17 16:30:00,BIASW,7,0,0,1100,100,3,0,2000,200,143,83,57,90,2250,10000,218,5188.0,366007.0,360819.0,1.0143784002505412,0.26146788990825687,23.798165137614678,6421.175438596491,-2241.111801242236,57660.0,55659.0,0.5766,5,2,0.4,43.6,15.001333274079341,0.34406727692842526,21,1.9672320740169622,0.08997571973638571,2422.8758673862762,0.12420686542860046,False,False,False
461,163826.0,413217.0,249391.0,1.6569042186766965,0.4164859002169197,355.3709327548807,2152.171875,-927.1040892193308,25314.0,22703.0,0.25314,10,9,0.9,46.1,8.584287972802404,0.18621015125384824,21,2.799245323223842,0.060985435767216434,6.4717547602117405,71.23261265000671,2012-01-16 11:00:00,2021-05-17 14:30:00,BIASW,7,0,0,1100,100,3,0,2000,200,143,83,57,90,1000,10000,222,47067.0,236486.0,189419.0,1.2484808810098247,0.16216216216216217,212.01351351351352,6569.055555555556,-1018.3817204301075,33515.0,27039.0,0.33515,5,2,0.4,44.4,15.615377036754508,0.35169768100798443,21,0.21227186776297619,1.4043562583917648,158.07954617885142,1.4513874998890701,True,False,False
183,54273.0,164548.0,110275.0,1.4921605078213558,0.6174863387978142,296.57377049180326,1456.1769911504425,-1575.357142857143,17634.0,13574.0,0.17634,10,7,0.7,18.3,3.950949253027682,0.21589886628566568,8,2.798960485767325,0.03668490778103293,3.077747533174549,59.4590680448842,2012-01-16 02:00:00,2021-05-17 20:00:00,BIASW,7,0,4,200,100,-1,0,100,100,14,139,152,153,4000,2000,80,27280.0,115478.0,88198.0,1.3093040658518333,0.725,341.0,1991.0,-4009.0,17647.0,12108.0,0.17647,5,4,0.8,16.0,5.366563145999495,0.33541019662496846,7,0.07298387096774193,1.545871819572732,51.75073313782991,3.217054239226433,True,False,False
462,152742.0,452884.0,300142.0,1.5088991210826874,0.5714285714285714,330.61038961038963,1715.469696969697,-1515.8686868686868,22193.0,21402.0,0.22193,10,9,0.9,46.2,8.506468127254696,0.1841226867371146,21,2.7813006531964968,0.01958204030325647,6.882440409138017,67.12735200534233,2012-01-16 11:00:00,2021-05-17 16:30:00,BIASW,7,0,0,1100,100,3,0,2000,200,143,83,57,90,2250,3000,223,34788.0,305868.0,271080.0,1.128331119964586,0.4618834080717489,156.0,2969.5922330097087,-2259.0,26690.0,24306.0,0.2669,5,3,0.6,44.6,15.447977213862014,0.3463672021045295,21,0.0859779234218696,1.3034095166729112,171.0897435897436,1.1967123100306951,False,False,False
461,149781.0,361309.0,211528.0,1.7080906546651033,0.3665943600867679,324.90455531453364,2137.923076923077,-724.4109589041096,21809.0,19671.0,0.21809,10,8,0.8,46.1,8.584287972802404,0.18621015125384824,21,2.7572577819958,0.06670405458636276,6.86785272135357,67.12432818581796,2012-01-16 11:00:00,2021-05-17 13:30:00,BIASW,7,0,0,1100,100,3,0,2000,200,143,83,57,90,750,10000,222,26622.0,175817.0,149195.0,1.1784376152015819,0.12162162162162163,119.91891891891892,6511.740740740741,-765.1025641025641,46614.0,42688.0,0.46614,5,2,0.4,44.4,15.742934923323542,0.3545706063811609,21,0.37529111261362785,0.5711159737417943,388.71264367816093,0.696095723588449,False,False,False
183,39113.0,117846.0,78733.0,1.4967802573253908,0.6885245901639344,213.73224043715848,935.2857142857143,-1381.280701754386,9519.0,8599.0,0.09519,10,6,0.6,18.3,3.950949253027682,0.21589886628566568,8,2.745451789360583,0.025336844527394983,4.108940014707427,44.53703372280316,2012-01-16 02:00:00,2021-05-17 16:00:00,BIASW,7,0,4,200,100,-1,0,100,100,14,139,152,153,2250,1000,80,14280.0,59460.0,45180.0,1.3160690571049136,0.75,178.5,991.0,-2259.0,12369.0,10304.0,0.12369,5,4,0.8,16.0,5.366563145999495,0.33541019662496846,7,0.06939775910364146,1.1544991511035654,69.29411764705883,2.011455239123284,True,False,False
195,62140.0,183938.0,121798.0,1.510189001461436,0.37435897435897436,318.6666666666667,2519.698630136986,-998.344262295082,21322.0,20272.0,0.21322,10,5,0.5,19.5,8.891006692158093,0.4559490611363125,6,2.735030130007664,0.072272288381075,2.9143607541506427,66.91004184100419,2012-01-13 20:00:00,2021-05-17 14:00:00,BIASW,7,4,4,2000,100,-1,0,0,0,54,38,152,153,1000,4500,154,27684.0,154074.0,126390.0,1.2190363161642535,0.22077922077922077,179.76623376623377,4531.588235294118,-1053.25,19988.0,18577.0,0.19988,5,3,0.6,30.8,11.338430226446693,0.3681308515080095,17,0.21207195491980926,1.3850310186111667,111.18884554255165,1.5935397321585494,True,False,False
462,148067.0,357318.0,209251.0,1.7076047426296648,0.37445887445887444,320.491341991342,2065.421965317919,-724.0519031141869,21809.0,19671.0,0.21809,10,8,0.8,46.2,8.576712656956627,0.18564313110295727,21,2.719805654655825,0.040461412738827696,6.789261314136366,68.04864014263813,2012-01-16 11:00:00,2021-05-17 13:30:00,BIASW,7,0,0,1100,100,3,0,2000,200,143,83,57,90,750,6000,223,59648.0,202771.0,143123.0,1.416760408879076,0.16143497757847533,267.47982062780267,5632.527777777777,-765.3636363636364,33310.0,32087.0,0.3331,5,4,0.8,44.6,15.447977213862014,0.3463672021045295,21,0.10043924356223176,1.7906934854398078,124.53275885193135,1.8367208411169509,True,False,False
195,62485.0,182265.0,119780.0,1.5216647186508598,0.38461538461538464,320.43589743589746,2430.2,-998.1666666666666,21822.0,20772.0,0.21822,10,5,0.5,19.5,8.891006692158093,0.4559490611363125,6,2.718525017889248,0.06387132911898856,2.863394739253964,68.10098423621669,2012-01-13 20:00:00,2021-05-17 14:00:00,BIASW,7,4,4,2000,100,-1,0,0,0,54,38,152,153,1000,4000,154,41769.0,162105.0,120336.0,1.3471031112883924,0.2597402597402597,271.22727272727275,4052.625,-1055.578947368421,15488.0,14077.0,0.15488,5,3,0.6,30.8,11.338430226446693,0.3681308515080095,17,0.14055878761761115,2.6968620867768593,57.10340204457851,2.7313360321388687,True,True,True
462,131602.0,406189.0,274587.0,1.4792725074384439,0.5173160173160173,284.8528138528139,1699.5355648535565,-1231.3318385650225,17321.0,16626.0,0.17321,10,9,0.9,46.2,8.565045242145542,0.18539058965682992,21,2.712523316571652,0.022727618121305148,7.59782922464061,60.8068418413094,2012-01-16 11:00:00,2021-05-17 16:00:00,BIASW,7,0,0,1100,100,3,0,2000,200,143,83,57,90,1500,3000,223,45993.0,254235.0,208242.0,1.2208632264384707,0.3811659192825112,206.24663677130044,2991.0,-1509.0,24973.0,21639.0,0.24973,5,3,0.6,44.6,15.447977213862014,0.3463672021045295,21,0.06503163524884222,1.841709045769431,121.08318657186963,1.6356522059735117,True,False,False
462,158232.0,404596.0,246364.0,1.642269162702343,0.42424242424242425,342.4935064935065,2064.265306122449,-926.1804511278195,25314.0,22703.0,0.25314,10,9,0.9,46.2,8.576712656956627,0.18564313110295727,21,2.697810253794077,0.0378621264978007,6.250770324721498,73.91089033823752,2012-01-16 11:00:00,2021-05-17 14:30:00,BIASW,7,0,0,1100,100,3,0,2000,200,143,83,57,90,1000,6000,223,85838.0,265167.0,179329.0,1.4786621238059656,0.21076233183856502,384.9237668161435,5641.851063829788,-1018.9147727272727,18890.0,16144.0,0.1889,5,4,0.8,44.6,15.344054223053305,0.3440370902029889,21,0.06979426361285211,4.544097406034939,49.074652251916405,3.5099278977155026,True,True,True
195,63115.0,187360.0,124245.0,1.5079882490241057,0.717948717948718,323.6666666666667,1338.2857142857142,-2259.0,22722.0,19562.0,0.22722,10,10,1.0,19.5,8.913472948295743,0.45710117683567913,6,2.691002767573527,0.023623544323853284,2.777704427427163,70.20185375901133,2012-01-13 20:00:00,2021-05-17 00:30:00,BIASW,7,4,4,2000,100,-1,0,0,0,54,38,152,153,4000,1500,154,10444.0,171764.0,161320.0,1.0647408876766675,0.7402597402597403,67.81818181818181,1506.701754385965,-4033.0,24082.0,24042.0,0.24082,5,3,0.6,30.8,11.320777358467925,0.3675577064437638,17,0.22271160474913826,0.43368490989120506,355.09651474530835,0.5476956773020031,False,False,False
195,54595.0,154813.0,100218.0,1.544762417928915,0.3230769230769231,279.97435897435895,2457.3492063492063,-759.2272727272727,17134.0,15670.0,0.17134,10,7,0.7,19.5,8.891006692158093,0.4559490611363125,6,2.6805772329608115,0.09141862807949445,3.1863546165518852,61.19846139756388,2012-01-13 20:00:00,2021-05-17 12:30:00,BIASW,7,4,4,2000,100,-1,0,0,0,54,38,152,153,750,5000,154,3834.0,105691.0,101857.0,1.0376410065091255,0.13636363636363635,24.896103896103895,5032.9047619047615,-765.8421052631579,24669.0,19734.0,0.24669,5,2,0.4,30.8,11.338430226446693,0.3681308515080095,17,1.5312989045383412,0.15541773075519882,990.8779342723005,0.19865296988645317,False,False,False
183,36173.0,102088.0,65915.0,1.5487825229462187,0.31693989071038253,197.66666666666666,1760.1379310344828,-527.32,8821.0,8061.0,0.08821,10,7,0.7,18.3,3.925557285278104,0.21451132706437728,8,2.637630612337891,0.08268598125673846,4.100782224237615,44.6256323777403,2012-01-16 02:00:00,2021-05-17 02:30:00,BIASW,7,0,4,200,100,-1,0,100,100,14,139,152,153,500,3000,80,-5720.0,29910.0,35630.0,0.8394611282626999,0.125,-71.5,2991.0,-509.0,12250.0,11833.0,0.1225,5,1,0.2,16.0,5.366563145999495,0.33541019662496846,7,0.0,0.0,0.0,0.0,False,False,False
195,43340.0,118103.0,74763.0,1.5796985139708144,0.2717948717948718,222.25641025641025,2228.3584905660377,-526.5,11199.0,9735.0,0.11199,10,8,0.8,19.5,8.913472948295743,0.45710117683567913,6,2.632110515824645,0.10362251961236733,3.8699883918206983,50.38774803876327,2012-01-13 20:00:00,2021-05-17 05:30:00,BIASW,7,4,4,2000,100,-1,0,0,0,54,38,152,153,500,4500,154,17994.0,86709.0,68715.0,1.2618642217856364,0.12337662337662338,116.84415584415585,4563.631578947368,-509.0,20944.0,16288.0,0.20944,5,3,0.6,30.8,11.338430226446693,0.3681308515080095,17,0.3262754251417139,0.85914820473644,179.24730465710792,1.011851145510397,True,False,False
195,66020.0,204091.0,138071.0,1.4781597873557808,0.4153846153846154,338.56410256410254,2519.641975308642,-1211.1491228070176,26388.0,25963.0,0.26388,10,6,0.6,19.5,8.891006692158093,0.4559490611363125,6,2.61202372855859,0.06802484095728567,2.5018948006669697,77.94092699182066,2012-01-13 20:00:00,2021-05-17 14:30:00,BIASW,7,4,4,2000,100,-1,0,0,0,54,38,152,153,1250,4500,154,28674.0,176529.0,147855.0,1.1939332454093539,0.2532467532467532,186.19480519480518,4526.384615384615,-1285.695652173913,15196.0,13210.0,0.15196,5,3,0.6,30.8,11.338430226446693,0.3681308515080095,17,0.2047499476878008,1.8869439326138457,81.6134477226756,1.8929640430961405,True,False,False
462,137477.0,422455.0,284978.0,1.4824126774698398,0.5411255411255411,297.5692640692641,1689.82,-1344.2358490566037,20571.0,19876.0,0.20571,10,9,0.9,46.2,8.52994724485445,0.1846308927457673,21,2.600158460335672,0.021756366519490533,6.683048952408731,69.13012358430865,2012-01-16 11:00:00,2021-05-17 16:00:00,BIASW,7,0,0,1100,100,3,0,2000,200,143,83,57,90,1750,3000,223,48953.0,277623.0,228670.0,1.2140770542703458,0.4170403587443946,219.5201793721973,2985.1935483870966,-1759.0,30984.0,29889.0,0.30984,5,4,0.8,44.6,15.447977213862014,0.3463672021045295,21,0.06109942189447021,1.5799444874774078,141.14419953833269,1.5629502485525757,True,False,False
195,48870.0,124651.0,75781.0,1.6448846016811602,0.26153846153846155,250.6153846153846,2444.1372549019607,-526.2569444444445,14703.0,13309.0,0.14703,10,7,0.7,19.5,8.913472948295743,0.45710117683567913,6,2.5902649921598253,0.2310415387763454,3.323811467047541,58.66758747697974,2012-01-13 20:00:00,2021-05-17 05:30:00,BIASW,7,4,4,2000,100,-1,0,0,0,54,38,152,153,500,0,154,-2301.0,72013.0,74314.0,0.9690367898377157,0.05194805194805195,-14.941558441558442,9001.625,-509.0,42201.0,36011.0,0.42201,5,1,0.2,30.8,11.338430226446693,0.3681308515080095,17,0.0,0.0,0.0,0.0,False,False,False
183,42703.0,145762.0,103059.0,1.414354884095518,0.639344262295082,233.34972677595627,1245.8290598290598,-1561.5,12830.0,10554.0,0.1283,10,6,0.6,18.3,3.950949253027682,0.21589886628566568,8,2.58186431799508,0.0349155797016603,3.3283710054559625,54.98185139217386,2012-01-16 02:00:00,2021-05-19 05:00:00,BIASW,7,0,4,200,100,-1,0,100,100,14,139,152,153,5000,1500,80,34780.0,99897.0,65117.0,1.5341155151496537,0.8375,434.75,1491.0,-5009.0,17413.0,14608.0,0.17413,5,4,0.8,16.0,5.366563145999495,0.33541019662496846,7,0.04286946520989074,1.997358295526331,40.05290396779758,4.128974850883091,True,False,False
184,33004.0,74804.0,41800.0,1.7895693779904307,0.18478260869565216,179.3695652173913,2200.1176470588234,-278.6666666666667,7673.0,4245.0,0.07673,10,9,0.9,18.4,3.6660605559646724,0.19924242151981916,9,2.5662892416417034,0.2651496788268089,4.301316303922846,42.77760271482244,2012-01-16 02:00:00,2021-05-17 02:00:00,BIASW,7,0,4,200,100,-1,0,100,100,14,139,152,153,250,0,80,-8790.0,11671.0,20461.0,0.5704022286300767,0.0125,-109.875,11671.0,-259.0,10888.0,10360.0,0.10888,5,1,0.2,16.0,5.366563145999495,0.33541019662496846,7,0.0,0.0,0.0,0.0,False,False,False
195,65365.0,200918.0,135553.0,1.4822099105147064,0.4256410256410256,335.20512820512823,2420.6987951807228,-1210.294642857143,26888.0,26463.0,0.26888,10,6,0.6,19.5,8.891006692158093,0.4559490611363125,6,2.561951190256958,0.06105714067161325,2.431010116036894,80.21356995333893,2012-01-13 20:00:00,2021-05-17 14:30:00,BIASW,7,4,4,2000,100,-1,0,0,0,54,38,152,153,1250,4000,154,40509.0,182060.0,141551.0,1.286179539529922,0.2922077922077922,263.04545454545456,4045.777777777778,-1298.633027522936,15265.0,13893.0,0.15265,5,4,0.8,30.8,11.338430226446693,0.3681308515080095,17,0.14493075612826778,2.653717654765804,58.03179540349058,2.6682212843425255,True,True,True
195,58140.0,147380.0,89240.0,1.6515015688032273,0.7948717948717948,298.15384615384613,950.8387096774194,-2231.0,21778.0,17153.0,0.21778,10,10,1.0,19.5,8.913472948295743,0.45710117683567913,6,2.532041773168047,0.01867905056759546,2.669666636054734,73.04282765737875,2012-01-13 20:00:00,2021-05-14 21:00:00,BIASW,7,4,4,2000,100,-1,0,0,0,54,38,152,153,5000,1000,154,10309.0,131440.0,121131.0,1.085106207329255,0.8441558441558441,66.94155844155844,1011.0769230769231,-5047.125,41244.0,38974.0,0.41244,5,2,0.4,30.8,11.285388783732708,0.3664087267445684,17,0.22562809195848288,0.24995150809814762,616.1195072266951,0.4130996972327688,False,False,False
183,38678.0,117846.0,79168.0,1.4885559822150365,0.6885245901639344,211.3551912568306,935.2857142857143,-1388.9122807017543,11019.0,10099.0,0.11019,10,7,0.7,18.3,3.950949253027682,0.21589886628566568,8,2.5233719714063803,0.025621800506748022,3.5101188855613032,52.13498629711981,2012-01-16 02:00:00,2021-05-17 16:00:00,BIASW,7,0,4,200,100,-1,0,100,100,14,139,152,153,2500,1000,80,19780.0,62433.0,42653.0,1.4637422924530514,0.7875,247.25,991.0,-2509.0,10119.0,8054.0,0.10119,5,4,0.8,16.0,5.366563145999495,0.33541019662496846,7,0.050101112234580386,1.9547386105346378,40.92618806875632,3.0803988266646205,True,False,False
461,140031.0,442448.0,302417.0,1.4630394455338158,0.6030368763557483,303.75488069414314,1591.5395683453237,-1652.551912568306,23048.0,22061.0,0.23048,10,9,0.9,46.1,8.825531145489204,0.19144319187612158,20,2.5075297204697407,0.017788918168119915,6.075624783061437,75.87697009947797,2012-01-16 11:00:00,2021-05-17 19:30:00,BIASW,7,0,0,1100,100,3,0,2000,200,143,83,57,90,3000,2500,223,53318.0,326321.0,273003.0,1.1953018831294895,0.5874439461883408,239.09417040358744,2491.0,-2967.4239130434785,25758.0,22816.0,0.25758,5,4,0.8,44.6,15.447977213862014,0.3463672021045295,21,0.04671968190854871,2.0699588477366255,107.73161033797217,1.8670345932300503,True,True,True
184,32214.0,74014.0,41800.0,1.7706698564593302,0.18478260869565216,175.07608695652175,2176.8823529411766,-278.6666666666667,7673.0,4245.0,0.07673,10,9,0.9,18.4,3.6660605559646724,0.19924242151981916,9,2.5048612783373483,0.23253864779288508,4.198357878274469,43.82665921648972,2012-01-16 02:00:00,2021-05-17 02:00:00,BIASW,7,0,4,200,100,-1,0,100,100,14,139,152,153,250,7500,80,-12970.0,7491.0,20461.0,0.366111138263037,0.0125,-162.125,7491.0,-259.0,13009.0,12711.0,0.13009,5,1,0.2,16.0,5.366563145999495,0.33541019662496846,7,0.0,0.0,0.0,0.0,False,False,False
183,42968.0,119828.0,76860.0,1.5590424147801196,0.6994535519125683,234.79781420765028,936.15625,-1397.4545454545455,13840.0,10090.0,0.1384,10,7,0.7,18.3,3.950949253027682,0.21589886628566568,8,2.501298090454292,0.023063675293241482,3.1046242774566473,58.94433066468069,2012-01-16 02:00:00,2021-05-17 16:30:00,BIASW,7,0,4,200,100,-1,0,100,100,14,139,152,153,3000,1000,80,27280.0,66397.0,39117.0,1.6973949945036684,0.8375,341.0,991.0,-3009.0,9702.0,9027.0,0.09702,5,4,0.8,16.0,5.366563145999495,0.33541019662496846,7,0.03632697947214076,2.811791383219955,28.451612903225808,4.338735655371872,True,True,True
195,51770.0,150470.0,98700.0,1.52451874366768,0.3333333333333333,265.4871794871795,2314.923076923077,-759.2307692307693,17730.0,16670.0,0.1773,10,7,0.7,19.5,8.891006692158093,0.4559490611363125,6,2.498783518724596,0.07709097933165926,2.919909757473209,66.78288584122078,2012-01-13 20:00:00,2021-05-17 12:30:00,BIASW,7,4,4,2000,100,-1,0,0,0,54,38,152,153,750,4000,154,41419.0,134168.0,92749.0,1.44657085251593,0.21428571428571427,268.95454545454544,4065.6969696969695,-766.5206611570248,11095.0,10341.0,0.11095,5,4,0.8,30.8,11.338430226446693,0.3681308515080095,17,0.14174654144233323,3.733123028391167,41.252323812742944,3.20003465929399,True,True,True
195,39755.0,114518.0,74763.0,1.5317469871460483,0.2717948717948718,203.87179487179486,2160.7169811320755,-526.5,10795.0,10235.0,0.10795,10,8,0.8,19.5,8.913472948295743,0.45710117683567913,6,2.4591514156309433,0.10038988806439442,3.682723483094025,52.94994340334549,2012-01-13 20:00:00,2021-05-17 05:30:00,BIASW,7,4,4,2000,100,-1,0,0,0,54,38,152,153,500,4000,154,27409.0,94088.0,66679.0,1.4110589540934928,0.14935064935064934,177.9805194805195,4090.782608695652,-509.0,18813.0,16288.0,0.18813,5,3,0.6,30.8,11.338430226446693,0.3681308515080095,17,0.2141997154219417,1.456918088555786,105.70257944470794,1.6262334479060385,True,False,False
462,99982.0,198976.0,98994.0,2.009980402852698,0.17532467532467533,216.4112554112554,2456.4938271604938,-259.8267716535433,12183.0,11653.0,0.12183,10,8,0.8,46.2,8.885943956609225,0.19233644927725593,20,2.457209407022605,0.07492348622752096,8.206681441352705,56.29559320677722,2012-01-16 11:00:00,2021-05-17 12:00:00,BIASW,7,0,0,1100,100,3,0,2000,200,143,83,57,90,250,7500,223,-30242.0,26479.0,56721.0,0.46682886408913804,0.017937219730941704,-135.61434977578475,6619.75,-259.0,39867.0,35615.0,0.39867,5,0,0.0,44.6,15.447977213862014,0.3463672021045295,21,0.0,0.0,0.0,0.0,False,False,False
462,126067.0,411462.0,285395.0,1.441728131186601,0.5670995670995671,272.8722943722944,1570.4656488549617,-1426.975,19821.0,19126.0,0.19821,10,8,0.8,46.2,8.829496021857647,0.19111463250774127,20,2.429048066327037,0.019759334322225482,6.3602744563846425,72.63837483243037,2012-01-16 11:00:00,2021-05-17 16:30:00,BIASW,7,0,0,1100,100,3,0,2000,200,143,83,57,90,2000,2500,223,55993.0,278992.0,222999.0,1.251090812066422,0.5022421524663677,251.0896860986547,2491.0,-2009.0,20426.0,18806.0,0.20426,5,4,0.8,44.6,15.447977213862014,0.3463672021045295,21,0.04448770382012037,2.741261137765593,81.34941867733467,2.201793863288533,True,True,True
195,45705.0,121486.0,75781.0,1.6031195154458242,0.26153846153846155,234.3846153846154,2382.078431372549,-526.2569444444445,14703.0,13309.0,0.14703,10,7,0.7,19.5,8.913472948295743,0.45710117683567913,6,2.4225099543004873,0.16389891696750902,3.108549275658029,62.73022645224811,2012-01-13 20:00:00,2021-05-17 05:30:00,BIASW,7,4,4,2000,100,-1,0,0,0,54,38,152,153,500,7500,154,-15661.0,58144.0,73805.0,0.7878057042205813,0.05844155844155844,-101.6948051948052,6460.444444444444,-509.0,37386.0,31196.0,0.37386,5,1,0.2,30.8,11.338430226446693,0.3681308515080095,17,0.0,0.0,0.0,0.0,False,False,False
195,48855.0,149073.0,100218.0,1.4874872777345387,0.3230769230769231,250.53846153846155,2366.2380952380954,-759.2272727272727,17634.0,16170.0,0.17634,10,7,0.7,19.5,8.891006692158093,0.4559490611363125,6,2.364495190684679,0.09192508443352779,2.770500170125893,70.3844028246853,2012-01-13 20:00:00,2021-05-17 12:30:00,BIASW,7,4,4,2000,100,-1,0,0,0,54,38,152,153,750,4500,154,30584.0,127128.0,96544.0,1.316788200198873,0.18181818181818182,198.5974025974026,4540.285714285715,-766.2222222222222,14640.0,12903.0,0.1464,5,3,0.6,30.8,11.338430226446693,0.3681308515080095,17,0.19196311797018048,2.089071038251366,73.71697619670415,2.0570387494635076,True,True,True
183,35123.0,148066.0,112943.0,1.3109798748041048,0.4972677595628415,191.92896174863387,1627.098901098901,-1227.641304347826,10358.0,9798.0,0.10358,10,8,0.8,18.3,3.950949253027682,0.21589886628566568,8,2.3634259930486987,0.0709221877402272,3.390905580227843,53.96788429234405,2012-01-16 02:00:00,2021-05-17 12:30:00,BIASW,7,0,4,200,100,-1,0,100,100,14,139,152,153,1500,2500,80,19280.0,87185.0,67905.0,1.2839260731904867,0.4375,241.0,2491.0,-1509.0,12884.0,12144.0,0.12884,5,4,0.8,16.0,5.366563145999495,0.33541019662496846,7,0.12920124481327802,1.496429680223533,53.46058091286307,2.6609157950807925,True,False,False
462,108932.0,312870.0,203938.0,1.5341427296531298,0.38961038961038963,235.78354978354977,1738.1666666666667,-723.1843971631206,15760.0,14090.0,0.1576,10,8,0.8,46.2,8.576712656956627,0.18564313110295727,21,2.3538286370114307,0.02745749641978482,6.911928934010152,66.84096500569163,2012-01-16 11:00:00,2021-05-17 13:30:00,BIASW,7,0,0,1100,100,3,0,2000,200,143,83,57,90,750,3000,223,36993.0,164505.0,127512.0,1.2901138716356109,0.24663677130044842,165.8878923766816,2991.0,-759.0,22709.0,19779.0,0.22709,5,4,0.8,44.6,15.447977213862014,0.3463672021045295,21,0.08085313437677398,1.629001717380774,136.89365555645662,1.379606180355587,True,False,False
462,127177.0,336428.0,209251.0,1.6077724837635186,0.37445887445887444,275.2748917748918,1944.670520231214,-724.0519031141869,21809.0,19671.0,0.21809,10,8,0.8,46.2,8.576712656956627,0.18564313110295727,21,2.3360824744349786,0.03924451748350724,5.831399880783163,79.22625946515485,2012-01-16 11:00:00,2021-05-17 13:30:00,BIASW,7,0,0,1100,100,3,0,2000,200,143,83,57,90,750,5000,223,47243.0,188848.0,141605.0,1.3336252250979839,0.17040358744394618,211.85201793721973,4969.684210526316,-765.4324324324324,31790.0,30567.0,0.3179,5,4,0.8,44.6,15.447977213862014,0.3463672021045295,21,0.10564528078233812,1.486096256684492,150.05757466714647,1.4891100275043863,True,False,False
462,112927.0,282235.0,169308.0,1.666991518416141,0.27056277056277056,244.43073593073592,2257.88,-502.39762611275967,17375.0,16595.0,0.17375,10,8,0.8,46.2,8.885943956609225,0.19233644927725593,20,2.323982512173754,0.06633488891053513,6.499395683453238,71.08353183915273,2012-01-16 11:00:00,2021-05-17 12:30:00,BIASW,7,0,0,1100,100,3,0,2000,200,143,83,57,90,500,7500,223,3383.0,107728.0,104345.0,1.0324212947433993,0.08071748878923767,15.170403587443946,5984.888888888889,-509.0,37473.0,30137.0,0.37473,5,3,0.6,44.6,15.83161394173064,0.35496892246032824,21,2.214306828258942,0.09027833373362154,2470.138634348212,0.09821489352918772,False,False,False
183,35413.0,149784.0,114371.0,1.3096326866076191,0.5683060109289617,193.5136612021858,1440.2307692307693,-1447.73417721519,10959.0,10039.0,0.10959,10,5,0.5,18.3,3.950949253027682,0.21589886628566568,8,2.3166776731921495,0.05622229124897637,3.2314079751802174,56.631660689577274,2012-01-16 02:00:00,2021-05-17 16:00:00,BIASW,7,0,4,200,100,-1,0,100,100,14,139,152,153,2250,2000,80,10530.0,89595.0,79065.0,1.13318155947638,0.5625,131.625,1991.0,-2259.0,16952.0,15047.0,0.16952,5,4,0.8,16.0,5.366563145999495,0.33541019662496846,7,0.18907882241215573,0.6211656441717791,128.79012345679013,1.266972998341574,True,False,False
462,125147.0,427595.0,302448.0,1.4137802200708882,0.5844155844155844,270.8809523809524,1583.6851851851852,-1575.25,21566.0,20341.0,0.21566,10,9,0.9,46.2,8.818163074019441,0.1908693306064814,20,2.3117087360956585,0.0199045921995733,5.802976908096078,79.61430957194338,2012-01-16 11:00:00,2021-05-17 18:00:00,BIASW,7,0,0,1100,100,3,0,2000,200,143,83,57,90,2500,2500,223,40493.0,298920.0,258427.0,1.1566902839099629,0.5381165919282511,181.5829596412556,2491.0,-2509.0,23248.0,20180.0,0.23248,5,4,0.8,44.6,15.447977213862014,0.3463672021045295,21,0.06151680537376831,1.7417842395044736,128.02963475168548,1.4925254281504257,True,False,False
184,29624.0,71424.0,41800.0,1.708708133971292,0.18478260869565216,161.0,2100.705882352941,-278.6666666666667,7673.0,4245.0,0.07673,10,9,0.9,18.4,3.6660605559646724,0.19924242151981916,9,2.3034708669977526,0.20223467458817176,3.8608106346930797,47.6583850931677,2012-01-16 02:00:00,2021-05-17 02:00:00,BIASW,7,0,4,200,100,-1,0,100,100,14,139,152,153,250,6000,80,-8220.0,11982.0,20202.0,0.5931095931095931,0.025,-102.75,5991.0,-259.0,10406.0,9842.0,0.10406,5,1,0.2,16.0,5.366563145999495,0.33541019662496846,7,0.0,0.0,0.0,0.0,False,False,False
462,102152.0,359425.0,257273.0,1.3970568229079616,0.49783549783549785,221.1082251082251,1562.7173913043478,-1108.9353448275863,14571.0,13876.0,0.14571,10,8,0.8,46.2,8.852118390532292,0.1916042941673656,20,2.2956182372488976,0.02438522985355157,7.010637567771601,65.89985511786358,2012-01-16 11:00:00,2021-05-17 16:00:00,BIASW,7,0,0,1100,100,3,0,2000,200,143,83,57,90,1250,2500,223,60493.0,226681.0,166188.0,1.3640034178159675,0.4080717488789238,271.2690582959641,2491.0,-1259.0,14083.0,11385.0,0.14083,5,5,1.0,44.6,15.447977213862014,0.3463672021045295,21,0.041178318152513514,4.295462614499751,51.91524639214455,2.864785547766989,True,True,True
462,134342.0,380706.0,246364.0,1.5452988261271938,0.42424242424242425,290.7835497835498,1942.3775510204082,-926.1804511278195,25314.0,22703.0,0.25314,10,9,0.9,46.2,8.576712656956627,0.18564313110295727,21,2.2904926002022594,0.03715144928615027,5.307023781306786,87.05444313766357,2012-01-16 11:00:00,2021-05-17 14:30:00,BIASW,7,0,0,1100,100,3,0,2000,200,143,83,57,90,1000,5000,223,63933.0,241244.0,177311.0,1.3605698462024354,0.21973094170403587,286.695067264574,4923.34693877551,-1019.028735632184,18890.0,16144.0,0.1889,5,5,1.0,44.6,15.344054223053305,0.3440370902029889,21,0.07806610044890745,3.3844891476971943,65.8888211095991,2.6142293656031743,True,True,True
462,91567.0,190561.0,98994.0,1.9249752510253146,0.17532467532467533,198.1969696969697,2352.604938271605,-259.8267716535433,12183.0,11653.0,0.12183,10,8,0.8,46.2,8.885943956609225,0.19233644927725593,20,2.2503980093700755,0.06542750117400374,7.515964869079865,61.469153734423976,2012-01-16 11:00:00,2021-05-17 12:00:00,BIASW,7,0,0,1100,100,3,0,2000,200,143,83,57,90,250,6000,223,4743.0,59910.0,55167.0,1.085975311327424,0.04484304932735426,21.269058295964125,5991.0,-259.0,25207.0,24312.0,0.25207,5,3,0.6,44.6,15.447977213862014,0.3463672021045295,21,1.263124604680582,0.18816201848692823,1185.1488509382248,0.16789088866772148,False,False,False
462,108817.0,277616.0,168799.0,1.6446542929756693,0.2727272727272727,235.53463203463204,2203.3015873015875,-502.3779761904762,17375.0,16595.0,0.17375,10,8,0.8,46.2,8.885943956609225,0.19233644927725593,20,2.2394007192895535,0.055055735776579025,6.262848920863309,73.7683450196201,2012-01-16 11:00:00,2021-05-17 12:30:00,BIASW,7,0,0,1100,100,3,0,2000,200,143,83,57,90,500,6000,223,34108.0,135399.0,101291.0,1.3367327798126192,0.10762331838565023,152.9506726457399,5641.625,-509.0,31565.0,29277.0,0.31565,5,4,0.8,44.6,15.447977213862014,0.3463672021045295,21,0.1756479418318283,1.080563915729447,206.3737246393808,1.0789167646903663,True,False,False
462,124052.0,419676.0,295624.0,1.419627635104051,0.5757575757575758,268.5108225108225,1577.7293233082708,-1508.2857142857142,22821.0,22126.0,0.22821,10,9,0.9,46.2,8.818163074019441,0.1908693306064814,20,2.2275830591993047,0.020080288911101796,5.435870470180974,84.99098765034019,2012-01-16 11:00:00,2021-05-17 16:30:00,BIASW,7,0,0,1100,100,3,0,2000,200,143,83,57,90,2250,2500,223,47243.0,288956.0,241713.0,1.1954508032253126,0.5201793721973094,211.85201793721973,2491.0,-2259.0,20840.0,19745.0,0.2084,5,4,0.8,44.6,15.447977213862014,0.3463672021045295,21,0.05272738818449294,2.2669385796545107,98.37055225112715,1.8391755922849384,True,True,True
462,114767.0,323259.0,208492.0,1.5504623678606373,0.37662337662337664,248.41341991341992,1857.8103448275863,-723.9305555555555,19650.0,17980.0,0.1965,10,8,0.8,46.2,8.576712656956627,0.18564313110295727,21,2.2209215769788977,0.03477480460411094,5.840559796437659,79.10200667439247,2012-01-16 11:00:00,2021-05-17 13:30:00,BIASW,7,0,0,1100,100,3,0,2000,200,143,83,57,90,750,4000,223,53993.0,187577.0,133584.0,1.4041876272607499,0.21076233183856502,242.12107623318386,3991.0,-759.0,28248.0,26565.0,0.28248,5,4,0.8,44.6,15.447977213862014,0.3463672021045295,21,0.07391698923934584,1.9113919569527047,116.66890152427166,1.8054197557144767,True,False,False
462,126002.0,370348.0,244346.0,1.5156704018072733,0.42857142857142855,272.73160173160176,1870.4444444444443,-925.5530303030303,23708.0,22703.0,0.23708,10,9,0.9,46.2,8.576712656956627,0.18564313110295727,21,2.219869533423924,0.03889620799669846,5.314746077273494,86.92795352454722,2012-01-16 11:00:00,2021-05-17 14:30:00,BIASW,7,0,0,1100,100,3,0,2000,200,143,83,57,90,1000,4000,223,72683.0,237955.0,165272.0,1.4397780628297594,0.26905829596412556,325.93273542600895,3965.9166666666665,-1013.9386503067485,18560.0,16234.0,0.1856,5,5,1.0,44.6,15.344054223053305,0.3440370902029889,21,0.05490967626542658,3.9161099137931035,56.94426482120991,2.998323181788252,True,True,True
195,50635.0,144407.0,93772.0,1.5399799513714114,0.7794871794871795,259.6666666666667,950.046052631579,-2180.7441860465115,21605.0,19220.0,0.21605,10,10,1.0,19.5,8.913472948295743,0.45710117683567913,6,2.2140045782789723,0.021447615285869456,2.343670446655867,83.20282413350449,2012-01-13 20:00:00,2021-05-14 21:00:00,BIASW,7,4,4,2000,100,-1,0,0,0,54,38,152,153,4000,1000,154,14264.0,127476.0,113212.0,1.1259937109140374,0.8181818181818182,92.62337662337663,1011.7142857142857,-4043.285714285714,27292.0,27252.0,0.27292,5,2,0.4,30.8,11.285388783732708,0.3664087267445684,17,0.16306786315199104,0.5226439982412429,294.6556365675827,0.7026553786225507,False,False,False
462,112877.0,352178.0,239301.0,1.4716946439839365,0.4393939393939394,244.32251082251082,1734.8669950738915,-923.942084942085,19568.0,18563.0,0.19568,10,9,0.9,46.2,8.576712656956627,0.18564313110295727,21,2.188919095689849,0.026497869362226138,5.768448487326247,80.09085996261418,2012-01-16 11:00:00,2021-05-17 14:30:00,BIASW,7,0,0,1100,100,3,0,2000,200,143,83,57,90,1000,3000,223,58993.0,212361.0,153368.0,1.384649992175682,0.3183856502242152,264.54260089686096,2991.0,-1009.0,18317.0,15207.0,0.18317,5,5,1.0,44.6,15.447977213862014,0.3463672021045295,21,0.05070093061888699,3.220669323579189,69.24026579424678,2.449671747044969,True,True,True
460,105795.0,275612.0,169817.0,1.6229941643062826,0.26521739130434785,229.9891304347826,2259.1147540983607,-502.41715976331363,17375.0,16595.0,0.17375,10,8,0.8,46.0,8.888194417315589,0.1932216177677302,20,2.1866755630598815,0.12737842053027082,6.088920863309353,75.54704853726547,2012-01-16 11:00:00,2021-05-17 12:30:00,BIASW,7,0,0,1100,100,3,0,2000,200,143,83,57,90,500,0,221,1936.0,106281.0,104345.0,1.018553835833054,0.07239819004524888,8.760180995475114,6642.5625,-509.0,49609.0,41764.0,0.49609,5,3,0.6,44.2,15.522886329545804,0.35119652329289147,21,7.177685950413223,0.039025176883226834,5663.010847107437,0.049291528989271985,False,False,False
460,94535.0,193788.0,99253.0,1.9524649128993583,0.16956521739130434,205.5108695652174,2484.4615384615386,-259.82460732984293,14117.0,11653.0,0.14117,10,8,0.8,46.0,8.888194417315589,0.1932216177677302,20,2.167719260922527,0.1425503781668165,6.696536091237515,68.69223039086053,2012-01-16 11:00:00,2021-05-17 12:00:00,BIASW,7,0,0,1100,100,3,0,2000,200,143,83,57,90,250,0,222,-20168.0,36294.0,56462.0,0.6428040097764869,0.018018018018018018,-90.84684684684684,9073.5,-259.0,39867.0,32467.0,0.39867,5,1,0.2,44.4,15.239422561238992,0.3432302378657431,21,0.0,0.0,0.0,0.0,False,False,False
461,105006.0,275332.0,170326.0,1.6165001232929794,0.2646420824295011,227.77874186550977,2256.8196721311474,-502.43657817109147,17375.0,16595.0,0.17375,10,8,0.8,46.1,8.882004278314664,0.19266820560335496,20,2.1656597756608926,0.09514694398415328,6.043510791366907,76.28016494295564,2012-01-16 11:00:00,2021-05-17 12:30:00,BIASW,7,0,0,1100,100,3,0,2000,200,143,83,57,90,500,10000,222,4692.0,109546.0,104854.0,1.0447479352242166,0.07207207207207207,21.135135135135137,6846.625,-509.0,50464.0,43128.0,0.50464,5,2,0.4,44.4,15.742934923323542,0.3545706063811609,21,2.1293691389599316,0.09297717184527585,2387.682864450128,0.11791081470840056,False,False,False
462,126952.0,372307.0,245355.0,1.5174216950948625,0.4264069264069264,274.7878787878788,1889.8832487309644,-925.8679245283018,25314.0,22703.0,0.25314,10,9,0.9,46.2,8.576712656956627,0.18564313110295727,21,2.164495218032166,0.03860514210095154,5.015090463774986,92.1219673577415,2012-01-16 11:00:00,2021-05-17 14:30:00,BIASW,7,0,0,1100,100,3,0,2000,200,143,83,57,90,1000,4500,223,52683.0,227036.0,174353.0,1.3021628535213046,0.22869955156950672,236.24663677130044,4451.686274509804,-1013.6802325581396,20109.0,18750.0,0.20109,5,5,1.0,44.6,15.344054223053305,0.3440370902029889,21,0.08524571493650704,2.619871699239147,85.11867205739992,2.087900722119101,True,True,True
195,40080.0,115861.0,75781.0,1.528892466449374,0.26153846153846155,205.53846153846155,2271.7843137254904,-526.2569444444445,14328.0,12934.0,0.14328,10,7,0.7,19.5,8.913472948295743,0.45710117683567913,6,2.151987587658221,0.1494760479041916,2.797319932998325,69.70958083832335,2012-01-13 20:00:00,2021-05-17 05:30:00,BIASW,7,4,4,2000,100,-1,0,0,0,54,38,152,153,500,6000,154,-23126.0,50679.0,73805.0,0.6866607953390692,0.05844155844155844,-150.16883116883116,5631.0,-509.0,41886.0,35696.0,0.41886,5,1,0.2,30.8,11.338430226446693,0.3681308515080095,17,0.0,0.0,0.0,0.0,False,False,False
462,105772.0,377341.0,271569.0,1.389484808648999,0.5216450216450217,228.94372294372295,1565.7302904564315,-1228.8190045248869,17821.0,17126.0,0.17821,10,7,0.7,46.2,8.863407922464136,0.19184865633039253,20,2.14932530888448,0.023550656128275914,5.9352449357499575,77.84009000491623,2012-01-16 11:00:00,2021-05-17 16:00:00,BIASW,7,0,0,1100,100,3,0,2000,200,143,83,57,90,1500,2500,223,63493.0,249100.0,185607.0,1.3420830033350035,0.4484304932735426,284.7219730941704,2491.0,-1509.0,16833.0,14635.0,0.16833,5,4,0.8,44.6,15.447977213862014,0.3463672021045295,21,0.03923267131809806,3.7719360779421374,59.1208322177248,2.7502974736249985,True,True,True
184,23189.0,64471.0,41282.0,1.561721815803498,0.1956521739130435,126.02717391304348,1790.861111111111,-278.93243243243245,5468.0,4245.0,0.05468,10,10,1.0,18.4,3.97994974842648,0.21630161676230872,8,2.135941685426314,0.128983569796024,4.240855888807608,43.38746819612747,2012-01-16 02:00:00,2021-05-17 02:00:00,BIASW,7,0,4,200,100,-1,0,100,100,14,139,152,153,250,3000,80,-4470.0,14955.0,19425.0,0.7698841698841699,0.0625,-55.875,2991.0,-259.0,8985.0,8547.0,0.08985,5,1,0.2,16.0,5.366563145999495,0.33541019662496846,7,0.0,0.0,0.0,0.0,False,False,False
462,115377.0,324628.0,209251.0,1.5513808775107407,0.37445887445887444,249.73376623376623,1876.4624277456646,-724.0519031141869,21809.0,19671.0,0.21809,10,8,0.8,46.2,8.576712656956627,0.18564313110295727,21,2.1193312285467067,0.03892456902155542,5.290338850933101,87.32899971398112,2012-01-16 11:00:00,2021-05-17 13:30:00,BIASW,7,0,0,1100,100,3,0,2000,200,143,83,57,90,750,4500,223,35493.0,175149.0,139656.0,1.2541459013576215,0.17488789237668162,159.16143497757847,4491.0,-759.0,33290.0,32445.0,0.3329,5,4,0.8,44.6,15.447977213862014,0.3463672021045295,21,0.12653199222381878,1.0661760288374886,209.15870735074523,1.0932522892761967,True,False,False
195,31040.0,105803.0,74763.0,1.4151786311410726,0.2717948717948718,159.17948717948718,1996.2830188679245,-526.5,9010.0,8450.0,0.0901,10,7,0.7,19.5,8.913472948295743,0.45710117683567913,6,2.1016681984140337,0.09635953608247423,3.4450610432852384,56.6027706185567,2012-01-13 20:00:00,2021-05-17 05:30:00,BIASW,7,4,4,2000,100,-1,0,0,0,54,38,152,153,500,3000,154,16959.0,82111.0,65152.0,1.260298993123772,0.16883116883116883,110.12337662337663,3158.1153846153848,-509.0,15391.0,13738.0,0.15391,5,3,0.6,30.8,11.338430226446693,0.3681308515080095,17,0.34618786485052183,1.1018777207458905,139.76142461230026,1.1124629276931808,True,False,False
183,37788.0,142780.0,104992.0,1.3599131362389516,0.6284153005464481,206.49180327868854,1241.5652173913043,-1544.0,15330.0,11260.0,0.1533,10,6,0.6,18.3,3.950949253027682,0.21589886628566568,8,2.090119834169111,0.03945697046681486,2.4649706457925635,74.24023499523658,2012-01-16 02:00:00,2021-05-17 20:00:00,BIASW,7,0,4,200,100,-1,0,100,100,14,139,152,153,4000,1500,80,36780.0,96915.0,60135.0,1.6116238463457222,0.8125,459.75,1491.0,-4009.0,12786.0,10072.0,0.12786,5,4,0.8,16.0,5.366563145999495,0.33541019662496846,7,0.040538336052202285,2.8765837634913187,27.810766721044047,5.095582469683163,True,True,True
195,46770.0,164532.0,117762.0,1.3971569776328527,0.39487179487179486,239.84615384615384,2136.779220779221,-997.9830508474577,20772.0,19722.0,0.20772,10,5,0.5,19.5,8.879752248796134,0.45537191019467355,6,2.0856097505746383,0.06395125080179602,2.25158867706528,86.60551635663887,2012-01-13 20:00:00,2021-05-17 14:00:00,BIASW,7,4,4,2000,100,-1,0,0,0,54,38,152,153,1000,3000,154,16819.0,134128.0,117309.0,1.1433734837054275,0.2792207792207792,109.21428571428571,3119.2558139534885,-1056.837837837838,15308.0,13410.0,0.15308,5,3,0.6,30.8,11.338430226446693,0.3681308515080095,17,0.3490695047267971,1.0987065586621374,140.16481360366254,1.1062662673514776,False,False,False
461,91051.0,190563.0,99512.0,1.9149750783825066,0.16919739696312364,197.50759219088937,2443.1153846153848,-259.822454308094,14117.0,11653.0,0.14117,10,8,0.8,46.1,8.882004278314664,0.19266820560335496,20,2.083301056904706,0.10972971191969336,6.449741446482964,71.47573338019352,2012-01-16 11:00:00,2021-05-17 12:00:00,BIASW,7,0,0,1100,100,3,0,2000,200,143,83,57,90,250,10000,223,-25242.0,31479.0,56721.0,0.554979637171418,0.017937219730941704,-113.19282511210763,7869.75,-259.0,39867.0,32726.0,0.39867,5,1,0.2,44.6,15.447977213862014,0.3463672021045295,21,0.0,0.0,0.0,0.0,False,False,False
183,34533.0,152665.0,118132.0,1.292325534148241,0.5191256830601093,188.70491803278688,1607.0,-1342.409090909091,13023.0,11789.0,0.13023,10,7,0.7,18.3,3.950949253027682,0.21589886628566568,8,2.0723692788473573,0.0721339009063794,2.6516931582584657,69.01250977326036,2012-01-16 02:00:00,2021-05-17 14:00:00,BIASW,7,0,4,200,100,-1,0,100,100,14,139,152,153,1750,2500,80,20780.0,94658.0,73878.0,1.2812745336906792,0.475,259.75,2491.0,-1759.0,16134.0,15394.0,0.16134,5,4,0.8,16.0,5.366563145999495,0.33541019662496846,7,0.11987487969201155,1.2879633073013512,62.113570741097206,2.5628546538035666,True,False,False
462,110647.0,392107.0,281460.0,1.393118027428409,0.5454545454545454,239.495670995671,1555.9801587301588,-1340.2857142857142,21071.0,20376.0,0.21071,10,8,0.8,46.2,8.829496021857647,0.19111463250774127,20,2.0677333914976503,0.02251303695536255,5.25115087086517,87.98071344003904,2012-01-16 11:00:00,2021-05-17 16:00:00,BIASW,7,0,0,1100,100,3,0,2000,200,143,83,57,90,1750,2500,223,66743.0,269028.0,202285.0,1.3299453741008973,0.484304932735426,299.29596412556054,2491.0,-1759.0,21340.0,20245.0,0.2134,5,4,0.8,44.6,15.447977213862014,0.3463672021045295,21,0.03732226600542379,3.127600749765698,71.30066074344874,2.5676930172247023,True,True,True
183,27143.0,117844.0,90701.0,1.2992580015655837,0.45901639344262296,148.3224043715847,1402.904761904762,-916.1717171717172,8142.0,7743.0,0.08142,10,8,0.8,18.3,3.925557285278104,0.21451132706437728,8,2.0600637254342393,0.07335224551449729,3.333701793171211,54.89393213719928,2012-01-16 02:00:00,2021-05-17 02:30:00,BIASW,7,0,4,200,100,-1,0,100,100,14,139,152,153,1000,2000,80,30280.0,73667.0,43387.0,1.697904902390117,0.4625,378.5,1991.0,-1009.0,6336.0,5045.0,0.06336,5,5,1.0,16.0,5.366563145999495,0.33541019662496846,7,0.06575297225891678,4.779040404040404,16.739762219286657,5.959334270582718,True,True,True
183,29428.0,111846.0,82418.0,1.3570579242398506,0.3879781420765027,160.8087431693989,1575.2957746478874,-735.875,9682.0,9283.0,0.09682,10,7,0.7,18.3,3.925557285278104,0.21451132706437728,8,2.0481726637645403,0.08464727470436319,3.039454658128486,60.20816909066196,2012-01-16 02:00:00,2021-05-17 02:30:00,BIASW,7,0,4,200,100,-1,0,100,100,14,139,152,153,750,2500,80,17280.0,59784.0,42504.0,1.406549971767363,0.3,216.0,2491.0,-759.0,8293.0,7590.0,0.08293,5,3,0.6,16.0,5.366563145999495,0.33541019662496846,7,0.1441550925925926,2.083685035572169,38.39351851851852,2.972606105332123,True,True,True
183,36333.0,139002.0,102669.0,1.3538848143061684,0.6120218579234973,198.54098360655738,1241.0892857142858,-1446.0422535211267,14895.0,10825.0,0.14895,10,5,0.5,18.3,3.950949253027682,0.21589886628566568,8,2.0387752948513618,0.04103707373462142,2.4392749244712992,75.02229378251177,2012-01-16 02:00:00,2021-05-17 16:30:00,BIASW,7,0,4,200,100,-1,0,100,100,14,139,152,153,3000,1500,80,24780.0,87969.0,63189.0,1.392156862745098,0.7375,309.75,1491.0,-3009.0,11506.0,9162.0,0.11506,5,4,0.8,16.0,5.366563145999495,0.33541019662496846,7,0.06016949152542373,2.1536589605423258,37.146085552865216,3.618999950627408,True,True,True
195,51435.0,180069.0,128634.0,1.399855403703531,0.6871794871794872,263.7692307692308,1343.7985074626865,-2108.754098360656,26359.0,24812.0,0.26359,10,8,0.8,19.5,8.913472948295743,0.45710117683567913,6,2.036100050764408,0.028988043161271508,1.9513259228347055,99.93205016039661,2012-01-13 20:00:00,2021-05-17 00:30:00,BIASW,7,4,4,2000,100,-1,0,0,0,54,38,152,153,3000,1500,154,19534.0,161327.0,141793.0,1.1377642055672705,0.6948051948051948,126.84415584415585,1507.728971962617,-3016.872340425532,22538.0,19815.0,0.22538,5,2,0.4,30.8,11.320777358467925,0.3675577064437638,17,0.11907443431964779,0.8667139941432248,177.68260468925973,1.0588933533317586,False,False,False
183,28818.0,74083.0,45265.0,1.6366508339776868,0.8360655737704918,157.47540983606558,484.202614379085,-1508.8333333333333,9634.0,6875.0,0.09634,10,7,0.7,18.3,3.925557285278104,0.21451132706437728,8,2.0107073862160183,0.017037962384620724,2.991280880215902,61.177805538205284,2012-01-16 02:00:00,2021-05-18 09:30:00,BIASW,7,0,4,200,100,-1,0,100,100,14,139,152,153,5000,500,80,-4720.0,35352.0,40072.0,0.8822120183669395,0.9,-59.0,491.0,-5009.0,18570.0,14635.0,0.1857,5,2,0.4,16.0,5.366563145999495,0.33541019662496846,7,0.0,0.0,0.0,0.0,False,False,False
183,27233.0,93148.0,65915.0,1.413153303496928,0.31693989071038253,148.81420765027323,1606.0,-527.32,8821.0,8061.0,0.08821,10,6,0.6,18.3,3.925557285278104,0.21451132706437728,8,1.985751650838963,0.09146990783240921,3.087291690284548,59.27525428707818,2012-01-16 02:00:00,2021-05-17 02:30:00,BIASW,7,0,4,200,100,-1,0,100,100,14,139,152,153,500,2500,80,1280.0,34874.0,33594.0,1.0381020420313152,0.175,16.0,2491.0,-509.0,10857.0,8761.0,0.10857,5,2,0.4,16.0,5.366563145999495,0.33541019662496846,7,1.94609375,0.11789628810905407,678.5625,0.1924440600295833,False,False,False
462,80137.0,179131.0,98994.0,1.809513707901489,0.17532467532467533,173.45670995670994,2211.4938271604938,-259.8267716535433,12183.0,11653.0,0.12183,10,8,0.8,46.2,8.885943956609225,0.19233644927725593,20,1.9694884104195807,0.06228084405455657,6.577772305671838,70.23654491682993,2012-01-16 11:00:00,2021-05-17 12:00:00,BIASW,7,0,0,1100,100,3,0,2000,200,143,83,57,90,250,5000,223,-7.0,54901.0,54908.0,0.9998725140234574,0.04932735426008968,-0.03139013452914798,4991.0,-259.0,26207.0,25312.0,0.26207,5,3,0.6,44.6,15.447977213862014,0.3463672021045295,21,0.0,0.0,0.0,0.0,False,False,False
461,115961.0,406851.0,290890.0,1.3986420983877066,0.6203904555314533,251.54229934924078,1422.555944055944,-1662.2285714285715,25689.0,23632.0,0.25689,10,7,0.7,46.1,8.825531145489204,0.19144319187612158,20,1.9668755155627973,0.019756642319400487,4.514033243800848,102.12596476401549,2012-01-16 11:00:00,2021-05-17 19:30:00,BIASW,7,0,0,1100,100,3,0,2000,200,143,83,57,90,3000,2000,223,47948.0,284843.0,236895.0,1.2024019080183204,0.6412556053811659,215.0134529147982,1991.909090909091,-2961.1875,21315.0,20090.0,0.21315,5,4,0.8,44.6,15.447977213862014,0.3463672021045295,21,0.04423542170684908,2.249495660333099,99.13333194293818,1.8457055243313616,True,True,True
195,38805.0,136746.0,97941.0,1.3962079210953533,0.3384615384615385,199.0,2071.909090909091,-759.2325581395348,16172.0,15317.0,0.16172,10,7,0.7,19.5,8.879752248796134,0.45537191019467355,6,1.9611492991061497,0.07707769617317356,2.39951768488746,81.26633165829146,2012-01-13 20:00:00,2021-05-17 12:30:00,BIASW,7,4,4,2000,100,-1,0,0,0,54,38,152,153,750,3000,154,22719.0,113191.0,90472.0,1.2511163674949155,0.23376623376623376,147.52597402597402,3144.1944444444443,-766.7118644067797,11852.0,9868.0,0.11852,5,3,0.6,30.8,11.338430226446693,0.3681308515080095,17,0.25841806417535984,1.9168916638542017,80.33839517584401,1.698291032039043,True,False,False
183,26303.0,112891.0,86588.0,1.3037718852496882,0.6612021857923497,143.73224043715848,932.9834710743802,-1396.5806451612902,8568.0,7243.0,0.08568,10,6,0.6,18.3,3.950949253027682,0.21589886628566568,8,1.9460496364259328,0.037676310686993876,3.0699112978524745,59.61084286963464,2012-01-16 02:00:00,2021-05-17 14:30:00,BIASW,7,0,4,200,100,-1,0,100,100,14,139,152,153,2000,1000,80,10280.0,56487.0,46207.0,1.2224771138572077,0.7125,128.5,991.0,-2009.0,11119.0,9189.0,0.11119,5,4,0.8,16.0,5.366563145999495,0.33541019662496846,7,0.09640077821011674,0.9245435740624157,86.52918287937743,1.5272485079955003,True,False,False
183,31728.0,149784.0,118056.0,1.2687538117503558,0.5683060109289617,173.37704918032787,1440.2307692307693,-1494.379746835443,12709.0,11789.0,0.12709,10,5,0.5,18.3,3.950949253027682,0.21589886628566568,8,1.9274155757358928,0.06275214321734746,2.4964985443386576,73.30266641452344,2012-01-16 02:00:00,2021-05-17 16:00:00,BIASW,7,0,4,200,100,-1,0,100,100,14,139,152,153,2500,2000,80,15280.0,95568.0,80288.0,1.1903148664806695,0.6,191.0,1991.0,-2509.0,14172.0,12707.0,0.14172,5,4,0.8,16.0,5.366563145999495,0.33541019662496846,7,0.13030104712041884,1.0781823313576064,74.19895287958116,2.0107461341222415,True,False,False
462,78387.0,177122.0,98735.0,1.7939129994429535,0.1774891774891775,169.66883116883116,2160.0243902439024,-259.82894736842104,12183.0,11653.0,0.12183,10,8,0.8,46.2,8.885943956609225,0.19233644927725593,20,1.9264795041935643,0.05729266332427571,6.434129524747599,71.80458494393203,2012-01-16 11:00:00,2021-05-17 12:00:00,BIASW,7,0,0,1100,100,3,0,2000,200,143,83,57,90,250,4500,223,-5507.0,49401.0,54908.0,0.8997049610257157,0.04932735426008968,-24.69506726457399,4491.0,-259.0,26707.0,25812.0,0.26707,5,3,0.6,44.6,15.447977213862014,0.3463672021045295,21,0.0,0.0,0.0,0.0,False,False,False
183,26718.0,133038.0,106320.0,1.2512979683972911,0.5901639344262295,146.0,1231.8333333333333,-1417.6,9074.0,7834.0,0.09074,10,6,0.6,18.3,3.950949253027682,0.21589886628566568,8,1.9208476264669492,0.0558050752301819,2.944456689442363,62.15068493150685,2012-01-16 02:00:00,2021-05-17 16:00:00,BIASW,7,0,4,200,100,-1,0,100,100,14,139,152,153,2250,1500,80,10530.0,76041.0,65511.0,1.1607363648852864,0.6375,131.625,1491.0,-2259.0,16309.0,13689.0,0.16309,5,4,0.8,16.0,5.366563145999495,0.33541019662496846,7,0.1415954415954416,0.6456557728861365,123.90503323836657,1.291707451207427,True,False,False
195,28615.0,73394.0,44779.0,1.639027222582014,0.14871794871794872,146.74358974358975,2530.8275862068967,-269.7530120481928,9310.0,6216.0,0.0931,10,7,0.7,19.5,9.102197536858887,0.4667793608645583,5,1.906003726335148,0.39458326052769527,3.073576799140709,63.44399790319762,2012-01-13 20:00:00,2021-05-14 20:00:00,BIASW,7,4,4,2000,100,-1,0,0,0,54,38,152,153,250,0,154,-19976.0,19392.0,39368.0,0.4925828083722821,0.012987012987012988,-129.71428571428572,9696.0,-259.0,29942.0,27787.0,0.29942,5,1,0.2,30.8,11.320777358467925,0.3675577064437638,17,0.0,0.0,0.0,0.0,False,False,False
195,47570.0,180605.0,133035.0,1.3575750742285864,0.4358974358974359,243.94871794871796,2124.764705882353,-1209.409090909091,26197.0,25147.0,0.26197,10,6,0.6,19.5,8.879752248796134,0.45537191019467355,6,1.8889140936268642,0.06287576203489595,1.815856777493606,107.38732394366197,2012-01-13 20:00:00,2021-05-17 14:30:00,BIASW,7,4,4,2000,100,-1,0,0,0,54,38,152,153,1250,3000,154,19809.0,155065.0,135256.0,1.1464556101023244,0.3246753246753247,128.62987012987014,3101.3,-1300.5384615384614,16015.0,14001.0,0.16015,5,2,0.4,30.8,11.338430226446693,0.3681308515080095,17,0.2963804331364531,1.2369029035279426,124.50451814831641,1.2738485780709525,True,False,False
462,91387.0,260186.0,168799.0,1.5413953874134325,0.2727272727272727,197.80735930735932,2064.968253968254,-502.3779761904762,17375.0,16595.0,0.17375,10,8,0.8,46.2,8.885943956609225,0.19233644927725593,20,1.8806998312186,0.054613894755271536,5.25968345323741,87.83798570912711,2012-01-16 11:00:00,2021-05-17 12:30:00,BIASW,7,0,0,1100,100,3,0,2000,200,143,83,57,90,500,5000,223,28683.0,128956.0,100273.0,1.286049085995233,0.11659192825112108,128.62331838565024,4959.846153846154,-509.0,28540.0,26567.0,0.2854,5,4,0.8,44.6,15.447977213862014,0.3463672021045295,21,0.1740055084893491,1.005010511562719,221.8882264756127,0.9541840934463692,True,False,False
195,27315.0,72094.0,44779.0,1.6099957569396368,0.14871794871794872,140.07692307692307,2486.0,-269.7530120481928,9310.0,6216.0,0.0931,10,7,0.7,19.5,9.102197536858887,0.4667793608645583,5,1.8194126082419906,0.3657697235950943,2.9339419978517722,66.46348160351455,2012-01-13 20:00:00,2021-05-14 20:00:00,BIASW,7,4,4,2000,100,-1,0,0,0,54,38,152,153,250,10000,154,-25566.0,13802.0,39368.0,0.3505893111156269,0.012987012987012988,-166.01298701298703,6901.0,-259.0,29942.0,27787.0,0.29942,5,1,0.2,30.8,11.320777358467925,0.3675577064437638,17,0.0,0.0,0.0,0.0,False,False,False
462,94542.0,374487.0,279945.0,1.3377163371376521,0.577922077922078,204.63636363636363,1402.573033707865,-1435.6153846153845,20927.0,20198.0,0.20927,10,8,0.8,46.2,8.829496021857647,0.19111463250774127,20,1.7728368472483509,0.02423261619174547,4.517704401013045,102.26432696579299,2012-01-16 11:00:00,2021-05-17 16:30:00,BIASW,7,0,0,1100,100,3,0,2000,200,143,83,57,90,2000,2000,223,44123.0,245023.0,200900.0,1.2196266799402689,0.5515695067264574,197.8609865470852,1992.0569105691056,-2009.0,17699.0,16162.0,0.17699,5,4,0.8,44.6,15.447977213862014,0.3463672021045295,21,0.04807016748634499,2.492965704277078,89.45169186138749,1.8639113483143337,True,True,True
462,83007.0,286186.0,203179.0,1.4085412370372923,0.3917748917748918,179.66883116883116,1581.1381215469614,-723.0569395017793,16325.0,14772.0,0.16325,10,8,0.8,46.2,8.874683092933516,0.1920927076392536,20,1.7623233461728933,0.03000951726962786,5.084655436447167,90.86161408074018,2012-01-16 11:00:00,2021-05-17 13:30:00,BIASW,7,0,0,1100,100,3,0,2000,200,143,83,57,90,750,2500,223,45243.0,164406.0,119163.0,1.3796732207144835,0.29596412556053814,202.88340807174887,2491.0,-759.0,16709.0,13779.0,0.16709,5,4,0.8,44.6,15.447977213862014,0.3463672021045295,21,0.055058241053864684,2.707702435813035,82.35764648674933,1.9670289379419592,True,True,True
183,25783.0,127120.0,101337.0,1.2544282937130564,0.4918032786885246,140.89071038251367,1412.4444444444443,-1089.6451612903227,10168.0,9608.0,0.10168,10,7,0.7,18.3,3.925557285278104,0.21451132706437728,8,1.7510721349164389,0.07722142496994143,2.5357002360346184,72.16941395493154,2012-01-16 02:00:00,2021-05-17 10:00:00,BIASW,7,0,4,200,100,-1,0,100,100,14,139,152,153,1250,2000,80,22780.0,75658.0,52878.0,1.430802980445554,0.475,284.75,1991.0,-1259.0,7917.0,6617.0,0.07917,5,4,0.8,16.0,5.366563145999495,0.33541019662496846,7,0.08740122914837577,2.8773525325249465,27.803336259877085,4.010724742918414,True,True,True
462,70952.0,169687.0,98735.0,1.7186104218362284,0.1774891774891775,153.57575757575756,2069.3536585365855,-259.82894736842104,12183.0,11653.0,0.12183,10,8,0.8,46.2,8.885943956609225,0.19233644927725593,20,1.7437530940276036,0.056249295298229786,5.8238529097923335,79.32892659826362,2012-01-16 11:00:00,2021-05-17 12:00:00,BIASW,7,0,0,1100,100,3,0,2000,200,143,83,57,90,250,4000,223,-2507.0,51883.0,54390.0,0.9539069681926825,0.05829596412556054,-11.242152466367713,3991.0,-259.0,22957.0,22062.0,0.22957,5,3,0.6,44.6,15.447977213862014,0.3463672021045295,21,0.0,0.0,0.0,0.0,False,False,False
184,18789.0,60071.0,41282.0,1.4551378324693571,0.1956521739130435,102.11413043478261,1668.638888888889,-278.93243243243245,5468.0,4245.0,0.05468,10,9,0.9,18.4,3.97994974842648,0.21630161676230872,8,1.7306571360332486,0.13257757198360742,3.436174103877103,53.54792697855128,2012-01-16 02:00:00,2021-05-17 02:00:00,BIASW,7,0,4,200,100,-1,0,100,100,14,139,152,153,250,2500,80,1280.0,19928.0,18648.0,1.0686400686400686,0.1,16.0,2491.0,-259.0,8985.0,8547.0,0.08985,5,3,0.6,16.0,5.366563145999495,0.33541019662496846,7,1.94609375,0.1424596549805231,561.5625,0.21154384262823142,False,False,False
195,22775.0,67295.0,44520.0,1.5115678346810422,0.15384615384615385,116.7948717948718,2243.1666666666665,-269.8181818181818,7206.0,6030.0,0.07206,10,7,0.7,19.5,9.102197536858887,0.4667793608645583,5,1.7243129599354574,0.2191437980241493,3.1605606439078544,61.69791437980241,2012-01-13 20:00:00,2021-05-14 20:00:00,BIASW,7,4,4,2000,100,-1,0,0,0,54,38,152,153,250,5000,154,-18886.0,19964.0,38850.0,0.5138738738738738,0.025974025974025976,-122.63636363636364,4991.0,-259.0,23512.0,21686.0,0.23512,5,1,0.2,30.8,11.320777358467925,0.3675577064437638,17,0.0,0.0,0.0,0.0,False,False,False
463,83948.0,299117.0,215169.0,1.3901491385840896,0.7170626349892009,181.31317494600432,900.9548192771084,-1642.5114503816794,17758.0,14579.0,0.17758,10,8,0.8,46.3,8.911228871485683,0.1924671462523906,20,1.7051861007453208,0.0147829608805451,4.727334159252168,97.941034926383,2012-01-16 11:00:00,2021-05-18 09:00:00,BIASW,7,0,0,1100,100,3,0,2000,200,143,83,57,90,4000,1000,223,36263.0,184596.0,148333.0,1.244470212292612,0.8340807174887892,162.61434977578475,992.4516129032259,-4009.0,23020.0,22072.0,0.2302,5,3,0.6,44.6,15.447977213862014,0.3463672021045295,21,0.03477373631525246,1.5752823631624675,141.5619226208532,1.3432153749536746,True,False,False
462,82587.0,251386.0,168799.0,1.489262377146784,0.2727272727272727,178.75974025974025,1995.126984126984,-502.3779761904762,17375.0,16595.0,0.17375,10,8,0.8,46.2,8.885943956609225,0.19233644927725593,20,1.6996001286928175,0.05437901848959279,4.753208633093525,97.19750081731992,2012-01-16 11:00:00,2021-05-17 12:30:00,BIASW,7,0,0,1100,100,3,0,2000,200,143,83,57,90,500,4500,223,16493.0,116766.0,100273.0,1.1644809669601988,0.11659192825112108,73.95964125560538,4491.0,-509.0,29040.0,27067.0,0.2904,5,4,0.8,44.6,15.447977213862014,0.3463672021045295,21,0.27229733826471836,0.5679407713498622,392.6465773358395,0.5439211381124346,False,False,False
183,19063.0,94196.0,75133.0,1.2537233971756752,0.5519125683060109,104.16939890710383,932.6336633663366,-916.2560975609756,5911.0,5243.0,0.05911,10,6,0.6,18.3,3.925557285278104,0.21451132706437728,8,1.6980447267794248,0.05198552169123433,3.2250042294028085,56.744111629858885,2012-01-16 02:00:00,2021-05-17 02:30:00,BIASW,7,0,4,200,100,-1,0,100,100,14,139,152,153,1000,1000,80,9280.0,44595.0,35315.0,1.2627778564349426,0.5625,116.0,991.0,-1009.0,6648.0,5387.0,0.06648,5,3,0.6,16.0,5.366563145999495,0.33541019662496846,7,0.10678879310344827,1.3959085439229844,57.310344827586206,1.783002412577302,True,False,False
462,88997.0,326280.0,237283.0,1.3750669032336915,0.44372294372294374,192.63419913419912,1591.6097560975609,-923.2801556420234,20325.0,19128.0,0.20325,10,8,0.8,46.2,8.874683092933516,0.1920927076392536,20,1.6933922254602285,0.02798970751823095,4.37869618696187,105.51085991662642,2012-01-16 11:00:00,2021-05-17 14:30:00,BIASW,7,0,0,1100,100,3,0,2000,200,143,83,57,90,1000,2500,223,65493.0,206753.0,141260.0,1.4636344329604984,0.3721973094170404,293.69058295964123,2491.0,-1009.0,14833.0,12108.0,0.14833,5,5,1.0,44.6,15.447977213862014,0.3463672021045295,21,0.03803459911746294,4.4153576484864825,50.50553494266563,3.0221427198953545,True,True,True
462,102077.0,394498.0,292421.0,1.3490754767954423,0.6017316017316018,220.94588744588745,1419.0575539568345,-1589.2445652173913,26756.0,25531.0,0.26756,10,8,0.8,46.2,8.818163074019441,0.1908693306064814,20,1.692835568963633,0.022443841413834653,3.8151068919120945,121.09752441784143,2012-01-16 11:00:00,2021-05-17 18:00:00,BIASW,7,0,0,1100,100,3,0,2000,200,143,83,57,90,2500,2000,223,30123.0,260951.0,230828.0,1.1304997660595768,0.5874439461883408,135.08071748878925,1991.9923664122136,-2509.0,19773.0,18761.0,0.19773,5,4,0.8,44.6,15.447977213862014,0.3463672021045295,21,0.07041131361418186,1.5234410559854348,146.3791455034359,1.2039169322617105,True,False,False
195,40520.0,139982.0,99462.0,1.4073917677102814,0.7538461538461538,207.7948717948718,952.2585034013606,-2072.125,24224.0,21835.0,0.24224,10,8,0.8,19.5,8.913472948295743,0.45710117683567913,6,1.6732134362443973,0.02680157946692991,1.6727212681638044,116.57650542941757,2012-01-13 20:00:00,2021-05-14 21:00:00,BIASW,7,4,4,2000,100,-1,0,0,0,54,38,152,153,3000,1000,154,26854.0,123512.0,96658.0,1.277824908440067,0.7922077922077922,174.37662337662337,1012.3934426229508,-3020.5625,16292.0,16252.0,0.16292,5,3,0.6,30.8,11.285388783732708,0.3664087267445684,17,0.08661651895434572,1.6482936410508224,93.42995456915172,1.7121448742969423,True,False,False
462,67482.0,165181.0,97699.0,1.6907133133399523,0.18614718614718614,146.06493506493507,1920.7093023255813,-259.83776595744683,12043.0,11513.0,0.12043,10,8,0.8,46.2,8.885943956609225,0.19233644927725593,20,1.668084603313876,0.044322930559260246,5.603421074483102,82.4496310127145,2012-01-16 11:00:00,2021-05-17 12:00:00,BIASW,7,0,0,1100,100,3,0,2000,200,143,83,57,90,250,3000,223,-12257.0,41874.0,54131.0,0.7735678261994051,0.06278026905829596,-54.964125560538115,2991.0,-259.0,24957.0,24062.0,0.24957,5,2,0.4,44.6,15.447977213862014,0.3463672021045295,21,0.0,0.0,0.0,0.0,False,False,False
195,21850.0,66370.0,44520.0,1.4907906558849955,0.15384615384615385,112.05128205128206,2212.3333333333335,-269.8181818181818,7206.0,6030.0,0.07206,10,7,0.7,19.5,9.102197536858887,0.4667793608645583,5,1.6542804906515807,0.20553775743707095,3.032195392728282,64.30983981693363,2012-01-13 20:00:00,2021-05-14 20:00:00,BIASW,7,4,4,2000,100,-1,0,0,0,54,38,152,153,250,4500,154,-16136.0,22455.0,38591.0,0.5818714207975952,0.032467532467532464,-104.77922077922078,4491.0,-259.0,23468.0,22186.0,0.23468,5,1,0.2,30.8,11.320777358467925,0.3675577064437638,17,0.0,0.0,0.0,0.0,False,False,False
183,25003.0,143165.0,118162.0,1.2115993297337553,0.546448087431694,136.62841530054644,1431.65,-1423.6385542168675,11478.0,10313.0,0.11478,10,6,0.6,18.3,3.950949253027682,0.21589886628566568,8,1.5982597700554058,0.0796304443466784,2.178341174420631,84.00887893452786,2012-01-16 02:00:00,2021-05-17 14:30:00,BIASW,7,0,4,200,100,-1,0,100,100,14,139,152,153,2000,2000,80,15280.0,87604.0,72324.0,1.2112715004701067,0.55,191.0,1991.0,-2009.0,16592.0,14297.0,0.16592,5,4,0.8,16.0,5.366563145999495,0.33541019662496846,7,0.13030104712041884,0.9209257473481196,86.86910994764398,1.8583325960866885,True,False,False
462,71862.0,325968.0,254106.0,1.2828032395929259,0.5043290043290043,155.54545454545453,1399.0042918454935,-1109.6331877729258,15434.0,14376.0,0.15434,10,8,0.8,46.2,8.852118390532292,0.1916042941673656,20,1.5691249334223096,0.03188054882970137,4.65608397045484,99.22501461133841,2012-01-16 11:00:00,2021-05-17 16:00:00,BIASW,7,0,0,1100,100,3,0,2000,200,143,83,57,90,1250,2000,223,53993.0,205073.0,151080.0,1.3573801959226899,0.4618834080717489,242.12107623318386,1991.0,-1259.0,10960.0,9340.0,0.1096,5,5,1.0,44.6,15.447977213862014,0.3463672021045295,21,0.03687515048246995,4.926368613138687,45.266608634452616,2.8984563580393505,True,True,True
462,75832.0,244631.0,168799.0,1.4492443675614193,0.2727272727272727,164.13852813852813,1941.515873015873,-502.3779761904762,17375.0,16698.0,0.17375,10,8,0.8,46.2,8.885943956609225,0.19233644927725593,20,1.5605855274926288,0.05262949678236101,4.364431654676259,105.85570735309632,2012-01-16 11:00:00,2021-05-17 12:30:00,BIASW,7,0,0,1100,100,3,0,2000,200,143,83,57,90,500,4000,223,16993.0,115739.0,98746.0,1.1720879833107163,0.13004484304932734,76.20179372197309,3991.0,-509.0,26022.0,24166.0,0.26022,5,4,0.8,44.6,15.447977213862014,0.3463672021045295,21,0.23486141352321543,0.6530243639996925,341.4880244806685,0.5920171734478994,False,False,False
183,23783.0,133038.0,109255.0,1.2176834012173356,0.5901639344262295,129.96174863387978,1231.8333333333333,-1456.7333333333333,11074.0,9834.0,0.11074,10,5,0.5,18.3,3.950949253027682,0.21589886628566568,8,1.5477568455787067,0.06269183870832107,2.147643128047679,85.20968759197747,2012-01-16 02:00:00,2021-05-17 16:00:00,BIASW,7,0,4,200,100,-1,0,100,100,14,139,152,153,2500,1500,80,19280.0,82005.0,62725.0,1.307373455559984,0.6875,241.0,1491.0,-2509.0,10012.0,7527.0,0.10012,5,3,0.6,16.0,5.366563145999495,0.33541019662496846,7,0.07733402489626556,1.925689172992409,41.54356846473029,3.0185339797531765,True,False,False
183,19988.0,100748.0,80760.0,1.2474987617632491,0.5901639344262295,109.22404371584699,932.8518518518518,-1076.8,7829.0,7099.0,0.07829,10,6,0.6,18.3,3.925557285278104,0.21451132706437728,8,1.5470507172448782,0.04957974784870923,2.5530719121215992,71.67835701420853,2012-01-16 02:00:00,2021-05-17 10:00:00,BIASW,7,0,4,200,100,-1,0,100,100,14,139,152,153,1250,1000,80,7280.0,47568.0,40288.0,1.180698967434472,0.6,91.0,991.0,-1259.0,10087.0,9137.0,0.10087,5,4,0.8,16.0,5.366563145999495,0.33541019662496846,7,0.13612637362637361,0.7217210270645386,110.84615384615384,1.1355331804389683,True,False,False
195,23150.0,67929.0,44779.0,1.5169834074007906,0.14871794871794872,118.71794871794872,2342.3793103448274,-269.7530120481928,9310.0,6216.0,0.0931,10,7,0.7,19.5,9.102197536858887,0.4667793608645583,5,1.5419879875819908,0.323585313174946,2.486573576799141,78.42116630669547,2012-01-13 20:00:00,2021-05-14 20:00:00,BIASW,7,4,4,2000,100,-1,0,0,0,54,38,152,153,250,7500,154,-16636.0,22473.0,39109.0,0.5746247666777468,0.01948051948051948,-108.02597402597402,7491.0,-259.0,26262.0,24107.0,0.26262,5,1,0.2,30.8,11.320777358467925,0.3675577064437638,17,0.0,0.0,0.0,0.0,False,False,False
462,94837.0,384097.0,289260.0,1.327860748115882,0.5887445887445888,205.27489177489178,1412.1213235294117,-1522.421052631579,28006.0,26781.0,0.28006,10,8,0.8,46.2,8.818163074019441,0.1908693306064814,20,1.537268529672248,0.024157238208716007,3.3863100764121974,136.43168805424042,2012-01-16 11:00:00,2021-05-17 16:30:00,BIASW,7,0,0,1100,100,3,0,2000,200,143,83,57,90,2250,2000,223,31873.0,250996.0,219123.0,1.14545711769189,0.5650224215246636,142.92825112107624,1992.031746031746,-2259.0,20699.0,19412.0,0.20699,5,4,0.8,44.6,15.447977213862014,0.3463672021045295,21,0.06654535186521507,1.5398328421662881,144.82091425344333,1.2450386811383765,True,False,False
195,20070.0,64590.0,44520.0,1.4508086253369272,0.15384615384615385,102.92307692307692,2153.0,-269.8181818181818,7206.0,6030.0,0.07206,10,7,0.7,19.5,9.102197536858887,0.4667793608645583,5,1.5195153065161198,0.19885401096163427,2.785179017485429,70.01345291479821,2012-01-13 20:00:00,2021-05-14 20:00:00,BIASW,7,4,4,2000,100,-1,0,0,0,54,38,152,153,250,4000,154,-14386.0,23946.0,38332.0,0.6246999895648544,0.03896103896103896,-93.41558441558442,3991.0,-259.0,21856.0,19319.0,0.21856,5,1,0.2,30.8,11.320777358467925,0.3675577064437638,17,0.0,0.0,0.0,0.0,False,False,False
462,75132.0,240368.0,165236.0,1.45469510276211,0.2878787878787879,162.62337662337663,1807.2781954887218,-502.2370820668693,18273.0,17698.0,0.18273,10,8,0.8,46.2,8.885943956609225,0.19233644927725593,20,1.5077088849594298,0.03980993451525316,4.111640124774257,112.36391950167705,2012-01-16 11:00:00,2021-05-17 12:30:00,BIASW,7,0,0,1100,100,3,0,2000,200,143,83,57,90,500,3000,223,-1507.0,95712.0,97219.0,0.9844989148211769,0.14349775784753363,-6.757847533632287,2991.0,-509.0,26030.0,25062.0,0.2603,5,4,0.8,44.6,15.447977213862014,0.3463672021045295,21,0.0,0.0,0.0,0.0,False,False,False
461,94786.0,360634.0,265848.0,1.3565420841984894,0.648590021691974,205.60954446854663,1206.1337792642141,-1641.037037037037,29545.0,26400.0,0.29545,10,7,0.7,46.1,8.848163651289457,0.19193413560280817,20,1.4991349207887947,0.015730171122317643,3.208190895244542,143.69469119912225,2012-01-16 11:00:00,2021-05-17 19:30:00,BIASW,7,0,0,1100,100,3,0,2000,200,143,83,57,90,3000,1500,223,48993.0,238560.0,189567.0,1.2584468815774899,0.7174887892376681,219.69955156950672,1491.0,-3009.0,20631.0,19761.0,0.20631,5,3,0.6,44.6,15.447977213862014,0.3463672021045295,21,0.030432918988426916,2.374727352043042,93.90551711468986,1.916939815519415,True,True,True
184,14309.0,54037.0,39728.0,1.3601741844542892,0.22826086956521738,77.7663043478261,1286.595238095238,-279.77464788732397,4546.0,4245.0,0.04546,10,9,0.9,18.4,3.97994974842648,0.21630161676230872,8,1.4454936625929602,0.1042001537493885,3.147602287725473,58.457194772520786,2012-01-16 02:00:00,2021-05-17 02:00:00,BIASW,7,0,4,200,100,-1,0,100,100,14,139,152,153,250,1500,80,280.0,17892.0,17612.0,1.0158982511923689,0.15,3.5,1491.0,-259.0,7342.0,6797.0,0.07342,5,3,0.6,16.0,5.366563145999495,0.33541019662496846,7,5.325,0.038136747480250616,2097.714285714286,0.05119178830888979,False,False,False
462,73232.0,341384.0,268152.0,1.2730988394641845,0.5281385281385281,158.51082251082252,1399.1147540983607,-1230.0550458715597,19200.0,18045.0,0.192,10,7,0.7,46.2,8.863407922464136,0.19184865633039253,20,1.4336652284296545,0.03128413808171291,3.8141666666666665,121.12737601048721,2012-01-16 11:00:00,2021-05-17 16:00:00,BIASW,7,0,0,1100,100,3,0,2000,200,143,83,57,90,1500,2000,223,55493.0,222992.0,167499.0,1.3313034704684803,0.5022421524663677,248.847533632287,1991.0,-1509.0,13210.0,11590.0,0.1321,5,5,1.0,44.6,15.447977213862014,0.3463672021045295,21,0.03587839907736111,4.200832702498108,53.08471338727407,2.713447223089047,True,True,True
183,17873.0,105547.0,87674.0,1.20385747199854,0.47540983606557374,97.66666666666667,1213.183908045977,-913.2708333333334,7758.0,7243.0,0.07758,10,5,0.5,18.3,3.925557285278104,0.21451132706437728,8,1.3896675772596918,0.08342192133385554,2.3038154163444187,79.4334470989761,2012-01-16 02:00:00,2021-05-17 02:30:00,BIASW,7,0,4,200,100,-1,0,100,100,14,139,152,153,1000,1500,80,16780.0,58149.0,41369.0,1.4056177330851605,0.4875,209.75,1491.0,-1009.0,6917.0,5707.0,0.06917,5,5,1.0,16.0,5.366563145999495,0.33541019662496846,7,0.08885578069129917,2.425907185195894,32.97735399284863,3.160694557702615,True,True,True
462,79237.0,356641.0,277404.0,1.2856375538925178,0.5541125541125541,171.50865800865802,1393.12890625,-1346.621359223301,24150.0,22995.0,0.2415,10,8,0.8,46.2,8.829496021857647,0.19111463250774127,20,1.3831425064968732,0.028913260219341975,3.2810351966873705,140.80921791587264,2012-01-16 11:00:00,2021-05-17 16:00:00,BIASW,7,0,0,1100,100,3,0,2000,200,143,83,57,90,1750,2000,223,57873.0,239050.0,181177.0,1.3194279627104986,0.5381165919282511,259.52017937219733,1992.0833333333333,-1759.0,15532.0,14207.0,0.15532,5,4,0.8,44.6,15.447977213862014,0.3463672021045295,21,0.03664921465968586,3.726049446304404,59.84891054550481,2.6097378764480985,True,True,True
195,20525.0,65304.0,44779.0,1.458362178699837,0.14871794871794872,105.25641025641026,2251.862068965517,-269.7530120481928,9310.0,6216.0,0.0931,10,7,0.7,19.5,9.102197536858887,0.4667793608645583,5,1.367140537586193,0.29188794153471376,2.2046186895810957,88.45066991473811,2012-01-13 20:00:00,2021-05-14 20:00:00,BIASW,7,4,4,2000,100,-1,0,0,0,54,38,152,153,250,6000,154,-21136.0,17973.0,39109.0,0.4595617377074331,0.01948051948051948,-137.24675324675326,5991.0,-259.0,27762.0,25607.0,0.27762,5,1,0.2,30.8,11.320777358467925,0.3675577064437638,17,0.0,0.0,0.0,0.0,False,False,False
184,13394.0,54417.0,41023.0,1.326499768422592,0.20108695652173914,72.79347826086956,1470.7297297297298,-279.06802721088434,4605.0,4245.0,0.04605,10,9,0.9,18.4,3.97994974842648,0.21630161676230872,8,1.34436470295751,0.14864864864864866,2.9085776330076003,63.26116171420039,2012-01-16 02:00:00,2021-05-17 02:00:00,BIASW,7,0,4,200,100,-1,0,100,100,14,139,152,153,250,2000,80,-470.0,17919.0,18389.0,0.9744412420468759,0.1125,-5.875,1991.0,-259.0,8985.0,8547.0,0.08985,5,3,0.6,16.0,5.366563145999495,0.33541019662496846,7,0.0,0.0,0.0,0.0,False,False,False
195,27445.0,85922.0,58477.0,1.4693298219812918,0.882051282051282,140.74358974358975,499.54651162790697,-2542.478260869565,18123.0,13498.0,0.18123,10,8,0.8,19.5,8.913472948295743,0.45710117683567913,6,1.3102465520266906,0.0342867553288395,1.514373999889643,128.76607760976498,2012-01-13 20:00:00,2021-05-14 21:00:00,BIASW,7,4,4,2000,100,-1,0,0,0,54,38,152,153,5000,500,154,-7801.0,68249.0,76050.0,0.897422748191979,0.9025974025974026,-50.65584415584416,491.0,-5070.0,19608.0,18698.0,0.19608,5,1,0.2,30.8,11.285388783732708,0.3664087267445684,17,0.0,0.0,0.0,0.0,False,False,False
462,68517.0,301605.0,233088.0,1.2939533566721582,0.45454545454545453,148.30519480519482,1436.2142857142858,-924.952380952381,20184.0,18324.0,0.20184,10,7,0.7,46.2,8.874683092933516,0.1920927076392536,20,1.3082543633761283,0.03343695725148503,3.3946195005945303,136.09772757125967,2012-01-16 11:00:00,2021-05-17 14:30:00,BIASW,7,0,0,1100,100,3,0,2000,200,143,83,57,90,1000,2000,223,56993.0,187154.0,130161.0,1.4378654128348738,0.42152466367713004,255.57399103139014,1991.0,-1009.0,11710.0,10090.0,0.1171,5,5,1.0,44.6,15.447977213862014,0.3463672021045295,21,0.0349341147158423,4.867036720751495,45.81843384275262,2.959904196139574,True,True,True
462,76607.0,301099.0,224492.0,1.3412460132209612,0.7229437229437229,165.8160173160173,901.4940119760479,-1753.84375,25770.0,22625.0,0.2577,10,8,0.8,46.2,8.908422980528035,0.19282300823653756,20,1.2945198595848162,0.016199564008510973,2.972720217306946,155.4132128917723,2012-01-16 11:00:00,2021-05-18 09:00:00,BIASW,7,0,0,1100,100,3,0,2000,200,143,83,57,90,5000,1000,223,29263.0,189551.0,160288.0,1.18256513276103,0.8565022421524664,131.22421524663676,992.4136125654451,-5009.0,24398.0,22955.0,0.24398,5,4,0.8,44.6,15.447977213862014,0.3463672021045295,21,0.04309195912927588,1.1994015902942865,185.92604996070125,1.0528737976614304,True,False,False
462,74012.0,335190.0,261178.0,1.2833776198607847,0.6060606060606061,160.1991341991342,1197.107142857143,-1435.043956043956,24449.0,23198.0,0.24449,10,8,0.8,46.2,8.852118390532292,0.1916042941673656,20,1.2840119372210537,0.020145381829973517,3.027199476461205,152.61630546397882,2012-01-16 11:00:00,2021-05-17 16:30:00,BIASW,7,0,0,1100,100,3,0,2000,200,143,83,57,90,2000,1500,223,31493.0,204267.0,172774.0,1.182278583583178,0.6143497757847534,141.22421524663676,1491.0,-2009.0,17131.0,16261.0,0.17131,5,4,0.8,44.6,15.447977213862014,0.3463672021045295,21,0.04734385418981996,1.838363201214173,121.30355952116344,1.3522508389944485,True,False,False
195,21320.0,96083.0,74763.0,1.285167796904886,0.2717948717948718,109.33333333333333,1812.8867924528302,-526.5,11454.0,10839.0,0.11454,10,7,0.7,19.5,8.913472948295743,0.45710117683567913,6,1.2803050148303383,0.11683864915572233,1.861358477387812,104.76219512195122,2012-01-13 20:00:00,2021-05-17 05:30:00,BIASW,7,4,4,2000,100,-1,0,0,0,54,38,152,153,500,2500,154,11994.0,75619.0,63625.0,1.1885108055009823,0.18831168831168832,77.88311688311688,2607.551724137931,-509.0,19048.0,17738.0,0.19048,5,3,0.6,30.8,11.320777358467925,0.3675577064437638,17,0.48949474737368687,0.629672406551869,244.57161914290478,0.7072257736887554,True,False,False
195,31265.0,163041.0,131776.0,1.2372586813987372,0.441025641025641,160.33333333333334,1895.8255813953488,-1208.954128440367,25447.0,24397.0,0.25447,10,5,0.5,19.5,8.879752248796134,0.45537191019467355,6,1.2596357377714946,0.07967375659683353,1.2286320587888553,158.7130977130977,2012-01-13 20:00:00,2021-05-17 14:30:00,BIASW,7,4,4,2000,100,-1,0,0,0,54,38,152,153,1250,2500,154,7674.0,137894.0,130220.0,1.0589310397788358,0.35064935064935066,49.83116883116883,2553.5925925925926,-1302.2,18809.0,17392.0,0.18809,5,2,0.4,30.8,11.320777358467925,0.3675577064437638,17,0.7650508209538702,0.4079961720452975,377.45452176179305,0.4553629246864395,False,False,False
462,53427.0,150867.0,97440.0,1.5483066502463054,0.18831168831168832,115.64285714285714,1734.103448275862,-259.84,13680.0,12946.0,0.1368,10,8,0.8,46.2,8.885943956609225,0.19233644927725593,20,1.239125262997553,0.046624365957287514,3.905482456140351,118.29524397776406,2012-01-16 11:00:00,2021-05-17 12:00:00,BIASW,7,0,0,1100,100,3,0,2000,200,143,83,57,90,250,2500,223,-11007.0,42347.0,53354.0,0.7936986917569442,0.07623318385650224,-49.35874439461883,2491.0,-259.0,23207.0,22312.0,0.23207,5,2,0.4,44.6,15.447977213862014,0.3463672021045295,21,0.0,0.0,0.0,0.0,False,False,False
183,16798.0,71137.0,54339.0,1.3091334032646902,0.8032786885245902,91.79234972677595,483.9251700680272,-1509.4166666666667,8722.0,8072.0,0.08722,10,7,0.7,18.3,3.925557285278104,0.21451132706437728,8,1.231793457328128,0.029229670198833196,1.9259344187113048,95.01881176330515,2012-01-16 02:00:00,2021-05-17 16:00:00,BIASW,7,0,4,200,100,-1,0,100,100,14,139,152,153,2500,500,80,6280.0,33879.0,27599.0,1.2275444762491394,0.8625,78.5,491.0,-2509.0,8074.0,7144.0,0.08074,5,4,0.8,16.0,5.366563145999495,0.33541019662496846,7,0.07818471337579617,0.7778053009660639,102.85350318471338,1.094875483630668,True,False,False
183,15473.0,103721.0,88248.0,1.175335418366422,0.6065573770491803,84.55191256830601,934.4234234234234,-1225.6666666666667,7519.0,6734.0,0.07519,10,6,0.6,18.3,3.950949253027682,0.21589886628566568,8,1.2220327370256676,0.06404704969947651,2.057853437957175,88.92761584695923,2012-01-16 02:00:00,2021-05-17 12:30:00,BIASW,7,0,4,200,100,-1,0,100,100,14,139,152,153,1500,1000,80,11780.0,52523.0,40743.0,1.2891294210048352,0.6625,147.25,991.0,-1509.0,9268.0,8153.0,0.09268,5,4,0.8,16.0,5.366563145999495,0.33541019662496846,7,0.08412563667232598,1.2710401381096246,62.940577249575554,1.9169100657353264,True,False,False
183,17088.0,82494.0,65406.0,1.2612604348224934,0.3224043715846995,93.37704918032787,1398.2033898305085,-527.4677419354839,9172.0,8491.0,0.09172,10,7,0.7,18.3,3.925557285278104,0.21451132706437728,8,1.2219334948527307,0.11651451310861423,1.863061491495857,98.2254213483146,2012-01-16 02:00:00,2021-05-17 02:30:00,BIASW,7,0,4,200,100,-1,0,100,100,14,139,152,153,500,2000,80,6780.0,37829.0,31049.0,1.2183645205964766,0.2375,84.75,1991.0,-509.0,7770.0,7680.0,0.0777,5,3,0.6,16.0,5.366563145999495,0.33541019662496846,7,0.29365781710914457,0.8725868725868726,91.68141592920354,1.2049489413498131,True,False,False
462,59852.0,260754.0,200902.0,1.2979163970493077,0.39826839826839827,129.54978354978354,1417.141304347826,-722.6690647482014,17686.0,15859.0,0.17686,10,7,0.7,46.2,8.874683092933516,0.1920927076392536,20,1.2208472473966494,0.0382777517877431,3.384145651928079,136.51894673528037,2012-01-16 11:00:00,2021-05-17 13:30:00,BIASW,7,0,0,1100,100,3,0,2000,200,143,83,57,90,750,2000,223,31493.0,145343.0,113850.0,1.2766183574879226,0.3273542600896861,141.22421524663676,1991.0,-759.0,13156.0,11770.0,0.13156,5,4,0.8,44.6,15.447977213862014,0.3463672021045295,21,0.06322039818372337,2.3938127090301005,93.15682850157178,1.5430737549133442,True,True,True
183,17008.0,106945.0,89937.0,1.1891101548861982,0.6284153005464481,92.93989071038251,929.9565217391304,-1322.6029411764705,9269.0,8349.0,0.09269,10,6,0.6,18.3,3.950949253027682,0.21589886628566568,8,1.209832267312281,0.05826669802445908,1.83493364980041,99.73112652869239,2012-01-16 02:00:00,2021-05-17 14:00:00,BIASW,7,0,4,200,100,-1,0,100,100,14,139,152,153,1750,1000,80,13280.0,55496.0,42216.0,1.314572673867728,0.7,166.0,991.0,-1759.0,9869.0,7804.0,0.09869,5,4,0.8,16.0,5.366563145999495,0.33541019662496846,7,0.07462349397590362,1.3456277231735738,59.45180722891566,2.094165306808268,True,False,False
183,15483.0,71137.0,55654.0,1.278201027778776,0.8032786885245902,84.60655737704919,483.9251700680272,-1545.9444444444443,7722.0,7072.0,0.07722,10,7,0.7,18.3,3.925557285278104,0.21451132706437728,8,1.2066423737369192,0.03171220047794355,2.005050505050505,91.26952141057934,2012-01-16 02:00:00,2021-05-17 16:00:00,BIASW,7,0,4,200,100,-1,0,100,100,14,139,152,153,2250,500,80,3530.0,32897.0,29367.0,1.120202948888208,0.8375,44.125,491.0,-2259.0,9939.0,8644.0,0.09939,5,4,0.8,16.0,5.366563145999495,0.33541019662496846,7,0.13909348441926345,0.3551665157460509,225.24645892351276,0.554693172146407,True,False,False
463,67658.0,290743.0,223085.0,1.303283501804245,0.6976241900647948,146.12958963282938,900.1331269349845,-1593.4642857142858,23485.0,20640.0,0.23485,10,7,0.7,46.3,8.911228871485683,0.1924671462523906,20,1.1950396899268998,0.0183422507316208,2.8809027038535233,160.71351503148185,2012-01-16 11:00:00,2021-05-17 19:30:00,BIASW,7,0,0,1100,100,3,0,2000,200,143,83,57,90,3000,1000,223,28993.0,173425.0,144432.0,1.2007380635870166,0.7847533632286996,130.0134529147982,991.0,-3009.0,20829.0,19693.0,0.20829,5,3,0.6,44.6,15.447977213862014,0.3463672021045295,21,0.034180664298278894,1.3919535263334775,160.20649812023592,1.1289989278170085,True,False,False
195,28715.0,146477.0,117762.0,1.2438392690341535,0.39487179487179486,147.25641025641025,1902.2987012987012,-997.9830508474577,23930.0,22222.0,0.2393,10,5,0.5,19.5,8.879752248796134,0.45537191019467355,6,1.19300511834965,0.08674908584363573,1.1999582114500627,162.5056590632074,2012-01-13 20:00:00,2021-05-17 14:00:00,BIASW,7,4,4,2000,100,-1,0,0,0,54,38,152,153,1000,2500,154,7184.0,120457.0,113273.0,1.0634219981813848,0.3051948051948052,46.64935064935065,2562.9148936170213,-1058.6261682242991,20501.0,19473.0,0.20501,5,3,0.6,30.8,11.320777358467925,0.3675577064437638,17,0.8172327394209354,0.35042193063752985,439.4702115812917,0.4083170612348666,False,False,False
183,18318.0,72610.0,54292.0,1.3373977749944743,0.819672131147541,100.09836065573771,484.06666666666666,-1645.2121212121212,11075.0,10375.0,0.11075,10,7,0.7,18.3,3.925557285278104,0.21451132706437728,8,1.1920501987553398,0.02680423627033519,1.6539954853273138,110.64117261709794,2012-01-16 02:00:00,2021-05-17 20:00:00,BIASW,7,0,4,200,100,-1,0,100,100,14,139,152,153,4000,500,80,3280.0,35352.0,32072.0,1.102269892741332,0.9,41.0,491.0,-4009.0,14570.0,10635.0,0.1457,5,3,0.6,16.0,5.366563145999495,0.33541019662496846,7,0.1496951219512195,0.22512010981468772,355.3658536585366,0.42569007806991677,False,False,False
183,19668.0,131102.0,111434.0,1.1764990936339,0.5027322404371585,107.47540983606558,1425.0217391304348,-1224.5494505494505,12858.0,12298.0,0.12858,10,7,0.7,18.3,3.950949253027682,0.21589886628566568,8,1.1878506677364828,0.10123042505592841,1.5296313579094727,119.63666870042708,2012-01-16 02:00:00,2021-05-17 12:30:00,BIASW,7,0,4,200,100,-1,0,100,100,14,139,152,153,1500,2000,80,22780.0,81631.0,58851.0,1.3870792339977231,0.5125,284.75,1991.0,-1509.0,9092.0,7545.0,0.09092,5,5,1.0,16.0,5.366563145999495,0.33541019662496846,7,0.08740122914837577,2.5054993400791905,31.929762949956103,3.742600456301151,True,True,True
195,20215.0,92942.0,72727.0,1.2779572923398463,0.2923076923076923,103.66666666666667,1630.561403508772,-527.0072463768116,12071.0,11841.0,0.12071,10,7,0.7,19.5,8.913472948295743,0.45710117683567913,6,1.1825158112162122,0.12000989364333416,1.6746748405268825,116.44051446945338,2012-01-13 20:00:00,2021-05-17 05:30:00,BIASW,7,4,4,2000,100,-1,0,0,0,54,38,152,153,500,2000,154,7994.0,69583.0,61589.0,1.129795905112926,0.21428571428571427,51.90909090909091,2108.5757575757575,-509.0,18048.0,16738.0,0.18048,5,3,0.6,30.8,11.320777358467925,0.3675577064437638,17,0.7344258193645234,0.44292996453900707,347.6847635726795,0.4842485499374076,True,False,False
462,53507.0,294126.0,240619.0,1.2223722981144465,0.5324675324675324,115.81601731601732,1195.6341463414635,-1113.976851851852,15571.0,14876.0,0.15571,10,6,0.6,46.2,8.852118390532292,0.1916042941673656,20,1.1631877530671832,0.027865512923542713,3.436323935521161,134.4459977199245,2012-01-16 11:00:00,2021-05-17 16:00:00,BIASW,7,0,0,1100,100,3,0,2000,200,143,83,57,90,1250,1500,223,40993.0,174447.0,133454.0,1.3071695115920092,0.5246636771300448,183.8251121076233,1491.0,-1259.0,8813.0,7885.0,0.08813,5,5,1.0,44.6,15.447977213862014,0.3463672021045295,21,0.03637206352304052,4.651424032678997,47.94230722318445,2.4540443177886493,True,True,True
183,17448.0,71628.0,54180.0,1.3220376522702104,0.8087431693989071,95.34426229508196,483.97297297297297,-1548.0,10722.0,10072.0,0.10722,10,7,0.7,18.3,3.925557285278104,0.21451132706437728,8,1.1539742244304962,0.028140761118752865,1.6273083379966424,112.45563961485558,2012-01-16 02:00:00,2021-05-17 16:30:00,BIASW,7,0,4,200,100,-1,0,100,100,14,139,152,153,3000,500,80,4280.0,34370.0,30090.0,1.1422399468261881,0.875,53.5,491.0,-3009.0,10574.0,9644.0,0.10574,5,3,0.6,16.0,5.366563145999495,0.33541019662496846,7,0.1147196261682243,0.4047664081709854,197.6448598130841,0.6520390049157847,True,False,False
195,24585.0,122526.0,97941.0,1.25101847030355,0.3384615384615385,126.07692307692308,1856.4545454545455,-759.2325581395348,18949.0,17817.0,0.18949,10,7,0.7,19.5,8.879752248796134,0.45537191019467355,6,1.147841441374667,0.10132194427496441,1.2974299435326402,150.29713239780352,2012-01-13 20:00:00,2021-05-17 12:30:00,BIASW,7,4,4,2000,100,-1,0,0,0,54,38,152,153,750,2500,154,15584.0,103020.0,87436.0,1.1782332220138159,0.2597402597402597,101.1948051948052,2575.5,-766.9824561403509,13777.0,12612.0,0.13777,5,3,0.6,30.8,11.320777358467925,0.3675577064437638,17,0.37673254620123203,1.1311606300355665,136.1433521560575,1.080488966663431,True,False,False
183,13253.0,83094.0,69841.0,1.1897595967984422,0.48633879781420764,72.4207650273224,933.6404494382023,-742.9893617021277,6962.0,6493.0,0.06962,10,6,0.6,18.3,3.925557285278104,0.21451132706437728,8,1.0877661644944032,0.0747755225232023,1.9036196495259983,96.13264921149928,2012-01-16 02:00:00,2021-05-17 02:30:00,BIASW,7,0,4,200,100,-1,0,100,100,14,139,152,153,750,1000,80,2280.0,35676.0,33396.0,1.0682716492993174,0.45,28.5,991.0,-759.0,7551.0,6831.0,0.07551,5,2,0.4,16.0,5.366563145999495,0.33541019662496846,7,0.43464912280701756,0.30194676201827575,264.94736842105266,0.4110380928342418,False,False,False
462,54762.0,219489.0,164727.0,1.3324409477499135,0.29004329004329005,118.53246753246754,1637.9776119402984,-502.2164634146341,18773.0,18198.0,0.18773,10,8,0.8,46.2,8.885943956609225,0.19233644927725593,20,1.0842013214218984,0.045487746977831346,2.917061737601875,158.37854716774405,2012-01-16 11:00:00,2021-05-17 12:30:00,BIASW,7,0,0,1100,100,3,0,2000,200,143,83,57,90,500,2500,223,6493.0,99640.0,93147.0,1.0697070222336738,0.17937219730941703,29.116591928251122,2491.0,-509.0,20559.0,19612.0,0.20559,5,4,0.8,44.6,15.447977213862014,0.3463672021045295,21,0.3836439242260896,0.3158227540250012,706.0922531957492,0.2544948472044907,False,False,False
462,64032.0,322835.0,258803.0,1.2474159882227023,0.5844155844155844,138.5974025974026,1195.6851851851852,-1347.9322916666667,26336.0,25096.0,0.26336,10,8,0.8,46.2,8.852118390532292,0.1916042941673656,20,1.0703347646540473,0.023285232383808096,2.4313487241798297,190.01799100449773,2012-01-16 11:00:00,2021-05-17 16:00:00,BIASW,7,0,0,1100,100,3,0,2000,200,143,83,57,90,1750,1500,223,39993.0,198303.0,158310.0,1.252624597309077,0.5964125560538116,179.34080717488789,1491.0,-1759.0,14690.0,13385.0,0.1469,5,4,0.8,44.6,15.447977213862014,0.3463672021045295,21,0.037281524266746684,2.7224642614023145,81.91108443977697,1.8544181496129175,True,True,True
195,24160.0,136877.0,112717.0,1.2143421134345307,0.4205128205128205,123.8974358974359,1669.2317073170732,-997.4955752212389,21957.0,20907.0,0.21957,10,6,0.6,19.5,8.879752248796134,0.45537191019467355,6,1.0478889593763676,0.1004139072847682,1.1003324680056474,177.21916390728478,2012-01-13 20:00:00,2021-05-17 14:00:00,BIASW,7,4,4,2000,100,-1,0,0,0,54,38,152,153,1000,2000,154,3389.0,109738.0,106349.0,1.0318667782489728,0.34415584415584416,22.006493506493506,2070.5283018867926,-1052.960396039604,14357.0,13603.0,0.14357,5,3,0.6,30.8,11.320777358467925,0.3675577064437638,17,1.732369430510475,0.23605210002089572,652.3983475951609,0.23017515527131263,False,False,False
183,15433.0,97851.0,82418.0,1.1872527845858913,0.3879781420765027,84.33333333333333,1378.1830985915492,-735.875,10182.0,9783.0,0.10182,10,7,0.7,18.3,3.925557285278104,0.21451132706437728,8,1.0474231468597903,0.12900926585887385,1.5157140051070517,120.73517786561266,2012-01-16 02:00:00,2021-05-17 02:30:00,BIASW,7,0,4,200,100,-1,0,100,100,14,139,152,153,750,2000,80,19030.0,57739.0,38709.0,1.4916169366297243,0.3625,237.875,1991.0,-759.0,7755.0,7590.0,0.07755,5,5,1.0,16.0,5.366563145999495,0.33541019662496846,7,0.1046242774566474,2.4539007092198584,32.60115606936416,3.3853014496627294,True,True,True
183,18828.0,135201.0,116373.0,1.1617901059524116,0.5245901639344263,102.88524590163935,1408.34375,-1337.6206896551723,15523.0,14383.0,0.15523,10,7,0.7,18.3,3.950949253027682,0.21589886628566568,8,1.0349150870019765,0.10574676014446568,1.2129098756683632,150.8768323773104,2012-01-16 02:00:00,2021-05-17 14:00:00,BIASW,7,0,4,200,100,-1,0,100,100,14,139,152,153,1750,2000,80,20530.0,85613.0,65083.0,1.3154433569442097,0.5375,256.625,1991.0,-1759.0,12842.0,10457.0,0.12842,5,4,0.8,16.0,5.366563145999495,0.33541019662496846,7,0.09698002922552362,1.5986606447593832,50.04188991719435,2.8380632925489784,True,False,False
462,55782.0,307833.0,252051.0,1.2213123534522776,0.5584415584415584,120.74025974025975,1193.1511627906978,-1235.5441176470588,21836.0,20596.0,0.21836,10,7,0.7,46.2,8.874683092933516,0.1920927076392536,20,1.0240119150009297,0.026729052382488974,2.5545887525187765,180.85102721307948,2012-01-16 11:00:00,2021-05-17 16:00:00,BIASW,7,0,0,1100,100,3,0,2000,200,143,83,57,90,1500,1500,223,32493.0,183393.0,150900.0,1.215328031809145,0.5515695067264574,145.7085201793722,1491.0,-1509.0,11813.0,10653.0,0.11813,5,5,1.0,44.6,15.447977213862014,0.3463672021045295,21,0.04588680638906841,2.7506137306357403,81.07281568337797,1.680135439155881,True,True,True
195,13320.0,57840.0,44520.0,1.2991913746630728,0.15384615384615385,68.3076923076923,1928.0,-269.8181818181818,7280.0,6924.0,0.0728,10,7,0.7,19.5,9.102197536858887,0.4667793608645583,5,1.0033290129732078,0.22454954954954956,1.8296703296703296,106.57657657657658,2012-01-13 20:00:00,2021-05-14 20:00:00,BIASW,7,4,4,2000,100,-1,0,0,0,54,38,152,153,250,3000,154,-13836.0,23978.0,37814.0,0.6341037710900724,0.05194805194805195,-89.84415584415585,2997.25,-259.0,16744.0,16292.0,0.16744,5,1,0.2,30.8,11.320777358467925,0.3675577064437638,17,0.0,0.0,0.0,0.0,False,False,False
462,44392.0,237616.0,193224.0,1.2297437171365875,0.42424242424242425,96.08658008658008,1212.3265306122448,-726.406015037594,14678.0,13555.0,0.14678,10,6,0.6,46.2,8.874683092933516,0.1920927076392536,20,0.9939596204035924,0.033587132816723736,3.024390243902439,152.75806451612902,2012-01-16 11:00:00,2021-05-17 13:30:00,BIASW,7,0,0,1100,100,3,0,2000,200,143,83,57,90,750,1500,223,21993.0,126735.0,104742.0,1.2099730767027554,0.3811659192825112,98.62331838565022,1491.0,-759.0,10325.0,8430.0,0.10325,5,5,1.0,44.6,15.447977213862014,0.3463672021045295,21,0.06779429818578639,2.1300726392251814,104.6912654026281,1.2163933242171556,True,True,True
462,50552.0,272453.0,221901.0,1.2278133041311214,0.48268398268398266,109.41991341991341,1221.762331838565,-928.4560669456067,19094.0,17296.0,0.19094,10,6,0.6,46.2,8.874683092933516,0.1920927076392536,20,0.9924013689159368,0.02949438202247191,2.647533256520373,174.5020572875455,2012-01-16 11:00:00,2021-05-17 14:30:00,BIASW,7,0,0,1100,100,3,0,2000,200,143,83,57,90,1000,1500,223,37493.0,156555.0,119062.0,1.3149031596983085,0.47085201793721976,168.13004484304932,1491.0,-1009.0,8712.0,8162.0,0.08712,5,5,1.0,44.6,15.447977213862014,0.3463672021045295,21,0.039767423252340436,4.30360422405877,51.817032512735715,2.257490037523887,True,True,True
195,23940.0,150680.0,126740.0,1.1888906422597443,0.46153846153846156,122.76923076923077,1674.2222222222222,-1207.047619047619,24882.0,23832.0,0.24882,10,5,0.5,19.5,8.879752248796134,0.45537191019467355,6,0.9754080574796303,0.10133667502088554,0.9621413069688932,202.67293233082705,2012-01-13 20:00:00,2021-05-17 14:30:00,BIASW,7,4,4,2000,100,-1,0,0,0,54,38,152,153,1250,2000,154,1629.0,123675.0,122046.0,1.0133474263802174,0.38961038961038963,10.577922077922079,2061.25,-1298.3617021276596,17864.0,15752.0,0.17864,5,2,0.4,30.8,11.320777358467925,0.3675577064437638,17,3.604051565377532,0.09118898343036275,1688.8004910988336,0.09918601807694698,False,False,False
195,20530.0,115435.0,94905.0,1.2163215847426374,0.358974358974359,105.28205128205128,1649.0714285714287,-759.24,18384.0,17126.0,0.18384,10,7,0.7,19.5,8.879752248796134,0.45537191019467355,6,0.9731365383533415,0.1181685338528982,1.1167319408181027,174.61665854846567,2012-01-13 20:00:00,2021-05-17 12:30:00,BIASW,7,4,4,2000,100,-1,0,0,0,54,38,152,153,750,2000,154,10169.0,93810.0,83641.0,1.1215791298525843,0.2922077922077922,66.03246753246754,2084.6666666666665,-767.348623853211,13942.0,12777.0,0.13942,5,3,0.6,30.8,11.320777358467925,0.3675577064437638,17,0.5773429049070705,0.7293788552574954,211.13855836365423,0.7008650995335091,True,False,False
463,35853.0,207398.0,171545.0,1.2090005537905506,0.4924406047516199,77.43628509719223,909.640350877193,-729.9787234042553,10183.0,9490.0,0.10183,10,8,0.8,46.3,8.944830909525345,0.19319289221437033,20,0.9617143253667707,0.034613560929350404,3.5208681135225377,131.50165955429114,2012-01-16 11:00:00,2021-05-17 13:30:00,BIASW,7,0,0,1100,100,3,0,2000,200,143,83,57,90,750,1000,223,9243.0,101082.0,91839.0,1.1006435174599027,0.45739910313901344,41.44843049327354,991.0,-759.0,7043.0,6135.0,0.07043,5,4,0.8,44.6,15.447977213862014,0.3463672021045295,21,0.1072162717732338,1.3123668891097544,169.92199502326085,0.6189687065471076,True,False,False
183,15263.0,112823.0,97560.0,1.1564473144731446,0.5081967213114754,83.40437158469945,1213.1505376344087,-1084.0,11921.0,11198.0,0.11921,10,5,0.5,18.3,3.925557285278104,0.21451132706437728,8,0.9573525920468138,0.09768721745397366,1.2803456085898834,142.93015789818517,2012-01-16 02:00:00,2021-05-17 10:00:00,BIASW,7,0,4,200,100,-1,0,100,100,14,139,152,153,1250,1500,80,12030.0,61131.0,49101.0,1.245005193376917,0.5125,150.375,1491.0,-1259.0,10582.0,9707.0,0.10582,5,4,0.8,16.0,5.366563145999495,0.33541019662496846,7,0.12394014962593516,1.1368361368361368,70.37073981712386,1.8320242108684683,True,False,False
183,12633.0,76003.0,63370.0,1.1993530061543316,0.3442622950819672,69.0327868852459,1206.3968253968253,-528.0833333333334,8252.0,7552.0,0.08252,10,6,0.6,18.3,3.925557285278104,0.21451132706437728,8,0.9523909145319542,0.11802422227499407,1.5309015996122153,119.53740204227024,2012-01-16 02:00:00,2021-05-17 02:30:00,BIASW,7,0,4,200,100,-1,0,100,100,14,139,152,153,500,1500,80,1280.0,31311.0,30031.0,1.0426226232892677,0.2625,16.0,1491.0,-509.0,8270.0,8180.0,0.0827,5,3,0.6,16.0,5.366563145999495,0.33541019662496846,7,1.16484375,0.154776299879081,516.875,0.22049902571573965,False,False,False
195,13905.0,83578.0,69673.0,1.1995751582392031,0.3230769230769231,71.3076923076923,1326.6349206349207,-527.8257575757576,9184.0,8267.0,0.09184,10,6,0.6,19.5,8.913472948295743,0.45710117683567913,6,0.9325237281655259,0.10722761596548004,1.5140461672473868,128.79395900755125,2012-01-13 20:00:00,2021-05-17 00:30:00,BIASW,7,4,4,2000,100,-1,0,0,0,54,38,152,153,500,1500,154,-386.0,58149.0,58535.0,0.9934056547364825,0.2532467532467532,-2.5064935064935066,1491.0,-509.0,19048.0,17738.0,0.19048,5,2,0.4,30.8,11.320777358467925,0.3675577064437638,17,0.0,0.0,0.0,0.0,False,False,False
183,13123.0,125993.0,112870.0,1.1162665012846638,0.5628415300546448,71.7103825136612,1223.2330097087379,-1410.875,9301.0,8879.0,0.09301,10,5,0.5,18.3,3.950949253027682,0.21589886628566568,8,0.9318728609189277,0.11361731311437934,1.4109235566068166,129.70227844242933,2012-01-16 02:00:00,2021-05-17 14:30:00,BIASW,7,0,4,200,100,-1,0,100,100,14,139,152,153,2000,1500,80,14280.0,74550.0,60270.0,1.2369337979094077,0.625,178.5,1491.0,-2009.0,16009.0,14189.0,0.16009,5,3,0.6,16.0,5.366563145999495,0.33541019662496846,7,0.10441176470588236,0.8919982509838216,89.68627450980392,1.7680541628140245,True,False,False
195,23915.0,166904.0,142989.0,1.16725062767066,0.6358974358974359,122.64102564102564,1346.0,-2013.9295774647887,27877.0,27342.0,0.27877,10,7,0.7,19.5,8.913472948295743,0.45710117683567913,6,0.9205602187482735,0.062345808070248795,0.8578756681134986,227.30566590006273,2012-01-13 20:00:00,2021-05-17 00:30:00,BIASW,7,4,4,2000,100,-1,0,0,0,54,38,152,153,2500,1500,154,21589.0,153872.0,132283.0,1.1632031326776684,0.6623376623376623,140.1883116883117,1508.549019607843,-2543.903846153846,24472.0,23172.0,0.24472,5,3,0.6,30.8,11.320777358467925,0.3675577064437638,17,0.10774005280466904,0.8821918927754168,174.5651952383158,1.123095069064953,True,False,False
463,53513.0,283655.0,230142.0,1.2325216605400144,0.6803455723542117,115.57883369330453,900.4920634920635,-1555.0135135135135,25568.0,24529.0,0.25568,10,7,0.7,46.3,8.877499647986475,0.19173865330424353,20,0.9058772976150562,0.023190626576719674,2.0929677722152693,221.21697531440958,2012-01-16 11:00:00,2021-05-17 18:00:00,BIASW,7,0,0,1100,100,3,0,2000,200,143,83,57,90,2500,1000,223,14493.0,162524.0,148031.0,1.097905168512001,0.7354260089686099,64.99103139013452,991.0,-2509.0,20567.0,19837.0,0.20567,5,3,0.6,44.6,15.447977213862014,0.3463672021045295,21,0.06837783757676119,0.7046725336704429,316.4590491961637,0.5679464667564084,True,False,False
195,18440.0,84449.0,66009.0,1.2793558454150191,0.8666666666666667,94.56410256410257,499.698224852071,-2538.8076923076924,17205.0,16117.0,0.17205,10,8,0.8,19.5,8.913472948295743,0.45710117683567913,6,0.9035213386833516,0.05103036876355748,1.071781458878233,181.94007592190889,2012-01-13 20:00:00,2021-05-14 21:00:00,BIASW,7,4,4,2000,100,-1,0,0,0,54,38,152,153,4000,500,154,-6346.0,66776.0,73122.0,0.9132135335466754,0.8831168831168831,-41.20779220779221,491.0,-4062.3333333333335,15884.0,14860.0,0.15884,5,2,0.4,30.8,11.285388783732708,0.3664087267445684,17,0.0,0.0,0.0,0.0,False,False,False
195,14240.0,103828.0,89588.0,1.1589498593561638,0.4,73.02564102564102,1331.128205128205,-765.7094017094017,10706.0,9525.0,0.10706,10,7,0.7,19.5,8.913472948295743,0.45710117683567913,6,0.8845068597214353,0.10470505617977528,1.3300952736783112,146.60603932584272,2012-01-13 20:00:00,2021-05-17 00:30:00,BIASW,7,4,4,2000,100,-1,0,0,0,54,38,152,153,750,1500,154,11374.0,85907.0,74533.0,1.152603544738572,0.37012987012987014,73.85714285714286,1507.140350877193,-768.3814432989691,10844.0,10461.0,0.10844,5,2,0.4,30.8,11.320777358467925,0.3675577064437638,17,0.20450149463689116,1.048874953891553,146.82398452611218,0.8888678446416354,True,False,False
463,45858.0,273299.0,227441.0,1.2016259161716665,0.6565874730021598,99.04535637149029,899.0098684210526,-1430.446540880503,22459.0,20396.0,0.22459,10,7,0.7,46.3,8.888756943465154,0.19198179143553248,20,0.8282822572189126,0.02706179946792272,2.041854045148938,226.75469928910985,2012-01-16 11:00:00,2021-05-17 16:30:00,BIASW,7,0,0,1100,100,3,0,2000,200,143,83,57,90,2000,1000,223,22993.0,155587.0,132594.0,1.173409053199994,0.7040358744394619,103.10762331838565,991.0,-2009.0,11903.0,10423.0,0.11903,5,3,0.6,44.6,15.447977213862014,0.3463672021045295,21,0.0431000739355456,1.9316978912879106,115.44248249467229,1.1844098389867,True,False,False
195,17515.0,82976.0,65461.0,1.2675638930049953,0.8512820512820513,89.82051282051282,499.855421686747,-2257.2758620689656,18754.0,17626.0,0.18754,10,7,0.7,19.5,8.913472948295743,0.45710117683567913,6,0.8219928150489026,0.05372537824721667,0.9339340940599339,208.79417642021124,2012-01-13 20:00:00,2021-05-14 21:00:00,BIASW,7,4,4,2000,100,-1,0,0,0,54,38,152,153,3000,500,154,1839.0,65303.0,63464.0,1.0289770578595738,0.8636363636363636,11.941558441558442,491.0,-3022.095238095238,12627.0,11090.0,0.12627,5,3,0.6,30.8,11.285388783732708,0.3664087267445684,17,0.2669929309407287,0.14564029460679495,1057.3996737357259,0.13318348202494906,False,False,False
463,34888.0,230378.0,195490.0,1.178464371579109,0.5464362850971922,75.35205183585313,910.5849802371541,-930.9047619047619,13715.0,12960.0,0.13715,10,8,0.8,46.3,8.944830909525345,0.19319289221437033,20,0.8063741992874518,0.03557096996101811,2.543784177907401,182.01229649163037,2012-01-16 11:00:00,2021-05-17 14:30:00,BIASW,7,0,0,1100,100,3,0,2000,200,143,83,57,90,1000,1000,223,26993.0,124866.0,97873.0,1.2757961848517978,0.5650224215246636,121.04484304932735,991.0,-1009.0,8664.0,7153.0,0.08664,5,5,1.0,44.6,15.447977213862014,0.3463672021045295,21,0.036713221946430556,3.1155355493998154,71.5767791649687,1.6297707413605476,True,True,True
195,18280.0,131808.0,113528.0,1.1610175463321823,0.7076923076923077,93.74358974358974,955.1304347826087,-1991.719298245614,22377.0,21842.0,0.22377,10,6,0.6,19.5,8.913472948295743,0.45710117683567913,6,0.7853804674331286,0.059409190371991244,0.8169102203155025,238.7043216630197,2012-01-13 20:00:00,2021-05-14 21:00:00,BIASW,7,4,4,2000,100,-1,0,0,0,54,38,152,153,2500,1000,154,20854.0,117566.0,96712.0,1.2156299114897842,0.7532467532467533,135.41558441558442,1013.5,-2545.0526315789475,14292.0,14252.0,0.14292,5,3,0.6,30.8,11.285388783732708,0.3664087267445684,17,0.11153735494389566,1.4591379792891128,105.54176656756498,1.419585620540439,True,False,False
195,20300.0,151627.0,131327.0,1.1545759820905068,0.5743589743589743,104.1025641025641,1353.8125,-1582.2530120481927,27723.0,27003.0,0.27723,10,6,0.6,19.5,8.913472948295743,0.45710117683567913,6,0.7835753422521486,0.07344827586206897,0.7322439851386935,266.30467980295566,2012-01-13 20:00:00,2021-05-17 00:30:00,BIASW,7,4,4,2000,100,-1,0,0,0,54,38,152,153,1750,1500,154,22209.0,135980.0,113771.0,1.1952079176591575,0.5844155844155844,144.21428571428572,1510.888888888889,-1777.671875,14856.0,13811.0,0.14856,5,2,0.4,30.8,11.320777358467925,0.3675577064437638,17,0.10473231572785807,1.494951534733441,103.01337295690935,1.4828485091545267,True,False,False
195,20710.0,160940.0,140230.0,1.1476859445197176,0.6153846153846154,106.2051282051282,1341.1666666666667,-1869.7333333333333,29635.0,28658.0,0.29635,10,6,0.6,19.5,8.913472948295743,0.45710117683567913,6,0.7731833064088917,0.07199420569773056,0.6988358360047241,279.0354901014003,2012-01-13 20:00:00,2021-05-17 00:30:00,BIASW,7,4,4,2000,100,-1,0,0,0,54,38,152,153,2250,1500,154,15934.0,146417.0,130483.0,1.1221155246277292,0.6298701298701299,103.46753246753246,1509.4536082474226,-2289.1754385964914,22726.0,22336.0,0.22726,5,2,0.4,30.8,11.320777358467925,0.3675577064437638,17,0.1459771557675411,0.7011352635747602,219.6437805949542,0.8601655359701862,True,False,False
462,36757.0,133758.0,97001.0,1.378934237791363,0.19047619047619047,79.56060606060606,1519.9772727272727,-259.36096256684493,17090.0,16356.0,0.1709,10,8,0.8,46.2,8.885943956609225,0.19233644927725593,20,0.7627223951151075,0.06232826400413527,2.150789935634874,214.8047990858884,2012-01-16 11:00:00,2021-05-17 12:00:00,BIASW,7,0,0,1100,100,3,0,2000,200,143,83,57,90,250,2000,223,-10507.0,41811.0,52318.0,0.7991704575862991,0.09417040358744394,-47.11659192825112,1991.0,-259.0,20151.0,19166.0,0.20151,5,3,0.6,44.6,15.447977213862014,0.3463672021045295,21,0.0,0.0,0.0,0.0,False,False,False
463,43283.0,185645.0,142362.0,1.3040347845632965,0.8315334773218143,93.48380129589633,482.1948051948052,-1825.1538461538462,24190.0,21045.0,0.2419,10,7,0.7,46.3,8.956003573022958,0.19343420244110063,20,0.7532824969788078,0.011343945659958875,1.7892930963207938,258.76140748099715,2012-01-16 11:00:00,2021-05-18 07:30:00,BIASW,7,0,0,1100,100,3,0,2000,200,143,83,57,90,4000,500,223,-7507.0,96727.0,104234.0,0.9279793541454804,0.8834080717488789,-33.663677130044846,491.0,-4009.0,28038.0,27324.0,0.28038,5,2,0.4,44.6,15.447977213862014,0.3463672021045295,21,0.0,0.0,0.0,0.0,False,False,False
463,42773.0,277263.0,234490.0,1.182408631498145,0.6652267818574514,92.38228941684665,900.2045454545455,-1512.8387096774193,27068.0,26146.0,0.27068,10,7,0.7,46.3,8.877499647986475,0.19173865330424353,20,0.7037203075079563,0.02901363009375073,1.5802054086005615,292.9998831038272,2012-01-16 11:00:00,2021-05-17 16:30:00,BIASW,7,0,0,1100,100,3,0,2000,200,143,83,57,90,2250,1000,223,12993.0,157569.0,144576.0,1.0898696879150067,0.7130044843049327,58.26457399103139,991.0,-2259.0,16169.0,15684.0,0.16169,5,3,0.6,44.6,15.447977213862014,0.3463672021045295,21,0.07627183868236743,0.8035747417898448,277.50996690525665,0.5742519014063463,True,False,False
195,16990.0,143456.0,126466.0,1.1343444087738996,0.5435897435897435,87.12820512820512,1353.3584905660377,-1420.9662921348315,24537.0,23552.0,0.24537,10,6,0.6,19.5,8.913472948295743,0.45710117683567913,6,0.6970878015760256,0.08775750441436139,0.692423686677263,281.6194820482637,2012-01-13 20:00:00,2021-05-17 00:30:00,BIASW,7,4,4,2000,100,-1,0,0,0,54,38,152,153,1500,1500,154,19959.0,127034.0,107075.0,1.186402054634602,0.5454545454545454,129.6038961038961,1512.3095238095239,-1529.642857142857,13120.0,12090.0,0.1312,5,2,0.4,30.8,11.320777358467925,0.3675577064437638,17,0.11653890475474724,1.521265243902439,101.23152462548225,1.4180468738690017,True,False,False
462,37572.0,200772.0,163200.0,1.2302205882352941,0.29653679653679654,81.32467532467533,1465.4890510948906,-502.15384615384613,21730.0,21015.0,0.2173,10,6,0.6,46.2,8.885943956609225,0.19233644927725593,20,0.6914040544115005,0.0609762589162142,1.7290381960423378,267.20057489619927,2012-01-16 11:00:00,2021-05-17 12:30:00,BIASW,7,0,0,1100,100,3,0,2000,200,143,83,57,90,500,2000,223,-1007.0,89595.0,90602.0,0.988885455067217,0.20179372197309417,-4.515695067264574,1991.0,-509.0,20698.0,20031.0,0.20698,5,4,0.8,44.6,15.447977213862014,0.3463672021045295,21,0.0,0.0,0.0,0.0,False,False,False
463,38183.0,264380.0,226197.0,1.1688041839635361,0.6371490280777538,82.46868250539957,896.2033898305085,-1346.4107142857142,23651.0,22896.0,0.23651,10,7,0.7,46.3,8.888756943465154,0.19198179143553248,20,0.672053348646057,0.03250137495744179,1.6144349076149,286.787654191656,2012-01-16 11:00:00,2021-05-17 16:00:00,BIASW,7,0,0,1100,100,3,0,2000,200,143,83,57,90,1750,1000,223,28493.0,151623.0,123130.0,1.2314058312352798,0.6860986547085202,127.7713004484305,991.0,-1759.0,10651.0,10504.0,0.10651,5,4,0.8,44.6,15.447977213862014,0.3463672021045295,21,0.034780472396729024,2.675147873439114,83.3598778647387,1.5515921356260625,True,True,True
463,38763.0,182699.0,143936.0,1.2693071920853713,0.8185745140388769,83.72138228941685,482.05540897097626,-1713.5238095238096,26550.0,23405.0,0.2655,10,6,0.6,46.3,8.956003573022958,0.19343420244110063,20,0.6439372883939751,0.012666718262260403,1.46,317.12328767123284,2012-01-16 11:00:00,2021-05-17 19:30:00,BIASW,7,0,0,1100,100,3,0,2000,200,143,83,57,90,3000,500,223,-20007.0,91326.0,111333.0,0.8202958691493089,0.8340807174887892,-89.71748878923766,491.0,-3009.0,27906.0,27824.0,0.27906,5,1,0.2,44.6,15.447977213862014,0.3463672021045295,21,0.0,0.0,0.0,0.0,False,False,False
195,13570.0,120229.0,106659.0,1.1272278945049174,0.4564102564102564,69.58974358974359,1350.887640449438,-1006.2169811320755,20152.0,19167.0,0.20152,10,5,0.5,19.5,8.913472948295743,0.45710117683567913,6,0.6143637831330279,0.10987472365512159,0.6733822945613339,289.5829034635225,2012-01-13 20:00:00,2021-05-17 00:30:00,BIASW,7,4,4,2000,100,-1,0,0,0,54,38,152,153,1000,1500,154,12824.0,101027.0,88203.0,1.1453918800947813,0.43506493506493504,83.27272727272727,1507.865671641791,-1013.8275862068965,13158.0,12693.0,0.13158,5,3,0.6,30.8,11.320777358467925,0.3675577064437638,17,0.18137866500311914,0.9746162030703754,158.0109170305677,0.9098028531740189,True,False,False
463,30243.0,244457.0,214214.0,1.141181248657884,0.5874730021598272,65.31965442764579,898.7389705882352,-1121.5392670157069,18448.0,17568.0,0.18448,10,7,0.7,46.3,8.922443611477743,0.19270936525869856,20,0.602710393057993,0.04103428892636313,1.6393647007805725,282.426478854611,2012-01-16 11:00:00,2021-05-17 16:00:00,BIASW,7,0,0,1100,100,3,0,2000,200,143,83,57,90,1250,1000,223,27493.0,135767.0,108274.0,1.2539206088257568,0.6143497757847534,123.28699551569507,991.0,-1259.0,9043.0,7903.0,0.09043,5,5,1.0,44.6,15.447977213862014,0.3463672021045295,21,0.03604553886443822,3.0402521287183455,73.34917979121958,1.624802020967945,True,True,True
463,33088.0,254389.0,221301.0,1.1495158178227844,0.6133909287257019,71.46436285097192,895.7359154929577,-1236.31843575419,22695.0,22050.0,0.22695,10,6,0.6,46.3,8.922443611477743,0.19270936525869856,20,0.5945164549944622,0.03750604448742747,1.4579422780348095,317.570871615087,2012-01-16 11:00:00,2021-05-17 16:00:00,BIASW,7,0,0,1100,100,3,0,2000,200,143,83,57,90,1500,1000,223,23493.0,142704.0,119211.0,1.1970707401162644,0.6457399103139013,105.34977578475336,991.0,-1509.0,9949.0,9369.0,0.09949,5,4,0.8,44.6,15.447977213862014,0.3463672021045295,21,0.0421827778487209,2.36134284852749,94.43778997999404,1.32368103689968,True,True,True
