n_trades,net_profit,gross_profit,gross_loss,profit_factor,win_rate,avg_trade,avg_win,avg_loss,max_dd,max_dd_closed,max_dd_pct,n_years,profitable_years,profitable_years_ratio,yearly_trades_mean,yearly_trades_std,yearly_trades_cv,min_yearly_trades,top_trade_pct,np_dd,recovery_trades,unger_score,first_trade,last_trade,engine,phase,p_bb_length,p_bb_num_devs,p_intraday_only,p_ptn_ly_yes,p_ptn_ly_no,p_ptn_sy_yes,p_ptn_sy_no,p_start_hour,p_end_hour,p_skip_day,p_stop_loss,p_take_profit,p_max_bars,oos_n_trades,oos_net_profit,oos_gross_profit,oos_gross_loss,oos_profit_factor,oos_win_rate,oos_avg_trade,oos_avg_win,oos_avg_loss,oos_max_dd,oos_max_dd_closed,oos_max_dd_pct,oos_n_years,oos_profitable_years,oos_profitable_years_ratio,oos_yearly_trades_mean,oos_yearly_trades_std,oos_yearly_trades_cv,oos_min_yearly_trades,oos_top_trade_pct,oos_np_dd,oos_recovery_trades,oos_unger_score,passes_oos_gate,passes_oos_hard,overall_pass
457,130500.34516897777,315460.49128928676,184960.14612030901,1.705559267260162,0.5536105032822757,285.55874216406517,1246.8794122106196,-906.6673829426912,11966.17998506844,9022.269285602226,0.1196617998506844,10,8,0.8,45.7,14.588008774332431,0.31921244582784314,23,0.08177977613470433,10.905764858277065,41.90444282806576,3.271576966309261,2012-01-18 10:00:00,2021-05-19 09:00:00,RBB_U,5,50,2.0,1,17,36,78,31,-1,11,-1,1500,0,0,229,18983.596109039776,259494.244715272,240510.64860623225,1.0789303767589933,0.2838427947598253,82.89779960279378,3992.219149465723,-1466.5283451599528,36612.6343445184,34810.409736952344,0.366126343445184,5,2,0.4,45.8,17.79213309302738,0.38847452168182056,22,2.7161418818892002,0.5184985032873488,441.65990556985184,0.5429589056556388,False,False,False
457,129819.05615555712,314779.2022758662,184960.14612030901,1.7018758304349262,0.5536105032822757,284.0679565767114,1244.1865702603407,-906.6673829426912,11966.17998506844,9022.269285602226,0.1196617998506844,10,8,0.8,45.7,14.588008774332431,0.31921244582784314,23,0.07696096625466275,10.848830313228373,42.12435689428779,3.2544973988888035,2012-01-18 10:00:00,2021-05-19 09:00:00,RBB_U,5,50,2.0,1,17,36,78,31,-1,11,-1,1500,10000,0,229,-29646.008909180724,210864.63969705152,240510.64860623225,0.8767372293868051,0.2838427947598253,-129.45855418856212,3244.071379954639,-1466.5283451599528,43531.078555586224,41868.87429454105,0.4353107855558622,5,1,0.2,45.8,17.79213309302738,0.38847452168182056,22,0.0,0.0,0.0,0.0,False,False,False
457,126805.95211368726,311766.0982339963,184960.14612030901,1.6855852721440066,0.5536105032822757,277.4747311021603,1232.2770681185625,-906.6673829426912,11966.17998506844,9022.269285602226,0.1196617998506844,10,8,0.8,45.7,14.588008774332431,0.31921244582784314,23,0.059074514051863904,10.597028648400528,43.12529626585257,3.1789604202876305,2012-01-18 10:00:00,2021-05-19 09:00:00,RBB_U,5,50,2.0,1,17,36,78,31,-1,11,-1,1500,7500,0,229,-31560.975442842042,208949.6731633902,240510.64860623225,0.8687751431142903,0.2838427947598253,-137.82085346219233,3214.610356359849,-1466.5283451599528,42648.22233063043,40986.018069585254,0.4264822233063043,5,1,0.2,45.8,17.79213309302738,0.38847452168182056,22,0.0,0.0,0.0,0.0,False,False,False
457,115488.95678805631,300449.1029083653,184960.14612030901,1.6243991433318583,0.5536105032822757,252.71106518174247,1187.5458612978866,-906.6673829426912,10785.200120527043,9022.269285602226,0.10785200120527043,10,8,0.8,45.7,14.588008774332431,0.31921244582784314,23,0.043216253214230796,10.708095862611836,42.6779892394923,3.0496472047185765,2012-01-18 10:00:00,2021-05-19 09:00:00,RBB_U,5,50,2.0,1,17,36,78,31,-1,11,-1,1500,5000,0,229,-16057.195491885373,218417.4531143469,234474.64860623225,0.9315184153709888,0.30131004366812225,-70.11875760648634,3165.470334990535,-1465.4665537889516,28732.928093836752,27231.282679543852,0.2873292809383675,5,1,0.2,45.8,17.79213309302738,0.38847452168182056,22,0.0,0.0,0.0,0.0,False,False,False
457,120285.11387934198,305245.259999651,184960.14612030901,1.650329902967861,0.5536105032822757,263.20593846683147,1206.5030039511896,-906.6673829426912,11966.179985068433,9022.269285602226,0.11966179985068433,10,8,0.8,45.7,14.588008774332431,0.31921244582784314,23,0.04980666191171065,10.052089641759979,45.46318390371872,3.015486337970919,2012-01-18 10:00:00,2021-05-19 09:00:00,RBB_U,5,50,2.0,1,17,36,78,31,-1,11,-1,1500,6000,0,229,-19616.09134052969,219385.55726570258,239001.64860623225,0.917924870163351,0.28820960698689957,-85.65978751323009,3324.0235949348876,-1466.2677828603205,30986.55922532812,29164.354964282946,0.3098655922532812,5,1,0.2,45.8,17.79213309302738,0.38847452168182056,22,0.0,0.0,0.0,0.0,False,False,False
457,124163.40637144414,318642.70140170876,194479.29503026453,1.6384402326845238,0.5579868708971554,271.69235529856485,1249.5792211831715,-962.7687872785373,13216.179985068433,9846.859360680028,0.13216179985068433,10,8,0.8,45.7,14.588008774332431,0.31921244582784314,23,0.08595357783189109,9.394802924273373,48.64391554390652,2.9618556817922155,2012-01-18 10:00:00,2021-05-19 09:00:00,RBB_U,5,50,2.0,1,17,36,78,31,-1,11,-1,1750,0,0,229,55331.94052406109,310084.3104851786,254752.36996111757,1.2171989235370264,0.34497816593886466,241.62419442821437,3925.117854242767,-1698.3491330741172,38606.58593675533,36702.758971424715,0.3860658593675533,5,3,0.6,45.8,17.79213309302738,0.38847452168182056,22,0.9318693682577427,1.433225424664718,159.7794708767263,1.5411651051735145,True,False,False
457,123482.1173580235,317961.41238828807,194479.29503026453,1.6349370884895869,0.5579868708971554,270.20156971121116,1246.907499561914,-962.7687872785373,13216.179985068433,9846.859360680028,0.13216179985068433,10,8,0.8,45.7,14.588008774332431,0.31921244582784314,23,0.08091050116214106,9.34325330750133,48.91229906322809,2.9456038746429667,2012-01-18 10:00:00,2021-05-19 09:00:00,RBB_U,5,50,2.0,1,17,36,78,31,-1,11,-1,1750,10000,0,229,1699.5657119978787,256451.93567311543,254752.36996111757,1.0066714422019205,0.34497816593886466,7.421684331868466,3246.227033836904,-1698.3491330741172,38606.58593675533,36883.75013358393,0.3860658593675533,5,2,0.4,45.8,17.79213309302738,0.38847452168182056,22,5.878560581370725,0.044022688636132686,5201.863109561253,0.0473381440172246,False,False,False
457,120469.01331615367,314948.3083464182,194479.29503026453,1.619443901714095,0.5579868708971554,263.6083442366601,1235.0914052800713,-962.7687872785373,13216.179985068433,9846.859360680028,0.13216179985068433,10,8,0.8,45.7,14.588008774332431,0.31921244582784314,23,0.06218196525226735,9.115267305095639,50.135666317160734,2.8737277914470427,2012-01-18 10:00:00,2021-05-19 09:00:00,RBB_U,5,50,2.0,1,17,36,78,31,-1,11,-1,1750,7500,0,229,-2336.211057711931,252416.1589034056,254752.36996111757,0.9908294825360465,0.34497816593886466,-10.201795011842494,3195.141251941843,-1698.3491330741172,36463.498776396475,35114.963130972836,0.36463498776396475,5,2,0.4,45.8,17.79213309302738,0.38847452168182056,22,0.0,0.0,0.0,0.0,False,False,False
457,109506.18002891092,294466.32614922,184960.14612030901,1.5920528412519834,0.5536105032822757,239.6196499538532,1163.8985223289328,-906.6673829426912,11012.224516092465,9194.9491292093,0.11012224516092464,10,8,0.8,45.7,14.588008774332431,0.31921244582784314,23,0.041011384004211664,9.944056250295892,45.957101256984714,2.861701609686525,2012-01-18 10:00:00,2021-05-19 09:00:00,RBB_U,5,50,2.0,1,17,36,78,31,-1,11,-1,1500,4500,0,229,-24701.433968606703,209773.21463762556,234474.64860623225,0.8946520055987403,0.30131004366812225,-107.86652388037862,3040.1915164873267,-1465.4665537889516,31262.30989172936,29616.225886076056,0.3126230989172936,5,1,0.2,45.8,17.79213309302738,0.38847452168182056,22,0.0,0.0,0.0,0.0,False,False,False
485,129449.24249966584,339078.78337732493,209629.54087765916,1.6175143157672276,0.554639175257732,266.9056546384863,1260.5159233357804,-970.5071336928665,14714.590273668626,11517.225798040352,0.14714590273668626,10,9,0.9,48.5,16.070158679988197,0.331343477937901,23,0.0824438120095465,8.797339245749294,55.13030547666361,2.7575483434296415,2012-01-18 10:00:00,2021-05-19 09:00:00,RBB_U,6,50,2.0,1,17,153,78,31,-1,11,-1,1750,0,92,243,54610.52399005541,325193.89395117294,270583.3699611175,1.2018251306349792,0.345679012345679,224.73466662574242,3871.3558803711067,-1701.7822010133177,39884.75708975264,37980.930124422026,0.39884757089752637,5,3,0.6,48.6,19.22082204277434,0.395490165489184,22,0.944179559053879,1.3692078872930173,177.47487598864288,1.4102822547080371,True,False,False
457,113948.17508180838,308427.4701120729,194479.29503026453,1.5859141718097853,0.5579868708971554,249.33955160133124,1209.51949063558,-962.7687872785373,13216.179985068433,9846.859360680042,0.13216179985068433,10,8,0.8,45.7,14.588008774332431,0.31921244582784314,23,0.052576533109887885,8.621869194468175,53.00474754281972,2.7181764713047385,2012-01-18 10:00:00,2021-05-19 09:00:00,RBB_U,5,50,2.0,1,17,36,78,31,-1,11,-1,1750,6000,0,229,8472.320814159524,261465.69077527706,252993.36996111757,1.0334883116322835,0.34934497816593885,36.99703412296736,3268.3211346909634,-1697.9420802759569,28607.681114212086,26890.491350260578,0.28607681114212086,5,2,0.4,45.8,17.79213309302738,0.38847452168182056,22,0.7071261973445847,0.2961554549051002,773.2425528794685,0.274135341941708,False,False,False
457,103288.02537425057,288248.1714945596,184960.14612030901,1.5584339520745512,0.5536105032822757,226.01318462636888,1139.320835946876,-906.6673829426912,11512.224516092465,9694.9491292093,0.11512224516092465,10,8,0.8,45.7,14.588008774332431,0.31921244582784314,23,0.03863952268948057,8.972030143250636,50.93607496891727,2.639937203135826,2012-01-18 10:00:00,2021-05-19 09:00:00,RBB_U,5,50,2.0,1,17,36,78,31,-1,11,-1,1500,4000,0,229,-27792.66243378717,203663.98617244512,231456.64860623225,0.8799228166434326,0.31004366812227074,-121.3653381388086,2868.506847499227,-1464.915497507799,38215.67793618907,36569.59393053577,0.38215677936189074,5,1,0.2,45.8,17.79213309302738,0.38847452168182056,22,0.0,0.0,0.0,0.0,False,False,False
457,109152.0179905227,303631.3130207872,194479.29503026453,1.561252641179806,0.5579868708971554,238.84467831624224,1190.7110314540676,-962.7687872785373,13012.224516092465,10181.598522670974,0.13012224516092466,10,8,0.8,45.7,14.588008774332431,0.31921244582784314,23,0.04572521966962949,8.388421046342408,54.47985949623559,2.6240931174714737,2012-01-18 10:00:00,2021-05-19 09:00:00,RBB_U,5,50,2.0,1,17,36,78,31,-1,11,-1,1750,5000,0,229,13291.081201869441,261007.45116298698,247716.36996111757,1.0536544323007624,0.3624454148471616,58.03965590336001,3144.668086301048,-1696.6874654871067,27316.550711112715,25968.015065689076,0.27316550711112714,5,2,0.4,45.8,17.79213309302738,0.38847452168182056,22,0.3755149731007585,0.48655781406773524,470.65321608034066,0.44009997728106987,False,False,False
457,109542.85216074786,290874.3913202592,181331.53915951127,1.6041025883775615,0.5273522975929978,239.6998953189231,1206.9476818268017,-839.4978664792188,13431.995948751886,11509.147457628882,0.13431995948751888,10,8,0.8,45.7,14.588008774332431,0.31921244582784314,23,0.09742569965002987,8.15536667660525,56.03672012822735,2.5920120445380084,2012-01-18 10:00:00,2021-05-19 07:00:00,RBB_U,5,50,2.0,1,17,36,78,31,-1,11,-1,1250,0,0,229,37120.84978094774,248982.84593713738,211861.99615618965,1.17521240455783,0.24890829694323144,162.09978070282855,4368.120104160304,-1231.7557916057538,28041.019329939314,25287.389064111114,0.28041019329939315,5,2,0.4,45.8,17.79213309302738,0.38847452168182056,22,1.3890344850644027,1.3238052919607641,172.98616449917267,1.2131792563992219,True,False,False
457,108861.56314732722,290193.1023068385,181331.53915951127,1.6003454426731876,0.5273522975929978,238.2091097315694,1204.1207564599108,-839.4978664792188,13431.995948751886,11509.147457628882,0.13431995948751888,10,8,0.8,45.7,14.588008774332431,0.31921244582784314,23,0.09177711316232648,8.104645323202524,56.3874150904136,2.575891327450906,2012-01-18 10:00:00,2021-05-19 07:00:00,RBB_U,5,50,2.0,1,17,36,78,31,-1,11,-1,1250,10000,0,229,-11508.755237272759,200353.24091891688,211861.99615618965,0.945678057197251,0.24890829694323144,-50.25657308852733,3514.969138928366,-1231.7557916057538,28041.019329939314,25287.389064111114,0.28041019329939315,5,1,0.2,45.8,17.79213309302738,0.38847452168182056,22,0.0,0.0,0.0,0.0,False,False,False
457,108484.02172667155,277584.18968457554,169100.16795790396,1.6415370430245684,0.5010940919037199,237.38297970825283,1212.1580335570984,-741.6674033241402,13786.34303404457,11863.494542921566,0.1378634303404457,10,9,0.9,45.7,14.588008774332431,0.31921244582784314,23,0.09837659817138573,7.8689483831046845,58.07637536182328,2.533754212184867,2012-01-18 10:00:00,2021-05-19 05:00:00,RBB_U,5,50,2.0,1,17,36,78,31,-1,11,-1,1000,0,0,229,29231.133841413415,214113.0997397119,184881.96589829848,1.158107004646917,0.19213973799126638,127.64687266992757,4866.206812266179,-999.3619778286404,24101.431664816453,21935.07785721263,0.24101431664816453,5,2,0.4,45.8,17.79213309302738,0.38847452168182056,22,1.7639459605080652,1.2128380690382539,188.81333448049705,1.0304530416768092,True,False,False
466,114724.49328346574,319485.3251530165,204760.83186955075,1.5602853447897425,0.5515021459227468,246.18989974992647,1243.133560906679,-979.716898897372,14975.179985068433,11605.859360680028,0.14975179985068432,10,8,0.8,46.6,16.181470884935027,0.3472418644835843,23,0.09302537503522583,7.660975921348265,60.82775938525441,2.5212949447482726,2012-01-18 10:00:00,2021-05-19 09:00:00,RBB_U,6,50,2.0,1,17,36,78,153,-1,11,-1,1750,0,92,234,53407.54501100558,313436.9149721231,260029.36996111754,1.2053904334690795,0.34615384615384615,228.2373718419042,3869.591542865717,-1699.5383657589382,37089.981449810824,35186.15448448021,0.37089981449810827,5,3,0.6,46.8,18.093092604637828,0.38660454283414164,23,0.9654467444629123,1.4399453147010939,162.50617131843933,1.4852443080376374,True,False,False
457,107802.7327132509,276902.90067115484,169100.16795790396,1.6375081350604421,0.5010940919037199,235.89219412089912,1209.1829723631215,-741.6674033241402,13786.34303404457,11863.494542921566,0.1378634303404457,10,9,0.9,45.7,14.588008774332431,0.31921244582784314,23,0.09267854115141486,7.819530708545285,58.44340498600312,2.517842017190667,2012-01-18 10:00:00,2021-05-19 05:00:00,RBB_U,5,50,2.0,1,17,36,78,31,-1,11,-1,1000,10000,0,229,-19398.471176807085,165483.4947214914,184881.96589829848,0.8950764554965953,0.19213973799126638,-84.70948112142831,3760.9885163975323,-999.3619778286404,24101.431664816453,21935.07785721263,0.24101431664816453,5,1,0.2,45.8,17.79213309302738,0.38847452168182056,22,0.0,0.0,0.0,0.0,False,False,False
457,105848.45910545738,287179.9982649686,181331.53915951127,1.5837288956795652,0.5273522975929978,231.61588425701834,1191.6182500621105,-839.4978664792188,13431.995948751886,11509.147457628882,0.13431995948751888,10,8,0.8,45.7,14.588008774332431,0.31921244582784314,23,0.07077098772440964,7.88032244122981,57.99255086428674,2.5045950099466654,2012-01-18 10:00:00,2021-05-19 07:00:00,RBB_U,5,50,2.0,1,17,36,78,31,-1,11,-1,1250,7500,0,229,-13423.721770934077,198438.27438525556,211861.99615618965,0.9366393123142397,0.24890829694323144,-58.61887236215754,3481.373234829045,-1231.7557916057538,28041.019329939314,25287.389064111114,0.28041019329939315,5,1,0.2,45.8,17.79213309302738,0.38847452168182056,22,0.0,0.0,0.0,0.0,False,False,False
457,111331.90497331452,318642.70140170876,207310.79642839418,1.537028977223427,0.5579868708971554,243.61467171403615,1249.5792211831715,-1026.291071427694,14927.224516092465,12096.598522670974,0.14927224516092466,10,8,0.8,45.7,14.588008774332431,0.31921244582784314,23,0.09586011319916532,7.458312484902461,61.27391429697875,2.4989257640402105,2012-01-18 10:00:00,2021-05-19 09:30:00,RBB_U,5,50,2.0,1,17,36,78,31,-1,11,-1,2000,0,0,229,46450.964885767986,320225.58568285767,273774.62079708977,1.1696686301693224,0.36681222707423583,202.84264142256762,3812.2093533673533,-1888.1008330833777,43842.140023918655,41938.31305858804,0.4384214002391866,5,3,0.6,45.8,17.79213309302738,0.38847452168182056,22,1.1100337869715557,1.059504961674454,216.13867634757057,1.2140954510075674,True,False,False
457,110650.61595989388,317961.41238828807,207310.79642839418,1.5337426601325752,0.5579868708971554,242.12388612668246,1246.907499561914,-1026.291071427694,14927.224516092465,12096.598522670974,0.14927224516092466,10,8,0.8,45.7,14.588008774332431,0.31921244582784314,23,0.09029321629462335,7.412671782393687,61.65118508085708,2.483633735499044,2012-01-18 10:00:00,2021-05-19 09:30:00,RBB_U,5,50,2.0,1,17,36,78,31,-1,11,-1,2000,10000,0,229,-7181.409926295215,266593.2108707945,273774.62079708977,0.9737688982806852,0.36681222707423583,-31.35986867377823,3173.7287008427916,-1888.1008330833777,44038.607266202154,42690.071620778515,0.44038607266202157,5,2,0.4,45.8,17.79213309302738,0.38847452168182056,22,0.0,0.0,0.0,0.0,False,False,False
457,104789.62867138104,273889.796629285,169100.16795790396,1.619689678235373,0.5010940919037199,229.29896864634802,1196.0253127916374,-741.6674033241402,13786.34303404457,11863.494542921566,0.1378634303404457,10,9,0.9,45.7,14.588008774332431,0.31921244582784314,23,0.0714860821149742,7.600973544079758,60.12387720464412,2.4474679202838043,2012-01-18 10:00:00,2021-05-19 05:00:00,RBB_U,5,50,2.0,1,17,36,78,31,-1,11,-1,1000,7500,0,229,-24905.21219051088,159976.7537077876,184881.96589829848,0.8652912842553234,0.19213973799126638,-108.75638511140122,3635.8353115406276,-999.3619778286404,28342.450009065265,26185.941849876,0.2834245000906527,5,1,0.2,45.8,17.79213309302738,0.38847452168182056,22,0.0,0.0,0.0,0.0,False,False,False
457,103169.24123137735,297648.5362616419,194479.29503026453,1.530489588700547,0.5579868708971554,225.75326308835307,1167.2491618103604,-962.7687872785373,13512.224516092465,10681.598522670974,0.13512224516092464,10,8,0.8,45.7,14.588008774332431,0.31921244582784314,23,0.04353041610462219,7.635252145825976,59.85394997725541,2.4339410589730774,2012-01-18 10:00:00,2021-05-19 09:00:00,RBB_U,5,50,2.0,1,17,36,78,31,-1,11,-1,1750,4500,0,229,2023.4516932106126,249739.82165432815,247716.36996111757,1.0081684213826005,0.3624454148471616,8.83603359480617,3008.913513907568,-1696.6874654871067,30500.49503155976,29151.95938613612,0.3050049503155976,5,2,0.4,45.8,17.79213309302738,0.38847452168182056,22,2.2194747791948157,0.06634160170570634,3451.8310398330746,0.06340789872231996,False,False,False
808,157810.09859742568,395420.9980038631,237610.8994064374,1.6641534499959485,0.5321782178217822,195.309527967111,919.5837162880537,-628.6002629799932,10230.125689118948,9691.932764855927,0.10230125689118948,10,9,0.9,80.8,16.375591592366977,0.20266821277681904,40,0.047468445090510826,15.426017567435851,52.37904057011311,2.420039154418843,2012-01-13 14:00:00,2021-05-12 15:00:00,RBB_U,5,30,3.0,1,31,35,55,32,1,0,-1,1000,7500,0,394,5629.924678807569,287890.97448916966,282261.04981036205,1.0199458079058024,0.26649746192893403,14.289148930983677,2741.818804658759,-976.6818332538479,27336.79064693523,25809.654644558548,0.27336790646935233,5,2,0.4,78.8,28.244645510255566,0.3584345876935986,43,1.330568422735384,0.20594680449216332,1913.1153841961773,0.10831087050708081,False,False,False
457,107637.51191802404,314948.3083464182,207310.79642839418,1.5192084241266341,0.5579868708971554,235.5306606521314,1235.0914052800713,-1026.291071427694,14927.22451609245,12096.59852267096,0.1492722451609245,10,8,0.8,45.7,14.588008774332431,0.31921244582784314,23,0.06959469674201585,7.210818849946572,63.37699081199163,2.416002418835893,2012-01-18 10:00:00,2021-05-19 09:30:00,RBB_U,5,50,2.0,1,17,36,78,31,-1,11,-1,2000,7500,0,229,-11217.186696005025,262557.4341010847,273774.62079708977,0.9590276605503226,0.36681222707423583,-48.98334801748919,3125.6837392986276,-1888.1008330833777,42269.82026359106,40921.28461816742,0.42269820263591057,5,2,0.4,45.8,17.79213309302738,0.38847452168182056,22,0.0,0.0,0.0,0.0,False,False,False
882,162768.1323386869,423657.3515295123,260889.21919082536,1.623897502716015,0.5294784580498866,184.54436773093752,907.1891895706902,-628.6487209417478,9412.15333115212,8326.599525623169,0.09412153331152119,10,8,0.8,88.2,18.153787483607932,0.2058252549161897,43,0.0460225222982394,17.293399991685305,51.002116438876506,2.383942330890212,2012-01-13 14:00:00,2021-05-18 22:00:00,RBB_U,5,30,3.0,1,31,36,55,32,1,0,-1,1000,7500,0,422,729.1856982028112,305570.35588641826,304841.1701882154,1.0023920184329191,0.26066350710900477,1.7279281947933913,2777.912326240166,-977.0550326545365,34030.920371694316,32138.766211901835,0.3403092037169432,5,2,0.4,84.4,30.32226904438387,0.3592685905732686,46,10.273103296543947,0.021427151844218745,19694.63804933364,0.01173892399369731,False,False,False
457,99934.56543141598,281266.10459092725,181331.53915951127,1.5511151887565842,0.5273522975929978,218.67519788056012,1167.079272161524,-839.4978664792188,13431.995948751886,11509.147457628882,0.13431995948751888,10,8,0.8,45.7,14.588008774332431,0.31921244582784314,23,0.05994922751839612,7.440038383923276,61.42441428628962,2.364659967806826,2012-01-18 10:00:00,2021-05-19 07:00:00,RBB_U,5,50,2.0,1,17,36,78,31,-1,11,-1,1250,6000,0,229,-403.66463395233586,208940.3315222373,209343.99615618965,0.9980717639800323,0.2576419213973799,-1.762727659180506,3541.361551224361,-1231.4352715069979,26555.653459746645,24639.650724003564,0.2655565345974665,5,1,0.2,45.8,17.79213309302738,0.38847452168182056,22,0.0,0.0,0.0,0.0,False,False,False
457,94869.76735854484,273793.9134788539,178924.14612030901,1.5302233902782143,0.562363238512035,207.59248874955105,1065.3459668437895,-894.6207306015451,12512.224516092465,10916.066763523897,0.12512224516092466,10,8,0.8,45.7,14.588008774332431,0.31921244582784314,23,0.031527430532173675,7.582166323544554,60.27301176194182,2.3258613302906923,2012-01-18 10:00:00,2021-05-19 09:00:00,RBB_U,5,50,2.0,1,17,36,78,31,-1,11,-1,1500,3000,0,229,-39225.00174789349,184001.0990628854,223226.1008107789,0.8242812932474093,0.33624454148471616,-171.28821723970955,2389.624663154356,-1468.5927684919666,44126.1319163686,43592.1319163686,0.441261319163686,5,1,0.2,45.8,17.79213309302738,0.38847452168182056,22,0.0,0.0,0.0,0.0,False,False,False
457,98875.73499733965,267975.9029552436,169100.16795790396,1.5847169532200223,0.5010940919037199,216.35828226988983,1170.2004495862166,-741.6674033241402,13786.34303404457,11863.494542921566,0.1378634303404457,10,9,0.9,45.7,14.588008774332431,0.31921244582784314,23,0.060591205720606715,7.17200600283714,63.719968976492424,2.3093429432731867,2012-01-18 10:00:00,2021-05-19 05:00:00,RBB_U,5,50,2.0,1,17,36,78,31,-1,11,-1,1000,6000,0,229,-4334.31820040421,177520.64769789425,181854.96589829848,0.9761660717979613,0.2052401746724891,-18.9271537135555,3777.0350574020054,-999.2031093313103,21055.653459746645,19139.650724003564,0.21055653459746645,5,1,0.2,45.8,17.79213309302738,0.38847452168182056,22,0.0,0.0,0.0,0.0,False,False,False
457,96138.40834013032,277469.94749964157,181331.53915951127,1.530180291777927,0.5273522975929978,210.36850840291098,1151.3275829860645,-839.4978664792188,13431.995948751886,11509.147457628882,0.13431995948751888,10,8,0.8,45.7,14.588008774332431,0.31921244582784314,23,0.05191473508009644,7.15741790772827,63.84984164562352,2.2748349841636064,2012-01-18 10:00:00,2021-05-19 07:00:00,RBB_U,5,50,2.0,1,17,36,78,31,-1,11,-1,1250,5000,0,229,-3844.7687853080206,202981.2273708816,206825.99615618965,0.9814106115441862,0.2663755458515284,-16.789383341956423,3327.561104440682,-1231.1071199773194,26021.93535485743,24684.650724003564,0.2602193535485743,5,1,0.2,45.8,17.79213309302738,0.38847452168182056,22,0.0,0.0,0.0,0.0,False,False,False
805,150069.72104100735,387410.41356062604,237340.69251961866,1.6322966342090814,0.5329192546583851,186.42201371553708,903.0545770643963,-631.2252460628156,10578.02758504486,9691.932764855927,0.1057802758504486,10,9,0.9,80.5,15.970284906663375,0.19838863238091148,40,0.05617099264659753,14.186928501980356,56.74237379060802,2.2716127324264077,2012-01-13 14:00:00,2021-05-12 15:00:00,RBB_U,5,30,3.0,1,31,35,55,32,1,0,-1,1000,0,0,392,25385.856828368043,305628.9066387301,280243.04981036205,1.0905851433088043,0.26785714285714285,64.75983884787766,2910.7514917974295,-976.4566195482998,26409.624067220997,25475.558072900807,0.26409624067221,5,2,0.4,78.4,27.72435752186153,0.35362700920741746,43,0.6648501266661558,0.9612350696001148,407.80867489892626,0.49941789146569154,False,False,False
457,101116.67368367876,308427.4701120729,207310.79642839418,1.4877540167986607,0.5579868708971554,221.26186801680254,1209.51949063558,-1026.291071427694,14927.224516092465,12096.598522670974,0.14927224516092466,10,8,0.8,45.7,14.588008774332431,0.31921244582784314,23,0.059248388833888305,6.773976875250237,67.46406260548653,2.269637451211833,2012-01-18 10:00:00,2021-05-19 09:30:00,RBB_U,5,50,2.0,1,17,36,78,31,-1,11,-1,2000,6000,0,229,-158.6548241335695,271606.96597295615,271765.62079708977,0.9994162071579611,0.37117903930131,-0.6928158259107838,3195.3760702700724,-1887.2612555353455,33848.23520137541,31876.045437423905,0.33848235201375415,5,2,0.4,45.8,17.79213309302738,0.38847452168182056,22,0.0,0.0,0.0,0.0,False,False,False
457,103031.31828098895,321347.27537008893,218315.95708909997,1.4719367271854498,0.562363238512035,225.45146232163884,1250.37850338556,-1091.5797854455,15716.179985068433,12141.730805549058,0.15716179985068432,10,7,0.7,45.7,14.588008774332431,0.31921244582784314,23,0.10358296090432405,6.555748176648304,69.70981613171818,2.2538188490742637,2012-01-18 10:00:00,2021-05-19 09:30:00,RBB_U,5,50,2.0,1,17,36,78,31,-1,11,-1,2250,0,0,229,29898.62287231334,327441.71035416273,297543.08748184936,1.1004850192466233,0.37554585152838427,130.5616719314993,3807.461748304218,-2080.720891481464,47773.67918128275,45869.85221595214,0.4777367918128275,5,3,0.6,45.8,17.79213309302738,0.38847452168182056,22,1.7245657327040056,0.6258388172043345,365.90891089651313,0.7486189312829741,True,False,False
457,96951.08657671699,291430.3816069815,194479.29503026453,1.4985162382536898,0.5579868708971554,212.14679776086868,1142.864241596006,-962.7687872785373,14012.22451609245,11181.59852267096,0.1401222451609245,10,8,0.8,45.7,14.588008774332431,0.31921244582784314,23,0.04116508789039655,6.919036050655108,66.0496630822917,2.2460653291808472,2012-01-18 10:00:00,2021-05-19 09:00:00,RBB_U,5,50,2.0,1,17,36,78,31,-1,11,-1,1750,4000,0,229,1682.2232280301469,244121.59318914768,242439.36996111754,1.0069387378308232,0.37554585152838427,7.345952960830336,2838.6231766179963,-1695.3802095183046,36810.01022246042,35422.86307601947,0.3681001022246042,5,3,0.6,45.8,17.79213309302738,0.38847452168182056,22,2.3724556488697335,0.04570015650263803,5010.923758801155,0.047984902975297665,False,False,False
457,94282.82856101124,279967.12359127577,185684.29503026453,1.5077587662739282,0.5689277899343544,206.30815877682983,1076.7966291972145,-942.5598732500738,13301.783047624118,10104.418571995848,0.1330178304762412,10,8,0.8,45.7,14.588008774332431,0.31921244582784314,23,0.0317236982136625,7.087984236658517,64.47531268995078,2.2418209328435936,2012-01-18 10:00:00,2021-05-19 09:00:00,RBB_U,5,50,2.0,1,17,36,78,31,-1,11,-1,1750,3000,0,229,-16643.79208356922,216315.03008209495,232958.82216566417,0.9285547895166928,0.4017467248908297,-72.68031477541145,2351.250326979293,-1700.429358873461,39851.14428288872,38205.06027723542,0.39851144282888723,5,2,0.4,45.8,17.79213309302738,0.38847452168182056,22,0.0,0.0,0.0,0.0,False,False,False
457,102350.02926756829,320665.9863566683,218315.95708909997,1.4688160711303242,0.562363238512035,223.9606767342851,1247.7275733722502,-1091.5797854455,15716.179985068433,12141.730805549058,0.15716179985068432,10,7,0.7,45.7,14.588008774332431,0.31921244582784314,23,0.09761599553509706,6.512398646796397,70.17383682812616,2.2389155939695673,2012-01-18 10:00:00,2021-05-19 09:30:00,RBB_U,5,50,2.0,1,17,36,78,31,-1,11,-1,2250,10000,0,229,-23733.75193974987,273809.33554209955,297543.08748184936,0.9202342351804842,0.37554585152838427,-103.64083816484658,3183.8294830476693,-2080.720891481464,52057.5822873662,50709.04664194256,0.520575822873662,5,2,0.4,45.8,17.79213309302738,0.38847452168182056,22,0.0,0.0,0.0,0.0,False,False,False
882,148810.32361831126,408825.6950948811,260015.3714765698,1.57231356274535,0.528344671201814,168.7191877758631,877.3083585727062,-625.0369506648312,9012.15333115212,8061.599525623169,0.0901215333115212,10,8,0.8,88.2,18.153787483607932,0.2058252549161897,43,0.05033924944087834,16.512182843574326,53.415106188896644,2.227356003781142,2012-01-13 14:00:00,2021-05-18 22:00:00,RBB_U,5,30,3.0,1,31,36,55,32,1,0,-1,1000,7500,24,422,-326.466017758401,303725.35588641826,304051.8219041766,0.9989262816591139,0.26066350710900477,-0.7736161558255947,2761.139598967439,-974.5250702056943,33506.57208765553,31614.417927863047,0.3350657208765553,5,2,0.4,84.4,30.32226904438387,0.3592685905732686,46,0.0,0.0,0.0,0.0,False,False,False
808,145146.77774753413,384505.4702671528,239358.69251961866,1.606398607126572,0.5321782178217822,179.63710117269076,894.1987680631461,-633.2240542847055,10230.125689118948,9691.932764855927,0.10230125689118948,10,9,0.9,80.8,16.375591592366977,0.20266821277681904,40,0.041275459868772596,14.188171500367426,56.94884643726469,2.225845420595234,2012-01-13 14:00:00,2021-05-12 15:00:00,RBB_U,5,30,3.0,1,31,35,55,32,1,0,-1,1000,6000,0,394,-3876.6327914959184,278242.2252578884,282118.8580493843,0.9862588668538516,0.26903553299492383,-9.839169521563244,2624.9266533763052,-979.5793682270289,28406.91031572502,27472.84432140483,0.2840691031572502,5,2,0.4,78.8,28.244645510255566,0.3584345876935986,43,0.0,0.0,0.0,0.0,False,False,False
457,95079.57790605396,264179.7458639579,169100.16795790396,1.5622677910628877,0.5010940919037199,208.05159279224063,1153.6233443840956,-741.6674033241402,13786.343034044574,11863.494542921566,0.13786343034044574,10,8,0.8,45.7,14.588008774332431,0.31921244582784314,23,0.05249287081324128,6.896649653302581,66.26405906832711,2.2206798492334516,2012-01-18 10:00:00,2021-05-19 05:00:00,RBB_U,5,50,2.0,1,17,36,78,31,-1,11,-1,1000,5000,0,229,-5275.422351759895,174561.54354653857,179836.96589829848,0.9706655284946073,0.21397379912663755,-23.03677882864583,3562.4804805416034,-999.0942549905471,21596.35889142975,19463.650724003564,0.2159635889142975,5,1,0.2,45.8,17.79213309302738,0.38847452168182056,22,0.0,0.0,0.0,0.0,False,False,False
808,144437.28987705006,380572.5153382054,236135.22546115532,1.611671933295739,0.5321782178217822,178.75902212506196,885.0523612516404,-624.6963636538501,10190.125689118948,9651.932764855927,0.10190125689118948,10,9,0.9,80.8,16.375591592366977,0.20266821277681904,40,0.05186333810594615,14.174240267838965,57.00481893434063,2.2193083482990206,2012-01-13 14:00:00,2021-05-12 15:00:00,RBB_U,5,30,3.0,1,31,35,55,32,1,0,-1,1000,7500,24,394,4574.272962846357,286045.97448916966,281471.7015263233,1.0162512712220861,0.26649746192893403,11.609829854939992,2724.24737608733,-973.9505243125373,27336.79064693523,25809.654644558548,0.27336790646935233,5,2,0.4,78.8,28.244645510255566,0.3584345876935986,43,1.6376372946792184,0.16733028474061878,2354.624571462036,0.0880017966151243,False,False,False
882,148604.81148879539,411241.823792802,262637.0123040066,1.565818237822409,0.5294784580498866,168.48618082629864,880.6034770723811,-632.8602706120641,9412.15333115212,8326.599525623169,0.09412153331152119,10,8,0.8,88.2,18.153787483607932,0.2058252549161897,43,0.04031497997931052,15.7886092863518,55.863058234168236,2.176502830080685,2012-01-13 14:00:00,2021-05-18 22:00:00,RBB_U,5,30,3.0,1,31,36,55,32,1,0,-1,1000,6000,0,422,-8538.111482085522,296160.86694515205,304698.97842723766,0.9719785359105675,0.26303317535545023,-20.232491663709766,2668.115918424793,-979.739480473433,34776.51102542835,32884.35686563587,0.3477651102542835,5,2,0.4,84.4,30.32226904438387,0.3592685905732686,46,0.0,0.0,0.0,0.0,False,False,False
457,99336.92522569845,317652.8823147984,218315.95708909997,1.4550144961925833,0.562363238512035,217.36745125973403,1236.0034331315114,-1091.5797854455,15716.179985068433,12141.730805549058,0.15716179985068432,10,7,0.7,45.7,14.588008774332431,0.31921244582784314,23,0.07541002485208874,6.320678773090922,72.30236125043878,2.1730036868223874,2012-01-18 10:00:00,2021-05-19 09:30:00,RBB_U,5,50,2.0,1,17,36,78,31,-1,11,-1,2250,7500,0,229,-27769.52870945968,269773.55877238966,297543.08748184936,0.906670563431746,0.37554585152838427,-121.26431750855755,3136.9018461905775,-2080.720891481464,50900.97281791635,49254.888812263045,0.5090097281791635,5,2,0.4,45.8,17.79213309302738,0.38847452168182056,22,0.0,0.0,0.0,0.0,False,False,False
879,155447.09237091546,416066.10467492207,260619.0123040066,1.5964533861005876,0.5301478953356087,176.8453838121905,892.8457181865281,-631.0387707118804,10578.02758504486,8326.599525623169,0.1057802758504486,10,8,0.8,87.9,17.778920102188433,0.2022630273286511,43,0.05422787308853233,14.695281433249942,59.815118478177,2.1549183893679063,2012-01-13 14:00:00,2021-05-18 22:00:00,RBB_U,5,30,3.0,1,31,36,55,32,1,0,-1,1000,0,0,420,17402.029682290995,320225.1998705064,302823.1701882154,1.0574659781531084,0.2619047619047619,41.43340400545475,2911.138180640967,-976.8489360910173,34288.068625911634,32395.914466119153,0.34288068625911633,5,2,0.4,84.0,29.80603965641863,0.35483380543355514,46,0.969874804031906,0.5075243482550723,827.5465038160412,0.28042617625593913,False,False,False
457,90655.63158098495,271987.17074049625,181331.53915951127,1.499944091365365,0.5273522975929978,198.3711850787417,1128.5774719522667,-839.4978664792188,13506.683722294823,11509.147457628882,0.13506683722294824,10,8,0.8,45.7,14.588008774332431,0.31921244582784314,23,0.04953911766626519,6.711908966324882,68.08793180790579,2.1391619725400477,2012-01-18 10:00:00,2021-05-19 07:00:00,RBB_U,5,50,2.0,1,17,36,78,31,-1,11,-1,1250,4500,0,229,-11989.00726202935,194836.9888941603,206825.99615618965,0.9420333638670085,0.2663755458515284,-52.35374350231157,3194.0489982649233,-1231.1071199773194,23805.587591364216,21970.53564542364,0.23805587591364216,5,1,0.2,45.8,17.79213309302738,0.38847452168182056,22,0.0,0.0,0.0,0.0,False,False,False
564,113656.49667120272,363731.4421047615,250074.94543355884,1.4544897389626723,0.5425531914893617,201.51861111915377,1188.6648434796127,-969.2827342386001,14077.189674957132,12644.125243635848,0.1407718967495713,10,7,0.7,56.4,16.746342884343434,0.29692097312665666,27,0.09389950707608513,8.073805872872054,69.85553144088306,2.128612593030469,2012-01-18 10:00:00,2021-05-19 09:00:00,RBB_U,6,50,2.0,1,152,36,78,31,-1,11,-1,1750,0,92,272,87710.16338651432,389013.21264947514,301303.0492629608,1.2911028069615245,0.3492647058823529,322.4638359798321,4094.875922626054,-1702.2771144800045,38866.36945672254,36962.54249139193,0.3886636945672254,5,4,0.8,54.4,19.9258625911151,0.36628423880726285,29,0.5878696204613343,2.2567109975162216,120.52939002795144,2.0499037768930393,True,False,False
457,96320.51659239308,303631.3130207872,207310.79642839418,1.464618911565768,0.5579868708971554,210.7669947317135,1190.7110314540676,-1026.291071427694,15512.224516092465,12681.598522670974,0.15512224516092465,10,7,0.7,45.7,14.588008774332431,0.31921244582784314,23,0.05181658255759568,6.209329712348455,73.59892632068917,2.120825854438304,2012-01-18 10:00:00,2021-05-19 09:30:00,RBB_U,5,50,2.0,1,17,36,78,31,-1,11,-1,2000,5000,0,229,12410.105563576348,276139.7263606661,263729.62079708977,1.0470561688371156,0.388646288209607,54.1926007143072,3102.693554614226,-1883.7830056934984,32622.872198307297,31274.33655288366,0.32622872198307296,5,3,0.6,45.8,17.79213309302738,0.38847452168182056,22,0.40217224377595806,0.380411187835885,601.9801922828673,0.3760264053060977,False,False,False
458,88857.07247774261,265582.4405911877,176725.36811344506,1.5027974954942673,0.5698689956331878,194.01107527891398,1017.5572436443972,-897.0830868702795,13152.677622054674,11908.789431433346,0.13152677622054673,10,8,0.8,45.8,14.627371602581238,0.3193749258205511,23,0.028033784262068265,6.755816194319648,67.79343706613727,2.1201123795025345,2012-01-18 10:00:00,2021-05-19 09:00:00,RBB_U,5,50,2.0,1,17,36,78,31,-1,11,-1,1500,2500,0,229,-31157.76572188553,181505.33508889336,212663.1008107789,0.8534876732113073,0.36681222707423583,-136.06011232264424,2160.777798677302,-1466.6420745570958,35558.89589036064,35024.89589036064,0.3555889589036064,5,2,0.4,45.8,17.79213309302738,0.38847452168182056,22,0.0,0.0,0.0,0.0,False,False,False
458,89819.92356778709,273055.4405911877,183235.51702340058,1.4901883926592485,0.5764192139737991,196.11337023534298,1034.3009113302564,-944.5129743474257,13801.783047624122,10604.418571995848,0.13801783047624122,10,7,0.7,45.8,14.627371602581238,0.3193749258205511,23,0.027733267865898845,6.507849258161535,70.37655327151583,2.0920836815542483,2012-01-18 10:00:00,2021-05-19 09:00:00,RBB_U,5,50,2.0,1,17,36,78,31,-1,11,-1,1750,2500,0,229,-11326.556057561262,209319.26610810292,220645.82216566417,0.9486663470606885,0.43231441048034935,-49.46094348280027,2114.3360212939688,-1697.2755551204937,30026.557757607326,27893.909988048224,0.30026557757607325,5,2,0.4,45.8,17.79213309302738,0.38847452168182056,22,0.0,0.0,0.0,0.0,False,False,False
808,153873.97513589024,409513.5055420079,255639.5304061176,1.6019177663620368,0.5470297029702971,190.4380880394681,926.5011437601989,-698.4686623117967,13029.761317453856,11332.989611956422,0.13029761317453856,10,8,0.8,80.8,16.375591592366977,0.20266821277681904,40,0.0486826962999071,11.809423932406977,68.41993348911092,2.0908603619466417,2012-01-13 14:00:00,2021-05-12 15:00:00,RBB_U,5,30,3.0,1,31,35,55,32,1,0,-1,1250,7500,0,392,7524.78234900321,331562.7573135934,324037.9749645903,1.023221915116046,0.3112244897959184,19.195873339293904,2717.7275189638804,-1200.140648017001,34025.32399224593,31363.861868914173,0.3402532399224593,5,1,0.2,78.4,27.997142711355384,0.35710641213463495,43,0.9955105214428316,0.22115240844489947,1772.5332622713331,0.1304205982402653,False,False,False
457,89341.90378918458,258442.07174708854,169100.16795790396,1.528337167656897,0.5010940919037199,195.49650719734043,1128.567998895583,-741.6674033241402,13786.34303404457,11863.494542921566,0.1378634303404457,10,8,0.8,45.7,14.588008774332431,0.31921244582784314,23,0.050267565493087966,6.480464294886611,70.5196385945054,2.086670658475476,2012-01-18 10:00:00,2021-05-19 05:00:00,RBB_U,5,50,2.0,1,17,36,78,31,-1,11,-1,1000,4500,0,229,-12566.74483413453,167270.22106416395,179836.96589829848,0.9301214587814983,0.21397379912663755,-54.87661499622065,3413.677980901305,-999.0942549905471,22648.456582361367,20556.670123783137,0.22648456582361368,5,1,0.2,45.8,17.79213309302738,0.38847452168182056,22,0.0,0.0,0.0,0.0,False,False,False
808,134773.9690271585,372656.9876014951,237883.01857433657,1.5665556534252685,0.5321782178217822,166.79946661777043,866.6441572127793,-629.3201549585624,10190.125689118948,9651.932764855927,0.10190125689118948,10,9,0.9,80.8,16.375591592366977,0.20266821277681904,40,0.044452204259063884,13.225937847957129,61.092075986490684,2.070829457198864,2012-01-13 14:00:00,2021-05-12 15:00:00,RBB_U,5,30,3.0,1,31,35,55,32,1,0,-1,1000,6000,24,394,-5881.547259800369,275447.9625055451,281329.50976534555,0.9790937421932517,0.26903553299492383,-14.92778492335119,2598.5656840145766,-976.8385755741165,28092.562031686233,27158.496037366043,0.28092562031686236,5,2,0.4,78.8,28.244645510255566,0.3584345876935986,43,0.0,0.0,0.0,0.0,False,False,False
807,156979.22271254024,457835.20023203804,300855.9775194977,1.5217753159063192,0.5824039653035935,194.52196122991356,974.1174473022086,-892.7477077729901,13870.552554780887,13147.981899477461,0.13870552554780888,10,9,0.9,80.7,16.62558269655533,0.2060171337863114,39,0.04771969099195689,11.31744550857369,71.30584365426331,2.06995643614231,2012-01-13 14:00:00,2021-05-12 23:00:00,RBB_U,5,30,3.0,1,31,35,55,32,1,0,-1,5000,7500,0,388,-28596.84174075482,500461.57100576937,529058.4127465242,0.9459476665491456,0.49742268041237114,-73.70320036277015,2593.065134744919,-2713.1200653667906,104362.48890229646,102297.0267789647,1.0436248890229647,5,2,0.4,77.6,27.644891028904418,0.35624859573330436,42,0.0,0.0,0.0,0.0,False,False,False
805,136562.10838347374,372427.12695781025,235865.01857433657,1.5789841546190708,0.5329192546583851,169.6423706627003,868.1285010671568,-627.3005813147249,10578.02758504486,9651.932764855927,0.1057802758504486,10,9,0.9,80.5,15.970284906663375,0.19838863238091148,40,0.059603394334063954,12.909978470517913,62.35486773570936,2.0671473367110864,2012-01-13 14:00:00,2021-05-12 15:00:00,RBB_U,5,30,3.0,1,31,35,55,32,1,0,-1,1000,0,24,392,23740.20511240683,303193.9066387301,279453.7015263233,1.084952194165768,0.26785714285714285,60.561747735731714,2887.5610156069533,-973.7062770952031,26324.134014828276,24951.20978886202,0.26324134014828277,5,2,0.4,78.4,27.72435752186153,0.35362700920741746,43,0.710936996877458,0.9018418269347084,434.6660226798064,0.46780062778332776,False,False,False
807,143886.21883596873,438391.3414063761,294505.12257040734,1.4885694944120025,0.5824039653035935,178.29766894172084,932.7475349071832,-873.9024408617429,11731.174823740483,11192.981899477461,0.11731174823740483,10,9,0.9,80.7,16.62558269655533,0.2060171337863114,39,0.05206196994126165,12.265286384172274,65.79544698127818,2.0630718761367968,2012-01-13 14:00:00,2021-05-12 23:00:00,RBB_U,5,30,3.0,1,31,35,55,32,1,0,-1,5000,7500,24,388,-33404.63049692425,487131.91493890854,520536.54543583276,0.935826541306614,0.49226804123711343,-86.09440849722745,2550.4288740256993,-2642.3174895219936,103497.48890229646,101432.0267789647,1.0349748890229646,5,3,0.6,77.6,27.644891028904418,0.35624859573330436,42,0.0,0.0,0.0,0.0,False,False,False
882,137647.00276841974,399410.1673581708,261763.16458975105,1.5258455787090874,0.528344671201814,156.06236141544187,857.103363429551,-629.2383764176708,9012.15333115212,8061.599525623169,0.0901215333115212,10,8,0.8,88.2,18.153787483607932,0.2058252549161897,43,0.043524376699138057,15.273486558713804,57.74712909259104,2.060266186942107,2012-01-13 14:00:00,2021-05-18 22:00:00,RBB_U,5,30,3.0,1,31,36,55,32,1,0,-1,1000,6000,24,422,-10543.025950389972,293366.60419280885,303909.6301431989,0.9653086809212914,0.26303317535545023,-24.983473816089983,2642.9423801153953,-977.2013830971025,34462.16274138956,32570.00858159708,0.3446216274138956,5,2,0.4,84.4,30.32226904438387,0.3592685905732686,46,0.0,0.0,0.0,0.0,False,False,False
807,155637.115531089,448838.8366735735,293201.7211424844,1.530819242549588,0.5724907063197026,192.85887922068028,971.5126334925833,-849.8600612825635,13807.890113813053,13269.697189550032,0.13807890113813054,10,9,0.9,80.7,16.62558269655533,0.2060171337863114,39,0.048131192707074104,11.27160733814022,71.5958226533779,2.056910638877103,2012-01-13 14:00:00,2021-05-12 17:00:00,RBB_U,5,30,3.0,1,31,35,55,32,1,0,-1,2500,7500,0,388,27129.494220182612,453116.4713732347,425986.9771530521,1.0636862056241576,0.45618556701030927,69.92137685614075,2559.9800642555633,-2018.8956263177824,48256.03322144333,44616.725204794995,0.4825603322144333,5,3,0.6,77.6,27.644891028904418,0.35624859573330436,42,0.27612014950235136,0.5621990124154506,690.1470679092514,0.3989087927861056,False,False,False
807,155923.83260142032,456561.9962465903,300638.1636451698,1.518642845309056,0.5811648079306072,193.2141667923424,973.4797361334547,-889.4620226188456,13870.552554780887,13147.981899477461,0.13870552554780888,10,9,0.9,80.7,16.62558269655533,0.2060171337863114,39,0.048042687734265996,11.24135696725915,71.78848624329038,2.0560398711638093,2012-01-13 14:00:00,2021-05-12 18:30:00,RBB_U,5,30,3.0,1,31,35,55,32,1,0,-1,4000,7500,0,388,-25797.967608827996,479814.5412682229,505612.50887705095,0.9489768010959133,0.4845360824742268,-66.4896072392474,2552.2050067458667,-2528.0625443852546,93863.83578863338,92199.37366530162,0.9386383578863339,5,3,0.6,77.6,27.644891028904418,0.35624859573330436,42,0.0,0.0,0.0,0.0,False,False,False
809,133623.39792045552,373991.0904400742,240367.69251961866,1.5559124710969603,0.5315203955500618,165.1710728312182,869.746721953661,-634.215547545168,10230.125689118948,9691.932764855927,0.10230125689118948,10,9,0.9,80.9,16.51938255504727,0.20419508720701196,40,0.037351242953506426,13.061755249261616,61.936545629710295,2.0465999154748102,2012-01-13 14:00:00,2021-05-12 15:00:00,RBB_U,5,30,3.0,1,31,35,55,32,1,0,-1,1000,5000,0,394,-8572.085941782512,272537.77210760175,281109.8580493843,0.9695062777190949,0.2715736040609137,-21.756563304016527,2547.081982314035,-979.4768573149279,29573.505291430396,27489.070907446643,0.29573505291430396,5,3,0.6,78.8,28.244645510255566,0.3584345876935986,43,0.0,0.0,0.0,0.0,False,False,False
807,160150.99798923795,426152.0389583091,266001.0409690711,1.602069064864522,0.5563816604708798,198.4522899494894,949.1136725129379,-743.0196675113717,14902.13283517315,13205.361129675715,0.14902132835173149,10,8,0.8,80.7,16.62558269655533,0.2060171337863114,39,0.046774607052423055,10.746850787105947,75.09176557733892,2.0373767530140245,2012-01-13 14:00:00,2021-05-12 15:00:00,RBB_U,5,30,3.0,1,31,35,55,32,1,0,-1,1500,7500,0,389,-1015.6142340521328,359994.1035439152,361009.71777796734,0.9971867399018971,0.34704370179948585,-2.610833506560753,2666.622989214187,-1421.2981014880604,46232.65630642926,43821.1941830975,0.4623265630642926,5,3,0.6,77.8,27.722914709676544,0.3563356646487988,42,0.0,0.0,0.0,0.0,False,False,False
457,99242.50492962648,324940.23464095034,225697.72971132386,1.4397142366321605,0.5667396061269147,217.16084229677566,1254.5955005442097,-1139.887523794565,17936.536460771356,15797.89522172029,0.17936536460771357,10,7,0.7,45.7,14.588008774332431,0.31921244582784314,23,0.10753748125350562,5.532980413842873,82.5956294471311,2.0321308647165,2012-01-18 10:00:00,2021-05-19 09:30:00,RBB_U,5,50,2.0,1,17,36,78,31,-1,11,-1,2500,0,0,229,29181.74002672417,341542.9609464394,312361.22091971524,1.0934230566163161,0.39737991266375544,127.43117915600074,3753.219351059774,-2263.4871081138785,47232.65156622267,45328.824600892054,0.47232651566222666,5,3,0.6,45.8,17.79213309302738,0.38847452168182056,22,1.7669316638902277,0.617829807539173,370.65223659588554,0.7348420250645722,True,False,False
457,92816.08699135316,311132.0440804531,218315.95708909997,1.425145684396641,0.562363238512035,203.09865862440518,1210.6305217138254,-1091.5797854455,15716.179985068433,12141.730805549058,0.15716179985068432,10,7,0.7,45.7,14.588008774332431,0.31921244582784314,23,0.06454700035520919,5.9057663554079625,77.38199794875412,2.030359795920689,2012-01-18 10:00:00,2021-05-19 09:30:00,RBB_U,5,50,2.0,1,17,36,78,31,-1,11,-1,2250,6000,0,229,-16097.902990533963,279186.1844913154,295284.08748184936,0.9454833373250312,0.3799126637554585,-70.29651960931862,3209.036603348453,-2079.465404801756,39161.283806822896,37812.74816139926,0.39161283806822894,5,2,0.4,45.8,17.79213309302738,0.38847452168182056,22,0.0,0.0,0.0,0.0,False,False,False
458,83173.15034268895,257155.13120688882,173981.98086419987,1.478056117820667,0.5895196506550219,181.6007649403689,952.426411877366,-925.436068426595,12663.789004586255,11419.900813964927,0.12663789004586254,10,7,0.7,45.8,14.627371602581238,0.3193749258205511,23,0.023938013551208618,6.5677934394332835,69.734227213991,2.022438329626371,2012-01-18 10:00:00,2021-05-19 09:00:00,RBB_U,5,50,2.0,1,17,36,78,31,-1,11,-1,1750,2000,0,229,-10374.681096653927,198083.41816766112,208458.09926431504,0.9502313360177994,0.4672489082969432,-45.30428426486431,1851.246898763188,-1708.6729447894675,33702.121378167976,32452.354054772513,0.33702121378167976,5,2,0.4,45.8,17.79213309302738,0.38847452168182056,22,0.0,0.0,0.0,0.0,False,False,False
807,139686.7755618853,430939.9778479115,291253.2022860262,1.4796059733094553,0.5724907063197026,173.09389784620234,932.7705148223192,-844.2121805392064,11528.034020174753,10989.841095911732,0.11528034020174753,10,8,0.8,80.7,16.62558269655533,0.2060171337863114,39,0.05362712375504201,12.117137693853525,66.59988690310539,2.020428937424974,2012-01-13 14:00:00,2021-05-12 17:00:00,RBB_U,5,30,3.0,1,31,35,55,32,1,0,-1,2500,7500,24,388,22376.05374805197,444689.4307711052,422313.37702305324,1.0529844777965216,0.4536082474226804,57.670241618690646,2526.6444930176435,-1992.0442312408172,48256.03322144333,44616.725204794995,0.4825603322144333,5,3,0.6,77.6,27.644891028904418,0.35624859573330436,42,0.3347775297801185,0.4636944285364264,836.7579511892279,0.3290147805745691,False,False,False
457,98561.21591620584,324258.94562752964,225697.72971132386,1.4366956461736207,0.5667396061269147,215.67005670942197,1251.965041032933,-1139.887523794565,17936.536460771356,15797.89522172029,0.17936536460771357,10,7,0.7,45.7,14.588008774332431,0.31921244582784314,23,0.10136847346215865,5.494997104472601,83.1665588373157,2.018180507125808,2012-01-18 10:00:00,2021-05-19 09:30:00,RBB_U,5,50,2.0,1,17,36,78,31,-1,11,-1,2500,10000,0,229,-24450.63478533904,287910.58613437624,312361.22091971524,0.9217232065064074,0.39737991266375544,-106.77133094034515,3163.8525948832553,-2263.4871081138785,53734.625750286825,52386.090104863186,0.5373462575028682,5,2,0.4,45.8,17.79213309302738,0.38847452168182056,22,0.0,0.0,0.0,0.0,False,False,False
809,131740.48529519557,371099.17781481426,239358.69251961866,1.5503893922064171,0.5327564894932015,162.84361593967313,861.018974048293,-633.2240542847055,10230.125689118948,9691.932764855927,0.10230125689118948,10,9,0.9,80.9,16.51938255504727,0.20419508720701196,40,0.030294407911563594,12.877699580496698,62.82177922718683,2.017760888181121,2012-01-13 14:00:00,2021-05-12 15:00:00,RBB_U,5,30,3.0,1,31,35,55,32,1,0,-1,1000,4000,0,395,-7868.050514760689,269205.80753462366,277073.8580493843,0.9716030571409653,0.28354430379746837,-19.91911522724225,2403.6232815591397,-979.0595690790965,28962.453465663748,27022.296163050778,0.28962453465663746,5,3,0.6,79.0,27.992856231545932,0.35433995229804977,44,0.0,0.0,0.0,0.0,False,False,False
809,131344.24273885475,371711.93525847344,240367.69251961866,1.546430518020364,0.5315203955500618,162.35382291576607,864.4463610662173,-634.215547545168,10230.125689118948,9691.932764855927,0.10230125689118948,10,9,0.9,80.9,16.51938255504727,0.20419508720701196,40,0.0341925912118526,12.838966668665295,63.01130152276511,2.011691966158966,2012-01-13 14:00:00,2021-05-12 15:00:00,RBB_U,5,30,3.0,1,31,35,55,32,1,0,-1,1000,4500,0,394,-19430.399421353373,261679.45862803096,281109.8580493843,0.9308796939524622,0.2715736040609137,-49.31573457196288,2445.6024170844016,-979.4768573149279,30573.505291430396,28530.389407283918,0.305735052914304,5,2,0.4,78.8,28.244645510255566,0.3584345876935986,43,0.0,0.0,0.0,0.0,False,False,False
881,170295.61446307725,487408.9238379474,317113.30937487027,1.537018186965357,0.5709421112372304,193.2980867912341,969.0038247275297,-838.9240988753181,14643.77107287856,12946.999367381126,0.14643771072878561,10,8,0.8,88.1,18.40353226964867,0.20889366934902012,42,0.04398821439775929,11.629218567782612,75.75745479930245,2.00189150686092,2012-01-13 14:00:00,2021-05-18 23:00:00,RBB_U,5,30,3.0,1,31,36,55,32,1,0,-1,2500,7500,0,416,14767.939227784642,478543.42953265406,463775.49030486937,1.0318428626275113,0.4495192307692308,35.49985391294385,2559.0557729018933,-2025.2204816806523,60865.94463093676,57543.84558264833,0.6086594463093676,5,4,0.8,83.2,29.728101183896698,0.35730890846029684,45,0.5072474828381139,0.24263057638110552,1714.5407071307413,0.18033450394890213,False,False,False
882,161545.38804301218,442276.0517355955,280730.66369258333,1.5754461800436377,0.54421768707483,183.1580363299458,921.408441115824,-698.3349843099088,13192.24412252105,11495.472417023615,0.1319224412252105,10,8,0.8,88.2,18.153787483607932,0.2058252549161897,43,0.04637086883597994,12.245482007661689,72.02656452789321,1.9985088972073533,2012-01-13 14:00:00,2021-05-18 22:00:00,RBB_U,5,30,3.0,1,31,36,55,32,1,0,-1,1250,7500,0,420,280.3383448880777,350523.9758539329,350243.63750904484,1.0008004095288692,0.3047619047619048,0.6674722497335184,2738.468561358851,-1199.4645120172768,40702.44437009927,38040.98224676751,0.4070244437009927,5,1,0.2,84.0,30.086541841826886,0.35817311716460576,46,26.721282109982877,0.006887506370354975,60979.97989631676,0.004146316174301527,False,False,False
883,136081.43166171678,399727.4439657234,263646.0123040066,1.5161520573457532,0.5288788221970555,154.11260663841085,855.947417485489,-633.764452653862,9412.15333115212,8326.599525623169,0.09412153331152119,10,8,0.8,88.3,18.286880543165363,0.2070994398999475,43,0.03667656886802211,14.458055120215446,61.07322130522089,1.9908251398102588,2012-01-13 14:00:00,2021-05-18 22:00:00,RBB_U,5,30,3.0,1,31,36,55,32,1,0,-1,1000,5000,0,422,-14113.053193911008,289576.9252333266,303689.97842723766,0.9535280904987372,0.26540284360189575,-33.44325401400713,2585.5082610118448,-979.6450917007667,31812.949645843684,30285.813643467,0.31812949645843686,5,2,0.4,84.4,30.32226904438387,0.3592685905732686,46,0.0,0.0,0.0,0.0,False,False,False
806,129339.81301940157,352632.3502993913,223292.53727998972,1.5792393001348743,0.5,160.47123203399698,875.0182389563059,-554.0757748883119,10316.457949789517,8473.185543203668,0.10316457949789518,10,8,0.8,80.6,16.100931650062986,0.19976341997596758,40,0.06517378524280758,12.537230670536532,64.28851962452623,1.9800279819045588,2012-01-13 14:00:00,2021-05-12 15:00:00,RBB_U,5,30,3.0,1,31,35,55,32,1,0,-1,750,0,0,393,34446.72512967464,263881.1627011231,229434.43757144845,1.1501375534304765,0.21628498727735368,87.65070007550798,3104.4842670720363,-744.9170051021053,22773.099328709824,19997.32770433552,0.22773099328709825,5,2,0.4,78.6,27.86108397029807,0.3544667171793648,43,0.4899679160887712,1.5126059317823284,259.81651383379256,0.727920191005963,True,False,False
458,85960.29925264447,253173.13120688882,167212.83195424435,1.5140771688871726,0.5851528384279476,187.68624290970408,944.6758627122717,-880.0675366012861,14152.677622054674,12908.789431433346,0.14152677622054674,10,8,0.8,45.8,14.627371602581238,0.3193749258205511,23,0.02316185515069329,6.073783459794856,75.40604682924754,1.977209008980103,2012-01-18 10:00:00,2021-05-19 09:00:00,RBB_U,5,50,2.0,1,17,36,78,31,-1,11,-1,1500,2000,0,229,-34073.83240060831,169278.26686370673,203352.09926431504,0.8324392395068443,0.39737991266375544,-148.79402795025464,1860.200734766008,-1473.565936697935,42235.527548795464,41861.5378871631,0.42235527548795465,5,2,0.4,45.8,17.79213309302738,0.38847452168182056,22,0.0,0.0,0.0,0.0,False,False,False
883,134841.99268523755,397479.00498924416,262637.0123040066,1.513415803440361,0.5300113250283126,152.70893848837775,849.3141132248807,-632.8602706120641,9412.15333115212,8326.599525623169,0.09412153331152119,10,8,0.8,88.3,18.286880543165363,0.2070994398999475,43,0.029597604726268132,14.326370166425226,61.63459339263531,1.9726925684263137,2012-01-13 14:00:00,2021-05-18 22:00:00,RBB_U,5,30,3.0,1,31,36,55,32,1,0,-1,1000,4000,0,423,-11409.017766889185,287235.96066034853,298644.97842723766,0.9617973895728207,0.2789598108747045,-26.97167320777585,2434.203056443632,-979.1638636958612,29389.573843517086,27449.416540904116,0.29389573843517086,5,2,0.4,84.6,30.070583632513685,0.3554442509753391,47,0.0,0.0,0.0,0.0,False,False,False
881,168645.74681527357,496405.287396412,327759.54058113846,1.5145410764130738,0.5800227014755959,191.42536528407896,971.4389185839765,-885.836596165239,14835.754254580865,13299.83411231867,0.14835754254580866,10,8,0.8,88.1,18.40353226964867,0.20889366934902012,42,0.04441855274420458,11.367520917461981,77.50150682781415,1.96962757608027,2012-01-13 14:00:00,2021-05-18 23:00:00,RBB_U,5,30,3.0,1,31,36,55,32,1,0,-1,5000,7500,0,416,-46359.256796006615,526088.8054316621,572448.0622276687,0.9190157852651285,0.49038461538461536,-111.44052114424667,2578.8666932924616,-2700.2267086210786,113890.71963850333,111781.9972251564,1.1389071963850332,5,3,0.6,83.2,29.728101183896698,0.35730890846029684,45,0.0,0.0,0.0,0.0,False,False,False
881,168590.35670415364,495132.08341096423,326541.72670681064,1.5162903938935939,0.5788876276958003,191.36249342128676,970.8472223744396,-880.1663792636406,14835.754254580865,13971.210037706725,0.14835754254580866,10,8,0.8,88.1,18.40353226964867,0.20889366934902012,42,0.04443314639368955,11.363787362014147,77.52696983269223,1.9689806704074961,2012-01-13 14:00:00,2021-05-18 23:00:00,RBB_U,5,30,3.0,1,31,36,55,32,1,0,-1,4000,7500,0,416,-48100.07498267884,505241.4994276423,553341.5744103212,0.9130734482874567,0.47596153846153844,-115.62518024682413,2551.724744584052,-2538.2641027996383,108156.45825814651,106229.65045809041,1.081564582581465,5,2,0.4,83.2,29.728101183896698,0.35730890846029684,45,0.0,0.0,0.0,0.0,False,False,False
808,128929.07639162362,353739.6136716134,224810.53727998972,1.573501037591709,0.49876237623762376,159.56568860349458,877.7657907484203,-555.087746370345,10316.457949789517,8473.185543203668,0.10316457949789518,10,8,0.8,80.8,16.375591592366977,0.20266821277681904,40,0.05810171149637338,12.497416944761948,64.65336025606936,1.9688546313388653,2012-01-13 14:00:00,2021-05-12 15:00:00,RBB_U,5,30,3.0,1,31,35,55,32,1,0,-1,750,7500,0,395,15190.792980114165,246143.23055156262,230952.43757144845,1.0657745514178203,0.21518987341772153,38.45770374712447,2895.802712371325,-745.0078631337046,22773.099328709824,19740.1794501182,0.22773099328709825,5,2,0.4,79.0,28.376046236218322,0.3591904586863079,43,0.49312764710876217,0.6670498714666949,592.1596223854784,0.3193829488314596,False,False,False
805,144222.25410288654,400850.5776221854,256628.32351929886,1.561988841001959,0.546583850931677,179.15807963091495,911.0240400504214,-703.0912973131476,13029.761317453856,11332.989611956422,0.13029761317453856,10,8,0.8,80.5,15.970284906663375,0.19838863238091148,40,0.058448436057987344,11.068679662588707,72.72773488249358,1.9670147452075122,2012-01-13 14:00:00,2021-05-12 15:00:00,RBB_U,5,30,3.0,1,31,35,55,32,1,0,-1,1250,0,0,389,29068.772992283324,349329.7479568736,320260.9749645903,1.0907658917715384,0.31362467866323906,74.72692285934016,2863.3585898104393,-1199.479306983484,32920.859847928936,30264.3229048949,0.32920859847928935,5,2,0.4,77.8,27.679595372765117,0.3557788608324565,43,0.5806158427240742,0.8829894822480481,440.5488489054536,0.5161559773840781,False,False,False
457,88019.92990006748,306335.8869891674,218315.95708909997,1.4031768042687984,0.562363238512035,192.60378533931615,1191.9684318644647,-1091.5797854455,15099.201420918864,12268.575427497373,0.15099201420918865,10,7,0.7,45.7,14.588008774332431,0.31921244582784314,23,0.05670306719928635,5.829442726561828,78.39514365887527,1.9643880158873142,2012-01-18 10:00:00,2021-05-19 09:30:00,RBB_U,5,50,2.0,1,17,36,78,31,-1,11,-1,2250,5000,0,229,-4250.3849271007275,282718.94487902534,286969.3298061261,0.9851887136162869,0.39737991266375544,-18.56063286943549,3106.8015920772013,-2079.487897145841,43002.24085700223,41356.156851348926,0.43002240857002233,5,2,0.4,45.8,17.79213309302738,0.38847452168182056,22,0.0,0.0,0.0,0.0,False,False,False
457,84759.06951009986,266090.60866961116,181331.53915951127,1.467425964081958,0.5273522975929978,185.4684234356671,1104.1104094174736,-839.4978664792188,14006.683722294823,11924.739161990932,0.14006683722294824,10,8,0.8,45.7,14.588008774332431,0.31921244582784314,23,0.04708640648213386,6.05133029277919,75.5205843821349,1.9640012785558005,2012-01-18 10:00:00,2021-05-19 07:00:00,RBB_U,5,50,2.0,1,17,36,78,31,-1,11,-1,1250,4000,0,229,-16626.867682750104,187681.12847343954,204307.99615618965,0.9186186150539151,0.27510917030567683,-72.60640909497862,2979.0655313244374,-1230.7710611818654,30521.890527710573,28341.68293265738,0.3052189052771057,5,1,0.2,45.8,17.79213309302738,0.38847452168182056,22,0.0,0.0,0.0,0.0,False,False,False
807,141618.7579912691,437118.13742092834,295499.3794296592,1.4792523025415696,0.5811648079306072,175.48792811805342,932.0216149699964,-874.2585190226604,12546.337103007856,11192.981899477461,0.12546337103007857,10,9,0.9,80.7,16.62558269655533,0.2060171337863114,39,0.05289553521195141,11.287657650878636,71.49401806469413,1.9634878462963072,2012-01-13 14:00:00,2021-05-12 18:30:00,RBB_U,5,30,3.0,1,31,35,55,32,1,0,-1,4000,7500,24,388,-25436.218515220236,471117.50066609343,496553.71918131365,0.9487744879704902,0.48195876288659795,-65.55726421448514,2519.3449233480933,-2470.4165133398687,93863.83578863338,92199.37366530162,0.9386383578863339,5,3,0.6,77.6,27.644891028904418,0.35624859573330436,42,0.0,0.0,0.0,0.0,False,False,False
881,172104.14828801932,463236.78482026135,291132.636532242,1.5911537446917579,0.5550510783200908,195.35090611579946,947.3144883849925,-742.6852972761276,15564.615640240343,13867.843934742908,0.15564615640240342,10,8,0.8,88.1,18.40353226964867,0.20889366934902012,42,0.04352597002754216,11.05739789957073,79.67516480836798,1.9623916023803964,2012-01-13 14:00:00,2021-05-18 22:00:00,RBB_U,5,30,3.0,1,31,36,55,32,1,0,-1,1500,7500,0,417,-5634.006255628636,383563.37406679324,389197.3803224219,0.9855240385971733,0.34292565947242204,-13.510806368413995,2682.261357110442,-1420.4283953373063,54159.776684282595,51748.314560950836,0.5415977668428259,5,1,0.2,83.4,29.816773802676913,0.35751527341339223,45,0.0,0.0,0.0,0.0,False,False,False
457,83945.34171829949,253045.50967620348,169100.16795790396,1.4964237630987864,0.5010940919037199,183.68783745798575,1105.0022256602772,-741.6674033241402,13786.34303404457,11863.494542921566,0.1378634303404457,10,9,0.9,45.7,14.588008774332431,0.31921244582784314,23,0.047542840594929525,6.089021686969588,75.05310762449294,1.9606284850679203,2012-01-18 10:00:00,2021-05-19 05:00:00,RBB_U,5,50,2.0,1,17,36,78,31,-1,11,-1,1000,4000,0,229,-15704.605254855283,162114.3606434432,177818.96589829848,0.9116820572230897,0.22270742358078602,-68.57906224827634,3178.7129537930036,-998.9829544848229,27148.456582361367,25056.670123783137,0.2714845658236137,5,1,0.2,45.8,17.79213309302738,0.38847452168182056,22,0.0,0.0,0.0,0.0,False,False,False
879,141354.47971338185,401099.64430313295,259745.16458975105,1.5442044703185955,0.5290102389078498,160.81283243843214,862.5798802217913,-627.4037792022972,10578.02758504486,8061.599525623169,0.1057802758504486,10,8,0.8,87.9,17.778920102188433,0.2022630273286511,43,0.05758264763575656,13.363028085994767,65.77850426889721,1.9595565481988517,2012-01-13 14:00:00,2021-05-18 22:00:00,RBB_U,5,30,3.0,1,31,36,55,32,1,0,-1,1000,0,24,420,15756.377966329783,317790.1998705064,302033.8219041766,1.052167594566044,0.2619047619047619,37.51518563411853,2889.0018170046037,-974.3026513037955,33763.720341872846,31871.566182080365,0.33763720341872844,5,2,0.4,84.0,29.80603965641863,0.35483380543355514,46,1.0711719510623559,0.4666659303770252,900.0014199894061,0.25587119624736965,False,False,False
457,90337.73983324772,297648.5362616419,207310.79642839418,1.43575993816825,0.5579868708971554,197.67557950382434,1167.2491618103604,-1026.291071427694,16012.224516092465,13181.598522670974,0.16012224516092466,10,7,0.7,45.7,14.588008774332431,0.31921244582784314,23,0.049713442114999,5.641798223754437,81.00254242979307,1.9577923723693007,2012-01-18 10:00:00,2021-05-19 09:30:00,RBB_U,5,50,2.0,1,17,36,78,31,-1,11,-1,2000,4500,0,229,1713.2434549487734,265442.86425203853,263729.62079708977,1.0064962117253675,0.388646288209607,7.481412467025211,2982.504092719534,-1883.7830056934984,35191.37312785007,33554.22598140912,0.35191373127850073,5,2,0.4,45.8,17.79213309302738,0.38847452168182056,22,2.621343736657837,0.04868362052042042,4703.8407898185305,0.04998099982939592,False,False,False
457,95548.111874336,321245.84158565983,225697.72971132386,1.4233454718243985,0.5667396061269147,209.0768312348709,1240.3314346936672,-1139.887523794565,17936.536460771356,15797.89522172029,0.17936536460771357,10,7,0.7,45.7,14.588008774332431,0.31921244582784314,23,0.07840029335014066,5.327010155127072,85.78921133840012,1.9564829338286849,2012-01-18 10:00:00,2021-05-19 09:30:00,RBB_U,5,50,2.0,1,17,36,78,31,-1,11,-1,2500,7500,0,229,-28486.41155504885,283874.80936466635,312361.22091971524,0.9088029830618103,0.39737991266375544,-124.3948102840561,3119.503399611718,-2263.4871081138785,51965.83874767573,50617.30310225209,0.5196583874767573,5,2,0.4,45.8,17.79213309302738,0.38847452168182056,22,0.0,0.0,0.0,0.0,False,False,False
807,156649.46789011738,445050.24517747737,288400.77728736,1.5431659004650782,0.5712515489467163,194.11334311043046,965.4018333567839,-833.5282580559538,15556.080179418685,13859.30847392125,0.15556080179418685,10,7,0.7,80.7,16.62558269655533,0.2060171337863114,39,0.047820143284844116,10.069983317350786,80.13915957631454,1.9504945887760134,2012-01-13 14:00:00,2021-05-12 17:00:00,RBB_U,5,30,3.0,1,31,35,55,32,1,0,-1,2250,7500,0,388,29740.926999545816,439714.44785354927,409973.52085400344,1.0725435314397707,0.4381443298969072,76.65187371016962,2586.5555756091135,-1880.6124809816672,46479.721388744154,41646.09462163111,0.46479721388744155,5,3,0.6,77.6,27.644891028904418,0.35624859573330436,42,0.25187513489792696,0.63986887423013,606.3742363883997,0.4455848992713999,False,False,False
883,133302.276480116,396948.2887841226,263646.0123040066,1.5056108200354912,0.5288788221970555,150.9652055267452,849.9963357261727,-633.764452653862,9412.15333115212,8326.599525623169,0.09412153331152119,10,8,0.8,88.3,18.286880543165363,0.2070994398999475,43,0.03369034737129863,14.162782074418116,62.346507583064565,1.9501670431441482,2012-01-13 14:00:00,2021-05-18 22:00:00,RBB_U,5,30,3.0,1,31,36,55,32,1,0,-1,1000,4500,0,422,-26471.36667348187,277218.6117537558,303689.97842723766,0.9128342436238005,0.26540284360189575,-62.72835704616556,2475.1661763728193,-979.6450917007667,35484.64578751394,33957.509785137256,0.3548464578751394,5,1,0.2,84.4,30.32226904438387,0.3592685905732686,46,0.0,0.0,0.0,0.0,False,False,False
809,127001.72024936811,365893.73882370465,238892.01857433657,1.5316281431556018,0.5315203955500618,156.9860571685638,850.9156716830341,-630.3219487449513,10190.125689118948,9651.932764855927,0.10190125689118948,10,9,0.9,80.9,16.51938255504727,0.20419508720701196,40,0.03929868028716589,12.463214304116091,64.91102377440627,1.9489951505608247,2012-01-13 14:00:00,2021-05-12 15:00:00,RBB_U,5,30,3.0,1,31,35,55,32,1,0,-1,1000,5000,24,394,-8707.737657743724,271612.77210760175,280320.50976534555,0.968936494639536,0.2715736040609137,-22.100856999349553,2538.437122500951,-976.7265148618312,29573.505291430396,27864.070907446643,0.29573505291430396,5,3,0.6,78.8,28.244645510255566,0.3584345876935986,43,0.0,0.0,0.0,0.0,False,False,False
807,140357.2973984235,426448.28470580035,286090.98730737675,1.490603701708448,0.5700123915737298,173.92477992369703,927.0614884908704,-824.4697040558408,12558.054608270511,10861.282902773077,0.1255805460827051,10,8,0.8,80.7,16.62558269655533,0.2060171337863114,39,0.05337093360194707,11.176675191871414,72.20394134625259,1.945090110929345,2012-01-13 14:00:00,2021-05-12 17:00:00,RBB_U,5,30,3.0,1,31,35,55,32,1,0,-1,2250,7500,24,388,24111.52833305864,431737.40725141973,407625.87891836115,1.0591511225858348,0.43556701030927836,62.14311426046041,2554.6592145054424,-1861.3053831888637,46479.721388744154,41646.09462163111,0.46479721388744155,5,4,0.8,77.6,27.644891028904418,0.35624859573330436,42,0.3106812598739044,0.5187537190981882,747.9464449421333,0.36124405011752025,False,False,False
809,126560.79649072699,364443.81506506354,237883.01857433657,1.532029554901489,0.5327564894932015,156.44103398112114,845.5772971347182,-629.3201549585624,10190.125689118948,9651.932764855927,0.10190125689118948,10,9,0.9,80.9,16.51938255504727,0.20419508720701196,40,0.031534251606044665,12.419944596548898,65.13716657196643,1.9422286416846362,2012-01-13 14:00:00,2021-05-12 15:00:00,RBB_U,5,30,3.0,1,31,35,55,32,1,0,-1,1000,4000,24,395,-8253.702230721901,268030.80753462366,276284.50976534555,0.9701260767831974,0.28354430379746837,-20.895448685371903,2393.132210130568,-976.2703525277228,28962.453465663748,27022.296163050778,0.28962453465663746,5,3,0.6,79.0,27.992856231545932,0.35433995229804977,44,0.0,0.0,0.0,0.0,False,False,False
804,146210.34334311073,447648.6737049278,301438.33036181703,1.485042307551313,0.582089552238806,181.85366087451584,956.5142600532645,-897.1378879815983,13870.552554780887,13147.981899477461,0.13870552554780888,10,9,0.9,80.4,16.224672569885655,0.20179941007320465,39,0.05765368580860089,10.541061198943737,76.27315550360001,1.9351499099802303,2012-01-13 14:00:00,2021-05-12 23:00:00,RBB_U,5,30,3.0,1,31,35,55,32,1,0,-1,5000,0,0,385,-11017.350409588471,517535.9098817556,528553.2602913439,0.9791556476190962,0.4987012987012987,-28.616494570359666,2695.499530634144,-2738.617928970694,92283.41020707847,90356.60240702238,0.9228341020707848,5,3,0.6,77.0,27.33495930123182,0.35499947144456906,42,0.0,0.0,0.0,0.0,False,False,False
883,129077.30388076893,390840.46847051993,261763.16458975105,1.4931072104169645,0.5288788221970555,146.18041209600105,836.9174913715631,-629.2383764176708,9012.15333115212,8061.599525623169,0.0901215333115212,10,8,0.8,88.3,18.286880543165363,0.2070994398999475,43,0.030919455861013023,14.322581866709939,61.650895642800414,1.9298090680105147,2012-01-13 14:00:00,2021-05-18 22:00:00,RBB_U,5,30,3.0,1,31,36,55,32,1,0,-1,1000,4000,24,423,-11794.669482850397,286060.96066034853,297855.6301431989,0.9604013881584851,0.2789598108747045,-27.883379392081316,2424.2454293249875,-976.5758365350783,29389.573843517086,27449.416540904116,0.29389573843517086,5,2,0.4,84.6,30.070583632513685,0.3554442509753391,47,0.0,0.0,0.0,0.0,False,False,False
883,128874.75399062935,391646.9185803804,262772.16458975105,1.4904429439542541,0.5277463193657984,145.95102377194718,840.44403128837,-630.1490757547987,9012.15333115212,8061.599525623169,0.0901215333115212,10,8,0.8,88.3,18.286880543165363,0.2070994398999475,43,0.03872752300549805,14.300106673191047,61.7477911304951,1.9267807849354597,2012-01-13 14:00:00,2021-05-18 22:00:00,RBB_U,5,30,3.0,1,31,36,55,32,1,0,-1,1000,5000,24,422,-14248.70490987222,288651.9252333266,302900.6301431989,0.9529591440495317,0.26540284360189575,-33.764703577896256,2577.2493324404163,-977.0988069135448,31812.949645843684,30285.813643467,0.31812949645843686,5,2,0.4,84.4,30.32226904438387,0.3592685905732686,46,0.0,0.0,0.0,0.0,False,False,False
804,144868.23616165947,438652.3101464632,293784.07398480375,1.4931112643265778,0.572139303482587,180.18437333539734,953.5919785792679,-854.0234708860575,13807.890113813053,13269.697189550032,0.13807890113813054,10,9,0.9,80.4,16.224672569885655,0.20179941007320465,39,0.05818780859362956,10.491699670809016,76.6320067507235,1.921732387798926,2012-01-13 14:00:00,2021-05-12 17:00:00,RBB_U,5,30,3.0,1,31,35,55,32,1,0,-1,2500,0,0,385,44185.43127437595,465545.7851443807,421360.35387000476,1.104863760599574,0.45714285714285713,114.76735395941806,2645.146506502163,-2016.078248181841,43473.24665263643,39797.938635988095,0.43473246652636427,5,3,0.6,77.0,27.33495930123182,0.35499947144456906,42,0.381976358294757,1.0163821356023874,378.7945365370073,0.6898374666016295,True,False,False
804,145154.9532319908,446375.46971948,301220.5164874892,1.4818893311937456,0.5808457711442786,180.54098660695374,955.836123596317,-893.8294257788998,13870.552554780887,13147.981899477461,0.13870552554780888,10,9,0.9,80.4,16.224672569885655,0.20179941007320465,39,0.058072873225338675,10.464972657629199,76.82772103698389,1.9211814175204662,2012-01-13 14:00:00,2021-05-12 18:30:00,RBB_U,5,30,3.0,1,31,35,55,32,1,0,-1,4000,0,0,385,-7966.403247956805,496140.953173914,504107.35642187076,0.9841970105246988,0.4857142857142857,-20.691956488199494,2653.1601774006094,-2545.996749605408,85627.62300626529,83700.8152062092,0.8562762300626529,5,3,0.6,77.0,27.33495930123182,0.35499947144456906,42,0.0,0.0,0.0,0.0,False,False,False
809,125164.55393438615,364056.57250872266,238892.01857433657,1.5239377802630034,0.5315203955500618,154.71514701407435,846.6431918807504,-630.3219487449513,10190.125689118948,9651.932764855927,0.10190125689118948,10,9,0.9,80.9,16.51938255504727,0.20419508720701196,40,0.03588076543103629,12.282925427312177,65.86378829599637,1.9208016093108087,2012-01-13 14:00:00,2021-05-12 15:00:00,RBB_U,5,30,3.0,1,31,35,55,32,1,0,-1,1000,4500,24,394,-19566.051137314586,260754.45862803096,280320.50976534555,0.9302011431354302,0.2715736040609137,-49.6600282672959,2436.9575572713175,-976.7265148618312,30666.360640117637,28864.070907446643,0.30666360640117635,5,2,0.4,78.8,28.244645510255566,0.3584345876935986,43,0.0,0.0,0.0,0.0,False,False,False
807,150881.12738439208,434981.7786000293,284100.6512156372,1.5310833563344095,0.5662949194547707,186.96546144286503,951.8200844639591,-811.716146330392,14900.921846632125,13204.15014113469,0.14900921846632126,10,8,0.8,80.7,16.62558269655533,0.2060171337863114,39,0.049648356490043746,10.12562369881122,79.6987942673343,1.9195271723489262,2012-01-13 14:00:00,2021-05-12 17:00:00,RBB_U,5,30,3.0,1,31,35,55,32,1,0,-1,2000,7500,0,388,31430.88267439406,424382.72712694027,392951.8444525462,1.0799866017124389,0.4252577319587629,81.00742957318056,2572.0165280420624,-1762.115894406037,57152.01603960656,55225.20823955048,0.5715201603960656,5,3,0.6,77.6,27.644891028904418,0.35624859573330436,42,0.2383324731157718,0.5499523000660613,705.515732825179,0.42466700716842193,False,False,False
807,149661.79919803631,450958.55093605106,301296.75173801463,1.4967255648616193,0.5749690210656754,185.4545219306522,971.8934287414894,-878.4161858251156,14662.205837665177,13444.841095911732,0.14662205837665176,10,8,0.8,80.7,16.62558269655533,0.2060171337863114,39,0.05005285276630757,10.207318111274626,79.06092385899265,1.919451831920724,2012-01-13 14:00:00,2021-05-12 17:00:00,RBB_U,5,30,3.0,1,31,35,55,32,1,0,-1,3000,7500,0,388,9284.392906571382,468691.3745412216,459406.9816346502,1.0202095163498297,0.47164948453608246,23.92884769734892,2561.155052137823,-2241.009666510489,58991.24536001782,56854.15021364667,0.5899124536001782,5,3,0.6,77.6,27.644891028904418,0.35624859573330436,42,0.8068378918666788,0.15738594515015977,2465.2773132303178,0.12347170638857193,False,False,False
804,132982.5355293812,428070.0109421079,295087.47541272664,1.4506546248477137,0.582089552238806,165.4011635937577,914.6795105600596,-878.2365339664483,11731.174823740483,11192.981899477461,0.11731174823740483,10,9,0.9,80.4,16.224672569885655,0.20179941007320465,39,0.061207775627597424,11.335824205795932,70.925588241649,1.913847168703705,2012-01-13 14:00:00,2021-05-12 23:00:00,RBB_U,5,30,3.0,1,31,35,55,32,1,0,-1,5000,0,24,385,-16415.1391657579,503616.2538148947,520031.3929806526,0.9684343303359598,0.4935064935064935,-42.63672510586468,2650.6118621836563,-2666.827656311039,92008.41020707847,90081.60240702238,0.9200841020707847,5,3,0.6,77.0,27.33495930123182,0.35499947144456906,42,0.0,0.0,0.0,0.0,False,False,False
808,140710.65428599872,398597.97780529765,257887.32351929886,1.545628425491293,0.5470297029702971,174.14684936385981,901.8053796499946,-704.610173549997,13029.761317453856,11332.989611956422,0.13029761317453856,10,8,0.8,80.8,16.375591592366977,0.20266821277681904,40,0.04257673329997534,10.799173588660562,74.82054005025189,1.911995379922762,2012-01-13 14:00:00,2021-05-12 15:00:00,RBB_U,5,30,3.0,1,31,35,55,32,1,0,-1,1250,6000,0,392,-1379.233013519959,322516.5501900926,323895.78320361255,0.9957417382842155,0.3137755102040816,-3.5184515651019366,2622.0857739031917,-1204.0735435078534,34348.893886023274,31512.566217185486,0.34348893886023274,5,2,0.4,78.4,27.997142711355384,0.35710641213463495,43,0.0,0.0,0.0,0.0,False,False,False
807,143652.33264719901,407325.07848663203,263672.745839433,1.5448129733312599,0.5551425030978935,178.00784714646718,909.2077644790894,-734.4644730903426,13664.107264024977,11967.335558527542,0.13664107264024977,10,9,0.9,80.7,16.62558269655533,0.2060171337863114,39,0.05214673414595654,10.513115117692948,76.76126352329834,1.908481539727715,2012-01-13 14:00:00,2021-05-12 15:00:00,RBB_U,5,30,3.0,1,31,35,55,32,1,0,-1,1500,7500,24,389,-6405.01290053931,352538.7920921496,358943.80499268894,0.9821559452720746,0.34704370179948585,-16.46532879316018,2611.398459941849,-1413.1645865853895,46232.65630642926,43821.1941830975,0.4623265630642926,5,1,0.2,77.8,27.722914709676544,0.3563356646487988,42,0.0,0.0,0.0,0.0,False,False,False
807,156178.44728204966,429048.2788654441,272869.83158339444,1.572355127629118,0.5613382899628253,193.52967445111483,947.1264434115765,-770.818733286425,16229.344819836922,14532.573114339488,0.16229344819836922,10,9,0.9,80.7,16.62558269655533,0.2060171337863114,39,0.047964364676207,9.623213322275014,83.85972262840973,1.9038666184394395,2012-01-13 14:00:00,2021-05-12 15:00:00,RBB_U,5,30,3.0,1,31,35,55,32,1,0,-1,1750,7500,0,389,16500.07339819584,393520.90269289387,377020.8292946981,1.0437643549537114,0.39331619537275064,42.416641126467454,2572.0320437444043,-1597.545886841941,54534.667496511924,52373.205373180164,0.5453466749651192,5,3,0.6,77.8,27.722914709676544,0.3563356646487988,42,0.45399798044650425,0.302561180908478,1285.6903811387124,0.2276351830486193,False,False,False
804,148725.6783489465,415965.5124311989,267239.83408225235,1.5565251110849405,0.5559701492537313,184.98218700117724,930.5716161771787,-748.5709638158329,14902.13283517315,13205.361129675715,0.14902132835173149,10,8,0.8,80.4,16.224672569885655,0.20179941007320465,39,0.0566786132068839,9.980160557817122,80.55982620141859,1.8990882272702203,2012-01-13 14:00:00,2021-05-12 15:00:00,RBB_U,5,30,3.0,1,31,35,55,32,1,0,-1,1500,0,0,386,21340.206184002433,377822.9239619698,356482.71777796734,1.0598632279203337,0.34974093264248707,55.28550824871097,2798.6883256442206,-1420.2498716253679,42058.4930206697,39647.03089733794,0.420584930206697,5,4,0.8,77.2,27.418242102658585,0.3551585764593081,42,0.7908916147455844,0.5073935048865104,760.7507709156374,0.337849981639786,False,False,False
881,155855.27449387353,471786.89124331216,315931.6167494385,1.4933196496679866,0.5698070374574348,176.9072355208553,939.8145243890681,-833.5926563309723,13666.243805732222,10281.329864544867,0.13666243805732223,10,8,0.8,88.1,18.40353226964867,0.20889366934902012,42,0.04806382090260578,11.404397339121155,77.25090364730238,1.8965332484649322,2012-01-13 14:00:00,2021-05-18 23:00:00,RBB_U,5,30,3.0,1,31,36,55,32,1,0,-1,2500,7500,24,416,10569.498755654,470671.3889305245,460101.8901748705,1.0229720828828521,0.44711538461538464,25.40744893186058,2530.491338336153,-2000.4430007603064,60865.94463093676,57543.84558264833,0.6086594463093676,5,4,0.8,83.2,29.728101183896698,0.35730890846029684,45,0.7087374882364027,0.17365209428265024,2395.594488615177,0.12906643815972224,False,False,False
883,126537.58767564739,389309.7522653984,262772.16458975105,1.4815486749641165,0.5277463193657984,143.30417630311143,835.4286529300394,-630.1490757547987,9012.15333115212,8061.599525623169,0.0901215333115212,10,8,0.8,88.3,18.286880543165363,0.2070994398999475,43,0.03549143051084345,14.04077172524879,62.888281162790136,1.8918382767446538,2012-01-13 14:00:00,2021-05-18 22:00:00,RBB_U,5,30,3.0,1,31,36,55,32,1,0,-1,1000,4500,24,422,-26607.01838944308,276293.6117537558,302900.6301431989,0.9121592504549614,0.26540284360189575,-63.049806610054695,2466.907247801391,-977.0988069135448,35484.64578751394,33957.509785137256,0.3548464578751394,5,1,0.2,84.4,30.32226904438387,0.3592685905732686,46,0.0,0.0,0.0,0.0,False,False,False
879,152313.00459865533,434032.46140441997,281719.4568057646,1.5406548994721003,0.5437997724687145,173.27986871291847,908.0177016828869,-702.5422862986647,13192.24412252105,11495.472417023615,0.1319224412252105,10,8,0.8,87.9,17.778920102188433,0.2022630273286511,43,0.05534369976669599,11.545647820345836,76.13258378200476,1.8907243507778884,2012-01-13 14:00:00,2021-05-18 22:00:00,RBB_U,5,30,3.0,1,31,36,55,32,1,0,-1,1250,0,0,417,18741.2408226959,365207.87833174074,346466.63750904484,1.0540924833555052,0.3069544364508393,44.943023555625665,2853.1865494667245,-1198.8464965710893,39978.56305022769,38086.40889043521,0.3997856305022769,5,2,0.4,83.4,29.776500801806783,0.35703238371470963,46,0.900569513381961,0.46878225210721186,889.538795732034,0.28170084079687224,False,False,False
881,157062.74293870202,479238.25480177667,322175.5118630746,1.487506769308569,0.5788876276958003,178.27780129251082,939.6828525525033,-868.3976060999315,13979.9422775071,10595.028336319745,0.139799422775071,10,9,0.9,88.1,18.40353226964867,0.20889366934902012,42,0.04769431540440858,11.234863479472779,78.4166182000943,1.8896615535334007,2012-01-13 14:00:00,2021-05-18 23:00:00,RBB_U,5,30,3.0,1,31,36,55,32,1,0,-1,5000,7500,24,416,-50277.045552176045,513314.14936480136,563591.1949169775,0.9107916411653973,0.4855769230769231,-120.85828257734626,2541.159155271294,-2633.603714565316,113025.7196385033,110916.99722515637,1.130257196385033,5,2,0.4,83.2,29.728101183896698,0.35730890846029684,45,0.0,0.0,0.0,0.0,False,False,False
807,133956.60313519434,433059.6921103891,299103.0889751948,1.4478609819583095,0.5749690210656754,165.99331243518506,933.3183019620456,-872.0206675661656,12138.427761432271,11489.841095911732,0.1213842776143227,10,8,0.8,80.7,16.62558269655533,0.2060171337863114,39,0.05592109552404658,11.035745795746134,73.12600479716271,1.8882035917248499,2012-01-13 14:00:00,2021-05-12 17:00:00,RBB_U,5,30,3.0,1,31,35,55,32,1,0,-1,3000,7500,24,388,5956.142000179141,460264.33393909206,454308.19193891296,1.0131103557141667,0.4690721649484536,15.350881443760674,2528.924911753253,-2205.379572518995,58991.24536001782,56854.15021364667,0.5899124536001782,5,3,0.6,77.6,27.644891028904418,0.35624859573330436,42,1.2576933188924466,0.10096654111689603,3842.857205049594,0.07920981195595919,False,False,False
878,159946.0726822946,477641.7348994841,317695.66221718956,1.5034568982340997,0.570615034168565,182.17092560625807,953.3767163662357,-842.6940642365771,14643.77107287856,12946.999367381126,0.14643771072878561,10,8,0.8,87.8,18.032193432857802,0.20537805732184286,42,0.052702545649965724,10.92246470436345,80.38478711212909,1.8866530694741397,2012-01-13 14:00:00,2021-05-18 23:00:00,RBB_U,5,30,3.0,1,31,36,55,32,1,0,-1,2500,0,0,413,28740.78811650569,487889.65513832774,459148.867021822,1.0625957944814872,0.45036319612590797,69.59028599638181,2623.06266203402,-2022.6822335763084,56083.15806212986,52725.05901384143,0.5608315806212987,5,3,0.6,82.6,29.425159302882285,0.3562367954344103,45,0.5872417297484115,0.5124673629232177,805.9049802589658,0.3682746605183279,False,False,False
457,82701.32716288161,279967.12359127577,197265.79642839415,1.4192380466367442,0.5689277899343544,180.9657049516009,1076.7966291972145,-1001.3492204487013,14460.81133675987,11263.446861131597,0.1446081133675987,10,7,0.7,45.7,14.588008774332431,0.31921244582784314,23,0.036166287804658526,5.718996343770287,79.90912610003868,1.8859900442979098,2012-01-18 10:00:00,2021-05-19 09:30:00,RBB_U,5,50,2.0,1,17,36,78,31,-1,11,-1,2000,3000,0,229,-7826.21481783413,237783.6813211162,245609.89613895034,0.968135588423495,0.4366812227074236,-34.175610558227646,2377.836813211162,-1903.952683247677,40091.69837005205,38445.614364398745,0.4009169837005205,5,3,0.6,45.8,17.79213309302738,0.38847452168182056,22,0.0,0.0,0.0,0.0,False,False,False
808,131577.61277330286,428975.81366966583,297398.2008963629,1.442429081200646,0.5816831683168316,162.8435801649788,912.7144971695018,-879.8763340129079,11731.174823740483,11192.981899477461,0.11731174823740483,10,9,0.9,80.8,16.375591592366977,0.20266821277681904,40,0.04553206182819253,11.216064439430914,72.03952904901432,1.88425352076593,2012-01-13 14:00:00,2021-05-12 23:00:00,RBB_U,5,30,3.0,1,31,35,55,32,1,0,-1,5000,6000,24,388,-58808.4130726592,466622.5255155707,525430.9385882299,0.8880758464077688,0.49226804123711343,-151.56807492953402,2443.049871809271,-2667.16212481335,109398.6877194726,107333.22559614084,1.0939868771947259,5,1,0.2,77.6,27.644891028904418,0.35624859573330436,42,0.0,0.0,0.0,0.0,False,False,False
807,134449.59088279618,416209.8181283523,281760.2272455561,1.4771773227085823,0.5650557620817844,166.60420183741783,912.7408292288427,-802.7356901582795,12402.896275483952,10706.124569986518,0.12402896275483952,10,8,0.8,80.7,16.62558269655533,0.2060171337863114,39,0.05571604904718627,10.84017699547762,74.44527892272146,1.8748384059356216,2012-01-13 14:00:00,2021-05-12 17:00:00,RBB_U,5,30,3.0,1,31,35,55,32,1,0,-1,2000,7500,24,388,25301.48400790688,416405.68652481074,391104.20251690387,1.0646924370668538,0.422680412371134,65.21001032965691,2539.0590641756753,-1746.0009040933207,57152.01603960656,55225.20823955048,0.5715201603960656,5,4,0.8,77.6,27.644891028904418,0.35624859573330436,42,0.29606959013388356,0.4427050130720298,876.43010253618,0.3418518532192207,False,False,False
881,155795.2820940024,477965.0508163289,322169.7687223265,1.483581320220893,0.5777525539160046,176.8391397207746,939.0276047472081,-866.0477653825981,13979.9422775071,10912.255824943037,0.139799422775071,10,9,0.9,88.1,18.40353226964867,0.20889366934902012,42,0.04808232893394131,11.144200669888875,79.05457072218935,1.8744124117953593,2012-01-13 14:00:00,2021-05-18 23:00:00,RBB_U,5,30,3.0,1,31,36,55,32,1,0,-1,4000,7500,24,416,-46848.32588907108,497099.4588255128,543947.7847145839,0.9138734871148468,0.4735576923076923,-112.61616800257471,2523.347506728491,-2483.7798388793785,108156.45825814651,106229.65045809041,1.081564582581465,5,2,0.4,83.2,29.728101183896698,0.35730890846029684,45,0.0,0.0,0.0,0.0,False,False,False
804,128783.09225529776,420618.6473836434,291835.55512834556,1.4412865053357211,0.572139303482587,160.17797544191262,914.3883638774856,-848.3591718847255,11528.034020174753,10989.841095911732,0.11528034020174753,10,8,0.8,80.4,16.224672569885655,0.20179941007320465,39,0.06320367879453934,11.171297033815097,71.97015687312961,1.8696685483883306,2012-01-13 14:00:00,2021-05-12 17:00:00,RBB_U,5,30,3.0,1,31,35,55,32,1,0,-1,2500,0,24,385,38841.99080224531,456528.74454225117,417686.7537400059,1.0929931113554607,0.45454545454545453,100.88828779803977,2608.735683098578,-1988.9845416190756,44063.24665263643,40387.938635988095,0.4406324665263643,5,3,0.6,77.0,27.33495930123182,0.35499947144456906,42,0.4345243325399724,0.8815054212515973,436.7528443028306,0.6023403428103653,True,False,False
808,136471.65023260526,390346.5450703308,253874.8948377256,1.537554728756605,0.5457920792079208,168.90055721857087,885.1395579826095,-691.757206642304,12854.761317453856,11157.989611956422,0.12854761317453856,10,7,0.7,80.8,16.375591592366977,0.20266821277681904,40,0.054890521124586505,10.616428174929055,76.10846008529602,1.8669750782853571,2012-01-13 14:00:00,2021-05-12 15:00:00,RBB_U,5,30,3.0,1,31,35,55,32,1,0,-1,1250,7500,24,392,10800.772532000912,330754.8347113127,319954.0621793119,1.0337572602092726,0.3163265306122449,27.55299115306355,2667.37769928478,-1193.8584409675816,34025.32399224593,31363.861868914173,0.3402532399224593,5,2,0.4,78.4,27.997142711355384,0.35710641213463495,43,0.6935615001431981,0.31743334859830613,1234.9049075371527,0.18720052617431304,False,False,False
808,141670.61664987437,445419.67249532766,303749.0558454533,1.4664067720492142,0.5816831683168316,175.33492159637916,947.7014308411227,-898.6658456966073,13870.552554780887,13147.981899477461,0.13870552554780888,10,9,0.9,80.8,16.375591592366977,0.20266821277681904,40,0.042288232674289786,10.213768780324724,79.10889872076304,1.8657823884983542,2012-01-13 14:00:00,2021-05-12 23:00:00,RBB_U,5,30,3.0,1,31,35,55,32,1,0,-1,5000,6000,0,388,-53108.61298183368,480844.1929170876,533952.8058989213,0.9005368781751709,0.49742268041237114,-136.8778685098806,2491.420688689573,-2738.2195174303656,110263.68771947263,108198.22559614087,1.1026368771947264,5,2,0.4,77.6,27.644891028904418,0.35624859573330436,42,0.0,0.0,0.0,0.0,False,False,False
881,154995.48294598042,444426.65057961084,289431.1676336304,1.5355175954725713,0.5527809307604994,175.9313086787519,912.5803913339032,-734.5968721665746,14101.59006909217,12404.818363594735,0.1410159006909217,10,8,0.8,88.1,18.40353226964867,0.20889366934902012,42,0.04833044071749362,10.991347939244038,80.15395426200959,1.8567290715705775,2012-01-13 14:00:00,2021-05-18 22:00:00,RBB_U,5,30,3.0,1,31,36,55,32,1,0,-1,1500,7500,24,417,-11023.404922115813,376108.06261502765,387131.4675371435,0.9715254226367992,0.34292565947242204,-26.435023794042717,2630.1263119932005,-1412.8885676538084,54159.776684282595,51748.314560950836,0.5415977668428259,5,2,0.4,83.4,29.816773802676913,0.35751527341339223,45,0.0,0.0,0.0,0.0,False,False,False
878,158296.2050344909,486638.0984579487,328341.8934234578,1.4821078522268816,0.5797266514806378,180.29180527846344,956.06699107652,-889.8154293318639,14835.754254580872,13299.83411231867,0.1483575425458087,10,8,0.8,87.8,18.032193432857802,0.20537805732184286,42,0.05325184640550708,10.66991285499444,82.28745744526115,1.855071353217841,2012-01-13 14:00:00,2021-05-18 23:00:00,RBB_U,5,30,3.0,1,31,36,55,32,1,0,-1,5000,0,0,413,-31862.85363031256,540080.056142176,571942.9097724886,0.9442901501428049,0.4915254237288136,-77.14976665935244,2660.492887399882,-2723.5376655832792,104616.7059560561,102689.89815600001,1.046167059560561,5,2,0.4,82.6,29.425159302882285,0.3562367954344103,45,0.0,0.0,0.0,0.0,False,False,False
878,158240.81492337098,485364.89447250095,327124.07954913005,1.4837333134921518,0.5785876993166287,180.2287185915387,955.4427056545294,-884.1191339165678,14835.754254580872,13971.210037706725,0.1483575425458087,10,8,0.8,87.8,18.032193432857802,0.20537805732184286,42,0.053270486512303615,10.666179299546606,82.31626108491555,1.8544222371612193,2012-01-13 14:00:00,2021-05-18 23:00:00,RBB_U,5,30,3.0,1,31,36,55,32,1,0,-1,4000,0,0,413,-33351.59878727994,518484.823167861,551836.421955141,0.9395625271178799,0.47699757869249393,-80.75447648251802,2631.902655674421,-2554.7982497923194,102184.8223282955,100258.01452823941,1.021848223282955,5,2,0.4,82.6,29.425159302882285,0.3562367954344103,45,0.0,0.0,0.0,0.0,False,False,False
808,140615.22653875448,444146.4685098799,303531.2419711255,1.4632644258482326,0.5804455445544554,174.0287457162803,947.007395543454,-895.3723951950604,13870.552554780887,13147.981899477461,0.13870552554780888,10,9,0.9,80.8,16.375591592366977,0.20266821277681904,40,0.04260562776499059,10.137680239010189,79.70265198252994,1.8518830469913619,2012-01-13 14:00:00,2021-05-12 18:30:00,RBB_U,5,30,3.0,1,31,35,55,32,1,0,-1,4000,6000,0,388,-47809.738849906855,461697.16317954124,509506.9020294481,0.9061646885263518,0.4845360824742268,-123.22097641728571,2455.835974359262,-2547.5345101472403,98265.03460580955,96600.57248247779,0.9826503460580954,5,3,0.6,77.6,27.644891028904418,0.35624859573330436,42,0.0,0.0,0.0,0.0,False,False,False
808,121013.54865491332,345824.085934903,224810.53727998972,1.5382912656989796,0.49876237623762376,149.76924338479373,858.1242827168809,-555.087746370345,10316.457949789532,8473.185543203683,0.10316457949789531,10,8,0.8,80.8,16.375591592366977,0.20266821277681904,40,0.04950685329527982,11.730145098626815,68.88235339003506,1.8479779146192379,2012-01-13 14:00:00,2021-05-12 15:00:00,RBB_U,5,30,3.0,1,31,35,55,32,1,0,-1,750,6000,0,395,6522.267564422909,236715.70513587137,230193.43757144845,1.0283338553576207,0.21772151898734177,16.512069783349137,2752.5081992543182,-744.9625811373736,22692.289517816855,20485.770103852235,0.22692289517816855,5,2,0.4,79.0,28.376046236218322,0.3591904586863079,43,0.9185455734259016,0.2874221906653337,1374.2849815654174,0.13737313342094554,False,False,False
878,161098.16623637476,453469.5958817982,292371.42964542325,1.5510051595388392,0.5546697038724373,183.48310505281864,931.1490675190928,-747.7530169959674,15564.615640240343,13867.843934742908,0.15564615640240342,10,8,0.8,87.8,18.032193432857802,0.20537805732184286,42,0.052325643388782615,10.35028233012551,84.82860389658117,1.8431739667534115,2012-01-13 14:00:00,2021-05-18 22:00:00,RBB_U,5,30,3.0,1,31,36,55,32,1,0,-1,1500,0,0,414,13638.725996953639,398309.1063193755,384670.3803224219,1.035455617834474,0.34541062801932365,32.94378260133729,2785.378365869759,-1419.4478978687155,49985.61339852304,47574.15127519128,0.49985613398523043,5,3,0.6,82.8,29.518807563992144,0.35650733772937376,45,1.2374902268466448,0.2728530284947275,1517.300366002718,0.1846674691895584,False,False,False
810,120627.75588737008,341412.1390273968,220784.38314002677,1.5463600014266634,0.5234567901234568,148.92315541650626,805.2173090268792,-571.9802672021419,10281.644954936753,9490.41051426726,0.10281644954936754,10,7,0.7,81.0,16.24807680927192,0.20059354085520892,41,0.06210013561882336,11.732340147521862,69.03993489918467,1.8406464398944926,2012-01-13 14:00:00,2021-05-12 15:00:00,RBB_U,5,30,3.0,1,31,35,55,32,1,0,-1,1000,7500,12,394,-21274.60094530104,250436.00497180515,271710.60591710615,0.9217012494838296,0.28426395939086296,-53.99644909974884,2236.035758676832,-963.5127869400927,37981.44474389949,36454.30874152281,0.3798144474389949,5,1,0.2,78.8,28.244645510255566,0.3584345876935986,43,0.0,0.0,0.0,0.0,False,False,False
804,145880.58852068783,434863.7186503672,288983.13012967934,1.504806590112111,0.5708955223880597,181.443518060557,947.4155090421943,-837.6322612454474,15556.080179418685,13859.30847392125,0.15556080179418685,10,7,0.7,80.4,16.224672569885655,0.20179941007320465,39,0.05778400870569521,9.377721562125508,85.73511110067224,1.823185333242466,2012-01-13 14:00:00,2021-05-12 17:00:00,RBB_U,5,30,3.0,1,31,35,55,32,1,0,-1,2250,0,0,385,46688.24077069181,452143.7616246952,405455.5208540034,1.115150092597958,0.43896103896103894,121.26815784595276,2675.4068735189067,-1877.1088928426082,41555.5581029846,36721.93133587156,0.415555581029846,5,3,0.6,77.0,27.33495930123182,0.35499947144456906,42,0.3614998091438968,1.1235137464641238,342.6749349633292,0.7455412330853949,True,False,False
808,143478.67713934643,413736.51122159883,270257.83408225235,1.5308955339872925,0.5556930693069307,177.5726202219634,921.4621630770575,-752.807337276469,14902.13283517315,13205.361129675715,0.14902132835173149,10,8,0.8,80.8,16.375591592366977,0.20266821277681904,40,0.04175533340178167,9.628063226003269,83.92134337233793,1.8230191674991412,2012-01-13 14:00:00,2021-05-12 15:00:00,RBB_U,5,30,3.0,1,31,35,55,32,1,0,-1,1500,6000,0,389,-17552.821357553054,343456.89642041427,361009.71777796734,0.9513785350001337,0.34704370179948585,-45.12293408111325,2544.1251586697354,-1421.2981014880604,52514.55241567832,50103.09029234656,0.5251455241567832,5,3,0.6,77.8,27.722914709676544,0.3563356646487988,42,0.0,0.0,0.0,0.0,False,False,False
457,89027.2736399907,314725.0033513145,225697.72971132386,1.3944535629749577,0.5667396061269147,194.80803859954202,1215.1544530938784,-1139.887523794565,17936.536460771356,15797.89522172029,0.17936536460771357,10,7,0.7,45.7,14.588008774332431,0.31921244582784314,23,0.06729398480994106,4.9634595750802,92.07287640548897,1.8229595342607976,2012-01-18 10:00:00,2021-05-19 09:30:00,RBB_U,5,50,2.0,1,17,36,78,31,-1,11,-1,2500,6000,0,229,-15577.201487896251,294275.019431819,309852.22091971524,0.9497269974645997,0.4017467248908297,-68.02271392094433,3198.64151556325,-2261.6950432096005,40134.26572325471,38785.730077831075,0.40134265723254714,5,2,0.4,45.8,17.79213309302738,0.38847452168182056,22,0.0,0.0,0.0,0.0,False,False,False
457,79212.96575723552,239841.1186355707,160628.15287833515,1.493144970777532,0.4485776805251641,173.3325290092681,1169.9566762710765,-637.4133050727586,14225.944560303891,12144.0,0.1422594456030389,10,10,1.0,45.7,14.588008774332431,0.31921244582784314,23,0.13472906753836333,5.56820430597428,82.07313792521443,1.821289419690624,2012-01-18 10:00:00,2021-05-19 05:00:00,RBB_U,5,50,2.0,1,17,36,78,31,-1,11,-1,750,0,0,229,-30428.298716143305,120412.1193867018,150840.4181028451,0.7982748980754159,0.12663755458515283,-132.87466688272187,4152.142047817303,-754.2020905142256,33110.267457247886,31575.585601366212,0.3311026745724789,5,1,0.2,45.8,17.79213309302738,0.38847452168182056,22,0.0,0.0,0.0,0.0,False,False,False
804,130715.07468468157,426796.8069566601,296081.7322719785,1.4414830786136028,0.5808457711442786,162.58093866253927,913.9117921984157,-878.5808079287197,12546.337103007856,11192.981899477461,0.12546337103007857,10,9,0.9,80.4,16.224672569885655,0.20179941007320465,39,0.06226952183369894,10.418584612503674,77.16979128192654,1.8190749673025557,2012-01-13 14:00:00,2021-05-12 18:30:00,RBB_U,5,30,3.0,1,31,35,55,32,1,0,-1,4000,0,24,385,-8194.654154349046,486853.91257178446,495048.5667261335,0.9834467672363095,0.4831168831168831,-21.284815985322197,2617.4941536117444,-2487.6812398298166,86217.62300626529,84290.8152062092,0.8621762300626529,5,3,0.6,77.0,27.33495930123182,0.35499947144456906,42,0.0,0.0,0.0,0.0,False,False,False
882,146882.06719312066,429860.52399888524,282978.4568057646,1.5190574181904597,0.54421768707483,166.53295600127058,895.5427583310109,-703.926509467076,13192.24412252105,11495.472417023615,0.1319224412252105,10,8,0.8,88.2,18.153787483607932,0.2058252549161897,43,0.040787824643855455,11.133971281078095,79.21701769600726,1.8171061500530254,2012-01-13 14:00:00,2021-05-18 22:00:00,RBB_U,5,30,3.0,1,31,36,55,32,1,0,-1,1250,6000,0,420,-8384.416727619937,341717.02902044717,350101.4457480671,0.9760514649983669,0.30714285714285716,-19.96289697052366,2648.969217212769,-1203.097751711571,40851.14871837058,38189.686595038824,0.40851148718370583,5,1,0.2,84.0,30.086541841826886,0.35817311716460576,46,0.0,0.0,0.0,0.0,False,False,False
881,162820.29813002463,489528.6381004251,326708.33997040044,1.4983659068659712,0.5732122587968218,184.81305122590763,969.3636398028219,-868.9051594957458,16318.91497924026,14622.143273742826,0.1631891497924026,10,8,0.8,88.1,18.40353226964867,0.20889366934902012,42,0.04600777719997697,9.977397292476418,88.29958096029004,1.8131195649522571,2012-01-13 14:00:00,2021-05-18 23:00:00,RBB_U,5,30,3.0,1,31,36,55,32,1,0,-1,3000,7500,0,416,-7490.955436261087,494118.3327006409,501609.28813690203,0.9850661548471633,0.4639423076923077,-18.007104414089152,2560.1986150292273,-2249.3690050982154,74418.36573787115,72281.27059150001,0.7441836573787115,5,3,0.6,83.2,29.728101183896698,0.35730890846029684,45,0.0,0.0,0.0,0.0,False,False,False
808,137315.30389848218,436423.3089368631,299108.005038381,1.4590826777800951,0.5717821782178217,169.94468304267596,944.639196833037,-864.4740030011011,13807.890113813053,13269.697189550032,0.13807890113813054,10,9,0.9,80.8,16.375591592366977,0.20266821277681904,40,0.04362951419041517,9.944698485188228,81.24932105316681,1.8125223374915989,2012-01-13 14:00:00,2021-05-12 17:00:00,RBB_U,5,30,3.0,1,31,35,55,32,1,0,-1,2500,6000,0,388,14535.035678994544,438013.0128320466,423477.9771530521,1.0343230025247365,0.4587628865979381,37.46143216235707,2460.747263101385,-2016.5617959669148,46535.716460415206,43898.62131404406,0.46535716460415205,5,3,0.6,77.6,27.644891028904418,0.35624859573330436,42,0.41217649081233115,0.31234150421555273,1242.2300423200686,0.21763594284426305,False,False,False
457,78531.67674381487,239159.82962215005,160628.15287833515,1.4889035660099839,0.4485776805251641,171.84174342191437,1166.6333152300003,-637.4133050727586,14225.944560303891,12144.0,0.1422594456030389,10,10,1.0,45.7,14.588008774332431,0.31921244582784314,23,0.12722254782095796,5.520313706476113,82.78515031924255,1.805625008441369,2012-01-18 10:00:00,2021-05-19 05:00:00,RBB_U,5,50,2.0,1,17,36,78,31,-1,11,-1,750,10000,0,229,-33108.61165788965,117731.80644495545,150840.4181028451,0.7805057021565948,0.12663755458515283,-144.5790902091251,4059.7174636191535,-754.2020905142256,35790.58039899423,34255.898543112555,0.35790580398994226,5,1,0.2,45.8,17.79213309302738,0.38847452168182056,22,0.0,0.0,0.0,0.0,False,False,False
882,143533.06313972716,423125.917494945,279592.85435521783,1.5133645617329365,0.5419501133786848,162.73589925139134,885.2006642153661,-692.0615206812323,12792.24412252105,11095.472417023615,0.1279224412252105,10,7,0.7,88.2,18.153787483607932,0.2058252549161897,43,0.052190065732155594,11.22031926259395,78.6073889127551,1.8032230314526185,2012-01-13 14:00:00,2021-05-18 22:00:00,RBB_U,5,30,3.0,1,31,36,55,32,1,0,-1,1250,7500,24,420,3556.32852788578,349716.05325165216,346159.72472376644,1.0102736634965943,0.30952380952380953,8.467448875918524,2690.1234865511706,-1193.6542231854016,40702.44437009927,38040.98224676751,0.4070244437009927,5,1,0.2,84.0,30.086541841826886,0.35817311716460576,46,2.106385824948901,0.0873738317912504,4806.931221735187,0.052599520419476714,False,False,False
457,82037.15314092212,300353.1102300221,218315.95708909997,1.37577259232334,0.562363238512035,179.51237011142695,1168.6891448638992,-1091.5797854455,15599.201420918864,12768.575427497373,0.15599201420918865,10,7,0.7,45.7,14.588008774332431,0.31921244582784314,23,0.054743489115052925,5.2590610844288825,86.89764059845082,1.8012858815331905,2012-01-18 10:00:00,2021-05-19 09:30:00,RBB_U,5,50,2.0,1,17,36,78,31,-1,11,-1,2250,4500,0,229,-15447.247035728302,271522.08277039765,286969.3298061261,0.9461710871814614,0.39737991266375544,-67.4552272302546,2983.7591513230514,-2079.487897145841,46431.590473290795,44785.50646763749,0.46431590473290796,5,2,0.4,45.8,17.79213309302738,0.38847452168182056,22,0.0,0.0,0.0,0.0,False,False,False
804,129453.614091836,416126.9542415322,286673.3401496961,1.451571862330266,0.5696517412935324,161.01195782566668,908.574135898542,-828.535665172532,12558.054608270511,10861.282902773077,0.1255805460827051,10,8,0.8,80.4,16.224672569885655,0.20179941007320465,39,0.06287630711721233,10.308413056794652,77.99454635454815,1.8006793916627306,2012-01-13 14:00:00,2021-05-12 17:00:00,RBB_U,5,30,3.0,1,31,35,55,32,1,0,-1,2250,0,24,385,40468.84210420463,443576.72102256573,403107.8789183611,1.100392089117168,0.43636363636363634,105.11387559533671,2640.3376251343198,-1857.639995015489,42145.5581029846,37311.93133587156,0.421455581029846,5,3,0.6,77.0,27.33495930123182,0.35499947144456906,42,0.41705641304018976,0.9602160684482375,400.95142400832907,0.6416875177284755,True,False,False
458,80255.99192566989,237406.9885038455,157150.99657817557,1.5106934965299197,0.6048034934497817,175.23142341849322,857.0649404470956,-868.2375501556662,14886.061444216648,13649.75764363676,0.14886061444216647,10,8,0.8,45.8,14.627371602581238,0.3193749258205511,23,0.018578052108319944,5.391351649757564,84.95086756594613,1.799954521394943,2012-01-18 10:00:00,2021-05-19 09:00:00,RBB_U,5,50,2.0,1,17,36,78,31,-1,11,-1,1500,1500,0,229,-23334.222039739412,155354.23281200055,178688.45485173998,0.8694139357850504,0.47161572052401746,-101.89616611239919,1438.4651186296348,-1476.7640896838016,29495.917187926563,29121.927526294196,0.2949591718792656,5,2,0.4,45.8,17.79213309302738,0.38847452168182056,22,0.0,0.0,0.0,0.0,False,False,False
808,124364.96392927846,421524.4501112012,297159.4861819228,1.4185125150376032,0.5717821782178217,153.91703456593868,912.3905846562797,-858.8424456124936,11528.034020174753,10989.841095911732,0.11528034020174753,10,8,0.8,80.8,16.375591592366977,0.20266821277681904,40,0.04817273137639352,10.788046228145431,74.89771390596859,1.7965880627171127,2012-01-13 14:00:00,2021-05-12 17:00:00,RBB_U,5,30,3.0,1,31,35,55,32,1,0,-1,2500,6000,24,388,8889.583872207812,428693.960895261,419804.37702305324,1.0211755387955843,0.45618556701030927,22.911298639710854,2421.9997790692714,-1989.5942039007261,46535.716460415206,43898.62131404406,0.46535716460415205,5,3,0.6,77.6,27.644891028904418,0.35624859573330436,42,0.6739348079869208,0.19102711956244578,2031.125218705739,0.13310548458556887,False,False,False
457,84119.58517858735,291430.3816069815,207310.79642839418,1.4057655781938134,0.5579868708971554,184.06911417633995,1142.864241596006,-1026.291071427694,16512.224516092458,13681.598522670967,0.16512224516092458,10,8,0.8,45.7,14.588008774332431,0.31921244582784314,23,0.04744436139963169,5.094382352699131,89.70665497022814,1.7952195816672996,2012-01-18 10:00:00,2021-05-19 09:30:00,RBB_U,5,50,2.0,1,17,36,78,31,-1,11,-1,2000,4000,0,229,9556.12062475086,265249.7414218406,255693.62079708974,1.037373324351859,0.40611353711790393,41.72978438755834,2852.147757224093,-1880.1001529197774,38144.74117230978,36498.65716665648,0.3814474117230978,5,2,0.4,45.8,17.79213309302738,0.38847452168182056,22,0.4176380936070541,0.2505226233305231,914.0891028347265,0.2677739047085056,False,False,False
881,166305.1424789633,466133.0247273963,299827.8822484331,1.554668702696453,0.5595913734392736,188.7686066730571,945.5030927533394,-772.7522738361677,17391.827624904116,15695.055919406681,0.17391827624904116,10,8,0.8,88.1,18.40353226964867,0.20889366934902012,42,0.04504370633606577,9.562257979191545,92.13305078331358,1.7938932926549,2012-01-13 14:00:00,2021-05-18 23:00:00,RBB_U,5,30,3.0,1,31,36,55,32,1,0,-1,1750,7500,0,417,13105.975627407672,418947.8608523132,405841.88522490556,1.0322933046207015,0.3908872901678657,31.429198147260603,2570.2322751675656,-1597.8026977358486,63711.78787436526,61550.3257510335,0.6371178787436527,5,3,0.6,83.4,29.816773802676913,0.35751527341339223,45,0.571571336080815,0.20570723353818993,2027.1528269937246,0.156049668994539,False,False,False
808,129310.15192860324,427702.60968421807,298392.45775561477,1.4333559665053903,0.5804455445544554,160.03731674332084,911.9458628661366,-880.213739692079,12546.337103007856,11192.981899477461,0.12546337103007857,10,9,0.9,80.8,16.375591592366977,0.20266821277681904,40,0.04633046911357621,10.306605893572113,78.39632254726288,1.790615056825987,2012-01-13 14:00:00,2021-05-12 18:30:00,RBB_U,5,30,3.0,1,31,35,55,32,1,0,-1,4000,6000,24,388,-48340.001090955186,452108.1112427556,500448.1123337108,0.9034065672352444,0.48195876288659795,-124.58763167771956,2417.6904344532386,-2489.7916036503025,98265.03460580955,96600.57248247779,0.9826503460580954,5,2,0.4,77.6,27.644891028904418,0.35624859573330436,42,0.0,0.0,0.0,0.0,False,False,False
807,138736.9107804537,410276.31839376705,271539.4076133133,1.510927353049332,0.5600991325898389,171.9168658989513,907.6909698977147,-764.8997397558121,14491.31924868875,12794.547543191315,0.1449131924868875,10,8,0.8,80.7,16.62558269655533,0.2060171337863114,39,0.05399428283259272,9.573794379901425,84.29259789558057,1.7897978007520048,2012-01-13 14:00:00,2021-05-12 15:00:00,RBB_U,5,30,3.0,1,31,35,55,32,1,0,-1,1750,7500,24,389,11410.674731708663,387083.8620907644,375673.18735905574,1.030373939678593,0.390745501285347,29.333354066089107,2546.604355860292,-1585.1189340044546,54534.667496511924,52373.205373180164,0.5453466749651192,5,3,0.6,77.8,27.722914709676544,0.3563356646487988,42,0.6564905385641712,0.20923708267660196,1859.1350778926728,0.1574217864718572,False,False,False
804,140112.24801496253,424795.25207291916,284683.0040579566,1.4921693463176962,0.5659203980099502,174.26896519273947,933.6159386218003,-815.7106133465805,14900.921846632125,13204.15014113469,0.14900921846632126,10,8,0.8,80.4,16.224672569885655,0.20179941007320465,39,0.06016294304385992,9.402924829555454,85.50530973860938,1.7891754519955394,2012-01-13 14:00:00,2021-05-12 17:00:00,RBB_U,5,30,3.0,1,31,35,55,32,1,0,-1,2000,0,0,385,46689.34708449593,435623.19153704215,388933.8444525462,1.1200444439341983,0.42597402597402595,121.27103138830111,2656.238972786842,-1759.881649106544,52477.85275384701,50551.04495379092,0.5247785275384701,5,3,0.6,77.0,27.33495930123182,0.35499947144456906,42,0.3614912433306221,0.8896962172499191,432.73197360560664,0.663450445196548,True,False,False
804,138892.91982860686,440772.0244089408,301879.104580334,1.4600945137348704,0.5746268656716418,172.75238784652595,954.0520008851532,-882.6874402933743,14662.205837665177,13444.841095911732,0.14662205837665176,10,8,0.8,80.4,16.224672569885655,0.20179941007320465,39,0.060691107995090074,9.472852950393738,84.87411387153242,1.7879849133292447,2012-01-13 14:00:00,2021-05-12 17:00:00,RBB_U,5,30,3.0,1,31,35,55,32,1,0,-1,3000,0,0,385,30737.428095309733,485017.78644691256,454280.3583516029,1.0676618029598355,0.4727272727272727,79.83747557223307,2664.9328925654536,-2237.8342775941032,53393.462693128204,50882.51428379565,0.533934626931282,5,3,0.6,77.0,27.33495930123182,0.35499947144456906,42,0.5490957172973361,0.5756777430220062,668.7769410346697,0.43301426111214625,False,False,False
809,116628.07197885012,355986.7644984688,239358.69251961866,1.4872522938321568,0.5327564894932015,144.1632533731151,825.9553700660529,-633.2240542847055,10230.125689118948,9691.932764855927,0.10230125689118948,10,9,0.9,80.9,16.51938255504727,0.20419508720701196,40,0.025645626728206587,11.400453476627275,70.96208950447254,1.78629645682259,2012-01-13 14:00:00,2021-05-12 15:00:00,RBB_U,5,30,3.0,1,31,35,55,32,1,0,-1,1000,3000,0,396,-18216.095848812205,254409.31449819426,272625.4103470065,0.9331826925977802,0.29797979797979796,-46.00024204245506,2156.0111398152058,-980.6669436942681,37828.19864326947,36519.960615239295,0.3782819864326947,5,2,0.4,79.2,28.12401109372559,0.35510115017330285,44,0.0,0.0,0.0,0.0,False,False,False
809,124611.30257993797,424858.5085710265,300247.20599108853,1.415029016402026,0.580964153275649,154.03127636580712,903.9542735553755,-885.6849734250399,11731.174823740483,11192.981899477461,0.11731174823740483,10,9,0.9,80.9,16.51938255504727,0.20419508720701196,40,0.040052546572156095,10.622235577613333,76.16099210838355,1.782286870052246,2012-01-13 14:00:00,2021-05-12 23:00:00,RBB_U,5,30,3.0,1,31,35,55,32,1,0,-1,5000,5000,24,388,-56611.89317611748,463481.2287219245,520093.1218980419,0.891150467497981,0.49742268041237114,-145.90694117556052,2401.457143636914,-2667.1442148617534,108299.02309767844,106251.56097434668,1.0829902309767843,5,2,0.4,77.6,27.644891028904418,0.35624859573330436,42,0.0,0.0,0.0,0.0,False,False,False
458,75956.41855104285,240388.9885038455,164432.56995280265,1.4619304957214057,0.6091703056768559,165.84370862673111,861.6092777915609,-918.6177092335344,13647.172826748229,12410.86902616834,0.13647172826748227,10,8,0.8,45.8,14.627371602581238,0.3193749258205511,23,0.019629677497209078,5.56572555468555,82.28936110844148,1.7791685876175036,2012-01-18 10:00:00,2021-05-19 09:00:00,RBB_U,5,50,2.0,1,17,36,78,31,-1,11,-1,1750,1500,0,229,-1233.2058037696843,178561.24904797028,179794.45485173998,0.9931410242613622,0.5414847161572053,-5.385178182400368,1440.0100729675023,-1712.3281414451426,22202.121378167976,20952.354054772513,0.22202121378167977,5,2,0.4,45.8,17.79213309302738,0.38847452168182056,22,0.0,0.0,0.0,0.0,False,False,False
878,145370.92877593287,461884.89836769074,316513.96959175786,1.4592875599248696,0.5694760820045558,165.5705339133632,923.7697967353814,-837.3385438935393,13666.243805732222,10281.329864544867,0.13666243805732223,10,8,0.8,87.8,18.032193432857802,0.20537805732184286,42,0.055991698378822806,10.63722635439578,82.5403136821631,1.7749981882214523,2012-01-13 14:00:00,2021-05-18 23:00:00,RBB_U,5,30,3.0,1,31,36,55,32,1,0,-1,2500,0,24,413,23952.347644375048,479427.6145361982,455475.26689182315,1.0525875923139068,0.44794188861985473,57.995999138922635,2591.500619114585,-1997.6985389992244,56673.15806212986,53315.05901384143,0.5667315806212986,5,3,0.6,82.6,29.425159302882285,0.3562367954344103,45,0.7046403291425573,0.42264007271513754,977.1908218423126,0.3053154451409019,False,False,False
806,115926.17553110575,337290.0766332495,221363.9011021438,1.5236905157251182,0.4987593052109181,143.82900189963493,839.0300413762426,-547.9304482726332,10316.457949789517,8701.05394046488,0.10316457949789518,10,7,0.7,80.6,16.100931650062986,0.19976341997596758,40,0.07021335052054165,11.23701333299875,71.7272442520906,1.774682257754133,2012-01-13 14:00:00,2021-05-12 15:00:00,RBB_U,5,30,3.0,1,31,35,55,32,1,0,-1,750,0,24,393,33721.07341371343,262616.1627011231,228895.08928740968,1.1473210872225044,0.21628498727735368,85.8042580501614,3089.60191413086,-743.1658743097717,22773.099328709824,19499.033827312116,0.22773099328709825,5,2,0.4,78.6,27.86108397029807,0.3544667171793648,43,0.5005116510023568,1.4807415067654668,265.40756654986296,0.712585887564988,True,False,False
881,160460.2742357458,472066.52446198155,311606.25022623583,1.5149456216595354,0.5641316685584563,182.13424998382044,949.832041170989,-811.4746099641558,16563.40465169932,14866.632946201884,0.16563404651699318,10,8,0.8,88.1,18.40353226964867,0.20889366934902012,42,0.04668445218406106,9.687638357569403,90.94063666317949,1.773602379095913,2012-01-13 14:00:00,2021-05-18 23:00:00,RBB_U,5,30,3.0,1,31,36,55,32,1,0,-1,2000,7500,0,416,26069.32768199609,449809.68528635957,423740.35760436347,1.0615219372291569,0.4206730769230769,62.666653081721364,2570.3410587791977,-1758.2587452463215,67579.1364174599,65652.32861740381,0.675791364174599,5,4,0.8,83.2,29.728101183896698,0.35730890846029684,45,0.28734918258645425,0.3857600002603874,1078.390708521362,0.3021131495975654,False,False,False
882,151837.1407526077,482489.7596597017,330652.61890709406,1.4592044099165913,0.5793650793650794,172.15095323424907,944.2069660659525,-891.2469512320595,14835.754254580868,13299.83411231867,0.14835754254580868,10,8,0.8,88.2,18.153787483607932,0.2058252549161897,43,0.03945674931907007,10.234541375321353,86.17875170515946,1.7713079154138769,2012-01-13 14:00:00,2021-05-18 23:00:00,RBB_U,5,30,3.0,1,31,36,55,32,1,0,-1,5000,6000,0,416,-70631.76774707032,506710.68763299554,577342.4553800658,0.8776605339017148,0.49038461538461536,-169.7879032381498,2483.875919769586,-2723.3134687738952,119791.9184556795,117683.19604233257,1.197919184556795,5,2,0.4,83.2,29.728101183896698,0.35730890846029684,45,0.0,0.0,0.0,0.0,False,False,False
882,151781.75064148774,481216.55567425396,329434.8050327662,1.4607338032373092,0.5782312925170068,172.088152654748,943.5618738710862,-885.57743288378,14835.754254580868,13971.210037706725,0.14835754254580868,10,8,0.8,88.2,18.153787483607932,0.2058252549161897,43,0.03947114837376524,10.230807819873517,86.21020114234774,1.7706617431942469,2012-01-13 14:00:00,2021-05-18 23:00:00,RBB_U,5,30,3.0,1,31,36,55,32,1,0,-1,4000,6000,0,416,-69872.58593374255,487363.3816289757,557235.9675627183,0.8746086218386858,0.47596153846153844,-167.9629469561119,2461.431220348362,-2556.128291572102,112112.10785762372,110003.38544427679,1.121121078576237,5,2,0.4,83.2,29.728101183896698,0.35730890846029684,45,0.0,0.0,0.0,0.0,False,False,False
878,146578.3972207614,469336.26192615536,322757.864705394,1.4541435337433364,0.5785876993166287,166.94578271157334,923.8902793821956,-872.3185532578217,13979.9422775071,10595.028336319745,0.139799422775071,10,9,0.9,87.8,18.032193432857802,0.20537805732184286,42,0.05553045572474356,10.48490718424477,83.73941557816875,1.7695474412823247,2012-01-13 14:00:00,2021-05-18 23:00:00,RBB_U,5,30,3.0,1,31,36,55,32,1,0,-1,5000,0,24,413,-36370.64238648199,526715.4000753153,563086.0424617972,0.9354083751970294,0.48668280871670705,-88.064509410368,2620.4746272403745,-2656.0662380273457,104341.7059560561,102414.89815600001,1.043417059560561,5,2,0.4,82.6,29.425159302882285,0.3562367954344103,45,0.0,0.0,0.0,0.0,False,False,False
804,144503.1276417582,418861.752338334,274358.6246965757,1.5266943140627351,0.5609452736318408,179.7302582608933,928.740027357725,-777.2198999902994,16229.344819836922,14532.573114339488,0.16229344819836922,10,9,0.9,80.4,16.224672569885655,0.20179941007320465,39,0.05833482869636801,8.90381769848983,90.29834473546848,1.7681135463949151,2012-01-13 14:00:00,2021-05-12 15:00:00,RBB_U,5,30,3.0,1,31,35,55,32,1,0,-1,1750,0,0,386,30355.893816250406,403858.72311094846,373502.8292946981,1.0812735311097181,0.39378238341968913,78.64221195919794,2656.965283624661,-1596.1659371568294,50110.50421075237,47949.04208742061,0.5011050421075237,5,3,0.6,77.2,27.418242102658585,0.3551585764593081,42,0.5559971394693116,0.6057790536008385,637.196016774697,0.4402818483349977,False,False,False
882,150473.8028304704,473493.39610123716,323019.5932707668,1.4658349089813192,0.5702947845804989,170.60521862865124,941.3387596446066,-852.2944413476696,14643.77107287856,12946.999367381126,0.14643771072878561,10,8,0.8,88.2,18.153787483607932,0.2058252549161897,43,0.03981423933805735,10.275618355517723,85.83425050292865,1.7668728328786312,2012-01-13 14:00:00,2021-05-18 23:00:00,RBB_U,5,30,3.0,1,31,36,55,32,1,0,-1,2500,6000,0,416,2412.740976611727,463679.23128148116,461266.49030486937,1.005230687741954,0.4519230769230769,5.7998581168551135,2466.3788897951126,-2023.0986416880235,59462.836838268544,56825.7416918974,0.5946283683826854,5,3,0.6,83.2,29.728101183896698,0.35730890846029684,45,2.4830680367576434,0.04057561167446619,10252.464050019104,0.029808080069916313,False,False,False
808,115650.24284048578,338532.14394262957,222881.9011021438,1.5188857519098637,0.4975247524752475,143.13148866396756,842.1197610513174,-548.9701997589749,10316.457949789517,8701.05394046488,0.10316457949789518,10,7,0.7,80.8,16.375591592366977,0.20266821277681904,40,0.0647728860399558,11.21026648907587,72.07678789682441,1.766075757343657,2012-01-13 14:00:00,2021-05-12 15:00:00,RBB_U,5,30,3.0,1,31,35,55,32,1,0,-1,750,7500,24,395,15055.141264152953,245468.23055156262,230413.08928740968,1.0653397830423326,0.21518987341772153,38.11428168139988,2887.8615359007367,-743.268029959386,22773.099328709824,19499.033827312116,0.22773099328709825,5,2,0.4,79.0,28.376046236218322,0.3591904586863079,43,0.4975708874838954,0.6610932068070806,597.4951730448932,0.3165309025219315,False,False,False
881,165046.77308544586,482134.9910394296,317088.2179539838,1.5205074289748526,0.5686719636776391,187.34026456917806,962.3452914958675,-834.4426788262732,17718.562984485878,16021.791278988443,0.17718562984485878,10,8,0.8,88.1,18.40353226964867,0.20889366934902012,42,0.04538713396184885,9.314907378773238,94.57957703450903,1.7638283869960842,2012-01-13 14:00:00,2021-05-18 23:00:00,RBB_U,5,30,3.0,1,31,36,55,32,1,0,-1,2250,7500,0,416,20879.372007147846,465141.40601296857,444262.03400582075,1.0469978760482475,0.4326923076923077,50.190798094105396,2584.11892229427,-1882.466245787376,56589.63279823759,52981.53374994916,0.5658963279823759,5,4,0.8,83.2,29.728101183896698,0.35730890846029684,45,0.35877515844037505,0.36896107952476603,1127.4901963530183,0.2644204929813588,False,False,False
810,115448.10359865199,337151.61129068653,221703.5076920346,1.5207319667626522,0.5234567901234568,142.52852296129873,795.168894553506,-574.3614188912813,10281.644954936753,9490.41051426726,0.10281644954936754,10,7,0.7,81.0,16.24807680927192,0.20059354085520892,41,0.05189344660720744,11.228563532843967,72.13745530590087,1.7616106618102008,2012-01-13 14:00:00,2021-05-12 15:00:00,RBB_U,5,30,3.0,1,31,35,55,32,1,0,-1,1000,6000,12,394,-23803.301714152018,247765.11244197644,271568.4141561284,0.9123487840509054,0.2868020304568528,-60.41447135571578,2192.611614530765,-966.4356375662933,33274.57880243387,31747.442800057186,0.3327457880243387,5,1,0.2,78.8,28.244645510255566,0.3584345876935986,43,0.0,0.0,0.0,0.0,False,False,False
804,132092.2090697496,397003.74802236387,264911.53895261424,1.4986276158147172,0.554726368159204,164.29379237531046,890.1429327855692,-739.9763657894252,13664.107264024977,11967.335558527542,0.13664107264024977,10,9,0.9,80.4,16.224672569885655,0.20179941007320465,39,0.06162032760594815,9.667093979679414,83.16873733616715,1.7614485814332874,2012-01-13 14:00:00,2021-05-12 15:00:00,RBB_U,5,30,3.0,1,31,35,55,32,1,0,-1,1500,0,24,386,15360.807517515255,369777.6125102042,354416.80499268894,1.043341081182175,0.34974093264248707,39.79483812827787,2739.0934260015124,-1412.019143397167,42648.4930206697,40237.03089733794,0.42648493020669703,5,2,0.4,77.2,27.418242102658585,0.3551585764593081,42,1.098756696783316,0.36017233973708285,1071.7091720085186,0.24149844820037902,False,False,False
878,145310.93637606179,468063.0579407076,322752.1215646458,1.450224573804875,0.5774487471526196,165.5022054397059,923.2012977134273,-869.9518101472933,13979.9422775071,10912.255824943037,0.139799422775071,10,9,0.9,87.8,18.032193432857802,0.20537805732184286,42,0.05601481485196912,10.394244374660866,84.46982467916496,1.754246195415338,2012-01-13 14:00:00,2021-05-18 23:00:00,RBB_U,5,30,3.0,1,31,36,55,32,1,0,-1,4000,0,24,413,-32689.84969367218,509752.7825657315,542442.6322594037,0.9397358397928438,0.4745762711864407,-79.15217843504159,2600.779502886385,-2499.735632531814,102774.8223282955,100848.01452823941,1.027748223282955,5,2,0.4,82.6,29.425159302882285,0.3562367954344103,45,0.0,0.0,0.0,0.0,False,False,False
882,153931.82743812777,449321.257083551,295389.42964542325,1.5211148808638921,0.5544217687074829,174.52588144912446,918.8573764489796,-751.6270474438251,15564.615640240343,13867.843934742908,0.15564615640240342,10,8,0.8,88.2,18.153787483607932,0.2058252549161897,43,0.038919826391381314,9.889857288872365,89.18227778598866,1.7531944487156843,2012-01-13 14:00:00,2021-05-18 22:00:00,RBB_U,5,30,3.0,1,31,36,55,32,1,0,-1,1500,6000,0,417,-21931.953089114402,367265.4272333075,389197.3803224219,0.9436482509955608,0.34292565947242204,-52.59461172449497,2568.2897009322205,-1420.4283953373063,60441.67279353166,58030.2106701999,0.6044167279353166,5,1,0.2,83.4,29.816773802676913,0.35751527341339223,45,0.0,0.0,0.0,0.0,False,False,False
457,76244.3191854611,236872.47206379625,160628.15287833515,1.4746634871859041,0.4485776805251641,166.83658465089957,1155.4754734819328,-637.4133050727586,14225.944560303891,12144.0,0.1422594456030389,10,10,1.0,45.7,14.588008774332431,0.31921244582784314,23,0.09824994281578484,5.359525960632058,85.26873521219127,1.7530333641284106,2012-01-18 10:00:00,2021-05-19 05:00:00,RBB_U,5,50,2.0,1,17,36,78,31,-1,11,-1,750,7500,0,229,-33615.35267159344,117225.06543125167,150840.4181028451,0.7771462510222292,0.12663755458515283,-146.79193306372682,4042.2436355604023,-754.2020905142256,36297.321412698024,34762.63955681635,0.36297321412698025,5,1,0.2,45.8,17.79213309302738,0.38847452168182056,22,0.0,0.0,0.0,0.0,False,False,False
809,128937.27445892012,388083.597978219,259146.32351929886,1.4975462229519843,0.546353522867738,159.37858400360955,878.0171899959705,-706.1207725321495,13029.761317453856,11332.989611956422,0.13029761317453856,10,8,0.8,80.9,16.51938255504727,0.20419508720701196,40,0.038708744394858066,9.895597572167633,81.75352666678707,1.7498514465618191,2012-01-13 14:00:00,2021-05-12 15:00:00,RBB_U,5,30,3.0,1,31,35,55,32,1,0,-1,1250,5000,0,392,-2574.686163806553,318803.09703980596,321377.78320361255,0.9919885994042862,0.31887755102040816,-6.568076948486104,2550.4247763184476,-1203.662109376826,34295.543598947144,31084.447126287567,0.3429554359894714,5,2,0.4,78.4,27.997142711355384,0.35710641213463495,43,0.0,0.0,0.0,0.0,False,False,False
881,148004.602593752,463549.8567987791,315545.25420502713,1.4690439821908563,0.5664018161180476,167.9961436932486,928.9576288552687,-826.0346968717988,14495.537413337704,12798.76570784027,0.14495537413337706,10,8,0.8,88.1,18.40353226964867,0.20889366934902012,42,0.050613290862052095,10.210356358196785,86.28494139606997,1.7487253233106095,2012-01-13 14:00:00,2021-05-18 23:00:00,RBB_U,5,30,3.0,1,31,36,55,32,1,0,-1,2250,7500,24,416,15804.973340660668,457719.36541083903,441914.3920701784,1.0357647852712404,0.43028846153846156,37.99272437658814,2557.091426876196,-1864.6176880598246,56589.63279823759,52981.53374994916,0.5658963279823759,5,4,0.8,83.2,29.728101183896698,0.35730890846029684,45,0.47396473493114205,0.2792909683123601,1489.4860457311459,0.2001573055388847,False,False,False
884,126277.95589993778,368646.5733965823,242368.6174966445,1.5210161167077914,0.5226244343891403,142.84836640264456,797.9363060532083,-574.3332168166932,10559.47833551111,10176.317676401075,0.1055947833551111,10,7,0.7,88.4,18.0288657435791,0.203946445063112,44,0.0593215177313754,11.95873052509327,73.92088969185176,1.7421818840016439,2012-01-13 14:00:00,2021-05-18 22:00:00,RBB_U,5,30,3.0,1,31,36,55,32,1,0,-1,1000,7500,12,422,-24128.688113402684,269153.03818155685,293281.72629495955,0.9177286344491304,0.2796208530805687,-57.17698605071726,2280.9579506911596,-964.7425207071037,43408.56512175283,41881.429119376146,0.4340856512175283,5,1,0.2,84.4,30.32226904438387,0.3592685905732686,46,0.0,0.0,0.0,0.0,False,False,False
457,74589.06933221032,239653.23729011428,165064.16795790396,1.4518792313013242,0.5098468271334792,163.21459372474905,1028.5546664811773,-736.8936069549284,13786.34303404457,11863.494542921566,0.1378634303404457,10,7,0.7,45.7,14.588008774332431,0.31921244582784314,23,0.04009970933781816,5.410359306163858,84.46758785120866,1.7421032664110054,2012-01-18 10:00:00,2021-05-19 05:00:00,RBB_U,5,50,2.0,1,17,36,78,31,-1,11,-1,1000,3000,0,229,-34995.73931528359,139110.6787875615,174106.4181028451,0.7989979938900843,0.24017467248908297,-152.81982233748292,2529.285068864755,-1000.6115982922133,35254.41069528189,34052.93513107215,0.3525441069528189,5,1,0.2,45.8,17.79213309302738,0.38847452168182056,22,0.0,0.0,0.0,0.0,False,False,False
804,123052.91982860686,422738.36164612096,299685.44181751413,1.410606931996172,0.5746268656716418,153.0508953092125,915.0180988011276,-876.2732216886378,12138.427761432271,11489.841095911732,0.1213842776143227,10,8,0.8,80.4,16.224672569885655,0.20179941007320465,39,0.06614686761117482,10.137467738580277,79.30974684537915,1.740981284124929,2012-01-13 14:00:00,2021-05-12 17:00:00,RBB_U,5,30,3.0,1,31,35,55,32,1,0,-1,3000,0,24,385,26819.177188917492,476000.74584478315,449181.5686558656,1.0597067623882508,0.4701298701298701,69.66020049069479,2629.838374833056,-2201.8704345875767,53983.462693128204,51472.51428379565,0.539834626931282,5,3,0.6,77.0,27.33495930123182,0.35499947144456906,42,0.6293179693388883,0.49680357374206424,774.9541677006703,0.3757455084791141,False,False,False
805,126685.12526244353,381548.81321335037,254863.68795090684,1.4970701251362504,0.5453416149068323,157.37282641297332,869.1316929689075,-696.3488741828056,12854.761317453856,11157.989611956422,0.12854761317453856,10,7,0.7,80.5,15.970284906663375,0.19838863238091148,40,0.06425036230740802,9.855112991513408,81.68348761634842,1.739551069284713,2012-01-13 14:00:00,2021-05-12 15:00:00,RBB_U,5,30,3.0,1,31,35,55,32,1,0,-1,1250,0,24,389,31754.763175281027,347931.8253545929,316177.0621793119,1.1004334816586792,0.31876606683804626,81.63178194159647,2805.901817375749,-1193.120989355894,30691.16070648638,28029.69858315462,0.30691160706486376,5,4,0.8,77.8,27.679595372765117,0.3557788608324565,43,0.5315042041002412,1.034655009595967,375.970730719126,0.5839720576647716,True,False,False
808,113706.92246718176,333392.43015921634,219685.5076920346,1.517589547265819,0.5247524752475248,140.72638919205664,786.3029013189065,-572.0976762813401,10281.644954936753,9490.41051426726,0.10281644954936754,10,7,0.7,80.8,15.973728431396347,0.19769465880441026,41,0.06758391731491625,11.059215034709514,73.06124326763516,1.7393368179791866,2012-01-13 14:00:00,2021-05-12 15:00:00,RBB_U,5,30,3.0,1,31,35,55,32,1,0,-1,1000,0,12,393,-10818.186326916977,259883.41959018924,270701.60591710615,0.9600364900301713,0.28498727735368956,-27.52719167154447,2320.387674912404,-963.3509107370326,36811.62736117568,35284.491358798994,0.36811627361175675,5,2,0.4,78.6,27.982851891828325,0.3560159273769507,43,0.0,0.0,0.0,0.0,False,False,False
808,125535.48576581673,417032.75696909,291497.2712032733,1.4306574989454208,0.5693069306930693,155.36570020521873,906.5929499328045,-837.6358367910153,12558.054608270511,10861.282902773077,0.1255805460827051,10,8,0.8,80.8,16.375591592366977,0.20266821277681904,40,0.04772355771320357,9.996411839389621,80.82900274438236,1.7375343937727752,2012-01-13 14:00:00,2021-05-12 17:00:00,RBB_U,5,30,3.0,1,31,35,55,32,1,0,-1,2250,6000,24,388,2125.05845721448,409750.9373755756,407625.87891836115,1.0052132569768468,0.43556701030927836,5.4769547866352575,2424.5617596187903,-1861.3053831888637,52479.721388744154,48372.309481344884,0.5247972138874415,5,3,0.6,77.6,27.644891028904418,0.35624859573330436,42,2.8192165630365693,0.04049294472188761,9581.916125509013,0.029962830837177306,False,False,False
881,143278.73773414988,453311.39022133104,310032.6524871812,1.4621407989923705,0.5618615209988649,162.6319384042564,915.7805863057192,-803.193400225858,13840.379080551145,12143.60737505371,0.13840379080551146,10,8,0.8,88.1,18.40353226964867,0.20889366934902012,42,0.05228270515545275,10.352226402200849,85.10246644264873,1.7324922185459917,2012-01-13 14:00:00,2021-05-18 23:00:00,RBB_U,5,30,3.0,1,31,36,55,32,1,0,-1,2000,7500,24,416,20494.92901550891,442387.6446842301,421892.7156687212,1.0485785325376462,0.4182692307692308,49.26665628728104,2542.457728070288,-1743.3583292095916,67579.1364174599,65652.32861740381,0.675791364174599,5,3,0.6,83.2,29.728101183896698,0.35730890846029684,45,0.36550504733787637,0.30327302333229866,1371.7012988134638,0.23751236054814254,False,False,False
809,112819.23536423524,350702.2539385718,237883.01857433657,1.4742635100242774,0.5327564894932015,139.45517350338102,813.6943246834612,-629.3201549585624,10190.125689118948,9651.932764855927,0.10190125689118948,10,9,0.9,80.9,16.51938255504727,0.20419508720701196,40,0.026511436550191114,11.071427262639558,73.07097637988952,1.7313477501181234,2012-01-13 14:00:00,2021-05-12 15:00:00,RBB_U,5,30,3.0,1,31,35,55,32,1,0,-1,1000,3000,24,396,-18601.747564773417,253234.31449819426,271836.0620629677,0.9315699785245397,0.29797979797979796,-46.97411001205408,2146.0535126965615,-977.8275613775816,37828.19864326947,36519.960615239295,0.3782819864326947,5,2,0.4,79.2,28.12401109372559,0.35510115017330285,44,0.0,0.0,0.0,0.0,False,False,False
809,131488.1754072213,438086.2363474002,306598.06094017887,1.4288617318844568,0.580964153275649,162.5317372153539,932.0983752072344,-904.4190588205867,13870.552554780887,13147.981899477461,0.13870552554780888,10,9,0.9,80.9,16.51938255504727,0.20419508720701196,40,0.037957785820228934,9.479663833716568,85.34057896890907,1.729540527964694,2012-01-13 14:00:00,2021-05-12 23:00:00,RBB_U,5,30,3.0,1,31,35,55,32,1,0,-1,5000,5000,0,388,-53644.104419948046,474350.8847887853,527994.9892087333,0.8984003531921005,0.5025773195876289,-138.25800108234031,2432.5686399424885,-2735.7253326877376,109164.02309767844,107116.56097434668,1.0916402309767843,5,1,0.2,77.6,27.644891028904418,0.35624859573330436,42,0.0,0.0,0.0,0.0,False,False,False
804,123545.90757620864,405888.4876640841,282342.5800878754,1.4375744796897325,0.5646766169154229,153.66406414951325,894.0275058680267,-806.6930859653584,12402.896275483952,10706.124569986518,0.12402896275483952,10,8,0.8,80.4,16.224672569885655,0.20179941007320465,39,0.06588292042009176,9.961053034073524,80.7143579348265,1.7292198270053407,2012-01-13 14:00:00,2021-05-12 17:00:00,RBB_U,5,30,3.0,1,31,35,55,32,1,0,-1,2000,0,24,385,39969.94841800875,427056.1509349126,387086.20251690387,1.1032585200870426,0.42337662337662335,103.81804783898377,2619.976386103758,-1743.6315428689363,53067.85275384701,51141.04495379092,0.5306785275384701,5,3,0.6,77.0,27.33495930123182,0.35499947144456906,42,0.42226199422026217,0.7531857111952064,511.16211350990153,0.5648024182877331,True,False,False
878,143854.6969571779,434524.65770398953,290669.96074681164,1.4949073395392332,0.5523917995444191,163.84361840225273,895.9271292865764,-739.6182207298007,14101.59006909217,12404.818363594735,0.1410159006909217,10,8,0.8,87.8,18.032193432857802,0.20537805732184286,42,0.056581852169167064,10.201310366586124,86.06737452826106,1.7291590210032926,2012-01-13 14:00:00,2021-05-18 22:00:00,RBB_U,5,30,3.0,1,31,36,55,32,1,0,-1,1500,0,24,414,7659.327330466462,390263.7948676099,382604.4675371435,1.020018917656059,0.34541062801932365,18.500790653300633,2729.117446626643,-1411.824603458094,50575.61339852304,48164.15127519128,0.5057561339852304,5,2,0.4,82.8,29.518807563992144,0.35650733772937376,45,2.2035603649859308,0.15144309313883947,2733.700107541085,0.10310011661238089,False,False,False
808,126308.32938271371,382431.0173336205,256122.68795090684,1.4931555669403416,0.5457920792079208,156.32218983009122,867.1905154957382,-697.8819835174573,12854.761317453856,11157.989611956422,0.12854761317453856,10,7,0.7,80.8,16.375591592366977,0.20266821277681904,40,0.04743155126252438,9.825801215866653,82.23247979973846,1.727937653977637,2012-01-13 14:00:00,2021-05-12 15:00:00,RBB_U,5,30,3.0,1,31,35,55,32,1,0,-1,1250,6000,24,392,947.494417134505,320759.36483546864,319811.87041833415,1.002962661817071,0.31887755102040816,2.4170775947308805,2566.0749186837493,-1197.7972674843975,34174.028340517245,31512.566217185486,0.34174028340517243,5,2,0.4,78.4,27.997142711355384,0.35710641213463495,43,6.3229924014945675,0.027725570064303522,14138.573132701687,0.01638633963109641,False,False,False
808,138827.65625751056,432634.7174407671,293807.0611832565,1.472513001213812,0.5705445544554455,171.81640625929526,938.4701029083885,-846.7062281938228,15556.080179418685,13859.30847392125,0.15556080179418685,10,7,0.7,80.8,16.375591592366977,0.20266821277681904,40,0.043154225616885235,8.924334064643425,90.53896841458993,1.726449945695098,2012-01-13 14:00:00,2021-05-12 17:00:00,RBB_U,5,30,3.0,1,31,35,55,32,1,0,-1,2250,6000,0,388,8646.468458357747,418619.9893123612,409973.52085400344,1.0210903095408372,0.4381443298969072,22.284712521540587,2462.4705253668308,-1880.6124809816672,52479.721388744154,48372.309481344884,0.5247972138874415,5,3,0.6,77.6,27.644891028904418,0.35624859573330436,42,0.692884040328517,0.16475827671242632,2354.9651510207646,0.1219131976709733,False,False,False
457,84231.11654870502,309928.84626002883,225697.72971132386,1.373203207034647,0.5667396061269147,184.313165314453,1196.6364720464433,-1139.887523794565,17936.536460771356,15797.89522172029,0.17936536460771357,10,7,0.7,45.7,14.588008774332431,0.31921244582784314,23,0.059253636951542135,4.696063631511313,97.31554677697706,1.7247514240952813,2012-01-18 10:00:00,2021-05-19 09:30:00,RBB_U,5,50,2.0,1,17,36,78,31,-1,11,-1,2500,5000,0,229,-4979.683424463015,295807.7798195289,300787.4632439919,0.983444511381036,0.4192139737991266,-21.745342464904,3081.3310397867594,-2261.5598740149767,42836.07146017984,41487.5358147562,0.42836071460179836,5,2,0.4,45.8,17.79213309302738,0.38847452168182056,22,0.0,0.0,0.0,0.0,False,False,False
808,129980.0117973075,397909.5507499217,267929.53895261424,1.4851275910279367,0.5544554455445545,160.86635123429144,888.190961495361,-744.2487193128173,13664.107264024977,11967.335558527542,0.13664107264024977,10,9,0.9,80.8,16.375591592366977,0.20266821277681904,40,0.04609170223297442,9.512514011033886,84.94074217002714,1.7247018410451747,2012-01-13 14:00:00,2021-05-12 15:00:00,RBB_U,5,30,3.0,1,31,35,55,32,1,0,-1,1500,6000,24,389,-23891.48277638347,335052.3222163055,358943.80499268894,0.9334394898475261,0.34704370179948585,-61.4176935125539,2481.8690534541147,-1413.1645865853895,52514.55241567832,50103.09029234656,0.5251455241567832,5,2,0.4,77.8,27.722914709676544,0.3563356646487988,42,0.0,0.0,0.0,0.0,False,False,False
882,143254.13687603615,468322.7270650664,325068.59018903016,1.4406889536535434,0.5782312925170068,162.41965632203645,918.2798569903263,-873.8402962070703,13979.9422775071,10595.028336319745,0.139799422775071,10,9,0.9,88.2,18.153787483607932,0.2058252549161897,43,0.041820781798324366,10.247119339435585,86.072970440157,1.721572612320262,2012-01-13 14:00:00,2021-05-18 23:00:00,RBB_U,5,30,3.0,1,31,36,55,32,1,0,-1,5000,6000,24,416,-75441.56783789583,493044.0202314787,568485.5880693746,0.8672937899901705,0.4855769230769231,-181.34992268724957,2440.811981343954,-2656.474710604554,118926.9184556795,116818.19604233257,1.1892691845567949,5,1,0.2,83.2,29.728101183896698,0.35730890846029684,45,0.0,0.0,0.0,0.0,False,False,False
808,134353.1931353705,438543.02319934074,304189.83006397024,1.441675492922023,0.5742574257425742,166.27870437545855,945.1358258606481,-884.272761813867,14662.205837665177,13444.841095911732,0.14662205837665176,10,8,0.8,80.8,16.375591592366977,0.20266821277681904,40,0.044591422505035935,9.163231959971245,88.17849461081803,1.7209823756264342,2012-01-13 14:00:00,2021-05-12 17:00:00,RBB_U,5,30,3.0,1,31,35,55,32,1,0,-1,3000,6000,0,388,-8429.368342543778,450977.6132921064,459406.9816346502,0.9816516320397426,0.47164948453608246,-21.725176140576746,2464.3585425798165,-2241.009666510489,61892.444177193975,59834.562495184924,0.6189244417719397,5,3,0.6,77.6,27.644891028904418,0.35624859573330436,42,0.0,0.0,0.0,0.0,False,False,False
881,148625.10206718266,473906.60550578975,325281.5034386071,1.4569122452277212,0.5720771850170261,168.70045637591676,940.2908839400591,-862.8156589883478,15166.243805732222,11781.329864544867,0.1516624380573222,10,8,0.8,88.1,18.40353226964867,0.20889366934902012,42,0.05040198388973258,9.799730504860303,89.90043140095094,1.7167880744207085,2012-01-13 14:00:00,2021-05-18 23:00:00,RBB_U,5,30,3.0,1,31,36,55,32,1,0,-1,3000,7500,24,416,-10264.206342653328,486246.29209851136,496510.49844116473,0.9793273125646312,0.46153846153846156,-24.6735729390705,2532.5327713464135,-2216.5647251837713,74418.36573787115,72281.27059150001,0.7441836573787115,5,4,0.8,83.2,29.728101183896698,0.35730890846029684,45,0.0,0.0,0.0,0.0,False,False,False
809,130432.78529610141,436813.0323619525,306380.247065851,1.4257219143376016,0.5797280593325093,161.22717589134908,931.371071134227,-901.1183737230912,13870.552554780887,13147.981899477461,0.13870552554780888,10,9,0.9,80.9,16.51938255504727,0.20419508720701196,40,0.0382649192737064,9.403575292402031,86.03110783338565,1.7156583673495518,2012-01-13 14:00:00,2021-05-12 18:30:00,RBB_U,5,30,3.0,1,31,35,55,32,1,0,-1,4000,5000,0,388,-47713.6762539772,454695.2195195445,502408.89577352174,0.9050301922291483,0.4896907216494845,-122.97339240715773,2393.132734313392,-2537.4186655228373,96165.36998401536,94500.9078606836,0.9616536998401536,5,2,0.4,77.6,27.644891028904418,0.35624859573330436,42,0.0,0.0,0.0,0.0,False,False,False
458,76601.0332301372,273055.4405911877,196454.4073610505,1.3899176112112224,0.5764192139737991,167.25116425794147,1034.3009113302564,-1012.6515843353118,14960.81133675987,11763.446861131597,0.14960811336759872,10,7,0.7,45.8,14.627371602581238,0.3193749258205511,23,0.03251914360627663,5.120112238961434,89.45116408090712,1.7136851109679205,2012-01-18 10:00:00,2021-05-19 09:30:00,RBB_U,5,50,2.0,1,17,36,78,31,-1,11,-1,2000,2500,0,229,241.0212081738282,229778.91734712417,229537.8961389503,1.0010500279571612,0.47161572052401746,1.0524943588376778,2127.5825680289277,-1897.0074061070272,24764.6112216525,23222.464075211552,0.247646112216525,5,2,0.4,45.8,17.79213309302738,0.38847452168182056,22,10.335190080880569,0.00973248503748347,23529.44793832558,0.008381919133433847,False,False,False
809,135026.24099141895,406403.0750736713,271376.83408225235,1.4975599389242396,0.5550061804697157,166.90511865441155,905.1293431484884,-753.8245391173676,14902.13283517315,13205.361129675715,0.14902132835173149,10,8,0.8,80.9,16.51938255504727,0.20419508720701196,40,0.036963185550852914,9.060866822547691,89.28505581682629,1.713503073167337,2012-01-13 14:00:00,2021-05-12 15:00:00,RBB_U,5,30,3.0,1,31,35,55,32,1,0,-1,1500,5000,0,389,-18248.274507839647,339743.4432701277,357991.71777796734,0.9490259869107991,0.35218508997429304,-46.9107313826212,2479.8791479571364,-1420.6020546744735,49688.21042883354,47276.74830550178,0.4968821042883354,5,2,0.4,77.8,27.722914709676544,0.3563356646487988,42,0.0,0.0,0.0,0.0,False,False,False
883,117729.57936889208,380366.5916728987,262637.0123040066,1.448259665825844,0.5300113250283126,133.32908195797518,812.7491275061938,-632.8602706120641,9515.633229961648,8326.599525623169,0.09515633229961648,10,8,0.8,88.3,18.286880543165363,0.2070994398999475,43,0.02540567983028331,12.372227525352676,71.36952486450735,1.712953164316939,2012-01-13 14:00:00,2021-05-18 22:00:00,RBB_U,5,30,3.0,1,31,36,55,32,1,0,-1,1000,3000,0,424,-21757.0631009407,271430.46762391913,293187.5307248598,0.925791308221227,0.294811320754717,-51.31382806825637,2171.443740991353,-980.5603034276247,39255.31902112281,37947.08099309263,0.3925531902112281,5,1,0.2,84.8,30.195363882556546,0.356077404275431,47,0.0,0.0,0.0,0.0,False,False,False
808,121647.9970725285,423644.16437367885,301996.16730115033,1.4028130494491384,0.5742574257425742,150.55445182243625,913.0262163225838,-877.8958351777626,12138.427761432271,11489.841095911732,0.1213842776143227,10,8,0.8,80.8,16.375591592366977,0.20266821277681904,40,0.04924865303312861,10.021725998077256,80.62483450006725,1.712583793351862,2012-01-13 14:00:00,2021-05-12 17:00:00,RBB_U,5,30,3.0,1,31,35,55,32,1,0,-1,3000,6000,24,388,-12649.630583592108,441658.56135532085,454308.19193891296,0.9721562789136476,0.4690721649484536,-32.602140679361106,2426.6953920622027,-2205.379572518995,61892.444177193975,59834.562495184924,0.6189244417719397,5,3,0.6,77.6,27.644891028904418,0.35624859573330436,42,0.0,0.0,0.0,0.0,False,False,False
882,141986.67603133654,467049.52307961864,325062.84704828204,1.436797614124899,0.5770975056689343,160.98262588586908,917.5825600778362,-871.4821636683165,13979.9422775071,10912.255824943037,0.139799422775071,10,9,0.9,88.2,18.153787483607932,0.2058252549161897,43,0.04219409994975714,10.15645652985168,86.84131098357396,1.7063407598585674,2012-01-13 14:00:00,2021-05-18 23:00:00,RBB_U,5,30,3.0,1,31,36,55,32,1,0,-1,4000,6000,24,416,-69512.84817479088,478329.3296921901,547842.177866981,0.8731151945156201,0.4735576923076923,-167.09819272786268,2428.0676634121323,-2501.562456013612,112112.10785762372,110003.38544427679,1.121121078576237,5,1,0.2,83.2,29.728101183896698,0.35730890846029684,45,0.0,0.0,0.0,0.0,False,False,False
809,111740.16882783474,337309.70610782446,225569.53727998972,1.495369056368354,0.49814585908529047,138.12134589349165,836.9967893494403,-555.5899933004673,10316.457949789517,8473.185543203668,0.10316457949789518,10,8,0.8,80.9,16.51938255504727,0.20419508720701196,40,0.044666121882185036,10.831253262667982,74.69126428687396,1.704256434633045,2012-01-13 14:00:00,2021-05-12 15:00:00,RBB_U,5,30,3.0,1,31,35,55,32,1,0,-1,750,5000,0,395,250.37300124997273,229684.81057269842,229434.43757144845,1.00109126164276,0.22025316455696203,0.6338556993670196,2640.0552939390623,-744.9170051021053,22356.482105011877,19166.2089175655,0.22356482105011877,5,3,0.6,79.0,28.376046236218322,0.3591904586863079,43,19.934257987413663,0.011199123371643704,35270.61778783008,0.005312856838634052,False,False,False
878,152470.75634924197,479761.4491619618,327290.69281271985,1.4658572935237353,0.5728929384965832,173.65689789207514,953.8000977374986,-872.7751808339196,16318.91497924026,14622.143273742826,0.1631891497924026,10,8,0.8,87.8,18.032193432857802,0.20537805732184286,42,0.0552864391763298,9.343192028587943,93.97216682623338,1.7036714510609179,2012-01-13 14:00:00,2021-05-18 23:00:00,RBB_U,5,30,3.0,1,31,36,55,32,1,0,-1,3000,0,0,413,10878.991587004974,507361.6564408596,496482.6648538547,1.0219121277682621,0.4648910411622276,26.341383987905505,2642.508627296144,-2246.5278952663107,68820.58307098155,66309.63466164899,0.6882058307098154,5,3,0.6,82.6,29.425159302882285,0.3562367954344103,45,1.5514112675691394,0.15807758524487334,2612.6411240419307,0.12584004425140974,False,False,False
809,119028.87769842223,421384.6146956816,302355.7369972593,1.3936716362008412,0.5797280593325093,147.1308747817333,898.4746581997475,-889.2815794037039,11731.174823740483,11192.981899477461,0.11731174823740483,10,9,0.9,80.9,16.51938255504727,0.20419508720701196,40,0.03773033978677537,10.146373188262649,79.73292377377301,1.7024427278004155,2012-01-13 14:00:00,2021-05-12 23:00:00,RBB_U,5,30,3.0,1,31,35,55,32,1,0,-1,5000,4500,24,388,-65191.30538673867,457211.1475491456,522402.4529358843,0.8752086537489139,0.5,-168.01882831633677,2356.758492521369,-2692.7961491540427,116841.3695577544,115293.90743442264,1.168413695577544,5,2,0.4,77.6,27.644891028904418,0.35624859573330436,42,0.0,0.0,0.0,0.0,False,False,False
809,111607.25620257478,336417.7934825645,224810.53727998972,1.4964502889985705,0.49938195302843014,137.957053402441,832.7173106004072,-555.087746370345,10316.457949789532,8473.185543203683,0.10316457949789531,10,8,0.8,80.9,16.51938255504727,0.20419508720701196,40,0.035759323683722345,10.818369710395775,74.78021380824153,1.702229256768365,2012-01-13 14:00:00,2021-05-12 15:00:00,RBB_U,5,30,3.0,1,31,35,55,32,1,0,-1,750,4000,0,396,2582.167902146699,228980.60547359518,226398.43757144845,1.011405413967717,0.23232323232323232,6.520626015521967,2488.919624712991,-744.7317025376593,19238.245143757667,15775.065536916372,0.19238245143757668,5,3,0.6,79.2,28.12401109372559,0.35510115017330285,44,1.5456004997514148,0.1342205530104989,2950.3678171332253,0.05891773084897913,False,False,False
809,125393.01835707479,384539.3418763737,259146.32351929886,1.483869563164907,0.546353522867738,154.99755050318268,869.9985110325197,-706.1207725321495,13029.761317453856,11332.989611956422,0.13029761317453856,10,8,0.8,80.9,16.51938255504727,0.20419508720701196,40,0.03182792831922308,9.623585214036586,84.06430472710151,1.701751145909229,2012-01-13 14:00:00,2021-05-12 15:00:00,RBB_U,5,30,3.0,1,31,35,55,32,1,0,-1,1250,4000,0,393,-3606.658061965638,313924.7651984577,317531.42326042335,0.988641571202836,0.33078880407124683,-9.177246977011801,2414.8058861419822,-1207.3438146784158,38456.24861205324,36516.09130944027,0.3845624861205324,5,2,0.4,78.6,27.7459907013608,0.3530024262259644,44,0.0,0.0,0.0,0.0,False,False,False
457,75925.96200403121,252221.5011635425,176295.53915951127,1.4306743231621637,0.5361050328227571,166.1399606215125,1029.4755149532348,-831.5827318844871,15006.683722294823,12924.739161990932,0.15006683722294822,10,8,0.8,45.7,14.588008774332431,0.31921244582784314,23,0.03939363981771078,5.059476391258322,90.32555242072024,1.6996957379512123,2012-01-18 10:00:00,2021-05-19 07:00:00,RBB_U,5,50,2.0,1,17,36,78,31,-1,11,-1,1250,3000,0,229,-32853.2720069511,165733.17635378515,198586.44836073628,0.8345643810131873,0.29694323144104806,-143.46406989934977,2437.252593438017,-1233.456200998362,34534.37656988437,32934.9836204741,0.34534376569884373,5,1,0.2,45.8,17.79213309302738,0.38847452168182056,22,0.0,0.0,0.0,0.0,False,False,False
809,117778.14961335449,417407.145012562,299628.99539920746,1.3930799469404958,0.5710754017305315,145.58485737126637,903.4786688583592,-863.4841365971397,11528.034020174753,10989.841095911732,0.11528034020174753,10,8,0.8,80.9,16.51938255504727,0.20419508720701196,40,0.04237628130841416,10.216672626679939,79.18429312175158,1.6993311858119187,2012-01-13 14:00:00,2021-05-12 17:00:00,RBB_U,5,30,3.0,1,31,35,55,32,1,0,-1,2500,5000,24,388,10465.284609662602,425251.66163271584,414786.37702305324,1.0252305408021656,0.46134020618556704,26.972383014594335,2375.707606886681,-1984.6238135074318,44584.299561138796,41947.20441476765,0.44584299561138796,5,3,0.6,77.6,27.644891028904418,0.35624859573330436,42,0.476910106715283,0.2347302685626243,1652.9610875321964,0.16009132204945592,False,False,False
808,133559.31575178527,422566.25086331903,289006.9351115338,1.4621318713346512,0.5655940594059405,165.29618286112037,924.6526277096697,-823.3815815143413,14900.921846632125,13204.15014113469,0.14900921846632126,10,8,0.8,80.8,16.375591592366977,0.20266821277681904,40,0.044856474191093024,8.963157925828062,90.14679945242099,1.6970541619765347,2012-01-13 14:00:00,2021-05-12 17:00:00,RBB_U,5,30,3.0,1,31,35,55,32,1,0,-1,2000,6000,0,388,11836.42413320599,404788.26858575223,392951.8444525462,1.0301218184882077,0.4252577319587629,30.50624776599482,2453.2622338530437,-1762.115894406037,63433.91214885563,61507.10434879954,0.6343391214885563,5,3,0.6,77.6,27.644891028904418,0.35624859573330436,42,0.5061494867518987,0.18659457902313098,2079.374449307565,0.15179850415567708,False,False,False
881,148113.60597736738,447377.89048674586,299264.2845093785,1.4949257684397208,0.5573212258796821,168.1198705758994,911.1565997693399,-767.3443192548166,15428.802053755942,13732.030348258508,0.1542880205375594,10,8,0.8,88.1,18.40353226964867,0.20889366934902012,42,0.0505760422924594,9.599812445666256,91.772626286852,1.6962598804227818,2012-01-13 14:00:00,2021-05-18 23:00:00,RBB_U,5,30,3.0,1,31,36,55,32,1,0,-1,1750,7500,24,417,8571.576960920494,413065.8202501837,404494.2432892632,1.021190850310299,0.38848920863309355,20.555340433862096,2549.789013890023,-1586.251934467699,63711.78787436526,61550.3257510335,0.6371178787436527,5,2,0.4,83.4,29.816773802676913,0.35751527341339223,45,0.8739348703456719,0.13453675131237855,3099.5248207813115,0.10205968525652083,False,False,False
809,124746.77580073394,385152.0993200328,260405.32351929886,1.479048485318269,0.5451174289245982,154.19873399349066,873.360769433181,-707.6231617372251,13029.761317453856,11332.989611956422,0.13029761317453856,10,8,0.8,80.9,16.51938255504727,0.20419508720701196,40,0.036000930454296975,9.573987793132552,84.49979438873923,1.6929807691753609,2012-01-13 14:00:00,2021-05-12 15:00:00,RBB_U,5,30,3.0,1,31,35,55,32,1,0,-1,1250,4500,0,392,-14814.733888708113,306563.04931490443,321377.78320361255,0.953902433015035,0.31887755102040816,-37.79268849160233,2452.5043945192356,-1203.662109376826,37371.34185628638,35109.551530634024,0.37371341856286383,5,2,0.4,78.4,27.997142711355384,0.35710641213463495,43,0.0,0.0,0.0,0.0,False,False,False
809,122343.84173523841,423585.30458557885,301241.4628503404,1.406132145879334,0.5797280593325093,151.22848174936763,903.1669607368419,-886.0043025010012,12546.337103007856,11192.981899477461,0.12546337103007857,10,9,0.9,80.9,16.51938255504727,0.20419508720701196,40,0.04079486085454887,9.75135935937093,82.96279217959099,1.6920553402908338,2012-01-13 14:00:00,2021-05-12 18:30:00,RBB_U,5,30,3.0,1,31,35,55,32,1,0,-1,4000,5000,24,388,-46652.116726107844,448458.178917415,495110.29564352287,0.9057742948660127,0.48711340206185566,-120.237414242546,2372.79459744664,-2487.9914353945874,96165.36998401536,94634.72605819261,0.9616536998401536,5,2,0.4,77.6,27.644891028904418,0.35624859573330436,42,0.0,0.0,0.0,0.0,False,False,False
879,134165.87575821232,414747.52322661143,280581.6474683991,1.478170532423447,0.5415244596131968,152.63467094222108,871.3183261063266,-696.2323758521069,12792.24412252105,11095.472417023615,0.1279224412252105,10,7,0.7,87.9,17.778920102188433,0.2022630273286511,43,0.060667924321830706,10.488064054532083,83.80955679043247,1.6912946393962403,2012-01-13 14:00:00,2021-05-18 22:00:00,RBB_U,5,30,3.0,1,31,36,55,32,1,0,-1,1250,0,24,417,21427.231005693604,363809.95572946,342382.72472376644,1.0625826873215667,0.3117505995203837,51.38424701605181,2798.538120995846,-1192.9711662849004,37368.28108433972,34706.81896100796,0.37368281084339716,5,2,0.4,83.4,29.776500801806783,0.35703238371470963,46,0.7876794777348811,0.573406921162165,727.2322405087755,0.3331331744203701,False,False,False
808,110734.7151037755,333616.6162059193,222881.9011021438,1.4968313468083136,0.4975247524752475,137.0479147323954,829.8920801142272,-548.9701997589749,10316.457949789517,8701.05394046488,0.10316457949789518,10,7,0.7,80.8,16.375591592366977,0.20266821277681904,40,0.05410227492241714,10.73379212542952,75.27628545048493,1.691011545136786,2012-01-13 14:00:00,2021-05-12 15:00:00,RBB_U,5,30,3.0,1,31,35,55,32,1,0,-1,750,6000,24,395,5342.353096118459,234996.44238352816,229654.08928740968,1.023262608180395,0.21772151898734177,13.52494454713534,2732.5167719014903,-743.2171174349828,22938.060791645512,20046.421819813448,0.22938060791645512,5,2,0.4,79.0,28.376046236218322,0.3591904586863079,43,1.121415955143965,0.23290343262427168,1695.9818734712612,0.11191713666117668,False,False,False
882,139033.46286126671,460871.3635066019,321837.9006453351,1.4319984146754718,0.5691609977324263,157.63431163408924,918.0704452322747,-846.9418438035134,13666.243805732222,10281.329864544867,0.13666243805732223,10,8,0.8,88.2,18.153787483607932,0.2058252549161897,43,0.043090345854206805,10.17349498791687,86.69587010634571,1.6899179518165552,2012-01-13 14:00:00,2021-05-18 23:00:00,RBB_U,5,30,3.0,1,31,36,55,32,1,0,-1,2500,6000,24,416,-2677.710830175005,454915.1793446955,457592.8901748705,0.9941482682802356,0.4495192307692308,-6.436804880228378,2432.7014938219013,-1998.2222278378624,59462.836838268544,56825.7416918974,0.5946283683826854,5,3,0.6,83.2,29.728101183896698,0.35730890846029684,45,0.0,0.0,0.0,0.0,False,False,False
808,138756.1264321581,416632.75112873386,277876.6246965757,1.4993443640092843,0.5606435643564357,171.72787924772044,919.7190974144236,-782.7510554833118,16229.344819836922,14532.573114339488,0.16229344819836922,10,9,0.9,80.8,16.375591592366977,0.20266821277681904,40,0.043176471944315724,8.54970597842978,94.50617390101121,1.6893893801165876,2012-01-13 14:00:00,2021-05-12 15:00:00,RBB_U,5,30,3.0,1,31,35,55,32,1,0,-1,1750,6000,0,389,-1537.1337253050806,375483.695569393,377020.8292946981,0.9959229474716804,0.39331619537275064,-3.9515005791904385,2454.1418011071437,-1597.545886841941,60816.56360576099,58655.10148242923,0.6081656360576099,5,3,0.6,77.8,27.722914709676544,0.3563356646487988,42,0.0,0.0,0.0,0.0,False,False,False
809,110461.01364623394,336030.55092622363,225569.53727998972,1.4896982765413196,0.49814585908529047,136.54018992117918,833.8227070129618,-555.5899933004673,10316.457949789517,8473.185543203668,0.10316457949789518,10,8,0.8,80.9,16.51938255504727,0.20419508720701196,40,0.040656878402211875,10.70726156049399,75.55620038133036,1.6847468126948841,2012-01-13 14:00:00,2021-05-12 15:00:00,RBB_U,5,30,3.0,1,31,35,55,32,1,0,-1,750,4500,0,395,-9107.940478320888,220326.49709312757,229434.43757144845,0.9603026442990514,0.22025316455696203,-23.058077160306045,2532.4884723347996,-744.9170051021053,23497.745579880357,20309.552992685334,0.23497745579880358,5,1,0.2,79.0,28.376046236218322,0.3591904586863079,43,0.0,0.0,0.0,0.0,False,False,False
809,127512.35853327,429089.87278893567,301577.5142556656,1.422817857783555,0.5710754017305315,157.61725405843018,928.7659584176097,-869.0994647137337,13807.890113813053,13269.697189550032,0.13807890113813054,10,9,0.9,80.9,16.51938255504727,0.20419508720701196,40,0.0391413040854214,9.234746038839777,87.60392506707635,1.681045788783241,2012-01-13 14:00:00,2021-05-12 17:00:00,RBB_U,5,30,3.0,1,31,35,55,32,1,0,-1,2500,5000,0,388,12758.725081793244,431218.7022348453,418459.9771530521,1.0304897141384843,0.4639175257731959,32.88331206647743,2395.659456860252,-2011.8268132358276,44584.299561138796,41947.20441476765,0.44584299561138796,5,3,0.6,77.6,27.644891028904418,0.35624859573330436,42,0.39118328579100575,0.2861708091723434,1355.8336055384707,0.1951749276005294,False,False,False
878,155049.1604273187,456365.8357889331,301316.6753616143,1.5145721199838744,0.5592255125284739,176.59357679649057,929.4619873501692,-778.5960603659285,17391.827624904116,15695.055919406681,0.17391827624904116,10,8,0.8,87.8,18.032193432857802,0.20537805732184286,42,0.05436704832092808,8.91505848443996,98.48505217687931,1.6781923568988117,2012-01-13 14:00:00,2021-05-18 23:00:00,RBB_U,5,30,3.0,1,31,36,55,32,1,0,-1,1750,0,0,414,23878.707879989946,426202.5931048955,402323.88522490556,1.0593519518898098,0.391304347826087,57.67803835746364,2630.880204351207,-1596.5233540670856,59287.62458860571,57126.16246527395,0.592876245886057,5,2,0.4,82.8,29.518807563992144,0.35650733772937376,45,0.7068133758616296,0.40276040819114073,1027.9063969056392,0.296871087470464,False,False,False
882,139823.16209608887,433511.1228429006,293687.96074681164,1.4760942932101682,0.5521541950113379,158.52966224046358,890.1665766794673,-743.5138246754725,14101.59006909217,12404.818363594735,0.1410159006909217,10,8,0.8,88.2,18.153787483607932,0.2058252549161897,43,0.042846978356010014,9.915418148663457,88.95237566142268,1.6730770367064456,2012-01-13 14:00:00,2021-05-18 22:00:00,RBB_U,5,30,3.0,1,31,36,55,32,1,0,-1,1500,6000,24,417,-28270.614507944818,358860.85302919865,387131.4675371435,0.9269741240933033,0.34292565947242204,-67.79523862816504,2509.516454749641,-1412.8885676538084,60441.67279353166,58030.2106701999,0.6044167279353166,5,1,0.2,83.4,29.816773802676913,0.35751527341339223,45,0.0,0.0,0.0,0.0,False,False,False
808,120127.77925018934,406794.290391642,286666.5111414526,1.419050620080675,0.5643564356435643,148.67299412152147,892.0927420869342,-814.3934975609449,12402.896275483952,10706.124569986518,0.12402896275483952,10,8,0.8,80.8,16.375591592366977,0.20266821277681904,40,0.049871895055369195,9.68546189389962,83.42400278389594,1.6730540780506733,2012-01-13 14:00:00,2021-05-12 17:00:00,RBB_U,5,30,3.0,1,31,35,55,32,1,0,-1,2000,6000,24,388,4815.014132062723,395919.2166489666,391104.20251690387,1.0123113331461955,0.422680412371134,12.409830237275058,2414.141564932723,-1746.0009040933207,63433.91214885563,61507.10434879954,0.6343391214885563,5,3,0.6,77.6,27.644891028904418,0.35624859573330436,42,1.24423310829069,0.07590599363891806,5111.58581028135,0.061751077395499995,False,False,False
457,76591.18959734941,283612.1466864494,207020.95708909997,1.369968290526187,0.5733041575492341,167.59560086947354,1082.489109490265,-1061.6459337902563,15903.418994602434,12706.05451897416,0.15903418994602433,10,7,0.7,45.7,14.588008774332431,0.31921244582784314,23,0.03905148902535795,4.816020355330146,94.89162550864508,1.665546688446723,2012-01-18 10:00:00,2021-05-19 09:30:00,RBB_U,5,50,2.0,1,17,36,78,31,-1,11,-1,2250,3000,0,229,-24486.705308511206,242362.89983947543,266849.6051479866,0.9082378057298169,0.44541484716157204,-106.92884414197033,2376.1068611713276,-2101.177993291233,50581.915715492774,49369.3330496787,0.5058191571549278,5,2,0.4,45.8,17.79213309302738,0.38847452168182056,22,0.0,0.0,0.0,0.0,False,False,False
878,150110.73245496314,462299.33552351827,312188.6030685552,1.4808334800806275,0.5637813211845103,170.96894357057306,933.9380515626632,-815.1138461319979,16563.40465169932,14866.632946201884,0.16563404651699318,10,8,0.8,87.8,18.032193432857802,0.20537805732184286,42,0.056155646296645975,9.062794492529806,96.87961044727534,1.6648759093647694,2012-01-13 14:00:00,2021-05-18 23:00:00,RBB_U,5,30,3.0,1,31,36,55,32,1,0,-1,2000,0,0,413,38244.70392662567,457967.0615309892,419722.3576043635,1.091119053425969,0.4213075060532688,92.60218868432365,2631.994606499938,-1756.1604920684667,62904.973131700346,60978.16533164426,0.6290497313170035,5,3,0.6,82.6,29.425159302882285,0.3562367954344103,45,0.4413105187126106,0.6079758407424328,679.3033083282766,0.46271993245941984,True,False,False
883,134573.49469810358,418810.9515038682,284237.4568057646,1.4734544708161572,0.5436013590033975,152.4048637577617,872.5228156330588,-705.3038630415995,13192.24412252105,11495.472417023615,0.1319224412252105,10,8,0.8,88.3,18.286880543165363,0.2070994398999475,43,0.03708754098417817,10.200955459000895,86.56051911498916,1.6629490155096347,2012-01-13 14:00:00,2021-05-18 22:00:00,RBB_U,5,30,3.0,1,31,36,55,32,1,0,-1,1250,5000,0,420,-10459.358439445423,337124.0873086216,347583.4457480671,0.9699083527498413,0.3119047619047619,-24.90323437963196,2573.4663153329893,-1202.7108849414087,40023.35782979326,37761.567504140905,0.4002335782979326,5,1,0.2,84.0,30.086541841826886,0.35817311716460576,46,0.0,0.0,0.0,0.0,False,False,False
878,154697.23130466318,472367.80210096634,317670.5707963031,1.4869737568603996,0.5683371298405467,176.19274636066422,946.6288619257842,-838.1809255839132,17718.562984485878,16021.791278988443,0.17718562984485878,10,8,0.8,87.8,18.032193432857802,0.20537805732184286,42,0.05449073086815657,8.730800090284628,100.56352120317266,1.6588733251147028,2012-01-13 14:00:00,2021-05-18 23:00:00,RBB_U,5,30,3.0,1,31,36,55,32,1,0,-1,2250,0,0,413,34743.59761282155,474487.6316186423,439744.03400582075,1.079008684430183,0.43341404358353514,84.12493368721924,2650.7688917242585,-1879.2480085718835,51665.469512478034,48057.370464189604,0.5166546951247803,5,3,0.6,82.6,29.425159302882285,0.3562367954344103,45,0.4857813032476787,0.67247230966188,614.151681885098,0.46383550751362385,False,False,False
811,108779.72377157338,331492.231463608,222712.5076920346,1.488431138865327,0.5228113440197287,134.13036223375263,781.8213006217169,-575.4845160000893,10281.644954936753,9490.41051426726,0.10281644954936754,10,7,0.7,81.1,16.391766225761028,0.20211795592800283,41,0.04588171239045068,10.579992233571785,76.65412054146735,1.6578118630163756,2012-01-13 14:00:00,2021-05-12 15:00:00,RBB_U,5,30,3.0,1,31,35,55,32,1,0,-1,1000,5000,12,394,-20882.94505354564,249676.46910258278,270559.4141561284,0.9228156775890453,0.2893401015228426,-53.00239861306,2190.1444658121295,-966.2836219861729,30758.236815589087,29231.100813212404,0.30758236815589085,5,2,0.4,78.8,28.244645510255566,0.3584345876935986,43,0.0,0.0,0.0,0.0,False,False,False
882,131869.74228983565,413710.3897582347,281840.6474683991,1.467887593483553,0.5419501133786848,149.51217946693384,865.5029074440057,-697.6253650207898,12792.24412252105,11095.472417023615,0.1279224412252105,10,7,0.7,88.2,18.153787483607932,0.2058252549161897,43,0.04543119517768087,10.30856986677387,85.55987992503438,1.6566953372775695,2012-01-13 14:00:00,2021-05-18 22:00:00,RBB_U,5,30,3.0,1,31,36,55,32,1,0,-1,1250,6000,24,420,-6057.689296965473,339959.84366582317,346017.5329627887,0.9824931145971236,0.3119047619047619,-14.423069754679696,2595.113310426131,-1197.292501601345,40851.14871837058,38189.686595038824,0.40851148718370583,5,1,0.2,84.0,30.086541841826886,0.35817311716460576,46,0.0,0.0,0.0,0.0,False,False,False
882,119776.46006839635,361046.20211704867,241269.74204865232,1.4964421110221242,0.5238095238095238,135.80097513423624,781.4852859676378,-574.4517667825055,10559.47833551111,10176.317676401075,0.1055947833551111,10,7,0.7,88.2,17.77526371112395,0.20153360216693822,44,0.06604250604943425,11.343028155623259,77.75701407941513,1.6562317418580161,2012-01-13 14:00:00,2021-05-18 22:00:00,RBB_U,5,30,3.0,1,31,36,55,32,1,0,-1,1000,0,12,421,-16755.36166049091,275517.36463446857,292272.72629495955,0.9426721683104239,0.28028503562945367,-39.7989588135176,2334.8929206310895,-964.5964564190084,42238.747739029015,40711.61173665233,0.42238747739029014,5,2,0.4,84.2,30.062601351180504,0.3570380207978682,46,0.0,0.0,0.0,0.0,False,False,False
809,124743.70669866823,393792.2456512825,269048.53895261424,1.4636475900753303,0.553770086526576,154.19494029501635,879.0005483287556,-745.2868115030865,13664.107264024977,11967.335558527542,0.13664107264024977,10,9,0.9,80.9,16.51938255504727,0.20419508720701196,40,0.04001003443048469,9.129297969366425,88.61579529057094,1.6531754177686333,2012-01-13 14:00:00,2021-05-12 15:00:00,RBB_U,5,30,3.0,1,31,35,55,32,1,0,-1,1500,5000,24,389,-22717.673174326825,333208.1318183621,355925.80499268894,0.9361730089370917,0.35218508997429304,-58.40018810880932,2432.1761446595774,-1412.403988066226,49688.21042883354,47276.74830550178,0.4968821042883354,5,2,0.4,77.8,27.722914709676544,0.3563356646487988,42,0.0,0.0,0.0,0.0,False,False,False
809,125633.76165908674,434340.35360543645,308706.5919463497,1.4069681857681895,0.5797280593325093,155.2951318406511,926.0988349796087,-907.9605645480874,13870.552554780887,13147.981899477461,0.13870552554780888,10,9,0.9,80.9,16.51938255504727,0.20419508720701196,40,0.035746760589614,9.057588813632622,89.31736874413753,1.6525340152990968,2012-01-13 14:00:00,2021-05-12 23:00:00,RBB_U,5,30,3.0,1,31,35,55,32,1,0,-1,5000,4500,0,388,-61790.13209530053,468514.18815127516,530304.3202465756,0.8834817486182841,0.5051546391752577,-159.2529177713931,2390.3785109758937,-2762.001667950915,117706.3695577544,116158.90743442264,1.177063695577544,5,2,0.4,77.6,27.644891028904418,0.35624859573330436,42,0.0,0.0,0.0,0.0,False,False,False
880,126197.54728890072,372479.96343582135,246282.4161469206,1.5124098961803965,0.4954545454545455,143.4063037373872,854.3118427427095,-554.6901264570283,11834.457949789517,10512.283365031206,0.11834457949789517,10,8,0.8,88.0,17.899720668211557,0.20340591668422225,43,0.066796585022162,10.663568016745982,82.52397308462373,1.6520892438040162,2012-01-13 14:00:00,2021-05-18 21:00:00,RBB_U,5,30,3.0,1,31,36,55,32,1,0,-1,750,0,0,421,21789.61796538433,270199.0555368328,248409.43757144845,1.0877165464340184,0.20902612826603326,51.75681226932144,3070.443812918554,-745.9742870013467,30082.786768613005,27587.32770433552,0.30082786768613007,5,2,0.4,84.2,29.93593158730825,0.35553362930294835,46,0.7745794421307421,0.7243217901646869,581.2333768176137,0.37397961858111595,False,False,False
457,71830.42551141971,232458.57838975487,160628.15287833515,1.447184532874672,0.4485776805251641,157.17817398560112,1133.9442848280726,-637.4133050727586,14225.944560303891,12144.0,0.1422594456030389,10,10,1.0,45.7,14.588008774332431,0.31921244582784314,23,0.08340476834635403,5.049255267861475,90.50839693306979,1.6515477326876176,2012-01-18 10:00:00,2021-05-19 05:00:00,RBB_U,5,50,2.0,1,17,36,78,31,-1,11,-1,750,6000,0,229,-24221.548865218443,125859.86923762666,150081.4181028451,0.8386106076861537,0.13100436681222707,-105.77095574331197,4195.328974587555,-754.1779804163072,29002.553632019757,26397.209794552604,0.29002553632019756,5,1,0.2,45.8,17.79213309302738,0.38847452168182056,22,0.0,0.0,0.0,0.0,False,False,False
884,119598.30361121967,362886.045659872,243287.74204865232,1.491591983238114,0.5226244343891403,135.29219865522586,785.4676312984243,-576.5112370821145,10559.47833551111,10176.317676401075,0.1055947833551111,10,7,0.7,88.4,18.0288657435791,0.203946445063112,44,0.05009268375139375,11.32615644553342,78.04942517358694,1.6500266924965163,2012-01-13 14:00:00,2021-05-18 22:00:00,RBB_U,5,30,3.0,1,31,36,55,32,1,0,-1,1000,6000,12,422,-25158.128592238507,267981.4059417433,293139.53453398176,0.9141769511497875,0.28199052132701424,-59.61641846502016,2251.944587745742,-967.4572096831081,38701.69918028721,37174.563177910524,0.3870169918028721,5,1,0.2,84.4,30.32226904438387,0.3592685905732686,46,0.0,0.0,0.0,0.0,False,False,False
883,113335.74275427719,375098.90734402824,261763.16458975105,1.4329705553946175,0.5288788221970555,128.3530495518428,803.2096517002745,-629.2383764176708,9515.633229961648,8061.599525623169,0.09515633229961648,10,8,0.8,88.3,18.286880543165363,0.2070994398999475,43,0.026390615416751414,11.910478264065457,74.13640161403575,1.6490232974742742,2012-01-13 14:00:00,2021-05-18 22:00:00,RBB_U,5,30,3.0,1,31,36,55,32,1,0,-1,1000,3000,24,424,-22142.714816901913,270255.46762391913,292398.1824408211,0.9242720504208899,0.294811320754717,-52.223384002127155,2162.043740991353,-977.9203426114417,39255.31902112281,37947.08099309263,0.3925531902112281,5,1,0.2,84.8,30.195363882556546,0.356077404275431,47,0.0,0.0,0.0,0.0,False,False,False
883,144944.19862226187,441452.6282676851,296508.4296454233,1.4888366876975199,0.5537938844847112,164.14971531399985,902.7661109768612,-752.5594661051354,15564.615640240343,13867.843934742908,0.15564615640240342,10,8,0.8,88.3,18.286880543165363,0.2070994398999475,43,0.03443394111279343,9.312417471301186,94.81963225136877,1.6489609865150934,2012-01-13 14:00:00,2021-05-18 22:00:00,RBB_U,5,30,3.0,1,31,36,55,32,1,0,-1,1500,5000,0,417,-23506.89480093989,362672.485521482,386179.3803224219,0.9391295962479562,0.34772182254196643,-56.37145036196616,2501.1895553205654,-1419.7771335383159,57615.33080668688,55203.86868335512,0.5761533080668688,5,2,0.4,83.4,29.816773802676913,0.35751527341339223,45,0.0,0.0,0.0,0.0,False,False,False
809,119198.67144989275,412915.4518704508,293716.780420558,1.4058286056357363,0.5686032138442522,147.34075580950895,897.6422866748931,-841.5953593712263,12558.054608270511,10861.282902773077,0.1255805460827051,10,8,0.8,80.9,16.51938255504727,0.20419508720701196,40,0.04187127204767592,9.491810249924429,85.23137090803529,1.6477873204017413,2012-01-13 14:00:00,2021-05-12 17:00:00,RBB_U,5,30,3.0,1,31,35,55,32,1,0,-1,2250,5000,24,388,4200.75919466927,407308.63811303035,403107.8789183611,1.0104209305110605,0.44072164948453607,10.826698955333171,2381.921860310119,-1857.639995015489,48557.98772843962,46036.19874380904,0.4855798772843962,5,3,0.6,77.6,27.644891028904418,0.35624859573330436,42,1.1881185682658362,0.0865101580848449,4485.022436549806,0.06157510591299199,False,False,False
809,100887.81643417104,324939.35371416074,224051.53727998972,1.450288436575621,0.5006180469715699,124.70681883086655,802.3193918868167,-554.5830130692815,8997.717557925607,7490.587322685064,0.08997717557925607,10,8,0.8,80.9,16.51938255504727,0.20419508720701196,40,0.029646790918025443,11.21260094959353,72.15096690204847,1.647644335693331,2012-01-13 14:00:00,2021-05-12 15:00:00,RBB_U,5,30,3.0,1,31,35,55,32,1,0,-1,750,3000,0,396,-5469.3582279725015,216721.63164109818,222190.98986907065,0.9753844283641053,0.2474747474747475,-13.811510676698235,2211.4452208275325,-745.6073485539283,22314.720075237274,21372.512357786152,0.22314720075237274,5,3,0.6,79.2,28.12401109372559,0.35510115017330285,44,0.0,0.0,0.0,0.0,False,False,False
809,129585.74233323276,402471.5764154851,272885.83408225235,1.4748716354919817,0.553770086526576,160.18015121536806,898.3740544988507,-755.916437900976,14902.13283517315,13205.361129675715,0.14902132835173149,10,8,0.8,80.9,16.51938255504727,0.20419508720701196,40,0.034656590448440605,8.695784943439412,93.03357951720677,1.644462336330434,2012-01-13 14:00:00,2021-05-12 15:00:00,RBB_U,5,30,3.0,1,31,35,55,32,1,0,-1,1500,4500,0,389,-22284.814672028602,334197.9031059387,356482.71777796734,0.9374869704457635,0.35475578406169667,-57.287441316268904,2421.72393555028,-1420.2498716253679,46316.422245916234,43801.85270984824,0.46316422245916233,5,2,0.4,77.8,27.722914709676544,0.3563356646487988,42,0.0,0.0,0.0,0.0,False,False,False
883,141119.50684201616,474621.13084383577,333501.6240018197,1.4231448865185918,0.578708946772367,159.8182410441859,928.8084752325553,-896.5097419403755,14835.754254580868,13299.83411231867,0.14835754254580868,10,8,0.8,88.3,18.286880543165363,0.2070994398999475,43,0.035367187086243465,9.512122162473968,92.82891713517945,1.6444132900262665,2012-01-13 14:00:00,2021-05-18 23:00:00,RBB_U,5,30,3.0,1,31,36,55,32,1,0,-1,5000,5000,0,416,-72046.74774672357,499337.8909431544,571384.6386898779,0.8739084972394099,0.4951923076923077,-173.1892974680855,2423.9703443842445,-2720.8792318565615,118692.2538338853,116601.53142053838,1.186922538338853,5,1,0.2,83.2,29.728101183896698,0.35730890846029684,45,0.0,0.0,0.0,0.0,False,False,False
883,141064.1167308962,473347.926858388,332283.81012749183,1.424529009333233,0.5775764439411099,159.7555115865189,928.1331899184079,-890.8413140147234,14835.754254580868,13971.210037706725,0.14835754254580868,10,8,0.8,88.3,18.286880543165363,0.2070994398999475,43,0.035381074334596245,9.508388607026133,92.86536725555324,1.6437678495985042,2012-01-13 14:00:00,2021-05-18 23:00:00,RBB_U,5,30,3.0,1,31,36,55,32,1,0,-1,4000,5000,0,416,-70656.01189935178,479481.94940744014,550137.961306792,0.8715667398564602,0.4807692307692308,-169.84618245036486,2397.4097470372008,-2546.935006049963,110012.44323582953,107903.7208224826,1.1001244323582953,5,1,0.2,83.2,29.728101183896698,0.35730890846029684,45,0.0,0.0,0.0,0.0,False,False,False
883,140135.6647973198,465624.7672853712,325489.1024880515,1.4305387299486132,0.5696489241223103,158.70403714305752,925.6953623963642,-856.5502697053987,14643.77107287856,12946.999367381126,0.14643771072878561,10,8,0.8,88.3,18.286880543165363,0.2070994398999475,43,0.03561548737231564,9.569643236014683,92.27094241892857,1.6436182547650262,2012-01-13 14:00:00,2021-05-18 23:00:00,RBB_U,5,30,3.0,1,31,36,55,32,1,0,-1,2500,5000,0,416,-243.05818212846498,456005.4321227409,456248.49030486937,0.9994672679750325,0.4567307692307692,-0.5842744762703485,2400.028590119689,-2018.7986296675635,57511.419938992134,54874.32479262099,0.5751141993899214,5,3,0.6,83.2,29.728101183896698,0.35730890846029684,45,0.0,0.0,0.0,0.0,False,False,False
804,126926.78720300429,399954.98792949884,273028.20072649454,1.4648852641055674,0.5597014925373134,157.8691383121944,888.788862065553,-771.2661037471597,14491.31924868875,12794.547543191315,0.1449131924868875,10,8,0.8,80.4,16.224672569885655,0.20179941007320465,39,0.06412803299001889,8.758815193067345,91.79323713056199,1.643549253182978,2012-01-13 14:00:00,2021-05-12 15:00:00,RBB_U,5,30,3.0,1,31,35,55,32,1,0,-1,1750,0,24,386,24676.49514976323,396831.6825088189,372155.18735905574,1.0663070030673931,0.3911917098445596,63.9287439113037,2628.024387475622,-1583.639095144918,50700.50421075237,48539.04208742061,0.5070050421075237,5,3,0.6,77.2,27.418242102658585,0.3551585764593081,42,0.6839622087916862,0.4867110403318224,793.0783730256845,0.3558192821584987,False,False,False
882,125786.81066112277,373587.22680804343,247800.4161469206,1.5076133955583997,0.4943310657596372,142.61543158857458,856.8514376331271,-555.6063142307637,11834.457949789517,10512.283365031206,0.11834457949789517,10,8,0.8,88.2,18.153787483607932,0.2058252549161897,43,0.059553143613611484,10.628861177656216,82.9816087780056,1.6429781284888192,2012-01-13 14:00:00,2021-05-18 21:00:00,RBB_U,5,30,3.0,1,31,36,55,32,1,0,-1,750,7500,0,423,2533.6858158238538,252461.12338727232,249927.43757144848,1.0101376857236795,0.20803782505910165,5.989800983035115,2868.8764021280945,-746.052052452085,29777.958396753675,27330.1794501182,0.29777958396753673,5,2,0.4,84.6,30.447331574376104,0.3598975363401431,46,2.956562314559994,0.08508594787008872,4971.4437059083675,0.04350151482186539,False,False,False
457,80056.80288891058,305754.5326002344,225697.72971132386,1.35470805573147,0.5667396061269147,175.1789997569159,1180.5194308889359,-1139.887523794565,17936.536460771353,15797.89522172029,0.17936536460771352,10,7,0.7,45.7,14.588008774332431,0.31921244582784314,23,0.0560976686295087,4.463336779873932,102.38976410220788,1.639276439026221,2012-01-18 10:00:00,2021-05-19 09:30:00,RBB_U,5,50,2.0,1,17,36,78,31,-1,11,-1,2500,4500,0,229,-12523.383290603175,288101.91771090135,300625.3010015045,0.9583422178742685,0.42358078602620086,-54.68726327774312,2970.1228629989832,-2277.464401526549,45449.24838059563,44100.71273517199,0.4544924838059563,5,2,0.4,45.8,17.79213309302738,0.38847452168182056,22,0.0,0.0,0.0,0.0,False,False,False
457,75818.99848626176,294134.95557536173,218315.95708909997,1.347290227875181,0.562363238512035,165.9059047839426,1144.49399056561,-1091.5797854455,16099.201420918864,13268.575427497373,0.16099201420918863,10,7,0.7,45.7,14.588008774332431,0.31921244582784314,23,0.05263852173836299,4.7094881605583625,97.0381460616768,1.6386987534160682,2012-01-18 10:00:00,2021-05-19 09:30:00,RBB_U,5,50,2.0,1,17,36,78,31,-1,11,-1,2250,4000,0,229,-7104.369865926215,270828.9599401998,277933.3298061261,0.9744385825518589,0.4148471615720524,-31.023449196184348,2850.831157265261,-2074.1293269113885,49134.95851775051,47488.8745120972,0.49134958517750504,5,3,0.6,45.8,17.79213309302738,0.38847452168182056,22,0.0,0.0,0.0,0.0,False,False,False
809,124578.37154796682,433067.14961998875,308488.7780720219,1.403834370658637,0.5784919653893696,153.99057051664624,925.3571573076682,-904.6591732317357,13870.552554780887,13147.981899477461,0.13870552554780888,10,9,0.9,80.9,16.51938255504727,0.20419508720701196,40,0.03604959628382055,8.981500272318083,90.07403835341653,1.6386518546839548,2012-01-13 14:00:00,2021-05-12 18:30:00,RBB_U,5,30,3.0,1,31,35,55,32,1,0,-1,4000,4500,0,388,-54293.0884645984,449425.13834676566,503718.22681136406,0.8922153585581281,0.49226804123711343,-139.9306403726763,2353.0111955328043,-2556.9453137632695,103694.25548837171,101543.25432075959,1.036942554883717,5,2,0.4,77.6,27.644891028904418,0.35624859573330436,42,0.0,0.0,0.0,0.0,False,False,False
811,107335.44722788474,329038.95491991926,221703.5076920346,1.484139598625489,0.5240443896424167,132.34950336360635,774.2093056939276,-574.3614188912813,10281.644954936753,9490.41051426726,0.10281644954936754,10,7,0.7,81.1,16.391766225761028,0.20211795592800283,41,0.037182497516656136,10.439520883897805,77.68555750972327,1.6358009706865588,2012-01-13 14:00:00,2021-05-12 15:00:00,RBB_U,5,30,3.0,1,31,35,55,32,1,0,-1,1000,4000,12,395,-10738.733282691028,255784.6808734374,266523.4141561284,0.9597081055085077,0.3012658227848101,-27.186666538458297,2149.4510997767848,-965.6645440439436,29676.906231723842,27736.748929110872,0.29676906231723843,5,2,0.4,79.0,27.992856231545932,0.35433995229804977,44,0.0,0.0,0.0,0.0,False,False,False
811,106994.36189501545,329706.86958705,222712.5076920346,1.480414696973223,0.5228113440197287,131.92892958694875,777.6105414788915,-575.4845160000893,10281.644954936753,9490.41051426726,0.10281644954936754,10,7,0.7,81.1,16.391766225761028,0.20211795592800283,41,0.0419741743439401,10.406346685181138,77.93320985114609,1.6306028023926311,2012-01-13 14:00:00,2021-05-12 15:00:00,RBB_U,5,30,3.0,1,31,35,55,32,1,0,-1,1000,4500,12,394,-27181.258533116503,243378.15562301193,270559.4141561284,0.8995368221878566,0.2893401015228426,-68.98796582009264,2134.896101956245,-966.2836219861729,32669.93295725934,31142.79695488266,0.3266993295725934,5,2,0.4,78.8,28.244645510255566,0.3584345876935986,43,0.0,0.0,0.0,0.0,False,False,False
878,137520.25687581138,453647.8639231578,316127.6070473464,1.4350150186510442,0.5660592255125285,156.6289941637943,912.7723620184262,-829.7312520927727,14495.537413337704,12798.76570784027,0.14495537413337706,10,8,0.8,87.8,18.032193432857802,0.20537805732184286,42,0.05918811804156138,9.487075432558683,92.54696099356318,1.630401046342019,2012-01-13 14:00:00,2021-05-18 23:00:00,RBB_U,5,30,3.0,1,31,36,55,32,1,0,-1,2250,0,24,413,29079.19894633437,466475.5910165128,437396.3920701784,1.066482484706158,0.43099273607748184,70.40968267877571,2620.6493877332177,-1861.261242851823,52255.469512478034,48647.370464189604,0.5225546951247804,5,3,0.6,82.6,29.425159302882285,0.3562367954344103,45,0.5804076707552135,0.5564814404622386,742.1631162702274,0.386016578442028,False,False,False
883,135752.63401473284,463670.22929848864,327917.5952837558,1.4139839885604872,0.5775764439411099,153.74024237229088,909.1573123499777,-879.1356441923748,13979.9422775071,10595.028336319745,0.139799422775071,10,9,0.9,88.3,18.286880543165363,0.2070994398999475,43,0.03676540080583881,9.710528936385582,90.93222478246042,1.6295748721129697,2012-01-13 14:00:00,2021-05-18 23:00:00,RBB_U,5,30,3.0,1,31,36,55,32,1,0,-1,5000,5000,24,416,-74124.536502893,489023.2348762936,563147.7713791867,0.8683746251514818,0.49038461538461536,-178.18398197810816,2397.172719981831,-2656.357412165975,117827.25383388533,115736.5314205384,1.1782725383388533,5,1,0.2,83.2,29.728101183896698,0.35730890846029684,45,0.0,0.0,0.0,0.0,False,False,False
457,92257.96453965074,329060.03723627934,236802.0726966286,1.3895994806508476,0.5733041575492341,201.87738411302132,1255.954340596486,-1214.3696035724545,24135.844678444635,21997.20343939357,0.24135844678444635,10,7,0.7,45.7,14.588008774332431,0.31921244582784314,23,0.1156787824950755,3.8224460659562065,119.55695178283146,1.6285303789502583,2012-01-18 10:00:00,2021-05-19 10:30:00,RBB_U,5,50,2.0,1,17,36,78,31,-1,11,-1,3000,0,0,229,27993.034604274275,359612.99719379796,331619.9625895237,1.0844129960864985,0.4279475982532751,122.2403257828571,3669.5203795285506,-2531.4500961032345,61895.90723254575,60547.371587122114,0.6189590723254575,5,3,0.6,45.8,17.79213309302738,0.38847452168182056,22,1.8419632308373861,0.4522598642766987,506.3460591760464,0.6157763133537322,True,False,False
809,106521.54256734396,329403.4436694877,222881.9011021438,1.4779281854677222,0.49814585908529047,131.67063358138932,817.3782721327239,-548.9701997589749,10316.457949789517,8701.05394046488,0.10316457949789518,10,7,0.7,80.9,16.51938255504727,0.20419508720701196,40,0.03746659974884283,10.325398803134489,78.35048460834378,1.6246621626923095,2012-01-13 14:00:00,2021-05-12 15:00:00,RBB_U,5,30,3.0,1,31,35,55,32,1,0,-1,750,4000,24,396,3021.5161861854867,228880.60547359518,225859.08928740968,1.01337788173909,0.23232323232323232,7.63009137925628,2487.8326681912517,-742.9575305506897,19238.245143757667,15775.065536916372,0.19238245143757668,5,3,0.6,79.2,28.12401109372559,0.35510115017330285,44,1.320860043129022,0.157057785863899,2521.3649729097815,0.06894240969594265,False,False,False
882,146011.69206735876,475613.1103637148,329601.4182963561,1.44299473231051,0.572562358276644,165.54613613079223,941.8081393340888,-874.2743190884777,16318.91497924026,14622.143273742826,0.1631891497924026,10,8,0.8,88.2,18.153787483607932,0.2058252549161897,43,0.04103096070714807,8.947389716357016,98.57623597054089,1.6241003345272,2012-01-13 14:00:00,2021-05-18 23:00:00,RBB_U,5,30,3.0,1,31,36,55,32,1,0,-1,3000,6000,0,416,-24965.456395361092,476643.8317415409,501609.28813690203,0.9502292780739989,0.4639423076923077,-60.01311633500263,2469.6571592825953,-2249.3690050982154,77319.56455504731,75182.46940867617,0.7731956455504732,5,3,0.6,83.2,29.728101183896698,0.35730890846029684,45,0.0,0.0,0.0,0.0,False,False,False
809,113483.55177510224,416280.8572520224,302797.3054769202,1.3747838891642719,0.5797280593325093,140.276330995182,887.5924461663591,-890.580310226236,11731.174823740483,11192.981899477461,0.11731174823740483,10,9,0.9,80.9,16.51938255504727,0.20419508720701196,40,0.03516809209416731,9.673673223711965,83.62903948595154,1.6231292034356941,2012-01-13 14:00:00,2021-05-12 23:00:00,RBB_U,5,30,3.0,1,31,35,55,32,1,0,-1,5000,4000,24,389,-46920.24736347094,464142.9269309804,511063.1742944513,0.9081909053058916,0.5115681233933161,-120.61760247678905,2332.3765172411076,-2689.806180497112,108099.1265335457,105308.81374946612,1.080991265335457,5,2,0.4,77.8,27.389048906451645,0.35204433041711625,43,0.0,0.0,0.0,0.0,False,False,False
458,65738.42005248326,222994.97256916604,157256.55251668277,1.4180329468020694,0.5305676855895196,143.533668236863,917.6747842352512,-731.4258256589897,12355.45060746897,11634.46540520457,0.12355450607468971,10,7,0.7,45.8,14.627371602581238,0.3193749258205511,23,0.030286702941909088,5.3206007729692875,86.08050472924361,1.6183182681650932,2012-01-18 10:00:00,2021-05-19 05:00:00,RBB_U,5,50,2.0,1,17,36,78,31,-1,11,-1,1000,2000,0,229,-30868.164063901873,130121.25403894324,160989.4181028451,0.8082596705568417,0.29694323144104806,-134.79547626158023,1913.5478535138711,-999.934273930715,32167.94107888273,31457.198170458352,0.3216794107888273,5,1,0.2,45.8,17.79213309302738,0.38847452168182056,22,0.0,0.0,0.0,0.0,False,False,False
457,91576.6755262301,328378.7482228587,236802.0726966286,1.3867224407429517,0.5733041575492341,200.3865985256676,1253.3540008506056,-1214.3696035724545,24135.844678444635,21997.20343939357,0.24135844678444635,10,7,0.7,45.7,14.588008774332431,0.31921244582784314,23,0.109099832927854,3.794218795583147,120.44640138623375,1.6165043185365395,2012-01-18 10:00:00,2021-05-19 10:30:00,RBB_U,5,50,2.0,1,17,36,78,31,-1,11,-1,3000,10000,0,229,-25639.340207788933,305980.62238173466,331619.9625895237,0.9226845693860559,0.4279475982532751,-111.96218431348879,3122.251248793211,-2531.4500961032345,68954.37179013446,67605.83614471082,0.6895437179013446,5,2,0.4,45.8,17.79213309302738,0.38847452168182056,22,0.0,0.0,0.0,0.0,False,False,False
809,118286.08060492334,375667.7685558302,257381.6879509068,1.45957457792213,0.5451174289245982,146.21270779347753,851.8543504667351,-699.4067607361598,12854.761317453856,11157.989611956422,0.12854761317453856,10,7,0.7,80.9,16.51938255504727,0.20419508720701196,40,0.042194313772809744,9.201732936442593,87.91822209879967,1.616190532905049,2012-01-13 14:00:00,2021-05-12 15:00:00,RBB_U,5,30,3.0,1,31,35,55,32,1,0,-1,1250,5000,24,392,1621.3040191911496,318915.1744375253,317293.87041833415,1.0051097867634617,0.3239795918367347,4.135979640793749,2511.143105807286,-1197.3353600691855,32597.686353672463,29936.224230340704,0.3259768635367246,5,2,0.4,78.4,27.997142711355384,0.35710641213463495,43,3.078386250155572,0.0497367819789607,7881.491009326279,0.028709422122348376,False,False,False
883,130672.71224503894,414910.1690508035,284237.4568057646,1.4597307959110222,0.5436013590033975,147.98721658554805,864.3961855225074,-705.3038630415995,13192.24412252105,11495.472417023615,0.1319224412252105,10,8,0.8,88.3,18.286880543165363,0.2070994398999475,43,0.03054195425680024,9.905267900702498,89.1444844149421,1.614746341167311,2012-01-13 14:00:00,2021-05-18 22:00:00,RBB_U,5,30,3.0,1,31,36,55,32,1,0,-1,1250,4000,0,421,-9241.330337604508,333236.7554672734,342478.0858048779,0.9730162871125435,0.3254156769596199,-21.95090341473755,2432.3850764034555,-1205.9087528340772,39883.36898990658,37943.21168729361,0.3988336898990658,5,1,0.2,84.2,29.83554926593442,0.35434144021299785,47,0.0,0.0,0.0,0.0,False,False,False
878,132794.39201620923,443409.39734570985,310615.0053295006,1.4275208529457257,0.5615034168564921,151.2464601551358,899.4105422833871,-806.7922216350664,13840.379080551145,12143.60737505371,0.13840379080551146,10,8,0.8,87.8,18.032193432857802,0.20537805732184286,42,0.06129449499703143,9.594707720312032,91.5087802144583,1.6112045264446115,2012-01-13 14:00:00,2021-05-18 23:00:00,RBB_U,5,30,3.0,1,31,36,55,32,1,0,-1,2000,0,24,413,32080.30526013849,449955.02092885965,417874.71566872124,1.0767701515723453,0.4188861985472155,77.67628392285349,2600.8960747332926,-1741.144648619672,63494.973131700346,61568.16533164426,0.6349497313170035,5,3,0.6,82.6,29.425159302882285,0.3562367954344103,45,0.5261106461116177,0.5052416542266739,817.430622643615,0.38632980565590386,True,False,False
458,69367.73046805049,257155.13120688882,187787.4007388383,1.3693950190221886,0.5895196506550219,151.45792678613643,952.426411877366,-998.8691528661612,13924.204614544815,12687.900813964927,0.13924204614544816,10,7,0.7,45.8,14.627371602581238,0.3193749258205511,23,0.02870210667937332,4.981809186830751,91.93447256284084,1.6085933035582585,2012-01-18 10:00:00,2021-05-19 09:30:00,RBB_U,5,50,2.0,1,17,36,78,31,-1,11,-1,2000,2000,0,229,-9307.103830918837,210561.06940668233,219868.17323760118,0.957669617690137,0.4978165938864629,-40.64237480750584,1847.0269246200205,-1911.8971585878364,31062.468264744726,28933.90814193584,0.31062468264744725,5,2,0.4,45.8,17.79213309302738,0.38847452168182056,22,0.0,0.0,0.0,0.0,False,False,False
809,129274.71089229838,425301.28129283956,296026.57040054124,1.4366996878603906,0.5698393077873919,159.79568713510307,922.5624323055088,-850.6510643693714,15556.080179418681,13859.30847392125,0.1555608017941868,10,7,0.7,80.9,16.51938255504727,0.20419508720701196,40,0.03860770575737828,8.31023685924003,97.34981249066142,1.6056630526910727,2012-01-13 14:00:00,2021-05-12 17:00:00,RBB_U,5,30,3.0,1,31,35,55,32,1,0,-1,2250,5000,0,388,7370.157861156447,412825.6787151599,405455.52085400344,1.0181774756590631,0.44329896907216493,18.99525221947538,2400.1492948555806,-1877.1088928426086,48557.98772843962,46036.19874380904,0.4855798772843962,5,3,0.6,77.6,27.644891028904418,0.35624859573330436,42,0.677190379639557,0.15178054540427066,2556.322346625873,0.10803243648721177,False,False,False
809,105212.46632598511,328853.36742812896,223640.9011021438,1.470452702557889,0.4969097651421508,130.0524923683376,818.0432025575348,-549.4862434942108,10316.457949789532,8701.05394046488,0.10316457949789531,10,7,0.7,80.9,16.51938255504727,0.20419508720701196,40,0.04743734439734672,10.198506778010138,79.3253382685741,1.6046961859879192,2012-01-13 14:00:00,2021-05-12 15:00:00,RBB_U,5,30,3.0,1,31,35,55,32,1,0,-1,750,5000,24,395,939.7212852887606,229834.81057269842,228895.08928740968,1.0041054672173801,0.22025316455696203,2.3790412285791405,2641.7794318700967,-743.1658743097717,22356.482105011877,19166.2089175655,0.22356482105011877,5,3,0.6,79.0,28.376046236218322,0.3591904586863079,43,5.311149250457118,0.04203350423714891,9397.265518750202,0.01994066705288143,False,False,False
810,116270.3596118998,350466.55025479116,234196.1906428914,1.4964656311988949,0.5345679012345679,143.5436538418516,809.3915710272313,-621.2100547556801,12576.735746305683,11848.533125877442,0.12576735746305684,10,8,0.8,81.0,16.24807680927192,0.20059354085520892,41,0.06442742608696057,9.244875773592785,87.61610429787463,1.604129685615761,2012-01-13 14:00:00,2021-05-12 15:00:00,RBB_U,5,30,3.0,1,31,35,55,32,1,0,-1,1250,7500,12,392,-11483.143995325307,296078.3691034286,307561.5130987539,0.962663911099832,0.33418367346938777,-29.293734681952312,2260.140222163577,-1178.3966019109344,44790.32376593452,42863.51596587843,0.4479032376593452,5,2,0.4,78.4,27.997142711355384,0.35710641213463495,43,0.0,0.0,0.0,0.0,False,False,False
809,114069.484828115,419526.85927503963,305457.37444692454,1.373438307176753,0.5735475896168108,141.00059929309643,904.1527139548268,-885.3836940490567,12138.427761432271,11489.841095911732,0.1213842776143227,10,8,0.8,80.9,16.51938255504727,0.20419508720701196,40,0.04375403296964707,9.397385482702367,86.08777425264876,1.60390701357043,2012-01-13 14:00:00,2021-05-12 17:00:00,RBB_U,5,30,3.0,1,31,35,55,32,1,0,-1,3000,5000,24,388,-10041.752474671113,439008.6290299803,449050.3815046514,0.9776378043794912,0.4742268041237113,-25.880805347090497,2385.916462119458,-2201.2273603169187,59479.36625264885,57814.90412931709,0.5947936625264885,5,2,0.4,77.6,27.644891028904418,0.35624859573330436,42,0.0,0.0,0.0,0.0,False,False,False
883,134051.66432951114,428858.6250763228,294806.96074681164,1.4547099701782091,0.551528878822197,151.81388938789485,880.6131931752009,-744.4620220879082,14101.59006909217,12404.818363594735,0.1410159006909217,10,8,0.8,88.3,18.286880543165363,0.2070994398999475,43,0.03723191371747291,9.506138220775915,92.88735125586332,1.602200677137054,2012-01-13 14:00:00,2021-05-18 22:00:00,RBB_U,5,30,3.0,1,31,36,55,32,1,0,-1,1500,5000,24,417,-27976.293467427065,356137.1740697164,384113.4675371435,0.9271665905212715,0.34772182254196643,-67.08943277560448,2456.1184418601133,-1412.1818659453804,57615.33080668688,55203.86868335512,0.5761533080668688,5,1,0.2,83.4,29.816773802676913,0.35751527341339223,45,0.0,0.0,0.0,0.0,False,False,False
808,124314.58993056222,400860.7906570568,276546.20072649454,1.4495255751262697,0.5594059405940595,153.85469050812156,886.8601563209221,-776.8151705800409,14491.31924868875,12794.547543191315,0.1449131924868875,10,8,0.8,80.8,16.375591592366977,0.20266821277681904,40,0.048192251636323326,8.578555740659075,94.1883487648613,1.6017555070406626,2012-01-13 14:00:00,2021-05-12 15:00:00,RBB_U,5,30,3.0,1,31,35,55,32,1,0,-1,1750,6000,24,389,-7575.795144135496,368097.3922149202,375673.18735905574,0.9798340807940205,0.390745501285347,-19.475051784410017,2421.6933698350012,-1585.1189340044546,60816.56360576099,58655.10148242923,0.6081656360576099,5,2,0.4,77.8,27.722914709676544,0.3563356646487988,42,0.0,0.0,0.0,0.0,False,False,False
883,131911.45587740428,456218.865740024,324307.4098626198,1.4067482020632318,0.5685164212910532,149.3900972564035,908.8025213944702,-851.2005508205244,13666.243805732222,10281.329864544867,0.13666243805732223,10,8,0.8,88.3,18.286880543165363,0.2070994398999475,43,0.03783598601654833,9.652356401111097,91.48025241777817,1.6015358874610788,2012-01-13 14:00:00,2021-05-18 23:00:00,RBB_U,5,30,3.0,1,31,36,55,32,1,0,-1,2500,5000,24,416,-1981.4986542591068,450593.3915206114,452574.8901748705,0.9956217220679356,0.4543269230769231,-4.763217918892083,2384.0920186275735,-1993.7219831492093,57511.419938992134,54874.32479262099,0.5751141993899214,5,4,0.8,83.2,29.728101183896698,0.35730890846029684,45,0.0,0.0,0.0,0.0,False,False,False
878,138140.75634924197,464004.61263016844,325863.8562809265,1.4239216890324624,0.571753986332574,157.33571338182458,924.3119773509331,-866.6591922365067,15166.243805732222,11781.329864544867,0.1516624380573222,10,8,0.8,87.8,18.032193432857802,0.20537805732184286,42,0.05892225735678789,9.108435689068271,96.39415921372259,1.6011342364865802,2012-01-13 14:00:00,2021-05-18 23:00:00,RBB_U,5,30,3.0,1,31,36,55,32,1,0,-1,3000,0,24,413,7515.740680612733,498899.6158387301,491383.8751581174,1.015295049472664,0.46246973365617433,18.197919323517514,2612.039873501205,-2213.4408790906186,69410.58307098155,66899.63466164899,0.6941058307098155,5,3,0.6,82.6,29.425159302882285,0.3562367954344103,45,2.24565892373144,0.10827946327618208,3814.204351443681,0.08656619647616895,False,False,False
883,129382.9960399174,414879.45284568204,285496.4568057646,1.4531859956774953,0.5424688561721405,146.5266093317298,866.1366447717788,-706.6743980340707,13192.24412252105,11495.472417023615,0.1319224412252105,10,8,0.8,88.3,18.286880543165363,0.2070994398999475,43,0.03471089816635898,9.807504685199245,90.03309489441874,1.598809084737989,2012-01-13 14:00:00,2021-05-18 22:00:00,RBB_U,5,30,3.0,1,31,36,55,32,1,0,-1,1250,4500,0,420,-24199.406164346983,323384.03958372003,347583.4457480671,0.9303781395219636,0.3119047619047619,-57.617633724635674,2468.5804548375577,-1202.7108849414087,44048.46223413972,41786.67190848736,0.4404846223413972,5,1,0.2,84.0,30.086541841826886,0.35817311716460576,46,0.0,0.0,0.0,0.0,False,False,False
458,65802.14946392558,233395.37445737218,167593.22499344658,1.392630128494148,0.5567685589519651,143.6728154234183,915.2759782642046,-825.5823891302787,12686.084755344575,11989.1186166472,0.12686084755344576,10,8,0.8,45.8,14.627371602581238,0.3193749258205511,23,0.03025737025644606,5.186954898453088,88.29843500983398,1.598638415825854,2012-01-18 10:00:00,2021-05-19 07:00:00,RBB_U,5,50,2.0,1,17,36,78,31,-1,11,-1,1250,2000,0,229,-30633.884616658266,152587.56219761417,183221.44681427244,0.8328040458729093,0.3537117903930131,-133.77242190680465,1883.797064168076,-1237.982748745084,34933.66163163912,33722.918723214745,0.34933661631639124,5,1,0.2,45.8,17.79213309302738,0.38847452168182056,22,0.0,0.0,0.0,0.0,False,False,False
809,121257.47579130625,425343.99004697194,304086.51425566565,1.3987597940280807,0.5698393077873919,149.88563138603988,922.6550760238003,-873.8118225737519,13807.890113813053,13269.697189550032,0.13807890113813054,10,9,0.9,80.9,16.51938255504727,0.20419508720701196,40,0.03703689171073764,8.781752664007909,92.12284050263607,1.5985851989732918,2012-01-13 14:00:00,2021-05-12 17:00:00,RBB_U,5,30,3.0,1,31,35,55,32,1,0,-1,2500,4500,0,388,4929.264909287493,423198.57310018194,418269.30819089443,1.0117849070270244,0.46649484536082475,12.70429100331828,2338.1136635369166,-2020.6246772506977,49000.78068243791,46751.83661227214,0.49000780682437906,5,3,0.6,77.6,27.644891028904418,0.35624859573330436,42,0.9110891953764274,0.1005956403273012,3857.02599772307,0.07192640936480349,False,False,False
809,104375.30001100313,328016.20111314696,223640.9011021438,1.4667093518968235,0.4969097651421508,129.0176761569878,815.9606992864352,-549.4862434942108,10316.457949789532,8701.05394046488,0.10316457949789531,10,7,0.7,80.9,16.51938255504727,0.20419508720701196,40,0.04302742123401383,10.117358159069752,79.96158555232803,1.5919277599676902,2012-01-13 14:00:00,2021-05-12 15:00:00,RBB_U,5,30,3.0,1,31,35,55,32,1,0,-1,750,4500,24,395,-8418.5921942821,220476.49709312757,228895.08928740968,0.9632207391583164,0.22025316455696203,-21.312891631093926,2534.212610265834,-743.1658743097717,23497.745579880357,20309.552992685334,0.23497745579880358,5,1,0.2,79.0,28.376046236218322,0.3591904586863079,43,0.0,0.0,0.0,0.0,False,False,False
809,97317.95498879394,319440.85609093774,222122.9011021438,1.438126615967626,0.49938195302843014,120.29413472038806,790.6951883439053,-548.4516076596143,8997.717557925607,7781.01579125796,0.08997717557925607,10,8,0.8,80.9,16.51938255504727,0.20419508720701196,40,0.030734307973738356,10.81584905975091,74.79764145475522,1.5893433217792923,2012-01-13 14:00:00,2021-05-12 15:00:00,RBB_U,5,30,3.0,1,31,35,55,32,1,0,-1,750,3000,24,396,-5030.009943933714,216621.63164109818,221651.64158503187,0.9773066876114065,0.2474747474747475,-12.702045312963923,2210.424812664267,-743.7974549833284,22314.720075237274,21372.512357786152,0.22314720075237274,5,3,0.6,79.2,28.12401109372559,0.35510115017330285,44,0.0,0.0,0.0,0.0,False,False,False
882,147382.82162907175,452217.49699068605,304834.6753616143,1.48348443776692,0.5589569160997733,167.10070479486595,917.2768701636634,-783.6366975876975,17391.827624904116,15695.055919406681,0.17391827624904116,10,8,0.8,88.2,18.153787483607932,0.2058252549161897,43,0.0406492421150543,8.474257266558224,104.07991783310818,1.5879803258207834,2012-01-13 14:00:00,2021-05-18 23:00:00,RBB_U,5,30,3.0,1,31,36,55,32,1,0,-1,1750,6000,0,417,-4691.971206078095,401149.9140188275,405841.88522490556,0.9884389182662161,0.3908872901678657,-11.251729510978645,2461.0424172934204,-1597.8026977358486,69993.68398361432,67832.22186028256,0.6999368398361432,5,3,0.6,83.4,29.816773802676913,0.35751527341339223,45,0.0,0.0,0.0,0.0,False,False,False
809,116183.81336969679,373565.5013206036,257381.6879509068,1.4514066804622783,0.5451174289245982,143.614107997153,847.0873045818676,-699.4067607361598,12854.761317453856,11157.989611956422,0.12854761317453856,10,7,0.7,80.9,16.51938255504727,0.20419508720701196,40,0.03435074029891446,9.038192969942232,89.50904264717981,1.5874664058916783,2012-01-13 14:00:00,2021-05-12 15:00:00,RBB_U,5,30,3.0,1,31,35,55,32,1,0,-1,1250,4000,24,393,339.3321210320646,313786.842596177,313447.51047514495,1.0010825803673402,0.33587786259541985,0.863440511531971,2377.173049971038,-1200.948315996724,35707.69751378578,33367.86841349341,0.3570769751378578,5,2,0.4,78.6,27.7459907013608,0.3530024262259644,44,11.761338678641852,0.009503052413308295,41355.133372687036,0.005726522148188063,False,False,False
809,119745.19690710086,390302.73585971515,270557.53895261424,1.4425868056409,0.5525339925834364,148.01631261693555,873.1604829076401,-747.3965164436858,13664.107264024977,11967.335558527542,0.13664107264024977,10,9,0.9,80.9,16.51938255504727,0.20419508720701196,40,0.037504635810020406,8.763484843416549,92.314874100313,1.5869322883027424,2012-01-13 14:00:00,2021-05-12 15:00:00,RBB_U,5,30,3.0,1,31,35,55,32,1,0,-1,1500,4500,24,389,-26754.21333851578,327662.5916541731,354416.80499268894,0.9245120068754422,0.35475578406169667,-68.77689804245702,2374.36660618966,-1412.019143397167,46435.17133280456,43842.25125754985,0.4643517133280456,5,2,0.4,77.8,27.722914709676544,0.3563356646487988,42,0.0,0.0,0.0,0.0,False,False,False
809,114040.96493426539,402676.98529300274,288636.0203587373,1.3951030255770822,0.5636588380716935,140.9653460250499,883.063564239041,-817.6657800530802,12402.896275483952,10706.124569986518,0.12402896275483952,10,8,0.8,80.9,16.51938255504727,0.20419508720701196,40,0.04376497518130326,9.19470439817216,87.98542780351083,1.5863180023014962,2012-01-13 14:00:00,2021-05-12 17:00:00,RBB_U,5,30,3.0,1,31,35,55,32,1,0,-1,2000,5000,24,388,7390.714869517513,394476.91738642135,387086.20251690387,1.0190932015180643,0.42783505154639173,19.048234199787405,2376.3669722073573,-1743.6315428689363,59982.49524957922,58055.68744952313,0.5998249524957922,5,2,0.4,77.6,27.644891028904418,0.35624859573330436,42,0.6753067988842366,0.12321452848478089,3148.9793027769824,0.09747245507870822,False,False,False
809,130303.69028423066,409299.3149808063,278995.6246965757,1.4670456406832315,0.5599505562422744,161.0676023290861,903.5304966463716,-783.6955749903811,16229.344819836922,14532.573114339488,0.16229344819836922,10,9,0.9,80.9,16.51938255504727,0.20419508720701196,40,0.03830282925305616,8.028894063854143,100.7610753817385,1.584517889859237,2012-01-13 14:00:00,2021-05-12 15:00:00,RBB_U,5,30,3.0,1,31,35,55,32,1,0,-1,1750,5000,0,389,-701.684227866077,372801.14506683196,373502.829294698,0.9981213415994972,0.39845758354755784,-1.8038154957996837,2405.1686778505286,-1596.1659371568292,57740.221618916206,55578.75949558445,0.5774022161891621,5,2,0.4,77.8,27.722914709676544,0.3563356646487988,42,0.0,0.0,0.0,0.0,False,False,False
809,123558.54984166882,431209.5870514133,307651.03720974445,1.4016191557886135,0.5735475896168108,152.7299750824089,929.3310065763218,-891.742136839839,14662.205837665177,13444.841095911732,0.14662205837665176,10,8,0.8,80.9,16.51938255504727,0.20419508720701196,40,0.040393805255853184,8.427009633452561,96.00083958472364,1.5807532078983662,2012-01-13 14:00:00,2021-05-12 17:00:00,RBB_U,5,30,3.0,1,31,35,55,32,1,0,-1,3000,5000,0,388,-8413.312002540471,444975.66963210976,453388.98163465026,0.9814435014009226,0.47680412371134023,-21.683793820980597,2405.273889903296,-2233.4432592839917,59479.36625264885,57814.90412931709,0.5947936625264885,5,3,0.6,77.6,27.644891028904418,0.35624859573330436,42,0.0,0.0,0.0,0.0,False,False,False
809,124256.3703865731,415232.8147153916,290976.44432881847,1.4270324035101514,0.5648949320148331,153.59254683136353,908.6057214778809,-826.6376259341433,14900.921846632125,13204.15014113469,0.14900921846632126,10,9,0.9,80.9,16.51938255504727,0.20419508720701196,40,0.040166954695944654,8.33883780248517,97.0159174650092,1.5768958867473666,2012-01-13 14:00:00,2021-05-12 17:00:00,RBB_U,5,30,3.0,1,31,35,55,32,1,0,-1,2000,5000,0,388,11060.11353600469,399993.9579885509,388933.8444525462,1.0284370046313984,0.43041237113402064,28.505447257744045,2395.1734011290473,-1759.881649106544,59982.49524957922,58055.68744952313,0.5998249524957922,5,3,0.6,77.6,27.644891028904418,0.35624859573330436,42,0.4512611903804134,0.18438902032976492,2104.246767546643,0.14586632536048688,False,False,False
883,134485.1731700332,462397.0253130409,327911.8521430077,1.4101259905402324,0.5764439411098528,152.30483937716104,908.442092952929,-876.7696581363841,14666.22110453542,10912.255824943037,0.1466622110453542,10,9,0.9,88.3,18.286880543165363,0.2070994398999475,43,0.03711189778288604,9.169722194386164,96.2951746281458,1.576137260018497,2012-01-13 14:00:00,2021-05-18 23:00:00,RBB_U,5,30,3.0,1,31,36,55,32,1,0,-1,4000,5000,24,416,-68704.45237148242,473799.9088053106,542504.3611767931,0.873356866251822,0.47836538461538464,-165.15493358529426,2380.9040643482945,-2500.0200975889084,110012.44323582953,108037.53901999161,1.1001244323582953,5,1,0.2,83.2,29.728101183896698,0.35730890846029684,45,0.0,0.0,0.0,0.0,False,False,False
883,138503.69996407567,436521.12960949895,298017.4296454233,1.4647503339951131,0.5526613816534541,156.85583234889657,894.5105114948749,-754.4745054314515,15564.615640240343,13867.843934742908,0.15564615640240342,10,8,0.8,88.3,18.286880543165363,0.2070994398999475,43,0.03242512655737609,8.89862642068667,99.22879759816489,1.5756905064130997,2012-01-13 14:00:00,2021-05-18 22:00:00,RBB_U,5,30,3.0,1,31,36,55,32,1,0,-1,1500,4500,0,417,-29043.434965128843,355626.94535729307,384670.3803224219,0.92449786505323,0.3501199040767386,-69.64852509623223,2435.800995597898,-1419.4478978687155,54243.54262376957,51728.973087701575,0.5424354262376957,5,2,0.4,83.4,29.816773802676913,0.35751527341339223,45,0.0,0.0,0.0,0.0,False,False,False
883,137270.7517914598,472880.9067994503,335610.1550079905,1.4090184690275285,0.5775764439411099,155.45951505261584,927.2174643126476,-899.7591287077493,15302.199768175371,13299.83411231867,0.1530219976817537,10,8,0.8,88.3,18.286880543165363,0.2070994398999475,43,0.032716364858427216,8.970654799380384,98.43205649391281,1.574997330147457,2012-01-13 14:00:00,2021-05-18 23:00:00,RBB_U,5,30,3.0,1,31,36,55,32,1,0,-1,5000,4500,0,416,-81692.77542207607,492001.19430564425,573693.9697277204,0.8576021716580913,0.49759615384615385,-196.37686399537517,2376.817363795383,-2744.9472235776093,127234.60029396127,125643.87788061437,1.2723460029396128,5,2,0.4,83.2,29.728101183896698,0.35730890846029684,45,0.0,0.0,0.0,0.0,False,False,False
809,123981.9848895736,396867.818971826,272885.83408225235,1.4543364638422507,0.553770086526576,153.2533805804371,885.8656673478259,-755.916437900976,14902.13283517315,13205.361129675715,0.14902132835173149,10,8,0.8,80.9,16.51938255504727,0.20419508720701196,40,0.03219016055884767,8.319747667054871,97.23852601966954,1.5733498212334276,2012-01-13 14:00:00,2021-05-12 15:00:00,RBB_U,5,30,3.0,1,31,35,55,32,1,0,-1,1500,4000,0,390,-11260.56319353138,340625.7946412468,351886.3578347782,0.967999432365552,0.36666666666666664,-28.873238957772767,2381.9985639248025,-1424.6411248371587,47401.329001683094,44070.61538460135,0.47401329001683096,5,2,0.4,78.0,27.46634304016463,0.3521326030790337,43,0.0,0.0,0.0,0.0,False,False,False
878,136722.81998856482,437475.89761112456,300753.07762255974,1.4546015657407494,0.5569476082004556,155.72075169540412,894.6337374460625,-773.14415841275,15428.802053755942,13732.030348258508,0.1542880205375594,10,8,0.8,87.8,18.032193432857802,0.20537805732184286,42,0.05953333319011516,8.861531796973273,99.07993562691813,1.571157905043366,2012-01-13 14:00:00,2021-05-18 23:00:00,RBB_U,5,30,3.0,1,31,36,55,32,1,0,-1,1750,0,24,414,18754.30921350277,419730.55250276596,400976.2432892632,1.0467716218289107,0.3888888888888889,45.30026380073133,2607.022065234571,-1584.8863371117122,59877.62458860571,57716.16246527395,0.598776245886057,5,2,0.4,82.8,29.518807563992144,0.35650733772937376,45,0.8999419779064792,0.31321064157698036,1321.7941699412142,0.23201063703460775,False,False,False
809,119088.43573576678,428236.59616177727,309148.16042601055,1.3852147642465709,0.5797280593325093,147.20449411096016,913.0844267841733,-909.2592953706193,13870.552554780887,13147.981899477461,0.13870552554780888,10,9,0.9,80.9,16.51938255504727,0.20419508720701196,40,0.03351290975771337,8.585702355074492,94.22642045374992,1.5664395325210045,2012-01-13 14:00:00,2021-05-12 23:00:00,RBB_U,5,30,3.0,1,31,35,55,32,1,0,-1,5000,4000,0,389,-42982.89842027805,475982.1431848647,518965.0416051427,0.9171757344438207,0.5167095115681234,-110.49588282847827,2368.0703641038044,-2760.452348963525,108964.12653354567,106173.81374946609,1.0896412653354568,5,2,0.4,77.8,27.389048906451645,0.35204433041711625,43,0.0,0.0,0.0,0.0,False,False,False
809,114537.57081335597,373178.2587642627,258640.6879509068,1.442844363432472,0.5438813349814586,141.57919754432135,848.1324062824152,-700.9232735796933,12854.761317453856,11157.989611956422,0.12854761317453856,10,7,0.7,80.9,16.51938255504727,0.20419508720701196,40,0.03920984152281597,8.910128160671476,90.7955514681433,1.564973128400221,2012-01-13 14:00:00,2021-05-12 15:00:00,RBB_U,5,30,3.0,1,31,35,55,32,1,0,-1,1250,4500,24,392,-10618.74370571041,306675.1267126237,317293.87041833415,0.9665334105203159,0.3239795918367347,-27.088631902322476,2414.7647772647533,-1197.3353600691855,35622.79075801892,32961.32863468716,0.3562279075801892,5,2,0.4,78.4,27.997142711355384,0.35710641213463495,43,0.0,0.0,0.0,0.0,False,False,False
809,122436.79511471934,366381.7274578647,243944.93234314525,1.5019034170486216,0.5426452410383189,151.34338085873836,834.5825226830631,-659.3106279544467,14705.506607853102,13008.734902355667,0.14705506607853103,10,7,0.7,80.9,16.495150802584376,0.20389555998250156,40,0.06118258806906187,8.325914800469036,97.1664999447779,1.5640941190801576,2012-01-13 14:00:00,2021-05-12 15:00:00,RBB_U,5,30,3.0,1,31,35,55,32,1,0,-1,1500,7500,12,389,-22236.386634810966,319072.32648426545,341308.71311907645,0.93484963676549,0.36503856041131105,-57.16294764732896,2246.9882146779255,-1381.8166523039533,56477.73099254947,54550.923192493385,0.5647773099254947,5,2,0.4,77.8,27.722914709676544,0.3563356646487988,42,0.0,0.0,0.0,0.0,False,False,False
882,141638.46260313896,458150.9967252713,316512.53412213235,1.447497167832491,0.5634920634920635,160.5878260806564,921.8329913989362,-822.1104782393048,16563.40465169932,14866.632946201884,0.16563404651699318,10,8,0.8,88.2,18.153787483607932,0.2058252549161897,43,0.042297832734787315,8.551289157124323,103.14234307761429,1.5637857811795108,2012-01-13 14:00:00,2021-05-18 23:00:00,RBB_U,5,30,3.0,1,31,36,55,32,1,0,-1,2000,6000,0,416,6714.129430823174,430454.4870351866,423740.35760436347,1.0158449137787626,0.4206730769230769,16.13973420870955,2459.739925915352,-1758.2587452463215,73861.03252670896,71934.22472665287,0.7386103252670897,5,4,0.8,83.2,29.728101183896698,0.35730890846029684,45,0.8922973650904856,0.09090218754246727,4576.347514251569,0.0744265928724988,False,False,False
457,88563.57148436023,325365.6441809889,236802.0726966286,1.373998295183086,0.5733041575492341,193.79337305111648,1241.8536037442325,-1214.3696035724545,24135.844678444635,21997.20343939357,0.24135844678444635,10,7,0.7,45.7,14.588008774332431,0.31921244582784314,23,0.08458330975645967,3.669379409101644,124.54422098364722,1.5633172415008871,2012-01-18 10:00:00,2021-05-19 10:30:00,RBB_U,5,50,2.0,1,17,36,78,31,-1,11,-1,3000,7500,0,229,-29675.116977498743,301944.8456120249,331619.9625895237,0.9105146845027831,0.4279475982532751,-129.58566365719975,3081.0698531839275,-2531.4500961032345,67185.58478752336,65837.04914209971,0.6718558478752336,5,2,0.4,45.8,17.79213309302738,0.38847452168182056,22,0.0,0.0,0.0,0.0,False,False,False
809,116761.41685372262,420111.41071023385,303349.9938565112,1.3849066069503613,0.5784919653893696,144.32808016529373,897.6739545090467,-889.5894247991531,13403.73578958321,11192.981899477461,0.1340373578958321,10,9,0.9,80.9,16.51938255504727,0.20419508720701196,40,0.038463048162787145,8.711109998487467,92.86990982096067,1.5623464769579087,2012-01-13 14:00:00,2021-05-12 18:30:00,RBB_U,5,30,3.0,1,31,35,55,32,1,0,-1,4000,4500,24,388,-53231.528936729046,443188.0977446361,496419.6266813652,0.8927690887393206,0.4896907216494845,-137.19466220806456,2332.568935498085,-2507.1698317240666,103495.17152408988,102677.0725182686,1.0349517152408987,5,2,0.4,77.6,27.644891028904418,0.35624859573330436,42,0.0,0.0,0.0,0.0,False,False,False
1072,143364.21843021002,468417.6702284415,325053.45179823146,1.44104813419794,0.5149253731343284,133.73527838638995,848.5827359210896,-625.1027919196758,11532.132405428776,10557.138950804612,0.11532132405428776,10,8,0.8,107.2,20.917934888511343,0.19512998963163566,52,0.05225153167243494,12.431718037049333,86.23104198512205,1.5607402229168226,2012-01-10 23:00:00,2021-05-18 22:00:00,RBB_U,6,30,3.0,1,31,153,55,32,1,0,-1,1000,7500,92,510,-16536.382125350865,352880.78806286457,369417.1701882154,0.9552365632682269,0.2627450980392157,-32.42427867715856,2633.438716887049,-982.4924739048281,43991.97506211387,42099.820902321386,0.43991975062113864,5,2,0.4,102.0,33.36465195382682,0.3271044309198708,58,0.0,0.0,0.0,0.0,False,False,False
883,135886.44075293426,463884.5432409857,327998.1024880515,1.414290325834688,0.5685164212910532,153.89177888214525,924.0727953007683,-860.8874081051221,15352.474654777776,12946.999367381126,0.15352474654777776,10,8,0.8,88.3,18.286880543165363,0.2070994398999475,43,0.03304965510256787,8.851109922571709,99.76149971295831,1.5565593060087748,2012-01-13 14:00:00,2021-05-18 23:00:00,RBB_U,5,30,3.0,1,31,36,55,32,1,0,-1,2500,4500,0,416,-9572.518354634216,446485.3029880775,456057.8213427118,0.9790102967065641,0.45913461538461536,-23.01086142940917,2337.6193873721336,-2026.9236504120524,61927.901060291246,59290.8059139201,0.6192790106029125,5,3,0.6,83.2,29.728101183896698,0.35730890846029684,45,0.0,0.0,0.0,0.0,False,False,False
809,117821.75108184956,377592.5284994878,259770.77741763814,1.4535604514607334,0.5550061804697157,145.63875288238512,840.9633151436253,-721.5854928267726,13754.30748368032,12886.191842252509,0.1375430748368032,10,6,0.6,80.9,16.495150802584376,0.20389555998250156,40,0.06357909241050134,8.56617108652302,94.44126107553268,1.5563133179066078,2012-01-13 14:00:00,2021-05-12 17:00:00,RBB_U,5,30,3.0,1,31,35,55,32,1,0,-1,2250,7500,12,388,-7704.829879635319,376265.552487356,383970.3823669913,0.9799337911634258,0.4381443298969072,-19.857808968132264,2213.3267793373884,-1761.3320292063822,62837.974688598704,59014.05163375198,0.6283797468859871,5,4,0.8,77.6,27.644891028904418,0.35624859573330436,42,0.0,0.0,0.0,0.0,False,False,False
882,145724.96145283902,468219.46330271935,322494.5018498803,1.4518680492750642,0.5680272108843537,165.22104473111,934.569787031376,-846.4422620731767,17718.562984485878,16021.791278988443,0.17718562984485878,10,8,0.8,88.2,18.153787483607932,0.2058252549161897,43,0.04111169383934864,8.224423254890011,107.24156243729158,1.5555735949026062,2012-01-13 14:00:00,2021-05-18 23:00:00,RBB_U,5,30,3.0,1,31,36,55,32,1,0,-1,2250,6000,0,416,24.173755974930828,444286.20776179567,444262.03400582075,1.000054413283433,0.4326923076923077,0.05810999032435295,2468.2567097877536,-1882.466245787376,62936.52500556937,60049.42985919822,0.6293652500556937,5,4,0.8,83.2,29.728101183896698,0.35730890846029684,45,247.83074695603412,0.00038409740564468166,1083058.6041105173,0.0002902945417549576,False,False,False
882,134816.49600451672,462991.07776907936,328174.58176456264,1.4108072455813658,0.5714285714285714,152.85317007314822,918.6330908116654,-868.1867242448747,15166.243805732222,11781.329864544867,0.1516624380573222,10,8,0.8,88.2,18.153787483607932,0.2058252549161897,43,0.044438182103466665,8.8892475771464,99.22099619179885,1.5555174251232382,2012-01-13 14:00:00,2021-05-18 23:00:00,RBB_U,5,30,3.0,1,31,36,55,32,1,0,-1,3000,6000,24,416,-28630.718636409423,467879.77980475535,496510.49844116473,0.942336126373364,0.46153846153846156,-68.82384287598418,2436.8738531497675,-2216.5647251837713,77319.56455504731,75182.46940867616,0.7731956455504732,5,3,0.6,83.2,29.728101183896698,0.35730890846029684,45,0.0,0.0,0.0,0.0,False,False,False
882,131682.7909611452,452634.32906206883,320951.53810092364,1.4102887050808817,0.5657596371882087,149.3002165092349,907.082823771681,-837.9935720650748,14495.537413337704,12798.76570784027,0.14495537413337706,10,8,0.8,88.2,18.153787483607932,0.2058252549161897,43,0.045495694283755925,9.084367637172292,97.08986197244455,1.5541134674030512,2012-01-13 14:00:00,2021-05-18 23:00:00,RBB_U,5,30,3.0,1,31,36,55,32,1,0,-1,2250,6000,24,416,-5942.236245168337,435972.15582501004,441914.3920701784,0.9865534222197844,0.43028846153846156,-14.284221743193116,2435.598635893911,-1864.6176880598246,62936.52500556937,60049.42985919822,0.6293652500556937,5,4,0.8,83.2,29.728101183896698,0.35730890846029684,45,0.0,0.0,0.0,0.0,False,False,False
884,123459.35403480298,380257.17729191517,256797.82325711215,1.4807647995956437,0.5339366515837104,139.659902754302,805.6296129066,-623.2956875172625,12689.218551372876,11274.802077286866,0.12689218551372877,10,7,0.7,88.4,18.0288657435791,0.203946445063112,44,0.060675839903457617,9.729468645761926,90.85799360534071,1.5537950857323357,2012-01-13 14:00:00,2021-05-18 22:00:00,RBB_U,5,30,3.0,1,31,36,55,32,1,0,-1,1250,7500,12,420,-16570.936186937324,316027.2394562711,332598.17564320844,0.9501773088355312,0.32857142857142857,-39.45460996889839,2290.0524598280517,-1179.4261547631504,51467.444143787856,49540.63634373177,0.5146744414378785,5,1,0.2,84.0,30.086541841826886,0.35817311716460576,46,0.0,0.0,0.0,0.0,False,False,False
809,118033.04562464685,426963.3921763295,308930.3465516827,1.3820700910161328,0.5784919653893696,145.89993278695533,912.3149405477126,-905.95409545948,13870.552554780887,13147.981899477461,0.13870552554780888,10,9,0.9,80.9,16.51938255504727,0.20419508720701196,40,0.03381256476844335,8.509613813759954,95.06894410318075,1.5525573719058623,2012-01-13 14:00:00,2021-05-12 18:30:00,RBB_U,5,30,3.0,1,31,35,55,32,1,0,-1,4000,4000,0,389,-36647.976322900664,457797.65397121105,494445.6302941117,0.9258806750883788,0.5038560411311054,-94.21073604858782,2335.7023161796483,-2561.894457482444,94969.63018610133,91354.78170253837,0.9496963018610134,5,2,0.4,77.8,27.389048906451645,0.35204433041711625,43,0.0,0.0,0.0,0.0,False,False,False
809,113465.77757454783,409441.55799510586,295975.780420558,1.3833616974109233,0.5673671199011124,140.25436041353254,892.0295381156991,-845.64508691588,12822.409362760969,10861.282902773077,0.1282240936276097,10,8,0.8,80.9,16.51938255504727,0.20419508720701196,40,0.039580216132123015,8.849021612433996,91.42253634721071,1.5522833532061626,2012-01-13 14:00:00,2021-05-12 17:00:00,RBB_U,5,30,3.0,1,31,35,55,32,1,0,-1,2250,4500,24,388,-2737.3242608838264,399788.50897836697,402525.8332392508,0.9931996308439244,0.44329896907216493,-7.054959435267594,2324.3517963858544,-1863.5455242557907,54543.11275189764,52493.38361122518,0.5454311275189764,5,3,0.6,77.6,27.644891028904418,0.35624859573330436,42,0.0,0.0,0.0,0.0,False,False,False
883,123312.3008441068,406411.94831250585,283099.6474683991,1.435579139524967,0.5413363533408834,139.65152983477554,850.234201490598,-699.011475230615,12792.24412252105,11095.472417023615,0.1279224412252105,10,7,0.7,88.3,18.286880543165363,0.2070994398999475,43,0.040474469828518524,9.63961441503548,91.601174277545,1.5474327184971557,2012-01-13 14:00:00,2021-05-18 22:00:00,RBB_U,5,30,3.0,1,31,36,55,32,1,0,-1,1250,5000,24,420,-6263.36825644772,337236.16470634093,343499.53296278865,0.9817660064850038,0.31666666666666665,-14.912781562970762,2535.6102609499317,-1196.8624841909013,39274.8067315258,36613.34460819404,0.392748067315258,5,1,0.2,84.0,30.086541841826886,0.35817311716460576,46,0.0,0.0,0.0,0.0,False,False,False
457,73338.64823425023,299036.37794557406,225697.72971132386,1.3249418960839934,0.5667396061269147,160.47844252571167,1154.5806098284713,-1139.887523794565,16903.418994602434,13706.05451897416,0.16903418994602434,10,7,0.7,45.7,14.588008774332431,0.31921244582784314,23,0.054418783221261285,4.338687235858531,105.33139983517842,1.5469236152129728,2012-01-18 10:00:00,2021-05-19 09:30:00,RBB_U,5,50,2.0,1,17,36,78,31,-1,11,-1,2500,4000,0,229,-4680.506120801088,285908.79488070344,290589.30100150453,0.9838930542016864,0.4410480349344978,-20.438891357209993,2830.7801473336976,-2270.228914074254,46698.31608947945,44554.0807796317,0.46698316089479447,5,3,0.6,45.8,17.79213309302738,0.38847452168182056,22,0.0,0.0,0.0,0.0,False,False,False
883,134587.526929282,400849.55416335317,266262.02723407117,1.5054702254293513,0.5436013590033975,152.4207552993001,835.1032378403191,-660.6998194393825,15317.989412920295,13621.21770742286,0.15317989412920294,10,7,0.7,88.3,18.275940468276865,0.2069755432420936,43,0.05565894679033733,8.786239714708328,100.49805476190704,1.5434148476555398,2012-01-13 14:00:00,2021-05-18 22:00:00,RBB_U,5,30,3.0,1,31,36,55,32,1,0,-1,1500,7500,12,417,-27300.943801809233,341866.5970071434,369167.54080895276,0.9260472799369492,0.3597122302158273,-65.46988921297178,2279.1106467142895,-1382.6499655766022,64404.85137040281,62478.04357034672,0.644048513704028,5,2,0.4,83.4,29.816773802676913,0.35751527341339223,45,0.0,0.0,0.0,0.0,False,False,False
457,92921.46626957275,335065.71539588994,242144.2491263172,1.3837442623760154,0.5864332603938731,203.32924785464496,1250.2452067010818,-1281.1865033138477,27259.97174131695,20347.554979686887,0.2725997174131695,10,7,0.7,45.7,14.588008774332431,0.31921244582784314,23,0.11485278312827595,3.4087146953543996,134.06812855966706,1.5433932639565178,2012-01-18 10:00:00,2021-05-19 23:00:00,RBB_U,5,50,2.0,1,17,36,78,31,-1,11,-1,5000,0,0,229,75520.00385606493,414178.6375241674,338658.63366810244,1.2229974267541552,0.5021834061135371,329.78167622735776,3601.553369775369,-2970.6897690184423,47665.04594785738,43371.36431036774,0.4766504594785738,5,4,0.8,45.8,17.79213309302738,0.38847452168182056,22,0.6827613589494129,1.584389616212248,144.5351557828707,1.8930668918294844,True,False,False
885,111929.92378414108,356226.6658327934,244296.74204865232,1.4581719872541319,0.5220338983050847,126.47449015157184,771.0533892484706,-577.5336691457502,10559.47833551111,10176.317676401075,0.1055947833551111,10,7,0.7,88.5,18.161773041198373,0.20521777447681777,44,0.04459039934330015,10.599948238704666,83.49097373593861,1.542485721603139,2012-01-13 14:00:00,2021-05-18 22:00:00,RBB_U,5,30,3.0,1,31,36,55,32,1,0,-1,1000,5000,12,422,-23817.260493171023,268313.27404081076,292130.53453398176,0.9184704860408884,0.2843601895734597,-56.439005907988204,2235.9439503400895,-967.319650774774,36185.357193442425,34658.22119106574,0.36185357193442425,5,1,0.2,84.4,30.32226904438387,0.3592685905732686,46,0.0,0.0,0.0,0.0,False,False,False
812,99786.46640169117,340956.7122577912,241170.24585610002,1.413759442204289,0.5332512315270936,122.88973694789553,787.4288966692637,-636.3331025226913,9974.842748714553,9436.649824451531,0.09974842748714553,10,9,0.9,81.2,16.575886099994776,0.2041365283250588,41,0.02496330504351623,10.003813485134945,81.16904630484987,1.542062700842333,2012-01-13 14:00:00,2021-05-12 15:00:00,RBB_U,5,30,3.0,1,31,35,55,32,1,0,-1,1000,2500,0,396,-29675.75955018014,237904.65079682635,267580.4103470065,0.8890959188241929,0.3106060606060606,-74.93878674287915,1934.1841528197265,-980.1480232491081,34114.03784885452,32849.24752320216,0.34114037848854517,5,2,0.4,79.2,28.12401109372559,0.35510115017330285,44,0.0,0.0,0.0,0.0,False,False,False
458,66135.19327758139,229904.2819534649,163769.08867588348,1.403831967389585,0.5152838427947598,144.39998532223012,974.1706862434953,-737.6985976391148,13786.34303404457,11863.494542921566,0.1378634303404457,10,7,0.7,45.8,14.627371602581238,0.3193749258205511,23,0.03766527134115752,4.797152741250119,95.47329941398677,1.5412818202016765,2012-01-18 10:00:00,2021-05-19 05:00:00,RBB_U,5,50,2.0,1,17,36,78,31,-1,11,-1,1000,2500,0,229,-27928.503289275628,140123.91481356948,168052.4181028451,0.8338107621148071,0.2663755458515284,-121.95852964749183,2297.1133575995,-1000.3120125169352,28413.646366011795,27124.23811039541,0.28413646366011797,5,0,0.0,45.8,17.79213309302738,0.38847452168182056,22,0.0,0.0,0.0,0.0,False,False,False
882,117871.2829244125,365671.69907133305,247800.4161469206,1.4756702379972062,0.4943310657596372,133.64091034513888,838.6965575030574,-555.6063142307637,11834.457949789532,10512.283365031206,0.11834457949789531,10,8,0.8,88.2,18.153787483607932,0.2058252549161897,43,0.05082662928036388,9.960006907330197,88.55415545453896,1.5395886007751538,2012-01-13 14:00:00,2021-05-18 21:00:00,RBB_U,5,30,3.0,1,31,36,55,32,1,0,-1,750,6000,0,423,-4395.579309852248,244772.85826159624,249168.43757144845,0.9823590044040318,0.21040189125295508,-10.391440448823282,2750.256834399958,-746.0132861420612,31484.644493208907,28075.770103852235,0.3148464449320891,5,2,0.4,84.6,30.447331574376104,0.3598975363401431,46,0.0,0.0,0.0,0.0,False,False,False
882,127456.92610154304,442395.86248462077,314938.93638307776,1.4047036151367136,0.5612244897959183,144.508986509686,893.729015120446,-813.795701248263,13840.379080551145,12143.60737505371,0.13840379080551146,10,8,0.8,88.2,18.153787483607932,0.2058252549161897,43,0.047004114905666715,9.209063231559082,95.77521381082738,1.539431289416681,2012-01-13 14:00:00,2021-05-18 23:00:00,RBB_U,5,30,3.0,1,31,36,55,32,1,0,-1,2000,6000,24,416,247.71942967990617,422140.4350984011,421892.7156687212,1.0005871621397568,0.4182692307692308,0.5954793982690052,2426.0944545885122,-1743.3583292095916,73861.03252670896,71934.22472665287,0.7386103252670897,5,3,0.6,83.2,29.728101183896698,0.35730890846029684,45,24.18461889623009,0.0033538582010795488,124036.25170142758,0.002745987149838657,False,False,False
458,69948.92268902372,244295.68384167104,174346.7611526473,1.4012057478244795,0.5436681222707423,152.7269054345496,981.1071640227752,-834.1950294385038,15506.683722294823,13424.739161990932,0.15506683722294823,10,7,0.7,45.8,14.627371602581238,0.3193749258205511,23,0.035611699283409896,4.510888591121147,101.53210187932565,1.5370766833979665,2012-01-18 10:00:00,2021-05-19 07:00:00,RBB_U,5,50,2.0,1,17,36,78,31,-1,11,-1,1250,2500,0,229,-27786.03598094314,163246.41237979312,191032.44836073628,0.85454808217464,0.3231441048034934,-121.33640166350716,2206.032599726934,-1232.4674087789438,28044.707360941444,26527.03598094314,0.28044707360941445,5,1,0.2,45.8,17.79213309302738,0.38847452168182056,22,0.0,0.0,0.0,0.0,False,False,False
809,119078.28483192294,396743.4855584175,277665.20072649454,1.4288556308833864,0.5587144622991347,147.1919466402014,877.7510742442865,-777.7736715027859,14491.31924868875,12794.547543191315,0.1449131924868875,10,8,0.8,80.9,16.51938255504727,0.20419508720701196,40,0.04191360336643004,8.217214926287527,98.45184861989486,1.5323907925350675,2012-01-13 14:00:00,2021-05-12 15:00:00,RBB_U,5,30,3.0,1,31,35,55,32,1,0,-1,1750,5000,24,389,-4871.082894353254,367284.1044647024,372155.1873590557,0.9869111514233614,0.39588688946015427,-12.52206399576672,2384.9617173032625,-1583.6390951449177,57740.221618916206,55578.75949558445,0.5774022161891621,5,2,0.4,77.8,27.722914709676544,0.3563356646487988,42,0.0,0.0,0.0,0.0,False,False,False
457,92240.1772561521,334384.4263824693,242144.2491263172,1.3809306956038174,0.5864332603938731,201.83846226729125,1247.7030835166765,-1281.1865033138477,27259.97174131695,20347.554979686887,0.2725997174131695,10,7,0.7,45.7,14.588008774332431,0.31921244582784314,23,0.10831505637998581,3.3837224092329863,135.05836021093458,1.5320772901957234,2012-01-18 10:00:00,2021-05-19 23:00:00,RBB_U,5,50,2.0,1,17,36,78,31,-1,11,-1,5000,10000,0,229,26315.57606978886,364974.20973789133,338658.63366810244,1.077705315777005,0.5021834061135371,114.91517934405617,3173.68878032949,-2970.6897690184423,54723.51050544609,50429.82886795644,0.5472351050544608,5,4,0.8,45.8,17.79213309302738,0.38847452168182056,22,0.3796610788038189,0.4808824548485415,476.2078501535801,0.6156443120858808,True,False,False
809,123269.82815033465,421555.39855087583,298285.57040054124,1.413261117474796,0.5686032138442522,152.37308794849773,916.4247794584257,-854.6864481390867,15556.080179418681,13859.30847392125,0.1555608017941868,10,7,0.7,80.9,16.51938255504727,0.20419508720701196,40,0.03643227274173667,7.924221701648567,102.0920451823924,1.5310791043846925,2012-01-13 14:00:00,2021-05-12 17:00:00,RBB_U,5,30,3.0,1,31,35,55,32,1,0,-1,2250,4500,0,388,432.0744056033509,405305.5495804965,404873.47517489316,1.0010671837798628,0.44587628865979384,1.1135938288746157,2342.806644973968,-1883.1324426739216,54793.11275189764,52743.38361122518,0.5479311275189764,5,3,0.6,77.6,27.644891028904418,0.35624859573330436,42,10.394043113312266,0.007885560500272672,49203.85811339391,0.005962155188030793,False,False,False
883,128053.15453794377,424369.1152847554,296315.96074681164,1.4321507157940754,0.5503963759909399,145.02056006562148,873.1874800097848,-746.3878104453694,14101.59006909217,12404.818363594735,0.1410159006909217,10,8,0.8,88.3,18.286880543165363,0.2070994398999475,43,0.035071373416804504,9.080759964694362,97.23855750323425,1.530505808610556,2012-01-13 14:00:00,2021-05-18 22:00:00,RBB_U,5,30,3.0,1,31,36,55,32,1,0,-1,1500,4500,24,417,-33512.83363161602,349091.6339055275,382604.4675371435,0.9124086714215834,0.3501199040767386,-80.36650750987056,2391.038588394024,-1411.824603458094,55236.224913064005,52663.54248623651,0.55236224913064,5,1,0.2,83.4,29.816773802676913,0.35751527341339223,45,0.0,0.0,0.0,0.0,False,False,False
810,110840.7073231817,346206.0225180809,235365.31519489922,1.470930507459851,0.5345679012345679,136.84037941133545,799.5520150533046,-624.3111808883268,12576.735746305683,11848.533125877442,0.12576735746305684,10,8,0.8,81.0,16.24807680927192,0.20059354085520892,41,0.05405053923493879,8.813153870688607,91.90807421324546,1.529219223069872,2012-01-13 14:00:00,2021-05-12 15:00:00,RBB_U,5,30,3.0,1,31,35,55,32,1,0,-1,1250,6000,12,392,-16234.302656395965,291185.0186813802,307419.32133777614,0.9471916645129844,0.336734693877551,-41.414037388765216,2205.9471112225774,-1182.3820051452929,40951.78156484031,39024.97376478423,0.4095178156484031,5,2,0.4,78.4,27.997142711355384,0.35710641213463495,43,0.0,0.0,0.0,0.0,False,False,False
457,85066.72243933799,332326.3398474592,247259.61740812124,1.3440380735481312,0.5776805251641138,186.1416245937374,1258.8118933615879,-1281.1379140317163,23283.318333972384,16370.901572342322,0.23283318333972383,10,7,0.7,45.7,14.588008774332431,0.31921244582784314,23,0.12545786069318907,3.6535480561298797,125.08388913435826,1.5288346213204687,2012-01-18 10:00:00,2021-05-19 14:00:00,RBB_U,5,50,2.0,1,17,36,78,31,-1,11,-1,4000,0,0,229,39108.8406966724,397179.34593882365,358070.5052421512,1.1092210615622318,0.4759825327510917,170.78096374092752,3643.8472104479233,-2983.9208770179266,50258.937000877835,47279.69592377109,0.5025893700087783,5,4,0.8,45.8,17.79213309302738,0.38847452168182056,22,1.318426717389733,0.7781469929614571,294.2888709605831,0.954711727911754,True,False,False
885,110769.12088923315,354056.86293788545,243287.74204865232,1.4553008711268391,0.5231638418079096,125.16284846241034,764.7016478140074,-576.5112370821145,10559.47833551111,10176.317676401075,0.1055947833551111,10,7,0.7,88.5,18.161773041198373,0.20521777447681777,44,0.03602989685176718,10.49001829159694,84.36591580673715,1.5264889101120125,2012-01-13 14:00:00,2021-05-18 22:00:00,RBB_U,5,30,3.0,1,31,36,55,32,1,0,-1,1000,4000,12,423,-11673.04872231641,275412.4858116654,287085.53453398176,0.9593394744139063,0.2978723404255319,-27.595859863632175,2185.813379457662,-966.617961393878,30104.02660957718,28163.86930696421,0.3010402660957718,5,2,0.4,84.6,30.070583632513685,0.3554442509753391,47,0.0,0.0,0.0,0.0,False,False,False
809,115141.4394634417,385698.9784160559,270557.53895261424,1.4255709891107773,0.5525339925834364,142.32563592514424,862.8612492529215,-747.3965164436858,13664.107264024977,11967.335558527542,0.13664107264024977,10,9,0.9,80.9,16.51938255504727,0.20419508720701196,40,0.034661717089850816,8.426561445882927,96.00594562747342,1.5259206442154665,2012-01-13 14:00:00,2021-05-12 15:00:00,RBB_U,5,30,3.0,1,31,35,55,32,1,0,-1,1500,4000,24,390,-16546.137511773304,333274.3075377265,349820.4450494998,0.9527010563678403,0.36666666666666664,-42.425993619931546,2330.5895632008846,-1416.2771054635618,47401.329001683094,44998.791036356095,0.47401329001683096,5,2,0.4,78.0,27.46634304016463,0.3521326030790337,43,0.0,0.0,0.0,0.0,False,False,False
883,133543.41616919724,431560.8458146205,298017.4296454233,1.4481060598639655,0.5526613816534541,151.23829690735815,884.3459955217633,-754.4745054314515,15564.615640240343,13867.843934742908,0.15564615640240342,10,8,0.8,88.3,18.286880543165363,0.2070994398999475,43,0.0298854119093634,8.579936649636092,102.91451278226529,1.519259724515346,2012-01-13 14:00:00,2021-05-18 22:00:00,RBB_U,5,30,3.0,1,31,36,55,32,1,0,-1,1500,4000,0,418,-14019.18348663162,364545.8368926011,378565.0203792327,0.9629675677045183,0.36363636363636365,-33.538716475195265,2398.3278742934285,-1423.17676834298,49828.44937953643,46497.735762454686,0.4982844937953643,5,2,0.4,83.6,29.560784833965418,0.353597904712505,46,0.0,0.0,0.0,0.0,False,False,False
809,115153.7183476471,419240.2326033127,304086.51425566565,1.3786873568843296,0.5698393077873919,142.34081377953905,909.4148212653204,-873.8118225737519,13807.890113813053,13269.697189550032,0.13807890113813054,10,9,0.9,80.9,16.51938255504727,0.20419508720701196,40,0.034658021097948744,8.339704140059046,97.00583934555168,1.5181169536640309,2012-01-13 14:00:00,2021-05-12 17:00:00,RBB_U,5,30,3.0,1,31,35,55,32,1,0,-1,2500,4000,0,389,16398.140476922003,429580.0887246273,413181.94824770524,1.0396874562077703,0.4755784061696658,42.15460276843702,2322.054533646634,-2025.4017070965942,50538.98372593845,46820.08044024093,0.5053898372593845,5,3,0.6,77.8,27.389048906451645,0.35204433041711625,43,0.24338125445484213,0.32446518049997664,1198.8959783005992,0.23500180386145997,False,False,False
457,84385.43342591733,331645.0508340386,247259.61740812124,1.3412827145430408,0.5776805251641138,184.65083900638365,1256.231253159237,-1281.1379140317163,23283.318333972384,16370.901572342322,0.23283318333972383,10,7,0.7,45.7,14.588008774332431,0.31921244582784314,23,0.11839721139515366,3.624287234985387,126.0937586813101,1.5165903711486632,2012-01-18 10:00:00,2021-05-19 14:00:00,RBB_U,5,50,2.0,1,17,36,78,31,-1,11,-1,4000,10000,0,229,-12995.798460729435,345074.7067814218,358070.5052421512,0.9637060347879232,0.4759825327510917,-56.75021161890583,3165.8229979946955,-2983.9208770179266,57317.40155846654,54338.160481359795,0.5731740155846654,5,3,0.6,45.8,17.79213309302738,0.38847452168182056,22,0.0,0.0,0.0,0.0,False,False,False
883,120853.50725766095,403953.15472606,283099.6474683991,1.4268938811418024,0.5413363533408834,136.86693913664888,845.090281853682,-699.011475230615,12792.24412252105,11095.472417023615,0.1279224412252105,10,7,0.7,88.3,18.286880543165363,0.2070994398999475,43,0.033023452033470124,9.447404700860538,93.46482213465143,1.5165775838702593,2012-01-13 14:00:00,2021-05-18 22:00:00,RBB_U,5,30,3.0,1,31,36,55,32,1,0,-1,1250,4000,24,421,-5295.340154606805,333098.83286499267,338394.1730195995,0.9843515622407004,0.33016627078384797,-12.578005117830891,2396.3944810431126,-1199.9793369489344,37134.81789163912,34794.98879134675,0.3713481789163912,5,1,0.2,84.2,29.83554926593442,0.35434144021299785,47,0.0,0.0,0.0,0.0,False,False,False
809,124613.19162604446,405367.81632262014,280754.6246965757,1.4438508956378533,0.5587144622991347,154.03361140425767,896.831452041195,-786.4275201584753,16229.344819836922,14532.573114339488,0.16229344819836922,10,9,0.9,80.9,16.51938255504727,0.20419508720701196,40,0.03603952311467296,7.6782638491808575,105.3623600192258,1.5153203337006358,2012-01-13 14:00:00,2021-05-12 15:00:00,RBB_U,5,30,3.0,1,31,35,55,32,1,0,-1,1750,4500,0,389,2287.186637470535,372272.0159321686,369984.8292946981,1.0061818389738588,0.40359897172236503,5.879657165734023,2371.1593371475706,-1594.7621952357676,54117.32602326266,52452.863899930904,0.5411732602326267,5,2,0.4,77.8,27.722914709676544,0.3563356646487988,42,1.9635476731215626,0.0422634820590983,9204.163524814392,0.03167548591702514,False,False,False
882,132191.28512747586,436462.3627500356,304271.07762255974,1.434452351371548,0.5566893424036281,149.87674050734225,888.9253823829646,-778.1868992904341,15428.802053755942,13732.030348258508,0.1542880205375594,10,8,0.8,88.2,18.153787483607932,0.2058252549161897,43,0.04532068807881477,8.567825594424267,102.94327192817559,1.5121942519957272,2012-01-13 14:00:00,2021-05-18 23:00:00,RBB_U,5,30,3.0,1,31,36,55,32,1,0,-1,1750,6000,24,417,-10175.63262490851,394318.6106643547,404494.2432892632,0.9748435662713951,0.38848920863309355,-24.40199670241849,2434.0654979281153,-1586.251934467699,69993.68398361432,67832.22186028256,0.6999368398361432,5,2,0.4,83.4,29.816773802676913,0.35751527341339223,45,0.0,0.0,0.0,0.0,False,False,False
885,109644.56190758313,353941.30395623547,244296.74204865232,1.4488171270239336,0.5220338983050847,123.89216034755157,766.1067185199902,-577.5336691457502,10559.47833551111,10176.317676401075,0.1055947833551111,10,7,0.7,88.5,18.161773041198373,0.20521777447681777,44,0.04095962373204939,10.383520702803356,85.23120676795747,1.510991569332607,2012-01-13 14:00:00,2021-05-18 22:00:00,RBB_U,5,30,3.0,1,31,36,55,32,1,0,-1,1000,4500,12,422,-31615.573972741884,260514.96056123992,292130.53453398176,0.8917758664866161,0.2843601895734597,-74.91842173635517,2170.9580046769993,-967.319650774774,38497.15867972573,36569.917332736,0.38497158679725735,5,1,0.2,84.4,30.32226904438387,0.3592685905732686,46,0.0,0.0,0.0,0.0,False,False,False
809,117936.3363998699,427463.70430944953,309527.36790957965,1.3810207064931392,0.5723114956736712,145.7803910999628,923.2477414890918,-894.5877685247967,14662.205837665177,13444.841095911732,0.14662205837665176,10,8,0.8,80.9,16.51938255504727,0.20419508720701196,40,0.03807986696121378,8.043560273646397,100.57735287327624,1.508825106241286,2012-01-13 14:00:00,2021-05-12 17:00:00,RBB_U,5,30,3.0,1,31,35,55,32,1,0,-1,3000,4500,0,388,-13492.724213161666,440205.5884593309,453698.3126724926,0.9702605810154257,0.4793814432989691,-34.77506240505584,2366.69671214694,-2246.0312508539237,65521.71271272482,63857.25058939306,0.6552171271272482,5,3,0.6,77.6,27.644891028904418,0.35624859573330436,42,0.0,0.0,0.0,0.0,False,False,False
883,137215.36168033988,471607.7028140025,334392.34113366273,1.4103424175779562,0.5764439411098528,155.3967855949489,926.5377265501032,-894.0971688065848,16683.801081600017,13971.210037706725,0.16683801081600017,10,8,0.8,88.3,18.286880543165363,0.2070994398999475,43,0.03272957156548068,8.224466415610165,107.36258808523459,1.5077661066618133,2012-01-13 14:00:00,2021-05-18 23:00:00,RBB_U,5,30,3.0,1,31,36,55,32,1,0,-1,4000,4500,0,416,-78735.42410997298,472711.8682346613,551447.2923446343,0.8572203994778774,0.4831730769230769,-189.2678464182043,2351.8003394759266,-2564.871127184346,117054.78969590549,114946.0672825586,1.170547896959055,5,1,0.2,83.2,29.728101183896698,0.35730890846029684,45,0.0,0.0,0.0,0.0,False,False,False
725,106702.5120957657,401946.14614568657,295243.63404992095,1.3614049543832805,0.5103448275862069,147.17587875278028,1086.3409355288827,-831.6722085913266,15010.063159053432,13958.840842703918,0.15010063159053433,10,8,0.8,72.5,17.940178371465542,0.24745073615814542,31,0.10001909799314047,7.108731719853377,101.98725012722154,1.5055140910817655,2012-01-12 11:00:00,2021-05-19 09:00:00,RBB_U,6,50,2.0,1,17,36,152,31,-1,11,-1,1750,0,92,305,38033.40161415708,377756.87843186007,339723.476817703,1.1119539985002742,0.32786885245901637,124.69967742346584,3777.5687843186006,-1657.1876917936731,45699.50716982979,43591.74655159317,0.4569950716982979,5,3,0.6,61.0,20.149441679609886,0.33031871605917845,30,1.355706780679826,0.8322497105453739,366.4765468048445,0.7310532610202671,True,False,False
457,73445.04412221354,287513.5690566617,214068.52493444813,1.3430912795082968,0.5776805251641138,160.71125628493115,1089.066549457052,-1109.163341629265,17903.418994602434,14706.05451897416,0.17903418994602435,10,7,0.7,45.7,14.588008774332431,0.31921244582784314,23,0.040724327090374345,4.102291531263159,111.4011514094618,1.5052816075178908,2012-01-18 10:00:00,2021-05-19 09:30:00,RBB_U,5,50,2.0,1,17,36,78,31,-1,11,-1,2500,3000,0,229,-24062.84156338608,254442.734779979,278505.57634336513,0.9136001444591564,0.47161572052401746,-105.07791075714445,2355.9512479627683,-2301.69897804434,47198.750485483644,45850.214840060005,0.4719875048548364,5,2,0.4,45.8,17.79213309302738,0.38847452168182056,22,0.0,0.0,0.0,0.0,False,False,False
809,105215.22726102624,403447.1049192998,298231.87765827356,1.3527967167265271,0.580964153275649,130.05590514341935,858.3980955729783,-879.7400520893025,11731.174823740483,11192.981899477461,0.11731174823740483,10,9,0.9,80.9,16.51938255504727,0.20419508720701196,40,0.028427444181436695,8.96885681458785,90.20101633066112,1.5048692549906861,2012-01-13 14:00:00,2021-05-12 23:00:00,RBB_U,5,30,3.0,1,31,35,55,32,1,0,-1,5000,3000,24,392,-52465.81459973015,435581.0842021206,488046.89880185074,0.8924984161798116,0.5331632653061225,-133.84136377482182,2084.12002010584,-2666.9229442724086,99729.74936326526,97627.26862858978,0.9972974936326526,5,1,0.2,78.4,27.85390457368589,0.3552793950725241,43,0.0,0.0,0.0,0.0,False,False,False
809,95372.47111201432,291293.26404818095,195920.7929361666,1.4867909611977115,0.43510506798516685,117.88933388382488,827.5376819550595,-428.71070664369057,9680.913117094708,9272.594811130322,0.09680913117094707,10,8,0.8,80.9,16.51938255504727,0.20419508720701196,40,0.07854467764814305,9.851598703391328,82.11865143486901,1.5016053243370835,2012-01-13 14:00:00,2021-05-12 15:00:00,RBB_U,5,30,3.0,1,31,35,55,32,1,0,-1,500,7500,0,395,12549.202047154613,180930.9353491848,168381.7333020302,1.0745282864183658,0.15443037974683543,31.77013176494839,2966.080907363685,-504.1369260539826,29983.54940540284,29062.967795603174,0.2998354940540284,5,3,0.6,79.0,28.376046236218322,0.3591904586863079,43,0.596930384246901,0.41853624057241634,943.7653462452218,0.2299412784676622,False,False,False
809,118315.87172838692,411301.31605720543,292985.44432881847,1.403828497348833,0.5636588380716935,146.2495324207502,901.9765703008891,-829.9870944159163,14900.921846632125,13204.15014113469,0.14900921846632126,10,8,0.8,80.9,16.51938255504727,0.20419508720701196,40,0.03795771382481813,7.940171282431659,101.88697085036253,1.5015070123566312,2012-01-13 14:00:00,2021-05-12 17:00:00,RBB_U,5,30,3.0,1,31,35,55,32,1,0,-1,2000,4500,0,388,6048.984401341302,392973.8288538875,386924.8444525462,1.0156334866785304,0.4329896907216495,15.590165982838407,2339.1299336540924,-1758.7492929661191,63312.64033743254,61080.79185386959,0.6331264033743254,5,3,0.6,77.6,27.644891028904418,0.35624859573330436,42,0.7424386809468653,0.0955414964389811,4061.0626215992083,0.0776506281526999,False,False,False
812,96946.6948006301,336641.266711448,239694.57191081793,1.4044592834446856,0.5332512315270936,119.39248128156416,777.4625097262079,-632.4395037224748,9934.842748714553,9396.649824451531,0.09934842748714552,10,9,0.9,81.2,16.575886099994776,0.2041365283250588,41,0.02569453249667476,9.758251564995714,83.21162808640472,1.5011909111205037,2012-01-13 14:00:00,2021-05-12 15:00:00,RBB_U,5,30,3.0,1,31,35,55,32,1,0,-1,1000,2500,24,396,-28986.411266141353,237804.65079682635,266791.0620629677,0.891351640336062,0.3106060606060606,-73.1980082478317,1933.371144689645,-977.2566375932882,33424.68956481573,32159.899239163373,0.3342468956481573,5,2,0.4,79.2,28.12401109372559,0.35510115017330285,44,0.0,0.0,0.0,0.0,False,False,False
808,95000.44849363666,290412.24142980325,195411.7929361666,1.486155144816002,0.43564356435643564,117.57481249212458,825.0347767892138,-428.5346336319443,9680.913117094708,9272.594811130322,0.09680913117094707,10,8,0.8,80.8,16.375591592366977,0.20266821277681904,40,0.08873184633055703,9.813170239683629,82.33832495155505,1.4975991349657831,2012-01-13 14:00:00,2021-05-12 15:00:00,RBB_U,5,30,3.0,1,31,35,55,32,1,0,-1,500,0,0,393,29690.237232471052,197053.9705345012,167363.7333020302,1.1773994678936266,0.15521628498727735,75.54767743631311,3230.392959581987,-504.1076304278018,29983.54940540284,29062.967795603174,0.2998354940540284,5,3,0.6,78.6,27.86108397029807,0.3544667171793648,43,0.568462622771192,0.9902175633389511,396.88247769998026,0.5467880858503141,True,False,False
809,109698.24420004783,368844.5677193467,259146.32351929886,1.4233061951653678,0.546353522867738,135.5973352287365,834.4899722157165,-706.1207725321495,12883.914297686504,11187.14259218907,0.12883914297686505,10,8,0.8,80.9,16.51938255504727,0.20419508720701196,40,0.027265705315625242,8.514356868994833,95.01598446571889,1.4971547349484235,2012-01-13 14:00:00,2021-05-12 15:00:00,RBB_U,5,30,3.0,1,31,35,55,32,1,0,-1,1250,3000,0,394,-10736.356169670195,298828.6193883753,309564.97555804555,0.9653179234817633,0.350253807106599,-27.24963494840151,2165.4247781766326,-1209.2381857736154,40480.91306424176,39013.75576162879,0.4048091306424176,5,2,0.4,78.8,27.86682615584344,0.3536399258355767,44,0.0,0.0,0.0,0.0,False,False,False
883,134681.8561057186,467744.48154784885,333062.62544213026,1.404373969991177,0.5719139297848245,152.5275833586847,926.2266961343541,-881.1180567252123,16318.91497924026,14622.143273742826,0.1631891497924026,10,8,0.8,88.3,18.286880543165363,0.2070994398999475,43,0.037057701343841835,8.253113413302971,106.98992680467907,1.4963810388286574,2012-01-13 14:00:00,2021-05-18 23:00:00,RBB_U,5,30,3.0,1,31,36,55,32,1,0,-1,3000,5000,0,416,-25828.88861689668,469762.39952000533,495591.28813690203,0.9478826822925068,0.46875,-62.08867455984778,2409.0379462564374,-2242.49451645657,74868.14765577091,72731.05250939976,0.7486814765577091,5,3,0.6,83.2,29.728101183896698,0.35730890846029684,45,0.0,0.0,0.0,0.0,False,False,False
458,69990.89566460499,276200.46368636127,206209.5680217563,1.3394163342470147,0.5807860262008734,152.8185494860371,1038.3476078434635,-1074.0081667799807,16403.418994602434,13206.05451897416,0.16403418994602434,10,7,0.7,45.8,14.627371602581238,0.3193749258205511,23,0.03559034323459473,4.266848008188755,107.33918787850554,1.4953688547305708,2012-01-18 10:00:00,2021-05-19 09:30:00,RBB_U,5,50,2.0,1,17,36,78,31,-1,11,-1,2250,2500,0,229,-11832.0334187033,236349.13586548337,248181.16928418668,0.9523250154198657,0.4847161572052402,-51.66826820394454,2129.271494283634,-2103.2302481710735,36794.01130664107,35580.89536899861,0.3679401130664107,5,2,0.4,45.8,17.79213309302738,0.38847452168182056,22,0.0,0.0,0.0,0.0,False,False,False
457,64927.61201337527,225555.76489171042,160628.15287833515,1.4042106620161006,0.4485776805251641,142.0735492634032,1100.272023862002,-637.4133050727586,14225.944560303891,12144.0,0.1422594456030389,10,9,0.9,45.7,14.588008774332431,0.31921244582784314,23,0.07687022277935988,4.564028190757149,100.1308451436594,1.4928360739344844,2012-01-18 10:00:00,2021-05-19 05:00:00,RBB_U,5,50,2.0,1,17,36,78,31,-1,11,-1,750,5000,0,229,-26331.853107434377,122990.56499541072,149322.4181028451,0.8236577371168845,0.13537117903930132,-114.98625811106714,3967.43758049712,-754.153626782046,30592.915134590206,28612.0,0.30592915134590204,5,1,0.2,45.8,17.79213309302738,0.38847452168182056,22,0.0,0.0,0.0,0.0,False,False,False
809,108542.45514269802,399187.4755014354,290645.0203587373,1.3734536893449139,0.5624227441285538,134.16867137539927,877.3351109921657,-821.0311309568851,12735.567937944834,10706.124569986518,0.12735567937944833,10,8,0.8,80.9,16.51938255504727,0.20419508720701196,40,0.04137551517602763,8.522780897685962,94.922069417466,1.4899833235248534,2012-01-13 14:00:00,2021-05-12 17:00:00,RBB_U,5,30,3.0,1,31,35,55,32,1,0,-1,2000,4500,24,388,2379.585734854125,387456.788251758,385077.20251690387,1.0061795030173193,0.43041237113402064,6.132952924881765,2320.1005284536404,-1742.4307806194745,63312.64033743254,61080.79185386959,0.6331264033743254,5,2,0.4,77.6,27.644891028904418,0.35624859573330436,42,1.887303295787874,0.03758468644131454,10323.353385050337,0.030546669456389154,False,False,False
883,138395.19281320582,444348.8681748202,305953.6753616143,1.452340350707123,0.5583238958097395,156.73294769332483,901.3161626264101,-784.4966034913188,17391.827624904116,15695.055919406681,0.17391827624904116,10,8,0.8,88.3,18.286880543165363,0.2070994398999475,43,0.036063391354470176,7.9574841585384455,110.96471980437859,1.4894541447352692,2012-01-13 14:00:00,2021-05-18 23:00:00,RBB_U,5,30,3.0,1,31,36,55,32,1,0,-1,1750,5000,0,417,-4736.010270177983,397587.87495472754,402323.88522490556,0.9882283641511105,0.39568345323741005,-11.357338777405236,2409.6234845741064,-1596.5233540670856,66917.34199676954,64755.879873437785,0.6691734199676954,5,3,0.6,83.4,29.816773802676913,0.35751527341339223,45,0.0,0.0,0.0,0.0,False,False,False
808,107688.18271512611,341794.4979100253,234106.31519489922,1.4599969147584637,0.5346534653465347,133.27745385535408,791.1909673843178,-622.6231787098384,12576.735746305683,11848.533125877442,0.12576735746305684,10,8,0.8,80.8,15.973728431396347,0.19769465880441026,41,0.07136121208846612,8.562490688154806,94.36506612705256,1.4894028013819745,2012-01-13 14:00:00,2021-05-12 15:00:00,RBB_U,5,30,3.0,1,31,35,55,32,1,0,-1,1250,0,12,390,2871.3291167783973,307914.8422155323,305043.5130987539,1.0094128509326763,0.33589743589743587,7.3623823507138395,2350.4949787445216,-1177.7741818484706,43620.506383210704,41693.69858315462,0.43620506383210705,5,2,0.4,78.0,27.94279871451677,0.3582410091604714,43,4.8349699958623145,0.06582521283805078,5924.781450528899,0.044178652315116744,False,False,False
809,111216.09093040266,415007.6532665747,303791.5623361721,1.366093416404147,0.5784919653893696,137.47353637874247,886.7684898858435,-890.8843470268977,13403.735789583203,11192.981899477461,0.13403735789583202,10,9,0.9,80.9,16.51938255504727,0.20419508720701196,40,0.03588509510280762,8.2973950454048,97.50048003897733,1.488146277497019,2012-01-13 14:00:00,2021-05-12 18:30:00,RBB_U,5,30,3.0,1,31,35,55,32,1,0,-1,4000,4000,24,389,-36402.59244678605,450744.43771732674,487147.0301641128,0.9252739107646359,0.5012853470437018,-93.57992916911581,2311.509937011932,-2511.067165794396,95652.32009544355,92865.83472939106,0.9565232009544354,5,2,0.4,77.8,27.389048906451645,0.35204433041711625,43,0.0,0.0,0.0,0.0,False,False,False
883,118563.7910525394,402922.4385209385,284358.6474683991,1.4169515930255487,0.5402038505096263,134.2738290515735,844.7011289747138,-700.3907573113278,12792.24412252105,11095.472417023615,0.1279224412252105,10,7,0.7,88.3,18.286880543165363,0.2070994398999475,43,0.0378783434649951,9.268412165759488,95.26982445408369,1.4878441830041318,2012-01-13 14:00:00,2021-05-18 22:00:00,RBB_U,5,30,3.0,1,31,36,55,32,1,0,-1,1250,4500,24,420,-20003.41598134928,323496.11698143935,343499.53296278865,0.941765813161917,0.31666666666666665,-47.62718090797448,2432.3016314393935,-1196.8624841909013,42299.91113587226,39638.4490125405,0.4229991113587226,5,1,0.2,84.0,30.086541841826886,0.35817311716460576,46,0.0,0.0,0.0,0.0,False,False,False
809,111795.25573800957,413933.2511372171,302137.99539920746,1.3700138924609508,0.5698393077873919,138.18943848950502,897.9029308833343,-868.2126304574927,13572.409362760969,10989.841095911732,0.1357240936276097,10,8,0.8,80.9,16.51938255504727,0.20419508720701196,40,0.04017165102716513,8.236949884870523,98.21596723393404,1.4865715741631889,2012-01-13 14:00:00,2021-05-12 17:00:00,RBB_U,5,30,3.0,1,31,35,55,32,1,0,-1,2500,4500,24,388,2635.8244371568508,417231.5324980524,414595.7080608956,1.0063575777218843,0.4639175257731959,6.793361951435182,2317.9529583225135,-1993.2485964466136,49000.78068243791,46363.68553606676,0.49000780682437906,5,3,0.6,77.6,27.644891028904418,0.35624859573330436,42,1.7038312327221028,0.05379147843049655,7213.038409073122,0.038461188629462455,False,False,False
883,124092.87074306533,420408.83148987696,296315.96074681164,1.4187856449929708,0.5503963759909399,140.53552745534012,865.0387479215575,-746.3878104453694,14101.59006909217,12404.818363594735,0.1410159006909217,10,8,0.8,88.3,18.286880543165363,0.2070994398999475,43,0.032161396348573304,8.799920444081819,100.34181622560476,1.4831720480821369,2012-01-13 14:00:00,2021-05-18 22:00:00,RBB_U,5,30,3.0,1,31,36,55,32,1,0,-1,1500,4000,24,418,-19304.757804873545,357194.34978908073,376499.1075939543,0.9487256213481033,0.36363636363636365,-46.18363111213767,2349.9628275597415,-1415.4101789246401,49828.44937953643,47425.91141420943,0.4982844937953643,5,2,0.4,83.6,29.560784833965418,0.353597904712505,46,0.0,0.0,0.0,0.0,False,False,False
809,108362.02013088868,404337.8005514467,295975.780420558,1.3661178626741515,0.5673671199011124,133.94563675017142,880.910240852825,-845.64508691588,12822.409362760969,10861.282902773077,0.1282240936276097,10,8,0.8,80.9,16.51938255504727,0.20419508720701196,40,0.036830247306014946,8.450987413145244,95.72845875283474,1.4824607345457566,2012-01-13 14:00:00,2021-05-12 17:00:00,RBB_U,5,30,3.0,1,31,35,55,32,1,0,-1,2250,4000,24,389,7915.375654995936,405853.8489510576,397938.4732960616,1.0198909534668366,0.4524421593830334,20.348009395876442,2305.9877781310092,-1868.2557431739983,53121.29517628662,49402.3918905891,0.5312129517628662,5,4,0.8,77.8,27.389048906451645,0.35204433041711625,43,0.5042085396769522,0.14900569778519565,2610.638423778777,0.1106437913125343,False,False,False
883,129170.20913321705,459196.3354231437,330026.1262899266,1.3913938892817885,0.5764439411098528,146.2856275574372,902.15390063486,-882.4227975666486,15302.199768175371,10595.028336319745,0.1530219976817537,10,9,0.9,88.3,18.286880543165363,0.2070994398999475,43,0.03476807872447043,8.441283677517907,104.60494324479795,1.4820544935054591,2012-01-13 14:00:00,2021-05-18 23:00:00,RBB_U,5,30,3.0,1,31,36,55,32,1,0,-1,5000,4500,24,416,-84203.9487135142,481253.1537035147,565457.102417029,0.8510869377118316,0.49278846153846156,-202.4133382536399,2347.57635952934,-2679.8914806494263,126369.60029396127,124778.87788061437,1.2636960029396127,5,1,0.2,83.2,29.728101183896698,0.35730890846029684,45,0.0,0.0,0.0,0.0,False,False,False
457,89227.07321428227,331371.3223405995,242144.2491263172,1.3684872696181027,0.5864332603938731,195.2452367927402,1236.4601579873115,-1281.1865033138477,27259.97174131695,20347.554979686887,0.2725997174131695,10,7,0.7,45.7,14.588008774332431,0.31921244582784314,23,0.08395433953112048,3.2731902314867054,139.61913841849255,1.4820306791324536,2012-01-18 10:00:00,2021-05-19 23:00:00,RBB_U,5,50,2.0,1,17,36,78,31,-1,11,-1,5000,7500,0,229,21265.223319234523,359923.856987337,338658.63366810244,1.0627925031436678,0.5021834061135371,92.86123720189748,3129.7726694551043,-2970.6897690184423,52954.72350283499,48661.041865345345,0.5295472350283499,5,4,0.8,45.8,17.79213309302738,0.38847452168182056,22,0.35226528720365446,0.4015736824326175,570.2564934354863,0.5057333109956247,False,False,False
809,108719.26025293491,416052.9653996947,307333.70514675975,1.3537498765422384,0.5723114956736712,134.38721910127924,898.6025170619756,-888.2477027362999,12928.645863240177,11489.841095911732,0.12928645863240176,10,8,0.8,80.9,16.51938255504727,0.20419508720701196,40,0.04130822808720099,8.409176135147668,96.20443037441429,1.4812245254411014,2012-01-13 14:00:00,2021-05-12 17:00:00,RBB_U,5,30,3.0,1,31,35,55,32,1,0,-1,3000,4500,24,388,-15121.164685292308,434238.54785720137,449359.7125424937,0.9663495318711679,0.47680412371134023,-38.97207393116574,2347.23539382271,-2213.5946430664717,65521.71271272482,63857.25058939306,0.6552171271272482,5,2,0.4,77.6,27.644891028904418,0.35624859573330436,42,0.0,0.0,0.0,0.0,False,False,False
880,113143.9098006049,357497.6897696796,244353.7799690747,1.4630331882523953,0.4943181818181818,128.57262477341467,821.8337695854703,-549.1096179080331,11834.457949789517,11517.682013621223,0.11834457949789517,10,8,0.8,88.0,17.899720668211557,0.20340591668422225,43,0.07193993217501354,9.56054855073588,92.04492768694384,1.4812002324862255,2012-01-13 14:00:00,2021-05-18 21:00:00,RBB_U,5,30,3.0,1,31,36,55,32,1,0,-1,750,0,24,421,21063.966249423116,268934.0555368328,247870.08928740968,1.0849798630806118,0.20902612826603326,50.03317398912854,3056.068812918554,-744.3546224847138,30648.438484574217,26937.97942029673,0.3064843848457422,5,2,0.4,84.2,29.93593158730825,0.35553362930294835,46,0.8012636332595542,0.6872769801967203,612.5623469587131,0.35817339640073115,False,False,False
883,130868.89951692053,466920.62300457177,336051.7234876513,1.3894308237991506,0.5775764439411099,148.20939922641057,915.5306333422976,-900.9429584119339,15802.199768175371,13299.83411231867,0.1580219976817537,10,8,0.8,88.3,18.286880543165363,0.2070994398999475,43,0.03049616841535363,8.281688716559716,106.62076663596282,1.477598426490913,2012-01-13 14:00:00,2021-05-18 23:00:00,RBB_U,5,30,3.0,1,31,36,55,32,1,0,-1,5000,4000,0,417,-58226.364467277905,501960.14933923376,560186.5138065116,0.8960589678040888,0.5107913669064749,-139.63156946589424,2356.6204194330226,-2746.0123225809393,113517.85864251648,112347.93221866808,1.135178586425165,5,2,0.4,83.4,29.47269923166183,0.3533896790367126,46,0.0,0.0,0.0,0.0,False,False,False
882,112867.97710998495,358739.75707905967,245871.7799690747,1.459052182093371,0.4931972789115646,127.96822801585594,824.6890967334705,-550.0487247630307,11834.457949789517,11517.682013621223,0.11834457949789517,10,8,0.8,88.2,18.153787483607932,0.2058252549161897,43,0.06636957790694119,9.53723251110055,92.47965790636067,1.47423737690645,2012-01-13 14:00:00,2021-05-18 21:00:00,RBB_U,5,30,3.0,1,31,36,55,32,1,0,-1,750,7500,24,423,2398.0340998626416,251786.12338727232,249388.08928740968,1.0096156721305924,0.20803782505910165,5.669111347193006,2861.20594758264,-744.4420575743572,30343.610112714887,26680.831166079413,0.30343610112714886,5,2,0.4,84.6,30.447331574376104,0.3598975363401431,46,3.123808790053937,0.07902929450236355,5352.445604678266,0.04078691044467018,False,False,False
883,124810.78397728276,447981.8312954911,323171.0473182084,1.3862065770216987,0.565118912797282,141.34856622568827,897.759180952888,-841.5912690578343,14495.537413337704,12798.76570784027,0.14495537413337706,10,8,0.8,88.3,18.286880543165363,0.2070994398999475,43,0.03998853176748276,8.610290216797429,102.55171170390922,1.4713422090440604,2012-01-13 14:00:00,2021-05-18 23:00:00,RBB_U,5,30,3.0,1,31,36,55,32,1,0,-1,2250,5000,24,416,-4746.0240692524385,432650.368000926,437396.3920701784,0.9891493753599803,0.43509615384615385,-11.408711704933747,2390.3335248669946,-1861.261242851823,60235.10810629296,57348.01295992181,0.6023510810629296,5,4,0.8,83.2,29.728101183896698,0.35730890846029684,45,0.0,0.0,0.0,0.0,False,False,False
884,116529.7017460849,374496.64955520484,257966.94780911997,1.4517233805949041,0.5339366515837104,131.82092957701911,793.4251049898407,-626.1333684687378,12689.218551372876,11274.802077286866,0.12689218551372877,10,7,0.7,88.4,18.0288657435791,0.203946445063112,44,0.0514117852378463,9.18336312628781,96.26103071863817,1.466582093600458,2012-01-13 14:00:00,2021-05-18 22:00:00,RBB_U,5,30,3.0,1,31,36,55,32,1,0,-1,1250,6000,12,420,-19822.83455799283,312633.14932423783,332455.9838822307,0.9403745592829669,0.33095238095238094,-47.19722513807816,2249.159347656387,-1183.1173803638103,47628.90194269365,45702.094142637565,0.4762890194269365,5,1,0.2,84.0,30.086541841826886,0.35817311716460576,46,0.0,0.0,0.0,0.0,False,False,False
809,110470.56802227651,377592.5284994878,267121.96047721116,1.413558540169898,0.5550061804697157,136.55200002753585,840.9633151436253,-742.005445770031,13647.205837665177,13127.457266534246,0.13647205837665177,10,6,0.6,80.9,16.495150802584376,0.20389555998250156,40,0.06780991656066647,8.094738903797197,99.94145699010782,1.464925846177375,2012-01-13 14:00:00,2021-05-12 17:00:00,RBB_U,5,30,3.0,1,31,35,55,32,1,0,-1,2500,7500,12,388,3413.3554369612903,394606.3259224124,391192.9704854511,1.0087255029984958,0.46134020618556704,8.79730782721982,2204.5046140916893,-1871.736700887326,53606.87003950832,50508.23433097666,0.5360687003950833,5,3,0.6,77.6,27.644891028904418,0.35624859573330436,42,2.1946146946445158,0.0636738431929647,6093.553970413867,0.04761886177207646,False,False,False
809,113829.77504035557,393253.9757668501,279424.20072649454,1.4073726425427775,0.5574783683559951,140.7042954763357,871.9600349597564,-780.5145271689792,14491.31924868875,12794.547543191315,0.1449131924868875,10,8,0.8,80.9,16.51938255504727,0.20419508720701196,40,0.039453649086171216,7.855031904749147,102.99130669486894,1.464848938951266,2012-01-13 14:00:00,2021-05-12 15:00:00,RBB_U,5,30,3.0,1,31,35,55,32,1,0,-1,1750,4500,24,389,-1882.2120290166422,366754.97533003904,368637.18735905574,0.9948941341417533,0.40102827763496146,-4.838591334233013,2350.9934316028143,-1582.1338513264195,54117.32602326266,52452.863899930904,0.5411732602326267,5,2,0.4,77.8,27.722914709676544,0.3563356646487988,42,0.0,0.0,0.0,0.0,False,False,False
883,129926.1569580558,457924.2594461073,327998.1024880515,1.3961186237740166,0.5685164212910532,147.1417406093497,912.1997200121659,-860.8874081051221,15852.474654777776,12946.999367381126,0.15852474654777776,10,8,0.8,88.3,18.286880543165363,0.2070994398999475,43,0.030717448229369386,8.19595424610235,107.73608215540217,1.4646262124232934,2012-01-13 14:00:00,2021-05-18 23:00:00,RBB_U,5,30,3.0,1,31,36,55,32,1,0,-1,2500,4000,0,417,6896.357213000294,455357.8186125229,448461.4613995226,1.0153778146097074,0.47002398081534774,16.538026889688954,2323.2541765945048,-2029.2373818982924,56966.10410379179,53247.200818094265,0.5696610410379179,5,4,0.8,83.4,29.47269923166183,0.3533896790367126,46,0.578711322040654,0.12106071358566466,3444.5526351942704,0.08683901348598998,False,False,False
457,81372.3293840475,328631.9467921688,247259.61740812124,1.3290967212399112,0.5776805251641138,178.0576135318326,1244.8179802733666,-1281.1379140317163,23283.318333972384,16370.901572342322,0.23283318333972383,10,7,0.7,45.7,14.588008774332431,0.31921244582784314,23,0.09205832076706608,3.494876813384379,130.76283497313,1.4624383167993704,2012-01-18 10:00:00,2021-05-19 14:00:00,RBB_U,5,50,2.0,1,17,36,78,31,-1,11,-1,4000,7500,0,229,-15546.151211283774,342524.35403086746,358070.5052421512,0.9565835471403309,0.4759825327510917,-67.88712319337893,3142.4252663382335,-2983.9208770179266,55548.61455585544,52569.3734787487,0.5554861455585545,5,3,0.6,45.8,17.79213309302738,0.38847452168182056,22,0.0,0.0,0.0,0.0,False,False,False
883,126702.79109216477,458338.5800025017,331635.7889103369,1.3820540343624401,0.5707814269535674,143.49126964005072,909.4019444494082,-875.0284667818916,15166.243805732222,11781.329864544867,0.1516624380573222,10,8,0.8,88.3,18.286880543165363,0.2070994398999475,43,0.039391397434721864,8.354263106615514,105.69454046770159,1.4602456080651882,2012-01-13 14:00:00,2021-05-18 23:00:00,RBB_U,5,30,3.0,1,31,36,55,32,1,0,-1,3000,5000,24,416,-26902.32908902732,464350.3589178758,491252.68800690316,0.9452372887806991,0.46634615384615385,-64.66906031016183,2393.558551123071,-2212.8499459770414,74868.1476557709,72731.05250939976,0.748681476557709,5,2,0.4,83.2,29.728101183896698,0.35730890846029684,45,0.0,0.0,0.0,0.0,False,False,False
458,63071.46950771964,221629.23175432882,158557.7622466092,1.3977822883853699,0.5764192139737991,137.71063211292497,839.504665736094,-817.3080528175732,13975.944560303891,13212.086828850614,0.1397594456030389,10,8,0.8,45.8,14.627371602581238,0.3193749258205511,23,0.02363984875629874,4.512859165659728,101.48776710895778,1.4598772276453484,2012-01-18 10:00:00,2021-05-19 07:00:00,RBB_U,5,50,2.0,1,17,36,78,31,-1,11,-1,1250,1500,0,229,-26312.2409696951,138763.56143200226,165075.80240169738,0.8406051002819505,0.4192139737991266,-114.9006155881882,1445.4537649166903,-1241.1714466293035,29612.017984675957,28035.2409696951,0.2961201798467596,5,1,0.2,45.8,17.79213309302738,0.38847452168182056,22,0.0,0.0,0.0,0.0,False,False,False
809,115528.79836477614,372494.44600581727,256965.64764104105,1.4495884933466283,0.5512978986402967,142.804447916905,835.1893408202181,-707.8943461185704,15036.82017323409,13340.048467736655,0.1503682017323409,10,6,0.6,80.9,16.495150802584376,0.20389555998250156,40,0.06484097563576796,7.683060449869598,105.29658139208458,1.4594969056851763,2012-01-13 14:00:00,2021-05-12 17:00:00,RBB_U,5,30,3.0,1,31,35,55,32,1,0,-1,2000,7500,12,388,-12584.10954307102,362269.4317837352,374853.54132680624,0.966429263283657,0.422680412371134,-32.43327201822428,2208.9599499008245,-1673.4533094946707,73762.20801323905,71895.86233651474,0.7376220801323905,5,3,0.6,77.6,27.644891028904418,0.35624859573330436,42,0.0,0.0,0.0,0.0,False,False,False
883,120834.9191176806,437743.3647180431,316908.4456003625,1.3812928332937506,0.5605889014722537,136.84588801549333,884.3300297334205,-816.7743443308311,13840.379080551145,12143.60737505371,0.13840379080551146,10,8,0.8,88.3,18.286880543165363,0.2070994398999475,43,0.041304285519811426,8.730607623853375,101.13843595347325,1.457797517837698,2012-01-13 14:00:00,2021-05-18 23:00:00,RBB_U,5,30,3.0,1,31,36,55,32,1,0,-1,2000,5000,24,416,1943.9316055958043,419818.647274317,417874.7156687212,1.0046519483776015,0.4230769230769231,4.672912513451452,2385.3332231495283,-1741.1446486196717,70409.61562743256,68482.80782737647,0.7040961562743256,5,3,0.6,83.2,29.728101183896698,0.35730890846029684,45,2.5674771610446068,0.02760889387441027,15067.608354479427,0.02207044604958758,False,False,False
883,131065.30136149788,466004.25750346336,334938.95614196546,1.3913110104336304,0.5707814269535674,148.43182487145853,924.6116220306812,-883.7439476041305,16318.91497924026,14622.143273742826,0.1631891497924026,10,8,0.8,88.3,18.286880543165363,0.2070994398999475,43,0.034265362024485366,8.031496060138167,109.94215690181258,1.4561993536216333,2012-01-13 14:00:00,2021-05-18 23:00:00,RBB_U,5,30,3.0,1,31,36,55,32,1,0,-1,3000,4500,0,416,-32408.300827517873,463492.3183472265,495900.61917474435,0.9346475895080544,0.47115384615384615,-77.90456929691797,2364.7567262613597,-2254.093723521565,79784.62877707001,77647.53363069888,0.7978462877707001,5,2,0.4,83.2,29.728101183896698,0.35730890846029684,45,0.0,0.0,0.0,0.0,False,False,False
809,117166.0707066755,415451.6411072167,298285.57040054124,1.3927983192393234,0.5686032138442522,144.8282703419969,903.1557415374276,-854.6864481390867,15556.080179418685,13859.30847392125,0.15556080179418685,10,7,0.7,80.9,16.51938255504727,0.20419508720701196,40,0.03406276216253289,7.531850527595691,107.41052242552244,1.4552670778698027,2012-01-13 14:00:00,2021-05-12 17:00:00,RBB_U,5,30,3.0,1,31,35,55,32,1,0,-1,2250,4000,0,389,11900.94997323786,412187.0652049418,400286.11523170397,1.0297311086255114,0.455012853470437,30.59370173068859,2328.740481383852,-1888.1420529797356,53121.29517628662,49402.3918905891,0.5312129517628662,5,4,0.8,77.8,27.389048906451645,0.35204433041711625,43,0.3353513802658376,0.22403350546600476,1736.3474235286985,0.1663554937444743,False,False,False
882,115296.51472667618,372004.46253579616,256707.94780911997,1.4491349633335353,0.5340136054421769,130.72167202570995,789.8183917957456,-624.5935469808272,12689.218551372876,11274.802077286866,0.12689218551372877,10,7,0.7,88.2,17.77526371112395,0.20153360216693822,44,0.0686086444798376,9.08617928360939,97.07050372548171,1.4543522341526596,2012-01-13 14:00:00,2021-05-18 22:00:00,RBB_U,5,30,3.0,1,31,36,55,32,1,0,-1,1250,0,12,418,-5299.551240305911,324780.62440290255,330080.17564320844,0.9839446545677003,0.33014354066985646,-12.678352249535672,2353.4827855282792,-1178.8577701543159,50297.62676106404,48370.81896100796,0.5029762676106404,5,1,0.2,83.6,30.037310132566798,0.3592979680929043,46,0.0,0.0,0.0,0.0,False,False,False
883,131800.32456998833,450282.3679094054,318482.0433394171,1.4138391074988308,0.5628539071347678,149.2642407361136,906.000740260373,-825.0830138326868,16563.404651699315,14866.632946201884,0.16563404651699315,10,8,0.8,88.3,18.286880543165363,0.2070994398999475,43,0.03786788853732822,7.95732081305315,110.96699765472961,1.4535180094190605,2012-01-13 14:00:00,2021-05-18 23:00:00,RBB_U,5,30,3.0,1,31,36,55,32,1,0,-1,2000,5000,0,416,5058.3302720829815,424780.6878764465,419722.35760436347,1.01205161026197,0.4254807692307692,12.159447769430244,2399.890891957325,-1756.1604920684663,70409.61562743256,68482.80782737647,0.7040961562743256,5,4,0.8,83.2,29.728101183896698,0.35730890846029684,45,0.986689229753427,0.07184146976243662,5790.527412309593,0.05742980105351299,False,False,False
811,95340.25024085451,317043.75793288904,221703.5076920346,1.430034920211052,0.5240443896424167,117.55887822546795,745.9853127832683,-574.3614188912813,10281.644954936753,9490.41051426726,0.10281644954936754,10,8,0.8,81.1,16.391766225761028,0.20211795592800283,41,0.03137184969038731,9.272859611348151,87.4595361076637,1.4529931902028064,2012-01-13 14:00:00,2021-05-12 15:00:00,RBB_U,5,30,3.0,1,31,35,55,32,1,0,-1,1000,3000,12,396,-20738.568178161207,242757.84597796726,263496.4141561284,0.9212946853771109,0.3106060606060606,-52.37012166202325,1973.6410242111158,-965.1883302422286,39262.65140932956,37954.41338129939,0.39262651409329563,5,2,0.4,79.2,28.12401109372559,0.35510115017330285,44,0.0,0.0,0.0,0.0,False,False,False
810,113748.14282600125,360621.1997211543,246873.05689515307,1.4607555974579682,0.5419753086419753,140.42980595802624,821.4605916199414,-665.4260293669894,14705.506607853102,13008.734902355667,0.14705506607853103,10,7,0.7,81.0,16.24807680927192,0.20059354085520892,41,0.05266899178445787,7.735071348392509,104.71784467357666,1.4513051868950269,2012-01-13 14:00:00,2021-05-12 15:00:00,RBB_U,5,30,3.0,1,31,35,55,32,1,0,-1,1500,6000,12,389,-34620.737056859376,306687.976062217,341308.71311907645,0.8985647429259127,0.36503856041131105,-88.99932405362307,2159.7744793113875,-1381.8166523039533,58772.38055243302,56845.57275237693,0.5877238055243301,5,2,0.4,77.8,27.722914709676544,0.3563356646487988,42,0.0,0.0,0.0,0.0,False,False,False
457,82042.73325001496,318844.8059466436,236802.0726966286,1.3464612125887994,0.5733041575492341,179.52458041578768,1216.9649081932962,-1214.3696035724545,24135.844678444635,21997.20343939357,0.24135844678444635,10,7,0.7,45.7,14.588008774332431,0.31921244582784314,23,0.07302292064969577,3.3992070442550584,134.44311983654183,1.4482119146725718,2012-01-18 10:00:00,2021-05-19 10:30:00,RBB_U,5,50,2.0,1,17,36,78,31,-1,11,-1,3000,6000,0,229,-16251.279226387393,312359.68336313625,328610.9625895237,0.9505455353700804,0.43231441048034935,-70.96628483138599,3155.148316799356,-2527.7766353040283,54854.011763102346,53505.47611767871,0.5485401176310235,5,2,0.4,45.8,17.79213309302738,0.38847452168182056,22,0.0,0.0,0.0,0.0,False,False,False
809,119009.4341823853,399764.058878961,280754.6246965757,1.423891269150078,0.5587144622991347,147.1068407693267,884.4337585817722,-786.4275201584753,16229.344819836919,14532.573114339488,0.1622934481983692,10,9,0.9,80.9,16.51938255504727,0.20419508720701196,40,0.033535156497624216,7.332978349004059,110.32352224384731,1.4471775673634621,2012-01-13 14:00:00,2021-05-12 15:00:00,RBB_U,5,30,3.0,1,31,35,55,32,1,0,-1,1750,4000,0,390,11647.972132607538,378045.44148411637,366397.4693515089,1.0317905365264213,0.4128205128205128,29.8665952118142,2348.1083321994806,-1599.9889491332265,54100.232779029524,51760.40367873715,0.5410023277902952,5,3,0.6,78.0,27.46634304016463,0.3521326030790337,43,0.3426347483118992,0.21530354925057837,1811.3960562076165,0.16092577006709619,False,False,False
883,135636.8234196884,460350.83448685345,324714.01106716506,1.4177116440831152,0.5673839184597962,153.60908654551346,918.8639410915239,-850.036678186296,17718.562984485878,16021.791278988443,0.17718562984485878,10,8,0.8,88.3,18.286880543165363,0.2070994398999475,43,0.03679679215545187,7.655069067308114,115.34840407527567,1.4462457815600367,2012-01-13 14:00:00,2021-05-18 23:00:00,RBB_U,5,30,3.0,1,31,36,55,32,1,0,-1,2250,5000,0,416,-2131.6254027652612,437612.40860305546,439744.03400582075,0.9951525768676214,0.4375,-5.124099525878032,2404.463783533272,-1879.2480085718835,60235.10810629296,57348.01295992181,0.6023510810629296,5,4,0.8,83.2,29.728101183896698,0.35730890846029684,45,0.0,0.0,0.0,0.0,False,False,False
883,126419.78736089812,431809.86498345784,305390.07762255974,1.4139616727074673,0.5560588901472253,143.1707671131349,879.4498268502197,-779.0563204657136,15428.802053755942,13732.030348258508,0.1542880205375594,10,8,0.8,88.3,18.286880543165363,0.2070994398999475,43,0.0394795791401855,8.19375262709543,107.76503028417775,1.444533757202275,2012-01-13 14:00:00,2021-05-18 23:00:00,RBB_U,5,30,3.0,1,31,36,55,32,1,0,-1,1750,5000,24,417,-8350.40893666516,392625.83435259806,400976.2432892632,0.9791748038034234,0.3932853717026379,-20.024961478813335,2394.0599655646224,-1584.8863371117122,66917.34199676954,64755.879873437785,0.6691734199676954,5,3,0.6,83.4,29.816773802676913,0.35751527341339223,45,0.0,0.0,0.0,0.0,False,False,False
1012,139865.6310940825,477389.3048244788,337523.67373039643,1.4143876177580443,0.48221343873517786,138.2071453498839,978.2567721813091,-644.1291483404513,14454.600196628955,13496.297279218667,0.14454600196628956,10,7,0.7,101.2,28.13467611329478,0.2780106335305808,62,0.05355854716703833,9.67620198355271,104.5864897942565,1.440677925369645,2012-01-13 14:00:00,2021-05-14 20:30:00,RBB_U,6,30,3.0,1,31,35,55,153,1,0,-1,1000,7500,92,617,-30124.00092737328,408214.5414967807,438338.542424154,0.9312768602076883,0.2576985413290113,-48.823340238854584,2567.3870534388725,-957.0710533278472,52703.20309931553,51176.067096938845,0.5270320309931553,5,1,0.2,123.4,46.47838207166854,0.37664815293086334,69,0.0,0.0,0.0,0.0,False,False,False
883,110108.46412085464,357908.88026777527,247800.4161469206,1.44434333821123,0.49490373725934317,124.69814736223628,819.0134559903324,-555.6063142307637,11834.457949789532,10512.283365031206,0.11834457949789531,10,8,0.8,88.3,18.286880543165363,0.2070994398999475,43,0.03624607819086,9.304056390923494,94.90484181301872,1.4365649389910986,2012-01-13 14:00:00,2021-05-18 21:00:00,RBB_U,5,30,3.0,1,31,36,55,32,1,0,-1,750,4000,0,424,-5585.678972128459,239028.75859932002,244614.43757144845,0.977165374915792,0.22641509433962265,-13.173771160680326,2489.88290207625,-745.7757243031965,25146.7959969655,23157.280720382078,0.251467959969655,5,1,0.2,84.8,30.195363882556546,0.356077404275431,47,0.0,0.0,0.0,0.0,False,False,False
457,61699.82470698705,193864.53294245747,132164.7082354704,1.4668403958268494,0.3785557986870897,135.0105573457047,1120.6042366616039,-465.3686909699662,13874.412938011323,11919.0782313409,0.13874412938011324,10,8,0.8,45.7,14.588008774332431,0.31921244582784314,23,0.12141039355581346,4.447022370074473,102.76539265358961,1.4364809437658101,2012-01-18 10:00:00,2021-05-19 04:30:00,RBB_U,5,50,2.0,1,17,36,78,31,-1,11,-1,500,7500,0,229,-16190.477794101404,89029.48809934212,105219.96589344353,0.8461273233019526,0.09606986899563319,-70.70077639345591,4046.7949136064603,-508.30901397798806,24499.538997565673,21248.538997565673,0.24499538997565673,5,1,0.2,45.8,17.79213309302738,0.38847452168182056,22,0.0,0.0,0.0,0.0,False,False,False
811,103922.32749610313,340546.64269100234,236624.31519489922,1.439187018504442,0.5339087546239211,128.14097101862285,786.4818537898437,-625.9902518383577,12576.735746305683,11848.533125877442,0.12576735746305684,10,8,0.8,81.1,16.391766225761028,0.20211795592800283,41,0.04802625307046893,8.263060430973075,98.14765446469025,1.4320015552973908,2012-01-13 14:00:00,2021-05-12 15:00:00,RBB_U,5,30,3.0,1,31,35,55,32,1,0,-1,1250,5000,12,392,-16063.945995789589,290096.3753419866,306160.32133777614,0.9475309343627624,0.3392857142857143,-40.979454070891805,2181.175754451027,-1182.0861827713366,37185.43957799553,35258.631777939445,0.3718543957799553,5,2,0.4,78.4,27.997142711355384,0.35710641213463495,43,0.0,0.0,0.0,0.0,False,False,False
457,61487.18226534081,193651.89050081122,132164.7082354704,1.4652314758323575,0.3785557986870897,134.54525659811992,1119.375089600065,-465.3686909699662,13874.412938011323,11919.0782313409,0.13874412938011324,10,8,0.8,45.7,14.588008774332431,0.31921244582784314,23,0.12240532430760757,4.431696140229918,103.12078841585262,1.4315302519816555,2012-01-18 10:00:00,2021-05-19 04:30:00,RBB_U,5,50,2.0,1,17,36,78,31,-1,11,-1,500,0,0,229,-12418.135006681674,92801.83088676185,105219.96589344353,0.8819792907055535,0.09606986899563319,-54.22766378463613,4218.265040307357,-508.30901397798806,24499.538997565673,21248.538997565673,0.24499538997565673,5,2,0.4,45.8,17.79213309302738,0.38847452168182056,22,0.0,0.0,0.0,0.0,False,False,False
883,124928.56200205933,451744.97186467913,326816.4098626198,1.3822591468236682,0.5673839184597962,141.48195017220763,901.6865705881819,-855.5403399545022,15352.474654777776,10281.329864544867,0.15352474654777776,10,8,0.8,88.3,18.286880543165363,0.2070994398999475,43,0.03594854473651886,8.137356667980615,108.51189594214102,1.4310384074608316,2012-01-13 14:00:00,2021-05-18 23:00:00,RBB_U,5,30,3.0,1,31,36,55,32,1,0,-1,2500,4500,24,416,-11310.958826764858,441073.262385948,452384.22121271293,0.9749970085242065,0.4567307692307692,-27.18980487203091,2321.438223083937,-2001.7000938615618,61927.901060291246,59290.8059139201,0.6192790106029125,5,4,0.8,83.2,29.728101183896698,0.35730890846029684,45,0.0,0.0,0.0,0.0,False,False,False
809,112712.11428472775,405697.5586135463,292985.44432881847,1.3847020951601632,0.5636588380716935,139.3227617858192,889.6876285384787,-829.9870944159163,14900.921846632125,13204.15014113469,0.14900921846632126,10,8,0.8,80.9,16.51938255504727,0.20419508720701196,40,0.03540879368049235,7.564103445734312,106.95252990706072,1.4303916076836574,2012-01-13 14:00:00,2021-05-12 17:00:00,RBB_U,5,30,3.0,1,31,35,55,32,1,0,-1,2000,4000,0,389,17546.156256709495,400383.6407660665,382837.484509357,1.0458318659135393,0.442159383033419,45.105800145782766,2327.8118649189914,-1764.2280392136267,63077.16073296821,60737.331632675836,0.6307716073296821,5,4,0.8,77.8,27.389048906451645,0.35204433041711625,43,0.22745722434073712,0.2781697218584339,1398.4268215861746,0.22507941105415208,False,False,False
807,111546.01961065791,355401.07650581107,243855.05689515307,1.4574275433566992,0.5427509293680297,138.22307262782888,811.4179828899796,-660.8538127239921,14705.506607853102,13008.734902355667,0.14705506607853103,10,7,0.7,80.7,16.22374802565671,0.20103776983465566,40,0.06889317317622463,7.585323143582799,106.38966656057677,1.4284991771141204,2012-01-13 14:00:00,2021-05-12 15:00:00,RBB_U,5,30,3.0,1,31,35,55,32,1,0,-1,1500,0,12,387,-7105.083747932811,331185.6293711436,338290.71311907645,0.9789971067120843,0.3669250645994832,-18.35938952954215,2332.2931645855183,-1380.7784208941896,55307.91360982566,53381.10580976957,0.5530791360982565,5,2,0.4,77.4,27.67381433774535,0.3575428209011027,42,0.0,0.0,0.0,0.0,False,False,False
809,108006.89819115557,412589.63079851953,304582.7326073639,1.354606110683191,0.580964153275649,133.50667267139133,877.8502782947224,-898.4741374848493,13724.705535013534,13147.981899477461,0.13724705535013534,10,9,0.9,80.9,16.51938255504727,0.20419508720701196,40,0.02769267565397898,7.8695238972971575,102.80164474471658,1.4282061589902053,2012-01-13 14:00:00,2021-05-12 23:00:00,RBB_U,5,30,3.0,1,31,35,55,32,1,0,-1,5000,3000,0,392,-54753.46565653727,441927.73595476523,496681.2016113025,0.8897613489721184,0.5357142857142857,-139.67720830749303,2104.4177902607867,-2729.017591270893,99813.44622179065,98002.89737912052,0.9981344622179066,5,2,0.4,78.4,27.85390457368589,0.3552793950725241,43,0.0,0.0,0.0,0.0,False,False,False
809,103938.69769903885,394583.7180577762,290645.0203587373,1.3576138946772576,0.5624227441285538,128.47799468360796,867.2169627643433,-821.0311309568851,12735.567937944834,10706.124569986518,0.12735567937944833,10,8,0.8,80.9,16.51938255504727,0.20419508720701196,40,0.03839763330069996,8.161292704454896,99.12645328336308,1.4267866526223247,2012-01-13 14:00:00,2021-05-12 17:00:00,RBB_U,5,30,3.0,1,31,35,55,32,1,0,-1,2000,4000,24,389,13060.58193846757,394050.42451218225,380989.8425737147,1.0342806565399196,0.43958868894601544,33.57476076726882,2304.3884474396623,-1747.659828319792,63077.16073296821,60737.331632675836,0.6307716073296821,5,3,0.6,77.8,27.389048906451645,0.35204433041711625,43,0.3055759704125614,0.2070572262083646,1878.707674797806,0.16753914918606025,False,False,False
881,124116.08901386746,390288.2407999464,266172.151786079,1.4663000549870402,0.5437003405221339,140.88091829042844,814.797997494669,-662.1197805623856,15317.989412920295,13621.21770742286,0.15317989412920294,10,7,0.7,88.1,18.024705268048077,0.2045937033830656,43,0.06373337777153988,8.10263577471721,108.73005087418578,1.4265622855222304,2012-01-13 14:00:00,2021-05-18 22:00:00,RBB_U,5,30,3.0,1,31,36,55,32,1,0,-1,1500,0,12,415,-15252.72908040337,350896.8117285493,366149.54080895276,0.9583428971487856,0.3614457831325301,-36.753564049164744,2339.3120781903285,-1381.6963804111424,63235.033987678995,61308.22618762291,0.6323503398767899,5,1,0.2,83.0,29.772470505485433,0.35870446392151123,45,0.0,0.0,0.0,0.0,False,False,False
809,117226.56902447976,367840.946271232,250614.37724675224,1.4677567596573269,0.546353522867738,144.9030519462049,832.219335455276,-682.8729625252105,16221.776894868788,14525.005189371353,0.1622177689486879,10,7,0.7,80.9,16.495150802584376,0.20389555998250156,40,0.06390189581028936,7.226493730262091,111.94917344384923,1.4258300637802348,2012-01-13 14:00:00,2021-05-12 15:00:00,RBB_U,5,30,3.0,1,31,35,55,32,1,0,-1,1750,7500,12,389,-11435.785840215409,348070.0387744297,359505.8246146451,0.9681902626960955,0.39845758354755784,-29.39790704425555,2245.6131533834173,-1536.3496778403637,63195.28005930038,61328.93438257605,0.6319528005930037,5,3,0.6,77.8,27.722914709676544,0.3563356646487988,42,0.0,0.0,0.0,0.0,False,False,False
884,124398.87464056387,393589.0264266429,269190.151786079,1.4621226809939973,0.5429864253393665,140.72270886941615,819.9771383888394,-666.3122568962351,15317.989412920295,13621.21770742286,0.15317989412920294,10,7,0.7,88.4,18.0288657435791,0.203946445063112,44,0.04815959965321471,8.121096789349972,108.85229211395189,1.4249602545589939,2012-01-13 14:00:00,2021-05-18 22:00:00,RBB_U,5,30,3.0,1,31,36,55,32,1,0,-1,1500,6000,12,417,-38186.03393384249,330981.50687511015,369167.54080895276,0.8965617782913254,0.3597122302158273,-91.57322286293163,2206.543379167401,-1382.6499655766022,66699.50093028636,64772.69313023027,0.6669950093028636,5,1,0.2,83.4,29.816773802676913,0.35751527341339223,45,0.0,0.0,0.0,0.0,False,False,False
809,112035.82083535724,382270.92041686305,270235.09958150575,1.4145864878724466,0.5599505562422744,138.4867995492673,843.8651664831414,-759.0873583750162,14867.90589341479,13013.780849283452,0.1486790589341479,10,6,0.6,80.9,16.495150802584376,0.20389555998250156,40,0.06686254399839167,7.535413637839847,107.35973350388149,1.4233867670919418,2012-01-13 14:00:00,2021-05-12 21:00:00,RBB_U,5,30,3.0,1,31,35,55,32,1,0,-1,5000,7500,12,388,-47042.59400159687,429105.35837536503,476147.95237696194,0.9012017299102996,0.48711340206185566,-121.24379897318782,2270.398721562778,-2392.7032782761908,95443.71875960528,93519.60136256533,0.9544371875960528,5,2,0.4,77.6,27.644891028904418,0.35624859573330436,42,0.0,0.0,0.0,0.0,False,False,False
810,97174.67406443882,304980.8763120265,207806.20224758773,1.467621625405874,0.4962962962962963,119.96873341288743,758.6588962985734,-509.32892707742093,11202.986367269332,9343.185543203683,0.11202986367269333,10,8,0.8,81.0,16.24807680927192,0.20059354085520892,41,0.07708798688671228,8.673997350237304,93.38255100779342,1.4204979685876706,2012-01-13 14:00:00,2021-05-12 15:00:00,RBB_U,5,30,3.0,1,31,35,55,32,1,0,-1,750,7500,12,395,-1394.454510919677,222334.94538143027,223729.39989234996,0.9937672272325825,0.23544303797468355,-3.530264584606777,2390.698337434734,-740.8258274581125,23048.015629975896,20552.32673624713,0.23048015629975896,5,3,0.6,79.0,28.376046236218322,0.3591904586863079,43,0.0,0.0,0.0,0.0,False,False,False
810,107633.09879313146,371832.0007627774,264198.901969646,1.4073941942631445,0.554320987654321,132.8803688804092,828.1336319883684,-731.8529140433407,13754.30748368032,12886.191842252509,0.1375430748368032,10,6,0.6,81.0,16.24807680927192,0.20059354085520892,41,0.055661316706253856,7.82541025208573,103.50895019006937,1.4199756842461695,2012-01-13 14:00:00,2021-05-12 17:00:00,RBB_U,5,30,3.0,1,31,35,55,32,1,0,-1,2250,6000,12,388,-23089.18030168373,360881.2020653076,383970.3823669913,0.9398672883065873,0.4381443298969072,-59.508196653824044,2122.830600384162,-1761.3320292063822,68059.58042988883,64546.91554350431,0.6805958042988882,5,3,0.6,77.6,27.644891028904418,0.35624859573330436,42,0.0,0.0,0.0,0.0,False,False,False
809,106691.4982943504,408829.49369355786,302137.99539920746,1.353121752043736,0.5698393077873919,131.88071482614387,886.8318735218174,-868.2126304574927,13572.409362760969,10989.841095911732,0.1357240936276097,10,8,0.8,80.9,16.51938255504727,0.20419508720701196,40,0.037406916800336414,7.8609107228288515,102.9142841745531,1.4187055391773413,2012-01-13 14:00:00,2021-05-12 17:00:00,RBB_U,5,30,3.0,1,31,35,55,32,1,0,-1,2500,4000,24,389,13288.524353036613,422796.872470743,409508.34811770637,1.0324499473920787,0.4730077120822622,34.160730984669954,2297.8090895149076,-1997.601698135153,50538.98372593845,46820.08044024093,0.5053898372593845,5,3,0.6,77.8,27.389048906451645,0.35204433041711625,43,0.30033432561592144,0.2629361212543824,1479.4467878517717,0.19043788519896318,False,False,False
883,125839.05627717805,412060.3552049763,286221.29892779817,1.4396565061670066,0.5549263873159683,142.51308751662293,840.939500418319,-728.2984705541938,15866.790288747514,14170.01858325008,0.15866790288747515,10,6,0.6,88.3,18.275940468276865,0.2069755432420936,43,0.05952841845460148,7.930971166009624,111.33567144769626,1.417913231449447,2012-01-13 14:00:00,2021-05-18 23:00:00,RBB_U,5,30,3.0,1,31,36,55,32,1,0,-1,2250,7500,12,416,-18112.550017455054,400424.7910558727,418537.3410733278,0.956724171919748,0.43028846153846156,-43.53978369580542,2237.01000589873,-1765.980342081552,71899.48612108035,69026.38707279191,0.7189948612108035,5,4,0.8,83.2,29.728101183896698,0.35730890846029684,45,0.0,0.0,0.0,0.0,False,False,False
883,131704.69415501965,439417.36951663403,307712.6753616143,1.4280119237865143,0.5571913929784824,149.15593902040732,893.1247347899066,-786.9889395437707,17391.827624904116,15695.055919406681,0.17391827624904116,10,8,0.8,88.3,18.286880543165363,0.2070994398999475,43,0.034099012406604,7.572792060474769,116.60164348215855,1.4174488188694259,2012-01-13 14:00:00,2021-05-18 23:00:00,RBB_U,5,30,3.0,1,31,36,55,32,1,0,-1,1750,4500,0,417,-3247.1394048413713,395558.74582006416,398805.88522490556,0.9918578448183878,0.40047961630695444,-7.786905047581226,2368.615244431522,-1595.2235408996223,63192.446401116,61030.98427778424,0.63192446401116,5,3,0.6,83.4,29.816773802676913,0.35751527341339223,45,0.0,0.0,0.0,0.0,False,False,False
458,58141.40992503741,194016.97149552932,135875.5615704919,1.427901892386099,0.5764192139737991,126.94630987999435,734.912770816399,-700.3894926314016,12605.598522670967,9799.794601687041,0.12605598522670966,10,9,0.9,45.8,14.627371602581238,0.3193749258205511,23,0.04284381825641455,4.612348221345541,99.29866046982671,1.4170259142313808,2012-01-18 10:00:00,2021-05-19 09:00:00,RBB_U,5,50,2.0,1,17,36,78,31,-1,11,-1,1750,2500,24,229,185.50190152180585,180405.74919158156,180220.24729005975,1.0010293066639913,0.4890829694323144,0.8100519717109426,1610.7656177819783,-1540.3439939321347,21477.090291429362,19963.206994683715,0.21477090291429363,5,2,0.4,45.8,17.79213309302738,0.38847452168182056,22,13.428433776497874,0.008637198941042408,26513.225128094877,0.006927309777088331,False,False,False
883,108597.9030973339,357157.3192442545,248559.4161469206,1.436909229916854,0.49377123442808607,122.98743272631245,819.1681634042534,-556.0613336620147,11834.457949789532,10512.283365031206,0.11834457949789531,10,8,0.8,88.3,18.286880543165363,0.2070994398999475,43,0.04595853011569365,9.176415477420766,96.22493686916044,1.4168569263335555,2012-01-13 14:00:00,2021-05-18 21:00:00,RBB_U,5,30,3.0,1,31,36,55,32,1,0,-1,750,5000,0,423,-11667.473873025185,236741.9636984233,248409.43757144845,0.9530312777683041,0.2127659574468085,-27.582680550886963,2630.4662633158146,-745.9742870013467,30475.04399784175,26119.145931479616,0.3047504399784175,5,1,0.2,84.6,30.447331574376104,0.3598975363401431,46,0.0,0.0,0.0,0.0,False,False,False
883,130813.5094058006,465647.41901912406,334833.9096133235,1.3906817847596977,0.5764439411098528,148.1466697687436,914.827935204566,-895.2778331907045,17183.801081600017,13971.210037706725,0.17183801081600017,10,8,0.8,88.3,18.286880543165363,0.2070994398999475,43,0.030509081348925486,7.612606127399393,115.99181479019316,1.4163537016825647,2012-01-13 14:00:00,2021-05-18 23:00:00,RBB_U,5,30,3.0,1,31,36,55,32,1,0,-1,4000,4000,0,417,-56431.13468849956,483575.38385910663,540006.5185476062,0.8954991601948141,0.49640287769784175,-135.32646208273275,2336.1129655029304,-2571.459612131458,103747.26586812467,101734.80374479291,1.0374726586812466,5,1,0.2,83.4,29.47269923166183,0.3533896790367126,46,0.0,0.0,0.0,0.0,False,False,False
807,106930.97557778815,366611.8775474342,259680.90196964596,1.4117783586191,0.5551425030978935,132.50430678784159,818.330083811237,-723.3451308346685,13754.30748368032,12886.191842252509,0.1375430748368032,10,6,0.6,80.7,16.22374802565671,0.20103776983465566,40,0.07186654011741658,7.7743627372489135,103.80272020669442,1.4159570392671408,2012-01-13 14:00:00,2021-05-12 17:00:00,RBB_U,5,30,3.0,1,31,35,55,32,1,0,-1,2250,0,12,386,6800.280124241413,386252.66249123274,379452.38236699125,1.0179213003798313,0.44041450777202074,17.617306021350814,2272.0744852425455,-1756.7239924397743,61668.15730587489,57844.23425102817,0.6166815730587489,5,3,0.6,77.2,27.592752671670873,0.35741907605791284,42,2.0415026843350876,0.11027214726900193,3500.4306124408495,0.08890955969821215,False,False,False
458,56719.75484833564,191525.97149552932,134806.21664719368,1.4207502907434826,0.574235807860262,123.84225949418261,728.2356330628492,-691.3139315240702,12072.805159589749,9241.771506513447,0.12072805159589749,10,8,0.8,45.8,14.627371602581238,0.3193749258205511,23,0.04391767923998873,4.698142154914315,97.48534312034947,1.412551264381405,2012-01-18 10:00:00,2021-05-19 09:00:00,RBB_U,5,50,2.0,1,17,36,78,31,-1,11,-1,1500,2500,24,229,-22736.719747726507,158004.16094552923,180740.88069325575,0.8742026725745897,0.43231441048034935,-99.28698579793235,1596.0016257124164,-1390.314466871198,26992.849916201616,25803.849916201616,0.26992849916201617,5,2,0.4,45.8,17.79213309302738,0.38847452168182056,22,0.0,0.0,0.0,0.0,False,False,False
457,62153.57886482633,198510.71001359023,136357.1311487639,1.4558146562721208,0.5645514223194749,136.0034548464471,769.4213566418226,-685.2117143153965,14566.664520269784,11735.630867193482,0.14566664520269784,10,9,0.9,45.7,14.588008774332431,0.31921244582784314,23,0.08030108790444059,4.2668367063948285,107.10510653362506,1.4122426677319848,2012-01-18 10:00:00,2021-05-19 09:00:00,RBB_U,5,50,2.0,1,17,36,78,31,-1,11,-1,1500,5000,24,229,-31619.367733021078,160260.06075568806,191879.42848870912,0.8352123102405339,0.39737991266375544,-138.075841628913,1761.0995687438249,-1390.4306412225299,38428.5360054892,36356.331744444025,0.384285360054892,5,1,0.2,45.8,17.79213309302738,0.38847452168182056,22,0.0,0.0,0.0,0.0,False,False,False
882,107952.44937327466,353824.2293423494,245871.7799690747,1.4390599416771326,0.4931972789115646,122.39506731663793,813.3890329709182,-550.0487247630307,11834.457949789532,11517.682013621223,0.11834457949789531,10,8,0.8,88.2,18.153787483607932,0.2058252549161897,43,0.05549665648886302,9.12187527568126,96.69064455983023,1.4100326759608734,2012-01-13 14:00:00,2021-05-18 21:00:00,RBB_U,5,30,3.0,1,31,36,55,32,1,0,-1,750,6000,24,423,-5575.493778156699,243053.59550925298,248629.08928740968,0.9775750544952866,0.21040189125295508,-13.180836354980375,2730.9392753848647,-744.3984709203883,32297.825911871732,28093.77802686685,0.3229782591187173,5,2,0.4,84.6,30.447331574376104,0.3598975363401431,46,0.0,0.0,0.0,0.0,False,False,False
886,99887.97379173312,364336.53943222115,264448.56564048794,1.3777217454358544,0.5304740406320542,112.7403767401051,775.1841264515343,-635.6936674050191,10049.421753023635,8071.316585218774,0.10049421753023635,10,8,0.8,88.6,18.320480343047777,0.20677743050843994,44,0.02493793702526939,9.939673768958814,89.13773435572313,1.409445840269491,2012-01-13 14:00:00,2021-05-18 22:00:00,RBB_U,5,30,3.0,1,31,36,55,32,1,0,-1,1000,2500,0,424,-32216.726802308636,254916.80392255122,287133.5307248598,0.8877987996700405,0.3089622641509434,-75.98284623186,1945.9298009355055,-979.9779205626614,36501.86429188529,35181.13302128172,0.36501864291885294,5,1,0.2,84.8,30.195363882556546,0.356077404275431,47,0.0,0.0,0.0,0.0,False,False,False
809,102442.25224320505,359823.9401941119,257381.6879509068,1.3980168638211161,0.5451174289245982,126.62824751941291,815.9273020274646,-699.4067607361598,12708.914297686504,11012.14259218907,0.12708914297686505,10,8,0.8,80.9,16.51938255504727,0.20419508720701196,40,0.029196937147566392,8.060661189748785,100.36397523181506,1.407718499502468,2012-01-13 14:00:00,2021-05-12 15:00:00,RBB_U,5,30,3.0,1,31,35,55,32,1,0,-1,1250,3000,24,394,-7316.930487912119,298690.6967860947,306007.6272740068,0.9760890584555256,0.3553299492385787,-18.57088956322873,2133.5049770435335,-1204.754438086641,39555.31803118541,37688.488930893036,0.3955531803118541,5,2,0.4,78.8,27.86682615584344,0.3536399258355767,44,0.0,0.0,0.0,0.0,False,False,False
457,61189.937896505864,221818.09077484102,160628.15287833515,1.3809415522747936,0.4485776805251641,133.89483128338264,1082.0394671943466,-637.4133050727586,14225.944560303891,12144.0,0.1422594456030389,10,9,0.9,45.7,14.588008774332431,0.31921244582784314,23,0.07339441997139942,4.301291744609381,106.24715251476206,1.406898295210628,2012-01-18 10:00:00,2021-05-19 05:00:00,RBB_U,5,50,2.0,1,17,36,78,31,-1,11,-1,750,4500,0,229,-32837.29066838894,116485.12743445617,149322.4181028451,0.7800913547638078,0.13537117903930132,-143.39428239471152,3757.584755950199,-754.153626782046,35351.423329158264,33816.74147327659,0.35351423329158266,5,1,0.2,45.8,17.79213309302738,0.38847452168182056,22,0.0,0.0,0.0,0.0,False,False,False
809,109226.01759669639,388650.21832319093,279424.20072649454,1.390896770260815,0.5574783683559951,135.01361878454435,861.752147058073,-780.5145271689792,14491.31924868875,12794.547543191315,0.1449131924868875,10,8,0.8,80.9,16.51938255504727,0.20419508720701196,40,0.03653891341837872,7.5373411987027845,107.33227787793834,1.405604253594185,2012-01-13 14:00:00,2021-05-12 15:00:00,RBB_U,5,30,3.0,1,31,35,55,32,1,0,-1,1750,4000,24,390,6662.397814365613,371712.2252302321,365049.82741586654,1.018250653236923,0.41025641025641024,17.083071318886187,2323.201407688951,-1587.1731626776807,54100.232779029524,51760.40367873715,0.5410023277902952,5,3,0.6,78.0,27.46634304016463,0.3521326030790337,43,0.5990335778801013,0.12314915245518332,3166.891466361732,0.09204619366908726,False,False,False
883,127902.74828851747,457923.131437696,330020.38314917847,1.387560147249153,0.5753114382785957,144.85022456230743,901.4234870820787,-880.0543550644759,16683.801081600017,10912.255824943037,0.16683801081600017,10,9,0.9,88.3,18.286880543165363,0.2070994398999475,43,0.03511261532761905,7.666283460402615,115.17967011796704,1.4054361440054048,2012-01-13 14:00:00,2021-05-18 23:00:00,RBB_U,5,30,3.0,1,31,36,55,32,1,0,-1,4000,4500,24,416,-76783.86458210362,467029.82763253176,543813.6922146354,0.8588048339323567,0.4807692307692308,-184.5765975531337,2335.149138162659,-2517.655982475164,117342.24477590405,116079.88548006763,1.1734224477590405,5,1,0.2,83.2,29.728101183896698,0.35730890846029684,45,0.0,0.0,0.0,0.0,False,False,False
883,124268.35685867778,454736.05162826524,330467.6947695875,1.3760378361501313,0.5764439411098528,140.73426597811755,893.3910641026822,-883.6034619507686,15802.199768175371,10595.028336319745,0.1580219976817537,10,9,0.9,88.3,18.286880543165363,0.2070994398999475,43,0.032115979488959535,7.8639910064259775,112.28395343769668,1.4030738336976145,2012-01-13 14:00:00,2021-05-18 23:00:00,RBB_U,5,30,3.0,1,31,36,55,32,1,0,-1,5000,4000,24,417,-61273.71341047078,490675.9330853495,551949.6464958203,0.8889867693557174,0.5059952038369304,-146.9393606965726,2325.478355854737,-2679.3672159991274,112652.85864251645,111482.93221866805,1.1265285864251646,5,2,0.4,83.4,29.47269923166183,0.3533896790367126,46,0.0,0.0,0.0,0.0,False,False,False
810,95914.14632772854,303720.34857531625,207806.20224758773,1.4615557441998435,0.4962962962962963,118.41252633052906,755.5232551624782,-509.32892707742093,11202.986367269317,9343.185543203668,0.11202986367269317,10,8,0.8,81.0,16.24807680927192,0.20059354085520892,41,0.06246211043290094,8.56148023244513,94.60980788466607,1.402071592511967,2012-01-13 14:00:00,2021-05-12 15:00:00,RBB_U,5,30,3.0,1,31,35,55,32,1,0,-1,750,6000,12,395,-3306.3470407484056,219664.05285160156,222970.39989234996,0.9851713633632774,0.2379746835443038,-8.370498837337736,2336.851626080868,-740.7654481473421,19982.241816561916,17972.67540344318,0.19982241816561916,5,3,0.6,79.0,28.376046236218322,0.3591904586863079,43,0.0,0.0,0.0,0.0,False,False,False
809,95714.84599641146,302762.0482439992,207047.2022475877,1.4622851454034882,0.4969097651421508,118.31254140471133,753.1394234925353,-508.7154846378076,11202.986367269325,9343.185543203675,0.11202986367269324,10,8,0.8,80.9,16.10869330516911,0.19911858226414225,41,0.08028805945572667,8.54369030351159,94.68976183131174,1.4008877141798959,2012-01-13 14:00:00,2021-05-12 15:00:00,RBB_U,5,30,3.0,1,31,35,55,32,1,0,-1,750,0,12,394,8811.960107464387,231782.3599998143,222970.39989234996,1.0395207620012286,0.23604060913705585,22.365380983412148,2492.2834408582185,-740.7654481473421,21878.198247252083,19382.509353523317,0.21878198247252084,5,3,0.6,78.8,28.116898833263956,0.3568134369703548,43,1.5754485901620947,0.4027735743079838,978.2171054219287,0.18950033012481238,False,False,False
883,107318.7479157331,355878.16406265367,248559.4161469206,1.4317629546261013,0.49377123442808607,121.53878586153239,816.2343212446185,-556.0613336620147,11834.457949789532,10512.283365031206,0.11834457949789531,10,8,0.8,88.3,18.286880543165363,0.2070994398999475,43,0.041847301494109326,9.068328128846973,97.37186253672454,1.4001680232588605,2012-01-13 14:00:00,2021-05-18 21:00:00,RBB_U,5,30,3.0,1,31,36,55,32,1,0,-1,750,4500,0,423,-21525.787352596046,226883.65021885245,248409.43757144845,0.9133455332331942,0.2127659574468085,-50.88838617634999,2520.929446876138,-745.9742870013467,33535.7959969655,29381.633643735884,0.335357959969655,5,1,0.2,84.6,30.447331574376104,0.3598975363401431,46,0.0,0.0,0.0,0.0,False,False,False
809,109322.16551411529,421359.9468657904,312037.7813516751,1.350349130930739,0.5723114956736712,135.13246664291137,910.0646800557029,-901.8432987042634,14662.205837665177,13444.841095911732,0.14662205837665176,10,8,0.8,80.9,16.51938255504727,0.20419508720701196,40,0.036506777753910265,7.4560517513184665,108.50246577982014,1.3986192299300932,2012-01-13 14:00:00,2021-05-12 17:00:00,RBB_U,5,30,3.0,1,31,35,55,32,1,0,-1,3000,4000,0,389,-2523.848645527156,445087.10408377624,447610.9527293034,0.9943615127598241,0.4884318766066838,-6.488042790558241,2342.5637057040854,-2249.3012699964993,65895.71144271722,62176.808157019695,0.6589571144271722,5,3,0.6,77.8,27.389048906451645,0.35204433041711625,43,0.0,0.0,0.0,0.0,False,False,False
458,62900.998676404386,240388.9885038455,177487.9898274411,1.3543958029924084,0.6091703056768559,137.3384250576515,861.6092777915609,-991.5530157957604,15147.172826748229,13910.86902616834,0.1514717282674823,10,8,0.8,45.8,14.627371602581238,0.3193749258205511,23,0.023703916175806417,4.152656036599001,110.29085866093043,1.3985104614126358,2012-01-18 10:00:00,2021-05-19 09:30:00,RBB_U,5,50,2.0,1,17,36,78,31,-1,11,-1,2000,1500,0,229,-2837.788650659946,187507.24904797028,190345.03769863024,0.9850913441980401,0.5676855895196506,-12.39209017755435,1442.363454215156,-1922.6771484710125,20454.18140840158,19251.964806138363,0.20454181408401578,5,2,0.4,45.8,17.79213309302738,0.38847452168182056,22,0.0,0.0,0.0,0.0,False,False,False
458,59522.64525669409,209895.0753350258,150372.43007833167,1.3958348297336667,0.5480349344978166,129.96210754736703,836.2353599005012,-726.4368602817955,13578.418819672384,12857.433617407984,0.13578418819672383,10,8,0.8,45.8,14.627371602581238,0.3193749258205511,23,0.025049289956284623,4.383621248333997,104.4798293589036,1.3977567313778763,2012-01-18 10:00:00,2021-05-19 05:00:00,RBB_U,5,50,2.0,1,17,36,78,31,-1,11,-1,1000,1500,0,229,-39557.164829513764,112351.25327333134,151908.4181028451,0.739598599448697,0.33624454148471616,-172.73871104591163,1459.1071853679396,-999.3974875187179,40356.94184449462,39146.19893607024,0.4035694184449462,5,0,0.0,45.8,17.79213309302738,0.38847452168182056,22,0.0,0.0,0.0,0.0,False,False,False
809,105627.28056772468,411316.42681307177,305689.1462453471,1.3455382105158156,0.5797280593325093,130.56524174007995,877.0073066376797,-899.0857242510209,13724.705535013534,13147.981899477461,0.13724705535013534,10,9,0.9,80.9,16.51938255504727,0.20419508720701196,40,0.02831654837579834,7.696141844227955,105.11760520717839,1.3967397933900128,2012-01-13 14:00:00,2021-05-12 18:30:00,RBB_U,5,30,3.0,1,31,35,55,32,1,0,-1,4000,3000,0,392,-47390.02417683515,427743.2467411116,475133.2709179467,0.9002595122726753,0.5229591836734694,-120.892918818457,2086.552423127374,-2540.819630577255,90817.31745216108,89223.34593605966,0.9081731745216107,5,2,0.4,78.4,27.85390457368589,0.3552793950725241,43,0.0,0.0,0.0,0.0,False,False,False
883,118077.89010193784,443507.9374201462,325430.0473182084,1.3628364715397046,0.5639864099660249,133.72354484930673,890.578187590655,-845.2728501771646,14495.537413337704,12798.76570784027,0.14495537413337706,10,8,0.8,88.3,18.286880543165363,0.2070994398999475,43,0.03803421619511387,8.145809757511401,108.39929071333509,1.3919709349271359,2012-01-13 14:00:00,2021-05-18 23:00:00,RBB_U,5,30,3.0,1,31,36,55,32,1,0,-1,2250,4500,24,416,-13184.107524805535,423630.23886626255,436814.34639106813,0.9698175949720246,0.4375,-31.69256616539792,2327.638675089355,-1866.7279760302056,63760.212510639416,60954.11736426827,0.6376021251063941,5,4,0.8,83.2,29.728101183896698,0.35730890846029684,45,0.0,0.0,0.0,0.0,False,False,False
883,111977.93808801203,396215.39489377657,284237.4568057646,1.393959119063371,0.5436013590033975,126.81533192300343,825.4487393620345,-705.3038630415995,13046.397102753697,11349.625397256263,0.13046397102753698,10,8,0.8,88.3,18.286880543165363,0.2070994398999475,43,0.02671061863676347,8.583054555680885,102.87712774883468,1.3914445787638285,2012-01-13 14:00:00,2021-05-18 22:00:00,RBB_U,5,30,3.0,1,31,36,55,32,1,0,-1,1250,3000,0,422,-16121.028445309064,317131.60965719103,333252.6381025001,0.9516252038180395,0.3459715639810427,-38.20148920689352,2172.1343127204864,-1207.4370945742758,42908.0334420951,41440.87613948213,0.42908033442095095,5,1,0.2,84.4,29.950626036862733,0.3548652374035869,47,0.0,0.0,0.0,0.0,False,False,False
811,100816.70747582908,337441.02267072827,236624.31519489922,1.4260623317294752,0.5339087546239211,124.3115998468916,779.309521179511,-625.9902518383577,12576.735746305683,11848.533125877442,0.12576735746305684,10,8,0.8,81.1,16.391766225761028,0.20211795592800283,41,0.03958669252273336,8.016126720754485,101.1710553302815,1.3892075493667413,2012-01-13 14:00:00,2021-05-12 15:00:00,RBB_U,5,30,3.0,1,31,35,55,32,1,0,-1,1250,4000,12,393,-5165.741550115883,296853.21984447114,302018.96139458695,0.9828959694243607,0.3511450381679389,-13.144380534646013,2151.1102887280517,-1184.388083900341,37451.87702986808,35511.71972725511,0.3745187702986808,5,2,0.4,78.6,27.7459907013608,0.3530024262259644,44,0.0,0.0,0.0,0.0,False,False,False
883,120352.56651698468,453864.6861271567,333512.1196101721,1.3608641468791585,0.5696489241223103,136.29962232954097,902.3154793780452,-877.6634726583477,15208.711155256984,11781.329864544867,0.15208711155256985,10,8,0.8,88.3,18.286880543165363,0.2070994398999475,43,0.0373153654298366,7.91339682162246,111.58292954389732,1.385121573471591,2012-01-13 14:00:00,2021-05-18 23:00:00,RBB_U,5,30,3.0,1,31,36,55,32,1,0,-1,3000,4500,24,416,-33481.741299648515,458080.277745097,491562.0190447455,0.9318870457796685,0.46875,-80.484955047232,2349.129629462036,-2224.262529614233,79784.62877707001,77647.53363069888,0.7978462877707001,5,3,0.6,83.2,29.728101183896698,0.35730890846029684,45,0.0,0.0,0.0,0.0,False,False,False
883,120689.06695426477,412060.3552049763,291371.28825071146,1.4142105685115325,0.5549263873159683,136.6807100274799,840.939500418319,-741.4027690857798,15323.91497924026,13627.143273742826,0.1532391497924026,10,6,0.6,88.3,18.275940468276865,0.2069755432420936,43,0.06206858822463779,7.875863780095729,112.11468667494748,1.383763294237962,2012-01-13 14:00:00,2021-05-18 23:00:00,RBB_U,5,30,3.0,1,31,36,55,32,1,0,-1,2500,7500,12,416,-10244.364700858445,418765.56449092913,429009.9291917876,0.9761209146833552,0.4519230769230769,-24.625876684755877,2227.476406866644,-1881.6224964552089,64918.38147198996,62270.56977001659,0.6491838147198996,5,4,0.8,83.2,29.728101183896698,0.35730890846029684,45,0.0,0.0,0.0,0.0,False,False,False
457,78288.57091928698,315090.64361591556,236802.0726966286,1.3306076252955092,0.5733041575492341,171.30978319318814,1202.6360443355557,-1214.3696035724545,24135.844678444635,21997.20343939357,0.24135844678444635,10,7,0.7,45.7,14.588008774332431,0.31921244582784314,23,0.057364695092340844,3.2436640176594005,140.89005442979487,1.381943734644888,2012-01-18 10:00:00,2021-05-19 10:30:00,RBB_U,5,50,2.0,1,17,36,78,31,-1,11,-1,3000,4500,0,229,-14047.109887824314,303836.9327834886,317884.0426713129,0.9558105849863348,0.45414847161572053,-61.34109121320661,2921.5089690720056,-2543.0723413705036,60168.99442044326,58820.45877501962,0.6016899442044326,5,2,0.4,45.8,17.79213309302738,0.38847452168182056,22,0.0,0.0,0.0,0.0,False,False,False
811,100225.6221429598,338108.937337859,237883.31519489922,1.421322622231174,0.5326757090012331,123.58276466456202,782.6595771709699,-627.6604622556707,12576.735746305683,11848.533125877442,0.12576735746305684,10,8,0.8,81.1,16.391766225761028,0.20211795592800283,41,0.044808901196882855,7.969128410160027,101.76771639995626,1.3810626671611919,2012-01-13 14:00:00,2021-05-12 15:00:00,RBB_U,5,30,3.0,1,31,35,55,32,1,0,-1,1250,4500,12,392,-23355.585458014946,282804.7358797612,306160.32133777614,0.923714525265841,0.3392857142857143,-59.58057514799731,2126.3513975921896,-1182.0861827713366,38836.86246968799,37309.72646731131,0.38836862469687994,5,2,0.4,78.4,27.997142711355384,0.35710641213463495,43,0.0,0.0,0.0,0.0,False,False,False
457,58560.37093704304,194909.8711502355,136349.50021319246,1.4294872430443795,0.5711159737417943,128.1408554421073,746.7811155181437,-695.6607153734309,13540.343784351106,10467.630867193482,0.13540343784351105,10,9,0.9,45.7,14.588008774332431,0.31921244582784314,23,0.05107549614423649,4.324880658105789,105.66765562501253,1.3801052894467805,2012-01-18 10:00:00,2021-05-19 09:00:00,RBB_U,5,50,2.0,1,17,36,78,31,-1,11,-1,1750,3000,24,229,-1667.0913404180974,183830.15594964166,185497.24729005975,0.991012851323819,0.4759825327510917,-7.279874848987324,1686.5151921985473,-1545.8103940838312,21471.48513088173,18683.83736132263,0.21471485130881732,5,2,0.4,45.8,17.79213309302738,0.38847452168182056,22,0.0,0.0,0.0,0.0,False,False,False
457,78952.072649209,321096.3217755262,242144.2491263172,1.3260538828986304,0.5864332603938731,172.76164693481184,1198.120603640023,-1281.1865033138477,24619.050137179052,20036.0,0.24619050137179052,10,7,0.7,45.7,14.588008774332431,0.31921244582784314,23,0.05688261054214381,3.206950398544322,142.50298358447904,1.3799111889190274,2012-01-18 10:00:00,2021-05-19 23:00:00,RBB_U,5,50,2.0,1,17,36,78,31,-1,11,-1,5000,4500,0,229,39156.83807509204,358498.51303734793,319341.67496225593,1.1226173755107913,0.5327510917030568,170.9905592798779,2938.5124019454747,-2984.5016351612703,40918.62077335399,36668.954137612236,0.4091862077335399,5,4,0.8,45.8,17.79213309302738,0.38847452168182056,22,0.11469261106802081,0.9569442306469622,239.30339163566487,1.0593783334509566,True,False,False
809,101105.08936718029,410949.2079560355,309844.1185888552,1.3263095321210236,0.5723114956736712,124.97538858736748,887.5792828424093,-895.5032329157665,12928.645863240177,11489.841095911732,0.12928645863240176,10,8,0.8,80.9,16.51938255504727,0.20419508720701196,40,0.03947377946035937,7.820238131407935,103.44953521950485,1.3774867274590288,2012-01-13 14:00:00,2021-05-12 17:00:00,RBB_U,5,30,3.0,1,31,35,55,32,1,0,-1,3000,4000,24,389,-4968.464769412545,438303.887829892,443272.3525993045,0.9887913948607939,0.48586118251928023,-12.772403006201916,2319.068189576148,-2216.3617629965224,65895.71144271722,62424.80782459307,0.6589571144271722,5,3,0.6,77.8,27.389048906451645,0.35204433041711625,43,0.0,0.0,0.0,0.0,False,False,False
883,124859.82591180214,445350.8692512192,320491.0433394171,1.3895891273927705,0.5617214043035108,141.4041063553818,897.8848170387485,-828.1422308512069,16563.404651699315,14866.632946201884,0.16563404651699315,10,8,0.8,88.3,18.286880543165363,0.2070994398999475,43,0.035968334628083895,7.538294724870602,117.135245068991,1.376976924812964,2012-01-13 14:00:00,2021-05-18 23:00:00,RBB_U,5,30,3.0,1,31,36,55,32,1,0,-1,2000,4500,0,416,-1452.7988625804064,416260.5587417831,417713.35760436347,0.9965220196191179,0.42788461538461536,-3.492304958125977,2338.542464841478,-1755.0981411948044,73434.72003177901,71507.91223172293,0.7343472003177901,5,3,0.6,83.2,29.728101183896698,0.35730890846029684,45,0.0,0.0,0.0,0.0,False,False,False
812,86769.95640605991,311580.49368604965,224810.53727998972,1.3859692586295123,0.5012315270935961,106.85955222421171,765.5540385406625,-555.087746370345,9476.371705621947,7990.587322685064,0.09476371705621947,10,8,0.8,81.2,16.575886099994776,0.2041365283250588,41,0.028708093252263426,9.156453450911261,88.68062338253779,1.375725392378331,2012-01-13 14:00:00,2021-05-12 15:00:00,RBB_U,5,30,3.0,1,31,35,55,32,1,0,-1,750,2500,0,396,-21296.136649504755,198617.85321956588,219913.98986907065,0.9031615193640761,0.255050505050505,-53.77812285228473,1966.5133982135235,-745.4711520985446,25958.733143246216,24927.05616591384,0.25958733143246215,5,1,0.2,79.2,28.12401109372559,0.35510115017330285,44,0.0,0.0,0.0,0.0,False,False,False
883,105382.75048562384,351254.5304546986,245871.7799690747,1.4286085637761223,0.49377123442808607,119.34626329062722,805.6296570061894,-550.0487247630307,11834.457949789532,11517.682013621223,0.11834457949789531,10,8,0.8,88.3,18.286880543165363,0.2070994398999475,43,0.037871473097909385,8.904738259473726,99.16069111414687,1.3749094198238039,2012-01-13 14:00:00,2021-05-18 21:00:00,RBB_U,5,30,3.0,1,31,36,55,32,1,0,-1,750,4000,24,424,-5146.330688089671,238928.75859932002,244075.08928740968,0.9789149695566448,0.22641509433962265,-12.137572377569978,2488.8412354095835,-744.131369778688,24707.44771292671,22717.93243634329,0.2470744771292671,5,1,0.2,84.8,30.195363882556546,0.356077404275431,47,0.0,0.0,0.0,0.0,False,False,False
883,124947.94521612985,406962.27271130576,282014.3274951759,1.443055309728075,0.551528878822197,141.50390171702136,835.651484006788,-712.1573926645856,16649.302978301283,14952.531272803848,0.16649302978301284,10,5,0.5,88.3,18.275940468276865,0.2069755432420936,43,0.05995296670979562,7.504695264358641,117.65967423001845,1.3743895159586277,2012-01-13 14:00:00,2021-05-18 23:00:00,RBB_U,5,30,3.0,1,31,36,55,32,1,0,-1,2000,7500,12,416,-19741.829680890754,386428.6703522519,406170.50003314274,0.95139521536084,0.41586538461538464,-47.456321348295084,2233.6917361401843,-1671.4835392310401,84189.32839109241,82322.98271436807,0.8418932839109241,5,3,0.6,83.2,29.728101183896698,0.35730890846029684,45,0.0,0.0,0.0,0.0,False,False,False
809,87273.39851976794,283194.19145593455,195920.7929361666,1.4454524566374263,0.43510506798516685,107.87811930750055,804.528952999814,-428.71070664369057,9680.913117094708,9272.594811130322,0.09680913117094707,10,8,0.8,80.9,16.51938255504727,0.20419508720701196,40,0.06864634701538526,9.014996567385696,89.73935751975621,1.3740883334810328,2012-01-13 14:00:00,2021-05-12 15:00:00,RBB_U,5,30,3.0,1,31,35,55,32,1,0,-1,500,6000,0,395,5186.0189370941225,173058.75223912427,167872.7333020302,1.0308925626877332,0.1569620253164557,13.12916186606107,2791.27019740523,-504.12232222831886,29983.54940540284,29062.967795603174,0.2998354940540284,5,2,0.4,79.0,28.376046236218322,0.3591904586863079,43,1.1552213890211769,0.1729621422392252,2283.736746586271,0.09502435454239182,False,False,False
457,82706.23497993697,324850.4841062542,242144.2491263172,1.3415577090034145,0.5864332603938731,180.97644415741132,1212.1286720382618,-1281.1865033138477,27259.97174131695,20347.554979686887,0.2725997174131695,10,7,0.7,45.7,14.588008774332431,0.31921244582784314,23,0.07243710225055351,3.0339809507059075,150.62718172098974,1.3737218220913743,2012-01-18 10:00:00,2021-05-19 23:00:00,RBB_U,5,50,2.0,1,17,36,78,31,-1,11,-1,5000,6000,0,229,44229.74057005,375862.66414456244,331632.92357451253,1.1333695704676083,0.5109170305676856,193.14297192161573,3212.501402944978,-2961.0082462010046,40002.70343052708,37521.75472637805,0.4000270343052708,5,4,0.8,45.8,17.79213309302738,0.38847452168182056,22,0.1354518458120187,1.1056687867824744,207.11446568587334,1.210246082223917,True,False,False
883,120171.27756933075,427320.3551918905,307149.07762255974,1.391247398492934,0.5549263873159683,136.09431208304727,872.0823575344704,-781.5498158334854,15428.802053755942,13732.030348258508,0.1542880205375594,10,8,0.8,88.3,18.286880543165363,0.2070994398999475,43,0.03737165894245399,7.78876267584732,113.36845616546415,1.373135256108768,2012-01-13 14:00:00,2021-05-18 23:00:00,RBB_U,5,30,3.0,1,31,36,55,32,1,0,-1,1750,4500,24,417,-6861.5380713285485,390596.7052179346,397458.2432892632,0.982736455496446,0.3980815347721823,-16.454527748989324,2352.99220010804,-1583.4989772480606,63192.446401116,61030.98427778424,0.63192446401116,5,3,0.6,83.4,29.816773802676913,0.35751527341339223,45,0.0,0.0,0.0,0.0,False,False,False
883,128631.94067772466,455604.9517448897,326973.01106716506,1.393402318613085,0.5662514156285391,145.6760370076157,911.2099034897794,-853.7154335957313,17718.562984485878,16021.791278988443,0.17718562984485878,10,8,0.8,88.3,18.286880543165363,0.2070994398999475,43,0.034913567939177576,7.259727597003942,121.62990803737736,1.371555281882519,2012-01-13 14:00:00,2021-05-18 23:00:00,RBB_U,5,30,3.0,1,31,36,55,32,1,0,-1,2250,4500,0,416,-10569.708858318358,428592.2794683921,439161.9883267105,0.9759320953559961,0.43990384615384615,-25.407953986342207,2342.0343140349296,-1884.8154005438219,63760.212510639416,60954.11736426827,0.6376021251063941,5,4,0.8,83.2,29.728101183896698,0.35730890846029684,45,0.0,0.0,0.0,0.0,False,False,False
883,127193.26422139339,402308.7729767205,275115.5087553271,1.4623267688427999,0.5469988674971688,144.04673184755762,832.937418171264,-687.7887718883177,17334.25969993598,15637.487994438547,0.1733425969993598,10,7,0.7,88.3,18.275940468276865,0.2069755432420936,43,0.05889462815390223,7.337680779171847,120.33775065636722,1.3711665404962405,2012-01-13 14:00:00,2021-05-18 23:00:00,RBB_U,5,30,3.0,1,31,36,55,32,1,0,-1,1750,7500,12,417,-16311.048756425342,372229.2773429464,388540.32609937177,0.9580196760522259,0.3932853717026379,-39.115224835552375,2269.6907155057706,-1535.732514226766,72372.40043715372,70506.0547604294,0.7237240043715372,5,2,0.4,83.4,29.816773802676913,0.35751527341339223,45,0.0,0.0,0.0,0.0,False,False,False
883,114336.40932611324,433253.8549264757,318917.44560036244,1.3585141261584948,0.5594563986409966,129.48630727759144,877.0320949928657,-819.8391917747107,14015.63322996164,12143.60737505371,0.1401563322996164,10,8,0.8,88.3,18.286880543165363,0.2070994398999475,43,0.03927882663509796,8.157776923107038,108.24027284919839,1.3707458214673434,2012-01-13 14:00:00,2021-05-18 23:00:00,RBB_U,5,30,3.0,1,31,36,55,32,1,0,-1,2000,4500,24,416,-4567.197529067584,411298.5181396536,415865.7156687212,0.9890176146842896,0.4254807692307692,-10.978840214104768,2323.7204414669695,-1740.0239149318877,73434.72003177901,71507.91223172293,0.7343472003177901,5,3,0.6,83.2,29.728101183896698,0.35730890846029684,45,0.0,0.0,0.0,0.0,False,False,False
809,107372.09136149482,380257.9254437472,272885.83408225235,1.3934689087933054,0.553770086526576,132.72199179418396,848.7900121512214,-755.916437900976,14756.285815405794,13059.514109908363,0.14756285815405795,10,8,0.8,80.9,16.51938255504727,0.20419508720701196,40,0.027856400691032974,7.2763629482831425,111.1819195592605,1.3692848666662423,2012-01-13 14:00:00,2021-05-12 15:00:00,RBB_U,5,30,3.0,1,31,35,55,32,1,0,-1,1500,3000,0,392,-11406.854899654907,329504.0552327455,340910.91013240034,0.9665400708495226,0.3903061224489796,-29.099119641976802,2153.6212760310164,-1426.4054817255244,43346.47512938587,41682.01300605411,0.4334647512938587,5,3,0.6,78.4,27.85390457368589,0.3552793950725241,43,0.0,0.0,0.0,0.0,False,False,False
457,58785.93103294566,190950.63926841607,132164.7082354704,1.444792954320378,0.3785557986870897,128.63442239156598,1103.7609206266825,-465.3686909699662,13874.412938011323,11919.0782313409,0.13874412938011324,10,8,0.8,45.7,14.588008774332431,0.31921244582784314,23,0.10191213943081785,4.237003129111976,107.85925477845508,1.3686403501369242,2012-01-18 10:00:00,2021-05-19 04:30:00,RBB_U,5,50,2.0,1,17,36,78,31,-1,11,-1,500,6000,0,229,-7358.980149230934,97351.9857442126,104710.96589344353,0.9297210174078653,0.10043668122270742,-32.135284494458226,4232.695032357069,-508.30565967691035,24499.538997565673,21248.538997565673,0.24499538997565673,5,2,0.4,45.8,17.79213309302738,0.38847452168182056,22,0.0,0.0,0.0,0.0,False,False,False
457,75380.44734765973,296840.68007234286,221460.23272468316,1.3403791571075057,0.5864332603938731,164.94627428371933,1107.6144778818764,-1171.7472630935617,22834.326136595417,20695.68489754435,0.22834326136595418,10,7,0.7,45.7,14.588008774332431,0.31921244582784314,23,0.03967872446027423,3.3011899233081072,138.43493122687178,1.3680055443530075,2012-01-18 10:00:00,2021-05-19 10:30:00,RBB_U,5,50,2.0,1,17,36,78,31,-1,11,-1,3000,3000,0,229,-13846.568160607218,273159.7498525663,287006.3180131735,0.9517551799679487,0.5109170305676856,-60.46536314675641,2334.6987166886006,-2562.5564108319063,54418.49652533128,53069.96087990764,0.5441849652533127,5,3,0.6,45.8,17.79213309302738,0.38847452168182056,22,0.0,0.0,0.0,0.0,False,False,False
812,93879.42245452468,355305.51547866914,261426.09302414447,1.359105020346436,0.5480295566502463,115.6150522838974,798.4393606262228,-712.3326785399032,11254.933540083483,10716.740615820461,0.11254933540083482,10,8,0.8,81.2,16.575886099994776,0.2041365283250588,41,0.026534036265579326,8.341179636483961,97.34834104859064,1.365785065368248,2012-01-13 14:00:00,2021-05-12 15:00:00,RBB_U,5,30,3.0,1,31,35,55,32,1,0,-1,1250,2500,0,394,-14758.04700293125,284734.9285551143,299492.97555804555,0.9507232282312046,0.37055837563451777,-37.45697208865799,1950.2392366788652,-1207.6329659598612,37215.34775263177,35550.88562930001,0.3721534775263177,5,3,0.6,78.8,27.86682615584344,0.3536399258355767,44,0.0,0.0,0.0,0.0,False,False,False
885,108611.3219190063,367837.26972812624,259225.94780911997,1.418983218450731,0.5333333333333333,122.72465753560033,779.3162494239963,-627.665733193995,12689.218551372876,11274.802077286866,0.12689218551372877,10,7,0.7,88.5,18.161773041198373,0.20521777447681777,44,0.04595285198463832,8.559338896976865,103.39583589949682,1.365380943394118,2012-01-13 14:00:00,2021-05-18 22:00:00,RBB_U,5,30,3.0,1,31,36,55,32,1,0,-1,1250,5000,12,420,-21231.966458925344,309965.01742330537,331196.9838822307,0.9358932372811851,0.3333333333333333,-50.55230109267939,2214.0358387378956,-1182.8463710079668,43862.55995584887,41935.75215579278,0.4386255995584887,5,2,0.4,84.0,30.086541841826886,0.35817311716460576,46,0.0,0.0,0.0,0.0,False,False,False
883,126744.4103601412,434457.0857217555,307712.6753616143,1.4118920685057745,0.5571913929784824,143.53840357886887,883.0428571580396,-786.9889395437707,17391.827624904116,15695.055919406681,0.17391827624904116,10,8,0.8,88.3,18.286880543165363,0.2070994398999475,43,0.03148856812430362,7.287584323722848,121.16497878804937,1.3640646289480551,2012-01-13 14:00:00,2021-05-18 23:00:00,RBB_U,5,30,3.0,1,31,36,55,32,1,0,-1,1750,4000,0,418,10363.646090295631,403823.171372012,393459.5252817164,1.0263398022525323,0.41148325358851673,24.793411699271847,2347.8091358837905,-1599.4289645598226,57527.35315688286,55187.52405659049,0.5752735315688287,5,3,0.6,83.6,29.560784833965418,0.353597904712505,46,0.3850961298009891,0.1801516239072034,2320.267733003134,0.12955033570740293,False,False,False
457,77246.5761587293,314048.6488553579,236802.0726966286,1.3262073480990653,0.5733041575492341,169.02970713069868,1198.6589650967858,-1214.3696035724545,24135.844678444635,21997.20343939357,0.24135844678444635,10,7,0.7,45.7,14.588008774332431,0.31921244582784314,23,0.06461127791274913,3.2004919317249776,142.79054899966252,1.363550524576332,2012-01-18 10:00:00,2021-05-19 10:30:00,RBB_U,5,50,2.0,1,17,36,78,31,-1,11,-1,3000,5000,0,229,-5503.410021684154,312542.7948921162,318046.20491380035,0.9826961933937375,0.4497816593886463,-24.03235817329325,3034.3960669137496,-2524.176229474606,57555.81750002747,56207.28185460383,0.5755581750002747,5,3,0.6,45.8,17.79213309302738,0.38847452168182056,22,0.0,0.0,0.0,0.0,False,False,False
883,98389.02435245091,345430.4404993715,247041.4161469206,1.3982693504879236,0.4960362400906002,111.42584864377227,788.6539737428573,-555.1492497683608,10494.371705621954,9789.824983361956,0.10494371705621953,10,8,0.8,88.3,18.286880543165363,0.2070994398999475,43,0.03039973228401561,9.375408753602924,94.18256027084338,1.3631610742876428,2012-01-13 14:00:00,2021-05-18 21:00:00,RBB_U,5,30,3.0,1,31,36,55,32,1,0,-1,750,3000,0,424,-11887.205102247659,227760.784766823,239647.98986907065,0.9503972259114625,0.2429245283018868,-28.035861090206744,2211.269755017699,-746.5669466326189,24562.930301449713,22861.23850615385,0.24562930301449712,5,2,0.4,84.8,30.195363882556546,0.356077404275431,47,0.0,0.0,0.0,0.0,False,False,False
883,122594.60412452398,460043.9737085849,337449.369584061,1.363297771975789,0.5707814269535674,138.83873626786408,912.7856621202081,-890.3677297732479,16318.91497924026,14622.143273742826,0.1631891497924026,10,8,0.8,88.3,18.286880543165363,0.2070994398999475,43,0.032554450732156126,7.5124237291805205,117.53863091749757,1.3620857803641004,2012-01-13 14:00:00,2021-05-18 23:00:00,RBB_U,5,30,3.0,1,31,36,55,32,1,0,-1,3000,4000,0,417,-15939.425259883363,470864.8339716718,486804.2592315552,0.9672570135580889,0.48201438848920863,-38.22404139060758,2342.6111142869245,-2253.7234223683113,74322.83182057056,70603.92853487303,0.7432283182057056,5,3,0.6,83.4,29.47269923166183,0.3533896790367126,46,0.0,0.0,0.0,0.0,False,False,False
886,96463.20219067205,360037.9201169044,263574.71792623244,1.3659804815485737,0.5293453724604966,108.87494603913323,767.671471464615,-632.0736640916845,10049.421753023642,7806.316585218774,0.10049421753023642,10,8,0.8,88.6,18.320480343047777,0.20677743050843994,44,0.025823318565313797,9.59888086711541,92.3024269459711,1.361121403365274,2012-01-13 14:00:00,2021-05-18 22:00:00,RBB_U,5,30,3.0,1,31,36,55,32,1,0,-1,1000,2500,24,424,-31527.37851826985,254816.80392255122,286344.1824408211,0.8898969126960152,0.3089622641509434,-74.35702480724021,1945.1664421568796,-977.2838991154304,35812.516007846505,34491.78473724293,0.35812516007846507,5,1,0.2,84.8,30.195363882556546,0.356077404275431,47,0.0,0.0,0.0,0.0,False,False,False
457,77910.0778886513,320054.3270149685,242144.2491263172,1.321750684436072,0.5864332603938731,170.48157087232232,1194.2325634886884,-1281.1865033138477,24679.050137179052,20036.0,0.2467905013717905,10,7,0.7,45.7,14.588008774332431,0.31921244582784314,23,0.06406103209308958,3.1569317885245334,144.7608091062334,1.3600430807011283,2012-01-18 10:00:00,2021-05-19 23:00:00,RBB_U,5,50,2.0,1,17,36,78,31,-1,11,-1,5000,5000,0,229,51200.5379412322,370704.3751459755,319503.83720474335,1.1602501503242417,0.5283842794759825,223.58313511455108,3063.672521867566,-2958.3688630068827,41002.70343052708,38521.75472637805,0.41002703430527077,5,4,0.8,45.8,17.79213309302738,0.38847452168182056,22,0.09747944456616164,1.248711271635633,183.38907095796677,1.3837965470363247,True,False,False
809,101623.53890401567,402173.900933852,300550.3620298364,1.3381248261278993,0.5797280593325093,125.61624091967327,857.5136480465927,-883.9716530289306,13403.735789583203,11192.981899477461,0.13403735789583202,10,9,0.9,80.9,16.51938255504727,0.20419508720701196,40,0.029432157473132537,7.581732473643135,106.70384411641783,1.3597914641751105,2012-01-13 14:00:00,2021-05-12 18:30:00,RBB_U,5,30,3.0,1,31,35,55,32,1,0,-1,4000,3000,24,392,-41919.64030072054,425182.59498846694,467102.2352891875,0.9102559629697174,0.5229591836734694,-106.93785791000137,2074.0614389681314,-2497.87291598496,89272.66239927916,87798.56339345788,0.8927266239927916,5,2,0.4,78.4,27.85390457368589,0.3552793950725241,43,0.0,0.0,0.0,0.0,False,False,False
883,120468.27820718088,447284.68806980073,326816.4098626198,1.3686114728994814,0.5673839184597962,136.4306661462977,892.7838085225563,-855.5403399545022,15852.474654777776,10281.329864544867,0.15852474654777776,10,8,0.8,88.3,18.286880543165363,0.2070994398999475,43,0.033129053219606026,7.599335802809371,116.19436525933844,1.358009827726218,2012-01-13 14:00:00,2021-05-18 23:00:00,RBB_U,5,30,3.0,1,31,36,55,32,1,0,-1,2500,4000,24,417,4341.741089114905,449129.60235863866,444787.86126952374,1.009761374954619,0.4676258992805755,10.411849134568117,2303.228730044301,-2003.5489246374943,56966.10410379179,53247.200818094265,0.5696610410379179,5,3,0.6,83.4,29.47269923166183,0.3533896790367126,46,0.9192164889808282,0.07621621940661918,5471.276366717615,0.0546712563379959,False,False,False
809,106828.11808539476,381652.7164314153,274824.5983460205,1.388713815023544,0.5587144622991347,132.04958972236682,844.3644168836621,-769.8168020896933,14867.90589341479,13013.780849283452,0.1486790589341479,10,6,0.6,80.9,16.495150802584376,0.20389555998250156,40,0.07012198786476749,7.185148927577654,112.59335166943299,1.357224220810087,2012-01-13 14:00:00,2021-05-12 18:30:00,RBB_U,5,30,3.0,1,31,35,55,32,1,0,-1,4000,7500,12,388,-30709.99319146434,417532.7494032376,448242.74259470194,0.9314880303165731,0.4793814432989691,-79.14946698831015,2244.799727974396,-2219.0234781915938,85512.05550381917,83391.24380184579,0.8551205550381916,5,2,0.4,77.6,27.644891028904418,0.35624859573330436,42,0.0,0.0,0.0,0.0,False,False,False
457,71097.32881897423,318356.9462270955,247259.61740812124,1.287541206947767,0.5776805251641138,155.57402367390424,1205.897523587483,-1281.1379140317163,20642.396729834487,16059.346592655435,0.20642396729834486,10,7,0.7,45.7,14.588008774332431,0.31921244582784314,23,0.06316693010274468,3.444238077074507,132.68536894759902,1.3570519420469709,2012-01-18 10:00:00,2021-05-19 14:00:00,RBB_U,5,50,2.0,1,17,36,78,31,-1,11,-1,4000,4500,0,229,2547.744350587185,340865.61958093767,338317.87523035053,1.0075306229351684,0.5065502183406113,11.125521181603428,2938.4967205253247,-2993.9634976137213,45159.1731004386,41265.97081927321,0.45159173100438604,5,2,0.4,45.8,17.79213309302738,0.38847452168182056,22,1.7627357309083809,0.05641698409580579,4059.0613566141437,0.06561253559201362,False,False,False
811,105969.76299892264,353961.81989407574,247992.05689515307,1.4273111176448887,0.5413070283600493,130.66555240311052,806.2911614899219,-666.6453142342824,14705.506607853102,13008.734902355667,0.14705506607853103,10,7,0.7,81.1,16.391766225761028,0.20211795592800283,41,0.04709834068469835,7.206128005296478,112.54310212140528,1.35039418916394,2012-01-13 14:00:00,2021-05-12 15:00:00,RBB_U,5,30,3.0,1,31,35,55,32,1,0,-1,1500,5000,12,389,-34200.380396253,305599.33272282337,339799.71311907645,0.8993513558845525,0.3676092544987147,-87.91871567160155,2137.058270788975,-1381.299646825514,55882.992889260495,54888.51902886203,0.558829928892605,5,2,0.4,77.8,27.722914709676544,0.3563356646487988,42,0.0,0.0,0.0,0.0,False,False,False
457,59366.48784936336,195723.61899812723,136357.1311487639,1.4353750137541046,0.5645514223194749,129.90478741655002,758.6186782873149,-685.2117143153965,14566.664520269784,11735.630867193482,0.14566664520269784,10,9,0.9,45.7,14.588008774332431,0.31921244582784314,23,0.10091552013657225,4.075503198879455,112.13339254049673,1.3489148767539378,2012-01-18 10:00:00,2021-05-19 09:00:00,RBB_U,5,50,2.0,1,17,36,78,31,-1,11,-1,1500,6000,24,229,-35074.332219557706,158314.0962691514,193388.42848870912,0.818632725372162,0.3930131004366812,-153.1630227928284,1759.0455141016823,-1391.283658192152,43883.50049202583,41811.29623098065,0.4388350049202583,5,1,0.2,45.8,17.79213309302738,0.38847452168182056,22,0.0,0.0,0.0,0.0,False,False,False
458,60094.5698073447,259146.13120688882,199051.5613995441,1.3019045386271577,0.5917030567685589,131.21085110773953,956.2587867412872,-1064.4468524039792,14889.207182877344,13652.903382297456,0.14889207182877345,10,7,0.7,45.8,14.627371602581238,0.3193749258205511,23,0.033131113283328004,4.0361161658394895,113.4754256768867,1.3476385104216497,2012-01-18 10:00:00,2021-05-19 09:30:00,RBB_U,5,50,2.0,1,17,36,78,31,-1,11,-1,2250,2000,0,229,-17130.158457795966,218122.28792504157,235252.44638283754,0.9271839306192836,0.5152838427947598,-74.80418540522255,1848.493965466454,-2119.3914088543925,37715.2497463855,35586.68962357662,0.37715249746385504,5,2,0.4,45.8,17.79213309302738,0.38847452168182056,22,0.0,0.0,0.0,0.0,False,False,False
457,74851.49114970221,322111.10855782346,247259.61740812124,1.3027242860533672,0.5776805251641138,163.78882089650375,1220.117835446301,-1281.1379140317163,23283.318333972384,16370.901572342322,0.23283318333972383,10,7,0.7,45.7,14.588008774332431,0.31921244582784314,23,0.08003848564643905,3.2148119987041275,142.15450240456178,1.3452446249910786,2012-01-18 10:00:00,2021-05-19 14:00:00,RBB_U,5,50,2.0,1,17,36,78,31,-1,11,-1,4000,6000,0,229,3184.9755395909815,355229.7706881522,352044.79514856124,1.0090470746435745,0.4847161572052402,13.90819012921826,3200.2682043977675,-2983.4304673606885,39842.51469528895,37258.33669265327,0.3984251469528895,5,2,0.4,45.8,17.79213309302738,0.38847452168182056,22,1.8810191555723443,0.07993911940421719,2864.680042846695,0.0873246181453574,False,False,False
457,59190.51607754461,195547.6472263085,136357.1311487639,1.434084492529903,0.5645514223194749,129.51972883488975,757.9366171562345,-685.2117143153965,14566.664520269784,11735.630867193482,0.14566664520269784,10,9,0.9,45.7,14.588008774332431,0.31921244582784314,23,0.07587364154954161,4.063422755098116,112.4667620238705,1.3449164771602586,2012-01-18 10:00:00,2021-05-19 09:00:00,RBB_U,5,50,2.0,1,17,36,78,31,-1,11,-1,1500,4500,24,229,-34330.30215269618,157549.12633601294,191879.42848870912,0.8210839878819198,0.39737991266375544,-149.91398319954664,1731.3090806155267,-1390.4306412225299,40139.470425164305,38067.26616411913,0.40139470425164303,5,1,0.2,45.8,17.79213309302738,0.38847452168182056,22,0.0,0.0,0.0,0.0,False,False,False
809,102015.7529843893,403593.2672400549,301577.5142556656,1.3382737378022964,0.5710754017305315,126.10105436883721,873.5785005195994,-869.0994647137337,13807.890113813053,13269.697189550032,0.13807890113813054,10,8,0.8,80.9,16.51938255504727,0.20419508720701196,40,0.029319001355189625,7.388221672066712,109.4986095312565,1.344913966901598,2012-01-13 14:00:00,2021-05-12 17:00:00,RBB_U,5,30,3.0,1,31,35,55,32,1,0,-1,2500,3000,0,392,4325.388064928258,404825.67689358303,400500.2888286548,1.0107999624109603,0.49489795918367346,11.034153226857802,2086.7302932658918,-2022.7287314578525,45821.684955438555,42584.371282792636,0.4582168495543856,5,3,0.6,78.4,27.85390457368589,0.3552793950725241,43,0.6914986482373829,0.09439609366470667,4152.714214979885,0.06460154877344317,False,False,False
1079,139497.67230281085,497690.04527472355,358192.3729719127,1.38944903026662,0.484708063021316,129.28421900167828,951.6062051141942,-644.2308866401307,14532.327520460574,13834.535058183104,0.14532327520460575,10,7,0.7,107.9,28.69303051265237,0.26592243292541584,65,0.053699820766464915,9.5991280203675,112.40604331045172,1.3440560330684377,2012-01-13 14:00:00,2021-05-18 22:00:00,RBB_U,6,30,3.0,1,31,36,55,153,1,0,-1,1000,7500,92,643,-33006.73990797804,425893.92289402924,458900.6628020073,0.9280743250479487,0.25505443234836706,-51.33241043231421,2596.914163987983,-958.038962008366,57121.323477168866,55594.18747479218,0.5712132347716886,5,1,0.2,128.6,47.94413415632824,0.372815973221837,72,0.0,0.0,0.0,0.0,False,False,False
811,91801.48995696129,299607.692204549,207806.20224758773,1.441764918294333,0.4969173859432799,113.19542534767113,743.443404974067,-509.32892707742093,11202.986367269332,9343.185543203675,0.11202986367269333,10,8,0.8,81.1,16.391766225761028,0.20211795592800283,41,0.04347423992650964,8.194376655243348,98.97031026527982,1.3402981525727367,2012-01-13 14:00:00,2021-05-12 15:00:00,RBB_U,5,30,3.0,1,31,35,55,32,1,0,-1,750,4000,12,396,5594.539451701145,224769.9393440511,219175.39989234996,1.025525398627989,0.25252525252525254,14.127624878033194,2247.699393440511,-740.4574320687499,15903.17467199792,14976.222895946863,0.1590317467199792,5,2,0.4,79.2,28.12401109372559,0.35510115017330285,44,0.7133741811019757,0.3517875875155876,1125.6792850385982,0.1403998640621279,False,False,False
809,100484.75896589812,371042.29791851237,270557.53895261424,1.3713988505176977,0.5525339925834364,124.20860193559717,830.0722548512581,-747.3965164436858,13518.260244257624,11821.48853876019,0.13518260244257624,10,9,0.9,80.9,16.51938255504727,0.20419508720701196,40,0.02976570806140926,7.433261170466273,108.83513728998346,1.3388462885368615,2012-01-13 14:00:00,2021-05-12 15:00:00,RBB_U,5,30,3.0,1,31,35,55,32,1,0,-1,1500,3000,24,392,-11737.429217896832,326375.13263046474,338112.56184836157,0.9652854388085087,0.39285714285714285,-29.942421474226613,2119.3190430549657,-1420.6410161695865,43346.47512938587,41682.01300605411,0.4334647512938587,5,2,0.4,78.4,27.85390457368589,0.3552793950725241,43,0.0,0.0,0.0,0.0,False,False,False
809,97724.85929426207,391441.6397148201,293716.780420558,1.3327179984552973,0.5686032138442522,120.79710666781467,850.9600863365654,-841.5953593712263,12822.409362760969,10838.588220501922,0.1282240936276097,10,8,0.8,80.9,16.51938255504727,0.20419508720701196,40,0.030606337237014745,7.6214115872853085,106.14831527398981,1.3369376698382185,2012-01-13 14:00:00,2021-05-12 17:00:00,RBB_U,5,30,3.0,1,31,35,55,32,1,0,-1,2250,3000,24,392,-6168.525077016973,381864.8533012338,388033.37837825075,0.9841031070502292,0.4719387755102041,-15.736033359737176,2064.134342168831,-1874.5573834698105,58496.67607382066,55847.04370677661,0.5849667607382065,5,3,0.6,78.4,27.85390457368589,0.3552793950725241,43,0.0,0.0,0.0,0.0,False,False,False
883,102430.20059548426,349060.980564559,246630.7799690747,1.4153179931893665,0.49263873159682897,116.00249218061637,802.4390357805954,-550.5151338595417,11834.457949789532,11517.682013621223,0.11834457949789531,10,8,0.8,88.3,18.286880543165363,0.2070994398999475,43,0.048725863768542044,8.655250711952203,102.01899741397996,1.3363880428646169,2012-01-13 14:00:00,2021-05-18 21:00:00,RBB_U,5,30,3.0,1,31,36,55,32,1,0,-1,750,5000,24,423,-10978.125588986397,236891.9636984233,247870.08928740968,0.9557101640599441,0.2127659574468085,-25.95301557679999,2632.132929982481,-744.3546224847138,30035.69571380296,25679.797647440828,0.3003569571380296,5,1,0.2,84.6,30.447331574376104,0.3598975363401431,46,0.0,0.0,0.0,0.0,False,False,False
457,58791.01935086658,195148.1504996305,136357.1311487639,1.4311547101025932,0.5645514223194749,128.64555656644765,756.388180231126,-685.2117143153965,14566.664520269784,11735.630867193482,0.14566664520269784,10,9,0.9,45.7,14.588008774332431,0.31921244582784314,23,0.09544303889417718,4.0359973464795456,113.23099614984253,1.335839182926551,2012-01-18 10:00:00,2021-05-19 09:00:00,RBB_U,5,50,2.0,1,17,36,78,31,-1,11,-1,1500,0,24,229,-29106.03771813237,164282.39077057675,193388.42848870912,0.8494944193631951,0.3930131004366812,-127.10060138922432,1825.3598974508527,-1391.283658192152,41843.142190187114,39770.93792914194,0.41843142190187116,5,2,0.4,45.8,17.79213309302738,0.38847452168182056,22,0.0,0.0,0.0,0.0,False,False,False
811,91495.76650064994,300060.96874823765,208565.20224758773,1.438691428458115,0.4956843403205919,112.81845437811337,746.4203202692479,-509.93936979850304,11202.986367269325,9343.185543203675,0.11202986367269324,10,8,0.8,81.1,16.391766225761028,0.20211795592800283,41,0.05454897194576261,8.167087194532721,99.30100912145353,1.3358346021022125,2012-01-13 14:00:00,2021-05-12 15:00:00,RBB_U,5,30,3.0,1,31,35,55,32,1,0,-1,750,5000,12,395,-4252.431793028372,217958.9680993216,222211.39989234996,0.9808631249562874,0.24050632911392406,-10.765650108932588,2294.30492736128,-740.7046663078332,19982.241816561916,17972.67540344318,0.19982241816561916,5,2,0.4,79.0,28.376046236218322,0.3591904586863079,43,0.0,0.0,0.0,0.0,False,False,False
810,105840.14607605804,366733.91826910694,260893.77219304888,1.4056829152584809,0.5506172839506173,130.66684700747905,822.2733593477734,-716.7411323984859,15036.82017323409,13340.048467736655,0.1503682017323409,10,6,0.6,81.0,16.24807680927192,0.20059354085520892,41,0.05660423026716907,7.038731916502939,115.0775465820601,1.3354476115059317,2012-01-13 14:00:00,2021-05-12 17:00:00,RBB_U,5,30,3.0,1,31,35,55,32,1,0,-1,2000,6000,12,388,-26468.45996511943,348385.08136168675,374853.54132680624,0.9293898628476778,0.422680412371134,-68.21768032247276,2124.299276595651,-1673.4533094946707,76056.8575731226,74190.51189639828,0.760568575731226,5,2,0.4,77.6,27.644891028904418,0.35624859573330436,42,0.0,0.0,0.0,0.0,False,False,False
457,70055.33405841653,317314.9514665378,247259.61740812124,1.283327034122134,0.5776805251641138,153.29394761141472,1201.9505737368854,-1281.1379140317163,20702.396729834487,16059.346592655435,0.20702396729834488,10,7,0.7,45.7,14.588008774332431,0.31921244582784314,23,0.07124368282703772,3.3839238505877387,135.05032033171364,1.3352240363419439,2012-01-18 10:00:00,2021-05-19 14:00:00,RBB_U,5,50,2.0,1,17,36,78,31,-1,11,-1,4000,5000,0,229,13591.444216727345,352071.48168956523,338480.03747283795,1.0401543450485407,0.5021834061135371,59.35128478920238,3061.4911451266544,-2969.123135726649,43944.05557904978,40050.85329788439,0.43944055579049784,5,3,0.6,45.8,17.79213309302738,0.38847452168182056,22,0.3672163105269892,0.3092897102380107,740.4061383864837,0.3548293241131164,False,False,False
812,84169.15997423662,307051.0610763805,222881.9011021438,1.3776401742717685,0.5,103.65660095349338,756.2834016659618,-548.9701997589749,9476.371705621954,8278.468454077793,0.09476371705621954,10,8,0.8,81.2,16.575886099994776,0.2041365283250588,41,0.029595162892946433,8.882002794835751,91.42082239290895,1.3344901326195004,2012-01-13 14:00:00,2021-05-12 15:00:00,RBB_U,5,30,3.0,1,31,35,55,32,1,0,-1,750,2500,24,396,-20856.788365465967,198517.85321956588,219374.64158503187,0.9049261655095094,0.255050505050505,-52.66865748855042,1965.5232992036226,-743.6428528306166,25519.38485920743,24487.707881875052,0.2551938485920743,5,1,0.2,79.2,28.12401109372559,0.35510115017330285,44,0.0,0.0,0.0,0.0,False,False,False
885,96773.9239022029,340061.66595085524,243287.74204865232,1.397775584940281,0.5231638418079096,109.34906655616147,734.4744404986075,-576.5112370821145,10559.47833551111,10176.317676401075,0.1055947833551111,10,8,0.8,88.5,18.161773041198373,0.20521777447681777,44,0.030907086117770974,9.164650073361674,96.56669844628058,1.3336236709187017,2012-01-13 14:00:00,2021-05-18 22:00:00,RBB_U,5,30,3.0,1,31,36,55,32,1,0,-1,1000,3000,12,424,-21672.88361778659,261376.65091619518,283049.53453398176,0.923430774569302,0.3089622641509434,-51.115291551383464,1995.2416100472915,-966.0393670101766,40689.7717871829,39381.53375915273,0.406897717871829,5,2,0.4,84.8,30.195363882556546,0.356077404275431,47,0.0,0.0,0.0,0.0,False,False,False
883,123000.8960139782,453462.8476428175,330461.95162883936,1.3722089499493346,0.5753114382785957,139.29886298298777,892.643400871688,-881.2318710102383,17183.80108160001,10912.255824943037,0.1718380108160001,10,9,0.9,88.3,18.286880543165363,0.2070994398999475,43,0.0324469181065677,7.157956230399136,123.35923433702847,1.3317643962844807,2012-01-13 14:00:00,2021-05-18 23:00:00,RBB_U,5,30,3.0,1,31,36,55,32,1,0,-1,4000,4000,24,417,-55295.75081238495,477077.1676052224,532372.9184176073,0.8961334265898749,0.4940047961630695,-132.60371897454425,2315.9085806078756,-2523.094400083447,104429.95577746688,103245.8567716456,1.0442995577746688,5,1,0.2,83.4,29.47269923166183,0.3533896790367126,46,0.0,0.0,0.0,0.0,False,False,False
885,105789.17554751296,365015.1233566329,259225.94780911997,1.4080963979169645,0.5333333333333333,119.5357915791107,773.3371257555782,-627.665733193995,12689.218551372876,11274.802077286866,0.12689218551372877,10,7,0.7,88.5,18.161773041198373,0.20521777447681777,44,0.03772597696640075,8.336933840269257,106.15413495609764,1.3299030134046521,2012-01-13 14:00:00,2021-05-18 22:00:00,RBB_U,5,30,3.0,1,31,36,55,32,1,0,-1,1250,4000,12,421,-8083.762013251639,317712.8619257899,325796.6239390415,0.9751877047849209,0.34679334916864607,-19.201334948341184,2176.1154926423965,-1184.714996141969,38878.99740772142,36938.84010510845,0.3887899740772142,5,2,0.4,84.2,29.83554926593442,0.35434144021299785,47,0.0,0.0,0.0,0.0,False,False,False
883,116210.9937744523,423360.071397012,307149.07762255974,1.3783537123860687,0.5549263873159683,131.6092794727659,864.0001457081877,-781.5498158334854,15428.802053755942,13732.030348258508,0.1542880205375594,10,8,0.8,88.3,18.286880543165363,0.2070994398999475,43,0.03434270605882537,7.532081451920776,117.23187084956761,1.3278831341963047,2012-01-13 14:00:00,2021-05-18 23:00:00,RBB_U,5,30,3.0,1,31,36,55,32,1,0,-1,1750,4000,24,418,5933.071772053707,398044.9551181277,392111.883346074,1.015131068513976,0.4090909090909091,14.193951607783987,2327.7482755446063,-1587.497503425401,57527.35315688286,55187.52405659049,0.5752735315688287,5,3,0.6,83.6,29.560784833965418,0.353597904712505,46,0.6726701029976809,0.10313479495351759,4052.948378754142,0.07416612195638454,False,False,False
883,101593.03428050227,348223.814249577,246630.7799690747,1.4119235818547917,0.49263873159682897,115.05439895866621,800.514515516269,-550.5151338595417,11834.457949789532,11517.682013621223,0.11834457949789531,10,8,0.8,88.3,18.286880543165363,0.2070994398999475,43,0.0442057866644693,8.584510985761627,102.85967383168993,1.3254656874779547,2012-01-13 14:00:00,2021-05-18 21:00:00,RBB_U,5,30,3.0,1,31,36,55,32,1,0,-1,750,4500,24,423,-20836.439068557258,227033.65021885245,247870.08928740968,0.9159380660713886,0.2127659574468085,-49.25872120226302,2522.596113542805,-744.3546224847138,33096.44771292671,28942.285359697096,0.33096447712926713,5,1,0.2,84.6,30.447331574376104,0.3598975363401431,46,0.0,0.0,0.0,0.0,False,False,False
807,104638.02286071471,361513.79505376366,256875.77219304888,1.407348742808164,0.5514250309789344,129.66297752257088,812.390550682615,-709.6015806437814,15036.82017323409,13340.048467736655,0.1503682017323409,10,6,0.6,80.7,16.22374802565671,0.20103776983465566,40,0.07344136515638208,6.958786608818597,115.96849355566108,1.325187816182275,2012-01-13 14:00:00,2021-05-12 17:00:00,RBB_U,5,30,3.0,1,31,35,55,32,1,0,-1,2000,0,12,386,282.15109976159147,371117.6924265678,370835.5413268063,1.0007608523680118,0.42487046632124353,0.7309613983460919,2262.912758698584,-1670.4303663369653,72592.39063051525,70726.04495379093,0.7259239063051525,5,3,0.6,77.2,27.592752671670873,0.35741907605791284,42,49.20338832490781,0.0038867861674056125,99310.84020957365,0.003400073772982711,False,False,False
811,90710.404624092,299275.6068716797,208565.20224758773,1.4349258823934095,0.4956843403205919,111.85006735399753,744.4666837603974,-509.93936979850304,11202.986367269325,9343.185543203675,0.11202986367269324,10,8,0.8,81.1,16.391766225761028,0.20211795592800283,41,0.04950920479972398,8.096984290645194,100.16074761772532,1.3243683495093062,2012-01-13 14:00:00,2021-05-12 15:00:00,RBB_U,5,30,3.0,1,31,35,55,32,1,0,-1,750,4500,12,395,-9550.745272599233,212660.65461975074,222211.39989234996,0.9570195531047189,0.24050632911392406,-24.179101955947427,2238.533206523692,-740.7046663078332,20433.505291430396,18434.16285921214,0.20433505291430396,5,2,0.4,79.0,28.376046236218322,0.3591904586863079,43,0.0,0.0,0.0,0.0,False,False,False
810,104360.37411658009,376510.3926801528,272150.01856357267,1.3834663494325727,0.5592592592592592,128.83996804516062,831.1487697133615,-762.3249819707918,14867.90589341479,13013.780849283452,0.1486790589341479,10,6,0.6,81.0,16.24807680927192,0.20059354085520892,41,0.057406846714707103,7.019171016061031,115.39824263386447,1.324235278632378,2012-01-13 14:00:00,2021-05-12 21:00:00,RBB_U,5,30,3.0,1,31,35,55,32,1,0,-1,5000,6000,12,388,-70639.95441560898,410402.39111375005,481042.34552935907,0.8531523158571958,0.48711340206185566,-182.06173818455923,2171.4412228240744,-2417.2982187404978,100822.70503905058,99742.26035650496,1.0082270503905058,5,1,0.2,77.6,27.644891028904418,0.35624859573330436,42,0.0,0.0,0.0,0.0,False,False,False
807,99579.79251821511,366611.8775474342,267032.08502921904,1.3729132119360075,0.5551425030978935,123.39503409939914,818.330083811237,-743.8219638696909,13647.205837665177,13127.457266534246,0.13647205837665177,10,6,0.6,80.7,16.22374802565671,0.20103776983465566,40,0.0771718744518363,7.296716536903326,110.5976908817243,1.3237783020805038,2012-01-13 14:00:00,2021-05-12 17:00:00,RBB_U,5,30,3.0,1,31,35,55,32,1,0,-1,2500,0,12,386,18418.465440838023,404593.4359262891,386174.97048545105,1.047694612153876,0.4637305699481865,47.716231712015606,2260.298524727872,-1865.5795675625654,52437.05265678451,49338.416948252845,0.5243705265678451,5,3,0.6,77.2,27.592752671670873,0.35741907605791284,42,0.7537430396936334,0.3512490597324785,1098.9353261016238,0.26114784672722086,False,False,False
883,119262.34493809054,416738.74712235155,297476.402184261,1.400913632349963,0.5594563986409966,135.06494330474578,843.600702676825,-764.7208282371748,16353.107593214772,14498.982549083434,0.16353107593214772,10,7,0.7,88.3,18.275940468276865,0.2069755432420936,43,0.06281110776321397,7.292946876199533,121.07588537106484,1.3236767495748067,2012-01-13 14:00:00,2021-05-18 23:00:00,RBB_U,5,30,3.0,1,31,36,55,32,1,0,-1,5000,7500,12,416,-64420.00905684867,455604.8732103553,520024.882267204,0.8761212948580644,0.47836538461538464,-154.85579100204006,2289.471724675152,-2396.428028881124,106797.01450858291,104872.89711154293,1.0679701450858292,5,2,0.4,83.2,29.728101183896698,0.35730890846029684,45,0.0,0.0,0.0,0.0,False,False,False
883,113617.6063070594,439047.6536252677,325430.0473182084,1.3491306572437147,0.5639864099660249,128.6722608233968,881.6217944282483,-845.2728501771646,14852.474654777776,12798.76570784027,0.14852474654777775,10,8,0.8,88.3,18.286880543165363,0.2070994398999475,43,0.035126598154286474,7.649742480490323,115.42872224156267,1.3231984051801984,2012-01-13 14:00:00,2021-05-18 23:00:00,RBB_U,5,30,3.0,1,31,36,55,32,1,0,-1,2250,4000,24,417,2218.5923910742276,432186.57883895317,429967.98644787894,1.0051599013438253,0.44844124700239807,5.320365446221169,2311.158175609375,-1869.4260280342562,58548.41555413996,54829.512268442435,0.5854841555413995,5,4,0.8,83.4,29.47269923166183,0.3533896790367126,46,1.7988883474298694,0.03789329514857129,11004.585332709508,0.02755645442046546,False,False,False
885,115620.49481348529,385929.6465995643,270309.151786079,1.4277342962660275,0.5423728813559322,130.64462690789298,804.0200970824257,-667.4300044100715,15317.989412920295,13621.21770742286,0.15317989412920294,10,7,0.7,88.5,18.161773041198373,0.20521777447681777,44,0.043167087358095955,7.548020284957413,117.24928744080518,1.322909445896089,2012-01-13 14:00:00,2021-05-18 22:00:00,RBB_U,5,30,3.0,1,31,36,55,32,1,0,-1,1500,5000,12,417,-39345.165834775005,328313.3749741777,367658.54080895276,0.8929844911308069,0.36211031175059955,-94.35291567092328,2174.2607614183953,-1382.1749654471907,61717.1943736327,60636.7496910871,0.617171943736327,5,2,0.4,83.4,29.816773802676913,0.35751527341339223,45,0.0,0.0,0.0,0.0,False,False,False
883,119899.54211692368,440390.5854563407,320491.0433394171,1.3741119903620633,0.5617214043035108,135.78657091384335,887.8842448716546,-828.1422308512069,16563.40465169932,14866.632946201884,0.16563404651699318,10,8,0.8,88.3,18.286880543165363,0.2070994398999475,43,0.03328619884226126,7.238822249302628,121.98116897884407,1.3222740107555953,2012-01-13 14:00:00,2021-05-18 23:00:00,RBB_U,5,30,3.0,1,31,36,55,32,1,0,-1,2000,4000,0,417,14544.372992787787,426161.37065396213,411616.99766117433,1.0353347239677408,0.43884892086330934,34.878592308843615,2328.7506593112685,-1759.0469985520272,67504.28111082155,65164.452010529174,0.6750428111082155,5,3,0.6,83.4,29.47269923166183,0.3533896790367126,46,0.27440165361401575,0.2154585272734086,1935.4072696823134,0.16824134718394568,False,False,False
810,99781.91573355842,371832.0007627774,272050.085029219,1.3667777413958226,0.554320987654321,123.18755028834373,828.1336319883684,-753.6013435712438,13647.205837665177,13127.457266534246,0.13647205837665177,10,6,0.6,81.0,16.24807680927192,0.20059354085520892,41,0.06004093984322172,7.311527130203346,110.78396969272718,1.3215524218486716,2012-01-13 14:00:00,2021-05-12 17:00:00,RBB_U,5,30,3.0,1,31,35,55,32,1,0,-1,2500,6000,12,388,-11970.99498508712,379221.9755003639,391192.9704854511,0.9693987471957081,0.46134020618556704,-30.853079858471958,2118.5585223484018,-1871.736700887326,55454.6234901428,52355.98778161114,0.5545462349014281,5,3,0.6,77.6,27.644891028904418,0.35624859573330436,42,0.0,0.0,0.0,0.0,False,False,False
811,99854.71896605288,365172.62093569885,265317.901969646,1.3763587689513572,0.5536374845869297,123.12542412583586,813.3020510817346,-732.9223811316187,13754.30748368032,12886.191842252509,0.1375430748368032,10,6,0.6,81.1,16.391766225761028,0.20211795592800283,41,0.04998261526024389,7.259887063345931,111.70972673867284,1.3157331654349425,2012-01-13 14:00:00,2021-05-12 17:00:00,RBB_U,5,30,3.0,1,31,35,55,32,1,0,-1,2250,5000,12,388,-23918.823641077353,357792.558725914,381711.38236699137,0.9373379345075936,0.44072164948453607,-61.646452683189054,2092.354144595988,-1759.038628419315,65719.69038571336,63944.62837780178,0.6571969038571336,5,3,0.6,77.6,27.644891028904418,0.35624859573330436,42,0.0,0.0,0.0,0.0,False,False,False
457,70570.41626462663,307372.48896125524,236802.0726966286,1.2980143520746783,0.5733041575492341,154.42104215454407,1173.1774387834168,-1214.3696035724545,21673.05315564737,19534.4119165963,0.21673053155647368,10,7,0.7,45.7,14.588008774332431,0.31921244582784314,23,0.05655344280575663,3.25613635318557,140.35038783093466,1.3145765412778683,2012-01-18 10:00:00,2021-05-19 10:30:00,RBB_U,5,50,2.0,1,17,36,78,31,-1,11,-1,3000,4000,0,229,-5204.232718022227,300643.80995329074,305848.0426713129,0.982984253642535,0.47161572052401746,-22.725907065599245,2783.738981048988,-2527.669774143082,60122.36246490297,58773.826819479335,0.6012236246490298,5,3,0.6,45.8,17.79213309302738,0.38847452168182056,22,0.0,0.0,0.0,0.0,False,False,False
883,114974.61051481086,412992.04016023414,298017.4296454233,1.3857982757975127,0.5526613816534541,130.20907193070312,846.2951642627748,-754.4745054314515,15418.76862047299,13721.996914975556,0.15418768620472992,10,8,0.8,88.3,18.286880543165363,0.2070994398999475,43,0.026014439071439202,7.456795892387149,118.41547130202122,1.314182999526636,2012-01-13 14:00:00,2021-05-18 22:00:00,RBB_U,5,30,3.0,1,31,36,55,32,1,0,-1,1500,3000,0,420,-12291.527175293777,353789.04550156114,366080.5726768549,0.9664239839732122,0.3880952380952381,-29.26554089355661,2170.484941727369,-1424.4380259799802,45831.96248419982,43492.13338390745,0.45831962484199823,5,2,0.4,84.0,29.939939879699157,0.35642785571070423,46,0.0,0.0,0.0,0.0,False,False,False
883,104111.94613116921,387211.59359956835,283099.6474683991,1.3677572440028938,0.5413363533408834,117.90707376123353,810.0660953965865,-699.011475230615,12646.397102753697,10949.625397256263,0.12646397102753698,10,8,0.8,88.3,18.286880543165363,0.2070994398999475,43,0.028728691674168496,8.23253811225802,107.25732307090539,1.3140016201746434,2012-01-13 14:00:00,2021-05-18 22:00:00,RBB_U,5,30,3.0,1,31,36,55,32,1,0,-1,1250,3000,24,422,-12701.602763550989,316993.6870549103,329695.2898184613,0.9614747217937362,0.35071090047393366,-30.098584747751158,2141.849236857502,-1203.2674810892747,41982.43840903875,40115.609308746374,0.41982438409038747,5,1,0.2,84.4,29.950626036862733,0.3548652374035869,47,0.0,0.0,0.0,0.0,False,False,False
883,123171.65688284622,450144.6679500112,326973.01106716506,1.3767028247403112,0.5662514156285391,139.4922501504487,900.2893359000224,-853.7154335957313,17718.562984485878,16021.791278988443,0.17718562984485878,10,8,0.8,88.3,18.286880543165363,0.2070994398999475,43,0.03240193483632366,6.951560179609011,127.02184505143192,1.3133342751870958,2012-01-13 14:00:00,2021-05-18 23:00:00,RBB_U,5,30,3.0,1,31,36,55,32,1,0,-1,2250,4000,0,417,5649.166709316152,437964.7950928374,432315.6283835212,1.0130672275958172,0.45083932853717024,13.547162372460797,2329.5999738980713,-1887.841171980442,58548.41555413996,54829.512268442435,0.5854841555413995,5,4,0.8,83.4,29.47269923166183,0.3533896790367126,46,0.7064758760647589,0.09648709799998506,4321.821348591752,0.07016656397325267,False,False,False
885,104414.61656586296,364899.56437498296,260484.94780911997,1.4008470256883199,0.5322033898305085,117.98261758854572,774.7336823248046,-629.190695191111,12689.218551372876,11274.802077286866,0.12689218551372877,10,7,0.7,88.5,18.161773041198373,0.20521777447681777,44,0.04301121957544281,8.228608888966303,107.55159370701064,1.3126230778882084,2012-01-13 14:00:00,2021-05-18 22:00:00,RBB_U,5,30,3.0,1,31,36,55,32,1,0,-1,1250,4500,12,420,-30023.6059211507,301173.37796108,331196.9838822307,0.9093481904055422,0.3333333333333333,-71.48477600273976,2151.2384140077143,-1182.8463710079668,45513.98284754133,43986.84684516465,0.4551398284754133,5,2,0.4,84.0,30.086541841826886,0.35817311716460576,46,0.0,0.0,0.0,0.0,False,False,False
810,108037.91673576167,362080.4185345217,254042.50179876003,1.425274967656176,0.5456790123456791,133.38014411822428,819.1864672726736,-690.3328853227175,16221.776894868788,14525.005189371353,0.1622177689486879,10,7,0.7,81.0,16.24807680927192,0.20059354085520892,41,0.05545275382024205,6.66005440932527,121.62062803358704,1.3124459205021286,2012-01-13 14:00:00,2021-05-12 15:00:00,RBB_U,5,30,3.0,1,31,35,55,32,1,0,-1,1750,6000,12,389,-25320.13626226382,334185.6883523812,359505.8246146451,0.9295696076985552,0.39845758354755784,-65.09032458165507,2156.036699047621,-1536.3496778403637,65489.929619183924,63623.5839424596,0.6548992961918393,5,2,0.4,77.8,27.722914709676544,0.3563356646487988,42,0.0,0.0,0.0,0.0,False,False,False
809,84739.4379612495,279481.5656061641,194742.1276449146,1.4351366547445767,0.43510506798516685,104.74590600896106,793.9817204720571,-426.13157033898165,10045.913117094708,9669.300369943467,0.10045913117094707,10,8,0.8,80.9,16.51938255504727,0.20419508720701196,40,0.08840039750352793,8.435215094290628,95.90745356897553,1.3097300612307616,2012-01-13 14:00:00,2021-05-12 15:00:00,RBB_U,5,30,3.0,1,31,35,55,32,1,0,-1,500,7500,24,395,11874.202047154613,180255.9353491848,168381.7333020302,1.0705195380419061,0.15443037974683543,30.061271005454717,2955.015333593193,-504.1369260539826,29983.54940540284,29062.967795603174,0.2998354940540284,5,3,0.6,79.0,28.376046236218322,0.3591904586863079,43,0.6308634441499209,0.39602389585720493,997.4145604143691,0.217573132478582,False,False,False
809,103827.54083519976,379732.2427619654,275904.7019267656,1.3763166778606009,0.5574783683559951,128.34059435747807,841.9783653258655,-770.6835249350995,15147.205837665177,13900.687866107426,0.15147205837665176,10,6,0.6,80.9,16.495150802584376,0.20389555998250156,40,0.0721484871907935,6.854567234903567,118.02349765869374,1.3068845676453837,2012-01-13 14:00:00,2021-05-12 17:00:00,RBB_U,5,30,3.0,1,31,35,55,32,1,0,-1,3000,7500,12,388,-7281.87992586226,410274.97434435674,417556.854270219,0.9825607462758836,0.47164948453608246,-18.76773176768624,2241.9397505156107,-2036.8627037571657,65142.98881091539,62659.96204775543,0.6514298881091539,5,3,0.6,77.6,27.644891028904418,0.35624859573330436,42,0.0,0.0,0.0,0.0,False,False,False
458,60232.68087352636,204871.7935290797,144639.11265555333,1.416434253278128,0.6353711790393013,131.5124036539877,704.0267818868718,-866.1024709913373,15926.526704241842,14877.632075043777,0.15926526704241842,10,8,0.8,45.8,14.627371602581238,0.3193749258205511,23,0.01645286222741527,3.7819093887862003,121.10284856586546,1.3060073628567606,2012-01-18 10:00:00,2021-05-19 09:00:00,RBB_U,5,50,2.0,1,17,36,78,31,-1,11,-1,1500,1000,0,229,-20740.6853171126,126258.76953462738,146999.45485173998,0.8589063793601742,0.5633187772925764,-90.57067824066637,978.75015143122,-1469.9945485173998,24976.801201343857,24528.390803667382,0.24976801201343857,5,1,0.2,45.8,17.79213309302738,0.38847452168182056,22,0.0,0.0,0.0,0.0,False,False,False
809,104575.69683951372,400602.2672400549,296026.57040054124,1.3532645623601174,0.5698393077873919,129.26538546293415,868.9853953146527,-850.6510643693714,15410.233159651332,13713.461454153898,0.15410233159651332,10,8,0.8,80.9,16.51938255504727,0.20419508720701196,40,0.02860129160401498,6.786120349776708,119.21391874911554,1.3050197602361222,2012-01-13 14:00:00,2021-05-12 17:00:00,RBB_U,5,30,3.0,1,31,35,55,32,1,0,-1,2250,3000,0,392,-7137.950758775049,383975.5050538784,391113.45581265347,0.9817496671293401,0.4719387755102041,-18.209058058099615,2075.543270561505,-1889.4369846021907,58496.67607382066,54945.86805502186,0.5849667607382065,5,4,0.8,78.4,27.85390457368589,0.3552793950725241,43,0.0,0.0,0.0,0.0,False,False,False
808,84232.61140571386,278465.73905062844,194233.1276449146,1.433667585066657,0.43564356435643564,104.24828144271518,791.095849575649,-425.94984132656714,10045.913117094708,9669.300369943467,0.10045913117094707,10,8,0.8,80.8,16.375591592366977,0.20266821277681904,40,0.09663199396569135,8.384764075092265,96.36526356182642,1.3035078242149933,2012-01-13 14:00:00,2021-05-12 15:00:00,RBB_U,5,30,3.0,1,31,35,55,32,1,0,-1,500,0,24,393,28455.237232471052,195818.9705345012,167363.7333020302,1.170020330396907,0.15521628498727735,72.40518379763627,3210.1470579426423,-504.1076304278018,29983.54940540284,29062.967795603174,0.2998354940540284,5,3,0.6,78.6,27.86108397029807,0.3544667171793648,43,0.5931347537180144,0.9490283104155642,414.10777285233104,0.5240437985366848,True,False,False
881,115367.61836176351,401499.0418415695,286131.42347980605,1.4031980023679769,0.5550510783200908,130.95075863991318,821.0614352588333,-729.927100713791,15866.790288747514,14170.01858325008,0.15866790288747515,10,6,0.6,88.1,18.024705268048077,0.2045937033830656,43,0.06856635944275177,7.271011733455661,121.16608146103088,1.302875522377678,2012-01-13 14:00:00,2021-05-18 23:00:00,RBB_U,5,30,3.0,1,31,36,55,32,1,0,-1,2250,0,12,414,-6690.528179050612,407328.81289427716,414019.3410733278,0.9838400588684921,0.4323671497584541,-16.160696084663314,2275.579960303224,-1761.7844300992672,70729.66873835653,67856.5696900681,0.7072966873835653,5,4,0.8,82.8,29.680970334542636,0.35846582529640864,45,0.0,0.0,0.0,0.0,False,False,False
883,110376.12553123478,429293.5711315973,318917.44560036244,1.346096229773356,0.5594563986409966,125.00127466731006,869.0153261773224,-819.8391917747107,14515.63322996164,12143.60737505371,0.14515633229961641,10,8,0.8,88.3,18.286880543165363,0.2070994398999475,43,0.036158181679158574,7.603948362611423,116.12388168516591,1.3002770446422547,2012-01-13 14:00:00,2021-05-18 23:00:00,RBB_U,5,30,3.0,1,31,36,55,32,1,0,-1,2000,4000,24,417,10613.798674545862,420383.1544000779,409769.355725532,1.025901884868265,0.4364508393285372,25.452754615217895,2309.7975516487795,-1743.6993860660937,67504.28111082155,65164.452010529174,0.6750428111082155,5,3,0.6,83.4,29.47269923166183,0.3533896790367126,46,0.3760199455800178,0.15723148961650632,2652.1404905409163,0.12277461452826116,False,False,False
458,66344.75018946911,279601.8860565736,213257.13586710446,1.311102134611867,0.5851528384279476,144.8575331647797,1043.2906196140805,-1122.4059782479183,19504.96791464612,16885.793903587517,0.1950496791464612,10,7,0.7,45.8,14.627371602581238,0.3193749258205511,23,0.03754630159712917,3.4014283171238326,134.64931708079445,1.2998939187621428,2012-01-18 10:00:00,2021-05-19 09:30:00,RBB_U,5,50,2.0,1,17,36,78,31,-1,11,-1,2500,2500,0,229,-16343.592375115637,244737.62696851982,261081.21934363546,0.9374003522114542,0.5065502183406113,-71.36939901797221,2109.807129038964,-2310.4532685277472,34805.57026305341,33360.454325410945,0.3480557026305341,5,2,0.4,45.8,17.79213309302738,0.38847452168182056,22,0.0,0.0,0.0,0.0,False,False,False
811,101799.00132493043,351300.0582200836,249501.05689515307,1.4080103010052945,0.5400739827373613,125.5228129777194,802.0549274431132,-668.9036377886141,14705.506607853102,13008.734902355667,0.14705506607853103,10,7,0.7,81.1,16.391766225761028,0.20211795592800283,41,0.0441163463447471,6.922508964809635,117.15405557763722,1.2972453269832818,2012-01-13 14:00:00,2021-05-12 15:00:00,RBB_U,5,30,3.0,1,31,35,55,32,1,0,-1,1500,4500,12,389,-36521.94494604673,302798.6932605981,339320.6382066448,0.8923674518029022,0.37017994858611825,-93.88674793328208,2102.768703198598,-1384.9821967618154,55450.47945727598,54456.00559687751,0.5545047945727598,5,2,0.4,77.8,27.722914709676544,0.3563356646487988,42,0.0,0.0,0.0,0.0,False,False,False
457,57072.94911439186,193430.08026315575,136357.1311487639,1.4185549272969522,0.5645514223194749,124.88610309494936,749.7289932680455,-685.2117143153965,14566.664520269784,11735.630867193482,0.14566664520269784,10,9,0.9,45.7,14.588008774332431,0.31921244582784314,23,0.06992804931108082,3.9180520039418627,116.63959527342229,1.296801493731101,2012-01-18 10:00:00,2021-05-19 09:00:00,RBB_U,5,50,2.0,1,17,36,78,31,-1,11,-1,1500,4000,24,229,-26486.68603085543,162374.7424578537,188861.42848870912,0.8597559795941133,0.40611353711790393,-115.66238441421586,1745.9649726650935,-1388.6869741816847,35889.016739049934,33238.38363413535,0.35889016739049934,5,1,0.2,45.8,17.79213309302738,0.38847452168182056,22,0.0,0.0,0.0,0.0,False,False,False
807,106335.79352041836,356860.2953191784,250524.50179876006,1.4244526693274702,0.5464684014869888,131.7667825531826,809.2070188643501,-684.4931743135521,16221.776894868788,14525.005189371353,0.1622177689486879,10,7,0.7,80.7,16.22374802565671,0.20103776983465566,40,0.07226879107908284,6.555126125181397,123.10975938356461,1.296570620484031,2012-01-13 14:00:00,2021-05-12 15:00:00,RBB_U,5,30,3.0,1,31,35,55,32,1,0,-1,1750,0,12,387,930.4748026172019,356918.2994172623,355987.8246146451,1.0026137826585064,0.4005167958656331,2.404327655341607,2302.6987059178214,-1534.4302785114012,62025.462676576564,60159.11699985224,0.6202546267657656,5,3,0.6,77.4,27.67381433774535,0.3575428209011027,42,14.920113998595598,0.015001497166881893,25797.42512996382,0.01209896143841883,False,False,False
812,88704.24118967445,348365.69864542683,259661.4574557524,1.3416149707346925,0.5467980295566502,109.2416763419636,784.6074293815919,-705.6017865645446,11214.933540083483,10676.740615820461,0.11214933540083483,10,8,0.8,81.2,16.575886099994776,0.2041365283250588,41,0.02808208453836549,7.909475421556011,102.66167561340717,1.2927943658142487,2012-01-13 14:00:00,2021-05-12 15:00:00,RBB_U,5,30,3.0,1,31,35,55,32,1,0,-1,1250,2500,24,394,-15863.698718892461,282589.9285551143,298453.6272740068,0.946847023225058,0.37055837563451777,-40.263194718001174,1935.5474558569474,-1203.4420454597048,37215.34775263177,35550.88562930001,0.3721534775263177,5,3,0.6,78.8,27.86682615584344,0.3536399258355767,44,0.0,0.0,0.0,0.0,False,False,False
883,107477.27811921417,403793.2388660258,296315.96074681164,1.3627117413734204,0.5503963759909399,121.71832176581447,830.8502857325634,-746.3878104453694,13955.743049324818,12258.971343827383,0.13955743049324817,10,8,0.8,88.3,18.286880543165363,0.2070994398999475,43,0.027829137956790945,7.701293850090909,114.65605873350447,1.2912755277938168,2012-01-13 14:00:00,2021-05-18 22:00:00,RBB_U,5,30,3.0,1,31,36,55,32,1,0,-1,1500,3000,24,420,-12622.101493535702,350660.12289928045,363282.2243928161,0.9652553837044133,0.3904761904761905,-30.05262260365643,2138.1714810931735,-1419.0711890344378,45831.96248419982,43492.13338390745,0.45831962484199823,5,3,0.6,84.0,29.939939879699157,0.35642785571070423,46,0.0,0.0,0.0,0.0,False,False,False
813,85722.55227332968,322856.7981294297,237134.24585610002,1.3614937689149655,0.5387453874538746,105.43979369413245,737.1159774644514,-632.3579889496001,10474.842748714553,9936.649824451531,0.10474842748714552,10,8,0.8,81.3,16.73349933516597,0.20582410006354207,41,0.023226093334827683,8.183660063426665,99.34430239024131,1.2911307915084445,2012-01-13 14:00:00,2021-05-12 15:00:00,RBB_U,5,30,3.0,1,31,35,55,32,1,0,-1,1000,2000,0,396,-42329.35502697905,217179.05532002746,259508.4103470065,0.836886384644037,0.33080808080808083,-106.89231067418952,1657.855384122347,-979.277020177383,46184.14130677933,44919.350981126976,0.4618414130677933,5,0,0.0,79.2,28.12401109372559,0.35510115017330285,44,0.0,0.0,0.0,0.0,False,False,False
807,101145.04533129578,371290.26946480945,270145.2241335136,1.3744098962168108,0.5600991325898389,125.33462866331571,821.438649258428,-760.9724623479256,14867.90589341479,13013.780849283452,0.1486790589341479,10,6,0.6,80.7,16.22374802565671,0.20103776983465566,40,0.07597761433577435,6.802911321633693,118.62568271817516,1.288206908372372,2012-01-13 14:00:00,2021-05-12 21:00:00,RBB_U,5,30,3.0,1,31,35,55,32,1,0,-1,5000,0,12,386,-28288.92972074713,444462.49348408193,472751.4232048291,0.9401610903062466,0.4896373056994819,-73.2873826962361,2351.6534046776824,-2399.7534172833966,92770.97440658629,90123.16270461291,0.9277097440658629,5,2,0.4,77.2,27.592752671670873,0.35741907605791284,42,0.0,0.0,0.0,0.0,False,False,False
813,82969.33198661917,306690.83967865375,223721.5076920346,1.3708598821926017,0.5227552275522755,102.05329887653035,721.6255051262441,-576.6018239485428,9873.571173377295,9490.41051426726,0.09873571173377295,10,7,0.7,81.3,16.691614661260306,0.205308913422636,41,0.030023141567558174,8.403173535664013,96.7491622717937,1.2871506024092663,2012-01-13 14:00:00,2021-05-12 15:00:00,RBB_U,5,30,3.0,1,31,35,55,32,1,0,-1,1000,2500,12,396,-29614.681955540385,229845.73220058804,259460.41415612842,0.8858604999461692,0.3207070707070707,-74.78455039277875,1809.80891496526,-964.5368555989904,34611.347284633266,32986.50498899655,0.34611347284633265,5,2,0.4,79.2,28.12401109372559,0.35510115017330285,44,0.0,0.0,0.0,0.0,False,False,False
457,56638.71586034127,191918.8711502355,135280.15528989423,1.4186771942933476,0.5689277899343544,123.93592091978395,738.1495044239826,-686.701295887788,14566.664520269784,11735.630867193482,0.14566664520269784,10,9,0.9,45.7,14.588008774332431,0.31921244582784314,23,0.05280840065963279,3.888241936342218,117.53383855272988,1.2869349222428839,2012-01-18 10:00:00,2021-05-19 09:00:00,RBB_U,5,50,2.0,1,17,36,78,31,-1,11,-1,1500,3000,24,229,-24807.64297487787,160460.2377183779,185267.88069325575,0.8660985224095517,0.4192139737991266,-108.33031866758894,1671.4608095664364,-1392.9915841598176,30651.54320263674,29318.667508370425,0.30651543202636744,5,1,0.2,45.8,17.79213309302738,0.38847452168182056,22,0.0,0.0,0.0,0.0,False,False,False
884,114150.40398845993,404799.827468266,290649.42347980605,1.3927425784018146,0.5542986425339367,129.1294162765384,826.1220968740123,-737.688892080726,15866.790288747514,14170.01858325008,0.15866790288747515,10,6,0.6,88.4,18.0288657435791,0.203946445063112,44,0.05248338850036537,7.194297139567897,122.87510271685757,1.284754341502081,2012-01-13 14:00:00,2021-05-18 23:00:00,RBB_U,5,30,3.0,1,31,36,55,32,1,0,-1,2250,6000,12,416,-31997.64014948831,386539.70092383947,418537.3410733278,0.9235488999203004,0.43028846153846156,-76.91740420550074,2159.4396699655836,-1765.980342081552,74194.1356809639,71321.03663267546,0.741941356809639,5,4,0.8,83.2,29.728101183896698,0.35730890846029684,45,0.0,0.0,0.0,0.0,False,False,False
883,113381.86928001077,449404.4023322783,336022.5330522676,1.3374234110138512,0.5696489241223103,128.40528797283213,893.4481159687442,-884.2698238217569,15708.711155256984,11781.329864544867,0.15708711155256985,10,8,0.8,88.3,18.286880543165363,0.2070994398999475,43,0.035199631346205136,7.217770328794101,122.33694891584697,1.2839617294249244,2012-01-13 14:00:00,2021-05-18 23:00:00,RBB_U,5,30,3.0,1,31,36,55,32,1,0,-1,3000,4000,24,417,-17829.041383768752,464636.6177177876,482465.65910155635,0.9630459887715743,0.47961630695443647,-42.75549492510492,2323.183088588938,-2223.3440511592457,74322.83182057056,70851.9282024464,0.7432283182057056,5,3,0.6,83.4,29.47269923166183,0.3533896790367126,46,0.0,0.0,0.0,0.0,False,False,False
809,96366.74596162779,395995.74136083527,299628.99539920746,1.3216202284870149,0.5710754017305315,119.1183510032482,857.1336393091673,-863.4841365971397,13572.409362760969,10989.841095911732,0.1357240936276097,10,8,0.8,80.9,16.51938255504727,0.20419508720701196,40,0.031037677677639798,7.100194474389503,113.94054105392097,1.281414531372239,2012-01-13 14:00:00,2021-05-12 17:00:00,RBB_U,5,30,3.0,1,31,35,55,32,1,0,-1,2500,3000,24,392,6170.771941042869,402265.02514093847,396094.25319989555,1.0155790494085475,0.49489795918367346,15.741765155721605,2073.5310574275177,-2000.4760262620987,45876.087102734426,43485.54693454738,0.45876087102734425,5,3,0.6,78.4,27.85390457368589,0.3552793950725241,43,0.48470434956546404,0.1345095523779983,2914.291164231986,0.09210849616341431,False,False,False
813,84859.95276460884,320518.5246754268,235658.57191081793,1.360097033927215,0.5387453874538746,104.37878568832575,731.7774535968648,-628.4228584288478,10434.842748714553,9896.649824451531,0.10434842748714553,10,9,0.9,81.3,16.73349933516597,0.20582410006354207,41,0.023462186050501245,8.132365269717415,99.97091535317256,1.2805859502577555,2012-01-13 14:00:00,2021-05-12 15:00:00,RBB_U,5,30,3.0,1,31,35,55,32,1,0,-1,1000,2000,24,396,-41540.00674294026,217179.05532002746,258719.0620629677,0.8394397134416399,0.33080808080808083,-104.89900692661682,1657.855384122347,-976.2983474074254,45394.793022740545,44130.00269708819,0.4539479302274054,5,0,0.0,79.2,28.12401109372559,0.35510115017330285,44,0.0,0.0,0.0,0.0,False,False,False
883,116828.44984600175,448314.7455150065,331486.2956690047,1.352438249702658,0.578708946772367,132.30855022197252,877.3282691096017,-891.0921926586149,16802.19976817537,12993.135529316081,0.16802199768175372,10,8,0.8,88.3,18.286880543165363,0.2070994398999475,43,0.025601640729998626,6.953163958167169,126.99254689123654,1.2792171867607263,2012-01-13 14:00:00,2021-05-18 23:00:00,RBB_U,5,30,3.0,1,31,36,55,32,1,0,-1,5000,3000,0,420,-69125.37340044946,468270.6901265957,537396.0635270451,0.8713697808897878,0.530952380952381,-164.58422238202252,2099.8685655901154,-2727.8987996296705,106987.56469099261,104765.21144603696,1.0698756469099262,5,2,0.4,84.0,29.939939879699157,0.35642785571070423,46,0.0,0.0,0.0,0.0,False,False,False
883,95179.16290707383,340291.9428761485,245112.7799690747,1.3883076309569917,0.49490373725934317,107.79067146893978,778.7000981147563,-549.5802241459074,11177.415896708644,10897.287707331776,0.11177415896708644,10,8,0.8,88.3,18.286880543165363,0.2070994398999475,43,0.03142494542550453,8.515310138464182,103.69557721819602,1.2777618547591387,2012-01-13 14:00:00,2021-05-18 21:00:00,RBB_U,5,30,3.0,1,31,36,55,32,1,0,-1,750,3000,24,424,-11447.856818208871,227660.784766823,239108.64158503187,0.9521227809153113,0.2429245283018868,-26.999662307096393,2210.298881231291,-744.8867339097566,24562.930301449713,22861.23850615385,0.24562930301449712,5,2,0.4,84.8,30.195363882556546,0.356077404275431,47,0.0,0.0,0.0,0.0,False,False,False
883,115054.64218812805,416120.5431369038,301065.9009487758,1.3821576665625235,0.5583238958097395,130.2997080273251,844.0578968294194,-771.9638485866046,16353.107593214772,14498.982549083434,0.16353107593214772,10,6,0.6,88.3,18.275940468276865,0.2069755432420936,43,0.06510819431128491,7.035643930812667,125.50379306901723,1.2769760218460462,2012-01-13 14:00:00,2021-05-18 23:00:00,RBB_U,5,30,3.0,1,31,36,55,32,1,0,-1,4000,7500,12,416,-53822.10056531518,441691.9879717543,495514.0885370695,0.8913812910462005,0.46875,-129.3800494358538,2265.0871178038683,-2242.1451970003145,102284.25482584935,100163.44312387597,1.0228425482584935,5,2,0.4,83.2,29.728101183896698,0.35730890846029684,45,0.0,0.0,0.0,0.0,False,False,False
457,55508.99171904824,216137.1445973834,160628.15287833515,1.3455744881850973,0.4485776805251641,121.46387684693269,1054.3275346213825,-637.4133050727586,14225.944560303891,12144.0,0.1422594456030389,10,8,0.8,45.7,14.588008774332431,0.31921244582784314,23,0.07189826146005215,3.9019547337433504,117.1207846282665,1.2762801941469093,2012-01-18 10:00:00,2021-05-19 05:00:00,RBB_U,5,50,2.0,1,17,36,78,31,-1,11,-1,750,4000,0,229,-31975.15108910969,115829.26701373541,147804.4181028451,0.7836657963305211,0.14410480349344978,-139.62948073847028,3509.9777882950125,-754.1041739941077,34592.91513459021,32612.0,0.3459291513459021,5,1,0.2,45.8,17.79213309302738,0.38847452168182056,22,0.0,0.0,0.0,0.0,False,False,False
458,56433.107498899306,206853.7935290797,150420.6860301804,1.375168528932095,0.6397379912663755,123.21639191899412,705.985643443958,-911.6405213950327,14687.638086773422,13638.743457575358,0.14687638086773422,10,8,0.8,45.8,14.627371602581238,0.3193749258205511,23,0.017560613687972595,3.842218004385518,119.20198163592944,1.274183430070786,2012-01-18 10:00:00,2021-05-19 09:00:00,RBB_U,5,50,2.0,1,17,36,78,31,-1,11,-1,1750,1000,0,229,-8990.685317112599,139141.76953462738,148132.45485173998,0.9393064448563212,0.6200873362445415,-39.2606345725441,979.8716164410379,-1702.671894847586,17342.121378167976,16702.354054772513,0.17342121378167977,5,2,0.4,45.8,17.79213309302738,0.38847452168182056,22,0.0,0.0,0.0,0.0,False,False,False
883,91722.8871165243,307036.66035583604,215313.77323931165,1.4259963760635903,0.43035107587768967,103.87642935053715,807.9912114627264,-428.05919133063946,10453.779123904314,9957.657871258285,0.10453779123904315,10,8,0.8,88.3,18.286880543165363,0.2070994398999475,43,0.08166991070051546,8.774136704953387,100.63668138444977,1.27326792799477,2012-01-13 14:00:00,2021-05-18 21:00:00,RBB_U,5,30,3.0,1,31,36,55,32,1,0,-1,500,7500,0,423,4833.176636913238,186448.9099389434,181615.7333020302,1.0266121031974447,0.14893617021276595,11.42594949624879,2959.5065069673556,-504.488148061195,32528.54940540284,31607.967795603174,0.3252854940540284,5,2,0.4,84.6,30.447331574376104,0.3598975363401431,46,1.5499123170437672,0.1485826059034305,2846.90120642334,0.07939614181846559,False,False,False
882,91350.86449814664,306155.63773745834,214804.77323931165,1.4252739039293774,0.4308390022675737,103.57240872805741,805.6727308880482,-427.8979546599834,10453.779123904314,9957.657871258285,0.10453779123904315,10,8,0.8,88.2,18.153787483607932,0.2058252549161897,43,0.0922767971970576,8.738549324163317,100.93208463802408,1.2695413876191264,2012-01-13 14:00:00,2021-05-18 21:00:00,RBB_U,5,30,3.0,1,31,36,55,32,1,0,-1,500,0,0,421,21974.211822229678,202571.94512425986,180597.7333020302,1.121674903778998,0.1496437054631829,52.19527748748142,3215.427700385077,-504.4629421844419,32528.54940540284,31607.967795603174,0.3252854940540284,5,2,0.4,84.2,29.93593158730825,0.35553362930294835,46,0.7680726054891026,0.6755361743422799,623.2086688916354,0.3626922782225472,True,False,False
885,110949.7331394931,382767.8849255721,271818.151786079,1.4081763208617892,0.5412429378531074,125.36693010112214,799.0978808467058,-669.5028369115246,15317.989412920295,13621.21770742286,0.15317989412920294,10,7,0.7,88.5,18.161773041198373,0.20521777447681777,44,0.04047779001283065,7.243100262617371,122.18524774088878,1.2694674091013025,2012-01-13 14:00:00,2021-05-18 22:00:00,RBB_U,5,30,3.0,1,31,36,55,32,1,0,-1,1500,4500,12,417,-43166.730384568735,324012.73551195237,367179.4658965211,0.8824369704902452,0.3645083932853717,-103.51733905172358,2131.6627336312654,-1385.5828901755513,60672.76269203849,59678.28883164002,0.6067276269203848,5,2,0.4,83.4,29.816773802676913,0.35751527341339223,45,0.0,0.0,0.0,0.0,False,False,False
881,110217.62903885022,401499.0418415695,291281.4128027193,1.3783888164312736,0.5550510783200908,125.10514079324656,821.0614352588333,-743.0648285783655,15323.91497924026,13627.143273742826,0.1532391497924026,10,6,0.6,88.1,18.024705268048077,0.2045937033830656,43,0.07177016651173469,7.192524181200767,122.4882917046961,1.266571571916488,2012-01-13 14:00:00,2021-05-18 23:00:00,RBB_U,5,30,3.0,1,31,36,55,32,1,0,-1,2500,0,12,414,1677.657137545997,425669.58632933354,423991.9291917876,1.003956813849603,0.45410628019323673,4.052311926439606,2264.1999272836892,-1876.0704831495027,63748.56408926615,61100.75238729278,0.6374856408926615,5,3,0.6,82.8,29.680970334542636,0.35846582529640864,45,8.275105691843878,0.026316783154469163,15731.405984157826,0.02011440133955081,False,False,False
881,114476.50730071531,396400.9593478991,281924.45204718376,1.406053843394741,0.5516458569807038,129.93928183963146,815.6398340491751,-713.7327899928703,16649.302978301283,14952.531272803848,0.16649302978301284,10,5,0.5,88.1,18.024705268048077,0.2045937033830656,43,0.06910009551450962,6.8757537447609876,128.13140678158842,1.2620654590056488,2012-01-13 14:00:00,2021-05-18 23:00:00,RBB_U,5,30,3.0,1,31,36,55,32,1,0,-1,2000,0,12,414,-9958.657203530434,392193.8428296123,402152.50003314274,0.9752366149589777,0.4178743961352657,-24.054727544759505,2267.0164325411115,-1668.6825727516296,83019.51100836859,81153.16533164425,0.8301951100836858,5,4,0.8,82.8,29.680970334542636,0.35846582529640864,45,0.0,0.0,0.0,0.0,False,False,False
810,80250.01869268935,276679.811628856,196429.7929361666,1.4085430091491675,0.4345679012345679,99.07409715146834,786.0221921274318,-428.88601077765634,9680.913117094708,9272.594811130322,0.09680913117094707,10,8,0.8,81.0,16.667333320000534,0.20576954716050042,40,0.0621931319307552,8.289509235547483,97.7138666456294,1.2619478530020476,2012-01-13 14:00:00,2021-05-12 15:00:00,RBB_U,5,30,3.0,1,31,35,55,32,1,0,-1,500,5000,0,395,-6195.166412255967,161677.56688977423,167872.7333020302,0.963096053239868,0.1569620253164557,-15.683965600648017,2607.702691770552,-504.12232222831886,29983.54940540284,29062.967795603174,0.2998354940540284,5,2,0.4,79.0,28.376046236218322,0.3591904586863079,43,0.0,0.0,0.0,0.0,False,False,False
812,88181.59629122658,389145.07839451026,300963.48210328363,1.2929976609619527,0.5825123152709359,108.5980249891953,822.7168676416708,-887.7978823105711,11643.633674982251,10937.698959073066,0.11643633674982251,10,9,0.9,81.2,16.575886099994776,0.2041365283250588,41,0.028248524689588047,7.573374322201097,107.21772956866118,1.2612962580835,2012-01-13 14:00:00,2021-05-12 23:00:00,RBB_U,5,30,3.0,1,31,35,55,32,1,0,-1,5000,2500,24,392,-66329.60647752509,404277.90359266126,470607.51007018634,0.859055359172588,0.5459183673469388,-169.2081797896048,1889.1490822086976,-2643.8624161246426,101227.69249956452,99767.76607571612,1.0122769249956451,5,2,0.4,78.4,27.85390457368589,0.3552793950725241,43,0.0,0.0,0.0,0.0,False,False,False
881,116721.82630597887,391747.4596133138,275025.6333073349,1.4244034452437562,0.547105561861521,132.48788456978306,812.754065587788,-689.2873015221427,17334.25969993598,15637.487994438547,0.1733425969993598,10,7,0.7,88.1,18.024705268048077,0.2045937033830656,43,0.06777085176777851,6.73359164605166,130.83656483929897,1.2611390207413087,2012-01-13 14:00:00,2021-05-18 23:00:00,RBB_U,5,30,3.0,1,31,36,55,32,1,0,-1,1750,0,12,415,-7027.876279065022,377994.44982030673,385022.32609937177,0.9817468343972053,0.39518072289156625,-16.934641636301258,2304.8442062213826,-1533.953490435744,71202.58305442991,69336.23737770558,0.7120258305442991,5,2,0.4,83.0,29.772470505485433,0.35870446392151123,45,0.0,0.0,0.0,0.0,False,False,False
458,51666.90744260179,183455.12408979548,131788.21664719368,1.3920449700060646,0.5786026200873362,112.80984157773317,692.2834871313037,-682.8405007626616,12572.805159589749,9741.771506513447,0.12572805159589748,10,8,0.8,45.8,14.627371602581238,0.3193749258205511,23,0.03853530428953692,4.1094176507772815,111.45131474124344,1.260870092892754,2012-01-18 10:00:00,2021-05-19 09:00:00,RBB_U,5,50,2.0,1,17,36,78,31,-1,11,-1,1500,2000,24,229,-25808.48798593486,150405.3927073209,176213.88069325575,0.8535388478796345,0.44541484716157204,-112.70082089927885,1474.5626736011852,-1387.510871600439,32899.60387016612,32512.08783750709,0.32899603870166116,5,2,0.4,45.8,17.79213309302738,0.38847452168182056,22,0.0,0.0,0.0,0.0,False,False,False
810,99152.67136661761,375892.188694705,276739.5173280874,1.3582888064701926,0.5580246913580247,122.41070539088594,831.6198864927102,-773.0154115309705,14867.90589341479,13013.780849283452,0.1486790589341479,10,6,0.6,81.0,16.24807680927192,0.20059354085520892,41,0.06042197267533258,6.6689063057988385,121.45919628465582,1.2581544145064267,2012-01-13 14:00:00,2021-05-12 18:30:00,RBB_U,5,30,3.0,1,31,35,55,32,1,0,-1,4000,6000,12,388,-51807.35360547645,400329.7821416226,452137.135747099,0.885416725348447,0.4793814432989691,-133.5241072306094,2152.3106566753904,-2238.3026522133614,89789.6941184522,88709.24943590659,0.897896941184522,5,1,0.2,77.6,27.644891028904418,0.35624859573330436,42,0.0,0.0,0.0,0.0,False,False,False
810,79912.85237770737,276342.645313874,196429.7929361666,1.4068265367651054,0.4345679012345679,98.65784244161404,785.0643332780511,-428.88601077765634,9680.913117094708,9272.594811130322,0.09680913117094707,10,8,0.8,81.0,16.667333320000534,0.20576954716050042,40,0.05619871981009174,8.254681289990714,98.12613855633319,1.2566458441772834,2012-01-13 14:00:00,2021-05-12 15:00:00,RBB_U,5,30,3.0,1,31,35,55,32,1,0,-1,500,4500,0,395,-12381.783750156574,155490.9495518736,167872.7333020302,0.9262430324055083,0.1569620253164557,-31.34628797507993,2507.9185411592516,-504.12232222831886,31447.841492728927,30687.160755570454,0.3144784149272893,5,2,0.4,79.0,28.376046236218322,0.3591904586863079,43,0.0,0.0,0.0,0.0,False,False,False
457,59325.2339415281,198510.71001359023,139185.47607206213,1.4262314978239035,0.5645514223194749,129.8145162834313,769.4213566418226,-699.4245028746841,16816.664520269784,13985.630867193482,0.16816664520269783,10,9,0.9,45.7,14.588008774332431,0.31921244582784314,23,0.08412946175516492,3.527764609326723,129.5437906462866,1.2545638699374104,2012-01-18 10:00:00,2021-05-19 09:00:00,RBB_U,5,50,2.0,1,17,36,78,31,-1,11,-1,1750,5000,24,229,-2317.5146026779985,190791.2804828351,193108.79508551312,0.9879989173892791,0.45414847161572053,-10.120151103397374,1834.5315431041838,-1544.870360684105,20523.809037130704,18447.476461517304,0.20523809037130705,5,3,0.6,45.8,17.79213309302738,0.38847452168182056,22,0.0,0.0,0.0,0.0,False,False,False
884,116504.6119326753,395048.2452400102,278543.6333073349,1.4182634172942246,0.5463800904977375,131.79254743515304,817.9052696480543,-694.6225269509599,17334.25969993598,15637.487994438547,0.1733425969993598,10,7,0.7,88.4,18.0288657435791,0.203946445063112,44,0.05142285700639927,6.7210607172976395,131.52685821226044,1.2545201755850144,2012-01-13 14:00:00,2021-05-18 23:00:00,RBB_U,5,30,3.0,1,31,36,55,32,1,0,-1,1750,6000,12,417,-28696.138888458598,359844.18721091317,388540.32609937177,0.9261437308797662,0.3932853717026379,-68.8156807876705,2194.1718732372756,-1535.732514226766,74667.04999703728,72800.70432031294,0.7466704999703727,5,2,0.4,83.4,29.816773802676913,0.35751527341339223,45,0.0,0.0,0.0,0.0,False,False,False
1215,134160.190013876,504640.0620768997,370479.87206302374,1.3621254489934975,0.5135802469135803,110.41990947644116,808.7180482001597,-626.8694958765207,12181.022842518712,11165.427508383651,0.12181022842518713,10,7,0.7,121.5,23.720244518132606,0.19522834994347824,54,0.05583623576580516,11.01386901152344,110.31545760429749,1.2538481830176829,2012-01-13 14:00:00,2021-05-17 18:00:00,RBB_U,6,30,3.0,1,152,35,55,32,1,0,-1,1000,7500,92,600,35310.796997336074,464623.3272630475,429312.53026571136,1.0822496305325202,0.27,58.85132832889346,2868.0452300188117,-980.1655942139529,37748.059338806495,34968.461779883844,0.37748059338806494,5,2,0.4,120.0,40.511726697340364,0.33759772247783637,64,0.21214474429917676,0.9354334399129012,641.4138883637369,0.3796194032629452,True,False,False
458,51422.36299210898,185446.12408979548,134023.76109768648,1.3836809426250063,0.5807860262008734,112.27590172949559,697.1658800368251,-698.0404223837837,12605.598522670967,9799.794601687041,0.12605598522670966,10,8,0.8,45.8,14.627371602581238,0.3193749258205511,23,0.03871856297824215,4.07932736391903,112.27341155577108,1.2532689011976048,2012-01-18 10:00:00,2021-05-19 09:00:00,RBB_U,5,50,2.0,1,17,36,78,31,-1,11,-1,1750,2000,24,229,-5102.3158016933085,170995.78219405055,176098.09799574385,0.9710257188478173,0.5021834061135371,-22.28085502922842,1486.919845165657,-1544.7201578574022,25614.23004462169,24974.462721226228,0.2561423004462169,5,2,0.4,45.8,17.79213309302738,0.38847452168182056,22,0.0,0.0,0.0,0.0,False,False,False
811,94933.95729206067,362510.8592617067,267576.901969646,1.3547913014660362,0.5524044389642416,117.0579004834287,809.1760251377382,-737.1264517070138,13754.30748368032,12886.191842252509,0.1375430748368032,10,6,0.6,81.1,16.391766225761028,0.20211795592800283,41,0.047306571095352225,6.90212556355172,117.50003568214902,1.2508948743585457,2012-01-13 14:00:00,2021-05-12 17:00:00,RBB_U,5,30,3.0,1,31,35,55,32,1,0,-1,2250,4500,12,388,-20861.931482235224,360008.3302932142,380870.2617754494,0.9452256225387982,0.44587628865979384,-53.76786464493615,2080.9730074752265,-1771.489589653253,63287.17695372885,61512.114945817266,0.6328717695372885,5,2,0.4,77.6,27.644891028904418,0.35624859573330436,42,0.0,0.0,0.0,0.0,False,False,False
809,102399.54065430653,383154.1653508822,280754.6246965757,1.3647296665726323,0.5587144622991347,126.57545198307359,847.6862065285005,-786.4275201584753,16083.49780006957,14386.726094572135,0.1608349780006957,10,9,0.9,80.9,16.51938255504727,0.20419508720701196,40,0.02920911540118525,6.3667457121089415,127.0664852314361,1.2508311319015013,2012-01-13 14:00:00,2021-05-12 15:00:00,RBB_U,5,30,3.0,1,31,35,55,32,1,0,-1,1750,3000,0,392,1254.1438087959177,357325.0449231432,356070.90111434733,1.0035221743896257,0.4336734693877551,3.199346451009994,2101.9120289596663,-1603.9229779925556,52898.48631946854,51234.02419613678,0.5289848631946854,5,3,0.6,78.4,27.85390457368589,0.3552793950725241,43,2.3848939643306206,0.02370850086752573,16534.15381218534,0.017433279619385785,False,False,False
884,113759.29292741173,399701.7449745955,285942.45204718376,1.3978398174631312,0.5509049773755657,128.6869829495608,820.742802822578,-720.2580656100347,16649.302978301283,14952.531272803848,0.16649302978301284,10,5,0.5,88.4,18.0288657435791,0.203946445063112,44,0.052663829440490424,6.832676003053824,129.37829916198302,1.2499022151341004,2012-01-13 14:00:00,2021-05-18 23:00:00,RBB_U,5,30,3.0,1,31,36,55,32,1,0,-1,2000,6000,12,416,-32126.91981292401,374043.5802202187,406170.50003314274,0.9209028725367732,0.41586538461538464,-77.22817262722118,2162.10161977005,-1671.4835392310401,86483.97795097595,84617.63227425162,0.8648397795097595,5,3,0.6,83.2,29.728101183896698,0.35730890846029684,45,0.0,0.0,0.0,0.0,False,False,False
457,71233.91799454864,313378.16712086584,242144.2491263172,1.2941796811263053,0.5864332603938731,155.8729058961677,1169.3215191077084,-1281.1865033138477,24619.050137179052,20036.0,0.24619050137179052,10,7,0.7,45.7,14.588008774332431,0.31921244582784314,23,0.05602668100195502,2.893447050053853,157.94310111584528,1.2450145660894556,2012-01-18 10:00:00,2021-05-19 23:00:00,RBB_U,5,50,2.0,1,17,36,78,31,-1,11,-1,5000,4000,0,229,44652.48040333625,352453.71804603515,307801.2376426989,1.1450692035721104,0.5502183406113537,194.98899739448146,2797.2517305240885,-2988.36153051164,37741.956396406866,35261.00769225784,0.37741956396406867,5,3,0.6,45.8,17.79213309302738,0.38847452168182056,22,0.08937913334153344,1.1830992525757698,193.55941566308618,1.2578746038110753,True,False,False
883,113829.2794684904,439318.3819565419,325489.1024880515,1.3497176360080103,0.5696489241223103,128.91198127801857,873.3963855994868,-856.5502697053987,16852.474654777776,12801.152347613774,0.16852474654777777,10,8,0.8,88.3,18.286880543165363,0.2070994398999475,43,0.026276191977723556,6.754454867921675,130.72853653868538,1.2445171589469333,2012-01-13 14:00:00,2021-05-18 23:00:00,RBB_U,5,30,3.0,1,31,36,55,32,1,0,-1,2500,3000,0,420,-2302.4471815320794,430968.35479894,433270.8019804721,0.9946858935081532,0.49047619047619045,-5.482017098885903,2092.079392227864,-2024.6299157965987,53248.80533329189,50011.491660645974,0.5324880533329189,5,4,0.8,84.0,29.939939879699157,0.35642785571070423,46,0.0,0.0,0.0,0.0,False,False,False
809,91280.33703445765,398115.45562331285,306835.11858885514,1.2974898618328274,0.5735475896168108,112.8310717360416,858.0074474640363,-889.377155330015,12928.645863240177,11489.841095911732,0.12928645863240176,10,8,0.8,80.9,16.51938255504727,0.20419508720701196,40,0.03276718839097756,7.060316911765187,114.58409163643869,1.24363129027378,2012-01-13 14:00:00,2021-05-12 17:00:00,RBB_U,5,30,3.0,1,31,35,55,32,1,0,-1,3000,3000,24,392,-18209.898557999048,412157.35912349465,430367.2576814937,0.9576875372534129,0.5051020408163265,-46.453822852038385,2081.6028238560334,-2218.3879261932666,66083.42733681272,64880.06131365074,0.6608342733681272,5,3,0.6,78.4,27.85390457368589,0.3552793950725241,43,0.0,0.0,0.0,0.0,False,False,False
809,96684.20015085748,405712.98150253255,309028.7813516751,1.3128647102964521,0.5735475896168108,119.51075420377933,874.3814256520099,-895.7355981207974,14516.358817897824,13444.841095911732,0.14516358817897823,10,9,0.9,80.9,16.51938255504727,0.20419508720701196,40,0.030935768153773916,6.660361690126555,121.46487497807765,1.243132975627184,2012-01-13 14:00:00,2021-05-12 17:00:00,RBB_U,5,30,3.0,1,31,35,55,32,1,0,-1,3000,3000,0,392,-20720.28243411366,414718.0108761393,435438.29331025295,0.952415111963177,0.5051020408163265,-52.85786335233076,2094.53540846535,-2244.5272851043965,66854.98338387339,65304.843856252526,0.6685498338387339,5,2,0.4,78.4,27.85390457368589,0.3552793950725241,43,0.0,0.0,0.0,0.0,False,False,False
884,108500.41466554665,404799.827468266,296299.4128027193,1.3661850478852888,0.5542986425339367,122.73802563975865,826.1220968740123,-752.0289665043637,15323.91497924026,13627.143273742826,0.1532391497924026,10,6,0.6,88.4,18.0288657435791,0.203946445063112,44,0.055216378835668996,7.0804631070150945,124.85059051069149,1.2426067632615398,2012-01-13 14:00:00,2021-05-18 23:00:00,RBB_U,5,30,3.0,1,31,36,55,32,1,0,-1,2500,6000,12,416,-24129.4548328917,404880.47435889585,429009.9291917876,0.9437554863162508,0.4519230769230769,-58.00349719445121,2153.619544462212,-1881.6224964552089,67213.03103187351,64565.21932990014,0.6721303103187352,5,4,0.8,83.2,29.728101183896698,0.35730890846029684,45,0.0,0.0,0.0,0.0,False,False,False
458,57627.83801569858,243370.9885038455,185743.1504881469,1.310255521478172,0.6135371179039302,125.824973833403,866.0889270599483,-1049.3963304415079,16112.175395080758,14875.87159450087,0.16112175395080758,10,8,0.8,45.8,14.627371602581238,0.3193749258205511,23,0.02587291231702692,3.5766640197631574,128.05228488593912,1.2423077807495047,2012-01-18 10:00:00,2021-05-19 09:30:00,RBB_U,5,50,2.0,1,17,36,78,31,-1,11,-1,2250,1500,0,229,-5008.061795896298,194962.24904797028,199970.31084386658,0.9749559733404299,0.5895196506550219,-21.86926548426331,1444.1648077627428,-2127.343732381559,25193.977138348833,23065.417015539948,0.25193977138348833,5,2,0.4,45.8,17.79213309302738,0.38847452168182056,22,0.0,0.0,0.0,0.0,False,False,False
458,53877.28290698628,194016.97149552932,140139.68858854304,1.3844541360811256,0.5764192139737991,117.6359888798827,734.912770816399,-722.3695288069229,14105.598522670967,11299.794601687041,0.14105598522670967,10,9,0.9,45.8,14.627371602581238,0.3193749258205511,23,0.04623469977690711,3.8195673030387893,119.90887021040896,1.241320407371683,2012-01-18 10:00:00,2021-05-19 09:30:00,RBB_U,5,50,2.0,1,17,36,78,31,-1,11,-1,2000,2500,24,229,101.31852608667396,186379.4004306028,186278.08190451615,1.000543910078152,0.5021834061135371,0.44243897854442776,1620.6904385269809,-1634.018262320317,23676.529886861077,21375.445881207772,0.23676529886861078,5,2,0.4,45.8,17.79213309302738,0.38847452168182056,22,24.585829425400927,0.004279281067404185,53513.66184949183,0.0036035769677743774,False,False,False
883,113286.77891587242,439189.0458668133,325902.26695094083,1.3476096683087078,0.5775764439411099,128.29759786622017,861.1549918957123,-873.7326191714232,16802.19976817537,10595.028336319745,0.16802199768175372,10,9,0.9,88.3,18.286880543165363,0.2070994398999475,43,0.026402021741841017,6.742377812365146,130.96269959547908,1.2404375373718637,2012-01-13 14:00:00,2021-05-18 23:00:00,RBB_U,5,30,3.0,1,31,36,55,32,1,0,-1,5000,3000,24,420,-65947.72234364235,462479.0383739511,528426.7607175934,0.8751998815236258,0.5285714285714286,-157.0183865324818,2083.2389115943743,-2668.8220238262293,106903.8678324672,104801.38709779171,1.069038678324672,5,2,0.4,84.0,29.939939879699157,0.35642785571070423,46,0.0,0.0,0.0,0.0,False,False,False
457,49974.343311415556,183881.85839227226,133907.5150808567,1.3732004382370906,0.5361050328227571,109.35304882147824,750.5381975194787,-631.6392220795128,12293.66062712123,10211.716066817338,0.12293660627121229,10,8,0.8,45.7,14.588008774332431,0.31921244582784314,23,0.09987124730981536,4.065049851885972,112.42174552618974,1.2360320523520727,2012-01-18 10:00:00,2021-05-19 05:00:00,RBB_U,5,50,2.0,1,17,36,78,31,-1,11,-1,1000,5000,24,229,-39457.792794016,119130.75546914243,158588.54826315842,0.7511939340756145,0.2838427947598253,-172.30477202627074,1832.780853371422,-967.0033430680392,42552.56280007693,40567.10335406003,0.42552562800076926,5,0,0.0,45.8,17.79213309302738,0.38847452168182056,22,0.0,0.0,0.0,0.0,False,False,False
811,98061.76624897945,360074.53844202834,262012.77219304888,1.3742633056709477,0.5499383477188656,120.91463162636184,807.3420144440097,-717.8432114878051,15036.82017323409,13340.048467736655,0.1503682017323409,10,6,0.6,81.1,16.391766225761028,0.20211795592800283,41,0.05089649300551878,6.521443039102896,124.35897931442533,1.23577754954401,2012-01-13 14:00:00,2021-05-12 17:00:00,RBB_U,5,30,3.0,1,31,35,55,32,1,0,-1,2000,5000,12,388,-26548.103304513053,346296.43802229315,372844.54132680624,0.9287957838673488,0.4252577319587629,-68.42294666111611,2098.766291044201,-1671.9486158152747,72597.32701758797,70816.95216301078,0.7259732701758798,5,2,0.4,77.6,27.644891028904418,0.35624859573330436,42,0.0,0.0,0.0,0.0,False,False,False
886,94659.11634248887,381176.34265309904,286517.2263106102,1.3303784472626088,0.5451467268623025,106.83873176353146,789.184974437058,-710.9608593315389,11741.422948916457,11043.630486638987,0.11741422948916458,10,8,0.8,88.6,18.320480343047777,0.20677743050843994,44,0.02631547912392549,8.06197994521817,109.89856164620159,1.235685085369139,2012-01-13 14:00:00,2021-05-18 22:00:00,RBB_U,5,30,3.0,1,31,36,55,32,1,0,-1,1250,2500,0,422,-17683.55642166095,304238.0816808392,321921.6381025001,0.9450687548501152,0.36729857819905215,-41.90416213663732,1962.826333424769,-1205.6990191104874,39450.835107445724,37111.00600715335,0.39450835107445725,5,3,0.6,84.4,29.950626036862733,0.3548652374035869,47,0.0,0.0,0.0,0.0,False,False,False
811,84619.2665178728,291666.46876546054,207047.2022475877,1.4086955322230572,0.49815043156596794,104.33941617493564,721.9467048650014,-508.7154846378076,11202.986367269325,9343.185543203675,0.11202986367269324,10,8,0.8,81.1,16.391766225761028,0.20211795592800283,41,0.03534656022299907,7.553277647922226,107.37060621928705,1.2354379720757978,2012-01-13 14:00:00,2021-05-12 15:00:00,RBB_U,5,30,3.0,1,31,35,55,32,1,0,-1,750,3000,12,396,-4037.5524242467363,212101.84746810322,216139.39989234996,0.9813196833790707,0.26262626262626265,-10.195839455168526,2039.440841039454,-740.2034242888698,23134.172841297368,22201.965123846247,0.23134172841297368,5,2,0.4,79.2,28.12401109372559,0.35510115017330285,44,0.0,0.0,0.0,0.0,False,False,False
809,79640.36536900312,274382.4930139177,194742.1276449146,1.4089529385969137,0.43510506798516685,98.44297326205577,779.495718789539,-426.13157033898165,10045.913117094708,9669.300369943467,0.10045913117094707,10,8,0.8,80.9,16.51938255504727,0.20419508720701196,40,0.07522567195970903,7.927638278444043,102.04804654114243,1.2309189572260724,2012-01-13 14:00:00,2021-05-12 15:00:00,RBB_U,5,30,3.0,1,31,35,55,32,1,0,-1,500,6000,24,395,3466.756184750884,171339.48948678107,167872.7333020302,1.02065109751036,0.1569620253164557,8.776597936078188,2763.540153012598,-504.12232222831886,29983.54940540284,29062.967795603174,0.2998354940540284,5,2,0.4,79.0,28.376046236218322,0.3591904586863079,43,1.7281284522841356,0.11562194114770806,3416.306594397892,0.06352199496525261,False,False,False
457,70202.97323436,302846.3582319535,232643.38499759347,1.3017621723269124,0.5995623632385121,153.617009265558,1105.2786796786625,-1271.275327855702,24619.050137179052,20036.0,0.24619050137179052,10,7,0.7,45.7,14.588008774332431,0.31921244582784314,23,0.04260503312324229,2.85157115498706,160.26252727404722,1.2269958851098879,2012-01-18 10:00:00,2021-05-19 23:00:00,RBB_U,5,50,2.0,1,17,36,78,31,-1,11,-1,5000,3000,0,229,42869.326295832056,321653.31835860334,278783.9920627712,1.1537725533615992,0.5982532751091703,187.20229823507447,2347.834440573747,-3030.2607832909916,32741.956396406866,30379.05877808908,0.3274195639640687,5,3,0.6,45.8,17.79213309302738,0.38847452168182056,22,0.06977016572081746,1.309308636808782,174.9014659814272,1.2965769906202018,True,False,False
809,96102.22075664895,389087.6650854674,292985.44432881847,1.3280102224081587,0.5636588380716935,118.79137299956608,853.2624234330425,-829.9870944159163,14755.074826864773,13058.303121367338,0.14755074826864772,10,8,0.8,80.9,16.51938255504727,0.20419508720701196,40,0.03112311012639179,6.513163903559085,124.20998641811026,1.2256137957421869,2012-01-13 14:00:00,2021-05-12 17:00:00,RBB_U,5,30,3.0,1,31,35,55,32,1,0,-1,2000,3000,0,392,2843.1345080438696,375663.24420509336,372820.1096970495,1.0076260224008684,0.461734693877551,7.252894153173137,2075.487537044715,-1766.9199511708507,61853.0110634514,57942.95215007546,0.618530110634514,5,3,0.6,78.4,27.85390457368589,0.3552793950725241,43,1.0520079129347506,0.04596598385690979,8528.045461188862,0.03654856780535204,False,False,False
809,89282.01720149527,379927.0375602326,290645.0203587373,1.3071857797229633,0.5624227441285538,110.3609606940609,835.0044781543575,-821.0311309568851,12735.567937944834,10560.277550219165,0.12735567937944833,10,8,0.8,80.9,16.51938255504727,0.20419508720701196,40,0.03350058717031214,7.010446462735677,115.39921234692731,1.225591558123479,2012-01-13 14:00:00,2021-05-12 17:00:00,RBB_U,5,30,3.0,1,31,35,55,32,1,0,-1,2000,3000,24,392,3312.560189801945,373552.59245244873,370240.0322626468,1.008947061098601,0.461734693877551,8.45040864745394,2063.8264776378383,-1754.6920960315015,61853.0110634514,58602.9278446948,0.618530110634514,5,3,0.6,78.4,27.85390457368589,0.3552793950725241,43,0.9029269895859098,0.053555358629247374,7319.528988942725,0.04258304711358316,False,False,False
811,96140.08665779975,345641.1435529529,249501.05689515307,1.3853293763729444,0.5400739827373613,118.54511301824877,789.1350309428149,-668.9036377886141,14705.506607853102,13008.734902355667,0.14705506607853103,10,7,0.7,81.1,16.391766225761028,0.20211795592800283,41,0.041512340364384455,6.537692935138908,124.04987631661665,1.2251326292928515,2012-01-13 14:00:00,2021-05-12 15:00:00,RBB_U,5,30,3.0,1,31,35,55,32,1,0,-1,1500,4000,12,390,-18023.59347743506,316405.68478602055,334429.2782634556,0.9461064127787385,0.382051282051282,-46.214342249833486,2123.5280858122183,-1387.6733537902721,49096.70978519808,47603.24380241619,0.4909670978519808,5,2,0.4,78.0,27.46634304016463,0.3521326030790337,43,0.0,0.0,0.0,0.0,False,False,False
811,88821.51048879884,325445.82568369806,236624.31519489922,1.3753693292916227,0.5339087546239211,109.5209747087532,751.6069877221664,-625.9902518383577,12576.735746305683,11190.947639490354,0.12576735746305684,10,8,0.8,81.1,16.391766225761028,0.20211795592800283,41,0.03367427533645908,7.062365965261651,114.83403776994068,1.2239192888418797,2012-01-13 14:00:00,2021-05-12 15:00:00,RBB_U,5,30,3.0,1,31,35,55,32,1,0,-1,1250,3000,12,394,-12258.163985593143,283835.6768742101,296093.84085980325,0.9586004087420473,0.36548223350253806,-31.112091333992748,1971.081089404237,-1184.375363439213,40979.7707972455,39112.94169695313,0.409797707972455,5,2,0.4,78.8,27.86682615584344,0.3536399258355767,44,0.0,0.0,0.0,0.0,False,False,False
810,77809.0949340482,274238.8878702148,196429.7929361666,1.3961165654709704,0.4345679012345679,96.06061102968914,779.0877496312921,-428.88601077765634,9680.913117094708,9272.594811130322,0.09680913117094707,10,8,0.8,81.0,16.667333320000534,0.20576954716050042,40,0.051292204380256744,8.037371474458508,100.77921651052854,1.223563830833097,2012-01-13 14:00:00,2021-05-12 15:00:00,RBB_U,5,30,3.0,1,31,35,55,32,1,0,-1,500,4000,0,396,-2644.3248899897517,164210.40841204041,166854.7333020302,0.9841519336151934,0.16414141414141414,-6.677588106034727,2526.3139755698526,-504.0928498550761,29983.54940540284,29062.967795603174,0.2998354940540284,5,3,0.6,79.2,28.12401109372559,0.35510115017330285,44,0.0,0.0,0.0,0.0,False,False,False
809,94569.33709915282,373993.5378256474,279424.20072649454,1.338443616742127,0.5574783683559951,116.89658479499731,829.2539641366905,-780.5145271689792,14345.472228921397,12648.700523423962,0.14345472228921397,10,9,0.9,80.9,16.51938255504727,0.20419508720701196,40,0.03162758767002919,6.592277729867612,122.71934423130661,1.2231616204543623,2012-01-13 14:00:00,2021-05-12 15:00:00,RBB_U,5,30,3.0,1,31,35,55,32,1,0,-1,1750,3000,24,392,1223.569490553993,355214.39317049866,353990.8236799446,1.0034565005890106,0.4336734693877551,3.121350741209166,2089.496430414698,-1594.5532598195703,52898.48631946854,51662.87477707056,0.5289848631946854,5,3,0.6,78.4,27.85390457368589,0.3552793950725241,43,2.4444872343505155,0.02313051990116541,16947.30605602382,0.01700828000184169,False,False,False
807,95937.34258133333,370672.0654793617,274734.7228980283,1.3491999175398803,0.5588599752168525,118.88146540437835,821.8892804420436,-771.7267497135628,14867.90589341479,13013.780849283452,0.1486790589341479,10,6,0.6,80.7,16.22374802565671,0.20103776983465566,40,0.08010185647617511,6.4526466113715015,125.06496149623685,1.221880390476436,2012-01-13 14:00:00,2021-05-12 18:30:00,RBB_U,5,30,3.0,1,31,35,55,32,1,0,-1,4000,0,12,386,-13459.255880909754,431386.95754165936,444846.2134225691,0.9697440250702449,0.48186528497409326,-34.868538551579675,2319.2847179659107,-2224.2310671128453,84342.23812109535,81694.42641912197,0.8434223812109535,5,3,0.6,77.2,27.592752671670873,0.35741907605791284,42,0.0,0.0,0.0,0.0,False,False,False
884,110086.89821931339,409478.2193856413,299391.32116632786,1.3677023695625241,0.5588235294117647,124.53269029334093,828.9032781085856,-767.6700542726355,16353.107593214772,14498.982549083434,0.16353107593214772,10,7,0.7,88.4,18.0288657435791,0.203946445063112,44,0.054420644935102305,6.73186411767942,131.31578186173027,1.2204575270976594,2012-01-13 14:00:00,2021-05-18 23:00:00,RBB_U,5,30,3.0,1,31,36,55,32,1,0,-1,5000,6000,12,416,-86518.10918084563,438401.16623875545,524919.2754196011,0.8351782583870896,0.47836538461538464,-207.97622399241737,2203.020935873143,-2418.9828360350284,112176.00078802824,111095.55610548262,1.1217600078802823,5,1,0.2,83.2,29.728101183896698,0.35730890846029684,45,0.0,0.0,0.0,0.0,False,False,False
812,91505.35488334822,398697.7935817374,307192.4386983891,1.2978763255732053,0.583743842364532,112.69132374796578,841.1345856154798,-908.8533689301453,13430.891883336088,12892.698959073066,0.13430891883336088,10,9,0.9,81.2,16.575886099994776,0.2041365283250588,41,0.027222450567789692,6.813051261091626,119.18301637288675,1.218645813480017,2012-01-13 14:00:00,2021-05-12 23:00:00,RBB_U,5,30,3.0,1,31,35,55,32,1,0,-1,5000,2500,0,392,-64607.18013661293,408690.6327430252,473297.81287963805,0.8634957137377629,0.5510204081632653,-164.81423504237992,1892.0862626991907,-2689.192118634307,105418.65069392105,103958.72427007265,1.0541865069392105,5,2,0.4,78.4,27.85390457368589,0.3552793950725241,43,0.0,0.0,0.0,0.0,False,False,False
812,90168.88496811246,365718.87320306955,275549.98823495716,1.327232403621904,0.5554187192118226,111.04542483757692,810.9065924680034,-763.2963663018204,13051.866301142007,11355.094595644572,0.13051866301142007,10,7,0.7,81.2,16.575886099994776,0.2041365283250588,41,0.027625937715442785,6.908505104762137,117.53628139324616,1.2181585246967226,2012-01-13 14:00:00,2021-05-12 15:00:00,RBB_U,5,30,3.0,1,31,35,55,32,1,0,-1,1500,2500,0,392,-23080.917086314665,307266.9930460857,330347.91013240034,0.930131487506417,0.40816326530612246,-58.87989052631292,1920.4187065380356,-1423.913405743105,47089.86195168102,44349.403431096296,0.4708986195168102,5,3,0.6,78.4,27.85390457368589,0.3552793950725241,43,0.0,0.0,0.0,0.0,False,False,False
811,92003.53590647982,365172.62093569885,273169.08502921904,1.336800688469703,0.5536374845869297,113.44455722130681,813.3020510817346,-754.6107321249145,13647.205837665177,13127.457266534246,0.13647205837665177,10,6,0.6,81.1,16.391766225761028,0.20211795592800283,41,0.05424791504832243,6.741565782832817,120.29846271991973,1.2170298783476519,2012-01-13 14:00:00,2021-05-12 17:00:00,RBB_U,5,30,3.0,1,31,35,55,32,1,0,-1,2500,5000,12,388,-12739.941032407834,375944.0294530432,388683.97048545105,0.9672228802837015,0.4639175257731959,-32.83489956806143,2088.5779414057956,-1868.672935026207,49347.27762048585,47486.24479042713,0.4934727762048585,5,3,0.6,77.6,27.644891028904418,0.35624859573330436,42,0.0,0.0,0.0,0.0,False,False,False
811,100259.53690868308,355421.03870744316,255161.50179876003,1.3929257987662869,0.5450061652281134,123.6245831179816,804.1199970756633,-691.4945848204878,16221.776894868788,14525.005189371353,0.1622177689486879,10,8,0.8,81.1,16.391766225761028,0.20211795592800283,41,0.049780800449395944,6.180552078755121,131.21805134329531,1.21645227525888,2012-01-13 14:00:00,2021-05-12 15:00:00,RBB_U,5,30,3.0,1,31,35,55,32,1,0,-1,1750,5000,12,389,-25649.779601657443,332097.04501298757,357746.8246146451,0.9283018664685934,0.40102827763496146,-65.93773676518623,2128.8272116217154,-1535.3940970585627,60631.34498378838,58850.97012921119,0.6063134498378838,5,2,0.4,77.8,27.722914709676544,0.3563356646487988,42,0.0,0.0,0.0,0.0,False,False,False
883,115448.83222257087,447041.5415295587,331592.7093069878,1.3481645675016594,0.5775764439411099,130.74612935738492,876.552042214821,-888.9884968015759,18183.80108160001,13663.587662400052,0.1818380108160001,10,8,0.8,88.3,18.286880543165363,0.2070994398999475,43,0.02590758124113137,6.348993354276861,139.07716558014448,1.215138977623517,2012-01-13 14:00:00,2021-05-18 23:00:00,RBB_U,5,30,3.0,1,31,36,55,32,1,0,-1,4000,3000,0,420,-62799.23452497267,453885.9246464686,516685.1591714412,0.8784574447122155,0.5166666666666667,-149.52198696422064,2091.640205744095,-2545.247089514489,99695.12321265106,98158.91022995822,0.9969512321265106,5,2,0.4,84.0,29.939939879699157,0.35642785571070423,46,0.0,0.0,0.0,0.0,False,False,False
885,106074.29212114311,377892.44390722207,271818.151786079,1.3902399137958366,0.5412429378531074,119.85795719903176,788.9195071131985,-669.5028369115246,15317.989412920295,13621.21770742286,0.15317989412920294,10,7,0.7,88.5,18.161773041198373,0.20521777447681777,44,0.03762457349648907,6.9248182161343195,127.80118876449562,1.213683467106512,2012-01-13 14:00:00,2021-05-18 22:00:00,RBB_U,5,30,3.0,1,31,36,55,32,1,0,-1,1500,4000,12,418,-20668.378915957066,340110.72703737486,360779.1059533319,0.9427118184648127,0.37799043062200954,-49.445882574059965,2152.5995382112333,-1387.6119459743536,51523.83016305142,50030.36418026953,0.5152383016305142,5,2,0.4,83.6,29.560784833965418,0.353597904712505,46,0.0,0.0,0.0,0.0,False,False,False
883,112546.03976718798,414200.06946745387,301654.0297002659,1.3730964240027481,0.5571913929784824,127.45870868311209,841.8700598931989,-771.4936820978668,17323.91497924026,15627.143273742826,0.1732391497924026,10,6,0.6,88.3,18.275940468276865,0.2069755432420936,43,0.06655942772838418,6.496570775258081,135.91786044460082,1.2136289828762157,2012-01-13 14:00:00,2021-05-18 23:00:00,RBB_U,5,30,3.0,1,31,36,55,32,1,0,-1,3000,7500,12,416,-24658.393414116494,434434.2129128735,459092.60632698995,0.9462888465762974,0.46153846153846156,-59.27498416854927,2262.6781922545492,-2049.5205639597766,80570.10918876874,77922.29748679536,0.8057010918876873,5,4,0.8,83.2,29.728101183896698,0.35730890846029684,45,0.0,0.0,0.0,0.0,False,False,False
811,95691.40421270463,369851.0128530741,274159.6086403695,1.3490353837578912,0.5585696670776819,117.99186709334725,816.4481519935412,-765.8089626825963,14867.90589341479,13013.780849283452,0.1486790589341479,10,7,0.7,81.1,16.391766225761028,0.20211795592800283,41,0.05215724485457349,6.436105050616962,126.00788732033794,1.2127369741503295,2012-01-13 14:00:00,2021-05-12 21:00:00,RBB_U,5,30,3.0,1,31,35,55,32,1,0,-1,5000,5000,12,388,-72762.89173810436,405245.4475353283,478008.33927343274,0.8477790327911366,0.4896907216494845,-187.53322612913493,2132.870776501728,-2414.183531684004,98470.65950420653,97390.21482166092,0.9847065950420653,5,1,0.2,77.6,27.644891028904418,0.35624859573330436,42,0.0,0.0,0.0,0.0,False,False,False
812,85362.3632645083,358584.0563698273,273221.69310531905,1.3124289374475238,0.5541871921182266,105.12606313363091,796.8534585996163,-754.7560583019863,11813.840729993834,10117.069024496399,0.11813840729993834,10,9,0.9,81.2,16.575886099994776,0.2041365283250588,41,0.029181478871212325,7.225623335837274,112.37784786991101,1.2121442118814691,2012-01-13 14:00:00,2021-05-12 15:00:00,RBB_U,5,30,3.0,1,31,35,55,32,1,0,-1,1500,2500,24,392,-23936.568802275877,305121.9930460857,329058.5618483616,0.9272574198713405,0.40816326530612246,-61.06267551600989,1907.0124565380356,-1418.3558700360416,45900.51366764223,43335.61751323649,0.45900513667642234,5,2,0.4,78.4,27.85390457368589,0.3552793950725241,43,0.0,0.0,0.0,0.0,False,False,False
881,108790.907022676,406177.43375894486,297386.52673626883,1.3658232543909261,0.5595913734392736,123.48570604162995,823.8893179694621,-766.4601204543011,16353.107593214772,14498.982549083434,0.16353107593214772,10,7,0.7,88.1,18.024705268048077,0.2045937033830656,43,0.07271138558480887,6.652613663950667,132.4291540893142,1.2101967689967668,2012-01-13 14:00:00,2021-05-18 23:00:00,RBB_U,5,30,3.0,1,31,36,55,32,1,0,-1,5000,0,12,414,-48749.43294147122,467878.92015359993,516628.35309507116,0.9056392614740983,0.4806763285024155,-117.75225348181453,2351.150352530653,-2402.922572535215,104124.27015556395,101476.45845359057,1.0412427015556396,5,2,0.4,82.8,29.680970334542636,0.35846582529640864,45,0.0,0.0,0.0,0.0,False,False,False
457,63379.174164313874,310638.7915724351,247259.61740812124,1.2563264265660559,0.5776805251641138,138.6852826352601,1176.6620892895269,-1281.1379140317163,20642.396729834487,17307.207400729072,0.20642396729834486,10,7,0.7,45.7,14.588008774332431,0.31921244582784314,23,0.06297021147124954,3.070339892882296,148.8434557553135,1.2097336540449826,2012-01-18 10:00:00,2021-05-19 14:00:00,RBB_U,5,50,2.0,1,17,36,78,31,-1,11,-1,4000,4000,0,229,10670.072916853263,335361.38652191305,324691.31360505975,1.0328622062548674,0.5240174672489083,46.59420487708849,2794.678221015942,-2978.8193908721078,41923.65137372504,38883.181506210065,0.4192365137372504,5,3,0.6,45.8,17.79213309302738,0.38847452168182056,22,0.37403680659916194,0.25451201332001716,899.7610643709027,0.2851949305665003,False,False,False
1289,139118.22375513724,532876.415602549,393758.1918474117,1.3533087733424174,0.5128006206361521,107.92724884029266,806.1670432716323,-627.0034902028848,12506.633229961648,11489.214712908823,0.12506633229961647,10,8,0.8,128.9,25.418300493935465,0.19719395262944503,57,0.053846288414269514,11.123555092497412,115.88021898407295,1.2094846102921712,2012-01-13 14:00:00,2021-05-18 22:00:00,RBB_U,6,30,3.0,1,152,36,55,32,1,0,-1,1000,7500,92,627,29143.823136957537,481036.4737805223,451892.65064356476,1.064492801764871,0.2647527910685805,46.48137661396736,2897.810083015195,-980.2443614827869,40148.17971665983,38083.54485050916,0.4014817971665983,5,3,0.6,125.4,42.52810835200644,0.33913962003194925,67,0.25703559772501494,0.7259064630734443,863.747647796549,0.2907270885034321,False,False,False
457,51944.06354646769,184108.7717819381,132164.7082354704,1.393025220120956,0.3785557986870897,113.66315874500589,1064.2125536528213,-465.3686909699662,13874.412938011323,11919.0782313409,0.13874412938011324,10,8,0.8,45.7,14.588008774332431,0.31921244582784314,23,0.09608412702512564,3.7438746978733826,122.06605105122449,1.2093495853613234,2012-01-18 10:00:00,2021-05-19 04:30:00,RBB_U,5,50,2.0,1,17,36,78,31,-1,11,-1,500,5000,0,229,-7449.507710138583,96752.45818330493,104201.96589344353,0.9285089523382272,0.10480349344978165,-32.53060135431696,4031.352424304372,-508.302272650944,18999.538997565673,15748.538997565673,0.18999538997565674,5,2,0.4,45.8,17.79213309302738,0.38847452168182056,22,0.0,0.0,0.0,0.0,False,False,False
810,96152.09411642261,373971.7150252551,277819.6209088325,1.346095404643775,0.5567901234567901,118.7062890326205,829.205576552672,-773.8708103310098,15147.205837665177,13900.687866107426,0.15147205837665176,10,6,0.6,81.0,16.24807680927192,0.20059354085520892,41,0.0623075353173899,6.347843631815576,127.60238704372877,1.2087790149005562,2012-01-13 14:00:00,2021-05-12 17:00:00,RBB_U,5,30,3.0,1,31,35,55,32,1,0,-1,3000,6000,12,388,-24166.23034791067,393390.6239223083,417556.854270219,0.9421246948750321,0.47164948453608246,-62.284098834821314,2149.675540559062,-2036.8627037571657,67437.63837079893,64816.82666882557,0.6743763837079892,5,2,0.4,77.6,27.644891028904418,0.35624859573330436,42,0.0,0.0,0.0,0.0,False,False,False
457,54296.24391899191,194909.8711502355,140613.6272312436,1.3861378515590101,0.5711159737417943,118.81016174834116,746.7811155181437,-717.4164654655285,15290.343784351106,12217.630867193482,0.15290343784351104,10,9,0.9,45.7,14.588008774332431,0.31921244582784314,23,0.055086683426250754,3.5510152475813768,128.69558932794394,1.2041605889854379,2012-01-18 10:00:00,2021-05-19 09:30:00,RBB_U,5,50,2.0,1,17,36,78,31,-1,11,-1,2000,3000,24,229,-1501.2747158532293,190803.80718866287,192305.08190451615,0.9921932655081955,0.4890829694323144,-6.55578478538528,1703.6054213273471,-1643.6331786710782,22151.818158842958,19850.734153189653,0.2215181815884296,5,2,0.4,45.8,17.79213309302738,0.38847452168182056,22,0.0,0.0,0.0,0.0,False,False,False
884,95121.74837421792,324078.5601052663,228956.81173104834,1.4154571670309415,0.49321266968325794,107.60378775364018,743.2994497827208,-511.06431189966145,12720.986367269317,11847.26504535219,0.12720986367269319,10,8,0.8,88.4,18.0288657435791,0.203946445063112,44,0.07875170639767574,7.477545028973781,118.2206187424752,1.1956570048780584,2012-01-13 14:00:00,2021-05-18 21:00:00,RBB_U,5,30,3.0,1,31,36,55,32,1,0,-1,750,7500,12,423,-12954.909862706874,228990.49002964306,241945.39989234996,0.9464552338318025,0.2293144208037825,-30.626264450843674,2360.7267013365263,-742.1638033507668,27016.43242804476,25106.32673624713,0.2701643242804476,5,1,0.2,84.6,30.447331574376104,0.3598975363401431,46,0.0,0.0,0.0,0.0,False,False,False
457,56538.142926065135,195723.61899812723,139185.47607206213,1.4062072029469006,0.5645514223194749,123.71584885353421,758.6186782873149,-699.4245028746841,16816.664520269784,13985.630867193482,0.16816664520269783,10,9,0.9,45.7,14.588008774332431,0.31921244582784314,23,0.1059638624465332,3.362030731951482,135.92975092608256,1.195624638552781,2012-01-18 10:00:00,2021-05-19 09:00:00,RBB_U,5,50,2.0,1,17,36,78,31,-1,11,-1,1750,6000,24,229,-9121.533392231737,185746.26169328138,194867.79508551312,0.9531911705152256,0.4497816593886463,-39.83202354686348,1803.3617640124405,-1546.5698022659772,24449.80503875731,22377.600777712134,0.2444980503875731,5,2,0.4,45.8,17.79213309302738,0.38847452168182056,22,0.0,0.0,0.0,0.0,False,False,False
457,56362.17115424638,195547.6472263085,139185.47607206213,1.4049429060045413,0.5645514223194749,123.33079027187392,757.9366171562345,-699.4245028746841,16816.664520269784,13985.630867193482,0.16816664520269783,10,9,0.9,45.7,14.588008774332431,0.31921244582784314,23,0.07968110362018309,3.3515666014690875,136.35414549115146,1.191903324494917,2012-01-18 10:00:00,2021-05-19 09:00:00,RBB_U,5,50,2.0,1,17,36,78,31,-1,11,-1,1750,4500,24,229,-7028.449022353103,186080.34606316002,193108.79508551312,0.9636036824773272,0.45414847161572053,-30.69191712817949,1789.234096761154,-1544.870360684105,21381.186834675238,19269.529709494527,0.2138118683467524,5,1,0.2,45.8,17.79213309302738,0.38847452168182056,22,0.0,0.0,0.0,0.0,False,False,False
812,89125.73725991732,397424.5895962896,308298.85233637237,1.2890887740401828,0.5825123152709359,109.76076017231198,840.2211196538892,-909.4361425851693,13430.891883336088,12892.698959073066,0.13430891883336088,10,9,0.9,81.2,16.575886099994776,0.2041365283250588,41,0.027949277914363822,6.635876309189636,122.36515000671558,1.1869546511630777,2012-01-13 14:00:00,2021-05-12 18:30:00,RBB_U,5,30,3.0,1,31,35,55,32,1,0,-1,4000,2500,0,392,-56485.6254508747,396506.14352937153,452991.76898024627,0.8753054043828821,0.5382653061224489,-144.0959832930477,1879.1760356842253,-2502.7169556919685,94470.92073033375,92996.82172451247,0.9447092073033375,5,1,0.2,78.4,27.85390457368589,0.3552793950725241,43,0.0,0.0,0.0,0.0,False,False,False
457,62184.18573014483,300106.9826835228,237922.79695337795,1.2613628728579973,0.5908096280087527,136.07042829353355,1111.5073432723066,-1272.3144222105773,20642.396729834487,16059.346592655435,0.20642396729834486,10,7,0.7,45.7,14.588008774332431,0.31921244582784314,23,0.048099045840686507,3.012449888644468,151.7037683257992,1.1869246202563604,2012-01-18 10:00:00,2021-05-19 14:00:00,RBB_U,5,50,2.0,1,17,36,78,31,-1,11,-1,4000,3000,0,229,3640.6951210794286,304591.3340576594,300950.6389365799,1.0120973164700497,0.5676855895196506,15.898231969779165,2343.0102619819954,-3039.9054438038374,43215.351532582725,41657.01246878533,0.43215351532582724,5,3,0.6,45.8,17.79213309302738,0.38847452168182056,22,0.8215464081796553,0.08424541261302673,2718.2488980366165,0.0958449535802422,False,False,False
885,105372.02416138136,397140.44764118735,291768.42347980605,1.3611495133868532,0.5536723163841808,119.0644340806569,810.4907094718109,-738.6542366577369,15866.790288747514,14170.01858325008,0.15866790288747515,10,6,0.6,88.5,18.161773041198373,0.20521777447681777,44,0.04736551318741006,6.641042217348117,133.2622156335871,1.1846142653972893,2012-01-13 14:00:00,2021-05-18 23:00:00,RBB_U,5,30,3.0,1,31,36,55,32,1,0,-1,2250,5000,12,416,-34406.77205042083,381871.56902290694,416278.3410733278,0.9173467157534384,0.4326923076923077,-82.70858665966544,2121.5087167939273,-1763.89127573444,70179.59932945378,67651.82318907222,0.7017959932945378,5,4,0.8,83.2,29.728101183896698,0.35730890846029684,45,0.0,0.0,0.0,0.0,False,False,False
457,55962.67442756836,195148.1504996305,139185.47607206213,1.402072658777947,0.5645514223194749,122.45661800343186,756.388180231126,-699.4245028746841,16816.664520269784,13985.630867193482,0.16816664520269783,10,9,0.9,45.7,14.588008774332431,0.31921244582784314,23,0.10026671534069669,3.3278105988327447,137.3275270414417,1.1834550786786004,2012-01-18 10:00:00,2021-05-19 09:00:00,RBB_U,5,50,2.0,1,17,36,78,31,-1,11,-1,1750,0,24,229,-5141.886660365504,189725.90842514762,194867.79508551312,0.9736134610744217,0.4497816593886463,-22.453653538713993,1841.9991109237633,-1546.5698022659772,24398.094506477697,22325.89024543252,0.24398094506477697,5,2,0.4,45.8,17.79213309302738,0.38847452168182056,22,0.0,0.0,0.0,0.0,False,False,False
810,76530.95027623074,271782.07792114536,195251.1276449146,1.3919616301290234,0.4345679012345679,94.48265466201326,772.1081759123448,-426.3125057749227,10045.913117094708,9669.300369943467,0.10045913117094707,10,8,0.8,81.0,16.667333320000534,0.20576954716050042,40,0.05868214080434372,7.618117873824853,106.32547479779551,1.1813996154192121,2012-01-13 14:00:00,2021-05-12 15:00:00,RBB_U,5,30,3.0,1,31,35,55,32,1,0,-1,500,4500,24,395,-12231.783750156574,155640.9495518736,167872.7333020302,0.9271365664360178,0.1569620253164557,-30.966541139636895,2510.3378959979614,-504.12232222831886,31447.841492728927,30687.160755570454,0.3144784149272893,5,2,0.4,79.0,28.376046236218322,0.3591904586863079,43,0.0,0.0,0.0,0.0,False,False,False
884,93861.22063750762,322818.032368556,228956.81173104834,1.4099516407826505,0.49321266968325794,106.1778513998955,740.4083311205413,-511.06431189966145,12720.986367269332,11847.26504535219,0.12720986367269332,10,8,0.8,88.4,18.0288657435791,0.203946445063112,44,0.06382827710218328,7.378454620390866,119.80828581055513,1.1798124809495085,2012-01-13 14:00:00,2021-05-18 21:00:00,RBB_U,5,30,3.0,1,31,36,55,32,1,0,-1,750,6000,12,423,-11867.542102520449,229318.8577898295,241186.39989234996,0.9507951438894673,0.23167848699763594,-28.055655088700824,2339.9883447941784,-742.1119996687692,25290.240768662756,23293.148464582417,0.2529024076866276,5,1,0.2,84.6,30.447331574376104,0.3598975363401431,46,0.0,0.0,0.0,0.0,False,False,False
810,76368.11659121272,271619.24423612736,195251.1276449146,1.3911276596061277,0.4345679012345679,94.28162542125027,771.6455802162709,-426.3125057749227,10045.913117094708,9669.300369943467,0.10045913117094707,10,8,0.8,81.0,16.667333320000534,0.20576954716050042,40,0.06535449900795758,7.601908925656574,106.55218418445345,1.1788859702578331,2012-01-13 14:00:00,2021-05-12 15:00:00,RBB_U,5,30,3.0,1,31,35,55,32,1,0,-1,500,5000,24,395,-6045.166412255967,161827.56688977423,167872.7333020302,0.9639895872703774,0.1569620253164557,-15.304218765204979,2610.122046609262,-504.12232222831886,29983.54940540284,29062.967795603174,0.2998354940540284,5,2,0.4,79.0,28.376046236218322,0.3591904586863079,43,0.0,0.0,0.0,0.0,False,False,False
883,93661.92030619056,321859.7320372389,228197.81173104834,1.4104417986995403,0.49377123442808607,106.07238992773563,738.2103945808232,-510.5096459307569,12720.986367269317,11847.26504535219,0.12720986367269319,10,8,0.8,88.3,17.9,0.20271800679501698,44,0.08204785062097092,7.362787570245309,119.92740406750329,1.1786406286331075,2012-01-13 14:00:00,2021-05-18 21:00:00,RBB_U,5,30,3.0,1,31,36,55,32,1,0,-1,750,0,12,422,-2748.4952443228103,238437.90464802715,241186.39989234996,0.9886042693719481,0.22985781990521326,-6.513021905978223,2458.122728330177,-742.1119996687692,26315.23503875429,23936.509353523317,0.2631523503875429,5,1,0.2,84.4,30.190064590855055,0.357702187095439,46,0.0,0.0,0.0,0.0,False,False,False
811,93391.00457498724,357412.7767680362,264021.77219304885,1.3537246333862998,0.5487053020961775,115.15536938962669,803.1747792540139,-721.3709622760897,15036.82017323409,13340.048467736655,0.1503682017323409,10,6,0.6,81.1,16.391766225761028,0.20211795592800283,41,0.048088143182933675,6.21082140366522,130.57854143437467,1.1769164598779829,2012-01-13 14:00:00,2021-05-12 17:00:00,RBB_U,5,30,3.0,1,31,35,55,32,1,0,-1,2000,4500,12,388,-21344.256824781216,349012.2095895934,370356.46641437465,0.9423683430414304,0.43041237113402064,-55.01097119788973,2089.8934705963675,-1675.8211149971703,71164.81358560346,69384.43873102627,0.7116481358560346,5,2,0.4,77.6,27.644891028904418,0.35624859573330436,42,0.0,0.0,0.0,0.0,False,False,False
811,89275.04262492996,356851.9445945759,267576.901969646,1.3336425602052053,0.5524044389642416,110.08020052395803,796.5445191843212,-737.1264517070138,13754.30748368032,12886.191842252509,0.1375430748368032,10,6,0.6,81.1,16.391766225761028,0.20211795592800283,41,0.04470454320327053,6.490697022067891,124.94805985284167,1.1763303291371892,2012-01-13 14:00:00,2021-05-12 17:00:00,RBB_U,5,30,3.0,1,31,35,55,32,1,0,-1,2250,4000,12,389,2280.81960570877,378363.7402760901,376082.92067038134,1.0060646721250812,0.45758354755784064,5.863289474829743,2125.638990315113,-1782.3835102861674,50732.65478240881,47472.36357944605,0.5073265478240881,5,3,0.6,77.8,27.389048906451645,0.35204433041711625,43,1.7498095816130044,0.044957623753204966,8652.592542155184,0.03262398348620239,False,False,False
883,106997.7266349586,441438.0962190195,334440.36958406086,1.3199306554051184,0.5719139297848245,121.1752283521615,874.1348439980584,-884.7628824975155,16708.711155256984,14476.296253975474,0.16708711155256983,10,8,0.8,88.3,18.286880543165363,0.2070994398999475,43,0.02795386494709666,6.40370915750102,137.88883571729565,1.1748483684243543,2012-01-13 14:00:00,2021-05-18 23:00:00,RBB_U,5,30,3.0,1,31,36,55,32,1,0,-1,3000,3000,0,420,-30761.911031008494,440860.68878149625,471622.5998125047,0.9347743067375525,0.5,-73.24264531192499,2099.33661324522,-2245.82190386907,74637.23438169529,72183.15904537632,0.7463723438169529,5,3,0.6,84.0,29.939939879699157,0.35642785571070423,46,0.0,0.0,0.0,0.0,False,False,False
883,107430.27244572889,431737.6823083487,324307.40986261977,1.3312606162506049,0.5685164212910532,121.66508770750723,860.0352237218102,-851.2005508205243,16852.474654777776,10900.029947017727,0.16852474654777777,10,8,0.8,88.3,18.286880543165363,0.2070994398999475,43,0.027841314481548758,6.374747605110432,138.51528792953732,1.1745555982901859,2012-01-13 14:00:00,2021-05-18 23:00:00,RBB_U,5,30,3.0,1,31,36,55,32,1,0,-1,2500,3000,24,420,97.93669458253135,428962.70304629544,428864.76635171287,1.0002283626501092,0.49047619047619045,0.23318260614888414,2082.343218671337,-2004.0409642603406,53303.207480587764,50912.66731240072,0.5330320748058777,5,3,0.6,84.0,29.939939879699157,0.35642785571070423,46,30.5401362865017,0.0018373508689547141,228589.98087770896,0.0012657820342120635,False,False,False
884,105879.1954693509,408860.0154001935,302980.8199308426,1.3494584095901467,0.5576923076923077,119.77284555356437,829.3306600409604,-774.8870074957612,16353.107593214772,14498.982549083434,0.16353107593214772,10,6,0.6,88.4,18.0288657435791,0.203946445063112,44,0.0565833540143798,6.474561172292554,136.53434981555478,1.17380962824642,2012-01-13 14:00:00,2021-05-18 23:00:00,RBB_U,5,30,3.0,1,31,36,55,32,1,0,-1,4000,6000,12,416,-73420.20068931213,425988.28100015444,499408.48168946663,0.852985675291424,0.46875,-176.4908670416157,2184.5552871802793,-2259.7668854727,106561.89344048241,105481.4487579368,1.0656189344048241,5,1,0.2,83.2,29.728101183896698,0.35730890846029684,45,0.0,0.0,0.0,0.0,False,False,False
458,54481.69254056271,245772.41087405782,191290.71833349508,1.2848109569309039,0.6179039301310044,118.95566056891421,868.4537486715824,-1093.0898190485434,16151.599327671174,14915.295527091286,0.16151599327671173,10,7,0.7,45.8,14.627371602581238,0.3193749258205511,23,0.0273669911941506,3.3731453731163215,135.77831647880362,1.1730507289190422,2012-01-18 10:00:00,2021-05-19 09:30:00,RBB_U,5,50,2.0,1,17,36,78,31,-1,11,-1,2500,1500,0,229,-6906.261797396088,200964.09910591925,207870.36090331536,0.966776110998295,0.611353711790393,-30.158348460244923,1435.4578507565661,-2335.6220326215207,21592.177139848623,20833.0,0.21592177139848623,5,3,0.6,45.8,17.79213309302738,0.38847452168182056,22,0.0,0.0,0.0,0.0,False,False,False
807,92936.76533113833,368751.59180991177,275814.82647877344,1.3369534789613302,0.5576208178438662,115.16327798158406,819.447981799804,-772.5905503607099,15147.205837665177,13900.687866107426,0.15147205837665176,10,6,0.6,80.7,16.22374802565671,0.20103776983465566,40,0.08268804298034717,6.1355715586858235,131.52808866805086,1.1727007460661498,2012-01-13 14:00:00,2021-05-12 17:00:00,RBB_U,5,30,3.0,1,31,35,55,32,1,0,-1,3000,0,12,386,12590.328212559485,424129.18248277844,411538.854270219,1.0305932916951082,0.4740932642487047,32.61743060248571,2317.645805916822,-2027.2849964050197,63973.17142819158,61490.144665031614,0.6397317142819158,5,3,0.6,77.2,27.592752671670873,0.35741907605791284,42,1.1026551407945513,0.19680637885354552,1961.3185418509422,0.16161819549816964,False,False,False
886,88873.93507763863,374253.35205088323,285379.4169732447,1.3114237740767785,0.5428893905191874,100.30918180320387,778.0734969872832,-704.6405357364066,11515.633229961648,10343.630486638987,0.11515633229961648,10,8,0.8,88.6,18.320480343047777,0.20677743050843994,44,0.02802846523926175,7.717676770601231,114.80138730025848,1.1714836261887966,2012-01-13 14:00:00,2021-05-18 22:00:00,RBB_U,5,30,3.0,1,31,36,55,32,1,0,-1,1250,2500,24,422,-18789.20813762216,302093.0816808392,320882.2898184613,0.9414451693539956,0.36729857819905215,-44.52418989957858,1948.9876237473495,-1201.8063289080947,39450.835107445724,37111.00600715335,0.39450835107445725,5,2,0.4,84.4,29.950626036862733,0.3548652374035869,47,0.0,0.0,0.0,0.0,False,False,False
813,73010.32873471943,295543.8660147091,222533.53727998972,1.328086856602016,0.5055350553505535,89.80360237972869,719.084832152577,-553.5660131343028,9237.637172290066,8634.459133308195,0.09237637172290065,10,8,0.8,81.3,16.73349933516597,0.20582410006354207,41,0.027270114167465696,7.90357180878752,102.86488434204809,1.1709888372516437,2012-01-13 14:00:00,2021-05-12 15:00:00,RBB_U,5,30,3.0,1,31,35,55,32,1,0,-1,750,2000,0,396,-31235.307403289866,182606.68246578076,213841.98986907065,0.8539327686652449,0.27525252525252525,-78.87703889719663,1675.2906648236767,-745.0940413556468,35513.98237166712,34469.73490082486,0.35513982371667124,5,1,0.2,79.2,28.12401109372559,0.35510115017330285,44,0.0,0.0,0.0,0.0,False,False,False
883,108175.60470575483,415888.2800673691,307712.6753616143,1.3515474446368847,0.5571913929784824,122.50917860221385,845.3013822507502,-786.9889395437707,17245.980605136763,15549.208899639329,0.17245980605136763,10,8,0.8,88.3,18.286880543165363,0.2070994398999475,43,0.02764948722159426,6.272511095920775,140.77296739646178,1.1691335632361979,2012-01-13 14:00:00,2021-05-18 23:00:00,RBB_U,5,30,3.0,1,31,36,55,32,1,0,-1,1750,3000,0,420,2093.7657839453823,383467.72282850026,381373.9570445549,1.005490059678356,0.43333333333333335,4.985156628441386,2106.965510046705,-1602.411584220819,54334.60669732188,52670.14457399012,0.5433460669732187,5,3,0.6,84.0,29.939939879699157,0.35642785571070423,46,1.428526544341515,0.03853466347164307,10899.277745323248,0.026802789220556247,False,False,False
811,92164.4060382332,367189.25117908197,275024.8451408487,1.33511301857486,0.5573366214549939,113.64291743308655,812.3655999537211,-766.085919612392,14867.90589341479,13013.780849283452,0.1486790589341479,10,7,0.7,81.1,16.391766225761028,0.20211795592800283,41,0.048728139127126445,6.198882794856412,130.83002644814252,1.1680378590194187,2012-01-13 14:00:00,2021-05-12 21:00:00,RBB_U,5,30,3.0,1,31,35,55,32,1,0,-1,5000,4500,12,388,-67450.95161737768,408952.2191026285,476403.1707200062,0.8584162411945401,0.49742268041237114,-173.84265880767444,2118.923415039526,-2443.093183179519,96912.28073344516,95831.83605089955,0.9691228073344517,5,1,0.2,77.6,27.644891028904418,0.35624859573330436,42,0.0,0.0,0.0,0.0,False,False,False
457,47187.252295952574,181094.76737680926,133907.5150808567,1.352386886333151,0.5361050328227571,103.25438139158112,739.1623158237113,-631.6392220795128,12293.66062712123,10211.716066817338,0.12293660627121229,10,9,0.9,45.7,14.588008774332431,0.31921244582784314,23,0.12696225587421775,3.8383402411363194,119.0618786480241,1.1670980034048437,2012-01-18 10:00:00,2021-05-19 05:00:00,RBB_U,5,50,2.0,1,17,36,78,31,-1,11,-1,1000,6000,24,229,-42049.40236616972,117548.1458969887,159597.54826315842,0.7365285192424449,0.2794759825327511,-183.62184439375423,1836.6897796404485,-967.2578682615662,47144.17237223065,45158.71292621375,0.47144172372230647,5,1,0.2,45.8,17.79213309302738,0.38847452168182056,22,0.0,0.0,0.0,0.0,False,False,False
457,50726.62711417176,208318.77999250696,157592.15287833515,1.3218854885073748,0.4573304157549234,110.99918405726862,996.7405741268276,-635.4522293481256,14225.944560303891,12849.258886798976,0.1422594456030389,10,8,0.8,45.7,14.588008774332431,0.31921244582784314,23,0.058963116023229324,3.5657827077239888,128.16260480765513,1.1663225631871208,2012-01-18 10:00:00,2021-05-19 05:00:00,RBB_U,5,50,2.0,1,17,36,78,31,-1,11,-1,750,3000,0,229,-39225.15108910969,104784.26701373541,144009.4181028451,0.7276209319789291,0.16593886462882096,-171.28886938475847,2757.480710887774,-753.9760110096603,43114.601893997344,43114.601893997344,0.43114601893997345,5,1,0.2,45.8,17.79213309302738,0.38847452168182056,22,0.0,0.0,0.0,0.0,False,False,False
883,110695.09055886185,437915.8418813655,327220.75132250367,1.338288724390106,0.5764439411098528,125.3625034641697,860.3454653857868,-874.9217949799563,18183.801081600024,10750.480469403716,0.18183801081600023,10,9,0.9,88.3,18.286880543165363,0.2070994398999475,43,0.02702016850882418,6.087566073898208,145.04976032803302,1.1651041988048845,2012-01-13 14:00:00,2021-05-18 23:00:00,RBB_U,5,30,3.0,1,31,36,55,32,1,0,-1,4000,3000,24,420,-56438.85064885807,451880.2728938239,508319.123542682,0.8889696491142949,0.5166666666666667,-134.37821583061444,2082.3975709392807,-2504.035091343261,100476.42635412567,99060.08588171296,1.0047642635412566,5,2,0.4,84.0,29.939939879699157,0.35642785571070423,46,0.0,0.0,0.0,0.0,False,False,False
881,104583.20427271351,405559.2297734971,300976.0255007836,1.3474801825118832,0.5584562996594779,118.70965297697335,824.3073775884087,-773.7172892050992,16353.107593214772,14498.982549083434,0.16353107593214772,10,6,0.6,88.1,18.024705268048077,0.2045937033830656,43,0.0756367874139686,6.395310718563801,137.75718472015802,1.1633900237249215,2012-01-13 14:00:00,2021-05-18 23:00:00,RBB_U,5,30,3.0,1,31,36,55,32,1,0,-1,4000,0,12,414,-39654.45142023289,452463.1079447038,492117.55936493666,0.9194207752484878,0.47101449275362317,-95.78369908268813,2320.3236304856605,-2247.112143218889,101114.43744312553,98466.62574115215,1.0111443744312554,5,2,0.4,82.8,29.680970334542636,0.35846582529640864,45,0.0,0.0,0.0,0.0,False,False,False
883,108622.37088937685,433336.3819565419,324714.01106716506,1.3345170432664484,0.5673839184597962,123.01514257007571,864.9428781567702,-850.036678186296,17572.715964718525,15875.94425922109,0.17572715964718524,10,8,0.8,88.3,18.286880543165363,0.2070994398999475,43,0.027535764276827406,6.181308063446909,142.8500231563623,1.1629969521014294,2012-01-13 14:00:00,2021-05-18 23:00:00,RBB_U,5,30,3.0,1,31,36,55,32,1,0,-1,2250,3000,0,420,-10765.786005235386,410118.1829592354,420883.9689644708,0.9744210119674475,0.46904761904761905,-25.632823821989014,2081.8181876103317,-1887.3720581366404,65107.72261956709,61430.49410133424,0.6510772261956709,5,4,0.8,84.0,29.939939879699157,0.35642785571070423,46,0.0,0.0,0.0,0.0,False,False,False
811,95838.77523469088,352759.2770334509,256920.50179876003,1.3730289119151697,0.5437731196054254,118.17358228691847,799.9076576722242,-694.3797345912433,16221.776894868788,14525.005189371353,0.1622177689486879,10,7,0.7,81.1,16.391766225761028,0.20211795592800283,41,0.04685994775081795,5.908031891685445,137.27075528169462,1.1628150277459273,2012-01-13 14:00:00,2021-05-12 15:00:00,RBB_U,5,30,3.0,1,31,35,55,32,1,0,-1,1750,4500,12,389,-20695.933121925606,334812.8165802879,355508.74970221345,0.9417850245900805,0.40616966580976865,-53.20291290983446,2119.0684593689107,-1538.9989164597985,59198.831551803865,57418.45669722668,0.5919883155180387,5,2,0.4,77.8,27.722914709676544,0.3563356646487988,42,0.0,0.0,0.0,0.0,False,False,False
457,47011.280524133836,180918.79560499056,133907.5150808567,1.3510727571618908,0.5361050328227571,102.86932280992086,738.444063693839,-631.6392220795128,12293.66062712123,10211.716066817338,0.12293660627121229,10,8,0.8,45.7,14.588008774332431,0.31921244582784314,23,0.09553026316087025,3.824026215627064,119.50754891073913,1.1627456350521124,2012-01-18 10:00:00,2021-05-19 05:00:00,RBB_U,5,50,2.0,1,17,36,78,31,-1,11,-1,1000,4500,24,229,-41168.727213691105,117419.82104946731,158588.54826315842,0.7404054223046634,0.2838427947598253,-179.77610136983014,1806.45878537642,-967.0033430680392,43263.49721975203,41152.98827548011,0.43263497219752034,5,0,0.0,45.8,17.79213309302738,0.38847452168182056,22,0.0,0.0,0.0,0.0,False,False,False
883,83623.81452427793,298937.5877635896,215313.77323931165,1.3883811670112427,0.43035107587768967,94.70420670926153,786.6778625357621,-428.05919133063946,10453.779123904307,9957.657871258285,0.10453779123904307,10,8,0.8,88.3,18.286880543165363,0.2070994398999475,43,0.07164227121283344,7.999386014676563,110.38347172894895,1.1608391798121267,2012-01-13 14:00:00,2021-05-18 21:00:00,RBB_U,5,30,3.0,1,31,36,55,32,1,0,-1,500,6000,0,423,-790.7461831320979,180315.98711889808,181106.7333020302,0.9956338112409471,0.15130023640661938,-1.8693763194612245,2817.4372987327824,-504.47558022849637,32528.54940540284,31607.967795603174,0.3252854940540284,5,2,0.4,84.6,30.447331574376104,0.3598975363401431,46,0.0,0.0,0.0,0.0,False,False,False
885,107726.23210559672,387388.86541293166,279662.6333073349,1.3852006642131955,0.5457627118644067,121.72455605152172,802.0473403994445,-695.6781923068032,17334.25969993598,15637.487994438547,0.1733425969993598,10,7,0.7,88.5,18.161773041198373,0.20521777447681777,44,0.04633040534739636,6.2146427923884495,142.40561035686997,1.1586839650845968,2012-01-13 14:00:00,2021-05-18 23:00:00,RBB_U,5,30,3.0,1,31,36,55,32,1,0,-1,1750,5000,12,417,-30605.270789391114,356176.05530998064,386781.32609937177,0.9208719017072504,0.39568345323741005,-73.39393474674128,2158.642759454428,-1534.8465321403642,69400.70801019248,67534.36233346816,0.6940070801019248,5,3,0.6,83.4,29.816773802676913,0.35751527341339223,45,0.0,0.0,0.0,0.0,False,False,False
886,95771.4041214285,396452.9879195565,300681.58379812806,1.3185143662996253,0.554176072234763,108.09413557723306,807.4398939298503,-761.2191994889318,13714.3491062092,12017.577400711765,0.137143491062092,10,8,0.8,88.6,18.320480343047777,0.20677743050843994,44,0.026009851508929146,6.98329927142279,126.8741271945352,1.1567885454894817,2012-01-13 14:00:00,2021-05-18 22:00:00,RBB_U,5,30,3.0,1,31,36,55,32,1,0,-1,1500,2500,0,420,-26256.426505044365,329261.1461718106,355517.5726768549,0.9261459108551298,0.40476190476190477,-62.51530120248658,1936.8302715988857,-1422.0702907074196,50307.804657569926,47797.83109577706,0.5030780465756992,5,3,0.6,84.0,29.939939879699157,0.35642785571070423,46,0.0,0.0,0.0,0.0,False,False,False
810,74927.19283257157,270178.3204774862,195251.1276449146,1.3837478110182022,0.4345679012345679,92.50270720070564,767.5520468110403,-426.3125057749227,10045.913117094708,9669.300369943467,0.10045913117094707,10,8,0.8,81.0,16.667333320000534,0.20576954716050042,40,0.053265041023465035,7.458475099199407,108.60128769310303,1.1566425933212767,2012-01-13 14:00:00,2021-05-12 15:00:00,RBB_U,5,30,3.0,1,31,35,55,32,1,0,-1,500,4000,24,396,-2744.3248899897517,164110.40841204041,166854.7333020302,0.9835526098919701,0.16414141414141414,-6.930113358559979,2524.775514031391,-504.0928498550761,29983.54940540284,29062.967795603174,0.2998354940540284,5,3,0.6,79.2,28.12401109372559,0.35510115017330285,44,0.0,0.0,0.0,0.0,False,False,False
885,91793.97856048273,351019.9263696027,259225.94780911997,1.3541079870139963,0.5333333333333333,103.72200967286184,743.6862846813616,-627.665733193995,12689.218551372876,11274.802077286866,0.12689218551372877,10,6,0.6,88.5,18.161773041198373,0.20521777447681777,44,0.032583836618752075,7.2340135201273945,122.33872628764658,1.1539657821150113,2012-01-13 14:00:00,2021-05-18 22:00:00,RBB_U,5,30,3.0,1,31,36,55,32,1,0,-1,1250,3000,12,422,-14926.184448728898,303686.3189555289,318612.5034042578,0.95315254646554,0.36255924170616116,-35.37010532874147,1984.8779016701235,-1184.4330981570922,43406.89117509884,41540.06207480647,0.4340689117509884,5,2,0.4,84.4,29.950626036862733,0.3548652374035869,47,0.0,0.0,0.0,0.0,False,False,False
813,72386.70439523636,292991.60549738014,220604.9011021438,1.3281282692886323,0.5043050430504306,89.03653677150844,714.6136719448295,-547.4067024867092,9356.417945824262,8922.340264700924,0.09356417945824262,10,7,0.7,81.3,16.73349933516597,0.20582410006354207,41,0.027505051053699086,7.736583040044968,105.08515138942715,1.1535937631255393,2012-01-13 14:00:00,2021-05-12 15:00:00,RBB_U,5,30,3.0,1,31,35,55,32,1,0,-1,750,2000,24,396,-30695.959119251078,182606.68246578076,213302.64158503187,0.8560919879324872,0.27525252525252525,-77.51504828093707,1675.2906648236767,-743.214779041923,34974.634087628336,33930.38661678607,0.34974634087628337,5,1,0.2,79.2,28.12401109372559,0.35510115017330285,44,0.0,0.0,0.0,0.0,False,False,False
457,46611.7837974558,180519.29887831252,133907.5150808567,1.3480893792205049,0.5361050328227571,101.99515054147878,736.8134648094389,-631.6392220795128,12293.66062712123,10211.716066817338,0.12293660627121229,10,9,0.9,45.7,14.588008774332431,0.31921244582784314,23,0.12038143768356184,3.791530058559193,120.53181510940284,1.152864749656446,2012-01-18 10:00:00,2021-05-19 05:00:00,RBB_U,5,50,2.0,1,17,36,78,31,-1,11,-1,1000,0,24,229,-36081.10786474439,123516.44039841404,159597.54826315842,0.7739244226656246,0.2794759825327511,-157.55942299015015,1929.9443812252193,-967.2578682615662,45103.814070391934,43118.35462437504,0.45103814070391934,5,1,0.2,45.8,17.79213309302738,0.38847452168182056,22,0.0,0.0,0.0,0.0,False,False,False
885,104980.91310033316,392042.36514751695,287061.45204718376,1.365708848581584,0.5502824858757062,118.62250067834255,805.015123506195,-721.2599297667933,16649.302978301283,14952.531272803848,0.16649302978301284,10,6,0.6,88.5,18.161773041198373,0.20521777447681777,44,0.047541975513491326,6.3054239109680905,140.35535318419588,1.1521485931542907,2012-01-13 14:00:00,2021-05-18 23:00:00,RBB_U,5,30,3.0,1,31,36,55,32,1,0,-1,2000,5000,12,416,-33786.05171385653,370375.44831928617,404161.50003314274,0.9164045766083955,0.4182692307692308,-81.21647046600127,2128.59453057061,-1670.08884311216,80967.63596413117,79101.29028740684,0.8096763596413117,5,3,0.6,83.2,29.728101183896698,0.35730890846029684,45,0.0,0.0,0.0,0.0,False,False,False
458,66780.15341491532,287428.9970722548,220648.84365733946,1.3026535390261222,0.5938864628820961,145.80819522907274,1056.7242539421131,-1186.2841056846207,25223.743360311862,23085.102121260796,0.2522374336031186,10,7,0.7,45.8,14.627371602581238,0.3193749258205511,23,0.03730150160816546,2.6475116108257795,172.99263131735475,1.150579447037852,2012-01-18 10:00:00,2021-05-19 10:30:00,RBB_U,5,50,2.0,1,17,36,78,31,-1,11,-1,3000,2500,0,229,-1628.9751055461384,264729.11510122893,266358.090206775,0.9938842664614336,0.5502183406113537,-7.113428408498421,2101.0247230256264,-2586.000875793932,36173.46664639158,35352.767866250724,0.3617346664639158,5,1,0.2,45.8,17.79213309302738,0.38847452168182056,22,0.0,0.0,0.0,0.0,False,False,False
811,86832.77423248762,362510.8592617067,275678.08502921904,1.3149788791636603,0.5524044389642416,107.06877217322764,809.1760251377382,-759.4437604110717,13647.205837665177,13127.457266534246,0.13647205837665177,10,6,0.6,81.1,16.391766225761028,0.20211795592800283,41,0.05172010268813612,6.362677845221344,127.46205602867309,1.1486306435893254,2012-01-13 14:00:00,2021-05-12 17:00:00,RBB_U,5,30,3.0,1,31,35,55,32,1,0,-1,2500,4500,12,388,-10183.048873565705,377659.80102034344,387842.8498939092,0.9737443944722682,0.4690721649484536,-26.244971323622952,2075.053851760129,-1882.7322810383941,46274.60562694865,44537.06746202035,0.4627460562694865,5,2,0.4,77.6,27.644891028904418,0.35624859573330436,42,0.0,0.0,0.0,0.0,False,False,False
457,54244.60419109363,193430.08026315575,139185.47607206213,1.389728912253811,0.5645514223194749,118.69716453193355,749.7289932680455,-699.4245028746841,16816.664520269784,13985.630867193482,0.16816664520269783,10,9,0.9,45.7,14.588008774332431,0.31921244582784314,23,0.07357413810119161,3.2256458541888904,141.67705342064454,1.1471226666257388,2012-01-18 10:00:00,2021-05-19 09:00:00,RBB_U,5,50,2.0,1,17,36,78,31,-1,11,-1,1750,4000,24,229,-684.8329005123524,188905.96218500077,189590.79508551312,0.9963878367607274,0.462882096069869,-2.990536683460054,1782.1317187264224,-1541.388577931001,24727.3788697375,22394.940634224215,0.24727378869737499,5,3,0.6,45.8,17.79213309302738,0.38847452168182056,22,0.0,0.0,0.0,0.0,False,False,False
887,83403.00564796757,328708.7476966199,245305.74204865232,1.3399961409440875,0.5219842164599775,94.02819126039185,709.9540986968033,-578.5512784166328,10559.47833551111,10176.317676401075,0.1055947833551111,10,7,0.7,88.7,18.43936007566423,0.2078845555317275,44,0.02986702913938333,7.898402079910192,112.30119599204875,1.1467699318139608,2012-01-13 14:00:00,2021-05-18 22:00:00,RBB_U,5,30,3.0,1,31,36,55,32,1,0,-1,1000,2500,12,424,-32155.64920766888,246857.8853263129,279013.53453398176,0.8847523677968657,0.31839622641509435,-75.83879530110585,1828.5769283430586,-965.4447561729472,37674.66378162163,36200.21909320581,0.3767466378162163,5,2,0.4,84.8,30.195363882556546,0.356077404275431,47,0.0,0.0,0.0,0.0,False,False,False
811,90483.70146274214,369232.80886762636,278749.10740488424,1.3246062464742323,0.5573366214549939,111.57053201324555,816.8867452823592,-776.4599092058057,14867.90589341479,13013.780849283452,0.1486790589341479,10,7,0.7,81.1,16.391766225761028,0.20211795592800283,41,0.05515910511303641,6.085840340354769,133.26015055346053,1.1467375907446324,2012-01-13 14:00:00,2021-05-12 18:30:00,RBB_U,5,30,3.0,1,31,35,55,32,1,0,-1,4000,5000,12,388,-53863.92645966621,395239.2030315065,449103.1294911727,0.8800633464284847,0.48195876288659795,-138.8245527310985,2113.578625836933,-2234.3439278167793,86437.64858360818,85357.20390106257,0.8643764858360818,5,2,0.4,77.6,27.644891028904418,0.35624859573330436,42,0.0,0.0,0.0,0.0,False,False,False
457,49206.38942959829,181371.0976650687,132164.7082354704,1.3723111115406847,0.3785557986870897,107.67262457242514,1048.3878477749636,-465.3686909699662,13874.412938011323,11919.0782313409,0.13874412938011324,10,8,0.8,45.7,14.588008774332431,0.31921244582784314,23,0.09126863507076592,3.5465565029269803,128.85738592430064,1.145611694406206,2012-01-18 10:00:00,2021-05-19 04:30:00,RBB_U,5,50,2.0,1,17,36,78,31,-1,11,-1,500,4500,0,229,-12646.944459679631,91555.02143376389,104201.96589344353,0.8786304619951955,0.10480349344978165,-55.22683170165778,3814.7925597401622,-508.302272650944,19499.538997565673,16248.538997565673,0.1949953899756567,5,1,0.2,45.8,17.79213309302738,0.38847452168182056,22,0.0,0.0,0.0,0.0,False,False,False
458,54917.09576600892,250599.52188973903,195682.42612373008,1.280643984510315,0.6266375545851528,119.90632263320725,873.169065817906,-1144.3416732381877,17231.93658384945,16233.320391193884,0.1723193658384945,10,7,0.7,45.8,14.627371602581238,0.3193749258205511,23,0.027150015477017602,3.1869369701302004,143.7116592805689,1.144760108367971,2012-01-18 10:00:00,2021-05-19 10:30:00,RBB_U,5,50,2.0,1,17,36,78,31,-1,11,-1,3000,1500,0,229,-140.33763707838807,213871.03148797125,214011.36912504962,0.9993442514869555,0.6506550218340611,-0.6128281095126117,1435.3760502548407,-2675.14211406312,29245.11940277041,27116.559279961526,0.2924511940277041,5,2,0.4,45.8,17.79213309302738,0.38847452168182056,22,0.0,0.0,0.0,0.0,False,False,False
811,71945.51234621913,256336.7563699103,184391.24402369116,1.3901785723457418,0.44636251541307026,88.71209907055379,708.1125866572107,-410.6709221017621,9435.779123904307,7592.506717318451,0.09435779123904307,10,8,0.8,81.1,16.391766225761028,0.20211795592800283,41,0.10412046221801166,7.62475587881817,106.36406107807143,1.144546441233446,2012-01-13 14:00:00,2021-05-12 15:00:00,RBB_U,5,30,3.0,1,31,35,55,32,1,0,-1,500,7500,12,395,-2119.2774685574113,161687.75321480836,163807.0306833658,0.9870623534306415,0.17468354430379746,-5.365259414069396,2343.3007712291064,-502.47555424345336,32969.54080815454,32208.860070996066,0.3296954080815454,5,3,0.6,79.0,28.376046236218322,0.3591904586863079,43,0.0,0.0,0.0,0.0,False,False,False
883,99595.40115060113,406744.47877316084,307149.07762255974,1.3242575296709467,0.5549263873159683,112.79207378324024,830.0907730064507,-781.5498158334854,15282.955033988586,13586.183328491155,0.15282955033988585,10,9,0.9,88.3,18.286880543165363,0.2070994398999475,43,0.030031507132314485,6.51676334381051,135.49671108413895,1.143442580848685,2012-01-13 14:00:00,2021-05-18 23:00:00,RBB_U,5,30,3.0,1,31,36,55,32,1,0,-1,1750,3000,24,420,2618.1914657034577,381912.07107585564,379293.8796101521,1.0069028044122268,0.43333333333333335,6.233789204055851,2098.4179729442617,-1593.6717630678659,54334.60669732188,53098.9951549239,0.5433460669732187,5,3,0.6,84.0,29.939939879699157,0.35642785571070423,46,1.1423916238289227,0.048186443683828246,8716.144373629204,0.03351608595975583,False,False,False
885,91032.0379155211,319988.84964656946,228956.81173104834,1.3975948006406331,0.4937853107344633,102.86105979154927,732.2399305413489,-511.06431189966145,12720.986367269325,11847.26504535219,0.12720986367269324,10,8,0.8,88.5,18.161773041198373,0.20521777447681777,44,0.043841707726061226,7.156051841211268,123.6715467743454,1.1429574110395206,2012-01-13 14:00:00,2021-05-18 21:00:00,RBB_U,5,30,3.0,1,31,36,55,32,1,0,-1,750,4000,12,424,-216.65561007089855,236415.74428227905,236632.39989234996,0.9990844211943526,0.24764150943396226,-0.5109802124313645,2251.578516974086,-741.7943570293103,18939.17467199792,17384.67540344318,0.1893917467199792,5,2,0.4,84.8,30.195363882556546,0.356077404275431,47,0.0,0.0,0.0,0.0,False,False,False
885,99722.03483846807,397140.44764118735,297418.41280271934,1.3352920684995204,0.5536723163841808,112.68026535420121,810.4907094718109,-752.958007095492,15323.91497924026,13627.143273742826,0.1532391497924026,10,6,0.6,88.5,18.161773041198373,0.20521777447681777,44,0.05004911911479274,6.5076082041413255,135.9946653575121,1.1407814251973714,2012-01-13 14:00:00,2021-05-18 23:00:00,RBB_U,5,30,3.0,1,31,36,55,32,1,0,-1,2500,5000,12,416,-26477.889441751307,400023.03975003626,426500.9291917876,0.9379183311700481,0.4543269230769231,-63.64877269651757,2116.5240198414617,-1878.8587189065533,61385.991752955815,58765.180050982446,0.6138599175295582,5,2,0.4,83.2,29.728101183896698,0.35730890846029684,45,0.0,0.0,0.0,0.0,False,False,False
883,101021.53334412523,424192.5806623335,323171.0473182084,1.3125946280845353,0.565118912797282,114.40717253015315,850.0853319886444,-841.5912690578343,15852.47465477779,12652.918688072918,0.1585247465477779,10,8,0.8,88.3,18.286880543165363,0.2070994398999475,43,0.029607549014439283,6.372603365978463,138.56189523956388,1.1387913659507778,2012-01-13 14:00:00,2021-05-18 23:00:00,RBB_U,5,30,3.0,1,31,36,55,32,1,0,-1,2250,3000,24,420,-9241.36032347731,408562.53120659076,417803.8915300681,0.9778811052007343,0.46904761904761905,-22.00323886542217,2073.9214782060444,-1873.5600517043413,66742.7226195671,63966.66975308899,0.667427226195671,5,3,0.6,84.0,29.939939879699157,0.35642785571070423,46,0.0,0.0,0.0,0.0,False,False,False
886,83771.16432433978,331571.58047126036,247800.4161469206,1.3380590138907271,0.4966139954853273,94.54984686720066,753.571773798319,-555.6063142307637,10994.371705621954,10089.697878644118,0.10994371705621954,10,8,0.8,88.6,18.320480343047777,0.20677743050843994,44,0.029735769104933377,7.619458989321194,116.28122170376461,1.1300953003861807,2012-01-13 14:00:00,2021-05-18 21:00:00,RBB_U,5,30,3.0,1,31,36,55,32,1,0,-1,750,2500,0,424,-25963.983523779913,210648.00634529075,236611.98986907065,0.8902676760457191,0.25235849056603776,-61.235810197594134,1968.6729564980444,-746.4100626784563,31426.498263472437,29635.82128614006,0.31426498263472435,5,0,0.0,84.8,30.195363882556546,0.356077404275431,47,0.0,0.0,0.0,0.0,False,False,False
812,84589.90793421601,387871.8744090625,303281.9664748465,1.2789150601911299,0.5812807881773399,104.17476346578327,821.7624457819121,-892.0057837495484,13403.735789583203,10937.698959073066,0.13403735789583202,10,9,0.9,81.2,16.575886099994776,0.2041365283250588,41,0.02944795733714717,6.310920273432694,128.66586247623906,1.1276882121780474,2012-01-13 14:00:00,2021-05-12 18:30:00,RBB_U,5,30,3.0,1,31,35,55,32,1,0,-1,4000,2500,24,392,-53590.31897247937,395379.41437900765,448969.73335148697,0.8806371231921667,0.5357142857142857,-136.7099973787739,1882.7591160905126,-2466.866666766412,92144.96253597722,90670.86353015594,0.9214496253597722,5,2,0.4,78.4,27.85390457368589,0.3552793950725241,43,0.0,0.0,0.0,0.0,False,False,False
457,51233.42263518572,189595.13088180084,138361.7082466151,1.3702861382996774,0.5514223194748359,112.1081458100344,752.3616304833366,-674.9351621786103,15543.66062712123,13461.716066817338,0.1554366062712123,10,8,0.8,45.7,14.588008774332431,0.31921244582784314,23,0.09741687639217601,3.296097609451888,138.6488066037568,1.1269378456382007,2012-01-18 10:00:00,2021-05-19 07:00:00,RBB_U,5,50,2.0,1,17,36,78,31,-1,11,-1,1250,5000,24,229,-37522.133034705344,139562.28987342684,177084.4229081322,0.7881116112953025,0.34934497816593885,-163.8521093218574,1744.5286234178354,-1188.486059786122,41679.725799383385,39278.850158339905,0.4167972579938338,5,0,0.0,45.8,17.79213309302738,0.38847452168182056,22,0.0,0.0,0.0,0.0,False,False,False
885,99951.26248738915,393978.6859671952,294027.42347980605,1.3399385720708255,0.5525423728813559,112.9392796467674,805.6823843909922,-742.4934936358738,15866.790288747514,14170.01858325008,0.15866790288747515,10,6,0.6,88.5,18.161773041198373,0.20521777447681777,44,0.04493189868979023,6.2994002358670524,140.48956517495958,1.1236729324444814,2012-01-13 14:00:00,2021-05-18 23:00:00,RBB_U,5,30,3.0,1,31,36,55,32,1,0,-1,2250,4500,12,416,-32849.8798915787,382587.3405902072,415437.2204817859,0.9209269697754033,0.4375,-78.96605743167956,2102.1282450011386,-1775.3727371016491,69247.08589746925,67844.47982479804,0.6924708589746925,5,3,0.6,83.2,29.728101183896698,0.35730890846029684,45,0.0,0.0,0.0,0.0,False,False,False
812,85095.53439266162,389282.7547393525,304187.22034669085,1.2797472369012606,0.5738916256157636,104.79745614859806,835.3707183247908,-879.1538160308984,13662.970579319866,13014.414249145637,0.13662970579319866,10,9,0.9,81.2,16.575886099994776,0.2041365283250588,41,0.029272981452888275,6.228186901131249,130.37502131679983,1.1236152401436788,2012-01-13 14:00:00,2021-05-12 17:00:00,RBB_U,5,30,3.0,1,31,35,55,32,1,0,-1,2500,2500,0,392,-4929.381164255581,378007.9076643992,382937.2888286548,0.9871274453858129,0.5127551020408163,-12.574951949631584,1880.6363565392994,-2004.9072713542137,46500.6190213701,44468.889880697636,0.465006190213701,5,4,0.8,78.4,27.85390457368589,0.3552793950725241,43,0.0,0.0,0.0,0.0,False,False,False
458,56448.42433220882,262047.55357710112,205599.12924489228,1.2745557558513405,0.5960698689956332,123.24983478648214,959.8811486340701,-1111.3466445669853,18908.76413816507,16269.299652034948,0.18908764138165068,10,7,0.7,45.8,14.627371602581238,0.3193749258205511,23,0.035271135085766396,2.9853047993905886,153.41817026304813,1.1232960208657197,2012-01-18 10:00:00,2021-05-19 09:30:00,RBB_U,5,50,2.0,1,17,36,78,31,-1,11,-1,2500,2000,0,229,-20778.358459295756,226124.13798299053,246902.4964422863,0.915843870520958,0.537117903930131,-90.73518977858409,1838.407625877972,-2329.2688343611917,34863.44974788529,32734.88962507641,0.34863449747885294,5,2,0.4,45.8,17.79213309302738,0.38847452168182056,22,0.0,0.0,0.0,0.0,False,False,False
885,89442.84081042904,319158.65254147735,229715.81173104834,1.3893630139624382,0.49265536723163844,101.06535684794243,732.0152581226545,-511.6165071960987,12720.986367269325,11847.26504535219,0.12720986367269324,10,8,0.8,88.5,18.161773041198373,0.20521777447681777,44,0.05580100044651141,7.031124649308838,125.86891061403608,1.123004165451927,2012-01-13 14:00:00,2021-05-18 21:00:00,RBB_U,5,30,3.0,1,31,36,55,32,1,0,-1,750,5000,12,423,-13813.626854800415,226613.77303754952,240427.39989234996,0.9425455382332237,0.23404255319148937,-32.656328261939514,2289.0280104802982,-742.0598762109566,22489.830462402628,21229.16285921214,0.22489830462402627,5,2,0.4,84.6,30.447331574376104,0.3598975363401431,46,0.0,0.0,0.0,0.0,False,False,False
883,101330.73646253732,421821.7798019544,320491.0433394171,1.3161733800941908,0.5617214043035108,114.75734593718835,850.4471366974888,-828.1422308512069,16417.557631931966,14720.785926434532,0.16417557631931967,10,8,0.8,88.3,18.286880543165363,0.2070994398999475,43,0.029517203806229058,6.172095675513279,143.063239201419,1.1224465456372092,2012-01-13 14:00:00,2021-05-18 23:00:00,RBB_U,5,30,3.0,1,31,36,55,32,1,0,-1,2000,3000,0,420,2215.299261583532,401805.92211045034,399590.62284886686,1.0055439220414872,0.4595238095238095,5.274522051389361,2081.8959694841988,-1760.3111138716602,65293.745081073546,63370.0725279288,0.6529374508107355,5,3,0.6,84.0,29.939939879699157,0.35642785571070423,46,1.3501561851566657,0.03392820030207874,12379.082776585326,0.025869424636534043,False,False,False
457,45332.21271593934,178187.5230199204,132855.31030398107,1.341214909755707,0.5404814004376368,99.1952138204362,721.4069757891514,-632.6443347808622,12293.66062712123,10211.716066817338,0.12293660627121229,10,8,0.8,45.7,14.588008774332431,0.31921244582784314,23,0.06597957215859285,3.6874462449314134,123.93401005592158,1.121216692569203,2012-01-18 10:00:00,2021-05-19 05:00:00,RBB_U,5,50,2.0,1,17,36,78,31,-1,11,-1,1000,3000,24,229,-34032.659353458526,119944.34111424652,153977.00046770505,0.7789756960449655,0.3056768558951965,-148.61423298453505,1713.4905873463788,-968.4088079729877,35431.22509847428,34235.78116398752,0.3543122509847428,5,0,0.0,45.8,17.79213309302738,0.38847452168182056,22,0.0,0.0,0.0,0.0,False,False,False
886,90354.88241782432,389334.99731734075,298980.11489951645,1.3022103408054126,0.5519187358916479,101.98067992982429,796.1860885835189,-753.0985261952555,13015.633229961648,10554.551829563592,0.13015633229961648,10,8,0.8,88.6,18.320480343047777,0.20677743050843994,44,0.027569069134316088,6.942027392860898,127.62842176496629,1.1202751412647345,2012-01-13 14:00:00,2021-05-18 22:00:00,RBB_U,5,30,3.0,1,31,36,55,32,1,0,-1,1500,2500,24,420,-27112.078221005577,327116.1461718106,354228.2243928161,0.9234615528802698,0.40476190476190477,-64.55256719287043,1924.2126245400623,-1416.9128975712642,49118.45637353114,46608.48281173827,0.4911845637353114,5,3,0.6,84.0,29.939939879699157,0.35642785571070423,46,0.0,0.0,0.0,0.0,False,False,False
812,85542.57989380119,384300.7547393525,298758.1748455513,1.2863271605472353,0.5714285714285714,105.34800479532166,828.2343852141217,-858.5005024297452,13984.523775508722,13446.3308512457,0.13984523775508723,10,8,0.8,81.2,16.575886099994776,0.2041365283250588,41,0.029120000859133657,6.116946223339619,132.7459765629064,1.1164567943247992,2012-01-13 14:00:00,2021-05-12 17:00:00,RBB_U,5,30,3.0,1,31,35,55,32,1,0,-1,2250,2500,0,392,-15969.8358946441,359330.6199180094,375300.4558126535,0.9574478643782512,0.4897959183673469,-40.73937728225536,1871.5136454062988,-1876.5022790632677,62527.61746433395,60048.0457383106,0.6252761746433395,5,4,0.8,78.4,27.85390457368589,0.3552793950725241,43,0.0,0.0,0.0,0.0,False,False,False
813,80293.69151830667,370050.67510270653,289756.9835843999,1.2771070105888191,0.5867158671586716,98.7622281897991,775.7875788316699,-862.3719749535712,12316.519353628311,11574.949958058125,0.12316519353628311,10,9,0.9,81.3,16.73349933516597,0.20582410006354207,41,0.024796468593626178,6.519186891437234,124.70880395649532,1.1152862031789468,2012-01-13 14:00:00,2021-05-12 23:00:00,RBB_U,5,30,3.0,1,31,35,55,32,1,0,-1,5000,2000,24,392,-72548.15106906346,375847.5232896246,448395.6743586881,0.8382050603569614,0.576530612244898,-185.0718139516925,1663.0421384496665,-2701.178761196916,94546.55522027216,93327.45621445088,0.9454655522027215,5,2,0.4,78.4,27.85390457368589,0.3552793950725241,43,0.0,0.0,0.0,0.0,False,False,False
458,63922.93086711569,293434.6752318654,229511.7443647497,1.278517036433337,0.6069868995633187,139.56971805047095,1055.5204145031128,-1275.0652464708317,24619.050137179052,20036.0,0.24619050137179052,10,7,0.7,45.8,14.627371602581238,0.3193749258205511,23,0.03896880143337517,2.596482419546355,176.39249029847832,1.11479497324305,2012-01-18 10:00:00,2021-05-19 23:00:00,RBB_U,5,50,2.0,1,17,36,78,31,-1,11,-1,5000,2500,0,229,54951.04692564668,307842.23098030343,252891.18405465677,1.2172912714654782,0.6331877729257642,239.96090360544403,2123.049868829679,-3010.609333984009,34070.57037094353,31346.081374173533,0.3407057037094353,5,5,1.0,45.8,17.79213309302738,0.38847452168182056,22,0.04533125644303974,1.6128596124856978,141.98383927976911,1.629259393479701,True,False,False
884,103370.59304841082,406939.5417307436,303568.94868233276,1.3405176764524165,0.5565610859728507,116.9350600095145,827.1128896966334,-774.4105833732979,17323.91497924026,15627.143273742826,0.1732391497924026,10,6,0.6,88.4,18.0288657435791,0.203946445063112,44,0.05795652151472399,5.966930291004242,148.1498788971476,1.113425511745513,2012-01-13 14:00:00,2021-05-18 23:00:00,RBB_U,5,30,3.0,1,31,36,55,32,1,0,-1,3000,6000,12,416,-40043.48354614975,419049.12278084026,459092.60632698995,0.9127768929529904,0.46153846153846156,-96.25837390901383,2182.547514483543,-2049.5205639597766,82864.75874865228,80243.9470466789,0.8286475874865228,5,1,0.2,83.2,29.728101183896698,0.35730890846029684,45,0.0,0.0,0.0,0.0,False,False,False
885,88657.47893387108,318373.2906649194,229715.81173104834,1.3859441727836803,0.49265536723163844,100.17794229815942,730.2139694149528,-511.6165071960987,12720.986367269325,11847.26504535219,0.12720986367269324,10,8,0.8,88.5,18.161773041198373,0.20521777447681777,44,0.05065562492871923,6.969387150825335,126.98390559278884,1.1131435142162287,2012-01-13 14:00:00,2021-05-18 21:00:00,RBB_U,5,30,3.0,1,31,36,55,32,1,0,-1,750,4500,12,423,-19611.940334371277,220815.45955797867,240427.39989234996,0.9184288465326647,0.23404255319148937,-46.36392514035763,2230.45918745433,-742.0598762109566,24250.582461526377,22263.71413834652,0.24250582461526377,5,2,0.4,84.6,30.447331574376104,0.3598975363401431,46,0.0,0.0,0.0,0.0,False,False,False
885,100417.92831543792,401818.8395585626,301400.9112431247,1.333170619495692,0.5581920903954802,113.4665856671615,813.3984606448636,-770.846320314897,16353.107593214772,14498.982549083434,0.16353107593214772,10,7,0.7,88.5,18.161773041198373,0.20521777447681777,44,0.04970228009805197,6.14060219093179,144.12267274159765,1.1120063994872484,2012-01-13 14:00:00,2021-05-18 23:00:00,RBB_U,5,30,3.0,1,31,36,55,32,1,0,-1,5000,5000,12,416,-90220.53506487989,431664.73409879487,521885.26916367473,0.8271257297423646,0.4807692307692308,-216.8762862136536,2158.3236704939745,-2416.135505387383,111928.17569922976,109554.66566388292,1.1192817569922977,5,1,0.2,83.2,29.728101183896698,0.35730890846029684,45,0.0,0.0,0.0,0.0,False,False,False
457,44790.30614475635,178697.82122561306,133907.5150808567,1.3344868741512441,0.5361050328227571,98.00942263622834,729.3788621453594,-631.6392220795128,12293.66062712123,10211.716066817338,0.12293660627121229,10,9,0.9,45.7,14.588008774332431,0.31921244582784314,23,0.08910410183626821,3.6433660813723607,125.4334562580821,1.1078135371302527,2012-01-18 10:00:00,2021-05-19 05:00:00,RBB_U,5,50,2.0,1,17,36,78,31,-1,11,-1,1000,4000,24,229,-33325.111091850355,123245.43717130806,156570.54826315842,0.7871559404911922,0.2925764192139738,-145.52450258449937,1839.4841368851949,-966.4848658219655,39406.582531203334,37773.37215363936,0.3940658253120333,5,2,0.4,45.8,17.79213309302738,0.38847452168182056,22,0.0,0.0,0.0,0.0,False,False,False
883,100843.86351855878,433857.3965708263,333013.5330522675,1.3028221183513615,0.5707814269535674,114.20596094967019,860.8281677992585,-878.6636755996504,16708.711155257,11781.329864544867,0.16708711155256997,10,8,0.8,88.3,18.286880543165363,0.2070994398999475,43,0.029659712506448666,6.035406476389452,146.30331916405325,1.1072781847467599,2012-01-13 14:00:00,2021-05-18 23:00:00,RBB_U,5,30,3.0,1,31,36,55,32,1,0,-1,3000,3000,24,420,-27696.527154893884,438855.03702885157,466551.56418374553,0.9406356568467402,0.5,-65.94411227355687,2089.785890613579,-2221.674115160693,76785.67833463463,74205.22332086066,0.7678567833463463,5,3,0.6,84.0,29.939939879699157,0.35642785571070423,46,0.0,0.0,0.0,0.0,False,False,False
811,69541.43975397275,253932.68377766394,184391.24402369116,1.3771406832367694,0.44636251541307026,85.74776788406011,701.471502148243,-410.6709221017621,9435.779123904307,7592.506717318451,0.09435779123904307,10,8,0.8,81.1,16.391766225761028,0.20211795592800283,41,0.08615007139908615,7.36997325189593,110.04110493771057,1.1063012103609322,2012-01-13 14:00:00,2021-05-12 15:00:00,RBB_U,5,30,3.0,1,31,35,55,32,1,0,-1,500,6000,12,395,-5202.975946972692,158095.0547363931,163298.0306833658,0.968138158646498,0.17721518987341772,-13.172091004994158,2258.5007819484726,-502.4554790257409,30313.54940540284,29392.967795603174,0.3031354940540284,5,2,0.4,79.0,28.376046236218322,0.3591904586863079,43,0.0,0.0,0.0,0.0,False,False,False
811,69532.92503203616,253924.16905572734,184391.24402369116,1.3770945057624449,0.44636251541307026,85.7372688434478,701.4479808169264,-410.6709221017621,9435.779123904307,7592.506717318451,0.09435779123904307,10,8,0.8,81.1,16.391766225761028,0.20211795592800283,41,0.10134117119660131,7.369070865158726,110.05458012820066,1.1061657537581113,2012-01-13 14:00:00,2021-05-12 15:00:00,RBB_U,5,30,3.0,1,31,35,55,32,1,0,-1,500,0,12,394,7837.137149826653,171135.16783319245,163298.0306833658,1.0479928454558207,0.1751269035532995,19.891211040169168,2480.2198236694558,-502.4554790257409,31799.723425430726,31039.042688272253,0.31799723425430726,5,2,0.4,78.8,28.116898833263956,0.3568134369703548,43,1.7714108943693119,0.24645299724711361,1598.6821195156492,0.13979415096221884,False,False,False
885,102805.47043160451,384227.1037389395,281421.6333073349,1.3653076319094943,0.5446327683615819,116.16437336904464,797.1516675081732,-698.3167079586474,17334.25969993598,15637.487994438547,0.1733425969993598,10,7,0.7,88.5,18.161773041198373,0.20521777447681777,44,0.043684445790147124,5.930767867287934,149.2218241893017,1.105757138106478,2012-01-13 14:00:00,2021-05-18 23:00:00,RBB_U,5,30,3.0,1,31,36,55,32,1,0,-1,1750,4500,12,417,-27151.424309659276,357391.82687728084,384543.2511869401,0.9293930546801873,0.40047961630695444,-65.11132927975845,2140.0708196244364,-1538.1730047477604,65342.32923943111,63475.98356270678,0.6534232923943111,5,3,0.6,83.4,29.816773802676913,0.35751527341339223,45,0.0,0.0,0.0,0.0,False,False,False
811,87732.08990785654,351753.8621009055,264021.77219304885,1.332291118187436,0.5487053020961775,108.17766943015603,790.4581170806865,-721.3709622760897,15036.82017323409,13340.048467736655,0.1503682017323409,10,6,0.6,81.1,16.391766225761028,0.20211795592800283,41,0.045490766311297004,5.8344842125612315,139.00114739431027,1.1056026342359915,2012-01-13 14:00:00,2021-05-12 17:00:00,RBB_U,5,30,3.0,1,31,35,55,32,1,0,-1,2000,4000,12,389,2048.494263162778,367867.6195724693,365819.12530930655,1.005599746217289,0.442159383033419,5.266052090392746,2138.7652300724963,-1685.8024207802146,63347.15137569654,61067.78439873593,0.6334715137569654,5,2,0.4,77.8,27.389048906451645,0.35204433041711625,43,1.9482602767156814,0.03233759085730086,12029.343859181627,0.02622171257588721,False,False,False
814,71666.72623088272,293324.87644555524,221658.1502146725,1.3233209614059966,0.527027027027027,88.04266121730063,683.74097073556,-575.7354551030454,9983.621433573575,9490.41051426726,0.09983621433573575,10,7,0.7,81.4,16.84755175092215,0.20697238023245884,41,0.027781372258944285,7.178429862121691,113.39527105993209,1.104303772679346,2012-01-13 14:00:00,2021-05-12 15:00:00,RBB_U,5,30,3.0,1,31,35,55,32,1,0,-1,1000,2000,12,396,-40192.42222695195,212204.9919291765,252397.41415612842,0.8407573930131882,0.3383838383838384,-101.49601572462615,1583.6193427550486,-963.3489089928565,44310.54356718638,43045.753241534025,0.44310543567186383,5,2,0.4,79.2,28.12401109372559,0.35510115017330285,44,0.0,0.0,0.0,0.0,False,False,False
813,78027.68203124584,335676.7750553903,257649.09302414444,1.3028447766510627,0.5522755227552275,95.97500864851888,747.6097439986421,-707.8271786377595,11865.73583365728,11216.740615820461,0.1186573583365728,10,8,0.8,81.3,16.73349933516597,0.20582410006354207,41,0.025516585244743175,6.575882281983687,123.63360004594692,1.104206423389597,2012-01-13 14:00:00,2021-05-12 15:00:00,RBB_U,5,30,3.0,1,31,35,55,32,1,0,-1,1250,2000,0,394,-24777.39378301934,262298.35104210104,287075.74482512043,0.9136903962467704,0.39593908629441626,-62.88678625131812,1681.3996861673145,-1206.2006085089095,40582.37715572597,37841.91863514124,0.4058237715572597,5,2,0.4,78.8,27.86682615584344,0.3536399258355767,44,0.0,0.0,0.0,0.0,False,False,False
881,102074.60185177346,403638.7561040472,301564.1542522737,1.3384838695595858,0.5573212258796821,115.86220414503231,822.0748596823771,-773.2414211596762,17323.91497924026,15627.143273742826,0.1732391497924026,10,6,0.6,88.1,18.024705268048077,0.2045937033830656,43,0.07749564970269292,5.892120919208641,149.52171078633012,1.1032100546375843,2012-01-13 14:00:00,2021-05-18 23:00:00,RBB_U,5,30,3.0,1,31,36,55,32,1,0,-1,3000,0,12,414,-7869.273441167039,445205.332885823,453074.60632699,0.9826313959527282,0.463768115942029,-19.007906862722315,2318.777775446995,-2040.8766050765316,79400.29180604492,76752.48010407155,0.7940029180604492,5,3,0.6,82.8,29.680970334542636,0.35846582529640864,45,0.0,0.0,0.0,0.0,False,False,False
887,84903.4350331282,345316.0006736162,260412.565640488,1.3260343248963702,0.5355129650507328,95.71976892122683,726.9810540497183,-632.0693340788544,11838.96624331169,8571.316585218774,0.1183896624331169,10,8,0.8,88.7,18.46645607581487,0.20819003467660507,44,0.023450170175366145,7.171524378751699,123.68360660225413,1.1025142142718771,2012-01-13 14:00:00,2021-05-18 22:00:00,RBB_U,5,30,3.0,1,31,36,55,32,1,0,-1,1000,2000,0,424,-41870.322279107546,235173.20844575227,277043.5307248598,0.8488673524714417,0.33254716981132076,-98.75076009223478,1667.8950953599451,-978.9524053881971,45516.02680485889,44251.236479206535,0.4551602680485889,5,0,0.0,84.8,30.195363882556546,0.356077404275431,47,0.0,0.0,0.0,0.0,False,False,False
811,86956.70328827074,366571.0471936342,279614.34390536346,1.3109879917952334,0.5561035758323057,107.22158235298488,812.7961135113841,-776.7065108482318,14867.90589341479,13013.780849283452,0.1486790589341479,10,7,0.7,81.1,16.391766225761028,0.20211795592800283,41,0.05164639217188186,5.848618084594221,138.6652348075601,1.1020384756137218,2012-01-13 14:00:00,2021-05-12 18:30:00,RBB_U,5,30,3.0,1,31,35,55,32,1,0,-1,4000,4500,12,388,-47551.986338939525,399945.97459880664,447497.9609377462,0.893738093824399,0.4896907216494845,-122.55666582200908,2104.97881367793,-2260.090711806799,84379.26981284679,83298.82513030118,0.8437926981284679,5,2,0.4,77.6,27.644891028904418,0.35624859573330436,42,0.0,0.0,0.0,0.0,False,False,False
812,80772.5530405421,377220.9379061102,296448.38486556814,1.2724675092332527,0.5701970443349754,99.47358748835234,814.732047313413,-849.4223062050663,12822.409362760969,10583.305280097527,0.1282240936276097,10,7,0.7,81.2,16.575886099994776,0.2041365283250588,41,0.030839683855847597,6.299327275817831,128.90265332254538,1.1009368513505957,2012-01-13 14:00:00,2021-05-12 17:00:00,RBB_U,5,30,3.0,1,31,35,55,32,1,0,-1,2250,2500,24,392,-16275.487610605313,358203.8907676455,374479.37837825075,0.9565383608542368,0.4872448979591837,-41.519101047462534,1875.413040668301,-1863.0814844689091,64017.61746433395,60983.76456368291,0.6401761746433394,5,3,0.6,78.4,27.85390457368589,0.3552793950725241,43,0.0,0.0,0.0,0.0,False,False,False
458,44432.0982281421,175624.0519189947,131191.95369085262,1.3386800560409682,0.5873362445414847,97.01331490860721,652.8775164274896,-694.1373211156223,12275.598522670967,9708.520405769697,0.12275598522670968,10,8,0.8,45.8,14.627371602581238,0.3193749258205511,23,0.033556821745042875,3.619546382694374,126.53519297052544,1.097360828129956,2012-01-18 10:00:00,2021-05-19 09:00:00,RBB_U,5,50,2.0,1,17,36,78,31,-1,11,-1,1750,1500,24,229,6037.74470164621,160402.43065070477,154364.68594905856,1.039113510091542,0.5589519650655022,26.365697387101353,1253.143989458631,-1528.3632272184016,17521.38878819924,15971.272331359345,0.1752138878819924,5,2,0.4,45.8,17.79213309302738,0.38847452168182056,22,0.24694651292451536,0.34459281593663776,664.55244975887,0.2496286608337196,False,False,False
1327,136134.4194806183,505721.1972875945,369586.77780697617,1.368342234233599,0.4996232102486812,102.58810812405297,762.7770698153763,-556.6065930827955,13750.126918128673,13192.561850967271,0.13750126918128674,10,7,0.7,132.7,28.71602340157843,0.21639806632689096,51,0.05502649534614211,9.900593666603445,134.03236661213754,1.0964355653364737,2012-01-11 16:00:00,2021-05-12 15:00:00,RBB_U,6,30,3.0,1,31,35,152,32,1,0,-1,1000,7500,92,599,-87662.0808970143,353741.2553601335,441403.33625714784,0.8014014084253656,0.2387312186978297,-146.34738046246127,2473.715072448486,-967.9897724937452,93941.31639942602,93300.41930539816,0.9394131639942602,5,1,0.2,119.8,40.151712292254736,0.3351561960956155,53,0.0,0.0,0.0,0.0,False,False,False
812,85128.88396861886,368615.1131102046,283486.22914158576,1.3002928368915643,0.5603448275862069,104.83852705494934,810.1431057367133,-794.0790732257304,14379.07828580578,12682.306580308345,0.1437907828580578,10,8,0.8,81.2,16.575886099994776,0.2041365283250588,41,0.029261513646980968,5.920329681538303,137.15452410228187,1.0957080024504509,2012-01-13 14:00:00,2021-05-12 15:00:00,RBB_U,5,30,3.0,1,31,35,55,32,1,0,-1,1750,2500,0,392,-10805.973597493037,332951.9275168543,343757.9011143474,0.9685651629752691,0.45153061224489793,-27.566259177278155,1881.0843362534142,-1598.8739586713832,53890.42745597626,51840.6983153038,0.5389042745597626,5,3,0.6,78.4,27.85390457368589,0.3552793950725241,43,0.0,0.0,0.0,0.0,False,False,False
885,99810.15142634095,388880.6034735247,289070.45204718376,1.3452796739323925,0.5491525423728814,112.77983212015927,800.1658507685693,-724.4873484891824,16649.302978301283,14952.531272803848,0.16649302978301284,10,6,0.6,88.5,18.161773041198373,0.20521777447681777,44,0.04499542316909839,5.994854652859739,147.62659834927382,1.0954003175650653,2012-01-13 14:00:00,2021-05-18 23:00:00,RBB_U,5,30,3.0,1,31,36,55,32,1,0,-1,2000,4500,12,416,-30082.20523412469,371591.2198865864,401673.4251207111,0.9251078031236835,0.4230769230769231,-72.31299335126127,2111.3137493556046,-1673.6392713362961,76909.2571933698,75042.91151664547,0.7690925719336981,5,2,0.4,83.2,29.728101183896698,0.35730890846029684,45,0.0,0.0,0.0,0.0,False,False,False
811,90179.86056756017,347100.3623663202,256920.50179876003,1.3510029753802832,0.5437731196054254,111.1958823274478,787.0756516243089,-694.3797345912433,16221.776894868788,14525.005189371353,0.1622177689486879,10,7,0.7,81.1,16.391766225761028,0.20211795592800283,41,0.04425600100601239,5.559185109745008,145.88469064977753,1.0941552290417222,2012-01-13 14:00:00,2021-05-12 15:00:00,RBB_U,5,30,3.0,1,31,35,55,32,1,0,-1,1750,4000,12,390,-1292.73338714087,349928.67521000456,351221.4085971454,0.9963193206464711,0.41794871794871796,-3.3147009926688975,2146.8016884049357,-1547.2308748772925,53280.22342175786,51000.856444797246,0.5328022342175786,5,2,0.4,78.0,27.46634304016463,0.3521326030790337,43,0.0,0.0,0.0,0.0,False,False,False
458,47408.235974057854,185446.12408979548,138037.88811573765,1.3434436488502959,0.5807860262008734,103.51143225776823,697.1658800368251,-718.9473339361335,14105.598522670967,11299.794601687041,0.14105598522670967,10,9,0.9,45.8,14.627371602581238,0.3193749258205511,23,0.041996922245524815,3.360951745355706,136.27092404194207,1.0922750297873582,2012-01-18 10:00:00,2021-05-19 09:30:00,RBB_U,5,50,2.0,1,17,36,78,31,-1,11,-1,2000,2000,24,229,-5686.49917712844,175969.4334330718,181655.93261020022,0.968696320040752,0.5152838427947598,-24.831874135932054,1491.2663850260321,-1636.5399334252272,27993.773820011607,26852.88979336179,0.2799377382001161,5,2,0.4,45.8,17.79213309302738,0.38847452168182056,22,0.0,0.0,0.0,0.0,False,False,False
811,86870.92216149851,367312.33519817656,280441.4130366779,1.3097649566832594,0.5561035758323057,107.11581031010914,814.4397676234513,-779.0039251018832,15147.205837665177,13900.687866107426,0.15147205837665176,10,6,0.6,81.1,16.391766225761028,0.20211795592800283,41,0.057453056509765336,5.735112012902373,141.40961818626738,1.0907538658827725,2012-01-13 14:00:00,2021-05-12 17:00:00,RBB_U,5,30,3.0,1,31,35,55,32,1,0,-1,3000,5000,12,388,-25247.80945802678,389300.0448121922,414547.854270219,0.9390955490471089,0.4742268041237113,-65.07167386089375,2115.76111310974,-2032.0973248540147,62367.53478735141,61287.09010480581,0.6236753478735141,5,2,0.4,77.6,27.644891028904418,0.35624859573330436,42,0.0,0.0,0.0,0.0,False,False,False
811,86063.92289144167,361530.3365119513,275466.41362050956,1.312429823150803,0.5573366214549939,106.12074339265311,799.8458772388303,-767.315915377464,14867.90589341479,13013.780849283452,0.1486790589341479,10,6,0.6,81.1,16.391766225761028,0.20211795592800283,41,0.046372508548490426,5.788570596855918,140.10367264769948,1.0907238982393053,2012-01-13 14:00:00,2021-05-12 21:00:00,RBB_U,5,30,3.0,1,31,35,55,32,1,0,-1,5000,4000,12,389,-36638.59608072316,427798.62908550445,464437.22516622767,0.9211118444099526,0.5115681233933161,-94.1866223154837,2149.7418547010275,-2444.4064482433037,84087.72248841915,82671.38201600645,0.8408772248841915,5,1,0.2,77.8,27.389048906451645,0.35204433041711625,43,0.0,0.0,0.0,0.0,False,False,False
812,79379.4911054577,361535.2962769623,282155.8051715047,1.2813321209436321,0.5591133004926109,97.75799397223854,796.3332517113707,-788.144707182974,12641.052714657606,10944.281009160171,0.12641052714657605,10,8,0.8,81.2,16.575886099994776,0.2041365283250588,41,0.03138090160707433,6.2795000461801145,129.30965746133694,1.0896828276830306,2012-01-13 14:00:00,2021-05-12 15:00:00,RBB_U,5,30,3.0,1,31,35,55,32,1,0,-1,1750,2500,24,392,-11611.62531345425,331825.19836649037,343436.8236799446,0.9661899234070621,0.4489795918367347,-29.621493146566962,1885.3704452641498,-1589.9852948145583,53890.42745597626,51840.6983153038,0.5389042745597626,5,3,0.6,78.4,27.85390457368589,0.3552793950725241,43,0.0,0.0,0.0,0.0,False,False,False
814,71180.05647685981,299589.88459580124,228409.82811894146,1.3116330722852858,0.5491400491400491,87.4447868266091,670.2234554715911,-622.3701038663255,10122.5254533158,9584.33252905278,0.101225254533158,10,9,0.9,81.4,16.84755175092215,0.20697238023245884,41,0.02094687857524691,7.031847616006104,115.75905003219192,1.0892534185169316,2012-01-13 14:00:00,2021-05-12 15:00:00,RBB_U,5,30,3.0,1,31,35,55,32,1,0,-1,1000,1500,0,396,-42175.020759770036,201060.33025645156,243235.35101622163,0.8266081777029304,0.37626262626262624,-106.50257767618696,1349.3981896406144,-984.7585061385491,45394.59647549973,44129.806149847376,0.4539459647549973,5,1,0.2,79.2,28.12401109372559,0.35510115017330285,44,0.0,0.0,0.0,0.0,False,False,False
458,44926.64267863492,174133.0519189947,129206.40924035978,1.3477121834959356,0.5851528384279476,98.09310628522908,649.7501937275921,-680.0337328439988,12742.805159589749,9929.771506513447,0.12742805159589748,10,9,0.9,45.8,14.627371602581238,0.3193749258205511,23,0.033187434250657954,3.5256477766063026,129.9052058004668,1.089043965909222,2012-01-18 10:00:00,2021-05-19 09:00:00,RBB_U,5,50,2.0,1,17,36,78,31,-1,11,-1,1500,1500,24,229,-15144.624700882028,142335.84394568842,157480.46864657046,0.903831727000567,0.5021834061135371,-66.13373231826213,1237.7029908320733,-1381.4076197067584,21161.31984906918,20787.33018743681,0.2116131984906918,5,2,0.4,45.8,17.79213309302738,0.38847452168182056,22,0.0,0.0,0.0,0.0,False,False,False
457,54811.106923476975,198510.71001359023,143699.60309011326,1.3814283807666832,0.5645514223194749,119.9367766378052,769.4213566418226,-722.1085582417752,19066.664520269784,16235.630867193482,0.19066664520269783,10,9,0.9,45.7,14.588008774332431,0.31921244582784314,23,0.09105818656368403,2.8747087286928057,158.97262753566275,1.0885652270249686,2012-01-18 10:00:00,2021-05-19 09:30:00,RBB_U,5,50,2.0,1,17,36,78,31,-1,11,-1,2000,5000,24,229,-6151.69797811313,196773.93172185635,202925.6296999695,0.9696849629728459,0.462882096069869,-26.863309948092272,1856.3578464326072,-1649.8018674794268,27155.016931355,24853.932925701694,0.27155016931354997,5,2,0.4,45.8,17.79213309302738,0.38847452168182056,22,0.0,0.0,0.0,0.0,False,False,False
458,43919.39234325368,176303.62336521424,132384.23102196056,1.3317569774300997,0.5436681222707423,95.89386974509537,708.0466801815833,-633.4173733108161,12293.66062712123,10211.716066817338,0.12293660627121229,10,7,0.7,45.8,14.627371602581238,0.3193749258205511,23,0.05671754245895514,3.572523569290863,128.20069374403369,1.0839011614803031,2012-01-18 10:00:00,2021-05-19 05:00:00,RBB_U,5,50,2.0,1,17,36,78,31,-1,11,-1,1000,2500,24,229,-26105.23873317639,123835.76173452867,149941.00046770505,0.8258965949823776,0.3231441048034934,-113.99667569072659,1673.4562396557928,-967.3612933400326,26465.910113174694,25139.133098193837,0.26465910113174695,5,0,0.0,45.8,17.79213309302738,0.38847452168182056,22,0.0,0.0,0.0,0.0,False,False,False
887,83455.83552440735,342994.55345063977,259538.7179262324,1.321554472454964,0.5343855693348365,94.08775143676138,723.6172013726577,-628.4230458262285,11838.96624331169,8306.316585218774,0.1183896624331169,10,8,0.8,88.7,18.46645607581487,0.20819003467660507,44,0.023856929686093858,7.049250230910568,125.82898477777887,1.0837163996214454,2012-01-13 14:00:00,2021-05-18 22:00:00,RBB_U,5,30,3.0,1,31,36,55,32,1,0,-1,1000,2000,24,424,-41080.97399506876,235173.20844575227,276254.1824408211,0.851292843307923,0.33254716981132076,-96.88908961101122,1667.8950953599451,-976.1631888368236,44726.6785208201,43461.88819516775,0.447266785208201,5,0,0.0,84.8,30.195363882556546,0.356077404275431,47,0.0,0.0,0.0,0.0,False,False,False
886,81530.36789251649,327402.1478615912,245871.7799690747,1.331597094643278,0.49548532731376976,92.02073125566194,745.7907696163809,-550.0487247630307,11401.49539329964,11095.096527234135,0.11401495393299639,10,8,0.8,88.6,18.320480343047777,0.20677743050843994,44,0.030553032745834624,7.150848645733765,123.90137784954972,1.0800508898152326,2012-01-13 14:00:00,2021-05-18 21:00:00,RBB_U,5,30,3.0,1,31,36,55,32,1,0,-1,750,2500,24,424,-25524.635239741125,210548.00634529075,236072.64158503187,0.8918780462303282,0.25235849056603776,-60.19961141448378,1967.7383770587921,-744.7086485332236,30987.14997943365,29196.473002101273,0.3098714997943365,5,0,0.0,84.8,30.195363882556546,0.356077404275431,47,0.0,0.0,0.0,0.0,False,False,False
885,94051.27316447586,393978.6859671952,299927.4128027193,1.3135801168876124,0.5525423728813559,106.27262504460549,805.6823843909922,-757.3924565725234,15323.91497924026,13627.143273742826,0.1532391497924026,10,6,0.6,88.5,18.161773041198373,0.20521777447681777,44,0.047750549768169406,6.137548615473903,144.19437717670377,1.0759101096963364,2012-01-13 14:00:00,2021-05-18 23:00:00,RBB_U,5,30,3.0,1,31,36,55,32,1,0,-1,2500,4500,12,416,-25420.99728290918,400238.8113173364,425659.8086002456,0.9402786056628073,0.45913461538461536,-61.10816654545476,2095.49115872951,-1891.8213715566471,57827.61298219444,56004.103995119,0.5782761298219444,5,2,0.4,83.2,29.728101183896698,0.35730890846029684,45,0.0,0.0,0.0,0.0,False,False,False
812,67587.69805033621,252487.9420740274,184900.24402369116,1.365536013255214,0.4458128078817734,83.23608134277859,697.4805029669266,-410.88943116375816,9435.779123904307,7592.506717318451,0.09435779123904307,10,8,0.8,81.2,16.539649331228276,0.2036902626998556,41,0.06644700336820629,7.1629165077753525,113.36164523467127,1.0738959136490216,2012-01-13 14:00:00,2021-05-12 15:00:00,RBB_U,5,30,3.0,1,31,35,55,32,1,0,-1,500,4500,12,395,-14029.968823330419,149268.0618600354,163298.0306833658,0.9140836618505557,0.17721518987341772,-35.51890841349473,2132.4008837147917,-502.4554790257409,32817.29425878902,32056.61352163055,0.3281729425878902,5,2,0.4,79.0,28.376046236218322,0.3591904586863079,43,0.0,0.0,0.0,0.0,False,False,False
811,81173.85956535692,356851.9445945759,275678.08502921904,1.294451623010778,0.5524044389642416,100.09107221375699,796.5445191843212,-759.4437604110717,13647.205837665177,13127.457266534246,0.13647205837665177,10,6,0.6,81.1,16.391766225761028,0.20211795592800283,41,0.04916607416931625,5.948020461545592,136.34788334088242,1.073774083338006,2012-01-13 14:00:00,2021-05-12 17:00:00,RBB_U,5,30,3.0,1,31,35,55,32,1,0,-1,2500,4000,12,389,12709.702214378289,395515.2110032194,382805.50878884114,1.0332014611142628,0.480719794344473,32.672756335162696,2115.054604295291,-1895.0767761823818,43661.67416231154,40003.23299994577,0.43661674162311537,5,2,0.4,77.8,27.389048906451645,0.35204433041711625,43,0.3140120777562391,0.2910951643111573,1336.332745068174,0.19596342834944613,False,False,False
883,81224.85396575948,295359.96191381913,214135.10794805962,1.3793159129490402,0.43035107587768967,91.98737708466533,777.2630576679451,-425.715920373876,11543.39595184886,11257.657871258285,0.11543395951848859,10,8,0.8,88.3,18.286880543165363,0.2070994398999475,43,0.09222546590428894,7.036478199706043,125.48891291056489,1.0730028765518358,2012-01-13 14:00:00,2021-05-18 21:00:00,RBB_U,5,30,3.0,1,31,36,55,32,1,0,-1,500,7500,24,423,4158.176636913238,185773.9099389434,181615.7333020302,1.022895464843886,0.14893617021276595,9.830204815397726,2948.79222125307,-504.488148061195,32528.54940540284,31607.967795603174,0.3252854940540284,5,2,0.4,84.6,30.447331574376104,0.3598975363401431,46,1.8015107712116902,0.1278316037118638,3309.0408609239894,0.06830770045711455,False,False,False
813,75329.67285873582,331214.1303144882,255884.4574557524,1.2943894037478296,0.5510455104551045,92.65642418048687,739.3172551662683,-701.0533080979518,11714.933540083483,11176.740615820461,0.11714933540083483,10,7,0.7,81.3,16.73349933516597,0.20582410006354207,41,0.02643048780702501,6.430226223733149,126.43412093330717,1.0728649768625507,2012-01-13 14:00:00,2021-05-12 15:00:00,RBB_U,5,30,3.0,1,31,35,55,32,1,0,-1,1250,2000,24,394,-25713.005531685027,260323.3910093966,286036.3965410816,0.9101058262423188,0.39593908629441626,-65.26143535960666,1668.7396859576706,-1201.8335989121076,39543.02887168718,36802.570351102455,0.3954302887168718,5,2,0.4,78.8,27.86682615584344,0.3536399258355767,44,0.0,0.0,0.0,0.0,False,False,False
811,81299.36529881673,346617.2672684627,265317.901969646,1.306422464128025,0.5536374845869297,100.24582650902187,771.9760963662866,-732.9223811316187,13754.30748368032,12228.60635586542,0.1375430748368032,10,6,0.6,81.1,16.391766225761028,0.20211795592800283,41,0.03678995511227604,5.910829418004474,137.20578664132685,1.0712390196484285,2012-01-13 14:00:00,2021-05-12 17:00:00,RBB_U,5,30,3.0,1,31,35,55,32,1,0,-1,2250,3000,12,392,-3767.553185089062,363380.1557686196,367147.70895370864,0.9897383175947748,0.4719387755102041,-9.61110506400271,1964.2170582087547,-1773.660429728061,55866.26808972336,53175.78686837439,0.5586626808972336,5,3,0.6,78.4,27.85390457368589,0.3552793950725241,43,0.0,0.0,0.0,0.0,False,False,False
812,67373.05992689416,252273.30395058534,184900.24402369116,1.3643751812369793,0.4458128078817734,82.97174867844109,696.8875799739926,-410.88943116375816,9435.779123904307,7592.506717318451,0.09435779123904307,10,8,0.8,81.2,16.539649331228276,0.2036902626998556,41,0.07408005522408638,7.14016924752015,113.72279449566484,1.0704855444497916,2012-01-13 14:00:00,2021-05-12 15:00:00,RBB_U,5,30,3.0,1,31,35,55,32,1,0,-1,500,5000,12,395,-10643.351485429812,152654.67919793597,163298.0306833658,0.9348225361880375,0.17721518987341772,-26.945193633999523,2180.781131399085,-502.4554790257409,31317.29425878902,30556.61352163055,0.3131729425878902,5,2,0.4,79.0,28.376046236218322,0.3591904586863079,43,0.0,0.0,0.0,0.0,False,False,False
810,68024.2258780458,263945.0188142124,195920.7929361666,1.3472026876708738,0.43580246913580245,83.9805257753652,747.7196000402618,-428.71070664369057,9680.913117094708,9272.594811130322,0.09680913117094707,10,8,0.8,81.0,16.667333320000534,0.20576954716050042,40,0.043969629369429074,7.026633237512231,115.27569073560744,1.069694776367029,2012-01-13 14:00:00,2021-05-12 15:00:00,RBB_U,5,30,3.0,1,31,35,55,32,1,0,-1,500,3000,0,396,-7153.654918641718,156743.63068101066,163897.28559965233,0.9563528163845513,0.17929292929292928,-18.064785148085146,2207.65677015508,-504.2993403066225,31160.1840378313,30617.917197174596,0.311601840378313,5,2,0.4,79.2,28.12401109372559,0.35510115017330285,44,0.0,0.0,0.0,0.0,False,False,False
885,95075.82146903916,389103.2449488451,294027.42347980605,1.3233569860383072,0.5525423728813559,107.43030674467703,795.7121573596015,-742.4934936358738,15866.790288747514,14170.01858325008,0.15866790288747515,10,6,0.6,88.5,18.161773041198373,0.20521777447681777,44,0.041977023583221355,5.992126935494036,147.69380046970483,1.068862208000249,2012-01-13 14:00:00,2021-05-18 23:00:00,RBB_U,5,30,3.0,1,31,36,55,32,1,0,-1,2250,4000,12,417,-4957.128803634703,403433.7505730831,408390.87937671784,0.98786180335075,0.45083932853717024,-11.8875990494837,2145.924205175974,-1783.3662854878507,56159.77516026215,52359.33760914603,0.5615977516026215,5,3,0.6,83.4,29.47269923166183,0.3533896790367126,46,0.0,0.0,0.0,0.0,False,False,False
883,93760.53290738362,412677.978507746,318917.44560036244,1.293996249502373,0.5594563986409966,106.18406897778439,835.3805232950324,-819.8391917747107,15515.633229961648,11997.760355286358,0.15515633229961648,10,8,0.8,88.3,18.286880543165363,0.2070994398999475,43,0.03190041595598119,6.042971725209786,146.1201607673162,1.0683512390894636,2012-01-13 14:00:00,2021-05-18 23:00:00,RBB_U,5,30,3.0,1,31,36,55,32,1,0,-1,2000,3000,24,420,3239.7249433416073,400250.27035780577,397010.54541446414,1.0081602994700292,0.4595238095238095,7.713630817480017,2073.835597708838,-1748.9451339844236,65293.745081073546,64030.04822254814,0.6529374508107355,5,3,0.6,84.0,29.939939879699157,0.35642785571070423,46,0.9232265245687615,0.04961769215901041,8464.722596408172,0.03783227924021724,False,False,False
882,80718.02741022383,294344.13535828347,213626.10794805962,1.3778472031604365,0.4308390022675737,91.51703788007238,774.5898298902197,-425.5500158327881,11543.39595184886,11257.657871258285,0.11543395951848859,10,8,0.8,88.2,18.153787483607932,0.2058252549161897,43,0.10083949593694358,6.99257200800563,126.13384588535078,1.0675165224945955,2012-01-13 14:00:00,2021-05-18 21:00:00,RBB_U,5,30,3.0,1,31,36,55,32,1,0,-1,500,0,24,421,20739.211822229678,201336.94512425986,180597.7333020302,1.1148365012286483,0.1496437054631829,49.261785801020615,3195.8245257819026,-504.4629421844419,32528.54940540284,31607.967795603174,0.3252854940540284,5,2,0.4,84.2,29.93593158730825,0.35553362930294835,46,0.8138105860791992,0.6375695258880801,660.3201422050133,0.3423081585449662,True,False,False
885,96390.93014096652,398657.07788457046,302266.1477436039,1.3188942290114796,0.5570621468926553,108.91630524402997,808.635046419007,-771.0871115908263,16353.107593214772,14498.982549083434,0.16353107593214772,10,7,0.7,88.5,18.161773041198373,0.20521777447681777,44,0.04659152052410072,5.8943494128884115,150.14379671230296,1.0674122934759296,2012-01-13 14:00:00,2021-05-18 23:00:00,RBB_U,5,30,3.0,1,31,36,55,32,1,0,-1,5000,4500,12,416,-86408.59494415321,433871.50566609506,520280.1006102483,0.8339190854257108,0.4879807692307692,-207.7129686157529,2137.2980574684484,-2442.629580329804,109141.64660802865,107185.13179987721,1.0914164660802865,5,1,0.2,83.2,29.728101183896698,0.35730890846029684,45,0.0,0.0,0.0,0.0,False,False,False
457,48446.33161972274,186808.03986633784,138361.7082466151,1.3501426242394483,0.5514223194748359,106.00947838013728,741.3017455013406,-674.9351621786103,15543.66062712123,13461.716066817338,0.1554366062712123,10,8,0.8,45.7,14.588008774332431,0.31921244582784314,23,0.12366261385951943,3.1167903611580114,146.6251967714012,1.0656325846774315,2012-01-18 10:00:00,2021-05-19 07:00:00,RBB_U,5,50,2.0,1,17,36,78,31,-1,11,-1,1250,6000,24,229,-40683.339845518654,137660.08306261353,178343.4229081322,0.7718820286045796,0.34497816593886466,-177.65650587562732,1742.532696995108,-1188.9561527208814,46840.932610196694,44440.056969153215,0.46840932610196695,5,1,0.2,45.8,17.79213309302738,0.38847452168182056,22,0.0,0.0,0.0,0.0,False,False,False
885,96210.22556547544,401200.63557311485,304990.41000763944,1.315453281180433,0.5570621468926553,108.7121192830231,813.794392643235,-778.03676022357,16353.107593214772,14498.982549083434,0.16353107593214772,10,6,0.6,88.5,18.161773041198373,0.20521777447681777,44,0.051875982731205604,5.883299245544924,150.42580073929747,1.0654112101262363,2012-01-13 14:00:00,2021-05-18 23:00:00,RBB_U,5,30,3.0,1,31,36,55,32,1,0,-1,4000,5000,12,416,-77056.26210504079,419318.21332849946,496374.4754335403,0.8447618362371698,0.47115384615384615,-185.23139929096345,2139.3786394311196,-2256.2476156070015,103209.84790563837,102129.40322309276,1.0320984790563836,5,1,0.2,83.2,29.728101183896698,0.35730890846029684,45,0.0,0.0,0.0,0.0,False,False,False
884,76600.43469719932,292423.20793651097,215822.77323931165,1.3549228542822132,0.4298642533936652,86.6520754493205,769.5347577276605,-428.2197881732374,10453.779123904307,9957.657871258285,0.10453779123904307,10,8,0.8,88.4,18.423897524682445,0.2084151303697109,43,0.06515628820814619,7.327535218535435,120.64083946862097,1.062139979720359,2012-01-13 14:00:00,2021-05-18 21:00:00,RBB_U,5,30,3.0,1,31,36,55,32,1,0,-1,500,5000,0,423,-13171.931532482187,167934.80176954798,181106.7333020302,0.9272697856544324,0.15130023640661938,-31.139318043693113,2623.981277649187,-504.47558022849637,33519.84149272893,32759.160755570454,0.33519841492728925,5,2,0.4,84.6,30.447331574376104,0.3598975363401431,46,0.0,0.0,0.0,0.0,False,False,False
813,76583.37606619929,315725.6912610985,239142.31519489922,1.3202418442916903,0.5325953259532595,94.19849454637058,729.1586403258625,-629.32188209184,12355.330732406932,11690.947639490354,0.12355330732406931,10,8,0.8,81.3,16.691614661260306,0.205308913422636,41,0.032526641262808256,6.198407612458961,131.1627196581665,1.0620775317248272,2012-01-13 14:00:00,2021-05-12 15:00:00,RBB_U,5,30,3.0,1,31,35,55,32,1,0,-1,1250,2500,12,394,-24242.226064581606,266815.61479522166,291057.84085980325,0.91670993644092,0.3756345177664975,-61.52849254969951,1802.808208075822,-1183.1619547146474,39488.16617846075,37438.43703778829,0.3948816617846075,5,2,0.4,78.8,27.86682615584344,0.3536399258355767,44,0.0,0.0,0.0,0.0,False,False,False
457,48270.359847903994,186632.06809451908,138361.7082466151,1.3488708000183633,0.5514223194748359,105.624419798477,740.6034448195202,-674.9351621786103,15543.66062712123,13461.716066817338,0.1554366062712123,10,8,0.8,45.7,14.588008774332431,0.31921244582784314,23,0.09303846116231117,3.1054692331406057,147.15972553295248,1.0617618838882485,2012-01-18 10:00:00,2021-05-19 07:00:00,RBB_U,5,50,2.0,1,17,36,78,31,-1,11,-1,1250,4500,24,229,-39733.06745438045,137351.35545375175,177084.4229081322,0.7756264113925302,0.34934497816593885,-173.50684477895393,1716.8919431718969,-1188.486059786122,42890.66021905849,40489.78457801501,0.4289066021905849,5,0,0.0,45.8,17.79213309302738,0.38847452168182056,22,0.0,0.0,0.0,0.0,False,False,False
812,78569.10381093645,374286.152584765,295717.04877382854,1.2656901390593411,0.5652709359605911,96.75998006272961,815.4382409254139,-837.7253506340752,13050.655312600982,12225.349723365442,0.1305065531260098,10,8,0.8,81.2,16.575886099994776,0.2041365283250588,41,0.031704574434171726,6.0203186682184855,134.87658124919236,1.0614976999079737,2012-01-13 14:00:00,2021-05-12 17:00:00,RBB_U,5,30,3.0,1,31,35,55,32,1,0,-1,2000,2500,0,392,-7171.04861667435,351586.0610803751,358757.1096970495,0.9800114104422072,0.47959183673469385,-18.29349136906722,1870.1386227679527,-1758.6132828286738,63170.59462605199,61120.86548537953,0.6317059462605199,5,3,0.6,78.4,27.85390457368589,0.3552793950725241,43,0.0,0.0,0.0,0.0,False,False,False
811,83144.88967076951,332645.9465659226,249501.05689515307,1.3332446391427881,0.5400739827373613,102.52144225742234,759.465631429047,-668.9036377886141,14705.506607853102,13008.734902355667,0.14705506607853103,10,7,0.7,81.1,16.391766225761028,0.20211795592800283,41,0.035973347392046856,5.65399696100018,143.43835088594312,1.0595321976064582,2012-01-13 14:00:00,2021-05-12 15:00:00,RBB_U,5,30,3.0,1,31,35,55,32,1,0,-1,1500,3000,12,392,-12321.045010091664,312165.1127185803,324486.1577286719,0.9620290581997825,0.4030612244897959,-31.431237270642,1975.7285615100018,-1386.692981746461,45030.927895445966,43973.90825460471,0.45030927895445966,5,2,0.4,78.4,27.85390457368589,0.3552793950725241,43,0.0,0.0,0.0,0.0,False,False,False
813,72738.82683251004,281304.02908009774,208565.20224758773,1.3487582110948775,0.4969249692496925,89.46965170050434,696.2971016834102,-509.93936979850304,11202.986367269325,9343.185543203675,0.11202986367269324,10,8,0.8,81.3,16.691614661260306,0.205308913422636,41,0.03424580940432033,6.49280686844572,125.2154909999071,1.0593715118539404,2012-01-13 14:00:00,2021-05-12 15:00:00,RBB_U,5,30,3.0,1,31,35,55,32,1,0,-1,750,2500,12,396,-19845.040735738097,194776.35915661184,214621.39989234996,0.9075346598908962,0.2676767676767677,-50.11373923166186,1837.512822232187,-740.0737927322413,25895.09205874154,24636.1728462681,0.25895092058741537,5,1,0.2,79.2,28.12401109372559,0.35510115017330285,44,0.0,0.0,0.0,0.0,False,False,False
884,76263.26838221734,292086.041621529,215822.77323931165,1.3533606173137902,0.4298642533936652,86.2706655907436,768.647477951392,-428.2197881732374,10453.779123904307,9957.657871258285,0.10453779123904307,10,8,0.8,88.4,18.423897524682445,0.2084151303697109,43,0.05888811344265947,7.295282163349776,121.17420275271347,1.0574648388497754,2012-01-13 14:00:00,2021-05-18 21:00:00,RBB_U,5,30,3.0,1,31,36,55,32,1,0,-1,500,4500,0,423,-19858.548870382794,161248.18443164736,181106.7333020302,0.8903489201736917,0.15130023640661938,-46.94692404345814,2519.50288174449,-504.47558022849637,35519.84149272893,34759.160755570454,0.35519841492728926,5,2,0.4,84.6,30.447331574376104,0.3598975363401431,46,0.0,0.0,0.0,0.0,False,False,False
812,80182.65684305012,391821.14428575046,311638.4874427003,1.2572938198392232,0.5763546798029556,98.74711433873168,837.2246672772445,-905.9258355892451,13765.545806661059,13189.558155507337,0.1376554580666106,10,8,0.8,81.2,16.575886099994776,0.2041365283250588,41,0.031066568483455147,5.8248803185305045,139.40200580891087,1.0547927649726854,2012-01-13 14:00:00,2021-05-12 17:00:00,RBB_U,5,30,3.0,1,31,35,55,32,1,0,-1,3000,2500,0,392,-26403.385645853712,387971.9076643992,414375.29331025295,0.93628146737483,0.5229591836734694,-67.35557562717784,1892.5458910458497,-2215.910659413117,65941.6827724708,64409.95363179834,0.659416827724708,5,3,0.6,78.4,27.85390457368589,0.3552793950725241,43,0.0,0.0,0.0,0.0,False,False,False
885,97930.02941325452,379351.66272058943,281421.6333073349,1.347983302713289,0.5446327683615819,110.65540046695426,787.0366446485258,-698.3167079586474,17334.25969993598,15637.487994438547,0.1733425969993598,10,7,0.7,88.5,18.161773041198373,0.20521777447681777,44,0.04075358726952277,5.649507455666895,156.65082433200016,1.0533177719441078,2012-01-13 14:00:00,2021-05-18 23:00:00,RBB_U,5,30,3.0,1,31,36,55,32,1,0,-1,1750,4000,12,418,-3498.224574874541,374998.6855069975,378496.9100818721,0.9907575874949207,0.4138755980861244,-8.368958313096988,2167.6224595780204,-1544.8853472729472,56707.3437996112,54427.976822650584,0.567073437996112,5,3,0.6,83.6,29.560784833965418,0.353597904712505,46,0.0,0.0,0.0,0.0,False,False,False
457,47870.863121225964,186232.5713678411,138361.7082466151,1.3459834641236232,0.5514223194748359,104.75024753003493,739.0181403485758,-674.9351621786103,15543.66062712123,13461.716066817338,0.1554366062712123,10,8,0.8,45.7,14.588008774332431,0.31921244582784314,23,0.11721521570069783,3.0797676473776634,148.38781762939902,1.0529744955517752,2012-01-18 10:00:00,2021-05-19 07:00:00,RBB_U,5,50,2.0,1,17,36,78,31,-1,11,-1,1250,0,24,229,-34715.04534409332,143628.37756403888,178343.4229081322,0.80534720721394,0.34497816593886466,-151.59408447202324,1818.0807286587199,-1188.9561527208814,44800.57430835798,42399.6986673145,0.4480057430835798,5,1,0.2,45.8,17.79213309302738,0.38847452168182056,22,0.0,0.0,0.0,0.0,False,False,False
886,97826.9065381944,431922.9082982243,334096.00176002993,1.2928107670335434,0.5812641083521445,110.41411573159638,838.6852588315036,-900.5283066308084,17302.199768175364,11521.5920563482,0.17302199768175364,10,8,0.8,88.6,18.320480343047777,0.20677743050843994,44,0.025463342225049743,5.654015549984077,156.70278798622957,1.0519942950899421,2012-01-13 14:00:00,2021-05-18 23:00:00,RBB_U,5,30,3.0,1,31,36,55,32,1,0,-1,5000,2500,0,420,-77060.92088099202,436951.7539143887,514012.6747953807,0.8500797263186778,0.5452380952380952,-183.478383049981,1908.0862616348852,-2691.16583662503,107706.28031981108,106479.74361033639,1.0770628031981109,5,2,0.4,84.0,29.939939879699157,0.35642785571070423,46,0.0,0.0,0.0,0.0,False,False,False
884,75802.9845873389,291625.7578266505,215822.77323931165,1.3512279239563192,0.4298642533936652,85.749982564863,767.4362048069751,-428.2197881732374,10453.779123904314,9957.657871258285,0.10453779123904315,10,8,0.8,88.4,18.423897524682445,0.2084151303697109,43,0.05264964198608352,7.251251790273883,121.90998541599546,1.05108255365139,2012-01-13 14:00:00,2021-05-18 21:00:00,RBB_U,5,30,3.0,1,31,36,55,32,1,0,-1,500,4000,0,424,-6121.090010215972,173458.6432918142,179579.7333020302,0.9659143607262123,0.16037735849056603,-14.436533042962198,2550.8624013502085,-504.4374530955904,32528.54940540284,31607.967795603174,0.3252854940540284,5,2,0.4,84.8,30.195363882556546,0.356077404275431,47,0.0,0.0,0.0,0.0,False,False,False
885,91750.18300780529,363568.3347938843,271818.151786079,1.3375425165866508,0.5412429378531074,103.67252317266134,759.0153127220967,-669.5028369115246,15317.989412920295,13621.21770742286,0.15317989412920294,10,6,0.6,88.5,18.161773041198373,0.20521777447681777,44,0.03259939001697198,5.98970142454966,147.75360861439592,1.0497895200978136,2012-01-13 14:00:00,2021-05-18 22:00:00,RBB_U,5,30,3.0,1,31,36,55,32,1,0,-1,1500,3000,12,420,-14320.230618649184,335006.75479989906,349326.9854185482,0.9590062285010954,0.4,-34.095787187259965,1994.0878261898754,-1386.21819610535,47516.41525025992,45784.028632458045,0.4751641525025992,5,2,0.4,84.0,29.939939879699157,0.35642785571070423,46,0.0,0.0,0.0,0.0,False,False,False
458,47005.76302299941,194016.97149552932,147011.20847252992,1.3197427156160189,0.5764192139737991,102.63267035589391,734.912770816399,-757.7897343944842,15104.061622021887,12298.257701037961,0.15104061622021886,10,9,0.9,45.8,14.627371602581238,0.3193749258205511,23,0.052993502068697,3.1121273336480892,147.16621490648473,1.0465939052941062,2012-01-18 10:00:00,2021-05-19 09:30:00,RBB_U,5,50,2.0,1,17,36,78,31,-1,11,-1,2250,2500,24,229,-6356.629541981762,190338.54026290166,196695.16980488342,0.9676828386366204,0.5152838427947598,-27.758207606907256,1613.0384768042513,-1772.0285568007516,32595.83460172629,30503.79167512012,0.32595834601726287,5,2,0.4,45.8,17.79213309302738,0.38847452168182056,22,0.0,0.0,0.0,0.0,False,False,False
811,83343.9239870271,364650.5735241843,281306.64953715715,1.2962742762183388,0.5548705302096177,102.76686064984845,810.3346078315207,-779.2427965018204,15147.205837665177,13900.687866107426,0.15147205837665176,10,6,0.6,81.1,16.391766225761028,0.20211795592800283,41,0.05388515185220997,5.502263907960065,147.3938752422862,1.046468772573711,2012-01-13 14:00:00,2021-05-12 17:00:00,RBB_U,5,30,3.0,1,31,35,55,32,1,0,-1,3000,4500,12,388,-18435.869337300093,394506.8163794924,412942.68571679253,0.9553548955461002,0.48195876288659795,-47.51512715798993,2109.66211967643,-2054.4412224716048,60309.15601659004,59228.711334044434,0.6030915601659004,5,2,0.4,77.6,27.644891028904418,0.35624859573330436,42,0.0,0.0,0.0,0.0,False,False,False
458,54904.14336290051,290695.29968343466,235791.15632053418,1.2328507320616549,0.5982532751091703,119.87804227707535,1060.9317506694695,-1281.4736756550772,20642.396729834487,16604.346592655435,0.20642396729834486,10,7,0.7,45.8,14.627371602581238,0.3193749258205511,23,0.045369982071028964,2.659775610433234,172.19497697604623,1.0456805463994812,2012-01-18 10:00:00,2021-05-19 14:00:00,RBB_U,5,50,2.0,1,17,36,78,31,-1,11,-1,4000,2500,0,229,19285.659661874073,293588.0707920555,274302.4111301814,1.0703080209262956,0.6069868995633187,84.21685441866407,2112.14439418745,-3047.8045681131266,29797.344304359613,29105.363629107975,0.29797344304359613,5,4,0.8,45.8,17.79213309302738,0.38847452168182056,22,0.1291633287983647,0.6472274664776891,353.8168756129171,0.6114341387881814,True,False,False
812,78914.43970790782,381275.0395521254,302360.59984421753,1.2609944541337932,0.5726600985221675,97.18527057624115,819.9463216174739,-871.356195516477,13662.970579319866,10734.558155507337,0.13662970579319866,10,8,0.8,81.2,16.575886099994776,0.2041365283250588,41,0.03156583268182772,5.7757893314468465,140.5868450878198,1.0419990632416933,2012-01-13 14:00:00,2021-05-12 17:00:00,RBB_U,5,30,3.0,1,31,35,55,32,1,0,-1,2500,2500,24,392,-4159.074685860258,376881.1785140353,381040.25319989555,0.9890849466665708,0.5102040816326531,-10.60988440270474,1884.4058925701765,-1984.5846520827893,45674.66082701356,43642.9316863411,0.45674660827013563,5,4,0.8,78.4,27.85390457368589,0.3552793950725241,43,0.0,0.0,0.0,0.0,False,False,False
885,94934.71040799095,384005.1624551747,289070.45204718376,1.3284137473604365,0.5491525423728814,107.27085921806886,790.1340791258739,-724.4873484891824,16649.302978301283,14952.531272803848,0.16649302978301284,10,6,0.6,88.5,18.161773041198373,0.20521777447681777,44,0.04203941827860745,5.702023113623287,155.20806955088554,1.0418931385511987,2012-01-13 14:00:00,2021-05-18 23:00:00,RBB_U,5,30,3.0,1,31,36,55,32,1,0,-1,2000,4000,12,417,-2189.454146180695,392937.62986946234,395127.084015643,0.9944588608709648,0.4364508393285372,-5.2504895591863185,2158.9979663157274,-1681.3918468750765,67774.27175354988,65494.90477658927,0.6777427175354989,5,3,0.6,83.4,29.47269923166183,0.3533896790367126,46,0.0,0.0,0.0,0.0,False,False,False
457,38841.18617769092,163620.13685164406,124778.95067395316,1.3112799552160264,0.5010940919037199,84.99165465577882,714.498414199319,-547.276099447163,10452.921465130297,8370.976904826406,0.10452921465130298,10,9,0.9,45.7,14.588008774332431,0.31921244582784314,23,0.15424348712195177,3.7158211039143936,122.98762163726829,1.0418300686374047,2012-01-18 10:00:00,2021-05-19 05:00:00,RBB_U,5,50,2.0,1,17,36,78,31,-1,11,-1,750,6000,24,229,-42191.455538742135,91047.37765668382,133238.83319542598,0.6833396501089251,0.2183406113537118,-184.24216392463813,1820.9475531336764,-744.351023438134,42802.12691874044,41725.34990375958,0.4280212691874044,5,0,0.0,45.8,17.79213309302738,0.38847452168182056,22,0.0,0.0,0.0,0.0,False,False,False
885,82849.8144764326,311047.626207481,228197.81173104834,1.3630613889237406,0.49491525423728816,93.61560957788994,710.154397733975,-510.5096459307569,12720.986367269325,11847.26504535219,0.12720986367269324,10,8,0.8,88.5,18.161773041198373,0.20521777447681777,44,0.036101468891651146,6.512845158737251,135.8853125523391,1.0402250858864115,2012-01-13 14:00:00,2021-05-18 21:00:00,RBB_U,5,30,3.0,1,31,36,55,32,1,0,-1,750,3000,12,424,-8098.7474860187795,224738.65240633115,232837.39989234996,0.9652171537314744,0.25943396226415094,-19.10081954249712,2043.0786582393741,-741.5203818227706,25407.383067509807,23715.691272213946,0.2540738306750981,5,3,0.6,84.8,30.195363882556546,0.356077404275431,47,0.0,0.0,0.0,0.0,False,False,False
814,67646.37622963938,295589.53040329873,227943.15417365936,1.2967686240671334,0.547911547911548,83.10365630176828,662.7567946262303,-619.4107450371179,10082.5254533158,9544.33252905278,0.100825254533158,10,9,0.9,81.4,16.84755175092215,0.20697238023245884,41,0.022041091971260918,6.709269075774342,121.32469137944854,1.037229631719186,2012-01-13 14:00:00,2021-05-12 15:00:00,RBB_U,5,30,3.0,1,31,35,55,32,1,0,-1,1000,1500,24,396,-42175.020759770036,201060.33025645156,243235.35101622163,0.8266081777029304,0.37626262626262624,-106.50257767618696,1349.3981896406144,-984.7585061385491,45394.59647549973,44129.806149847376,0.4539459647549973,5,1,0.2,79.2,28.12401109372559,0.35510115017330285,44,0.0,0.0,0.0,0.0,False,False,False
457,52024.015908014,195723.61899812723,143699.60309011326,1.3620331217991604,0.5645514223194749,113.83810920790809,758.6186782873149,-722.1085582417752,19066.664520269784,16235.630867193482,0.19066664520269783,10,9,0.9,45.7,14.588008774332431,0.31921244582784314,23,0.11515835322272998,2.7285326100276865,167.48929381326428,1.03321275315097,2012-01-18 10:00:00,2021-05-19 09:30:00,RBB_U,5,50,2.0,1,17,36,78,31,-1,11,-1,2000,6000,24,229,-12755.045461712703,192179.5842382568,204934.6296999695,0.9377604191132242,0.4585152838427948,-55.69888847909478,1830.2817546500646,-1652.698626612657,31991.251812608723,29490.11900805765,0.31991251812608723,5,2,0.4,45.8,17.79213309302738,0.38847452168182056,22,0.0,0.0,0.0,0.0,False,False,False
812,64928.783383205504,249829.0274068967,184900.24402369116,1.3511557473925575,0.4458128078817734,79.96155589064718,690.1354348256815,-410.88943116375816,9435.779123904307,7592.506717318451,0.09435779123904307,10,8,0.8,81.2,16.539649331228276,0.2036902626998556,41,0.06146734609896161,6.881125822319956,118.003946006358,1.031648616017335,2012-01-13 14:00:00,2021-05-12 15:00:00,RBB_U,5,30,3.0,1,31,35,55,32,1,0,-1,500,4000,12,396,-1630.2884008694527,160649.74228249636,162280.0306833658,0.989953856959453,0.18434343434343434,-4.116889901185487,2200.681401130087,-502.4149556760551,30313.54940540284,29392.967795603174,0.3031354940540284,5,2,0.4,79.2,28.12401109372559,0.35510115017330285,44,0.0,0.0,0.0,0.0,False,False,False
458,45871.65316711918,193375.95749070268,147504.3043235835,1.3109851836356552,0.6069868995633187,100.15644796314231,695.5969693910168,-819.4683573532416,14807.511248874329,14102.312161909384,0.14807511248874328,10,8,0.8,45.8,14.627371602581238,0.3193749258205511,23,0.02160375594900838,3.097863806830223,147.84381385333782,1.031519221971062,2012-01-18 10:00:00,2021-05-19 07:00:00,RBB_U,5,50,2.0,1,17,36,78,31,-1,11,-1,1250,1000,0,229,-23468.704247068286,115168.09815462907,138636.80240169738,0.8307180788902776,0.5109170305676856,-102.48342465968685,984.342719270334,-1237.828592872298,25965.169625308423,24191.704247068286,0.2596516962530842,5,0,0.0,45.8,17.79213309302738,0.38847452168182056,22,0.0,0.0,0.0,0.0,False,False,False
813,76365.8084601685,368059.67510270653,291693.8666425381,1.2618012141947172,0.5854858548585485,93.9308837148444,773.2346115603078,-865.5604351410626,13045.556396938038,11574.949958058125,0.13045556396938038,10,9,0.9,81.3,16.73349933516597,0.20582410006354207,41,0.02607187745597537,5.853779335781534,138.88463390317682,1.0306626830265604,2012-01-13 14:00:00,2021-05-12 18:30:00,RBB_U,5,30,3.0,1,31,35,55,32,1,0,-1,4000,2000,24,392,-57546.26044250589,368449.034075971,425995.2945184769,0.8649133894599629,0.5663265306122449,-146.80168480231094,1659.680333675545,-2505.8546736380995,80720.98966225729,79809.28552668841,0.8072098966225728,5,2,0.4,78.4,27.85390457368589,0.3552793950725241,43,0.0,0.0,0.0,0.0,False,False,False
457,46841.29203970951,183900.79550944897,137059.50346973946,1.3417588044162974,0.5557986870897156,102.49735676085231,724.0188799584605,-675.1699678312289,15543.66062712123,13461.716066817338,0.1554366062712123,10,8,0.8,45.7,14.588008774332431,0.31921244582784314,23,0.06385391755343538,3.0135302850075654,151.649380221461,1.0303278996997403,2012-01-18 10:00:00,2021-05-19 07:00:00,RBB_U,5,50,2.0,1,17,36,78,31,-1,11,-1,1250,3000,24,229,-32107.738347111677,139365.13676556715,171472.87511267883,0.8127532513465296,0.37117903930131,-140.20846439786757,1639.58984430079,-1190.7838549491585,35454.179786393746,33792.632712129125,0.35454179786393747,5,1,0.2,45.8,17.79213309302738,0.38847452168182056,22,0.0,0.0,0.0,0.0,False,False,False
457,51848.044136195254,195547.6472263085,143699.60309011326,1.3608085410206847,0.5645514223194749,113.45305062624782,757.9366171562345,-722.1085582417752,19066.664520269784,16235.630867193482,0.19066664520269783,10,9,0.9,45.7,14.588008774332431,0.31921244582784314,23,0.08661850364505498,2.7193033202569628,168.05775089364266,1.029717900328397,2012-01-18 10:00:00,2021-05-19 09:30:00,RBB_U,5,50,2.0,1,17,36,78,31,-1,11,-1,2000,4500,24,229,-11362.632397788235,191562.99730218126,202925.6296999695,0.9440059276169888,0.462882096069869,-49.618482086411504,1807.198087756427,-1649.8018674794268,28240.901852775074,25939.81784712177,0.28240901852775074,5,2,0.4,45.8,17.79213309302738,0.38847452168182056,22,0.0,0.0,0.0,0.0,False,False,False
887,78490.65146994471,340234.5992790647,261743.94780911997,1.2998757072587024,0.532130777903044,88.49002420512369,720.8360154217472,-630.708307973783,11657.962736396901,11274.802077286866,0.11657962736396901,10,6,0.6,88.7,18.43936007566423,0.2078845555317275,44,0.031736263533929804,6.732793134163305,131.743242711441,1.0271229412174143,2012-01-13 14:00:00,2021-05-18 22:00:00,RBB_U,5,30,3.0,1,31,36,55,32,1,0,-1,1250,2500,12,422,-27257.735483311306,286318.7679209465,313576.5034042578,0.9130746877160912,0.37203791469194314,-64.59179024481352,1823.6864198786402,-1183.3075600160673,40550.28787350582,38210.458773213446,0.4055028787350582,5,2,0.4,84.4,29.950626036862733,0.3548652374035869,47,0.0,0.0,0.0,0.0,False,False,False
457,38265.717679194146,163044.66835314728,124778.95067395316,1.3066680515624969,0.5010940919037199,83.73242380567646,711.9854513237873,-547.276099447163,10452.921465130297,8370.976904826406,0.10452921465130298,10,9,0.9,45.7,14.588008774332431,0.31921244582784314,23,0.14663761421059152,3.660767739128628,124.83720152887373,1.0263943818243197,2012-01-18 10:00:00,2021-05-19 05:00:00,RBB_U,5,50,2.0,1,17,36,78,31,-1,11,-1,750,0,24,229,-40366.270271572845,92872.56292385311,133238.83319542598,0.697038248508479,0.2183406113537118,-176.27192258328753,1857.4512584770623,-744.351023438134,40976.94165157115,39900.16463659029,0.40976941651571147,5,0,0.0,45.8,17.79213309302738,0.38847452168182056,22,0.0,0.0,0.0,0.0,False,False,False
1394,140531.91720650773,532610.2354063734,392078.3181998657,1.3584281779510954,0.49856527977044474,100.81199225717914,766.3456624552135,-560.9131876965174,15169.991365252969,14612.426298091566,0.1516999136525297,10,7,0.7,139.4,30.332161149512576,0.21759082603667557,54,0.053304616836559515,9.26380996685322,150.47804358982566,1.0257912201771318,2012-01-11 16:00:00,2021-05-18 22:00:00,RBB_U,6,30,3.0,1,31,36,152,32,1,0,-1,1000,7500,92,627,-92562.81987761905,371420.6367573822,463983.4566350012,0.8005040512674253,0.23604465709728867,-147.6281018781803,2509.598897009339,-968.6502226200442,108124.40812614148,106535.64684754181,1.0812440812614148,5,1,0.2,125.4,42.150207591422365,0.3361260573478657,56,0.0,0.0,0.0,0.0,False,False,False
811,80856.22014147919,360912.1325265035,280055.91238502425,1.2887145622204081,0.5561035758323057,99.69940831255141,800.2486308791653,-777.9330899584007,14867.90589341479,13013.780849283452,0.1486790589341479,10,6,0.6,81.1,16.391766225761028,0.20211795592800283,41,0.049359220515338184,5.438305886593725,149.12732327161697,1.024724514833608,2012-01-13 14:00:00,2021-05-12 18:30:00,RBB_U,5,30,3.0,1,31,35,55,32,1,0,-1,4000,4000,12,389,-17886.312926465595,419792.3845816826,437678.6975081482,0.9591336909283034,0.5038560411311054,-45.98023888551567,2141.797880518789,-2267.765272062944,72875.15222540993,70002.6120572229,0.7287515222540992,5,2,0.4,77.8,27.389048906451645,0.35204433041711625,43,0.0,0.0,0.0,0.0,False,False,False
813,80100.34305054627,376086.2832300517,295985.9401795054,1.27062212144931,0.5879458794587946,98.52440719624389,786.7913875105684,-883.540119938822,14521.519353628311,13779.949958058125,0.14521519353628312,10,9,0.9,81.3,16.73349933516597,0.20582410006354207,41,0.024856323009048855,5.515975367311176,147.3900708146755,1.0246540204919234,2012-01-13 14:00:00,2021-05-12 23:00:00,RBB_U,5,30,3.0,1,31,35,55,32,1,0,-1,5000,2000,0,392,-69495.25390910049,380725.7232590394,450220.9771681399,0.8456419015697113,0.5816326530612245,-177.2838109926033,1669.8496634168396,-2745.249860781341,94546.55522027216,93327.45621445088,0.9454655522027215,5,2,0.4,78.4,27.85390457368589,0.3552793950725241,43,0.0,0.0,0.0,0.0,False,False,False
814,63315.18904202871,270317.0338122544,207001.84477022564,1.305867752590849,0.5012285012285013,77.7827875209198,662.5417495398392,-509.8567605177971,9078.706343117046,8695.545684007011,0.09078706343117046,10,7,0.7,81.4,16.84755175092215,0.20697238023245884,41,0.03144585098969493,6.974032053589953,116.71870644485857,1.0230832292210745,2012-01-13 14:00:00,2021-05-12 15:00:00,RBB_U,5,30,3.0,1,31,35,55,32,1,0,-1,750,2000,12,396,-29559.09469105058,179749.30520129937,209308.39989234996,0.8587773127774461,0.28535353535353536,-74.644178512754,1590.7018159407023,-739.6056533298586,33861.104719861985,32826.85724901972,0.33861104719861984,5,1,0.2,79.2,28.12401109372559,0.35510115017330285,44,0.0,0.0,0.0,0.0,False,False,False
457,51448.547409517225,195148.1504996305,143699.60309011326,1.3580284586955618,0.5645514223194749,112.57887835780575,756.388180231126,-722.1085582417752,19066.664520269784,16235.630867193482,0.19066664520269783,10,9,0.9,45.7,14.588008774332431,0.31921244582784314,23,0.10906417827250638,2.6983506923731855,169.36271526592077,1.0217837740284277,2012-01-18 10:00:00,2021-05-19 09:30:00,RBB_U,5,50,2.0,1,17,36,78,31,-1,11,-1,2000,0,24,229,-8775.39872984647,196159.23097012303,204934.6296999695,0.9571795223545483,0.4585152838427948,-38.32051847094529,1868.1831520964097,-1652.698626612657,31939.54128032911,29438.408475778037,0.3193954128032911,5,2,0.4,45.8,17.79213309302738,0.38847452168182056,22,0.0,0.0,0.0,0.0,False,False,False
885,92183.22739100401,398038.8738991227,305855.6465081187,1.301394557999625,0.5559322033898305,104.16183885989153,809.0221014209811,-778.258642514297,16353.107593214772,14498.982549083434,0.16353107593214772,10,6,0.6,88.5,18.161773041198373,0.20521777447681777,44,0.048718190142670884,5.637046467501544,156.997109231255,1.020817104114917,2012-01-13 14:00:00,2021-05-18 23:00:00,RBB_U,5,30,3.0,1,31,36,55,32,1,0,-1,4000,4500,12,416,-72244.3219843141,422524.98489579966,494769.3068801138,0.8539838244213894,0.47836538461538464,-173.66423553921658,2123.2411301296465,-2280.0428888484507,101151.469134877,100071.02445233139,1.01151469134877,5,1,0.2,83.2,29.728101183896698,0.35730890846029684,45,0.0,0.0,0.0,0.0,False,False,False
885,89175.83214612587,389103.2449488451,299927.4128027193,1.2973247137125885,0.5525423728813559,100.76365214251511,795.7121573596015,-757.3924565725234,15323.91497924026,13627.143273742826,0.1532391497924026,10,6,0.6,88.5,18.161773041198373,0.20521777447681777,44,0.04475427819344867,5.819389644678588,152.07780438095747,1.0201369542208372,2012-01-13 14:00:00,2021-05-18 23:00:00,RBB_U,5,30,3.0,1,31,36,55,32,1,0,-1,2500,4000,12,417,2471.7538050348157,420585.22130021243,418113.46749517764,1.0059116818691407,0.4724220623501199,5.9274671583568725,2134.950361930012,-1900.5157613417166,50088.794540164876,46430.35337779911,0.5008879454016487,5,3,0.6,83.4,29.47269923166183,0.3533896790367126,46,1.6146430084867553,0.04934744043506142,8450.286303070767,0.03319237385646225,False,False,False
457,38005.292871120924,162784.2435450741,124778.95067395316,1.3045809623005133,0.5010940919037199,83.16256645759502,710.8482250876598,-547.276099447163,10452.921465130297,8370.976904826406,0.10452921465130298,10,9,0.9,45.7,14.588008774332431,0.31921244582784314,23,0.13132381368365958,3.6358536699909267,125.69262722862564,1.0194090545887255,2012-01-18 10:00:00,2021-05-19 05:00:00,RBB_U,5,50,2.0,1,17,36,78,31,-1,11,-1,750,5000,24,229,-42599.84596658845,90638.9872288375,133238.83319542598,0.6802745495068557,0.2183406113537118,-186.02552823837752,1812.77974457675,-744.351023438134,43210.517346586756,42133.7403316059,0.4321051734658676,5,0,0.0,45.8,17.79213309302738,0.38847452168182056,22,0.0,0.0,0.0,0.0,False,False,False
886,94409.06087676273,422507.8694558394,328098.80857907666,1.287745820491173,0.572234762979684,106.55650211824235,833.348854942484,-865.696064852445,17352.47465477779,11643.30734642077,0.1735247465477779,10,8,0.8,88.6,18.320480343047777,0.20677743050843994,44,0.026385179312943676,5.440668420787369,162.8476377304719,1.013768268120594,2012-01-13 14:00:00,2021-05-18 23:00:00,RBB_U,5,30,3.0,1,31,36,55,32,1,0,-1,2500,2500,0,420,-11929.773144709325,403778.02883576276,415707.8019804721,0.9713025036146188,0.5071428571428571,-28.40422177311744,1895.6714968815154,-2008.2502511133919,52835.50472188931,49134.601436191784,0.528355047218893,5,4,0.8,84.0,29.939939879699157,0.35642785571070423,46,0.0,0.0,0.0,0.0,False,False,False
810,65658.17596642289,260400.3036113375,194742.1276449146,1.337154455281199,0.43580246913580245,81.05947650175665,737.6779139131374,-426.13157033898165,10045.913117094708,9669.300369943467,0.10045913117094707,10,8,0.8,81.0,16.667333320000534,0.20576954716050042,40,0.04555411349729812,6.535809657232167,123.93261775971378,1.0135578292949863,2012-01-13 14:00:00,2021-05-12 15:00:00,RBB_U,5,30,3.0,1,31,35,55,32,1,0,-1,500,3000,24,396,-7253.654918641718,156643.63068101066,163897.28559965233,0.9557426781529501,0.17929292929292928,-18.3173104006104,2206.2483194508545,-504.2993403066225,31160.1840378313,30617.917197174596,0.311601840378313,5,2,0.4,79.2,28.12401109372559,0.35510115017330285,44,0.0,0.0,0.0,0.0,False,False,False
457,46049.38546852652,184411.09371514164,138361.7082466151,1.332818856113343,0.5514223194748359,100.7645196247845,731.7900544251653,-674.9351621786103,15543.66062712123,13461.716066817338,0.1554366062712123,10,9,0.9,45.7,14.588008774332431,0.31921244582784314,23,0.08666782323789615,2.962583047405038,154.25727909983544,1.012909007121933,2012-01-18 10:00:00,2021-05-19 07:00:00,RBB_U,5,50,2.0,1,17,36,78,31,-1,11,-1,1250,4000,24,229,-31889.4513325397,142676.9715755925,174566.4229081322,0.8173219637471638,0.35807860262008734,-139.25524599362313,1739.9630679950305,-1187.526686449879,37350.83983617256,35637.16845617426,0.3735083983617256,5,2,0.4,45.8,17.79213309302738,0.38847452168182056,22,0.0,0.0,0.0,0.0,False,False,False
457,47424.72403500503,194909.8711502355,147485.14711523044,1.3215559326658977,0.5711159737417943,103.77401320570027,746.7811155181437,-752.4752403838288,16538.806883702026,13466.093966544402,0.16538806883702026,10,9,0.9,45.7,14.588008774332431,0.31921244582784314,23,0.06306836910199604,2.8674815764212815,159.37329946871085,1.0112906017749346,2012-01-18 10:00:00,2021-05-19 09:30:00,RBB_U,5,50,2.0,1,17,36,78,31,-1,11,-1,2250,3000,24,229,-8709.222783921665,194762.94702096176,203472.16980488342,0.9571969827997939,0.5021834061135371,-38.03154054114264,1693.590843660537,-1784.843594779679,31321.12287370817,29020.038868054864,0.3132112287370817,5,3,0.6,45.8,17.79213309302738,0.38847452168182056,22,0.0,0.0,0.0,0.0,False,False,False
812,73829.71094777528,367206.3357515227,293376.6248037474,1.2516550560126023,0.5640394088669951,90.92328934455084,801.7605584094382,-828.7475276942017,12745.308355056884,10045.0,0.12745308355056884,10,7,0.7,81.2,16.575886099994776,0.2041365283250588,41,0.03373980431485167,5.792697115757289,140.1764987489504,1.009344480123931,2012-01-13 14:00:00,2021-05-12 17:00:00,RBB_U,5,30,3.0,1,31,35,55,32,1,0,-1,2000,2500,24,392,-7726.7003326355625,350459.3319300113,358186.0322626468,0.9784282477911651,0.4770408163265306,-19.71097023631521,1874.114074492039,-1747.2489378665698,63170.59462605199,61120.86548537953,0.6317059462605199,5,3,0.6,78.4,27.85390457368589,0.3552793950725241,43,0.0,0.0,0.0,0.0,False,False,False
458,44506.39444543178,200580.54732376698,156074.15287833515,1.2851618517521348,0.462882096069869,97.17553372365018,946.13465718758,-634.4477759281917,14570.244089063377,13849.258886798976,0.14570244089063378,10,8,0.8,45.8,14.627371602581238,0.3193749258205511,23,0.05596948553211056,3.054608706167036,149.93737138093363,1.008934488704279,2012-01-18 10:00:00,2021-05-19 05:00:00,RBB_U,5,50,2.0,1,17,36,78,31,-1,11,-1,750,2500,0,229,-37768.38534339147,102446.03275945364,140214.4181028451,0.730638361914472,0.18777292576419213,-164.92744691437323,2382.4658781268286,-753.840957542178,38661.83809383905,38443.13266215594,0.38661838093839046,5,0,0.0,45.8,17.79213309302738,0.38847452168182056,22,0.0,0.0,0.0,0.0,False,False,False
886,88904.94802006717,399349.2278266916,310444.2798066244,1.2863797267433823,0.5586907449209932,100.34418512422931,806.7661168215992,-793.9751401703949,15541.561090872972,13844.789385375538,0.1554156109087297,10,8,0.8,88.6,18.320480343047777,0.20677743050843994,44,0.02801868799740757,5.720464469446251,154.8825282863379,1.0087518344828248,2012-01-13 14:00:00,2021-05-18 23:00:00,RBB_U,5,30,3.0,1,31,36,55,32,1,0,-1,1750,2500,0,420,-10338.908356336979,358722.0486882178,369060.9570445549,0.9719859059621717,0.45,-24.616448467468995,1898.000257609618,-1597.6664807123589,55695.5844234752,54031.12230014344,0.556955844234752,5,3,0.6,84.0,29.939939879699157,0.35642785571070423,46,0.0,0.0,0.0,0.0,False,False,False
886,93753.14794607274,422387.01934202365,328633.8713959509,1.2852814518108977,0.5790067720090294,105.81619407005952,823.3665094386425,-881.055955485123,17302.19976817537,10595.028336319745,0.17302199768175372,10,9,0.9,88.6,18.320480343047777,0.20677743050843994,44,0.02656977450434875,5.418568112854451,163.51183219384936,1.0081866050572166,2012-01-13 14:00:00,2021-05-18 23:00:00,RBB_U,5,30,3.0,1,31,36,55,32,1,0,-1,5000,2500,24,420,-79811.62763100161,431175.7443549274,510987.37198592897,0.8438090019312662,0.5404761904761904,-190.02768483571813,1899.4526183036448,-2647.602963657663,103653.62275616519,101704.18434401395,1.0365362275616519,5,2,0.4,84.0,29.939939879699157,0.35642785571070423,46,0.0,0.0,0.0,0.0,False,False,False
812,74246.706064658,383813.4290985232,309566.72303386533,1.2398407210471896,0.5751231527093597,91.43683012888917,821.8702978555101,-897.2948493735227,12928.645863240177,11234.558155507337,0.12928645863240176,10,7,0.7,81.2,16.575886099994776,0.2041365283250588,41,0.03355030993335521,5.7428060796191,141.3942920485759,1.0078225907288918,2012-01-13 14:00:00,2021-05-12 17:00:00,RBB_U,5,30,3.0,1,31,35,55,32,1,0,-1,3000,2500,24,392,-25468.07916745839,386845.1785140353,412313.25768149365,0.9382312387657151,0.5204081632653061,-64.96958971290405,1896.2998946766436,-2193.1556259653917,64631.79546242913,63083.9954374418,0.6463179546242913,5,3,0.6,78.4,27.85390457368589,0.3552793950725241,43,0.0,0.0,0.0,0.0,False,False,False
883,76125.7813735131,290260.88932157273,214135.10794805962,1.355503504787165,0.43035107587768967,86.21266293716093,763.8444455830861,-425.715920373876,11543.39595184886,11257.657871258285,0.11543395951848859,10,8,0.8,88.3,18.286880543165363,0.2070994398999475,43,0.0786986995983004,6.594747480815673,133.89443683305157,1.0056427116257967,2012-01-13 14:00:00,2021-05-18 21:00:00,RBB_U,5,30,3.0,1,31,36,55,32,1,0,-1,500,6000,24,423,-2510.0089354753363,178596.72436655482,181106.7333020302,0.9861407199516461,0.15130023640661938,-5.9338272706272726,2790.573818227419,-504.47558022849637,32528.54940540284,31607.967795603174,0.3252854940540284,5,2,0.4,84.6,30.447331574376104,0.3598975363401431,46,0.0,0.0,0.0,0.0,False,False,False
811,79286.22480742012,351295.65918583795,272009.4343784179,1.2914833633936296,0.5585696670776819,97.76353243824923,775.4871063705032,-759.8028893251897,14867.90589341479,13013.780849283452,0.1486790589341479,10,6,0.6,81.1,16.391766225761028,0.20211795592800283,41,0.037724081418492296,5.332709621368879,152.08028518001706,1.0048273108316195,2012-01-13 14:00:00,2021-05-12 21:00:00,RBB_U,5,30,3.0,1,31,35,55,32,1,0,-1,5000,3000,12,392,-44790.86733203004,406916.1753933033,451707.0427253333,0.9008408922256593,0.5255102040816326,-114.26241666334192,1975.3212397733168,-2428.5324877706094,86627.2148357787,85210.87436336599,0.866272148357787,5,1,0.2,78.4,27.85390457368589,0.3552793950725241,43,0.0,0.0,0.0,0.0,False,False,False
885,93089.42109348673,399280.16190366505,306190.7408101782,1.3040242851471373,0.5559322033898305,105.18578654631268,811.5450445196444,-779.1112997714458,17323.91497924026,15627.143273742826,0.1732391497924026,10,6,0.6,88.5,18.161773041198373,0.20521777447681777,44,0.0536151148151163,5.373463285004482,164.69825009686687,1.0015519571645426,2012-01-13 14:00:00,2021-05-18 23:00:00,RBB_U,5,30,3.0,1,31,36,55,32,1,0,-1,3000,5000,12,416,-42704.55121780475,413379.0551091852,456083.60632699,0.9063668357612756,0.4639423076923077,-102.65517119664604,2141.8603891667626,-2045.2179655918835,77794.65516520476,76714.21048265915,0.7779465516520476,5,2,0.4,83.2,29.728101183896698,0.35730890846029684,45,0.0,0.0,0.0,0.0,False,False,False
886,96447.28891476349,430649.70431277656,334202.4153980131,1.2885894430173437,0.5801354401805869,108.85698523111003,837.8398916590984,-898.393589779605,18683.801081600024,11751.150331212062,0.18683801081600024,10,8,0.8,88.6,18.320480343047777,0.20677743050843994,44,0.025827579271838867,5.162080697259491,171.63621647185224,0.9980748956043123,2012-01-13 14:00:00,2021-05-18 23:00:00,RBB_U,5,30,3.0,1,31,36,55,32,1,0,-1,4000,2500,0,420,-72267.39253300562,422276.2647007351,494543.6572337407,0.8538705502012955,0.530952380952381,-172.06522031668004,1893.6155367745969,-2510.3738945875166,102921.96630521066,101447.86729938939,1.0292196630521067,5,2,0.4,84.0,29.939939879699157,0.35642785571070423,46,0.0,0.0,0.0,0.0,False,False,False
813,72331.0217349178,341141.33019237756,268810.3084574598,1.269078303395364,0.5584255842558425,88.96804641441304,751.4126215691135,-748.7752324720328,12500.0817802284,10803.310074730965,0.125000817802284,10,8,0.8,81.3,16.73349933516597,0.20582410006354207,41,0.02752622529371578,5.786443881457244,140.5008009505237,0.997279918655436,2012-01-13 14:00:00,2021-05-12 15:00:00,RBB_U,5,30,3.0,1,31,35,55,32,1,0,-1,1500,2000,24,392,-27560.223176520238,285322.10793891625,312882.33111543645,0.9119150542049881,0.4362244897959184,-70.30669177683734,1668.5503388240716,-1415.7571543684908,43640.24651652239,40899.787995937666,0.4364024651652239,5,1,0.2,78.4,27.85390457368589,0.3552793950725241,43,0.0,0.0,0.0,0.0,False,False,False
458,45428.47166702385,182016.8958547428,136588.42418771895,1.3325938631855776,0.5589519650655022,99.18880276642761,711.003499432589,-676.1803177609848,15543.66062712123,13461.716066817338,0.1554366062712123,10,8,0.8,45.8,14.627371602581238,0.3193749258205511,23,0.05483345374808628,2.922636614167859,156.7078157372647,0.9970695250855299,2012-01-18 10:00:00,2021-05-19 07:00:00,RBB_U,5,50,2.0,1,17,36,78,31,-1,11,-1,1250,2500,24,229,-28286.815119960316,139409.0599927185,167695.87511267883,0.8313207459578017,0.38427947598253276,-123.52321013083107,1584.1938635536194,-1189.3324476076511,29633.256559242385,27971.709484977764,0.2963325655924239,5,1,0.2,45.8,17.79213309302738,0.38847452168182056,22,0.0,0.0,0.0,0.0,False,False,False
885,91073.9206429557,393781.6368662205,302707.71622326475,1.3008642190534165,0.5570621468926553,102.90838490729458,798.7457137245852,-772.2135617940428,16919.54006223892,14498.982549083434,0.16919540062238922,10,7,0.7,88.5,18.161773041198373,0.20521777447681777,44,0.04382154596864489,5.3827657435094665,164.41361972089015,0.9915073379296961,2012-01-13 14:00:00,2021-05-18 23:00:00,RBB_U,5,30,3.0,1,31,36,55,32,1,0,-1,5000,4000,12,417,-50457.06212772301,455208.915648971,505665.97777669405,0.900216616610095,0.5035971223021583,-121.00014898734534,2167.661503090338,-2442.83081051543,88801.84095762108,87385.50048520838,0.8880184095762108,5,1,0.2,83.4,29.47269923166183,0.3533896790367126,46,0.0,0.0,0.0,0.0,False,False,False
813,77384.53072598777,374095.2832300517,296710.7525040639,1.260807975689819,0.5867158671586716,95.18392463221129,784.2668411531482,-883.0677157859044,14521.519353628311,13779.949958058125,0.14521519353628312,10,9,0.9,81.3,16.73349933516597,0.20582410006354207,41,0.025728656377719292,5.328955520529101,152.56272957580978,0.9899129955314641,2012-01-13 14:00:00,2021-05-12 18:30:00,RBB_U,5,30,3.0,1,31,35,55,32,1,0,-1,4000,2000,0,392,-59246.60688819674,370770.7232590394,430017.3301472361,0.8622227460741851,0.5688775510204082,-151.13930328621618,1662.648983224392,-2544.48124347477,82445.76890816458,80971.6699023433,0.8244576890816459,5,2,0.4,78.4,27.85390457368589,0.3552793950725241,43,0.0,0.0,0.0,0.0,False,False,False
887,83619.98253309198,406509.4857742382,322889.5032411462,1.25897398860514,0.5851183765501691,94.27281007112963,783.2552712413067,-877.4171283726799,14251.300958878695,12021.5920563482,0.14251300958878696,10,8,0.8,88.7,18.46645607581487,0.20819003467660507,44,0.023810098252676347,5.867533271128903,151.1708513634628,0.9896887733945099,2012-01-13 14:00:00,2021-05-18 23:00:00,RBB_U,5,30,3.0,1,31,36,55,32,1,0,-1,5000,2000,0,420,-76657.27419053786,408674.8763847642,485332.1505753021,0.8420519347426911,0.5785714285714286,-182.51731950128064,1681.789614752116,-2741.989551272893,103672.62344639638,102431.91415494881,1.0367262344639638,5,2,0.4,84.0,29.939939879699157,0.35642785571070423,46,0.0,0.0,0.0,0.0,False,False,False
458,56383.82755765503,268374.6645927823,211990.8370351273,1.2659729465019853,0.6048034934497817,123.10879379400662,968.861605028095,-1171.2200941167255,24358.960641176156,21988.898344779744,0.24358960641176156,10,7,0.7,45.8,14.627371602581238,0.3193749258205511,23,0.035311543863603655,2.314705803265856,197.865318069277,0.988551151439983,2012-01-18 10:00:00,2021-05-19 10:30:00,RBB_U,5,50,2.0,1,17,36,78,31,-1,11,-1,3000,2000,0,229,-2063.7411897262573,244606.62611569965,246670.3673054259,0.9916336071808296,0.5851528384279476,-9.011970260813351,1825.4225829529823,-2596.530182162378,35935.67966641845,33807.119543609566,0.3593567966641845,5,2,0.4,45.8,17.79213309302738,0.38847452168182056,22,0.0,0.0,0.0,0.0,False,False,False
457,49730.4771730425,193430.08026315575,143699.60309011326,1.34607247413103,0.5645514223194749,108.81942488630743,749.7289932680455,-722.1085582417752,19066.664520269784,16235.630867193482,0.19066664520269783,10,9,0.9,45.7,14.588008774332431,0.31921244582784314,23,0.0802525981424407,2.6082421033932808,175.21379606803004,0.9876623774358715,2012-01-18 10:00:00,2021-05-19 09:30:00,RBB_U,5,50,2.0,1,17,36,78,31,-1,11,-1,2000,4000,24,229,980.9837240525158,197879.613424022,196898.6296999695,1.00498217649126,0.4759825327510917,4.283771720753344,1815.4092974680918,-1640.8219141664124,26240.901852775074,23939.81784712177,0.2624090185277507,5,2,0.4,45.8,17.79213309302738,0.38847452168182056,22,4.068365154431804,0.03738376560212518,6125.6536443450705,0.033141822580781057,False,False,False
457,42485.45461277416,174650.16284824457,132164.7082354704,1.3214583921834884,0.3785557986870897,92.96598383539204,1009.5385135736681,-465.3686909699662,14013.397613836023,12000.0782313409,0.14013397613836023,10,8,0.8,45.7,14.588008774332431,0.31921244582784314,23,0.09393803211888005,3.0317740053865645,150.73682906049277,0.984219112386627,2012-01-18 10:00:00,2021-05-19 04:30:00,RBB_U,5,50,2.0,1,17,36,78,31,-1,11,-1,500,4000,0,229,-9784.804880400385,93399.16101304314,103183.96589344353,0.9051712657516479,0.11353711790393013,-42.72840559126806,3592.2754235785824,-508.29539848986957,20495.944748420865,18838.252681235528,0.20495944748420866,5,1,0.2,45.8,17.79213309302738,0.38847452168182056,22,0.0,0.0,0.0,0.0,False,False,False
887,83063.33100085237,400490.7038779196,317427.3728770672,1.2616766482612733,0.5828635851183765,93.64524351843559,774.6435278102894,-857.9118185866681,14251.300958878695,10905.580697908808,0.14251300958878696,10,9,0.9,88.7,18.46645607581487,0.20819003467660507,44,0.023969662377006876,5.828473571677899,152.183927591294,0.9831004944274294,2012-01-13 14:00:00,2021-05-18 23:00:00,RBB_U,5,30,3.0,1,31,36,55,32,1,0,-1,5000,2000,24,420,-79710.17135050087,403796.6764153495,483506.8477658503,0.8351415875104578,0.5738095238095238,-189.7861222630973,1675.5048813914916,-2701.1555741108955,100381.60600189772,98155.95596059228,1.0038160600189772,5,2,0.4,84.0,29.939939879699157,0.35642785571070423,46,0.0,0.0,0.0,0.0,False,False,False
887,77386.75128896658,360126.9775995767,282740.2263106102,1.2737026573783374,0.5490417136414881,87.24549187031181,739.4804468163793,-706.8505657765255,12385.294759539589,11687.50229726212,0.12385294759539589,10,8,0.8,88.7,18.46645607581487,0.20819003467660507,44,0.0257279181104979,6.248276911565677,141.9591373036215,0.9824925569413899,2012-01-13 14:00:00,2021-05-18 22:00:00,RBB_U,5,30,3.0,1,31,36,55,32,1,0,-1,1250,2000,0,422,-24702.90320174904,282283.5041678259,306986.40736957494,0.9195309544373094,0.3957345971563981,-58.53768531220152,1690.3203842384785,-1203.8682641944115,40550.31986161487,38040.346299822006,0.40550319861614875,5,1,0.2,84.4,29.950626036862733,0.3548652374035869,47,0.0,0.0,0.0,0.0,False,False,False
813,74465.37134618174,345603.9749332797,271138.60358709795,1.2746395030476034,0.5596555965559655,91.59332268903043,759.5691756775377,-757.3704010812792,13738.107351376577,12041.335645879139,0.13738107351376577,10,7,0.7,81.3,16.73349933516597,0.20582410006354207,41,0.02673726007145051,5.420351540543189,149.99027164915708,0.9793542405652027,2012-01-13 14:00:00,2021-05-12 15:00:00,RBB_U,5,30,3.0,1,31,35,55,32,1,0,-1,1500,2000,0,392,-26874.61142785455,287297.0679716207,314171.6793994752,0.9144588351208992,0.4362244897959184,-68.55768221391467,1680.0998126995364,-1421.591309499888,44929.59480056118,42189.136279976454,0.4492959480056118,5,0,0.0,78.4,27.85390457368589,0.3552793950725241,43,0.0,0.0,0.0,0.0,False,False,False
458,39596.6475797958,169962.87860175635,130366.23102196053,1.303733929173159,0.5480349344978166,86.45556240130087,677.1429426364795,-629.7885556616451,12293.66062712123,10211.716066817338,0.12293660627121229,10,7,0.7,45.8,14.627371602581238,0.3193749258205511,23,0.05028203450778768,3.220899679989623,142.1962946705237,0.9772187184884749,2012-01-18 10:00:00,2021-05-19 05:00:00,RBB_U,5,50,2.0,1,17,36,78,31,-1,11,-1,1000,2000,24,229,-29551.40571227779,117362.59475542727,146914.00046770505,0.7988523515920879,0.33624454148471616,-129.04543979160607,1524.1895422782763,-966.5394767612174,29912.077092276093,29201.334183851715,0.2991207709227609,5,1,0.2,45.8,17.79213309302738,0.38847452168182056,22,0.0,0.0,0.0,0.0,False,False,False
457,43623.53486739633,201257.2935204478,157633.75865305145,1.2767398001554402,0.5776805251641138,95.45631262012326,762.3382330319993,-816.7552261816137,15038.806883702026,12002.093966544402,0.15038806883702024,10,9,0.9,45.7,14.588008774332431,0.31921244582784314,23,0.06856390728288814,2.900731102190851,157.54648876444946,0.9755227674576201,2012-01-18 10:00:00,2021-05-19 10:30:00,RBB_U,5,50,2.0,1,17,36,78,31,-1,11,-1,3000,3000,24,229,-5379.2204804677895,210194.05505424875,215573.27553471655,0.975046904737496,0.5414847161572053,-23.49004576623489,1695.1133472116835,-2053.078814616348,35998.90350898322,32476.741266495803,0.35998903508983215,5,3,0.6,45.8,17.79213309302738,0.38847452168182056,22,0.0,0.0,0.0,0.0,False,False,False
813,69847.2512292589,322250.6927722712,252403.44154301233,1.2767286008552945,0.5387453874538746,85.91297814176986,735.732175279158,-673.0758441146995,12226.08709358931,10812.619052375507,0.1222608709358931,10,7,0.7,81.3,16.691614661260306,0.205308913422636,41,0.03566353659106522,5.712968564233684,142.30780212757094,0.973765712285127,2012-01-13 14:00:00,2021-05-12 15:00:00,RBB_U,5,30,3.0,1,31,35,55,32,1,0,-1,1500,2500,12,392,-28067.47844247883,290382.6792861931,318450.1577286719,0.911862256113583,0.413265306122449,-71.600710312446,1792.4856746061303,-1384.5659031681387,49018.35271295999,46968.62357228753,0.4901835271295999,5,2,0.4,78.4,27.85390457368589,0.3552793950725241,43,0.0,0.0,0.0,0.0,False,False,False
811,73448.18223924369,346617.2672684627,273169.08502921904,1.2688744307628639,0.5536374845869297,90.56495960449283,771.9760963662866,-754.6107321249145,13647.205837665177,12469.871780147158,0.13647205837665177,10,6,0.6,81.1,16.391766225761028,0.20211795592800283,41,0.04072258711941132,5.381920893765131,150.68969165628772,0.9715782270188514,2012-01-13 14:00:00,2021-05-12 17:00:00,RBB_U,5,30,3.0,1,31,35,55,32,1,0,-1,2500,3000,12,392,13226.141615442459,383587.4386876109,370361.29707216844,1.035711457217586,0.49744897959183676,33.74015718225117,1967.1150701928764,-1880.0065841226824,39357.073826841195,36966.53365865415,0.39357073826841193,5,2,0.4,78.4,27.85390457368589,0.3552793950725241,43,0.22614304964856835,0.3360550043337404,1166.475710656878,0.21314499921123345,False,False,False
458,42204.57385539071,199364.39386574164,157159.82001035093,1.2685455726063508,0.5829694323144105,92.14972457508888,746.6831230926654,-822.8262827767064,14190.97174131695,11008.234605864367,0.1419097174131695,10,8,0.8,45.8,14.627371602581238,0.3193749258205511,23,0.05902203890353532,2.974043964340531,153.99906843729448,0.9694544776292305,2012-01-18 10:00:00,2021-05-19 10:30:00,RBB_U,5,50,2.0,1,17,36,78,31,-1,11,-1,3000,2500,24,229,-7026.971075995039,202528.3044587215,209555.27553471655,0.9664672194099408,0.5502183406113537,-30.685463213952136,1607.367495704139,-2034.5172382011315,36311.7602140511,34296.7602140511,0.36311760214051103,5,2,0.4,45.8,17.79213309302738,0.38847452168182056,22,0.0,0.0,0.0,0.0,False,False,False
458,36203.87851436601,159421.6244114435,123217.74589707749,1.2938203279956666,0.5087336244541485,79.04776968202187,684.2129803066246,-547.6344262092333,10452.921465130297,8370.976904826406,0.10452921465130298,10,8,0.8,45.8,14.627371602581238,0.3193749258205511,23,0.06880478286356942,3.4635177003039623,132.23550148446054,0.9689697611723704,2012-01-18 10:00:00,2021-05-19 05:00:00,RBB_U,5,50,2.0,1,17,36,78,31,-1,11,-1,750,2500,24,229,-24677.55495447725,101730.27824094871,126407.83319542595,0.804778277337245,0.2576419213973799,-107.76224870950765,1724.2420040838765,-743.5754893848585,26655.00746998864,26377.19640332298,0.2665500746998864,5,0,0.0,45.8,17.79213309302738,0.38847452168182056,22,0.0,0.0,0.0,0.0,False,False,False
886,87589.25394366431,415034.8694558395,327445.61551217514,1.2674925233207395,0.5688487584650113,98.85920309668658,823.4818838409514,-857.1874751627621,16352.474654777776,14171.5247449573,0.16352474654777777,10,7,0.7,88.6,18.320480343047777,0.20677743050843994,44,0.028439561793757968,5.3563302064542855,165.4117587695369,0.9688684412113682,2012-01-13 14:00:00,2021-05-18 23:00:00,RBB_U,5,30,3.0,1,31,36,55,32,1,0,-1,2250,2500,0,420,-19970.227875097844,385100.74108937295,405070.9689644708,0.9506994344073829,0.4857142857142857,-47.54816160737582,1887.7487308302595,-1875.328560020698,68004.34254973744,65273.52441845299,0.6800434254973744,5,4,0.8,84.0,29.939939879699157,0.35642785571070423,46,0.0,0.0,0.0,0.0,False,False,False
887,74078.74211645655,355681.15908970125,281602.4169732447,1.2630614570452883,0.5467869222096956,83.51605650107841,733.3632146179407,-700.5035248090664,11685.294759539589,10987.50229726212,0.11685294759539588,10,7,0.7,88.7,18.46645607581487,0.20819003467660507,44,0.026876806262045055,6.3394842527169,139.91674474463125,0.9682546480627859,2012-01-13 14:00:00,2021-05-18 22:00:00,RBB_U,5,30,3.0,1,31,36,55,32,1,0,-1,1250,2000,24,422,-25638.514950414727,280308.54413512145,305947.05908553617,0.9161995051462588,0.3957345971563981,-60.75477476401594,1678.4942762582123,-1199.79238857073,39510.971577576085,37000.99801578322,0.3951097157757609,5,1,0.2,84.4,29.950626036862733,0.3548652374035869,47,0.0,0.0,0.0,0.0,False,False,False
457,36042.2300838392,160821.18075779238,124778.95067395316,1.28884863904664,0.5010940919037199,78.86702425347745,702.2758985056436,-547.276099447163,10452.921465130297,8370.976904826406,0.10452921465130298,10,8,0.8,45.7,14.588008774332431,0.31921244582784314,23,0.1246038324918662,3.44805327429961,132.53855542380757,0.96675417867796,2012-01-18 10:00:00,2021-05-19 05:00:00,RBB_U,5,50,2.0,1,17,36,78,31,-1,11,-1,750,4500,24,229,-44724.89546484348,88513.93773058247,133238.83319542598,0.6643253742755015,0.2183406113537118,-195.30522037049556,1770.2787546116494,-744.351023438134,45335.566844841785,44258.78982986093,0.45335566844841785,5,0,0.0,45.8,17.79213309302738,0.38847452168182056,22,0.0,0.0,0.0,0.0,False,False,False
884,73056.08248586227,287700.19043392193,214644.10794805962,1.3403591330051357,0.4298642533936652,82.64262724645053,757.1057642997946,-425.88116656361035,11543.39595184886,11257.657871258285,0.11543395951848859,10,8,0.8,88.4,18.423897524682445,0.2084151303697109,43,0.05462926376831572,6.328820633945348,139.6784726776053,0.9639994048273082,2012-01-13 14:00:00,2021-05-18 21:00:00,RBB_U,5,30,3.0,1,31,36,55,32,1,0,-1,500,4000,24,424,-6221.090010215972,173358.6432918142,179579.7333020302,0.9653575050155971,0.16037735849056603,-14.672382099565972,2549.391813114915,-504.4374530955904,32528.54940540284,31607.967795603174,0.3252854940540284,5,2,0.4,84.8,30.195363882556546,0.356077404275431,47,0.0,0.0,0.0,0.0,False,False,False
884,73016.36628074071,287660.4742288004,214644.10794805962,1.3401741001826593,0.4298642533936652,82.59769941260261,757.0012479705273,-425.88116656361035,11543.39595184886,11257.657871258285,0.11543395951848859,10,8,0.8,88.4,18.423897524682445,0.2084151303697109,43,0.06150675839896701,6.325380034204404,139.75444877932748,0.9634753362378572,2012-01-13 14:00:00,2021-05-18 21:00:00,RBB_U,5,30,3.0,1,31,36,55,32,1,0,-1,500,4500,24,423,-19708.548870382794,161398.18443164736,181106.7333020302,0.8911771610527862,0.15130023640661938,-46.59231411438013,2521.84663174449,-504.47558022849637,35519.84149272893,34759.160755570454,0.35519841492728926,5,2,0.4,84.6,30.447331574376104,0.3598975363401431,46,0.0,0.0,0.0,0.0,False,False,False
886,82405.55515690602,392286.23722447583,309880.6820675698,1.2659267257548419,0.5564334085778782,93.00852726513095,795.7124487311883,-788.5004632762591,14653.828791537606,11881.763814227364,0.14653828791537607,10,9,0.9,88.6,18.320480343047777,0.20677743050843994,44,0.030228544607908525,5.623482867801359,157.55360527067876,0.9629121309038674,2012-01-13 14:00:00,2021-05-18 23:00:00,RBB_U,5,30,3.0,1,31,36,55,32,1,0,-1,1750,2500,24,420,-12507.840481395615,356232.0391287565,368739.8796101521,0.9660795016405076,0.44761904761904764,-29.780572574751464,1894.8512719614707,-1589.3960328023798,55695.5844234752,54031.12230014344,0.556955844234752,5,3,0.6,84.0,29.939939879699157,0.35642785571070423,46,0.0,0.0,0.0,0.0,False,False,False
884,72853.5325957227,287497.6405437824,214644.10794805962,1.3394154784502732,0.4298642533936652,82.41349841145102,756.5727382731116,-425.88116656361035,11543.39595184886,11257.657871258285,0.11543395951848859,10,8,0.8,88.4,18.423897524682445,0.2084151303697109,43,0.06850731628479778,6.311273814016061,140.06681155820164,0.9613266913871895,2012-01-13 14:00:00,2021-05-18 21:00:00,RBB_U,5,30,3.0,1,31,36,55,32,1,0,-1,500,5000,24,423,-13021.931532482187,168084.80176954798,181106.7333020302,0.9280980265335268,0.15130023640661938,-30.7847081146151,2626.325027649187,-504.47558022849637,33519.84149272893,32759.160755570454,0.33519841492728925,5,2,0.4,84.6,30.447331574376104,0.3598975363401431,46,0.0,0.0,0.0,0.0,False,False,False
457,35828.77816907217,159805.52406614964,123976.74589707749,1.2889959557320236,0.5054704595185996,78.39995222991722,691.7988054811673,-548.5696721109623,10452.921465130297,8370.976904826406,0.10452921465130298,10,8,0.8,45.7,14.588008774332431,0.31921244582784314,23,0.08348037953975966,3.42763296257345,133.32816115086214,0.9610287968115265,2012-01-18 10:00:00,2021-05-19 05:00:00,RBB_U,5,50,2.0,1,17,36,78,31,-1,11,-1,750,3000,24,229,-30905.375400064273,98538.45779536168,129443.83319542595,0.7612448995279263,0.24017467248908297,-134.95797117931997,1791.6083235520307,-743.9300758357813,34178.60265132402,34119.49701634147,0.3417860265132402,5,0,0.0,45.8,17.79213309302738,0.38847452168182056,22,0.0,0.0,0.0,0.0,False,False,False
813,67945.02888195963,358055.31391521933,290110.2850332597,1.2342041367963568,0.5744157441574416,83.57322125702292,766.7137342938315,-838.4690318880339,11898.352650816661,11156.783255246475,0.11898352650816661,10,7,0.7,81.3,16.73349933516597,0.20582410006354207,41,0.029303100355714748,5.710456806581214,142.37039654393848,0.9602032478874188,2012-01-13 14:00:00,2021-05-12 17:00:00,RBB_U,5,30,3.0,1,31,35,55,32,1,0,-1,2250,2000,24,392,-18272.48822098475,335058.65758528624,353331.145806271,0.9482850905224092,0.5178571428571429,-46.613490359654975,1650.535259040819,-1869.4769619379417,51572.33779619872,49439.50699343482,0.5157233779619872,5,2,0.4,78.4,27.85390457368589,0.3552793950725241,43,0.0,0.0,0.0,0.0,False,False,False
887,76887.35189835621,351607.8883322944,274720.5364339382,1.279874788016968,0.5400225479143179,86.68247113681647,734.0456958920552,-673.3346481223975,12838.569898656504,11141.79819315907,0.12838569898656504,10,6,0.6,88.7,18.43936007566423,0.2078845555317275,44,0.03239804647314503,5.988778540388841,148.11033569165986,0.9587655167457118,2012-01-13 14:00:00,2021-05-18 22:00:00,RBB_U,5,30,3.0,1,31,36,55,32,1,0,-1,1500,2500,12,420,-30914.153006630295,312376.832411918,343290.9854185482,0.9099476702863636,0.4095238095238095,-73.60512620626261,1816.1443744878952,-1384.2378444296298,50981.47309081333,48931.743950140866,0.5098147309081332,5,2,0.4,84.0,29.939939879699157,0.35642785571070423,46,0.0,0.0,0.0,0.0,False,False,False
885,89062.42291901533,396118.4002296728,307055.97731065744,1.290052724910508,0.5548022598870056,100.63550612318116,806.7584526062582,-779.3298916514149,17323.91497924026,15627.143273742826,0.1732391497924026,10,6,0.6,88.5,18.161773041198373,0.20521777447681777,44,0.050425306799520564,5.141010159986433,172.14515678030398,0.9582253594076459,2012-01-13 14:00:00,2021-05-18 23:00:00,RBB_U,5,30,3.0,1,31,36,55,32,1,0,-1,3000,4500,12,416,-37392.611097078065,417085.8266764855,454478.4377735635,0.9177241250866377,0.47115384615384615,-89.88608436797611,2127.988911614722,-2065.8110807889248,75736.2763944434,74655.83171189779,0.757362763944434,5,2,0.4,83.2,29.728101183896698,0.35730890846029684,45,0.0,0.0,0.0,0.0,False,False,False
812,60260.58520452364,244651.8292282148,184391.24402369116,1.3268082794472669,0.44704433497536944,74.21254335532468,673.9719813449443,-410.6709221017621,9435.779123904307,7592.506717318451,0.09435779123904307,10,8,0.8,81.2,16.539649331228276,0.2036902626998556,41,0.049634433350565464,6.386392094730297,127.14534089913116,0.9574759619278779,2012-01-13 14:00:00,2021-05-12 15:00:00,RBB_U,5,30,3.0,1,31,35,55,32,1,0,-1,500,3000,12,396,-7845.706884273117,152398.32379909267,160244.0306833658,0.9510390068771057,0.19444444444444445,-19.81239112190181,1979.1990103778269,-502.3323845873536,32344.636803891393,31802.36996323469,0.3234463680389139,5,2,0.4,79.2,28.12401109372559,0.35510115017330285,44,0.0,0.0,0.0,0.0,False,False,False
885,68903.09462203554,271810.22333437507,202907.12871233944,1.3395794670167516,0.44180790960451977,77.85660409269552,695.1668115968672,-410.7431755310515,10453.779123904307,9391.875468468217,0.10453779123904307,10,8,0.8,88.5,18.161773041198373,0.20521777447681777,44,0.10871790361654297,6.591213933770337,134.26965182629996,0.9543292698220085,2012-01-13 14:00:00,2021-05-18 21:00:00,RBB_U,5,30,3.0,1,31,36,55,32,1,0,-1,500,7500,12,423,-8988.651066295672,167543.37961707014,176532.0306833658,0.949082038928006,0.1702127659574468,-21.249766114174164,2326.9913835704187,-502.9402583571675,37041.54080815454,36280.86007099607,0.3704154080815454,5,2,0.4,84.6,30.447331574376104,0.3598975363401431,46,0.0,0.0,0.0,0.0,False,False,False
814,56976.14967387549,274553.2692167066,217577.11954283115,1.2618664581716712,0.5135135135135135,69.9952698696259,656.8260029107814,-549.4371705627049,8461.745708847498,7858.567669865628,0.08461745708847498,10,9,0.9,81.4,16.84755175092215,0.20697238023245884,41,0.026168844482021017,6.733380041697769,120.89025050704792,0.9536261560324159,2012-01-13 14:00:00,2021-05-12 15:00:00,RBB_U,5,30,3.0,1,31,35,55,32,1,0,-1,750,1500,0,396,-32510.479150923587,169607.54801160196,202118.0271625255,0.8391510168225544,0.31565656565656564,-82.09716957303937,1356.8603840928156,-745.8229784595037,35614.02455607423,34715.26454100093,0.3561402455607423,5,0,0.0,79.2,28.12401109372559,0.35510115017330285,44,0.0,0.0,0.0,0.0,False,False,False
458,43379.345899142,194899.4987774772,151520.15287833515,1.2862942326488673,0.4759825327510917,94.71472903742794,894.034398061822,-631.3339703263965,15570.244089063377,14849.258886798976,0.15570244089063376,10,8,0.8,45.8,14.627371602581238,0.3193749258205511,23,0.04589741866161657,2.7860414808533336,164.39094792648947,0.9512819529383177,2012-01-18 10:00:00,2021-05-19 05:00:00,RBB_U,5,50,2.0,1,17,36,78,31,-1,11,-1,750,2000,0,229,-37073.01558827601,97828.4025145691,134901.4181028451,0.7251843893886084,0.2183406113537118,-161.89089776539743,1956.568050291382,-753.6392072784644,40151.860761498145,38874.04969483249,0.4015186076149814,5,0,0.0,45.8,17.79213309302738,0.38847452168182056,22,0.0,0.0,0.0,0.0,False,False,False
886,87996.18332715123,425046.25900223735,337050.0756750862,1.2610774768434672,0.5744920993227991,99.31849133989981,835.0614125780694,-894.0320309683983,17208.71115525699,11818.45125278247,0.17208711155256992,10,8,0.8,88.6,18.320480343047777,0.20677743050843994,44,0.02830804593807197,5.113467390628482,173.26794762078342,0.9488452512093278,2012-01-13 14:00:00,2021-05-18 23:00:00,RBB_U,5,30,3.0,1,31,36,55,32,1,0,-1,3000,2500,0,420,-36817.570976741954,413742.02883576276,450559.5998125047,0.9182847929728649,0.5166666666666667,-87.66088327795703,1906.645294174022,-2219.50541779559,76441.67049743752,73532.85236615306,0.7644167049743752,5,3,0.6,84.0,29.939939879699157,0.35642785571070423,46,0.0,0.0,0.0,0.0,False,False,False
458,40667.97121009097,175624.0519189947,134956.08070890373,1.3013422662874345,0.5873362445414847,88.79469696526412,652.8775164274896,-714.0533370841467,13775.598522670967,11429.771506513447,0.13775598522670968,10,8,0.8,45.8,14.627371602581238,0.3193749258205511,23,0.03666275832392734,2.9521745384175007,155.13987877068703,0.9481373123141184,2012-01-18 10:00:00,2021-05-19 09:30:00,RBB_U,5,50,2.0,1,17,36,78,31,-1,11,-1,2000,1500,24,229,3376.4012135857265,163384.43065070477,160008.02943711905,1.0211014486301926,0.5676855895196506,14.744110102994439,1256.803312697729,-1616.2427215870612,18586.48809307329,17384.271490810075,0.18586488093073292,5,2,0.4,45.8,17.79213309302738,0.38847452168182056,22,0.44159443907335977,0.18165891246792476,1260.6042659230066,0.13553746025515945,False,False,False
458,44062.29412869271,206853.7935290797,162791.49940038697,1.2706670452142048,0.6397379912663755,96.20588237705832,705.985643443958,-986.6151478811331,16187.638086773422,15138.743457575358,0.16187638086773423,10,7,0.7,45.8,14.627371602581238,0.3193749258205511,23,0.02249088522503134,2.721971784425739,168.2603775030039,0.9476529766612879,2012-01-18 10:00:00,2021-05-19 09:30:00,RBB_U,5,50,2.0,1,17,36,78,31,-1,11,-1,2000,1000,0,229,-9095.26816400286,145087.76953462738,154183.03769863024,0.9410099301469161,0.6462882096069869,-39.717328227086725,980.3227671258607,-1903.494292575682,21193.977138348833,19065.417015539948,0.21193977138348832,5,2,0.4,45.8,17.79213309302738,0.38847452168182056,22,0.0,0.0,0.0,0.0,False,False,False
885,85771.23201661832,377539.6554964243,291768.42347980605,1.2939702350023312,0.5536723163841808,96.91664634646138,770.4890928498455,-738.6542366577369,16546.35653301182,14170.01858325008,0.16546356533011822,10,6,0.6,88.5,18.161773041198373,0.20521777447681777,44,0.03487183207792199,5.183692968629993,170.7277042362905,0.9442492217888859,2012-01-13 14:00:00,2021-05-18 23:00:00,RBB_U,5,30,3.0,1,31,36,55,32,1,0,-1,2250,3000,12,420,-9609.90176446805,387586.76589557715,397196.6676600452,0.9758056838163279,0.4666666666666667,-22.88071848682869,1977.4834994672303,-1773.1994091966303,60307.00210734551,59488.90310152423,0.6030700210734551,5,3,0.6,84.0,29.939939879699157,0.35642785571070423,46,0.0,0.0,0.0,0.0,False,False,False
811,75174.59587780095,358991.6588570536,283817.0629792526,1.2648698957303226,0.5548705302096177,92.6937063844648,797.7592419045636,-786.1968503580405,15147.205837665177,13900.687866107426,0.15147205837665176,10,6,0.6,81.1,16.391766225761028,0.20211795592800283,41,0.05308974332881704,4.962934859634054,163.4113730962408,0.9438944474130132,2012-01-13 14:00:00,2021-05-12 17:00:00,RBB_U,5,30,3.0,1,31,35,55,32,1,0,-1,3000,4000,12,389,3456.881750643901,410862.2263623684,407405.3446117245,1.008485116350004,0.493573264781491,8.886585477233679,2139.9074289706687,-2068.047434577282,57805.038429153195,54932.49826096615,0.578050384291532,5,2,0.4,77.8,27.389048906451645,0.35204433041711625,43,1.1545086838034337,0.05980242976363924,6504.752424566497,0.04632245013091817,False,False,False
886,91161.4595890622,421113.8153565759,329952.35576751374,1.2762867365411235,0.5778781038374717,102.89103791090542,822.4879206183123,-882.225550180518,18683.801081600017,11751.150331212062,0.18683801081600018,10,9,0.9,88.6,18.320480343047777,0.20677743050843994,44,0.027325143884586036,4.879170956216123,181.5882263504674,0.9433750319607221,2012-01-13 14:00:00,2021-05-18 23:00:00,RBB_U,5,30,3.0,1,31,36,55,32,1,0,-1,4000,2500,24,420,-70400.36646370773,419786.2551412738,490186.6216049815,0.8563804817169407,0.5285714285714286,-167.61992015168508,1890.929077212945,-2475.690008105967,100596.00811085413,99121.90910503286,1.0059600811085414,5,2,0.4,84.0,29.939939879699157,0.35642785571070423,46,0.0,0.0,0.0,0.0,False,False,False
458,33039.70358118361,155392.30995219212,122352.60637100853,1.270036777810827,0.6069868995633187,72.1390907886105,558.9651437129213,-679.7367020611584,9192.19076239199,8152.498493750674,0.0919219076239199,10,7,0.7,45.8,14.627371602581238,0.3193749258205511,23,0.029994215824756455,3.594323098293276,127.42315798417681,0.9429759078418957,2012-01-18 10:00:00,2021-05-19 09:00:00,RBB_U,5,50,2.0,1,17,36,78,31,-1,11,-1,1750,1000,24,229,-881.0277725874184,130913.66371924615,131794.69149183357,0.9933151497786843,0.6244541484716157,-3.847282849726718,915.4801658688542,-1532.496412695739,12413.642213025261,11310.582299071495,0.12413642213025261,5,3,0.6,45.8,17.79213309302738,0.38847452168182056,22,0.0,0.0,0.0,0.0,False,False,False
811,74736.89292082631,338758.66511387523,264021.77219304885,1.283070946384603,0.5487053020961775,92.15399866932961,761.2554272221915,-721.3709622760897,15036.82017323409,13340.048467736655,0.1503682017323409,10,6,0.6,81.1,16.391766225761028,0.20211795592800283,41,0.04002039532428198,4.97025914121523,163.17056655555191,0.9418367415464842,2012-01-13 14:00:00,2021-05-12 17:00:00,RBB_U,5,30,3.0,1,31,35,55,32,1,0,-1,2000,3000,12,392,-1615.7032565540867,354423.4949428227,356039.1981993769,0.9954620073724316,0.45918367346938777,-4.121691981005323,1969.019416349015,-1679.43018018574,63837.403853475604,61032.918487423136,0.638374038534756,5,3,0.6,78.4,27.85390457368589,0.3552793950725241,43,0.0,0.0,0.0,0.0,False,False,False
886,87477.96619200893,414516.9804996388,327039.0143076299,1.2674848026227312,0.5699774266365688,98.73359615350894,820.8257039596808,-858.3701162929918,17352.474654777783,11400.029947017727,0.17352474654777783,10,8,0.8,88.6,18.320480343047777,0.20677743050843994,44,0.028475742046087393,5.041238666666081,175.75045709667575,0.9393418964409224,2012-01-13 14:00:00,2021-05-18 23:00:00,RBB_U,5,30,3.0,1,31,36,55,32,1,0,-1,2500,2500,24,420,-12522.747075411426,401288.0192763015,413810.76635171287,0.9697379863124009,0.5047619047619047,-29.8160644652653,1892.8680154542524,-1989.4748382293888,53988.315883302486,50579.49775201803,0.5398831588330248,5,3,0.6,84.0,29.939939879699157,0.35642785571070423,46,0.0,0.0,0.0,0.0,False,False,False
811,77184.66358052994,334105.16537929,256920.50179876003,1.3004223603805156,0.5437731196054254,95.17221156662139,757.6080847602948,-694.3797345912433,16221.776894868788,14525.005189371353,0.1622177689486879,10,7,0.7,81.1,16.391766225761028,0.20211795592800283,41,0.038751221567214146,4.758089331443383,170.4465686763347,0.9364840744591083,2012-01-13 14:00:00,2021-05-12 15:00:00,RBB_U,5,30,3.0,1,31,35,55,32,1,0,-1,1750,3000,12,392,-3827.8420722692754,337709.44599009235,341537.28806236165,0.9887923157849448,0.4362244897959184,-9.764903245584886,1974.909040877733,-1545.4175930423605,53820.96442562017,53002.865419798894,0.5382096442562018,5,3,0.6,78.4,27.85390457368589,0.3552793950725241,43,0.0,0.0,0.0,0.0,False,False,False
457,35999.35610563787,141958.75338090266,105959.39727526481,1.3397467051659189,0.4485776805251641,78.77320810861677,692.4817238092813,-420.4737987113683,11189.255840563674,10374.945815385836,0.11189255840563674,10,8,0.8,45.7,14.588008774332431,0.31921244582784314,23,0.1664196432408342,3.217314593445238,142.04392723393113,0.933291644693385,2012-01-18 10:00:00,2021-05-19 04:30:00,RBB_U,5,50,2.0,1,17,36,78,31,-1,11,-1,500,6000,24,229,-22945.06602415016,75148.89986929335,98093.96589344353,0.7660909535549343,0.1572052401746725,-100.19679486528455,2087.4694408137043,-508.25889063960375,24249.524812626965,23001.419177644413,0.24249524812626966,5,0,0.0,45.8,17.79213309302738,0.38847452168182056,22,0.0,0.0,0.0,0.0,False,False,False
811,73754.29454514667,350677.4552003902,276923.1606552436,1.2663348719934886,0.5573366214549939,90.94241004333745,775.8350778769694,-771.3737065605671,14926.177679611537,13013.780849283452,0.14926177679611538,10,6,0.6,81.1,16.391766225761028,0.20211795592800283,41,0.04055357072352094,4.941271377593983,164.12779991753746,0.9328925021647483,2012-01-13 14:00:00,2021-05-12 18:30:00,RBB_U,5,30,3.0,1,31,35,55,32,1,0,-1,4000,3000,12,392,-25038.58417777247,400909.93088948133,425948.51506725384,0.941216876471986,0.5178571428571429,-63.873939229011405,1974.9257679284794,-2253.695846916687,72740.88603936089,71324.54556694819,0.727408860393609,5,2,0.4,78.4,27.85390457368589,0.3552793950725241,43,0.0,0.0,0.0,0.0,False,False,False
887,75021.62871593337,369590.3589675906,294568.7302516572,1.2546829347834736,0.5558060879368658,84.5790628139046,749.6761845184394,-747.6363711970995,12937.564585295593,11240.792879798159,0.12937564585295594,10,8,0.8,88.7,18.46645607581487,0.20819003467660507,44,0.026539013269611195,5.7987442861696294,152.9641515863272,0.9319144592841621,2012-01-13 14:00:00,2021-05-18 22:00:00,RBB_U,5,30,3.0,1,31,36,55,32,1,0,-1,1500,2000,24,420,-27735.732595249938,307298.26106464106,335033.993659891,0.9172151688481921,0.4357142857142857,-66.03745856011889,1679.225470298585,-1413.6455428687384,43358.189222411296,40848.21566061843,0.433581892224113,5,1,0.2,84.0,29.939939879699157,0.35642785571070423,46,0.0,0.0,0.0,0.0,False,False,False
885,86866.21789299321,393163.43288077274,306297.2149877795,1.2836010699491962,0.5559322033898305,98.15391852315618,799.1126684568552,-779.3822264320089,17531.141375663567,14498.982549083434,0.17531141375663567,10,6,0.6,88.5,18.161773041198373,0.20521777447681777,44,0.04594421279992117,4.954966481165877,178.60867542978096,0.9290562157089335,2012-01-13 14:00:00,2021-05-18 23:00:00,RBB_U,5,30,3.0,1,31,36,55,32,1,0,-1,4000,4000,12,417,-37439.47129206449,444862.39487867564,482301.8661707401,0.9223733642390459,0.4940047961630695,-89.78290477713307,2159.526188731435,-2285.7908349324175,83008.17426766444,80135.63409947741,0.8300817426766444,5,1,0.2,83.4,29.47269923166183,0.3533896790367126,46,0.0,0.0,0.0,0.0,False,False,False
887,69590.91202275586,315114.3281696765,245523.4161469206,1.2834390019284876,0.5005636978579482,78.45649607976985,709.7169553371092,-554.2289303542226,11214.123706418755,10733.56968926725,0.11214123706418755,10,8,0.8,88.7,18.46645607581487,0.20819003467660507,44,0.028610057579773543,6.205648684160967,142.93429182737026,0.9285080727926259,2012-01-13 14:00:00,2021-05-18 21:00:00,RBB_U,5,30,3.0,1,31,36,55,32,1,0,-1,750,2000,0,424,-32403.154277565023,196618.83559150563,229021.98986907065,0.8585150958818866,0.2759433962264151,-76.42253367350241,1680.502868303467,-745.9999670002301,37481.747491893344,35678.50002105108,0.3748174749189334,5,1,0.2,84.8,30.195363882556546,0.356077404275431,47,0.0,0.0,0.0,0.0,False,False,False
458,43353.03322459834,194382.39386574164,151029.36064114328,1.2870503658398469,0.5786026200873362,94.6572777829658,733.518467417893,-782.5355473634368,16354.061622021887,13548.257701037961,0.16354061622021887,10,8,0.8,45.8,14.627371602581238,0.3193749258205511,23,0.05745849401343887,2.6509031350487544,172.77130723660963,0.9276425106611935,2012-01-18 10:00:00,2021-05-19 09:30:00,RBB_U,5,50,2.0,1,17,36,78,31,-1,11,-1,2500,2500,24,229,-4676.297498346554,195493.55912276413,200169.8566211107,0.976638353160246,0.5327510917030568,-20.420513093216393,1602.4062223177386,-1870.7463235617822,27825.789371561783,24598.934348611547,0.2782578937156178,5,2,0.4,45.8,17.79213309302738,0.38847452168182056,22,0.0,0.0,0.0,0.0,False,False,False
888,75028.03118466747,372110.8966502723,297082.8654656048,1.2525491703033071,0.5968468468468469,84.49102610885977,702.0960314156081,-829.8404063285051,13067.262791110697,11290.349107444672,0.13067262791110698,10,7,0.7,88.8,18.583863968507735,0.20927774739310515,44,0.019872572643285576,5.741679216530871,154.6585879342334,0.9263129143540315,2012-01-13 14:00:00,2021-05-18 23:00:00,RBB_U,5,30,3.0,1,31,36,55,32,1,0,-1,5000,1500,0,422,-104091.12733409708,354007.7642429755,458098.89157707256,0.7727758585580766,0.6161137440758294,-246.66143918032483,1361.5683240114442,-2827.7709356609416,123056.20498057781,119770.5026350634,1.230562049805778,5,1,0.2,84.4,30.32226904438387,0.3592685905732686,46,0.0,0.0,0.0,0.0,False,False,False
888,71224.77526198767,314467.1598332779,243242.38457129025,1.292813998627418,0.5259009009009009,80.20808024998611,673.3772159170834,-577.7728849674353,11838.96624331169,10176.317676401075,0.1183896624331169,10,7,0.7,88.8,18.583863968507735,0.20927774739310515,44,0.027953756156849363,6.016131290367132,147.6031617564334,0.9238483290514792,2012-01-13 14:00:00,2021-05-18 22:00:00,RBB_U,5,30,3.0,1,31,36,55,32,1,0,-1,1000,2000,12,424,-39733.38947908045,230199.1450549013,269932.53453398176,0.8528025176821418,0.33962264150943394,-93.71082424311426,1598.6051739923703,-964.0447661927919,43642.42906526594,42377.63873961358,0.4364242906526594,5,0,0.0,84.8,30.195363882556546,0.356077404275431,47,0.0,0.0,0.0,0.0,False,False,False
885,66499.02202978916,269406.1507421286,202907.12871233944,1.327731324432985,0.44180790960451977,75.14013788676742,689.0182883430399,-410.7431755310515,10453.779123904307,9391.875468468217,0.10453779123904307,10,8,0.8,88.5,18.161773041198373,0.20521777447681777,44,0.09009155047898672,6.361242306882883,139.1237681737775,0.9210321174351279,2012-01-13 14:00:00,2021-05-18 21:00:00,RBB_U,5,30,3.0,1,31,36,55,32,1,0,-1,500,6000,12,423,-9073.089254695798,166949.94142866996,176023.0306833658,0.948455101474666,0.17257683215130024,-21.449383580841133,2286.985499022876,-502.9229448096166,32858.54940540284,31937.967795603174,0.32858549405402837,5,2,0.4,84.6,30.447331574376104,0.3598975363401431,46,0.0,0.0,0.0,0.0,False,False,False
885,66490.50730785259,269397.63602019206,202907.12871233944,1.3276893607918325,0.44180790960451977,75.13051673203682,688.9965115605935,-410.7431755310515,10453.779123904307,9391.875468468217,0.10453779123904307,10,8,0.8,88.5,18.161773041198373,0.20521777447681777,44,0.10597825681862134,6.360427795514731,139.1415842538276,0.9209141858906444,2012-01-13 14:00:00,2021-05-18 21:00:00,RBB_U,5,30,3.0,1,31,36,55,32,1,0,-1,500,0,12,422,967.7635520883923,176990.7942354542,176023.0306833658,1.0054979371070438,0.17061611374407584,2.2932785594511667,2458.2054754924193,-502.9229448096166,35871.723425430726,35111.04268827225,0.35871723425430724,5,2,0.4,84.4,30.190064590855055,0.357702187095439,46,14.345229367143371,0.026978451539975655,15642.113461356234,0.015174700786984874,False,False,False
813,66764.81390331019,362037.31391521933,295272.5000119092,1.2261125363879717,0.5768757687576875,82.1215423164947,771.9345712478024,-858.3502907322941,12549.60552622647,11808.036130656285,0.1254960552622647,10,8,0.8,81.3,16.73349933516597,0.20582410006354207,41,0.029821097125851292,5.320072711750457,152.81746022085844,0.918716479905139,2012-01-13 14:00:00,2021-05-12 17:00:00,RBB_U,5,30,3.0,1,31,35,55,32,1,0,-1,2500,2000,24,392,-8834.73224491442,351826.7970473267,360661.5292922411,0.9755040903246553,0.5408163265306123,-22.537582257434742,1659.5603634307863,-2003.6751627346728,36110.30348257248,34001.75101736449,0.3611030348257248,5,1,0.2,78.4,27.85390457368589,0.3552793950725241,43,0.0,0.0,0.0,0.0,False,False,False
457,35423.88760714109,141383.2848824059,105959.39727526481,1.3343156767409288,0.4485776805251641,77.51397725851443,689.67456040198,-420.4737987113683,11189.255840563674,10374.945815385836,0.11189255840563674,10,8,0.8,45.7,14.588008774332431,0.31921244582784314,23,0.15840140440717532,3.16588414027689,144.35146068233266,0.9183724905880933,2012-01-18 10:00:00,2021-05-19 04:30:00,RBB_U,5,50,2.0,1,17,36,78,31,-1,11,-1,500,0,24,229,-21119.88075698087,76974.08513646264,98093.96589344353,0.7846974524414401,0.1572052401746725,-92.22655352393393,2138.169031568407,-508.25889063960375,22424.339545457675,21176.233910475123,0.22424339545457675,5,0,0.0,45.8,17.79213309302738,0.38847452168182056,22,0.0,0.0,0.0,0.0,False,False,False
887,75857.45245353956,396868.1612003079,321010.7087467683,1.2363081678791603,0.5760992108229989,85.52136691492622,776.6500219184107,-853.7518849648093,13666.243805732218,12143.30734642077,0.13666243805732217,10,8,0.8,88.7,18.46645607581487,0.20819003467660507,44,0.02624659721099161,5.550717046458782,159.79917415640628,0.9168314418050223,2012-01-13 14:00:00,2021-05-18 23:00:00,RBB_U,5,30,3.0,1,31,36,55,32,1,0,-1,2500,2000,0,420,-10204.438716697732,380106.6393561199,390311.07807281765,0.9738556262172144,0.5404761904761904,-24.296282658804124,1674.478587471894,-2022.337192087138,43762.02534613182,42087.04944455338,0.4376202534613182,5,3,0.6,84.0,29.939939879699157,0.35642785571070423,46,0.0,0.0,0.0,0.0,False,False,False
887,77765.97832719731,374036.17747746606,296270.1991502688,1.2624832958233312,0.5580608793686584,87.67303080856517,755.6286413686183,-755.7913243629306,14400.590156443766,12703.818450946332,0.14400590156443765,10,8,0.8,88.7,18.46645607581487,0.20819003467660507,44,0.025602455505966185,5.400193845000146,164.25336301978177,0.9156201084348538,2012-01-13 14:00:00,2021-05-18 22:00:00,RBB_U,5,30,3.0,1,31,36,55,32,1,0,-1,1500,2000,0,420,-27050.12084658425,309273.2210973455,336323.3419439298,0.9195710868884803,0.4357142857142857,-64.4050496347244,1690.017601624839,-1419.0858309870455,44647.537506450084,42137.56394465722,0.44647537506450086,5,1,0.2,84.0,29.939939879699157,0.35642785571070423,46,0.0,0.0,0.0,0.0,False,False,False
813,58359.24144722293,254789.03438338952,196429.7929361666,1.2970997452824675,0.43665436654366546,71.78258480593226,717.7155898123648,-428.88601077765634,9680.913117094708,9272.594811130322,0.09680913117094707,10,8,0.8,81.3,16.73349933516597,0.20582410006354207,41,0.04268389955432733,6.028278607745303,134.86437056101465,0.9143245447928977,2012-01-13 14:00:00,2021-05-12 15:00:00,RBB_U,5,30,3.0,1,31,35,55,32,1,0,-1,500,2500,0,396,-22869.455614020648,140518.82998563172,163388.28559965233,0.8600300166558007,0.18181818181818182,-57.75115054045618,1951.650416467107,-504.28483209769234,32398.88976380256,31857.107000990596,0.3239888976380256,5,2,0.4,79.2,28.12401109372559,0.35510115017330285,44,0.0,0.0,0.0,0.0,False,False,False
457,35163.46279906787,141122.86007433265,105959.39727526481,1.3318578974899133,0.4485776805251641,76.94411991043297,688.4041954845495,-420.4737987113683,11189.255840563674,10374.945815385836,0.11189255840563674,10,8,0.8,45.7,14.588008774332431,0.31921244582784314,23,0.1419371018298091,3.14260959800312,145.42054485240146,0.9116209171229347,2012-01-18 10:00:00,2021-05-19 04:30:00,RBB_U,5,50,2.0,1,17,36,78,31,-1,11,-1,500,5000,24,229,-23353.456451996477,74740.50944144704,98093.96589344353,0.7619276961707855,0.1572052401746725,-101.98015917902391,2076.125262262418,-508.25889063960375,24657.91524047328,23409.80960549073,0.24657915240473283,5,0,0.0,45.8,17.79213309302738,0.38847452168182056,22,0.0,0.0,0.0,0.0,False,False,False
814,67602.94401554548,304130.5190704159,236527.57505487045,1.285814218489589,0.538083538083538,83.0502997733974,694.361915685881,-629.0626996140171,13059.202543030064,12394.819450113486,0.13059202543030063,10,7,0.7,81.4,16.84755175092215,0.20697238023245884,41,0.029451380098804044,5.176651774317293,157.24449615067104,0.9107985332204107,2012-01-13 14:00:00,2021-05-12 15:00:00,RBB_U,5,30,3.0,1,31,35,55,32,1,0,-1,1250,2000,12,394,-29442.367043458413,250477.24308341974,279919.61012687813,0.894818490815584,0.39847715736040606,-74.72681990725485,1595.3964527606354,-1181.0954013792327,38081.40429744422,35707.388259349995,0.3808140429744422,5,2,0.4,78.8,27.86682615584344,0.3536399258355767,44,0.0,0.0,0.0,0.0,False,False,False
887,81904.17020853348,404518.4857742382,322614.3155657047,1.2538764284681985,0.5839909808342728,92.33841060714035,780.9237177108845,-874.293538118441,16238.038667968081,13288.83902196755,0.16238038667968083,10,8,0.8,88.7,18.46645607581487,0.20819003467660507,44,0.02430889654251769,5.0439694031583695,175.85356474299576,0.9081447073969415,2012-01-13 14:00:00,2021-05-18 23:00:00,RBB_U,5,30,3.0,1,31,36,55,32,1,0,-1,4000,2000,0,420,-69236.65350738596,396728.8763847642,465965.5298921502,0.8514124992820582,0.5642857142857143,-164.84917501758562,1673.9615037331823,-2546.259726186613,92572.00156326903,90216.68352285892,0.9257200156326904,5,2,0.4,84.0,29.939939879699157,0.35642785571070423,46,0.0,0.0,0.0,0.0,False,False,False
458,40786.71609007097,185446.12408979548,144659.4079997245,1.281949972380287,0.5807860262008734,89.05396526216369,697.1658800368251,-753.4344166652318,15104.061622021887,12298.257701037961,0.15104061622021886,10,8,0.8,45.8,14.627371602581238,0.3193749258205511,23,0.04881491306147799,2.7003806731431426,169.60571691061062,0.9081254240239222,2012-01-18 10:00:00,2021-05-19 09:30:00,RBB_U,5,50,2.0,1,17,36,78,31,-1,11,-1,2250,2000,24,229,-8543.113880938632,181919.57326537065,190462.6871463093,0.9551454722762784,0.5327510917030568,-37.30617415257045,1491.1440431587757,-1780.0251135169094,34054.598064054204,32913.71403740439,0.34054598064054203,5,2,0.4,45.8,17.79213309302738,0.38847452168182056,22,0.0,0.0,0.0,0.0,False,False,False
458,41375.62426129,175446.04844900896,134070.42418771895,1.3086111236834594,0.5633187772925764,90.33979096351528,680.02344360081,-670.3521209385948,15543.66062712123,13461.716066817338,0.1554366062712123,10,7,0.7,45.8,14.627371602581238,0.3193749258205511,23,0.04812011989055908,2.661897043036058,172.0577440056144,0.9081171458882241,2012-01-18 10:00:00,2021-05-19 07:00:00,RBB_U,5,50,2.0,1,17,36,78,31,-1,11,-1,1250,2000,24,229,-30802.746824694128,133116.1282879847,163918.87511267883,0.812085418451535,0.39737991266375544,-134.5098114615464,1462.8145965712604,-1187.817935599122,34176.94457571909,32952.675296268055,0.3417694457571909,5,1,0.2,45.8,17.79213309302738,0.38847452168182056,22,0.0,0.0,0.0,0.0,False,False,False
886,82069.22709040524,407971.87885362364,325902.65176321846,1.2518212927890866,0.5665914221218962,92.62892448127002,812.6929857641906,-848.704822300048,16352.474654777783,10948.499173809127,0.16352474654777782,10,8,0.8,88.6,18.320480343047777,0.20677743050843994,44,0.03035242426806313,5.018764977350182,176.53745572835973,0.9078086699270749,2012-01-13 14:00:00,2021-05-18 23:00:00,RBB_U,5,30,3.0,1,31,36,55,32,1,0,-1,2250,2500,24,420,-21639.16000015648,382610.73152991163,404249.8915300681,0.9464708328844487,0.48333333333333334,-51.521809524182096,1884.7819287187765,-1862.9027259450145,70857.62295883487,68126.80482755041,0.7085762295883486,5,3,0.6,84.0,29.939939879699157,0.35642785571070423,46,0.0,0.0,0.0,0.0,False,False,False
457,47689.5870394901,198510.71001359023,150821.12297410012,1.3161996549228694,0.5645514223194749,104.35358214330438,769.4213566418226,-757.8950903221112,20815.127619620704,17984.093966544402,0.20815127619620705,10,9,0.9,45.7,14.588008774332431,0.31921244582784314,23,0.10465597019884289,2.291102313229973,199.46730329809057,0.906478002817935,2012-01-18 10:00:00,2021-05-19 09:30:00,RBB_U,5,50,2.0,1,17,36,78,31,-1,11,-1,2250,5000,24,229,-14609.646046181566,200733.07155415523,215342.71760033682,0.9321563031757767,0.4759825327510917,-63.79758098769243,1841.5878124234425,-1794.5226466694735,36824.32164622021,34523.237640566906,0.3682432164622021,5,2,0.4,45.8,17.79213309302738,0.38847452168182056,22,0.0,0.0,0.0,0.0,False,False,False
888,72370.4940701242,365205.0340154541,292834.5399453299,1.247137834504206,0.5934684684684685,81.49830413302274,692.9886793462127,-811.1760109288916,12727.178812150887,11905.580697908808,0.12727178812150888,10,9,0.9,88.8,18.583863968507735,0.20927774739310515,44,0.02060231893063047,5.686295064938561,156.16495272561005,0.9053613403430982,2012-01-13 14:00:00,2021-05-18 23:00:00,RBB_U,5,30,3.0,1,31,36,55,32,1,0,-1,5000,1500,24,422,-110112.78455734983,349550.804210271,459663.58876762085,0.7604491909995149,0.6113744075829384,-260.93076909324606,1354.8480783343837,-2802.826760778176,123314.51763585737,121270.41863003609,1.2331451763585737,5,1,0.2,84.4,30.32226904438387,0.3592685905732686,46,0.0,0.0,0.0,0.0,False,False,False
884,65018.11553133649,280331.88877064816,215313.77323931165,1.3019691427685482,0.4309954751131222,73.54990444721322,735.7792356184991,-428.05919133063946,10453.779123904307,9957.657871258285,0.10453779123904307,10,8,0.8,88.4,18.423897524682445,0.2084151303697109,43,0.04600256367870953,6.219579996927784,142.13178388840717,0.901539791319678,2012-01-13 14:00:00,2021-05-18 21:00:00,RBB_U,5,30,3.0,1,31,36,55,32,1,0,-1,500,3000,0,424,-9130.420038867938,166982.8655607844,176113.28559965233,0.9481559837590927,0.17688679245283018,-21.53400952563193,2226.4382074771256,-504.62259484141066,34214.1840378313,33671.9171971746,0.34214184037831297,5,2,0.4,84.8,30.195363882556546,0.356077404275431,47,0.0,0.0,0.0,0.0,False,False,False
885,83605.9202999167,365027.5536072516,281421.6333073349,1.297084198245031,0.5446327683615819,94.46996644058385,757.3185759486548,-698.3167079586474,17334.259699935978,15637.487994438547,0.17334259699935978,10,6,0.6,88.5,18.161773041198373,0.20521777447681777,44,0.03577497848562023,4.823160708745208,183.48963541590993,0.8992502322247418,2012-01-13 14:00:00,2021-05-18 23:00:00,RBB_U,5,30,3.0,1,31,36,55,32,1,0,-1,1750,3000,12,420,-5137.733430038461,361916.05611704994,367053.7895470884,0.9860027778588584,0.43333333333333335,-12.232698642948716,1988.5497588848898,-1542.2428132230605,55257.08480347351,54438.98579765223,0.5525708480347351,5,3,0.6,84.0,29.939939879699157,0.35642785571070423,46,0.0,0.0,0.0,0.0,False,False,False
458,39567.337005031426,181858.77661635831,142291.43961132687,1.278072504664446,0.574235807860262,86.39156551316906,691.4782380850125,-729.6996903144968,14618.884079697578,13897.898877433177,0.14618884079697578,10,7,0.7,45.8,14.627371602581238,0.3193749258205511,23,0.025045910971314127,2.7065907896473282,169.21656637266466,0.8954754414873121,2012-01-18 10:00:00,2021-05-19 05:00:00,RBB_U,5,50,2.0,1,17,36,78,31,-1,11,-1,1000,1000,0,229,-37601.418102845106,95136.0,132737.4181028451,0.7167232974675499,0.4192139737991266,-164.19833232683453,991.0,-998.0257000213918,37901.19511782596,36592.418102845106,0.37901195117825964,5,1,0.2,45.8,17.79213309302738,0.38847452168182056,22,0.0,0.0,0.0,0.0,False,False,False
457,43771.99423660396,195275.2935204478,151503.29928384384,1.2889177624745745,0.5733041575492341,95.78116900788613,745.3255477879687,-776.9399963274043,18038.806883702026,14966.093966544402,0.18038806883702024,10,9,0.9,45.7,14.588008774332431,0.31921244582784314,23,0.0683313623736796,2.4265459749531297,188.33354270521383,0.8937492197652256,2012-01-18 10:00:00,2021-05-19 09:30:00,RBB_U,5,50,2.0,1,17,36,78,31,-1,11,-1,2500,3000,24,229,-3028.546902819304,202159.3097182914,205187.8566211107,0.9852401260352768,0.5240174672489083,-13.225095645499144,1684.660914319095,-1882.457400193676,27301.077643543664,23778.91540105625,0.27301077643543664,5,2,0.4,45.8,17.79213309302738,0.38847452168182056,22,0.0,0.0,0.0,0.0,False,False,False
813,61566.55252172181,349355.07749316085,287788.52497143904,1.213929837987223,0.5682656826568265,75.7276168778866,756.1798214137681,-819.9103275539574,11289.00175306185,10362.324152217268,0.1128900175306185,10,7,0.7,81.3,16.73349933516597,0.20582410006354207,41,0.0323389879480021,5.453675521400594,149.07377544001886,0.8932354829373381,2012-01-13 14:00:00,2021-05-12 17:00:00,RBB_U,5,30,3.0,1,31,35,55,32,1,0,-1,2000,2000,24,392,-11233.63317008502,326823.098747652,338056.73191773705,0.9667699764286349,0.5051020408163265,-28.657227474706684,1650.6217108467274,-1742.5604738027682,51196.344361391624,48063.08549088028,0.5119634436139162,5,2,0.4,78.4,27.85390457368589,0.3552793950725241,43,0.0,0.0,0.0,0.0,False,False,False
886,64545.280326152635,267961.40903849213,203416.12871233944,1.3173066006846943,0.44130925507900676,72.85020352838897,685.3232967736371,-410.9416741663423,10453.779123904307,9391.875468468217,0.10453779123904307,10,8,0.8,88.6,18.298633828786237,0.20653085585537515,44,0.06957906104530968,6.174348966160869,143.49691033918083,0.8929631898259842,2012-01-13 14:00:00,2021-05-18 21:00:00,RBB_U,5,30,3.0,1,31,36,55,32,1,0,-1,500,4500,12,423,-19400.082131053525,156622.94855231227,176023.0306833658,0.8897866827099982,0.17257683215130024,-45.8630783240036,2145.51984318236,-502.9229448096166,36889.29425878902,36128.61352163055,0.36889294258789024,5,2,0.4,84.6,30.447331574376104,0.3598975363401431,46,0.0,0.0,0.0,0.0,False,False,False
813,70042.88364287849,362462.9586561214,292420.07501324295,1.2395283006466173,0.5756457564575646,86.15360841682471,774.4935014019688,-847.5944203282404,14631.378221964835,13946.3308512457,0.14631378221964836,10,7,0.7,81.3,16.73349933516597,0.20582410006354207,41,0.028425443049308725,4.78716923179042,169.8289658533619,0.8926275781240275,2012-01-13 14:00:00,2021-05-12 17:00:00,RBB_U,5,30,3.0,1,31,35,55,32,1,0,-1,2250,2000,0,392,-16771.87647231906,337380.34676835465,354152.22324067366,0.9526421821700065,0.5204081632653061,-42.78539916407924,1653.8252292566403,-1883.788421492945,50082.33779619872,47949.50699343482,0.5008233779619872,5,2,0.4,78.4,27.85390457368589,0.3552793950725241,43,0.0,0.0,0.0,0.0,False,False,False
813,66671.81630497598,334959.55321478646,268287.73690981045,1.2485086238861112,0.5522755227552275,82.00715412666172,746.0123679616624,-737.054222279699,13257.291240995,12728.60635586542,0.13257291240995,10,6,0.6,81.3,16.691614661260306,0.205308913422636,41,0.03736211397939802,5.029067785643068,161.6601793121469,0.8926141956949067,2012-01-13 14:00:00,2021-05-12 17:00:00,RBB_U,5,30,3.0,1,31,35,55,32,1,0,-1,2250,2500,12,392,-20094.851699330728,338016.857254378,358111.70895370864,0.9438866387305749,0.48214285714285715,-51.26237678400696,1788.448980181894,-1764.0970884419146,56686.518040580835,55286.76459452771,0.5668651804058084,5,3,0.6,78.4,27.85390457368589,0.3552793950725241,43,0.0,0.0,0.0,0.0,False,False,False
887,69327.28768327279,312922.0676523475,243594.7799690747,1.2846008756512524,0.49943630214205187,78.15928712883066,706.3703558743736,-548.6368918222403,12045.367203922771,11738.968337857266,0.12045367203922772,10,8,0.8,88.7,18.46645607581487,0.20819003467660507,44,0.028718850347875156,5.75551467295204,154.1130638009567,0.8925036781816149,2012-01-13 14:00:00,2021-05-18 21:00:00,RBB_U,5,30,3.0,1,31,36,55,32,1,0,-1,750,2000,24,424,-31863.805993526235,196618.83559150563,228482.64158503187,0.8605416771598912,0.2759433962264151,-75.1504858337883,1680.502868303467,-744.2431321988009,36942.399207854556,35139.15173701229,0.36942399207854554,5,1,0.2,84.8,30.195363882556546,0.356077404275431,47,0.0,0.0,0.0,0.0,False,False,False
813,66798.68795066378,344092.5700995127,277293.88214884885,1.2408949214206138,0.5633456334563346,82.16320781139456,751.2938211779754,-781.109527179856,13327.293764892172,11630.522059394738,0.13327293764892173,10,7,0.7,81.3,16.73349933516597,0.20582410006354207,41,0.02980597465433025,5.012171947963678,162.20512952080622,0.8919609640649429,2012-01-13 14:00:00,2021-05-12 15:00:00,RBB_U,5,30,3.0,1,31,35,55,32,1,0,-1,1750,2000,24,392,-13921.139231080422,309877.3841039544,323798.52333503484,0.95700678592448,0.47959183673469385,-35.51311028336843,1648.2839579997576,-1587.2476634070335,41834.76224827972,40706.41560815859,0.4183476224827972,5,3,0.6,78.4,27.85390457368589,0.3552793950725241,43,0.0,0.0,0.0,0.0,False,False,False
458,46798.70062535457,271931.85032367654,225133.149698322,1.207871211716554,0.6091703056768559,102.18056905099252,974.666130192389,-1257.727093286715,20642.396729834487,16059.346592655435,0.20642396729834486,10,7,0.7,45.8,14.627371602581238,0.3193749258205511,23,0.04254391624970282,2.267115647366487,202.01880770044488,0.8913077928791358,2012-01-18 10:00:00,2021-05-19 14:00:00,RBB_U,5,50,2.0,1,17,36,78,31,-1,11,-1,4000,2000,0,229,13496.794074151861,266650.95593195746,253154.16185780562,1.0533145257226024,0.6375545851528385,58.93796538930944,1826.3764104928593,-3050.050142865128,33298.43600720655,32106.45533195491,0.33298436007206544,5,3,0.6,45.8,17.79213309302738,0.38847452168182056,22,0.14751651311129238,0.405328168302885,564.974304546428,0.4047833763284179,True,False,False
886,64330.64220271058,267746.77091505006,203416.12871233944,1.316251433010426,0.44130925507900676,72.60794831005708,684.7743501663684,-410.9416741663423,10453.779123904307,9391.875468468217,0.10453779123904307,10,8,0.8,88.6,18.298633828786237,0.20653085585537515,44,0.07758355628213678,6.153816858021024,143.9756854065567,0.8899937404348189,2012-01-13 14:00:00,2021-05-18 21:00:00,RBB_U,5,30,3.0,1,31,36,55,32,1,0,-1,500,5000,12,423,-15513.464793152918,160509.5658902129,176023.0306833658,0.9118668464409133,0.17257683215130024,-36.67485766702818,2198.761176578259,-502.9229448096166,35389.29425878902,34628.61352163055,0.3538929425878902,5,2,0.4,84.6,30.447331574376104,0.3598975363401431,46,0.0,0.0,0.0,0.0,False,False,False
886,81797.6195168248,405020.267301252,323222.64778442716,1.253068960598886,0.5632054176072234,92.3223696578158,811.6638623271583,-835.2006402698377,16903.828791537606,13016.36641217074,0.16903828791537606,10,8,0.8,88.6,18.320480343047777,0.20677743050843994,44,0.030453208965178148,4.838999526413467,183.09569884514514,0.8899259018774472,2012-01-13 14:00:00,2021-05-18 23:00:00,RBB_U,5,30,3.0,1,31,36,55,32,1,0,-1,2000,2500,0,420,-8171.440597128094,377356.18225173873,385527.62284886686,0.9788045262833697,0.47619047619047616,-19.45581094554308,1886.7809112586938,-1752.3982856766675,65395.512377413885,63731.050254082125,0.6539551237741389,5,3,0.6,84.0,29.939939879699157,0.35642785571070423,46,0.0,0.0,0.0,0.0,False,False,False
887,80135.44794271419,398499.7038779196,318364.2559352054,1.251709940575187,0.5817361894024803,90.34436070204531,772.2862478254256,-858.1246790706344,16238.038667968081,13288.83902196755,0.16238038667968083,10,9,0.9,88.7,18.46645607581487,0.20819003467660507,44,0.024845434213124892,4.935044778578656,179.7349446250547,0.888533303478566,2012-01-13 14:00:00,2021-05-18 23:00:00,RBB_U,5,30,3.0,1,31,36,55,32,1,0,-1,4000,2000,24,420,-67536.30706169512,394407.1872016958,461943.49426339095,0.8537996358853638,0.5619047619047619,-160.8007310992741,1671.21689492244,-2510.5624688227767,92572.00156326903,90216.30756894292,0.9257200156326904,5,2,0.4,84.0,29.939939879699157,0.35642785571070423,46,0.0,0.0,0.0,0.0,False,False,False
457,39640.27686904828,169768.98510451865,130128.7082354704,1.3046236100132371,0.387308533916849,86.74021196728289,959.1468085001054,-464.74538655525146,15013.397613836023,13000.0782313409,0.15013397613836024,10,7,0.7,45.7,14.588008774332431,0.31921244582784314,23,0.0754535597690393,2.6403268526317225,173.08463137603184,0.8871977521499099,2012-01-18 10:00:00,2021-05-19 04:30:00,RBB_U,5,50,2.0,1,17,36,78,31,-1,11,-1,500,3000,0,229,-20284.804880400385,81372.16101304314,101656.96589344353,0.8004582892857254,0.12663755458515283,-88.57993397554753,2805.93658665666,-508.28482946721766,20987.26366887719,20959.552199164857,0.2098726366887719,5,1,0.2,45.8,17.79213309302738,0.38847452168182056,22,0.0,0.0,0.0,0.0,False,False,False
888,68134.59478904746,327263.8024581386,259129.20766909115,1.2629367619417706,0.5371621621621622,76.72814728496336,686.0876361805841,-630.4846901924359,11798.409077873708,11354.079965827746,0.11798409077873709,10,6,0.6,88.8,18.583863968507735,0.20927774739310515,44,0.029221572479653908,5.774896796621887,153.76898172785513,0.8852836298701018,2012-01-13 14:00:00,2021-05-18 22:00:00,RBB_U,5,30,3.0,1,31,36,55,32,1,0,-1,1250,2000,12,422,-29457.876462188113,270462.39620914456,299920.2726713327,0.9017809759913444,0.3981042654028436,-69.80539446016141,1609.8952155306224,-1180.788475083987,38139.347003333125,35995.81592403076,0.38139347003333124,5,2,0.4,84.4,29.950626036862733,0.3548652374035869,47,0.0,0.0,0.0,0.0,False,False,False
885,80610.60129465314,369681.0533418369,289070.45204718376,1.2788614357634014,0.5491525423728814,91.08542519169846,760.6606035840265,-724.4873484891824,16649.302978301283,14952.531272803848,0.16649302978301284,10,5,0.5,88.5,18.161773041198373,0.20521777447681777,44,0.03710430082349964,4.841680243293752,182.78778348194726,0.8846883507880379,2012-01-13 14:00:00,2021-05-18 23:00:00,RBB_U,5,30,3.0,1,31,36,55,32,1,0,-1,2000,3000,12,420,-4708.0518359330745,378630.10506978026,383338.1569057134,0.9877182801891252,0.45476190476190476,-11.209647228412082,1982.35657104597,-1673.965750679971,67278.13787109774,66460.03886527647,0.6727813787109774,5,3,0.6,84.0,29.939939879699157,0.35642785571070423,46,0.0,0.0,0.0,0.0,False,False,False
887,70469.37479106983,300185.18652211817,229715.81173104834,1.3067676284886105,0.49379932356257045,79.44687124134141,685.3543071281237,-511.6165071960987,12720.986367269325,11847.26504535219,0.12720986367269324,10,8,0.8,88.7,18.43936007566423,0.2078845555317275,44,0.035348688808229216,5.539615620718311,160.11941274094835,0.8827868432739394,2012-01-13 14:00:00,2021-05-18 21:00:00,RBB_U,5,30,3.0,1,31,36,55,32,1,0,-1,750,2500,12,424,-24512.887610013255,206806.5122823367,231319.39989234996,0.8940301262175983,0.2641509433962264,-57.81341417455956,1846.4867168065778,-741.4083329883011,31031.85717896776,29013.93796649432,0.3103185717896776,5,1,0.2,84.8,30.195363882556546,0.356077404275431,47,0.0,0.0,0.0,0.0,False,False,False
813,69345.83814173893,366444.9586561214,297099.1205143825,1.2334097725421638,0.5781057810578106,85.29623387667765,779.6701248002582,-866.1781939194825,14699.461619864771,13957.892224294585,0.1469946161986477,10,8,0.8,81.3,16.73349933516597,0.20582410006354207,41,0.028711167870384805,4.717576734104694,172.33423976394357,0.881695427736534,2012-01-13 14:00:00,2021-05-12 17:00:00,RBB_U,5,30,3.0,1,31,35,55,32,1,0,-1,2500,2000,0,392,-8410.078690605267,354148.4862303951,362558.56492100033,0.9768035305070293,0.5433673469387755,-21.454282373993028,1662.6689494384746,-2025.4668431340801,35581.909599655475,33659.92906670004,0.35581909599655476,5,1,0.2,78.4,27.85390457368589,0.3552793950725241,43,0.0,0.0,0.0,0.0,False,False,False
885,81676.56845856989,391242.9592113228,309566.3907527529,1.2638418474950146,0.5548022598870056,92.28990786279084,796.8288374976025,-785.7014993724692,17323.91497924026,15627.143273742826,0.1732391497924026,10,6,0.6,88.5,18.161773041198373,0.20521777447681777,44,0.04886346323455568,4.714671513710685,187.7119110899542,0.8787607231117267,2012-01-13 14:00:00,2021-05-18 23:00:00,RBB_U,5,30,3.0,1,31,36,55,32,1,0,-1,3000,4000,12,417,-9999.86000913407,435932.2366593614,445932.09666849545,0.9775753750765155,0.4844124700239808,-23.9804796382112,2158.080379501789,-2074.102775202304,66232.15880700653,63359.61863881949,0.6623215880700654,5,3,0.6,83.4,29.47269923166183,0.3533896790367126,46,0.0,0.0,0.0,0.0,False,False,False
813,69875.90872148471,348500.2148404147,278624.30611893,1.2507889914373025,0.5645756457564576,85.94822720969829,759.259727321165,-787.0743110704237,15065.319336040346,13368.547630542911,0.15065319336040345,10,8,0.8,81.3,16.73349933516597,0.20582410006354207,41,0.02849336826424453,4.638196321157462,175.28365418502074,0.877580974425253,2012-01-13 14:00:00,2021-05-12 15:00:00,RBB_U,5,30,3.0,1,31,35,55,32,1,0,-1,1750,2000,0,392,-11920.527482414735,312199.0732870228,324119.6007694376,0.9632218247396446,0.48214285714285715,-30.40950888371106,1651.8469486085864,-1596.6482796524022,41834.76224827972,40706.41560815859,0.4183476224827972,5,3,0.6,78.4,27.85390457368589,0.3552793950725241,43,0.0,0.0,0.0,0.0,False,False,False
886,81310.23254875912,417055.3700460368,335745.1374972777,1.2421784367596935,0.572234762979684,91.77227149972812,822.594418236759,-885.8710751907063,17208.711155256984,11781.329864544867,0.17208711155256984,10,7,0.7,88.6,18.320480343047777,0.20677743050843994,44,0.03063575053122899,4.724946093590521,187.51536683177736,0.8767519807283656,2012-01-13 14:00:00,2021-05-18 23:00:00,RBB_U,5,30,3.0,1,31,36,55,32,1,0,-1,3000,2500,24,420,-37245.544907444055,411252.01927630143,448497.56418374553,0.9169548557633082,0.5142857142857142,-88.67986882724774,1903.9445336865808,-2198.5174714889486,78803.9927121784,75895.17458089394,0.788039927121784,5,3,0.6,84.0,29.939939879699157,0.35642785571070423,46,0.0,0.0,0.0,0.0,False,False,False
887,72526.42821511085,392477.3426904323,319950.9144753215,1.226679859109154,0.5738444193912063,81.76598445897503,771.0753294507512,-846.4309906754537,13666.243805732222,10733.572179388124,0.13666243805732223,10,8,0.8,88.7,18.46645607581487,0.20819003467660507,44,0.02745206194485083,5.306976023996446,167.1384977036395,0.8765718805301884,2012-01-13 14:00:00,2021-05-18 23:00:00,RBB_U,5,30,3.0,1,31,36,55,32,1,0,-1,2500,2000,24,420,-10629.092271006884,377784.95017305156,388414.0424440584,0.9726346344119685,0.5380952380952381,-25.307362550016393,1671.6148237745645,-2002.134239402363,43762.02534613182,42087.04944455338,0.4376202534613182,5,3,0.6,84.0,29.939939879699157,0.35642785571070423,46,0.0,0.0,0.0,0.0,False,False,False
814,65135.20660342838,311400.86152176186,246265.65491833346,1.2644916386128977,0.5638820638820639,80.01868133099309,678.4332495027492,-693.7060701924886,13132.11636789806,11435.344662400625,0.13132116367898058,10,7,0.7,81.4,16.84755175092215,0.20697238023245884,41,0.022890846252747152,4.959993102304042,164.11313145211363,0.8751116709727088,2012-01-13 14:00:00,2021-05-12 15:00:00,RBB_U,5,30,3.0,1,31,35,55,32,1,0,-1,1250,1500,0,395,-33788.0201774498,235782.66531688574,269570.68549433554,0.8746598870144588,0.4379746835443038,-85.5392915884805,1362.9055798663917,-1214.2823670916016,44762.4473743493,42828.63864432316,0.447624473743493,5,2,0.4,79.0,27.992856231545932,0.35433995229804977,44,0.0,0.0,0.0,0.0,False,False,False
457,44516.32109467553,205416.82396345038,160900.50286877487,1.2766698692730722,0.5711159737417943,97.4098929861609,787.0376397067065,-820.9209330039535,19507.23265550963,16693.28809520574,0.1950723265550963,10,9,0.9,45.7,14.588008774332431,0.31921244582784314,23,0.11211618294749337,2.282041839599546,200.25925557972883,0.8740669143068858,2012-01-18 10:00:00,2021-05-19 10:30:00,RBB_U,5,50,2.0,1,17,36,78,31,-1,11,-1,3000,5000,24,229,-12205.407886098998,217498.41544407097,229703.82333016992,0.9468645854076393,0.5152838427947598,-53.298724393445404,1843.2069105429744,-2069.4038137853145,42727.017375109965,39848.37680343139,0.42727017375109966,5,3,0.6,45.8,17.79213309302738,0.38847452168182056,22,0.0,0.0,0.0,0.0,False,False,False
886,63169.83930780265,266585.96802014206,203416.12871233944,1.3105448899636376,0.44130925507900676,71.29778702912263,681.8055448085474,-410.9416741663423,10453.779123904307,9391.875468468217,0.10453779123904307,10,8,0.8,88.6,18.298633828786237,0.20653085585537515,44,0.0631788847926836,6.042775398167184,146.6213687618987,0.8739344058009244,2012-01-13 14:00:00,2021-05-18 21:00:00,RBB_U,5,30,3.0,1,31,36,55,32,1,0,-1,500,4000,12,424,-3000.401708592559,171495.62897477322,174496.0306833658,0.9828053297439355,0.18160377358490565,-7.076419124039054,2227.2159607113404,-502.87040542756716,32858.54940540284,31937.967795603174,0.32858549405402837,5,3,0.6,84.8,30.195363882556546,0.356077404275431,47,0.0,0.0,0.0,0.0,False,False,False
457,32536.871597889178,157315.82227184233,124778.95067395316,1.2607560924511048,0.5010940919037199,71.19665557524984,686.9686562089184,-547.276099447163,10452.921465130297,8370.976904826406,0.10452921465130298,10,8,0.8,45.7,14.588008774332431,0.31921244582784314,23,0.1226608399640645,3.112706022563004,146.81759108870358,0.8727305859043284,2012-01-18 10:00:00,2021-05-19 05:00:00,RBB_U,5,50,2.0,1,17,36,78,31,-1,11,-1,750,4000,24,229,-34881.27934300273,96839.55385242323,131720.83319542598,0.7351878325029149,0.22707423580786026,-152.3199971310163,1862.2991125466006,-744.1854982792428,35491.950723001035,34415.17370802018,0.35491950723001037,5,1,0.2,45.8,17.79213309302738,0.38847452168182056,22,0.0,0.0,0.0,0.0,False,False,False
888,73548.93861266656,370619.89665027236,297070.95803760574,1.2475803730479644,0.5957207207207207,82.82538132057046,700.6047195657322,-827.4957048401274,14160.059876521307,13107.900418775942,0.14160059876521308,10,8,0.8,88.8,18.583863968507735,0.20927774739310515,44,0.020272216406168785,5.194112119159716,170.96280935569354,0.8723089855101717,2012-01-13 14:00:00,2021-05-18 23:00:00,RBB_U,5,30,3.0,1,31,36,55,32,1,0,-1,4000,1500,0,422,-88471.84608550176,346552.7642429755,435024.6103284772,0.7966279516492213,0.6042654028436019,-209.64892437322692,1359.0304480116686,-2604.937786398067,103593.51525739086,102119.41625156958,1.0359351525739087,5,1,0.2,84.4,30.32226904438387,0.3592685905732686,46,0.0,0.0,0.0,0.0,False,False,False
458,45792.04890485355,253581.521889739,207789.47298488545,1.2203771357954427,0.631004366812227,99.98263953024794,877.4447124212422,-1229.5235087863043,20642.396729834487,16667.615644271067,0.20642396729834486,10,7,0.7,45.8,14.627371602581238,0.3193749258205511,23,0.032560237763066484,2.2183494244479003,206.45980969115647,0.8721355399915922,2012-01-18 10:00:00,2021-05-19 14:00:00,RBB_U,5,50,2.0,1,17,36,78,31,-1,11,-1,4000,1500,0,229,5016.889013625936,227433.3613042291,222416.47229060315,1.0225562835430237,0.6943231441048034,21.90781228657614,1430.3984987687365,-3177.378175580045,22002.120197455602,18158.832167345783,0.22002120197455602,5,2,0.4,45.8,17.79213309302738,0.38847452168182056,22,0.29719613010182694,0.22801843497819385,1004.3047616825369,0.18509990319555633,False,False,False
888,68739.86489016311,320428.0127934925,251688.1479033294,1.2731152239896706,0.545045045045045,77.40975775919269,662.0413487468854,-622.990465107251,12405.612623173394,7840.073636315246,0.12405612623173394,10,8,0.8,88.8,18.583863968507735,0.20927774739310515,44,0.02169047033162509,5.541029449989326,160.2590291234981,0.871015828928709,2012-01-13 14:00:00,2021-05-18 22:00:00,RBB_U,5,30,3.0,1,31,36,55,32,1,0,-1,1000,1500,0,424,-42991.22289167231,216770.24850240262,259761.47139407496,0.8344973076224539,0.37735849056603776,-101.3943936124347,1354.8140531400163,-983.9449674017991,46001.71685335307,44736.926527700714,0.4600171685335307,5,1,0.2,84.8,30.195363882556546,0.356077404275431,47,0.0,0.0,0.0,0.0,False,False,False
814,53746.444595892826,270153.9279608781,216407.4833649852,1.2483576064938848,0.5110565110565111,66.02757321362755,649.4084806751878,-543.73739538941,9026.646145034938,8703.77235991211,0.09026646145034938,10,8,0.8,81.4,16.84755175092215,0.20697238023245884,41,0.027741369893589923,5.954198683799718,136.7102515767142,0.8709667454735392,2012-01-13 14:00:00,2021-05-12 15:00:00,RBB_U,5,30,3.0,1,31,35,55,32,1,0,-1,750,1500,24,396,-32510.479150923587,169607.54801160196,202118.0271625255,0.8391510168225544,0.31565656565656564,-82.09716957303937,1356.8603840928156,-745.8229784595037,35614.02455607423,34715.26454100093,0.3561402455607423,5,0,0.0,79.2,28.12401109372559,0.35510115017330285,44,0.0,0.0,0.0,0.0,False,False,False
813,56462.25654915383,251713.38419406844,195251.1276449146,1.2891776207911925,0.43665436654366546,69.44927004815969,709.0517864621646,-426.3125057749227,10045.913117094708,9669.300369943467,0.10045913117094707,10,8,0.8,81.3,16.73349933516597,0.20582410006354207,41,0.044117967510409944,5.620420552221817,144.65109727040118,0.8683852207534131,2012-01-13 14:00:00,2021-05-12 15:00:00,RBB_U,5,30,3.0,1,31,35,55,32,1,0,-1,500,2500,24,396,-22969.455614020648,140418.82998563172,163388.28559965233,0.8594179776737342,0.18181818181818182,-58.00367579298143,1950.2615275782182,-504.28483209769234,32398.88976380256,31857.107000990596,0.3239888976380256,5,2,0.4,79.2,28.12401109372559,0.35510115017330285,44,0.0,0.0,0.0,0.0,False,False,False
814,55169.636211242745,269764.78642591526,214595.1502146725,1.2570870597776942,0.5356265356265356,67.77596586147757,618.7265743713652,-567.7120376049537,9724.499882167627,9186.306957904606,0.09724499882167627,10,6,0.6,81.4,16.84755175092215,0.20697238023245884,41,0.027025735574746395,5.673262057662263,143.48006344967231,0.8613537020304447,2012-01-13 14:00:00,2021-05-12 15:00:00,RBB_U,5,30,3.0,1,31,35,55,32,1,0,-1,1000,1500,12,396,-40562.26060631687,198632.31578132082,239194.5763876377,0.8304214868961667,0.3787878787878788,-102.4299510260527,1324.2154385421388,-972.335676372511,44245.171382480716,42980.38105682836,0.44245171382480714,5,1,0.2,79.2,28.12401109372559,0.35510115017330285,44,0.0,0.0,0.0,0.0,False,False,False
457,33200.40001178614,139159.79728705093,105959.39727526481,1.313331340735518,0.4485776805251641,72.64857770631541,678.8282794490289,-420.4737987113683,11189.255840563674,10374.945815385836,0.11189255840563674,10,8,0.8,45.7,14.588008774332431,0.31921244582784314,23,0.13526945453686387,2.967167833577182,154.01892499253955,0.8607280597061985,2012-01-18 10:00:00,2021-05-19 04:30:00,RBB_U,5,50,2.0,1,17,36,78,31,-1,11,-1,500,4500,24,229,-25478.505950251507,72615.45994319202,98093.96589344353,0.7402642892639489,0.1572052401746725,-111.25985131114196,2017.0961095331118,-508.25889063960375,26782.96473872831,25534.85910374576,0.2678296473872831,5,0,0.0,45.8,17.79213309302738,0.38847452168182056,22,0.0,0.0,0.0,0.0,False,False,False
457,44902.496024027125,195723.61899812723,150821.12297410012,1.2977202074787497,0.5645514223194749,98.25491471340727,758.6186782873149,-757.8950903221112,20815.127619620704,17984.093966544402,0.20815127619620705,10,9,0.9,45.7,14.588008774332431,0.31921244582784314,23,0.13342242704713436,2.1572049350156877,211.8482081057712,0.8535013080254924,2012-01-18 10:00:00,2021-05-19 09:30:00,RBB_U,5,50,2.0,1,17,36,78,31,-1,11,-1,2250,6000,24,229,-21462.99352978114,196138.72407055568,217601.71760033682,0.9013656979987554,0.47161572052401746,-93.72486257546349,1816.0992969495896,-1798.3613024821225,39098.067076126084,36045.559934088174,0.39098067076126086,5,2,0.4,45.8,17.79213309302738,0.38847452168182056,22,0.0,0.0,0.0,0.0,False,False,False
811,67948.9185516877,348756.9815309403,280808.0629792526,1.2419763799898724,0.5561035758323057,83.78411658654464,773.2970765652777,-780.0223971645905,15147.205837665177,13450.434132167742,0.15147205837665176,10,6,0.6,81.1,16.391766225761028,0.20211795592800283,41,0.04401836061194693,4.48590448165201,180.7885128444232,0.8531686293719954,2012-01-13 14:00:00,2021-05-12 17:00:00,RBB_U,5,30,3.0,1,31,35,55,32,1,0,-1,3000,3000,12,392,-1490.3602248846873,393979.77267016715,395470.1328950518,0.9962314215387786,0.5076530612244898,-3.801939349195631,1979.7978526139052,-2049.0680460883514,54008.801543619964,51136.26137543292,0.5400880154361997,5,3,0.6,78.4,27.85390457368589,0.3552793950725241,43,0.0,0.0,0.0,0.0,False,False,False
457,44726.52425220837,195547.6472263085,150821.12297410012,1.2965534493460116,0.5645514223194749,97.86985613174699,757.9366171562345,-757.8950903221112,20815.127619620704,17984.093966544402,0.20815127619620705,10,9,0.9,45.7,14.588008774332431,0.31921244582784314,23,0.10041021686987575,2.148750902206738,212.68170243962075,0.8501564574999781,2012-01-18 10:00:00,2021-05-19 09:30:00,RBB_U,5,50,2.0,1,17,36,78,31,-1,11,-1,2250,4500,24,229,-19820.58046585667,195522.13713448014,215342.71760033682,0.9079579718937025,0.4759825327510917,-86.55275312601167,1793.7810746282582,-1794.5226466694735,38171.77151511164,35865.24169711729,0.3817177151511164,5,2,0.4,45.8,17.79213309302738,0.38847452168182056,22,0.0,0.0,0.0,0.0,False,False,False
457,42983.23004871075,203883.7329174856,160900.50286877487,1.2671416762678887,0.5711159737417943,94.05520798404979,781.1637276532016,-820.9209330039535,19507.23265550963,16693.28809520574,0.1950723265550963,10,9,0.9,45.7,14.588008774332431,0.31921244582784314,23,0.10448260856409752,2.2034509357517993,207.40194055833393,0.8439650521820251,2012-01-18 10:00:00,2021-05-19 10:30:00,RBB_U,5,50,2.0,1,17,36,78,31,-1,11,-1,3000,4500,24,229,-15377.828922016684,214325.99440815326,229703.82333016992,0.9330536658072383,0.5152838427947598,-67.15209136251828,1816.3219865097733,-2069.4038137853145,42964.740054042624,40086.09948236405,0.4296474005404262,5,3,0.6,45.8,17.79213309302738,0.38847452168182056,22,0.0,0.0,0.0,0.0,False,False,False
458,39628.08535494452,185331.31994988455,145703.23459494003,1.2719780756076688,0.49344978165938863,86.52420383175658,820.0500882738254,-628.0311835988795,16529.787515789063,15808.802313524662,0.16529787515789063,10,8,0.8,45.8,14.627371602581238,0.3193749258205511,23,0.03762483063830293,2.3973741536055577,191.04235328106205,0.843419083453036,2012-01-18 10:00:00,2021-05-19 05:00:00,RBB_U,5,50,2.0,1,17,36,78,31,-1,11,-1,750,1500,0,229,-48073.01558827601,82274.4025145691,130347.41810284511,0.6311931890331266,0.2445414847161572,-209.925832263214,1469.185759188734,-753.4532838314747,49122.792603256865,48412.04969483249,0.49122792603256865,5,0,0.0,45.8,17.79213309302738,0.38847452168182056,22,0.0,0.0,0.0,0.0,False,False,False
458,38046.4513261041,177115.0519189947,139068.6005928906,1.2735804571549638,0.5895196506550219,83.07085442380807,655.9816737740545,-739.7265988983543,15241.268258940669,12410.234605864367,0.15241268258940668,10,8,0.8,45.8,14.627371602581238,0.3193749258205511,23,0.039188937418113634,2.4962785694547236,183.47311297875044,0.8432912048441202,2012-01-18 10:00:00,2021-05-19 09:30:00,RBB_U,5,50,2.0,1,17,36,78,31,-1,11,-1,2250,1500,24,229,2391.785854638023,168706.56982786613,166314.78397322813,1.0143810778422622,0.5851528384279476,10.44447971457652,1259.0042524467622,-1750.681936560296,21541.55004974165,20400.666023091835,0.2154155004974165,5,2,0.4,45.8,17.79213309302738,0.38847452168182056,22,0.623383568018321,0.11103127904515432,2062.4818696979078,0.08918417158049803,False,False,False
457,44327.02752553035,195148.1504996305,150821.12297410012,1.2939046378347314,0.5645514223194749,96.99568386330492,756.388180231126,-757.8950903221112,20815.127619620704,17984.093966544402,0.20815127619620705,10,9,0.9,45.7,14.588008774332431,0.31921244582784314,23,0.12658628064562394,2.1295582873941603,214.5984933613671,0.8425628711971334,2012-01-18 10:00:00,2021-05-19 09:30:00,RBB_U,5,50,2.0,1,17,36,78,31,-1,11,-1,2250,0,24,229,-17483.346797914906,200118.3708024219,217601.71760033682,0.919654371340827,0.47161572052401746,-76.346492567314,1852.9478778002028,-1798.3613024821225,39046.35654384647,35993.84940180856,0.3904635654384647,5,2,0.4,45.8,17.79213309302738,0.38847452168182056,22,0.0,0.0,0.0,0.0,False,False,False
814,63138.43637584882,335629.0795867364,272490.6432108875,1.2317086400907513,0.5958230958230958,77.56564665337693,692.0187207973946,-828.2390371151596,13325.361497064616,12583.79210149443,0.13325361497064617,10,7,0.7,81.4,16.84755175092215,0.20697238023245884,41,0.023614775493083398,4.738215649140723,171.79462909156933,0.8421110471954559,2012-01-13 14:00:00,2021-05-12 23:00:00,RBB_U,5,30,3.0,1,31,35,55,32,1,0,-1,5000,1500,24,394,-98392.98661774845,326385.8859643199,424778.8725820683,0.7683665714830518,0.6142131979695431,-249.72839243083362,1348.7020081170244,-2794.59784593466,112205.19483605787,110161.09583023659,1.1220519483605786,5,1,0.2,78.8,28.244645510255566,0.3584345876935986,43,0.0,0.0,0.0,0.0,False,False,False
885,80121.24269370505,377539.6554964243,297418.41280271934,1.2693889794471138,0.5536723163841808,90.53247762000571,770.4890928498455,-752.958007095492,18172.015230590034,14288.232663828356,0.18172015230590033,10,6,0.6,88.5,18.161773041198373,0.20521777447681777,44,0.03733092372810883,4.409045539364957,200.72371493977994,0.8416708898512018,2012-01-13 14:00:00,2021-05-18 23:00:00,RBB_U,5,30,3.0,1,31,36,55,32,1,0,-1,2500,3000,12,420,4633.793036063471,407794.04881456844,403160.25577850494,1.0114936752064403,0.49047619047619045,11.032840562055883,1979.582761235769,-1883.9264288715185,46784.19420469453,44393.65403650749,0.46784194204694535,5,3,0.6,84.0,29.939939879699157,0.35642785571070423,46,0.645475526576589,0.09904612262400568,4240.44868060494,0.06392595316196793,False,False,False
813,63819.57484671404,323709.9115856386,259890.33673892455,1.245563477455588,0.5424354243542435,78.49886205007877,734.036080693058,-698.6299374702273,13742.357380604997,12045.585675107563,0.13742357380604997,10,7,0.7,81.3,16.691614661260306,0.205308913422636,41,0.03903191154098165,4.644004887893872,175.06441522474537,0.8392129730388478,2012-01-13 14:00:00,2021-05-12 15:00:00,RBB_U,5,30,3.0,1,31,35,55,32,1,0,-1,1750,2500,12,392,-21883.372856930844,312617.9152054308,334501.28806236165,0.9345791073520439,0.44642857142857145,-55.82493075747664,1786.388086888176,-1541.480590149132,53578.971391695544,51589.70437435484,0.5357897139169554,5,3,0.6,78.4,27.85390457368589,0.3552793950725241,43,0.0,0.0,0.0,0.0,False,False,False
458,30534.248031676423,153410.30995219212,122876.06192051573,1.2484963104646691,0.6026200873362445,66.668663824621,555.8344563485222,-675.143197365471,9942.19076239199,8626.0,0.0994219076239199,10,7,0.7,45.8,14.627371602581238,0.3193749258205511,23,0.03245535960053545,3.071179055141182,149.1283939415072,0.8379539493468037,2012-01-18 10:00:00,2021-05-19 09:00:00,RBB_U,5,50,2.0,1,17,36,78,31,-1,11,-1,1500,1000,24,229,-14185.57787013056,120012.66371924615,134198.2415893767,0.894293861811275,0.5764192139737991,-61.94575489139983,909.1868463579253,-1383.4870266946052,18322.309844753625,17828.283356685344,0.18322309844753626,5,1,0.2,45.8,17.79213309302738,0.38847452168182056,22,0.0,0.0,0.0,0.0,False,False,False
813,63633.77329254274,353762.7222340629,290128.9489415202,1.2193292793590518,0.5694956949569495,78.2703238530661,764.0663547171985,-828.9398541186291,13736.896362835549,12725.349723365442,0.1373689636283555,10,8,0.8,81.3,16.73349933516597,0.20582410006354207,41,0.03128841646474115,4.632325352959681,175.50580713864557,0.836936034404805,2012-01-13 14:00:00,2021-05-12 17:00:00,RBB_U,5,30,3.0,1,31,35,55,32,1,0,-1,2000,2000,0,392,-9483.021421419333,329144.78793072037,338627.8093521397,0.9719957393943451,0.5076530612244898,-24.191381177090136,1653.9939091995998,-1754.5482349851798,51196.344361391624,48063.08549088028,0.5119634436139162,5,2,0.4,78.4,27.85390457368589,0.3552793950725241,43,0.0,0.0,0.0,0.0,False,False,False
813,61109.34392698556,328100.95106019895,266991.60713321343,1.2288811419322836,0.5473554735547356,75.16524468263907,737.305508000447,-725.5206715576452,12699.790942594402,11703.293712219594,0.12699790942594402,10,6,0.6,81.3,16.691614661260306,0.205308913422636,41,0.04076299694816373,4.811838573029433,168.9582864555974,0.8359075283310256,2012-01-13 14:00:00,2021-05-12 17:00:00,RBB_U,5,30,3.0,1,31,35,55,32,1,0,-1,2000,2500,12,392,-18375.29975964492,329627.8984397319,348003.1981993768,0.9471978997471242,0.46938775510204084,-46.875764692971735,1791.4559697811517,-1673.0922990354654,62408.567065263946,60419.30004792324,0.6240856706526394,5,3,0.6,78.4,27.85390457368589,0.3552793950725241,43,0.0,0.0,0.0,0.0,False,False,False
888,70266.52295081408,363714.0340154541,293447.51106464,1.2394517598594863,0.5923423423423423,79.12896728695279,691.4715475578976,-810.6284836039779,14160.059876521307,13107.900418775942,0.14160059876521308,10,9,0.9,88.8,18.583863968507735,0.20927774739310515,44,0.021219208484866775,4.962304083708183,178.94913028715965,0.8333787068409954,2012-01-13 14:00:00,2021-05-18 23:00:00,RBB_U,5,30,3.0,1,31,36,55,32,1,0,-1,4000,1500,24,422,-91205.11877348578,343586.804210271,434791.92298375675,0.790232720636595,0.6018957345971564,-216.1258738708194,1352.7039535837441,-2588.0471606175997,104355.66228625493,102362.75284617205,1.0435566228625492,5,1,0.2,84.4,30.32226904438387,0.3592685905732686,46,0.0,0.0,0.0,0.0,False,False,False
886,76308.22665366363,397957.27669903624,321649.05004537257,1.237240640514559,0.5609480812641083,86.12666665199055,800.7188665976585,-826.8613111706236,16903.828791537606,12617.0,0.16903828791537606,10,8,0.8,88.6,18.320480343047777,0.20677743050843994,44,0.03264392463614413,4.514256952949325,196.26707323807622,0.8302034683474162,2012-01-13 14:00:00,2021-05-18 23:00:00,RBB_U,5,30,3.0,1,31,36,55,32,1,0,-1,2000,2500,24,420,-10090.37272218673,374866.17269227735,384956.5454144641,0.9737882811907435,0.4738095238095238,-24.02469695758745,1883.7496115189817,-1741.884820879928,65395.512377413885,63731.050254082125,0.6539551237741389,5,3,0.6,84.0,29.939939879699157,0.35642785571070423,46,0.0,0.0,0.0,0.0,False,False,False
814,60251.203826464305,309655.5205815886,249404.3167551243,1.2415804369802528,0.5442260442260443,74.01867791948932,698.9966604550533,-672.2488322240547,12516.481124056525,11516.490862998638,0.12516481124056525,10,7,0.7,81.4,16.84755175092215,0.20697238023245884,41,0.03304498289751163,4.81374942599979,169.0989555051334,0.8291624885450607,2012-01-13 14:00:00,2021-05-12 15:00:00,RBB_U,5,30,3.0,1,31,35,55,32,1,0,-1,1500,2000,12,392,-28126.966982807433,275675.96001293935,303802.9269957468,0.9074170638810165,0.4387755102040816,-71.7524667928761,1602.7672093775543,-1380.9223954352126,39277.08360177326,37382.988198699015,0.3927708360177326,5,2,0.4,78.4,27.85390457368589,0.3552793950725241,43,0.0,0.0,0.0,0.0,False,False,False
884,62787.06561971358,276922.1735677732,214135.10794805962,1.2932123845611674,0.4309954751131222,71.02609232999274,726.8298518839191,-425.715920373876,11543.39595184886,11257.657871258285,0.11543395951848859,10,8,0.8,88.4,18.423897524682445,0.2084151303697109,43,0.04763719996274041,5.439219609343577,162.52331464636046,0.8284962980319961,2012-01-13 14:00:00,2021-05-18 21:00:00,RBB_U,5,30,3.0,1,31,36,55,32,1,0,-1,500,3000,24,424,-9230.420038867938,166882.8655607844,176113.28559965233,0.9475881674262163,0.17688679245283018,-21.769858582235702,2225.104874143792,-504.62259484141066,34214.1840378313,33671.9171971746,0.34214184037831297,5,2,0.4,84.8,30.195363882556546,0.356077404275431,47,0.0,0.0,0.0,0.0,False,False,False
457,31779.032333564093,136720.4296088289,104941.39727526481,1.3028264646620498,0.45295404814004375,69.53836396841159,660.4851671924102,-419.7655891010592,11189.255840563674,10374.945815385836,0.11189255840563674,10,8,0.8,45.7,14.588008774332431,0.31921244582784314,23,0.09411866190906613,2.8401381455912067,160.90766595611152,0.823878773451489,2012-01-18 10:00:00,2021-05-19 04:30:00,RBB_U,5,50,2.0,1,17,36,78,31,-1,11,-1,500,3000,24,229,-15587.19424738561,79961.77164605791,95548.96589344353,0.8368669498237322,0.17903930131004367,-68.06635042526467,1950.2871133184856,-508.2391802842741,18640.69283791534,18464.153840349667,0.1864069283791534,5,0,0.0,45.8,17.79213309302738,0.38847452168182056,22,0.0,0.0,0.0,0.0,False,False,False
813,63097.08026006038,364075.7034616173,300978.6232015569,1.2096397398223395,0.5793357933579336,77.61018482172248,772.9845084110771,-880.054453805722,14049.60552622647,13308.036130656285,0.14049605526226472,10,7,0.7,81.3,16.73349933516597,0.20582410006354207,41,0.03155455041332993,4.4910214840037135,181.02785811552528,0.8205897716324216,2012-01-13 14:00:00,2021-05-12 17:00:00,RBB_U,5,30,3.0,1,31,35,55,32,1,0,-1,3000,2000,24,392,-27548.02180115691,361781.7970473267,389329.8188484836,0.9292424559653936,0.5535714285714286,-70.27556581927783,1667.197221416252,-2224.7418219913347,58757.770219189784,56942.555935002994,0.5875777021918979,5,2,0.4,78.4,27.85390457368589,0.3552793950725241,43,0.0,0.0,0.0,0.0,False,False,False
457,41729.230079212546,202629.73294798745,160900.50286877487,1.2593480401565031,0.5711159737417943,91.31122555626378,776.3591300689175,-820.9209330039535,19507.23265550963,16693.28809520574,0.1950723265550963,10,9,0.9,45.7,14.588008774332431,0.31921244582784314,23,0.1435684288597604,2.1391670882351694,213.63455080875838,0.8193430740641764,2012-01-18 10:00:00,2021-05-19 10:30:00,RBB_U,5,50,2.0,1,17,36,78,31,-1,11,-1,3000,6000,24,229,-19808.75536969857,212904.06796047135,232712.82333016992,0.9148789693398452,0.5109170305676856,-86.50111515152214,1819.6928885510372,-2077.7930654479455,41711.1716255981,38832.53105391953,0.41711171625598104,5,2,0.4,45.8,17.79213309302738,0.38847452168182056,22,0.0,0.0,0.0,0.0,False,False,False
887,66939.7907595223,386504.3426904323,319564.55193091003,1.2094718902802295,0.5704622322435174,75.4676333252788,763.8425744870204,-838.7521048055381,13341.417508987128,11634.740224043693,0.13341417508987127,10,8,0.8,88.7,18.46645607581487,0.20819003467660507,44,0.029743146451601015,5.017442165679164,176.78330326702135,0.8188402647116089,2012-01-13 14:00:00,2021-05-18 23:00:00,RBB_U,5,30,3.0,1,31,36,55,32,1,0,-1,2250,2000,24,420,-17566.848247077214,361016.81071101106,378583.65895808826,0.9535985037087352,0.5166666666666667,-41.82582915970765,1663.6719387604196,-1864.9441327984644,53905.25565834109,52763.23489384362,0.5390525565834109,5,2,0.4,84.0,29.939939879699157,0.35642785571070423,46,0.0,0.0,0.0,0.0,False,False,False
813,65032.351097499675,340011.62041608203,274979.2693185824,1.2364991050367335,0.5571955719557196,79.99059175584216,750.5775285123224,-763.8313036627288,14990.348853875912,11354.819611386836,0.14990348853875912,10,6,0.6,81.3,16.691614661260306,0.205308913422636,41,0.03830401266387203,4.338281365659137,187.40139964999176,0.8187899185130157,2012-01-13 14:00:00,2021-05-12 21:00:00,RBB_U,5,30,3.0,1,31,35,55,32,1,0,-1,5000,2500,12,392,-57773.03999683773,377011.9246253596,434784.9646221973,0.8671227280201855,0.5357142857142857,-147.38020407356564,1795.294879168379,-2388.92837704504,80722.6934930032,79320.5256025634,0.807226934930032,5,1,0.2,78.4,27.85390457368589,0.3552793950725241,43,0.0,0.0,0.0,0.0,False,False,False
885,82967.31043262655,382218.0474137997,299250.73698117305,1.2772501457125782,0.5581920903954802,93.74837337019949,773.7207437526309,-765.3471534045347,20655.072843470953,14498.982549083434,0.20655072843470954,10,7,0.7,88.5,18.161773041198373,0.20521777447681777,44,0.03605034301345512,4.016800669809907,220.3245997869947,0.817503879933223,2012-01-13 14:00:00,2021-05-18 23:00:00,RBB_U,5,30,3.0,1,31,36,55,32,1,0,-1,5000,3000,12,420,-58966.12326343911,433463.06178673427,492429.1850501734,0.8802546131431445,0.5190476190476191,-140.39553157961694,1988.3626687464875,-2437.7682428226403,92341.33330498062,90924.99283256792,0.9234133330498062,5,2,0.4,84.0,29.939939879699157,0.35642785571070423,46,0.0,0.0,0.0,0.0,False,False,False
888,64396.184642942666,316219.4848320165,251823.30018907384,1.2557197232924546,0.5427927927927928,72.51822594925976,656.0570224730633,-620.254433963236,12405.612623173394,7800.073636315246,0.12405612623173394,10,9,0.9,88.8,18.583863968507735,0.20927774739310515,44,0.023153545637325305,5.190891139277725,171.06889283052058,0.8159762349874151,2012-01-13 14:00:00,2021-05-18 22:00:00,RBB_U,5,30,3.0,1,31,36,55,32,1,0,-1,1000,1500,24,424,-42991.22289167231,216770.24850240262,259761.47139407496,0.8344973076224539,0.37735849056603776,-101.3943936124347,1354.8140531400163,-983.9449674017991,46001.71685335307,44736.926527700714,0.4600171685335307,5,1,0.2,84.8,30.195363882556546,0.356077404275431,47,0.0,0.0,0.0,0.0,False,False,False
814,61034.46525653869,334138.0795867364,273103.6143301977,1.2234846485141884,0.5945945945945946,74.98091554857334,690.3679330304471,-827.5867100915082,13325.361497064616,12583.79210149443,0.13325361497064617,10,7,0.7,81.4,16.84755175092215,0.20697238023245884,41,0.024428820564464066,4.580323413363585,177.7167083060265,0.8140492606791688,2012-01-13 14:00:00,2021-05-12 18:30:00,RBB_U,5,30,3.0,1,31,35,55,32,1,0,-1,4000,1500,24,394,-77157.29449613258,321912.8859643199,399070.1804604525,0.8066573292770022,0.6065989847715736,-195.83069669069184,1346.9158408548951,-2574.6463255513063,90918.31314870363,88925.40370862075,0.9091831314870363,5,1,0.2,78.8,28.244645510255566,0.3584345876935986,43,0.0,0.0,0.0,0.0,False,False,False
457,42608.95728905563,193430.08026315575,150821.12297410012,1.2825131947623325,0.5645514223194749,93.23623039180663,749.7289932680455,-757.8950903221112,20815.127619620704,17984.093966544402,0.20815127619620705,10,9,0.9,45.7,14.588008774332431,0.31921244582784314,23,0.09366575138005342,2.0470187868986054,223.2514928172159,0.8099059963248281,2012-01-18 10:00:00,2021-05-19 09:30:00,RBB_U,5,50,2.0,1,17,36,78,31,-1,11,-1,2250,4000,24,229,-6726.96434401592,201838.7532563209,208565.71760033682,0.9677465480836767,0.4890829694323144,-29.375390148541136,1802.131725502865,-1782.6129709430497,35660.206567640285,33359.12256198698,0.35660206567640285,5,2,0.4,45.8,17.79213309302738,0.38847452168182056,22,0.0,0.0,0.0,0.0,False,False,False
458,38718.01443536207,208835.7935290797,170117.77909371763,1.227595343894258,0.6441048034934498,84.53714942218792,707.9179441663719,-1043.6673564031757,17152.64065510595,16103.746025907887,0.17152640655105952,10,7,0.7,45.8,14.627371602581238,0.3193749258205511,23,0.025595320794521335,2.257262611272428,202.9006273850536,0.8089497622942696,2012-01-18 10:00:00,2021-05-19 09:30:00,RBB_U,5,50,2.0,1,17,36,78,31,-1,11,-1,2250,1000,0,229,-12515.541309239212,149051.76953462738,161567.3108438666,0.9225366737623439,0.6637554585152838,-54.65301881763848,980.6037469383381,-2098.27676420606,28193.977138348833,26065.417015539948,0.28193977138348836,5,2,0.4,45.8,17.79213309302738,0.38847452168182056,22,0.0,0.0,0.0,0.0,False,False,False
887,70444.57490392805,398906.5507467058,328461.97584277776,1.2144679752448642,0.5783540022547914,79.41891195482306,777.5956154906546,-878.2405771197266,15166.243805732222,12318.45125278247,0.1516624380573222,10,7,0.7,88.7,18.46645607581487,0.20819003467660507,44,0.028263354597785787,4.644826748552128,190.9651420855456,0.8082102672187719,2012-01-13 14:00:00,2021-05-18 23:00:00,RBB_U,5,30,3.0,1,31,36,55,32,1,0,-1,3000,2000,0,420,-31496.52162337472,390061.6393561199,421558.1609794946,0.9252854658294546,0.5523809523809524,-74.99171815089218,1681.3001696384479,-2242.3306435079503,66091.64627568869,65046.399015650095,0.6609164627568869,5,3,0.6,84.0,29.939939879699157,0.35642785571070423,46,0.0,0.0,0.0,0.0,False,False,False
457,41153.76158071577,202054.26444949064,160900.50286877487,1.2557714913686715,0.5711159737417943,90.05199470616142,774.1542699214201,-820.9209330039535,19507.23265550963,16693.28809520574,0.1950723265550963,10,9,0.9,45.7,14.588008774332431,0.31921244582784314,23,0.13634703927434982,2.1096668249913084,216.621882937313,0.8080438929460392,2012-01-18 10:00:00,2021-05-19 10:30:00,RBB_U,5,50,2.0,1,17,36,78,31,-1,11,-1,3000,0,24,229,-15829.108637832338,216883.71469233758,232712.82333016992,0.9319800756515502,0.5109170305676856,-69.12274514337265,1853.7069631823724,-2077.7930654479455,43402.72421770041,40524.083646021834,0.43402724217700406,5,3,0.6,45.8,17.79213309302738,0.38847452168182056,22,0.0,0.0,0.0,0.0,False,False,False
458,40481.203697792014,199648.42900001112,159167.2253022191,1.2543312771893098,0.5873362445414847,88.38690763710046,742.1874684015283,-842.1546312286725,18909.318333972384,15154.97665330104,0.18909318333972383,10,9,0.9,45.8,14.627371602581238,0.3193749258205511,23,0.0615347314915902,2.1408071397827015,213.93800099456342,0.8055443391492915,2012-01-18 10:00:00,2021-05-19 15:30:00,RBB_U,5,50,2.0,1,17,36,78,31,-1,11,-1,5000,2500,24,229,5752.607775927521,218053.9714777795,212301.36370185198,1.02709642404373,0.5807860262008734,25.120557973482626,1639.5035449457105,-2211.472538560958,27481.080176431657,23958.91793394424,0.27481080176431655,5,3,0.6,45.8,17.79213309302738,0.38847452168182056,22,0.43302100491257006,0.20932975483478544,1093.9677456782929,0.18991174707059902,False,False,False
814,59545.632875328156,305776.1360423602,246230.50316703203,1.241828823437586,0.5614250614250614,73.15188313922378,669.0943895894096,-689.7212973866443,12957.11636789806,11260.344662400625,0.12957116367898058,10,6,0.6,81.4,16.84755175092215,0.20697238023245884,41,0.025039619666512497,4.595592968729957,177.12621756076842,0.8053984286943419,2012-01-13 14:00:00,2021-05-12 15:00:00,RBB_U,5,30,3.0,1,31,35,55,32,1,0,-1,1250,1500,24,395,-35262.980210154274,234307.70528418128,269570.68549433554,0.8691883720758086,0.4379746835443038,-89.27336762064373,1354.3797993305277,-1214.2823670916016,44762.4473743493,42828.63864432316,0.447624473743493,5,2,0.4,79.0,27.992856231545932,0.35433995229804977,44,0.0,0.0,0.0,0.0,False,False,False
458,29983.522690428406,152442.2685875059,122458.74589707749,1.2448459068462825,0.5109170305676856,65.46620674766028,651.4626862713927,-546.6908298976674,10452.921465130297,8661.73898132682,0.10452921465130298,10,8,0.8,45.8,14.627371602581238,0.3193749258205511,23,0.06640313816880443,2.8684347041590117,159.6689648664252,0.8024865846603212,2012-01-18 10:00:00,2021-05-19 05:00:00,RBB_U,5,50,2.0,1,17,36,78,31,-1,11,-1,750,2000,24,229,-27822.57305347937,96308.26014194658,124130.83319542595,0.775860901459698,0.27074235807860264,-121.49595219859987,1553.3590345475254,-743.29840236782,28893.60088707043,28383.1079645231,0.2889360088707043,5,1,0.2,45.8,17.79213309302738,0.38847452168182056,22,0.0,0.0,0.0,0.0,False,False,False
888,65049.39232326113,336770.8039693113,271721.4116460502,1.2393973736894748,0.545045045045045,73.25382018385262,695.8074462175853,-672.5777515991342,13128.963929123718,11432.192223626284,0.1312896392912372,10,6,0.6,88.8,18.583863968507735,0.20927774739310515,44,0.030607511137164534,4.954647805754372,179.2256553470196,0.8012250104849068,2012-01-13 14:00:00,2021-05-18 22:00:00,RBB_U,5,30,3.0,1,31,36,55,32,1,0,-1,1500,2000,12,420,-28392.476401537133,297652.11313866416,326044.58954020136,0.9129184249259367,0.4380952380952381,-67.60113428937413,1617.6745279275226,-1381.5448709330567,39085.02630766216,37421.41586337978,0.39085026307662163,5,2,0.4,84.0,29.939939879699157,0.35642785571070423,46,0.0,0.0,0.0,0.0,False,False,False
813,65432.960592127405,368483.34820251935,303050.38761039195,1.2159144593348925,0.5805658056580566,80.48334636178032,780.6850597511003,-888.7108141067213,15874.605526226474,15133.036130656285,0.15874605526226473,10,6,0.6,81.3,16.73349933516597,0.20582410006354207,41,0.03042808978812351,4.121863720268542,197.24087334625239,0.8005602109596355,2012-01-13 14:00:00,2021-05-12 17:00:00,RBB_U,5,30,3.0,1,31,35,55,32,1,0,-1,3000,2000,0,392,-27288.368246847756,364103.48623039504,391391.8544772428,0.9302786505782163,0.5561224489795918,-69.61318430318305,1670.199478121078,-2249.3784740071424,57758.72841354632,55943.51412935953,0.5775872841354632,5,2,0.4,78.4,27.85390457368589,0.3552793950725241,43,0.0,0.0,0.0,0.0,False,False,False
458,37383.986291669906,185811.5464600078,148427.56016833786,1.2518668786933587,0.5829694323144105,81.62442421761988,695.9233949813026,-777.1076448604076,16354.061622021887,14008.234605864367,0.16354061622021887,10,8,0.8,45.8,14.627371602581238,0.3193749258205511,23,0.05325809785147618,2.285914481411135,200.35745156890937,0.7999203820980074,2012-01-18 10:00:00,2021-05-19 09:30:00,RBB_U,5,50,2.0,1,17,36,78,31,-1,11,-1,2500,2000,24,229,-6393.720290814614,187043.65367172193,193437.37396253654,0.9669468202558783,0.5502183406113537,-27.920175942421896,1484.4734418390628,-1878.0327569178305,28180.67919105682,27039.795164407005,0.28180679191056823,5,2,0.4,45.8,17.79213309302738,0.38847452168182056,22,0.0,0.0,0.0,0.0,False,False,False
458,36051.190722326035,167789.8075032111,131738.61678088503,1.2736569701675888,0.5698689956331878,78.71439022341929,642.8728256828011,-668.7239430501778,15213.66062712123,13131.716066817338,0.15213660627121228,10,7,0.7,45.8,14.627371602581238,0.3193749258205511,23,0.04135785726147023,2.3696591902449806,193.276738648924,0.7997913823328149,2012-01-18 10:00:00,2021-05-19 07:00:00,RBB_U,5,50,2.0,1,17,36,78,31,-1,11,-1,1250,1500,24,229,-21888.88353964126,127555.57952635227,149444.46306599354,0.8535316525579453,0.4497816593886463,-95.58464427790943,1238.4036847218667,-1186.067167190425,25188.660554622118,23611.88353964126,0.25188660554622117,5,2,0.4,45.8,17.79213309302738,0.38847452168182056,22,0.0,0.0,0.0,0.0,False,False,False
814,64820.973490392105,342326.768452581,277505.7949621889,1.2335842157790764,0.5982800982800983,79.63264556559227,702.9297093482156,-848.6415748079172,15580.361497064616,14838.79210149443,0.15580361497064615,10,7,0.7,81.4,16.84755175092215,0.20697238023245884,41,0.023001814377579487,4.160428081376967,195.65294341792645,0.7995430013833549,2012-01-13 14:00:00,2021-05-12 23:00:00,RBB_U,5,30,3.0,1,31,35,55,32,1,0,-1,5000,1500,0,394,-92371.32939449573,330842.84599702444,423214.17539152014,0.7817385740705827,0.6192893401015228,-234.44499846318712,1355.9133032664936,-2821.4278359434675,111946.88218077831,107170.1798352639,1.119468821807783,5,1,0.2,78.8,28.244645510255566,0.3584345876935986,43,0.0,0.0,0.0,0.0,False,False,False
458,45797.486723626454,272669.224466164,226871.73774253752,1.2018651030724645,0.6135371179039302,99.994512497001,970.3531119792314,-1281.7612301838278,24619.050137179056,20036.0,0.24619050137179055,10,7,0.7,45.8,14.627371602581238,0.3193749258205511,23,0.04347400135765231,1.860245885541468,246.2040118243231,0.7986931652554835,2012-01-18 10:00:00,2021-05-19 23:00:00,RBB_U,5,50,2.0,1,17,36,78,31,-1,11,-1,5000,2000,0,229,50404.391121295324,278405.1161202054,228000.7249989101,1.2210711879163376,0.6637554585152838,220.10651144670447,1831.6126060539827,-2961.048376609222,29541.110794693544,27476.158518716926,0.2954111079469354,5,5,1.0,45.8,17.79213309302738,0.38847452168182056,22,0.03950052675388553,1.7062456273766604,134.21279816088716,1.6049404643797933,True,False,False
458,35735.526922462275,189793.5464600078,154058.0195375455,1.2319614845740192,0.5873362445414847,78.0251679529744,705.5522173234491,-815.1217964949498,15090.179166168258,13008.234605864367,0.15090179166168258,10,8,0.8,45.8,14.627371602581238,0.3193749258205511,23,0.05571486337168062,2.368131387238946,193.40143138510226,0.7960254648892479,2012-01-18 10:00:00,2021-05-19 10:30:00,RBB_U,5,50,2.0,1,17,36,78,31,-1,11,-1,3000,2000,24,229,-8491.016610159291,193331.77626598315,201822.79287614243,0.957928356410318,0.5676855895196506,-37.07867515353402,1487.167509738332,-2038.614069455984,37878.505056496375,36737.62102984656,0.37878505056496375,5,2,0.4,45.8,17.79213309302738,0.38847452168182056,22,0.0,0.0,0.0,0.0,False,False,False
886,57501.64112912078,260408.7698414602,202907.12871233944,1.2833889646659018,0.44243792325056436,64.90027215476385,664.3080863302556,-410.7431755310515,10453.779123904307,9391.875468468217,0.10453779123904307,10,8,0.8,88.6,18.298633828786237,0.20653085585537515,44,0.05201590669879605,5.500560175184273,161.07450364731594,0.7955167073940779,2012-01-13 14:00:00,2021-05-18 21:00:00,RBB_U,5,30,3.0,1,31,36,55,32,1,0,-1,500,3000,12,424,-7715.820191996223,164235.2104913696,171951.0306833658,0.9551278049260183,0.19339622641509435,-18.197689132066564,2002.8684206264584,-502.7807914718298,35398.63680389139,34856.36996323469,0.3539863680389139,5,2,0.4,84.8,30.195363882556546,0.356077404275431,47,0.0,0.0,0.0,0.0,False,False,False
457,43786.857241089034,198876.13238380256,155089.2751427135,1.2823332380707582,0.5667396061269147,95.81369199363027,767.8615149953766,-783.2791673874419,22815.127619620704,19984.093966544402,0.22815127619620704,10,9,0.9,45.7,14.588008774332431,0.31921244582784314,23,0.11398397406143386,1.9192028188977968,238.11970027350017,0.7949788432756211,2012-01-18 10:00:00,2021-05-19 09:30:00,RBB_U,5,50,2.0,1,17,36,78,31,-1,11,-1,2500,5000,24,229,-10027.13240756662,208281.27200899742,218308.40441656404,0.9540689583877248,0.4978165938864629,-43.786604399854234,1827.0287018333106,-1898.333951448383,31978.252931891744,28466.542556545748,0.31978252931891743,5,3,0.6,45.8,17.79213309302738,0.38847452168182056,22,0.0,0.0,0.0,0.0,False,False,False
457,40365.663085558,201266.16595433286,160900.50286877487,1.2508734426919652,0.5711159737417943,88.3274903403895,771.134735457214,-820.9209330039535,19507.23265550963,16693.28809520574,0.1950723265550963,10,9,0.9,45.7,14.588008774332431,0.31921244582784314,23,0.09887116164896836,2.0692665022456227,220.85120476461177,0.7925697746250882,2012-01-18 10:00:00,2021-05-19 10:30:00,RBB_U,5,50,2.0,1,17,36,78,31,-1,11,-1,3000,4000,24,229,-1034.2128001759338,219642.61052999398,220676.82333016992,0.9953134507531469,0.5283842794759825,-4.516213101204952,1815.2281861982974,-2043.3039197237956,39761.96371875137,36402.09110091796,0.39761963718751375,5,3,0.6,45.8,17.79213309302738,0.38847452168182056,22,0.0,0.0,0.0,0.0,False,False,False
887,71350.06060063254,376932.4173846012,305582.35678396863,1.2334888092085547,0.5625704622322435,80.43975265009306,755.3755859410845,-787.5833937731151,16233.435889911947,14531.030435610104,0.16233435889911946,10,7,0.7,88.7,18.46645607581487,0.20819003467660507,44,0.027904671464040062,4.395253172803183,201.80862515236944,0.7912340134182334,2012-01-13 14:00:00,2021-05-18 23:00:00,RBB_U,5,30,3.0,1,31,36,55,32,1,0,-1,1750,2000,0,420,-7747.430286897397,338157.2264127477,345904.6566996451,0.9776024111360124,0.48333333333333334,-18.446262587850946,1665.7991448903826,-1594.030676035231,45270.88262613306,44142.53598601193,0.45270882626133063,5,3,0.6,84.0,29.939939879699157,0.35642785571070423,46,0.0,0.0,0.0,0.0,False,False,False
887,68675.63889816233,353067.1071456617,284391.46824749943,1.2414827678247908,0.5434047350620068,77.4246210802281,732.5043716714973,-702.2011561666652,15054.326585994088,13158.068480174756,0.15054326585994088,10,6,0.6,88.7,18.43936007566423,0.2078845555317275,44,0.036271959605557534,4.561853929889847,194.4384922516399,0.790838618728715,2012-01-13 14:00:00,2021-05-18 23:00:00,RBB_U,5,30,3.0,1,31,36,55,32,1,0,-1,1750,2500,12,420,-24040.753170293974,335977.0363767944,360017.7895470883,0.9332234298740131,0.44285714285714284,-57.23988850069994,1806.3281525634106,-1538.5375621670441,55295.575066203535,53691.575066203535,0.5529557506620354,5,3,0.6,84.0,29.939939879699157,0.35642785571070423,46,0.0,0.0,0.0,0.0,False,False,False
887,67522.83982981161,372541.59887472563,305018.75904491404,1.2213727445526354,0.560315670800451,76.12496034928029,749.5806818404942,-782.0993821664463,14750.410318763774,12568.004864461931,0.14750410318763774,10,8,0.8,88.7,18.46645607581487,0.20819003467660507,44,0.029486319073934526,4.57769230622126,193.76575371711482,0.7855330747969371,2012-01-13 14:00:00,2021-05-18 23:00:00,RBB_U,5,30,3.0,1,31,36,55,32,1,0,-1,1750,2000,24,420,-9748.042035563085,335835.5372296793,345583.5792652423,0.9717925196090372,0.48095238095238096,-23.209623894197822,1662.5521645033627,-1585.2457764460657,45270.88262613306,44142.53598601193,0.45270882626133063,5,3,0.6,84.0,29.939939879699157,0.35642785571070423,46,0.0,0.0,0.0,0.0,False,False,False
814,63341.88091839118,340835.768452581,277493.8875341899,1.228264058287002,0.597051597051597,77.81557852382208,701.3081655402901,-846.0179497993595,15657.103949907265,14893.24945035734,0.15657103949907264,10,8,0.8,81.4,16.84755175092215,0.20697238023245884,41,0.023538928405378176,4.04556814089277,201.20783327613603,0.7793818360689694,2012-01-13 14:00:00,2021-05-12 18:30:00,RBB_U,5,30,3.0,1,31,35,55,32,1,0,-1,4000,1500,0,394,-74424.02180814854,324878.84599702444,399302.8678051729,0.8136151082078847,0.6091370558375635,-188.89345636585924,1353.6618583209352,-2592.8757649686554,92348.50163687524,90874.40263105396,0.9234850163687524,5,1,0.2,78.8,28.244645510255566,0.3584345876935986,43,0.0,0.0,0.0,0.0,False,False,False
458,29948.549902574385,134889.9471778392,104941.39727526481,1.28538356339985,0.45414847161572053,65.38984694885237,648.5093614319193,-419.7655891010592,11189.255840563674,10374.945815385836,0.11189255840563674,10,8,0.8,45.8,14.627371602581238,0.3193749258205511,23,0.08317598040985193,2.6765452796247517,171.11610383972695,0.7747278455511767,2012-01-18 10:00:00,2021-05-19 04:30:00,RBB_U,5,50,2.0,1,17,36,78,31,-1,11,-1,500,2500,24,229,-10246.89282295361,83266.07307048992,93512.96589344353,0.8904227587580766,0.1965065502183406,-44.74625686879306,1850.3571793442204,-508.22264072523654,13831.155941896672,13441.025505748396,0.13831155941896672,5,0,0.0,45.8,17.79213309302738,0.38847452168182056,22,0.0,0.0,0.0,0.0,False,False,False
888,62373.20151465389,333729.9897194531,271356.7882047992,1.2298567945445296,0.5596846846846847,70.24009179578141,671.4889129164046,-694.0071309585657,12915.673519460477,11218.901813963043,0.12915673519460477,10,7,0.7,88.8,18.583863968507735,0.20927774739310515,44,0.023904496863924905,4.829264336906171,183.87893849871344,0.7745794811841906,2012-01-13 14:00:00,2021-05-18 22:00:00,RBB_U,5,30,3.0,1,31,36,55,32,1,0,-1,1250,1500,0,423,-35238.76447595328,252983.5835628368,288222.34803879005,0.877737570609165,0.4373522458628842,-83.30677181076425,1367.478830069388,-1211.0182690705465,45755.624960011985,44052.3011887777,0.45755624960011987,5,1,0.2,84.6,30.070583632513685,0.3554442509753391,47,0.0,0.0,0.0,0.0,False,False,False
814,61579.85662304622,319085.02210433315,257505.16548128694,1.2391402770812427,0.5712530712530712,75.65092951234179,686.2043486114692,-737.8371503761804,15004.487885617353,13307.716180119918,0.1500448788561735,10,8,0.8,81.4,16.84755175092215,0.20697238023245884,41,0.02421246299949965,4.104095860684055,198.3384471590597,0.7740038606041821,2012-01-13 14:00:00,2021-05-12 15:00:00,RBB_U,5,30,3.0,1,31,35,55,32,1,0,-1,1500,1500,0,394,-37144.23782228501,256272.38224640535,293416.6200686904,0.8734078600810364,0.4796954314720812,-94.27471528498734,1355.9385304042612,-1431.3005857009287,49594.16197844618,47434.85628915837,0.4959416197844618,5,1,0.2,78.8,28.244645510255566,0.3584345876935986,43,0.0,0.0,0.0,0.0,False,False,False
457,40015.13139704445,201541.32865471725,161526.19725767284,1.2477315263802733,0.5820568927789934,87.56046257558961,757.6741678748768,-845.6868966370306,20120.827739658023,17048.1148225004,0.20120827739658023,10,9,0.9,45.7,14.588008774332431,0.31921244582784314,23,0.07474672444086781,1.9887418109631188,229.79352949726618,0.7736144493010948,2012-01-18 10:00:00,2021-05-19 15:30:00,RBB_U,5,50,2.0,1,17,36,78,31,-1,11,-1,5000,3000,24,229,7184.041459299355,224699.5562743151,217515.51481501578,1.0330277197256892,0.5720524017467249,31.37136008427666,1715.2637883535504,-2219.5460695409774,29136.649453451297,25614.48721096388,0.29136649453451297,5,3,0.6,45.8,17.79213309302738,0.38847452168182056,22,0.4163394681037526,0.24656374682945537,928.7658990613735,0.23033131664255752,False,False,False
888,60670.11237034507,288822.56662403134,228152.4542536863,1.265919174828972,0.49774774774774777,68.32219861525346,653.4447208688492,-511.55258801274954,12272.690562367352,11847.26504535219,0.12272690562367351,10,8,0.8,88.8,18.583863968507735,0.20927774739310515,44,0.03281681741161865,4.94350542466884,179.62961981769976,0.7729143817996013,2012-01-13 14:00:00,2021-05-18 21:00:00,RBB_U,5,30,3.0,1,31,36,55,32,1,0,-1,750,2000,12,424,-30726.94156532574,193761.4583270242,224488.39989234996,0.8631245909362781,0.28537735849056606,-72.46920180501354,1601.3343663390428,-740.8858082255774,35828.869840088206,34035.62236924594,0.35828869840088207,5,0,0.0,84.8,30.195363882556546,0.356077404275431,47,0.0,0.0,0.0,0.0,False,False,False
887,67358.69457186102,394515.7322368303,327157.0376649692,1.2058910150691635,0.5760992108229989,75.9399036886821,772.046442733523,-870.0985044281097,15166.243805732222,11781.329864544867,0.1516624380573222,10,7,0.7,88.7,18.46645607581487,0.20819003467660507,44,0.02955817378372616,4.441356438329324,199.71376139620472,0.7728059770915845,2012-01-13 14:00:00,2021-05-18 23:00:00,RBB_U,5,30,3.0,1,31,36,55,32,1,0,-1,3000,2000,24,420,-31756.175177683872,387739.9501730515,419496.1253507354,0.9242992407828965,0.55,-75.60994089924732,1678.5279228270629,-2219.5562187869596,67090.68808133216,66045.44082129357,0.6709068808133216,5,3,0.6,84.0,29.939939879699157,0.35642785571070423,46,0.0,0.0,0.0,0.0,False,False,False
458,44200.58807706756,254318.89603222642,210118.30795515885,1.2103604798040748,0.6353711790393013,96.50783422940515,873.948096330675,-1258.1934608093345,24619.050137179052,20804.82417413783,0.24619050137179052,10,7,0.7,45.8,14.627371602581238,0.3193749258205511,23,0.03373258286519429,1.7953815370933817,255.09898065537388,0.7708437760016768,2012-01-18 10:00:00,2021-05-19 23:00:00,RBB_U,5,50,2.0,1,17,36,78,31,-1,11,-1,5000,1500,0,229,40841.335401331584,237870.3613042291,197029.02590289753,1.2072858819362968,0.7248908296943232,178.3464428005746,1432.9539837604163,-3127.444855601548,18434.764833699483,16162.875824779745,0.18434764833699482,5,5,1.0,45.8,17.79213309302738,0.38847452168182056,22,0.03650713144779756,2.2154519338739815,103.36491462469522,1.646209477373403,True,True,True
457,29695.041525836124,135654.4388011009,105959.39727526481,1.2802492491410964,0.4485776805251641,64.9782090280878,661.7289697614679,-420.4737987113683,11189.255840563674,10374.945815385836,0.11189255840563674,10,8,0.8,45.7,14.588008774332431,0.31921244582784314,23,0.1343995426484801,2.6538888688365354,172.20012690295835,0.7698508290970696,2012-01-18 10:00:00,2021-05-19 04:30:00,RBB_U,5,50,2.0,1,17,36,78,31,-1,11,-1,500,4000,24,229,-16134.889828410756,80941.07606503277,97075.96589344353,0.8337910966951244,0.16593886462882096,-70.4580341851998,2130.0283175008626,-508.2511303321651,20556.78197947068,19002.24298190501,0.2055678197947068,5,1,0.2,45.8,17.79213309302738,0.38847452168182056,22,0.0,0.0,0.0,0.0,False,False,False
887,69787.64552044115,390895.1612003079,321107.51567986666,1.2173342015140411,0.5727170236753101,78.67829258223354,769.4786637801336,-847.249381741073,16554.5375006893,14857.765795191866,0.165545375006893,10,7,0.7,88.7,18.46645607581487,0.20819003467660507,44,0.028529404956308867,4.215620371003135,210.40794045430906,0.766365327116584,2012-01-13 14:00:00,2021-05-18 23:00:00,RBB_U,5,30,3.0,1,31,36,55,32,1,0,-1,2250,2000,0,420,-16066.236498411527,363338.4998940795,379404.736392491,0.9576540961212696,0.5190476190476191,-38.25294404383697,1666.6903664866034,-1878.2412692697574,52415.25565834109,51273.23489384362,0.5241525565834109,5,2,0.4,84.0,29.939939879699157,0.35642785571070423,46,0.0,0.0,0.0,0.0,False,False,False
458,30464.33801442822,159757.76162955488,129293.42361512664,1.2356217134841503,0.5524017467248908,66.5160218655638,631.4536032788731,-630.6996273908617,11963.66062712123,9881.716066817338,0.1196366062712123,10,7,0.7,45.8,14.627371602581238,0.3193749258205511,23,0.04894247166289473,2.546406067835672,179.8613370369789,0.7621380981906772,2012-01-18 10:00:00,2021-05-19 05:00:00,RBB_U,5,50,2.0,1,17,36,78,31,-1,11,-1,1000,1500,24,229,-30407.099758847486,107809.48866217228,138216.58842101975,0.7800039770463383,0.37554585152838427,-132.78209501680124,1253.5987053740964,-966.5495693777606,31206.876773828342,29996.133865403965,0.3120687677382834,5,1,0.2,45.8,17.79213309302738,0.38847452168182056,22,0.0,0.0,0.0,0.0,False,False,False
885,78435.38017035308,381599.8434283519,303164.4632579988,1.258722210800819,0.5570621468926553,88.62754821508823,774.0361935666367,-773.3787328010173,21590.90166920657,14498.982549083434,0.21590901669206572,10,6,0.6,88.5,18.161773041198373,0.20521777447681777,44,0.03813330149613446,3.632797804003683,243.61388872913523,0.755914702462741,2012-01-13 14:00:00,2021-05-18 23:00:00,RBB_U,5,30,3.0,1,31,36,55,32,1,0,-1,4000,3000,12,420,-41446.14271340688,425116.5410164389,466562.6837298458,0.9111670432318469,0.5095238095238095,-98.68129217477829,1986.5258926001818,-2264.8673967468244,83873.9080816154,82457.5676092027,0.838739080816154,5,2,0.4,84.0,29.939939879699157,0.35642785571070423,46,0.0,0.0,0.0,0.0,False,False,False
885,73121.97900614908,379679.369758902,306557.3907527529,1.2385262310153338,0.5559322033898305,82.62370509169388,771.7060360953293,-780.0442512792695,19229.936339303124,15627.143273742826,0.19229936339303125,10,6,0.6,88.5,18.161773041198373,0.20521777447681777,44,0.04090425396922691,3.802507596278343,232.7411524085271,0.7467155404626349,2012-01-13 14:00:00,2021-05-18 23:00:00,RBB_U,5,30,3.0,1,31,36,55,32,1,0,-1,3000,3000,12,420,-12801.502154698173,418186.3827971247,430987.8849518228,0.9702973039343574,0.5,-30.47976703499565,1991.3637276053555,-2052.3232616753467,63435.9219214733,60563.38175328626,0.634359219214733,5,3,0.6,84.0,29.939939879699157,0.35642785571070423,46,0.0,0.0,0.0,0.0,False,False,False
457,40999.76622562605,196089.04136833956,155089.2751427135,1.264362356377628,0.5667396061269147,89.71502456373315,757.1005458237049,-783.2791673874419,22815.127619620704,19984.093966544402,0.22815127619620704,10,9,0.9,45.7,14.588008774332431,0.31921244582784314,23,0.14612278438444973,1.7970430369351431,254.30665298890867,0.7443773950059455,2012-01-18 10:00:00,2021-05-19 09:30:00,RBB_U,5,50,2.0,1,17,36,78,31,-1,11,-1,2500,6000,24,229,-17130.479891166193,203686.92452539786,220817.40441656404,0.9224224198430928,0.49344978165938863,-74.80558904439386,1802.5391550920165,-1903.5983139358968,31330.010878886,27818.300503540006,0.31330010878886,5,2,0.4,45.8,17.79213309302738,0.38847452168182056,22,0.0,0.0,0.0,0.0,False,False,False
814,56752.48408663054,320864.38102410384,264111.8969374733,1.2148804531136523,0.5577395577395577,69.72049642092203,706.7497379385547,-733.6441581596481,13781.218390182556,13432.478166488552,0.13781218390182556,10,6,0.6,81.4,16.84755175092215,0.20697238023245884,41,0.035082164808166165,4.118103529007261,197.6638018608116,0.74431386690004,2012-01-13 14:00:00,2021-05-12 17:00:00,RBB_U,5,30,3.0,1,31,35,55,32,1,0,-1,2250,2000,12,392,-21154.454398615206,319674.7084101958,340829.162808811,0.9379323816533802,0.5102040816326531,-53.96544489442655,1598.3735420509788,-1775.151889629224,45093.32033131305,42822.139893899955,0.4509332033131305,5,1,0.2,78.4,27.85390457368589,0.3552793950725241,43,0.0,0.0,0.0,0.0,False,False,False
458,33809.46142402475,163429.16965949512,129619.7082354704,1.2608358087228957,0.39082969432314413,73.81978476861299,913.0121210027661,-464.58676786906955,15513.397613836023,13500.0782313409,0.15513397613836022,10,7,0.7,45.8,14.627371602581238,0.3193749258205511,23,0.07367760073900244,2.1793718091690573,210.15230080204833,0.742777534165088,2012-01-18 10:00:00,2021-05-19 04:30:00,RBB_U,5,50,2.0,1,17,36,78,31,-1,11,-1,500,2500,0,229,-16863.335648558983,82248.63024488454,99111.96589344353,0.8298557041367844,0.14847161572052403,-73.6390202993842,2419.077360143663,-508.26649176124886,18312.868945860988,16647.335648558983,0.18312868945860988,5,0,0.0,45.8,17.79213309302738,0.38847452168182056,22,0.0,0.0,0.0,0.0,False,False,False
458,30630.668844979908,158214.3770804503,127583.7082354704,1.2400829170794085,0.39956331877729256,66.87918961786006,864.5594375980891,-463.94075721989236,12735.817000725598,12078.259864454838,0.12735817000725597,10,7,0.7,45.8,14.627371602581238,0.3193749258205511,23,0.06500021302428423,2.4050807924795707,190.43019321102093,0.7427061908267533,2012-01-18 10:00:00,2021-05-19 04:30:00,RBB_U,5,50,2.0,1,17,36,78,31,-1,11,-1,500,2000,0,229,-13917.965893443521,81631.0,95548.96589344353,0.8543368233941445,0.17903930131004367,-60.77714363949136,1991.0,-508.2391802842741,17497.927704573463,17039.0,0.17497927704573463,5,1,0.2,45.8,17.79213309302738,0.38847452168182056,22,0.0,0.0,0.0,0.0,False,False,False
814,56207.79005218875,325486.97455594956,269279.18450376077,1.2087342553260139,0.5626535626535627,69.05133913045302,710.6702501221606,-756.4022036622493,13601.950167300565,12058.691422009968,0.13601950167300567,10,7,0.7,81.4,16.84755175092215,0.20697238023245884,41,0.03542213629376574,4.132333184642428,196.98314817042896,0.7420120577526429,2012-01-13 14:00:00,2021-05-12 21:00:00,RBB_U,5,30,3.0,1,31,35,55,32,1,0,-1,5000,2000,12,392,-68845.78670026935,352141.25175904436,420987.0384593137,0.8364657806277735,0.5586734693877551,-175.62700688844222,1607.9509212741752,-2433.4510893601946,83795.20273822019,81671.05915201764,0.8379520273822019,5,1,0.2,78.4,27.85390457368589,0.3552793950725241,43,0.0,0.0,0.0,0.0,False,False,False
457,40823.794453807306,195913.06959652083,155089.2751427135,1.2632277081457837,0.5667396061269147,89.32996598207288,756.4211181332851,-783.2791673874419,22815.127619620704,19984.093966544402,0.22815127619620704,10,9,0.9,45.7,14.588008774332431,0.31921244582784314,23,0.11000937223220711,1.7893300942441097,255.40284683640584,0.7411825131527132,2012-01-18 10:00:00,2021-05-19 09:30:00,RBB_U,5,50,2.0,1,17,36,78,31,-1,11,-1,2500,4500,24,229,-13889.90458475431,204418.49983180975,218308.40441656404,0.9363748517979622,0.4978165938864629,-60.654605173599606,1793.1447353667522,-1898.333951448383,33064.13785331182,29541.975610824404,0.3306413785331182,5,2,0.4,45.8,17.79213309302738,0.38847452168182056,22,0.0,0.0,0.0,0.0,False,False,False
458,35143.72152770303,177480.47428920702,142336.75276150397,1.2469054607883954,0.5917030567685589,76.73301643603281,654.9094992221661,-761.1591056764918,16991.26825894067,14160.234605864367,0.1699126825894067,10,8,0.8,45.8,14.627371602581238,0.3193749258205511,23,0.04242578575022789,2.068340102229313,221.4336024845987,0.7377493230638282,2012-01-18 10:00:00,2021-05-19 09:30:00,RBB_U,5,50,2.0,1,17,36,78,31,-1,11,-1,2500,1500,24,229,2202.7098829707975,171923.17303595546,169720.46315298468,1.012978457883333,0.5982532751091703,9.618820449654137,1254.9136717952954,-1844.7876429672249,19036.70478170525,17770.46524709354,0.19036704781705252,5,3,0.6,45.8,17.79213309302738,0.38847452168182056,22,0.6768934990154429,0.11570856974614938,1979.1101082866924,0.08737061194184152,False,False,False
814,56053.94245619209,313460.2966249315,257406.35416873943,1.2177644084863835,0.5687960687960688,68.86233716976915,677.0200791035238,-733.351436378175,13766.46231446918,12069.690608971745,0.1376646231446918,10,7,0.7,81.4,16.84755175092215,0.20697238023245884,41,0.026599377932520325,4.071775389765666,199.91279529955764,0.7355463256133752,2012-01-13 14:00:00,2021-05-12 15:00:00,RBB_U,5,30,3.0,1,31,35,55,32,1,0,-1,1500,1500,24,394,-38619.197854989485,254797.42221370086,293416.6200686904,0.8683810145248467,0.4796954314720812,-98.018268667486,1348.1345090672003,-1431.3005857009287,49594.16197844618,47434.85628915837,0.4959416197844618,5,1,0.2,78.8,28.244645510255566,0.3584345876935986,43,0.0,0.0,0.0,0.0,False,False,False
887,64560.376826130625,382194.9247782494,317634.5479521188,1.2032536361122237,0.5670800450958287,72.78509225042912,759.8308643702771,-827.1733019586427,15399.379167902742,13702.607462405307,0.1539937916790274,10,7,0.7,88.7,18.46645607581487,0.20819003467660507,44,0.030839349115975863,4.192401272948406,211.5732589156944,0.7350726726423482,2012-01-13 14:00:00,2021-05-18 23:00:00,RBB_U,5,30,3.0,1,31,36,55,32,1,0,-1,2000,2000,0,420,-6277.381447511798,355102.94105644524,361380.3225039571,0.9826294320509299,0.5071428571428571,-14.94614630359952,1667.14995801148,-1745.7986594394063,55637.07837901377,54472.20586873362,0.5563707837901377,5,3,0.6,84.0,29.939939879699157,0.35642785571070423,46,0.0,0.0,0.0,0.0,False,False,False
457,40424.29772712928,195513.5728698428,155089.2751427135,1.260651793555233,0.5667396061269147,88.4557937136308,754.8786597291229,-783.2791673874419,22815.127619620704,19984.093966544402,0.22815127619620704,10,9,0.9,45.7,14.588008774332431,0.31921244582784314,23,0.13880744656121352,1.771819925844505,257.92688824299086,0.7339293905109522,2012-01-18 10:00:00,2021-05-19 09:30:00,RBB_U,5,50,2.0,1,17,36,78,31,-1,11,-1,2500,0,24,229,-13150.83315929996,207666.5712572641,220817.40441656404,0.9404447616162929,0.49344978165938863,-57.42721903624437,1837.757267763399,-1903.5983139358968,33021.56347098831,29509.853095642313,0.3302156347098831,5,2,0.4,45.8,17.79213309302738,0.38847452168182056,22,0.0,0.0,0.0,0.0,False,False,False
457,31504.139878903145,120879.12289080673,89374.98301190359,1.352493939771795,0.22975929978118162,68.9368487503351,1151.229741817207,-253.90620173836248,14014.840508421148,13307.655128646671,0.14014840508421147,10,8,0.8,45.7,14.588008774332431,0.31921244582784314,23,0.23777827386477463,2.247912836394616,203.29969765774973,0.729788127999584,2012-01-18 10:00:00,2021-05-19 04:00:00,RBB_U,5,50,2.0,1,17,36,78,31,-1,11,-1,250,7500,0,229,-22439.39662259088,34540.60337740912,56980.0,0.6061881954617255,0.039301310043668124,-97.98863153969818,3837.8448197121243,-259.0,26492.766061897564,25227.61207888942,0.26492766061897566,5,1,0.2,45.8,17.79213309302738,0.38847452168182056,22,0.0,0.0,0.0,0.0,False,False,False
458,33495.262158495396,180462.47428920702,146967.21213071162,1.2279097607751106,0.5960698689956332,73.13376017138732,661.0347043560697,-794.4173628687114,15991.268258940669,13160.234605864367,0.1599126825894067,10,8,0.8,45.8,14.627371602581238,0.3193749258205511,23,0.04451375818301628,2.094596977307807,218.6578157811863,0.7247961801457591,2012-01-18 10:00:00,2021-05-19 10:30:00,RBB_U,5,50,2.0,1,17,36,78,31,-1,11,-1,3000,1500,24,229,-2265.1608786369397,176711.29563021666,178976.45650885362,0.987343805309248,0.6157205240174672,-9.891532221122008,1253.2716002143025,-2033.8233694187911,27817.458936906238,26676.574910256422,0.27817458936906236,5,2,0.4,45.8,17.79213309302738,0.38847452168182056,22,0.0,0.0,0.0,0.0,False,False,False
457,31256.138951306886,120631.12196321049,89374.98301190359,1.3497191036908391,0.22975929978118162,68.39417713633893,1148.8678282210524,-253.90620173836248,14014.840508421148,13307.655128646671,0.14014840508421147,10,8,0.8,45.7,14.588008774332431,0.31921244582784314,23,0.2317304476950086,2.230217242395723,204.91277320997023,0.7240432280153813,2012-01-18 10:00:00,2021-05-19 04:00:00,RBB_U,5,50,2.0,1,17,36,78,31,-1,11,-1,250,0,0,229,-23196.13349820896,33783.86650179104,56980.0,0.5929074500138828,0.039301310043668124,-101.29315938082516,3753.762944643449,-259.0,26492.766061897564,25227.61207888942,0.26492766061897566,5,1,0.2,45.8,17.79213309302738,0.38847452168182056,22,0.0,0.0,0.0,0.0,False,False,False
457,40907.91762432364,205700.8590977199,164792.94147339626,1.2482382877480689,0.5754923413566739,89.51404294162722,782.1325440977943,-849.448151924723,24252.974702946303,21203.621384604754,0.24252974702946303,10,9,0.9,45.7,14.588008774332431,0.31921244582784314,23,0.12200572138221909,1.686717531575789,270.9404458333074,0.7203575507207056,2012-01-18 10:00:00,2021-05-19 15:30:00,RBB_U,5,50,2.0,1,17,36,78,31,-1,11,-1,5000,5000,24,229,3777.195491489896,234597.3138228253,230820.11833133537,1.0163642386062202,0.5458515283842795,16.494303456287756,1876.7785105826024,-2219.4242147243785,34350.53214716603,31821.743609131685,0.3435053214716603,5,3,0.6,45.8,17.79213309302738,0.38847452168182056,22,1.3213507246963605,0.10996031954636024,2082.569429997442,0.11153384970487096,False,False,False
813,58820.63324540292,334959.55321478646,276138.9199693835,1.213011020872844,0.5522755227552275,72.35010239286952,746.0123679616624,-758.6234065092954,15954.554520535923,14296.155336759359,0.15954554520535924,10,6,0.6,81.3,16.691614661260306,0.205308913422636,41,0.04234908504992476,3.6867612423582163,220.51875523134476,0.7178542168109481,2012-01-13 14:00:00,2021-05-12 17:00:00,RBB_U,5,30,3.0,1,31,35,55,32,1,0,-1,2500,2500,12,392,-4213.775169945009,356111.52190222347,360325.29707216844,0.988305636034483,0.5076530612244898,-10.74942645394135,1789.5051351870527,-1866.9704511511318,36860.15903846781,34870.89202112711,0.3686015903846781,5,2,0.4,78.4,27.85390457368589,0.3552793950725241,43,0.0,0.0,0.0,0.0,False,False,False
887,61743.15605530969,377804.10626837384,316060.95021306415,1.195352054765662,0.5648252536640361,69.60896962267158,754.1000125117242,-818.8107518473164,14822.926838135849,10979.581891257134,0.1482292683813585,10,8,0.8,88.7,18.46645607581487,0.20819003467660507,44,0.03224648895849212,4.165382230482263,212.9456436215949,0.7165354302817546,2012-01-13 14:00:00,2021-05-18 23:00:00,RBB_U,5,30,3.0,1,31,36,55,32,1,0,-1,2000,2000,24,420,-8027.9931961774855,352781.2518733769,360809.2450695543,0.9777500346626932,0.5047619047619047,-19.114269514708297,1664.0625088366835,-1734.659832065165,55637.07837901377,54472.20586873362,0.5563707837901377,5,3,0.6,84.0,29.939939879699157,0.35642785571070423,46,0.0,0.0,0.0,0.0,False,False,False
887,65417.85963287391,357458.14662022213,292040.2869873482,1.2240028603851767,0.5479143179255919,73.75181469320621,735.5105897535435,-728.2800174248085,16796.356533011814,14551.19503616784,0.16796356533011814,10,5,0.5,88.7,18.43936007566423,0.2078845555317275,44,0.03807828647986242,3.894764885723916,227.7416034152044,0.7131889659137646,2012-01-13 14:00:00,2021-05-18 23:00:00,RBB_U,5,30,3.0,1,31,36,55,32,1,0,-1,2000,2500,12,420,-22315.137294617853,352987.01961109554,375302.1569057133,0.9405408765070754,0.4642857142857143,-53.13127927289965,1810.1898441594644,-1668.0095862476148,66085.50302014222,64481.50302014222,0.6608550302014222,5,3,0.6,84.0,29.939939879699157,0.35642785571070423,46,0.0,0.0,0.0,0.0,False,False,False
887,69578.4903548391,364316.74877480965,294738.2584199705,1.2360687435958762,0.552423900789177,78.44249194457622,743.503568928183,-742.4137491686914,19046.356533011814,15555.95861410936,0.19046356533011816,10,5,0.5,88.7,18.43936007566423,0.2078845555317275,44,0.03580129415421779,3.6531128793185834,242.80662254418274,0.7123359682721992,2012-01-13 14:00:00,2021-05-18 23:00:00,RBB_U,5,30,3.0,1,31,36,55,32,1,0,-1,2250,2500,12,420,-26784.68923430366,361375.97842574154,388160.6676600452,0.930995869839749,0.47619047619047616,-63.773069605484906,1806.8798921287078,-1764.3666711820238,62402.13449375867,59625.29205709355,0.6240213449375867,5,3,0.6,84.0,29.939939879699157,0.35642785571070423,46,0.0,0.0,0.0,0.0,False,False,False
814,54424.065818715986,311114.73939495604,256690.67357624002,1.2120219837381487,0.547911547911548,66.86003171832431,697.566680257749,-697.529004283261,14032.751411072211,12335.979705574777,0.1403275141107221,10,7,0.7,81.4,16.84755175092215,0.20697238023245884,41,0.03658308084941555,3.8783602890430995,209.8825120243887,0.707350409633908,2012-01-13 14:00:00,2021-05-12 15:00:00,RBB_U,5,30,3.0,1,31,35,55,32,1,0,-1,1750,2000,12,392,-22620.62240057258,294983.434928864,317604.05732943653,0.9287772876997312,0.4719387755102041,-57.70566938921577,1594.505053669535,-1534.3191175335098,41297.6029117304,40273.12913658158,0.41297602911730397,5,2,0.4,78.4,27.85390457368589,0.3552793950725241,43,0.0,0.0,0.0,0.0,False,False,False
813,59500.42083522622,339393.41643063433,279892.9955954081,1.2125827433039287,0.5559655596555966,73.18624948982315,750.8703903332618,-775.3268576050085,16926.177679611537,13279.630348454957,0.16926177679611537,10,6,0.6,81.3,16.691614661260306,0.205308913422636,41,0.041865250111394935,3.515289864107806,231.27538024701198,0.7050006072360162,2012-01-13 14:00:00,2021-05-12 18:30:00,RBB_U,5,30,3.0,1,31,35,55,32,1,0,-1,4000,2500,12,392,-38594.333008015645,372005.68012153765,410600.0131295533,0.906005037082553,0.5280612244897959,-98.45493114289705,1797.1288894760273,-2219.459530430018,68027.164421969,66683.06541614773,0.6802716442196901,5,1,0.2,78.4,27.85390457368589,0.3552793950725241,43,0.0,0.0,0.0,0.0,False,False,False
457,38706.22749065456,193795.50263336807,155089.2751427135,1.2495738499972806,0.5667396061269147,84.69634024213251,748.245183912618,-783.2791673874419,22815.127619620704,19984.093966544402,0.22815127619620704,10,9,0.9,45.7,14.588008774332431,0.31921244582784314,23,0.10311002282419822,1.696515931708737,269.37560176031354,0.7027367090691503,2012-01-18 10:00:00,2021-05-19 09:30:00,RBB_U,5,50,2.0,1,17,36,78,31,-1,11,-1,2500,4000,24,229,-546.2884629135588,210235.11595365047,210781.40441656404,0.9974082701250346,0.5109170305676856,-2.3855391393605188,1796.8813329371835,-1881.9768251478931,30564.13785331182,27041.975610824404,0.3056413785331182,5,3,0.6,45.8,17.79213309302738,0.38847452168182056,22,0.0,0.0,0.0,0.0,False,False,False
888,61759.389257566574,344396.15030202444,282636.76104445785,1.218511523516405,0.5686936936936937,69.54886177653893,681.9725748554939,-737.9549896722137,15529.762287238358,13591.273331682336,0.15529762287238358,10,7,0.7,88.8,18.583863968507735,0.20927774739310515,44,0.0241420781183863,3.9768406054944956,223.2928316948682,0.6994345312903225,2012-01-13 14:00:00,2021-05-18 22:00:00,RBB_U,5,30,3.0,1,31,36,55,32,1,0,-1,1500,1500,0,422,-39094.98212078849,274964.3004923564,314059.2826131449,0.8755171896353553,0.4786729857819905,-92.64213772698695,1361.209408378002,-1427.5421936961131,50835.82452290072,48676.518833612914,0.5083582452290072,5,1,0.2,84.4,30.32226904438387,0.3592685905732686,46,0.0,0.0,0.0,0.0,False,False,False
457,39374.82657835887,204167.7680517551,164792.94147339626,1.238935152357332,0.5754923413566739,86.15935793951613,776.3033005770155,-849.448151924723,24252.974702946303,21203.621384604754,0.24252974702946303,10,9,0.9,45.7,14.588008774332431,0.31921244582784314,23,0.11405764520797498,1.623505036418297,281.4897334770286,0.693360974628884,2012-01-18 10:00:00,2021-05-19 15:30:00,RBB_U,5,50,2.0,1,17,36,78,31,-1,11,-1,5000,4500,24,229,-106.83504448706663,230713.2832868483,230820.11833133537,0.9995371502048461,0.5458515283842795,-0.4665285785461425,1845.7062662947865,-2219.4242147243785,35148.02656864538,32771.07578812362,0.3514802656864538,5,3,0.6,45.8,17.79213309302738,0.38847452168182056,22,0.0,0.0,0.0,0.0,False,False,False
814,52651.61494743089,324868.7705705018,272217.15562307095,1.193417695614804,0.5614250614250614,64.6825736454925,710.8725833052556,-762.5130409609831,13709.965067728761,13361.224844034758,0.1370996506772876,10,6,0.6,81.4,16.84755175092215,0.20697238023245884,41,0.037814604585023275,3.840390160538413,211.9576308584957,0.6923226887653499,2012-01-13 14:00:00,2021-05-12 18:30:00,RBB_U,5,30,3.0,1,31,35,55,32,1,0,-1,4000,2000,12,392,-49667.079711447266,348135.0072552224,397802.0869666697,0.8751462565463899,0.5510204081632653,-126.70173395777364,1611.7361447001038,-2260.2391304924417,69553.30269162256,67358.30652103532,0.6955330269162256,5,1,0.2,78.4,27.85390457368589,0.3552793950725241,43,0.0,0.0,0.0,0.0,False,False,False
888,59805.21567664915,362728.13402486616,302922.918348217,1.197427173892144,0.5867117117117117,67.34821585208238,696.2152284546376,-825.403047270346,15042.517436133552,11589.907884749162,0.1504251743613355,10,7,0.7,88.8,18.583863968507735,0.20927774739310515,44,0.024930935924743408,3.9757451457554147,223.35435684252718,0.688185123662871,2012-01-13 14:00:00,2021-05-18 23:00:00,RBB_U,5,30,3.0,1,31,36,55,32,1,0,-1,2500,1500,0,422,-30970.481751930136,333930.52721433114,364901.0089662613,0.9151263466229723,0.580568720379147,-73.38976718466857,1362.981743731964,-2061.5876212783123,49494.15869759998,48228.084903677096,0.4949415869759998,5,2,0.4,84.4,30.32226904438387,0.3592685905732686,46,0.0,0.0,0.0,0.0,False,False,False
458,33923.20893770037,199385.57959663583,165462.3706589355,1.2050206871967621,0.5851528384279476,74.06814178537199,743.9760432710292,-870.8545824154501,18304.63443265579,16222.689872351897,0.1830463443265579,10,9,0.9,45.8,14.627371602581238,0.3193749258205511,23,0.07343055324084158,1.853257931072405,247.13235665743193,0.6861046556385747,2012-01-18 10:00:00,2021-05-19 14:00:00,RBB_U,5,50,2.0,1,17,36,78,31,-1,11,-1,4000,2500,24,229,-1655.8546360493492,214983.3044587215,216639.15909477085,0.992356623599499,0.5720524017467249,-7.230806270957856,1641.093927165813,-2210.6036642323556,38616.23265003432,35085.166013246635,0.3861623265003432,5,3,0.6,45.8,17.79213309302738,0.38847452168182056,22,0.0,0.0,0.0,0.0,False,False,False
458,32652.446590013886,209826.7935290797,177174.34693906578,1.1842955662268861,0.6462882096069869,71.29355150658054,708.8743024631071,-1093.6688082658382,17192.064587696368,16143.169958498303,0.17192064587696368,10,7,0.7,45.8,14.627371602581238,0.3193749258205511,23,0.030349946282526897,1.8992743089961317,241.14473503412864,0.6814369512409705,2012-01-18 10:00:00,2021-05-19 09:30:00,RBB_U,5,50,2.0,1,17,36,78,31,-1,11,-1,2500,1000,0,229,-11210.59136868798,154006.76953462738,165217.36090331536,0.9321464081777194,0.6855895196506551,-48.95454746151956,980.9348378001744,-2294.6855681016023,23139.0271977976,21010.467074988715,0.23139027197797601,5,3,0.6,45.8,17.79213309302738,0.38847452168182056,22,0.0,0.0,0.0,0.0,False,False,False
814,57137.522838792196,321981.2620114682,264843.739172676,1.2157405080342072,0.5761670761670762,70.19351700097322,686.5272111118725,-767.663012094713,16923.458336976684,15131.505351611355,0.16923458336976685,10,8,0.8,81.4,16.84755175092215,0.20697238023245884,41,0.026094935970652898,3.3762320739107046,241.09717050852495,0.6762260418742275,2012-01-13 14:00:00,2021-05-12 15:00:00,RBB_U,5,30,3.0,1,31,35,55,32,1,0,-1,1750,1500,0,394,-32402.257930035972,274385.1267783238,306787.38470835984,0.8943820393369875,0.5177664974619289,-82.2392333249644,1345.025131266293,-1614.6704458334727,48780.184333674704,47499.74517501786,0.48780184333674703,5,2,0.4,78.8,28.244645510255566,0.3584345876935986,43,0.0,0.0,0.0,0.0,False,False,False
457,29117.060264962412,118492.04327686601,89374.98301190359,1.3257853516020741,0.22975929978118162,63.71347979204029,1128.4956502558668,-253.90620173836248,14014.840508421148,13307.655128646671,0.14014840508421147,10,8,0.8,45.7,14.588008774332431,0.31921244582784314,23,0.2057556616458696,2.07758770051409,219.96664684090948,0.674491828226285,2012-01-18 10:00:00,2021-05-19 04:00:00,RBB_U,5,50,2.0,1,17,36,78,31,-1,11,-1,250,6000,0,229,-23939.39662259088,33040.60337740912,56980.0,0.5798631691366992,0.039301310043668124,-104.53884988030953,3671.1781530454577,-259.0,26492.766061897564,25227.61207888942,0.26492766061897566,5,1,0.2,45.8,17.79213309302738,0.38847452168182056,22,0.0,0.0,0.0,0.0,False,False,False
457,38120.826608860676,202913.7680822569,164792.94147339626,1.2313256033178748,0.5754923413566739,83.41537551173015,771.5352398564901,-849.448151924723,24252.974702946303,21203.621384604754,0.24252974702946303,10,9,0.9,45.7,14.588008774332431,0.31921244582784314,23,0.1571581870842085,1.5718000400268293,290.749451814621,0.6712789817265017,2012-01-18 10:00:00,2021-05-19 15:30:00,RBB_U,5,50,2.0,1,17,36,78,31,-1,11,-1,5000,6000,24,229,-5590.175483698273,230238.94284763708,235829.11833133537,0.9762956520244281,0.5414847161572053,-24.411246653704247,1856.7656681261055,-2245.991603155575,37702.28738282907,33414.68791039594,0.3770228738282907,5,2,0.4,45.8,17.79213309302738,0.38847452168182056,22,0.0,0.0,0.0,0.0,False,False,False
813,53695.04484176725,337472.9427611844,283777.8979194171,1.1892150348404327,0.5547355473554736,66.04556561102983,748.2770349471938,-783.9168450812627,15565.21234970809,13743.102379720338,0.1556521234970809,10,5,0.5,81.3,16.691614661260306,0.205308913422636,41,0.04639161783625795,3.449682769202583,235.673844348282,0.6634460088487977,2012-01-13 14:00:00,2021-05-12 17:00:00,RBB_U,5,30,3.0,1,31,35,55,32,1,0,-1,3000,2500,12,392,-17358.61099282837,366075.52190222347,383434.13289505185,0.9547285713408838,0.5178571428571429,-44.28217090007237,1803.327694099623,-2028.7520258997451,50661.13187641808,49457.7658532561,0.5066113187641809,5,3,0.6,78.4,27.85390457368589,0.3552793950725241,43,0.0,0.0,0.0,0.0,False,False,False
457,37545.3581103639,202338.29958376015,164792.94147339626,1.227833533248905,0.5754923413566739,82.15614466162779,769.3471467063124,-849.448151924723,24252.974702946303,21203.621384604754,0.24252974702946303,10,9,0.9,45.7,14.588008774332431,0.31921244582784314,23,0.14945105943693707,1.5480722909343905,295.2058522565264,0.6611454158505506,2012-01-18 10:00:00,2021-05-19 15:30:00,RBB_U,5,50,2.0,1,17,36,78,31,-1,11,-1,5000,0,24,229,-1610.5287518320401,234218.58957950337,235829.11833133537,0.9931707807618174,0.5414847161572053,-7.032876645554761,1888.8595933830918,-2245.991603155575,37650.576850549456,33362.97737811633,0.37650576850549455,5,2,0.4,45.8,17.79213309302738,0.38847452168182056,22,0.0,0.0,0.0,0.0,False,False,False
458,34632.65480050898,190077.5815942773,155444.9267937683,1.2227969449685339,0.5917030567685589,75.61715021945191,701.3932900157834,-831.2562930148038,20567.921213604932,17154.97665330104,0.2056792121360493,10,9,0.9,45.8,14.627371602581238,0.3193749258205511,23,0.057489095521800405,1.683818915914591,272.0007452530788,0.6607916600471602,2012-01-18 10:00:00,2021-05-19 15:30:00,RBB_U,5,50,2.0,1,17,36,78,31,-1,11,-1,5000,2000,24,229,2495.2983961607824,205857.4432850411,203362.14488888037,1.0122702206820458,0.5982532751091703,10.896499546553635,1502.6090750732928,-2210.458096618265,28387.307105739717,25730.356442302218,0.2838730710573972,5,3,0.6,45.8,17.79213309302738,0.38847452168182056,22,0.797900564943796,0.08790190583650855,2605.17673446039,0.0810521153845694,False,False,False
814,52271.60867193807,316411.53653206653,264139.92786012846,1.1978936281818695,0.5737100737100738,64.21573546921138,677.5407634519626,-761.210166743886,15265.432765828511,13473.479780463182,0.1526543276582851,10,7,0.7,81.4,16.84755175092215,0.20697238023245884,41,0.028524088656954633,3.4241812514445997,237.72106095627626,0.6513678927818587,2012-01-13 14:00:00,2021-05-12 15:00:00,RBB_U,5,30,3.0,1,31,35,55,32,1,0,-1,1750,1500,24,394,-36586.488812376534,271419.1667456193,308005.6555579959,0.8812148798174015,0.5152284263959391,-92.85910866085415,1337.0402302739867,-1612.5950552774655,48780.184333674704,47499.74517501786,0.48780184333674703,5,1,0.2,78.8,28.244645510255566,0.3584345876935986,43,0.0,0.0,0.0,0.0,False,False,False
814,52914.675711343734,334435.0058271749,281520.33011583117,1.1879604065879434,0.5884520884520884,65.0057441171299,698.1941666538097,-840.3591943756154,15758.303763301075,15016.734367730889,0.15758303763301076,10,6,0.6,81.4,16.84755175092215,0.20697238023245884,41,0.028177438110621598,3.3578915920236763,242.41402013500758,0.6489876718751446,2012-01-13 14:00:00,2021-05-12 17:00:00,RBB_U,5,30,3.0,1,31,35,55,32,1,0,-1,2500,1500,0,394,-25118.344067673694,312256.60896838014,337374.9530360538,0.925547691547246,0.583756345177665,-63.75214230374034,1357.637430297305,-2057.1643477808157,42531.03831974664,41264.96452582376,0.42531038319746645,5,2,0.4,78.8,28.244645510255566,0.3584345876935986,43,0.0,0.0,0.0,0.0,False,False,False
458,33724.73879977889,213790.7935290797,180066.0547293008,1.187290929711757,0.6550218340611353,73.63480087287967,712.6359784302657,-1139.658574236081,20231.645381608963,19057.309593974824,0.20231645381608962,10,7,0.7,45.8,14.627371602581238,0.3193749258205511,23,0.02938495701578265,1.6669301069519271,274.756570830362,0.6487942042648851,2012-01-18 10:00:00,2021-05-19 10:30:00,RBB_U,5,50,2.0,1,17,36,78,31,-1,11,-1,3000,1000,0,229,-14209.849586969154,159940.70191667936,174150.55150364852,0.918404797089193,0.7117903930131004,-62.05174492126268,981.2313001023274,-2638.6447197522502,28151.094815745615,26022.53469293673,0.28151094815745614,5,2,0.4,45.8,17.79213309302738,0.38847452168182056,22,0.0,0.0,0.0,0.0,False,False,False
457,36757.25961520612,201550.20108860236,164792.94147339626,1.2230511773536132,0.5754923413566739,80.43164029585584,766.3505744813779,-849.448151924723,24252.974702946303,21203.621384604754,0.24252974702946303,10,9,0.9,45.7,14.588008774332431,0.31921244582784314,23,0.10857719105776215,1.515577370009823,301.5352492344473,0.6472675962335244,2012-01-18 10:00:00,2021-05-19 15:30:00,RBB_U,5,50,2.0,1,17,36,78,31,-1,11,-1,5000,4000,24,229,13162.51989279403,234529.89940868906,221367.37951589504,1.0594600700499728,0.5589519650655022,57.478252806960825,1832.2648391303833,-2191.756232830644,30648.02656864538,27125.864326157964,0.3064802656864538,5,3,0.6,45.8,17.79213309302738,0.38847452168182056,22,0.30320941829572606,0.4294736518618139,533.2108244761015,0.41147338322131827,True,False,False
888,57038.21769786383,338230.0227826787,281191.8050848149,1.2028445234407155,0.5484234234234234,64.23222713723405,694.5175005804491,-701.2264465955484,15503.978670687742,13448.46251064197,0.15503978670687743,10,6,0.6,88.8,18.583863968507735,0.20927774739310515,44,0.03490642029781667,3.678940671255043,241.37382995553048,0.6465034495963351,2012-01-13 14:00:00,2021-05-18 23:00:00,RBB_U,5,30,3.0,1,31,36,55,32,1,0,-1,1750,2000,12,420,-21320.80561415267,318950.58805458876,340271.39366874145,0.9373417630430939,0.4714285714285714,-50.763822890839684,1610.8615558312563,-1532.7540255348715,44733.72328958374,43709.249514434916,0.4473372328958374,5,3,0.6,84.0,29.939939879699157,0.35642785571070423,46,0.0,0.0,0.0,0.0,False,False,False
457,32516.918384205885,201278.479251342,168761.56086713614,1.1926796494244685,0.5798687089715536,71.15299427616168,759.5414311371396,-878.9664628496674,19807.860623974128,17216.549233031932,0.19807860623974127,10,9,0.9,45.7,14.588008774332431,0.31921244582784314,23,0.09198288609823459,1.6416168813733247,278.3840768119345,0.633598064806602,2012-01-18 10:00:00,2021-05-19 14:00:00,RBB_U,5,50,2.0,1,17,36,78,31,-1,11,-1,4000,3000,24,229,-2405.8407509614844,221128.88925525715,223534.73000621866,0.9892372842873474,0.5633187772925764,-10.505854807692073,1714.1774360872648,-2235.3473000621866,40680.242323649705,37158.08008116229,0.40680242323649707,5,3,0.6,45.8,17.79213309302738,0.38847452168182056,22,0.0,0.0,0.0,0.0,False,False,False
814,53578.320950533365,331453.0058271749,277874.68487664155,1.192814689018248,0.585995085995086,65.82103310876334,694.8700331806601,-824.5539610582836,17216.449115154057,15316.300938349457,0.17216449115154056,10,6,0.6,81.4,16.84755175092215,0.20697238023245884,41,0.027828419658327448,3.1120424770618524,261.5645531832571,0.6286839163286655,2012-01-13 14:00:00,2021-05-12 17:00:00,RBB_U,5,30,3.0,1,31,35,55,32,1,0,-1,2250,1500,0,394,-32381.00238734705,298837.60896838014,331218.6113557272,0.9022367666635436,0.5609137055837563,-82.18528524707372,1352.2063754225346,-1914.5584471429318,52703.262641242814,51499.896618080835,0.5270326264124281,5,1,0.2,78.8,28.244645510255566,0.3584345876935986,43,0.0,0.0,0.0,0.0,False,False,False
887,63928.501031925814,364316.74877480965,300388.24774288386,1.2128195810331606,0.552423900789177,72.07271818706405,743.503568928183,-756.6454603095311,20672.5342244341,18681.61731168758,0.206725342244341,10,6,0.6,88.7,18.43936007566423,0.2078845555317275,44,0.03896540603628416,3.092436579757353,286.8288409877748,0.6282225029036967,2012-01-13 14:00:00,2021-05-18 23:00:00,RBB_U,5,30,3.0,1,31,36,55,32,1,0,-1,2500,2500,12,420,-13653.612704917941,379470.643073587,393124.255778505,0.9652689639364029,0.5,-32.50860167837605,1807.003062255176,-1872.0202656119286,44574.77927831692,41208.42327036423,0.4457477927831692,5,3,0.6,84.0,29.939939879699157,0.35642785571070423,46,0.0,0.0,0.0,0.0,False,False,False
887,67148.24405476762,369368.8159761053,302220.57192133757,1.2221829031289277,0.5569334836527621,75.70264267730285,747.710153797784,-769.0090888583653,23155.072843470945,15746.460220297551,0.23155072843470945,10,7,0.7,88.7,18.43936007566423,0.2078845555317275,44,0.03709702368342326,2.8999366362909744,305.8687520615881,0.6234870128179648,2012-01-13 14:00:00,2021-05-18 23:00:00,RBB_U,5,30,3.0,1,31,36,55,32,1,0,-1,5000,2500,12,420,-72645.06115031426,402862.04579672316,475507.1069470374,0.8472261295593937,0.5285714285714286,-172.96443131027203,1814.6938999852396,-2401.5510451870578,92459.77119863805,90100.4337452641,0.9245977119863804,5,2,0.4,84.0,29.939939879699157,0.35642785571070423,46,0.0,0.0,0.0,0.0,False,False,False
888,57417.24596419319,347979.6644118265,290562.41844763333,1.1976072689336499,0.5574324324324325,64.65906077048783,702.989221033993,-739.3445762026294,17296.356533011814,13051.546080845867,0.17296356533011814,10,5,0.5,88.8,18.583863968507735,0.20927774739310515,44,0.03467599266676142,3.3196150793149224,267.50089356241233,0.6161571952120757,2012-01-13 14:00:00,2021-05-18 23:00:00,RBB_U,5,30,3.0,1,31,36,55,32,1,0,-1,2250,2000,12,420,-23887.094833805095,343641.86153592065,367528.95636972575,0.9350062235374585,0.5071428571428571,-56.87403531858356,1613.3420729385946,-1775.5022046846655,50529.44070916639,49227.96693401757,0.5052944070916638,5,3,0.6,84.0,29.939939879699157,0.35642785571070423,46,0.0,0.0,0.0,0.0,False,False,False
458,31532.38657339797,180746.50942347653,149214.1228500785,1.2113230703040079,0.6004366812227074,68.84800561877286,657.2600342671874,-815.3777204922322,20518.690641112094,17687.656988035793,0.20518690641112095,10,9,0.9,45.8,14.627371602581238,0.3193749258205511,23,0.04728471777831969,1.5367640715932613,298.0288311433271,0.6023598123313469,2012-01-18 10:00:00,2021-05-19 15:30:00,RBB_U,5,50,2.0,1,17,36,78,31,-1,11,-1,5000,1500,24,229,1202.0663590770928,183254.96264927465,182052.89629019756,1.006602841171837,0.6375545851528385,5.249198074572457,1255.1709770498264,-2193.408389038525,19950.04053348593,18695.329541505504,0.19950040533485933,5,1,0.2,45.8,17.79213309302738,0.38847452168182056,22,1.2403641352585069,0.060253830415002776,3800.588251779934,0.04657582074428829,False,False,False
457,33409.70461148508,205438.0096943446,172028.30508285953,1.194210508528773,0.5733041575492341,73.1065746421993,784.1145408181092,-882.1964363223566,23989.68792199716,21907.74336169327,0.2398968792199716,10,9,0.9,45.7,14.588008774332431,0.31921244582784314,23,0.1493877320389199,1.3926694136296083,328.1467917134445,0.5915392735101995,2012-01-18 10:00:00,2021-05-19 14:00:00,RBB_U,5,50,2.0,1,17,36,78,31,-1,11,-1,4000,5000,24,229,-8425.420524563866,229815.03730370806,238240.4578282719,0.9646348038390816,0.537117903930131,-36.79222936490771,1868.4149374285207,-2247.5514889459614,46371.479847479306,42840.41321069162,0.4637147984747931,5,3,0.6,45.8,17.79213309302738,0.38847452168182056,22,0.0,0.0,0.0,0.0,False,False,False
887,62616.31379249418,368750.6119906575,306134.2981981633,1.204538707884218,0.5558060879368658,70.59336391487506,747.9728437944372,-776.9906045638662,24090.90166920657,18163.339127231855,0.24090901669206571,10,6,0.6,88.7,18.43936007566423,0.2078845555317275,44,0.039781964940558294,2.599168543057543,341.2629790281217,0.5700025477840548,2012-01-13 14:00:00,2021-05-18 23:00:00,RBB_U,5,30,3.0,1,31,36,55,32,1,0,-1,4000,2500,12,420,-55849.380499244,395364.8012929013,451214.18179214525,0.8762242350685436,0.5190476190476191,-132.97471547439048,1813.6000059307398,-2233.733573228442,78422.38387006824,77006.04339765554,0.7842238387006824,5,2,0.4,84.0,29.939939879699157,0.35642785571070423,46,0.0,0.0,0.0,0.0,False,False,False
457,31876.613565520303,203904.91864837985,172028.30508285953,1.1852986550682258,0.5733041575492341,69.7518896400882,778.263048276259,-882.1964363223566,23989.68792199716,21907.74336169327,0.2398968792199716,10,9,0.9,45.7,14.588008774332431,0.31921244582784314,23,0.14088698571349312,1.3287631614536881,343.9288605051593,0.5643949579856844,2012-01-18 10:00:00,2021-05-19 14:00:00,RBB_U,5,50,2.0,1,17,36,78,31,-1,11,-1,4000,4500,24,229,-12597.841560481553,225642.61626779035,238240.4578282719,0.9471213173643147,0.537117903930131,-55.01240856105481,1834.4928151852873,-2247.5514889459614,47191.61943884375,43669.457196356336,0.4719161943884375,5,3,0.6,45.8,17.79213309302738,0.38847452168182056,22,0.0,0.0,0.0,0.0,False,False,False
887,57302.912628290156,366830.1383212076,309527.2256929174,1.185130443695252,0.5546786922209695,64.60305820551314,745.5897120349748,-783.6132296023226,21729.936339303124,14321.32371612973,0.21729936339303124,10,6,0.6,88.7,18.43936007566423,0.2078845555317275,44,0.04347073971891275,2.6370492639063046,336.36079998220146,0.549241440201853,2012-01-13 14:00:00,2021-05-18 23:00:00,RBB_U,5,30,3.0,1,31,36,55,32,1,0,-1,3000,2500,12,420,-29517.2418782358,389434.643073587,418951.8849518228,0.9295450314500192,0.5095238095238095,-70.27914732913285,1819.7880517457336,-2033.747014329237,61714.961872660075,59134.5068588861,0.6171496187266008,5,3,0.6,84.0,29.939939879699157,0.35642785571070423,46,0.0,0.0,0.0,0.0,False,False,False
457,30622.613596022104,202650.91867888166,172028.30508285953,1.1780091571632492,0.5733041575492341,67.0079072123022,773.4767888506933,-882.1964363223566,23989.68792199716,21907.74336169327,0.2398968792199716,10,8,0.8,45.7,14.588008774332431,0.31921244582784314,23,0.1956397347082822,1.276490702821646,358.0127916245803,0.5421921208290885,2012-01-18 10:00:00,2021-05-19 14:00:00,RBB_U,5,50,2.0,1,17,36,78,31,-1,11,-1,4000,6000,24,229,-16792.791499752035,225456.6663285199,242249.4578282719,0.9306797561063842,0.5327510917030568,-73.33096724782548,1848.0054617091796,-2264.013624563289,46517.733826949436,42430.35656864563,0.46517733826949437,5,2,0.4,45.8,17.79213309302738,0.38847452168182056,22,0.0,0.0,0.0,0.0,False,False,False
457,30047.14509752533,202075.45018038485,172028.30508285953,1.174663960579352,0.5733041575492341,65.74867636219984,771.2803441999422,-882.1964363223566,23989.68792199716,21907.74336169327,0.2398968792199716,10,8,0.8,45.7,14.588008774332431,0.31921244582784314,23,0.1867463124473419,1.252502541726432,364.86951904311314,0.5320030987623754,2012-01-18 10:00:00,2021-05-19 14:00:00,RBB_U,5,50,2.0,1,17,36,78,31,-1,11,-1,4000,0,24,229,-12813.144767885802,229436.31306038614,242249.4578282719,0.9471076431594374,0.5327510917030568,-55.952597239675995,1880.6255168884109,-2264.013624563289,47414.79038657587,43883.72374978819,0.4741479038657587,5,3,0.6,45.8,17.79213309302738,0.38847452168182056,22,0.0,0.0,0.0,0.0,False,False,False
457,29259.046602367554,201287.35168522707,172028.30508285953,1.170082746489158,0.5733041575492341,64.02417199642791,768.2723346764392,-882.1964363223566,23989.68792199716,21907.74336169327,0.2398968792199716,10,8,0.8,45.7,14.588008774332431,0.31921244582784314,23,0.1364022571971658,1.21965098910431,374.69735529474104,0.5180493324330601,2012-01-18 10:00:00,2021-05-19 14:00:00,RBB_U,5,50,2.0,1,17,36,78,31,-1,11,-1,4000,4000,24,229,2572.6376825332263,229959.23238963113,227386.59470709786,1.0113139373314735,0.5502183406113537,11.234225687918018,1825.0732729335805,-2207.636841816484,43191.61943884375,39669.457196356336,0.4319161943884375,5,3,0.6,45.8,17.79213309302738,0.38847452168182056,22,1.5513261067023398,0.059563353167988935,3844.6458740182416,0.06774587357625934,False,False,False
