n_trades,net_profit,gross_profit,gross_loss,profit_factor,win_rate,avg_trade,avg_win,avg_loss,max_dd,max_dd_closed,max_dd_pct,n_years,profitable_years,profitable_years_ratio,yearly_trades_mean,yearly_trades_std,yearly_trades_cv,min_yearly_trades,top_trade_pct,np_dd,recovery_trades,unger_score,first_trade,last_trade,engine,phase,p_entry_type,p_le_bar,p_lx_bar,p_se_bar,p_sx_bar,p_end_long,p_end_short,p_nhigh,p_nlow,p_ptn_ly_yes,p_ptn_ly_no,p_ptn_sy_yes,p_ptn_sy_no,p_not_le_day,p_not_se_day,p_stop_loss,p_take_profit,oos_n_trades,oos_net_profit,oos_gross_profit,oos_gross_loss,oos_profit_factor,oos_win_rate,oos_avg_trade,oos_avg_win,oos_avg_loss,oos_max_dd,oos_max_dd_closed,oos_max_dd_pct,oos_n_years,oos_profitable_years,oos_profitable_years_ratio,oos_yearly_trades_mean,oos_yearly_trades_std,oos_yearly_trades_cv,oos_min_yearly_trades,oos_top_trade_pct,oos_np_dd,oos_recovery_trades,oos_unger_score,passes_oos_gate,passes_oos_hard,overall_pass
1831,290941.0,935039.0,644098.0,1.45170300171713,0.5674494811578372,158.8973238667395,899.9412897016362,-813.2550505050505,17865.0,15456.0,0.17865,10,10,1.0,183.1,40.73929307192259,0.2224975044889273,66,0.02574748832237464,16.285530366638678,112.4310942768465,1.4898910786296111,2012-01-10 01:30:00,2021-05-20 08:00:00,BIAS,7,1,2,45,2,7,14,14,1,2,152,103,104,141,4,2,2000,7500,700,71860.0,842557.0,770697.0,1.0932402747123708,0.39571428571428574,102.65714285714286,3041.7220216606497,-1821.9787234042553,40371.0,37328.0,0.40371,5,4,0.8,140.0,44.66318394382559,0.31902274245589707,63,0.10424436404119121,1.7799905873027668,393.2605065404954,0.6403152809533817,True,False,False
1831,296736.0,940834.0,644098.0,1.4607000798015208,0.5674494811578372,162.0622610595303,905.5187680461983,-813.2550505050505,18634.0,15456.0,0.18634,10,10,1.0,183.1,40.73929307192259,0.2224975044889273,66,0.033669659225709046,15.92443919716647,114.98050118623962,1.4878813332363154,2012-01-10 01:30:00,2021-05-20 08:00:00,BIAS,7,1,2,45,2,7,14,14,1,2,152,103,104,141,4,2,2000,10000,700,60550.0,835265.0,774715.0,1.0781577741492032,0.39285714285714285,86.5,3037.327272727273,-1822.8588235294117,49620.0,44060.0,0.4962,5,4,0.8,140.0,44.66318394382559,0.31902274245589707,63,0.1650041288191577,1.220274083031036,573.6416184971098,0.48666170629530836,True,False,False
1831,294006.0,938104.0,644098.0,1.4564615943536543,0.5674494811578372,160.57127252867286,902.8912415784408,-813.2550505050505,18634.0,15456.0,0.18634,10,10,1.0,183.1,40.73929307192259,0.2224975044889273,66,0.03372720284620042,15.777932810990663,116.04815547982014,1.474192680562777,2012-01-10 01:30:00,2021-05-20 08:00:00,BIAS,7,1,2,45,2,7,14,14,1,2,152,103,104,141,4,2,2000,0,700,56345.0,831060.0,774715.0,1.072729971667,0.39285714285714285,80.49285714285715,3022.0363636363636,-1822.8588235294117,49620.0,44060.0,0.4962,5,4,0.8,140.0,44.66318394382559,0.31902274245589707,63,0.29480876741503237,1.1355300282144296,616.4522140385127,0.4528646381702585,True,False,False
1979,324974.0,1102865.0,777891.0,1.4177628999435654,0.5634158665992925,164.21121778676098,989.1165919282511,-900.3368055555555,19621.0,17357.0,0.19621,10,10,1.0,197.9,35.012711977223354,0.1769212328308406,94,0.03074399798137697,16.56256052188981,119.48635583154345,1.4692026395334148,2012-01-10 01:30:00,2021-05-20 08:00:00,BIAS,7,1,2,45,34,7,14,14,3,2,152,103,41,127,4,4,2250,10000,980,19895.0,1125671.0,1105776.0,1.0179918898583438,0.4142857142857143,20.301020408163264,2772.588669950739,-1926.439024390244,57913.0,56114.0,0.57913,5,2,0.4,196.0,61.31557713990793,0.3128345772444282,98,0.5021864790148278,0.3435325401895947,2852.7137471726564,0.10572295257698654,False,False,False
1980,324795.0,1103360.0,778565.0,1.417171334442211,0.5631313131313131,164.03787878787878,989.5605381165919,-900.0751445086705,19621.0,17357.0,0.19621,10,10,1.0,198.0,35.07990877981298,0.17717125646370194,94,0.023063778691174434,16.55343764334132,119.61261718930403,1.4676517703654965,2012-01-10 01:30:00,2021-05-20 08:00:00,BIAS,7,1,2,45,34,7,14,14,3,2,152,103,41,127,4,4,2250,7500,981,47296.0,1146354.0,1099058.0,1.0430332157174598,0.4169215086646279,48.21202854230377,2802.8215158924204,-1921.43006993007,61462.0,59484.0,0.61462,5,2,0.4,196.2,61.447213118252975,0.3131866112041436,98,0.15838548714479025,0.7695161237838014,1274.8270889715832,0.24372018989768374,False,False,False
1831,281816.0,945838.0,664022.0,1.4244076250485678,0.5696340797378482,153.91370835608956,906.843720038351,-842.6675126903554,17374.0,15293.0,0.17374,10,10,1.0,183.1,40.73929307192259,0.2224975044889273,66,0.03545220995259318,16.220559456659377,112.88143327561247,1.4634127700948671,2012-01-10 01:30:00,2021-05-20 08:00:00,BIAS,7,1,2,45,2,7,14,14,1,2,152,103,104,141,4,2,2250,10000,700,36880.0,859443.0,822563.0,1.0448354715687431,0.4114285714285714,52.68571428571428,2984.1770833333335,-1996.5121359223301,66156.0,61073.0,0.66156,5,3,0.6,140.0,44.66318394382559,0.31902274245589707,63,0.2709056399132321,0.5574702218997521,1255.6724511930586,0.25671290429569876,False,False,False
1992,342337.0,1098747.0,756410.0,1.4525812720614482,0.5607429718875502,171.8559236947791,983.6589077887198,-864.4685714285714,21801.0,19416.0,0.21801,10,10,1.0,199.2,35.241452864489,0.17691492401851908,95,0.029184692276908425,15.702811797623962,126.85626152008109,1.458699203896931,2012-01-10 01:30:00,2021-05-20 08:00:00,BIAS,7,1,2,45,34,7,14,14,3,2,152,103,41,127,4,4,2000,10000,995,33815.0,1093680.0,1059865.0,1.0319050067697302,0.3969849246231156,33.984924623115575,2768.8101265822784,-1766.4416666666666,68043.0,66084.0,0.68043,5,3,0.6,199.0,63.56728718452597,0.31943360394234155,98,0.29546059441076444,0.49696515438766664,2002.1524471388439,0.1632803908679838,False,False,False
1993,342158.0,1099242.0,757084.0,1.4519419245420588,0.5604616156547918,171.67987957852483,984.1020590868397,-864.2511415525114,21801.0,19416.0,0.21801,10,10,1.0,199.3,35.30736467084452,0.17715687240764938,95,0.02189339427983563,15.69460116508417,126.9863425668843,1.4572049556527629,2012-01-10 01:30:00,2021-05-20 08:00:00,BIAS,7,1,2,45,34,7,14,14,3,2,152,103,41,127,4,4,2000,7500,996,61681.0,1115578.0,1053897.0,1.058526592257118,0.39959839357429716,61.928714859437754,2802.959798994975,-1762.3695652173913,60648.0,58689.0,0.60648,5,3,0.6,199.2,63.68484906160962,0.31970305753820094,98,0.12144744735007539,1.0170327133623533,979.3195311360062,0.31515432594507375,False,False,False
1979,322244.0,1100135.0,777891.0,1.4142534108249099,0.5634158665992925,162.83173319858514,986.6681614349776,-900.3368055555555,19621.0,17357.0,0.19621,10,10,1.0,197.9,35.012711977223354,0.1769212328308406,94,0.030771713360062562,16.42342388257479,120.4986252653269,1.45686034997817,2012-01-10 01:30:00,2021-05-20 08:00:00,BIAS,7,1,2,45,34,7,14,14,3,2,152,103,41,127,4,4,2250,0,979,7939.0,1113715.0,1105776.0,1.0071795734398288,0.4136874361593463,8.10929519918284,2749.9135802469136,-1926.439024390244,63020.0,59051.0,0.6302,5,2,0.4,195.8,61.18627297033216,0.31249373324990887,98,2.092329008691271,0.1259758806728023,7771.3288827308215,0.04048399454825567,False,False,False
1831,279086.0,943108.0,664022.0,1.420296315483523,0.5696340797378482,152.42271982523212,904.2262703739214,-842.6675126903554,17374.0,15293.0,0.17374,10,10,1.0,183.1,40.73929307192259,0.2224975044889273,66,0.03553026665615617,16.063428110970417,113.98563166909125,1.4492364392181285,2012-01-10 01:30:00,2021-05-20 08:00:00,BIAS,7,1,2,45,2,7,14,14,1,2,152,103,104,141,4,2,2250,0,700,32675.0,855238.0,822563.0,1.0397234011255065,0.4114285714285714,46.67857142857143,2969.5763888888887,-1996.5121359223301,65141.0,60058.0,0.65141,5,3,0.6,140.0,44.66318394382559,0.31902274245589707,63,0.5083703136954858,0.5016042124007921,1395.522570772762,0.22920801104683058,False,False,False
1992,339607.0,1096017.0,756410.0,1.4489721182956332,0.5607429718875502,170.48544176706827,981.2148612354521,-864.4685714285714,21801.0,19416.0,0.21801,10,10,1.0,199.2,35.241452864489,0.17691492401851908,95,0.02919845586221721,15.577588184028256,127.87602140120786,1.4470666639534293,2012-01-10 01:30:00,2021-05-20 08:00:00,BIAS,7,1,2,45,34,7,14,14,3,2,152,103,41,127,4,4,2000,0,994,26689.0,1086554.0,1059865.0,1.0251815089657645,0.3963782696177062,26.85010060362173,2757.751269035533,-1766.4416666666666,68763.0,66804.0,0.68763,5,3,0.6,198.8,63.4520291243708,0.31917519680267004,98,0.6223912473303608,0.3881302444628652,2560.9959908576566,0.12832402001392218,False,False,False
1874,288104.0,950987.0,662883.0,1.4346227011403219,0.564034151547492,153.7374599786553,899.7038789025544,-811.3623011015912,17865.0,16073.0,0.17865,10,10,1.0,187.4,39.88282838515844,0.21282192307982092,69,0.03467844944881015,16.126728239574586,116.20459972787603,1.441509929175848,2012-01-10 01:30:00,2021-05-20 08:00:00,BIAS,8,1,2,45,2,7,14,14,1,2,152,103,104,153,4,2,2000,10000,760,61895.0,856844.0,794949.0,1.0778603407262604,0.4,81.4407894736842,2818.565789473684,-1743.3092105263158,47801.0,42241.0,0.47801,5,4,0.8,152.0,47.686476070265456,0.3137268162517464,71,0.16141853138379514,1.2948473881299554,586.9417562000162,0.4668344861309263,True,False,False
1996,322011.0,1110207.0,788196.0,1.4085417840232632,0.5621242484969939,161.32815631262525,989.4893048128342,-901.8260869565217,19688.0,17357.0,0.19688,10,9,0.9,199.6,35.54771441316586,0.17809476158900733,95,0.031026890385732163,16.355698902885006,122.03697389219623,1.4409496878602337,2012-01-10 01:30:00,2021-05-20 08:00:00,BIAS,8,1,2,45,34,7,14,14,3,2,152,103,41,153,4,4,2250,10000,1019,22634.0,1166243.0,1143609.0,1.0197917295159447,0.4151128557409225,22.211972522080472,2757.075650118203,-1918.8070469798658,64317.0,62518.0,0.64317,5,2,0.4,203.8,63.382647467583745,0.3110041583296553,105,0.44141556949721655,0.3519131800301631,2895.6005566846334,0.10976495028346478,False,False,False
1831,276021.0,940043.0,664022.0,1.4156805045615959,0.5696340797378482,150.74877116329876,901.287631831256,-842.6675126903554,17323.0,15293.0,0.17323,10,10,1.0,183.1,40.73929307192259,0.2224975044889273,66,0.02713923940569739,15.933787450210703,114.91304284818908,1.4354288641386104,2012-01-10 01:30:00,2021-05-20 08:00:00,BIAS,7,1,2,45,2,7,14,14,1,2,152,103,104,141,4,2,2250,7500,700,48690.0,866735.0,818045.0,1.059519953058817,0.4142857142857143,69.55714285714286,2988.7413793103447,-1995.2317073170732,59421.0,53919.0,0.59421,5,3,0.6,140.0,44.66318394382559,0.31902274245589707,63,0.15385089340727048,0.8194072802544555,854.2760320394331,0.3576112752502528,False,False,False
1920,342100.0,1115654.0,773554.0,1.4422444974752895,0.5776041666666667,178.17708333333334,1006.0,-953.8273736128236,24845.0,22820.0,0.24845,10,10,1.0,192.0,36.08323710533743,0.18793352659029913,84,0.02189710610932476,13.769370094586435,139.43992984507454,1.4166800950286218,2012-01-10 01:30:00,2021-05-20 08:00:00,BIAS,7,1,2,45,34,7,14,14,3,2,152,103,41,127,4,4,4000,7500,883,114248.0,1251537.0,1137289.0,1.1004564363147802,0.49490373725934317,129.38618346545866,2863.929061784897,-2549.97533632287,70264.0,66302.0,0.70264,5,4,0.8,176.6,52.09452946327474,0.2949860105508196,93,0.06556788740284294,1.6259820107024934,543.0564386247462,0.6117315991616179,True,False,False
1919,341604.0,1114484.0,772880.0,1.4419884069972053,0.5779051589369463,178.01146430432516,1004.9449954914337,-954.1728395061729,24845.0,22820.0,0.24845,10,10,1.0,191.9,36.05121357180643,0.18786458349039306,84,0.029247315605203685,13.74940631917891,139.56966253322562,1.41536326360808,2012-01-10 01:30:00,2021-05-20 08:00:00,BIAS,7,1,2,45,34,7,14,14,3,2,152,103,41,127,4,4,4000,10000,882,77762.0,1228448.0,1150686.0,1.0675788182006212,0.4909297052154195,88.1655328798186,2837.0623556581986,-2562.775055679287,68536.0,66221.0,0.68536,5,3,0.6,176.4,51.94073545878995,0.2944486137119612,93,0.12848177773205421,1.1346153846153846,777.3559322033898,0.4220645794766226,False,False,False
1960,323875.0,1100453.0,776578.0,1.417054049947333,0.5678571428571428,165.2423469387755,988.7268643306379,-916.8571428571429,21573.0,19548.0,0.21573,10,9,0.9,196.0,34.84250278036869,0.17776787132841168,92,0.030848321111539945,15.012979186946646,130.55370127363952,1.4099559022428219,2012-01-10 01:30:00,2021-05-20 08:00:00,BIAS,7,1,2,45,34,7,14,14,3,2,152,103,41,127,4,4,2500,10000,962,29942.0,1152422.0,1122480.0,1.0266748628037916,0.43347193347193347,31.124740124740125,2763.6019184652278,-2059.5963302752293,79501.0,74546.0,0.79501,5,2,0.4,192.4,59.452838452003284,0.30900643686072393,98,0.3336784449936544,0.37662419340637227,2554.270322623739,0.138343540263471,False,False,False
1961,323696.0,1100948.0,777252.0,1.4164620998080417,0.5675675675675675,165.06680265170831,989.1716082659478,-916.5707547169811,21573.0,19548.0,0.21573,10,9,0.9,196.1,34.901146112986034,0.17797626778677222,92,0.02314208393060155,15.004681778148612,130.6925417675844,1.4084580434418505,2012-01-10 01:30:00,2021-05-20 08:00:00,BIAS,7,1,2,45,34,7,14,14,3,2,152,103,41,127,4,4,2500,7500,963,58093.0,1173105.0,1115012.0,1.0521007845655472,0.43613707165109034,60.32502596053998,2793.1071428571427,-2053.4290976058933,70741.0,67885.0,0.70741,5,3,0.6,192.6,59.59731537577846,0.3094356976935538,98,0.1289484103076102,0.8212069379850441,1172.6642280481296,0.28425058495352545,False,False,False
1919,338874.0,1111754.0,772880.0,1.4384561639581823,0.5779051589369463,176.58884835852007,1002.4833183047791,-954.1728395061729,24845.0,22820.0,0.24845,10,10,1.0,191.9,36.05121357180643,0.18786458349039306,84,0.02926161346105042,13.639525055343128,140.6940485254106,1.4040520912867664,2012-01-10 01:30:00,2021-05-20 08:00:00,BIAS,7,1,2,45,34,7,14,14,3,2,152,103,41,127,4,4,4000,0,880,59125.0,1206887.0,1147762.0,1.0515132928255162,0.4909090909090909,67.1875,2793.7199074074074,-2561.96875,70922.0,68607.0,0.70922,5,3,0.6,176.0,51.60232552899142,0.29319503141472397,93,0.28094714587737846,0.8336623332675334,1055.5832558139534,0.31618221784839773,False,False,False
1960,321145.0,1097723.0,776578.0,1.4135386271565766,0.5678571428571428,163.84948979591837,986.2740341419586,-916.8571428571429,21573.0,19548.0,0.21573,10,9,0.9,196.0,34.84250278036869,0.17776787132841168,92,0.03087701816936275,14.886432114216845,131.66351648009464,1.3980711330784132,2012-01-10 01:30:00,2021-05-20 08:00:00,BIAS,7,1,2,45,34,7,14,14,3,2,152,103,41,127,4,4,2500,0,961,17986.0,1140466.0,1122480.0,1.0160234480792532,0.4328824141519251,18.7159209157128,2741.5048076923076,-2059.5963302752293,81407.0,76452.0,0.81407,5,2,0.4,192.2,59.310707296406434,0.3085884874943103,98,0.9235516512843323,0.2209392312700382,4349.612309574113,0.08220907717934993,False,False,False
1831,270801.0,914899.0,644098.0,1.420434468046788,0.5674494811578372,147.8978700163845,880.5572666025024,-813.2550505050505,17865.0,15456.0,0.17865,10,10,1.0,183.1,40.73929307192259,0.2224975044889273,66,0.022880270013773952,15.158186397984887,120.79281464987204,1.38675536959032,2012-01-10 01:30:00,2021-05-20 08:00:00,BIAS,7,1,2,45,2,7,14,14,1,2,152,103,104,141,4,2,2000,6000,700,56170.0,822849.0,766679.0,1.0732640387958976,0.3985714285714286,80.24285714285715,2949.2795698924733,-1821.0902612826603,39295.0,36037.0,0.39295,5,4,0.8,140.0,44.66318394382559,0.31902274245589707,63,0.10665835855438846,1.42944394961191,489.70090795798467,0.5073143935144876,True,False,False
1831,277861.0,951393.0,673532.0,1.4125431308386238,0.5723648279628618,151.75368651010376,907.8177480916031,-860.1941251596425,18874.0,17153.0,0.18874,10,10,1.0,183.1,40.73929307192259,0.2224975044889273,66,0.035956827334530574,14.721892550598707,124.37259637012751,1.384352603147685,2012-01-10 01:30:00,2021-05-20 08:00:00,BIAS,7,1,2,45,2,7,14,14,1,2,152,103,104,141,4,2,2500,10000,700,45990.0,893403.0,847413.0,1.0542710579139098,0.4328571428571429,65.7,2948.5247524752476,-2134.5415617128465,82223.0,78001.0,0.82223,5,3,0.6,140.0,44.66318394382559,0.31902274245589707,63,0.2172428788867145,0.5593325468542865,1251.4916286149162,0.2871495614287708,False,False,False
1831,272066.0,945598.0,673532.0,1.40393923377063,0.5723648279628618,148.58874931731293,902.2881679389313,-860.1941251596425,18448.0,17153.0,0.18448,10,10,1.0,183.1,40.73929307192259,0.2224975044889273,66,0.027533760190542,14.747723330442325,124.1547565664214,1.3710419059891676,2012-01-10 01:30:00,2021-05-20 08:00:00,BIAS,7,1,2,45,2,7,14,14,1,2,152,103,104,141,4,2,2500,7500,700,58300.0,900695.0,842395.0,1.0692074383157544,0.4357142857142857,83.28571428571429,2953.098360655738,-2132.6455696202534,75110.0,70347.0,0.7511,5,3,0.6,140.0,44.66318394382559,0.31902274245589707,63,0.12849056603773584,0.7761949141259487,901.8353344768439,0.3808562445667601,True,False,False
1831,275131.0,948663.0,673532.0,1.408489871305298,0.5723648279628618,150.26269797924633,905.212786259542,-860.1941251596425,18874.0,17153.0,0.18874,10,10,1.0,183.1,40.73929307192259,0.2224975044889273,66,0.036041013190080365,14.5772491257815,125.6066891771556,1.3707512607261392,2012-01-10 01:30:00,2021-05-20 08:00:00,BIAS,7,1,2,45,2,7,14,14,1,2,152,103,104,141,4,2,2500,0,700,41785.0,889198.0,847413.0,1.0493088966064954,0.4328571428571429,59.69285714285714,2934.6468646864687,-2134.5415617128465,81208.0,76986.0,0.81208,5,3,0.6,140.0,44.66318394382559,0.31902274245589707,63,0.3975350005983008,0.5145429021771254,1360.4307765944718,0.26252000634720335,False,False,False
1831,258331.0,872792.0,614461.0,1.4204188711732721,0.5554341889677772,141.08738394320045,858.2025565388398,-754.8660933660933,16676.0,14189.0,0.16676,10,10,1.0,183.1,40.73929307192259,0.2224975044889273,66,0.038675188033956434,15.491184936435596,118.1962520951802,1.3692466421284493,2012-01-10 01:30:00,2021-05-20 08:00:00,BIAS,7,1,2,41,2,7,14,14,3,1,152,103,104,141,4,2,2000,10000,700,39640.0,788964.0,749324.0,1.052901014781323,0.41285714285714287,56.628571428571426,2729.9792387543253,-1823.1727493917274,62480.0,58015.0,0.6248,5,3,0.6,140.0,44.66318394382559,0.31902274245589707,63,0.2520433905146317,0.6344430217669654,1103.329969727548,0.28392559354286007,False,False,False
2035,314595.0,1130979.0,816384.0,1.3853517462370648,0.5572481572481572,154.5921375921376,997.3359788359788,-906.0865704772475,20057.0,17366.0,0.20057,10,10,1.0,203.5,36.436931813751826,0.17905126198403845,99,0.031758292407698785,15.685047614299247,129.74139767002018,1.3680244584903607,2012-01-10 01:30:00,2021-05-20 08:00:00,BIAS,8,1,2,45,34,7,14,14,3,2,152,103,152,127,4,4,2250,10000,1066,-6969.0,1196712.0,1203681.0,0.994210260027366,0.4099437148217636,-6.537523452157599,2738.471395881007,-1913.6422893481717,84495.0,79675.0,0.84495,5,1,0.2,213.2,66.72750557303937,0.31298079537072876,112,0.0,0.0,0.0,0.0,False,False,False
1981,302796.0,1083620.0,780824.0,1.3877903343134945,0.5628470469459869,152.85007571933366,971.8565022421525,-901.6443418013857,19621.0,17357.0,0.19621,10,10,1.0,198.1,35.1495376925501,0.17743330485891015,94,0.020462621699097742,15.432240966311605,128.36761714157387,1.3675541642431717,2012-01-10 01:30:00,2021-05-20 08:00:00,BIAS,7,1,2,45,34,7,14,14,3,2,152,103,41,127,4,4,2250,6000,983,35058.0,1129598.0,1094540.0,1.0320298938366803,0.4201424211597152,35.66429298067141,2735.1041162227602,-1920.2456140350878,64980.0,62739.0,0.6498,5,2,0.4,196.6,61.785435176908805,0.31426976183575184,98,0.17088824234126304,0.5395198522622345,1821.9904158822524,0.17534089230522368,False,False,False
2051,316401.0,1067025.0,750624.0,1.4215172976083899,0.5436372501218918,154.26669917113603,956.9730941704036,-801.9487179487179,20028.0,19273.0,0.20028,10,9,0.9,205.1,35.84815197468343,0.174783773645458,102,0.023675652099708913,15.797932893948472,129.82711179800316,1.3661325611898298,2012-01-10 01:30:00,2021-05-20 08:00:00,BIAS,7,1,2,45,34,7,14,14,3,2,152,103,41,127,4,4,1500,7500,1038,37713.0,994396.0,956683.0,1.0394205813210855,0.34296724470134876,36.33236994219653,2793.247191011236,-1402.7609970674487,50118.0,48184.0,0.50118,5,3,0.6,207.6,66.12291584617242,0.31851115532838353,100,0.19863177153766606,0.7524841374356519,1379.4310715138017,0.20339314357767055,False,False,False
1994,318714.0,1077807.0,759093.0,1.4198615979860176,0.5601805416248746,159.83650952858576,964.9122649955237,-865.5564424173318,21801.0,19416.0,0.21801,10,10,1.0,199.4,35.37569787297489,0.17741072152946283,95,0.019440627019835965,14.619237649649099,136.39562115250664,1.3566793869561298,2012-01-10 01:30:00,2021-05-20 08:00:00,BIAS,7,1,2,45,34,7,14,14,3,2,152,103,41,127,4,4,2000,6000,998,50758.0,1100637.0,1049879.0,1.0483465237422598,0.4028056112224449,50.859719438877754,2737.902985074627,-1761.5419463087248,59728.0,57769.0,0.59728,5,3,0.6,199.6,64.01437338598262,0.320713293516947,98,0.11803065526616494,0.849819180283954,1174.3674691674219,0.2608101090989379,False,False,False
1907,343522.0,1100086.0,756564.0,1.454055440121391,0.5799685369690614,180.1373885684321,994.6528028933092,-944.5243445692884,27743.0,26082.0,0.27743,10,10,1.0,190.7,36.430893483415964,0.1910377214652122,82,0.02180646363260577,12.382294632880367,154.01022641926863,1.35539724507553,2012-01-10 01:30:00,2021-05-20 08:00:00,BIAS,7,1,2,45,34,7,14,14,3,2,152,103,41,127,4,4,5000,7500,843,94838.0,1228102.0,1133264.0,1.0836857078315378,0.5065243179122183,112.5005931198102,2876.1170960187355,-2724.1923076923076,64001.0,57835.0,0.64001,5,4,0.8,168.6,48.82458397160185,0.28958827978411533,91,0.07898732575549886,1.4818205965531788,568.8947784643286,0.5573151887189568,True,False,False
1906,343026.0,1098916.0,755890.0,1.4538041249388138,0.5802728226652676,179.9716684155299,993.5949367088608,-944.8625,27743.0,26082.0,0.27743,10,10,1.0,190.6,36.4093394611877,0.19102486600833002,82,0.029126072076169154,12.364416249143929,154.1520409531639,1.3541503265957953,2012-01-10 01:30:00,2021-05-20 08:00:00,BIAS,7,1,2,45,34,7,14,14,3,2,152,103,41,127,4,4,5000,10000,841,72806.0,1213288.0,1140482.0,1.06383792115965,0.5029726516052319,86.57074910820452,2868.293144208038,-2728.4258373205744,70505.0,65163.0,0.70505,5,3,0.6,168.2,48.99959183503471,0.2913174306482444,90,0.13722770101365273,1.0326359832635983,814.4205834683954,0.4086021655867281,False,False,False
2051,313406.0,1064030.0,750624.0,1.4175272839664066,0.5436372501218918,152.8064358849342,954.286995515695,-801.9487179487179,20028.0,19273.0,0.20028,10,9,0.9,205.1,35.84815197468343,0.174783773645458,102,0.03187877704957787,15.648392250848811,131.0677778983172,1.3532009743087408,2012-01-10 01:30:00,2021-05-20 08:00:00,BIAS,7,1,2,45,34,7,14,14,3,2,152,103,41,127,4,4,1500,10000,1038,20598.0,980299.0,959701.0,1.0214629348099042,0.34104046242774566,19.84393063583815,2769.2062146892654,-1403.0716374269007,48137.0,46118.0,0.48137,5,3,0.6,207.6,66.12291584617242,0.31851115532838353,100,0.4850470919506748,0.42790369154704283,2425.7794931546755,0.11335159536164105,False,False,False
1831,263556.0,904891.0,641335.0,1.4109490359952288,0.5603495357728018,143.9410158383397,881.9600389863548,-796.6894409937888,17807.0,17202.0,0.17807,10,10,1.0,183.1,40.73929307192259,0.2224975044889273,66,0.03790845209367269,14.800696355365867,123.71039551366694,1.3518503908858435,2012-01-10 01:30:00,2021-05-20 08:00:00,BIAS,7,1,2,45,2,7,14,14,1,2,152,103,104,141,4,2,1750,10000,700,60555.0,788970.0,728415.0,1.0831325549309117,0.36428571428571427,86.50714285714285,3094.0,-1636.887640449438,48261.0,43631.0,0.48261,5,3,0.6,140.0,44.66318394382559,0.31902274245589707,63,0.1649905045000413,1.254739852054454,557.884567748328,0.49350693181507355,True,False,False
1831,253761.0,868222.0,614461.0,1.412981458546596,0.5554341889677772,138.59148006553795,853.708947885939,-754.8660933660933,16676.0,14189.0,0.16676,10,10,1.0,183.1,40.73929307192259,0.2224975044889273,66,0.036593487572952506,15.217138402494603,120.32485685349602,1.345024008551654,2012-01-10 01:30:00,2021-05-20 08:00:00,BIAS,7,1,2,41,2,7,14,14,3,1,152,103,104,141,4,2,2000,0,700,31900.0,781224.0,749324.0,1.0425717046297729,0.41285714285714287,45.57142857142857,2703.19723183391,-1823.1727493917274,66525.0,62060.0,0.66525,5,3,0.6,140.0,44.66318394382559,0.31902274245589707,63,0.42683385579937305,0.4795189778278843,1459.7962382445141,0.2214316256298879,False,False,False
1831,266396.0,885775.0,619379.0,1.4301017632176745,0.5543418896777718,145.49208083014747,872.6847290640394,-759.0428921568628,18378.0,17363.0,0.18378,10,10,1.0,183.1,40.73929307192259,0.2224975044889273,66,0.02811979158846229,14.495374904777451,126.31615339569662,1.345022900034842,2012-01-10 01:30:00,2021-05-20 08:00:00,BIAS,7,1,2,45,2,7,14,14,1,2,152,103,104,141,4,2,1500,7500,700,47915.0,725060.0,677145.0,1.070760324598129,0.32857142857142857,68.45,3152.4347826086955,-1440.7340425531916,47380.0,42915.0,0.4738,5,4,0.8,140.0,44.66318394382559,0.31902274245589707,63,0.15633935093394552,1.01129168425496,692.1840759678597,0.39410810940055496,False,False,False
1831,269691.0,889070.0,619379.0,1.435421607771655,0.5543418896777718,147.29164391043145,875.9310344827586,-759.0428921568628,18869.0,17363.0,0.18869,10,10,1.0,183.1,40.73929307192259,0.2224975044889273,66,0.03704610090807628,14.292808309926334,128.10638471435828,1.3438262308672135,2012-01-10 01:30:00,2021-05-20 08:00:00,BIAS,7,1,2,45,2,7,14,14,1,2,152,103,104,141,4,2,1500,10000,700,46915.0,725569.0,678654.0,1.069129482770307,0.3271428571428571,67.02142857142857,3168.4235807860264,-1440.8789808917197,45439.0,39984.0,0.45439,5,4,0.8,140.0,44.66318394382559,0.31902274245589707,63,0.21295960780134285,1.0324831092233544,677.9771927954812,0.3940385797884051,False,False,False
1906,340296.0,1096186.0,755890.0,1.4501924883250208,0.5802728226652676,178.53934942287512,991.126582278481,-944.8625,27743.0,26082.0,0.27743,10,10,1.0,190.6,36.4093394611877,0.19102486600833002,82,0.029139337517925572,12.266013048336518,155.388714530879,1.3433732123490427,2012-01-10 01:30:00,2021-05-20 08:00:00,BIAS,7,1,2,45,34,7,14,14,3,2,152,103,41,127,4,4,5000,0,838,68183.0,1205741.0,1137558.0,1.05993804271958,0.5023866348448688,81.36396181384248,2863.9928741092635,-2727.956834532374,70505.0,65163.0,0.70505,5,3,0.6,167.6,48.97591244683452,0.29221904801213916,89,0.2806564686212106,0.9670661655201759,866.5384333338222,0.38402683747484323,False,False,False
2051,310751.0,1061375.0,750624.0,1.4139902267979707,0.5436372501218918,151.51194539249147,951.9058295964126,-801.9487179487179,20028.0,19273.0,0.20028,10,9,0.9,205.1,35.84815197468343,0.174783773645458,102,0.02985026596857291,15.515827841022569,132.18759714369384,1.3417374139851037,2012-01-10 01:30:00,2021-05-20 08:00:00,BIAS,7,1,2,45,34,7,14,14,3,2,152,103,41,127,4,4,1500,0,1037,13472.0,973173.0,959701.0,1.0140377054936902,0.3404050144648023,12.99132111861138,2756.8640226628895,-1403.0716374269007,49409.0,47475.0,0.49409,5,3,0.6,207.4,66.01393792222973,0.3182928540126795,100,1.2330017814726841,0.27266287518468296,3803.2313687648452,0.07324698158135155,False,False,False
1831,260816.0,904914.0,644098.0,1.4049321687072465,0.5674494811578372,142.44456581103222,870.9470644850818,-813.2550505050505,17736.0,15456.0,0.17736,10,10,1.0,183.1,40.73929307192259,0.2224975044889273,66,0.019136095945034046,14.705457825890843,124.51159438071284,1.3404712157136376,2012-01-10 01:30:00,2021-05-20 08:00:00,BIAS,7,1,2,45,2,7,14,14,1,2,152,103,104,141,4,2,2000,5000,700,47170.0,807398.0,760228.0,1.0620471753210878,0.4042857142857143,67.38571428571429,2852.9964664310955,-1823.0887290167866,44590.0,41332.0,0.4459,5,4,0.8,140.0,44.66318394382559,0.31902274245589707,63,0.10580877676489293,1.0578605068400986,661.7129531481874,0.39993420278805014,False,False,False
1831,260901.0,902236.0,641335.0,1.4068092338637375,0.5603495357728018,142.49098853085746,879.3723196881092,-796.6894409937888,17807.0,17202.0,0.17807,10,10,1.0,183.1,40.73929307192259,0.2224975044889273,66,0.03555371577724884,14.65159768630314,124.96930636524965,1.3382321739308058,2012-01-10 01:30:00,2021-05-20 08:00:00,BIAS,7,1,2,45,2,7,14,14,1,2,152,103,104,141,4,2,1750,0,700,56350.0,784765.0,728415.0,1.0773597468476075,0.36428571428571427,80.5,3077.5098039215686,-1636.887640449438,48261.0,43631.0,0.48261,5,3,0.6,140.0,44.66318394382559,0.31902274245589707,63,0.29478260869565215,1.1676094569113777,599.5155279503106,0.45923731496621906,True,False,False
1831,260261.0,901596.0,641335.0,1.4058113154591594,0.5603495357728018,142.14145275805572,878.7485380116959,-796.6894409937888,17807.0,17202.0,0.17807,10,10,1.0,183.1,40.73929307192259,0.2224975044889273,66,0.028782645113943312,14.615656764193856,125.27661462916072,1.334949439900213,2012-01-10 01:30:00,2021-05-20 08:00:00,BIAS,7,1,2,45,2,7,14,14,1,2,152,103,104,141,4,2,1750,7500,700,71145.0,796042.0,724897.0,1.0981449778382308,0.36714285714285716,101.63571428571429,3097.4396887159533,-1636.3363431151242,39346.0,34293.0,0.39346,5,4,0.8,140.0,44.66318394382559,0.31902274245589707,63,0.10529200927682901,1.808188888324099,387.12769695691895,0.6421485361454324,True,False,False
1831,255881.0,919903.0,664022.0,1.3853501841806446,0.5696340797378482,139.74931731294376,881.9779482262704,-842.6675126903554,17323.0,15293.0,0.17323,10,10,1.0,183.1,40.73929307192259,0.2224975044889273,66,0.02421438090362317,14.771171275183283,123.95767173021834,1.3306921327893595,2012-01-10 01:30:00,2021-05-20 08:00:00,BIAS,7,1,2,45,2,7,14,14,1,2,152,103,104,141,4,2,2250,6000,700,34685.0,848212.0,813527.0,1.0426353396998502,0.41714285714285715,49.55,2904.8356164383563,-1993.938725490196,54831.0,49848.0,0.54831,5,3,0.6,140.0,44.66318394382559,0.31902274245589707,63,0.17272596223151218,0.632580109791906,1106.5792129162462,0.26519786445285076,False,False,False
1831,267036.0,886415.0,619379.0,1.4311350562418164,0.5543418896777718,145.84161660294922,873.3152709359606,-759.0428921568628,18869.0,17363.0,0.18869,10,10,1.0,183.1,40.73929307192259,0.2224975044889273,66,0.034736889408169686,14.152101330224177,129.3800798394224,1.3305967992474992,2012-01-10 01:30:00,2021-05-20 08:00:00,BIAS,7,1,2,45,2,7,14,14,1,2,152,103,104,141,4,2,1500,0,700,42710.0,721364.0,678654.0,1.0629333946311375,0.3271428571428571,61.01428571428571,3150.0611353711793,-1440.8789808917197,44424.0,38969.0,0.44424,5,4,0.8,140.0,44.66318394382559,0.31902274245589707,63,0.38892531023179583,0.9614172519358906,728.0917817841255,0.36279571434651864,False,False,False
1831,250441.0,864902.0,614461.0,1.4075783491547877,0.5554341889677772,136.77826324412888,850.4444444444445,-754.8660933660933,16676.0,14189.0,0.16676,10,10,1.0,183.1,40.73929307192259,0.2224975044889273,66,0.029911236578675216,15.018049892060446,121.91995719550714,1.3274268217956458,2012-01-10 01:30:00,2021-05-20 08:00:00,BIAS,7,1,2,41,2,7,14,14,3,1,152,103,104,141,4,2,2000,7500,700,45690.0,793640.0,747950.0,1.0610869710542148,0.4142857142857143,65.27142857142857,2736.689655172414,-1824.2682926829268,58150.0,53685.0,0.5815,5,3,0.6,140.0,44.66318394382559,0.31902274245589707,63,0.1639527248850952,0.7857265692175408,890.8951630553731,0.33922488623480734,False,False,False
1962,303502.0,1083263.0,779761.0,1.3892243905504378,0.5672782874617737,154.6901121304791,973.282120395328,-918.4464075382804,21573.0,19548.0,0.21573,10,9,0.9,196.2,34.96226537282732,0.17819707121726464,92,0.020415021976790928,14.068604273860844,139.45946319958352,1.319917325416494,2012-01-10 01:30:00,2021-05-20 08:00:00,BIAS,7,1,2,45,34,7,14,14,3,2,152,103,41,127,4,4,2500,6000,965,46060.0,1156054.0,1109994.0,1.0414957197966836,0.43937823834196893,47.73056994818653,2726.5424528301887,-2051.744916820702,79493.0,77313.0,0.79493,5,3,0.6,193.0,59.9366332054112,0.3105525036549803,98,0.13006947459834997,0.5794220874794007,1665.4525618758141,0.21216396529388684,False,False,False
1921,318101.0,1095664.0,777563.0,1.4090999700345823,0.5773034877667881,165.59135866736074,987.9747520288548,-957.5899014778325,24845.0,22820.0,0.24845,10,10,1.0,192.1,36.11772418079522,0.18801522218008965,84,0.019478090292077043,12.80342121151137,150.03802251486164,1.3166114145775119,2012-01-10 01:30:00,2021-05-20 08:00:00,BIAS,7,1,2,45,34,7,14,14,3,2,152,103,41,127,4,4,4000,6000,886,87846.0,1221481.0,1133635.0,1.077490550309403,0.49774266365688485,99.14898419864559,2769.798185941043,-2547.494382022472,76676.0,74361.0,0.76676,5,4,0.8,177.2,52.11679191968746,0.29411282121719784,94,0.06819889351820231,1.1456779174709166,773.3412562894156,0.44874331486777297,True,False,False
1874,249699.0,882945.0,633246.0,1.3943159530419458,0.5522945570971185,133.24386339381005,853.0869565217391,-754.7628128724672,16676.0,14868.0,0.16676,10,10,1.0,187.4,39.88282838515844,0.21282192307982092,69,0.04001217465828858,14.973554809306789,125.15398139359787,1.2931256320525808,2012-01-10 01:30:00,2021-05-20 08:00:00,BIAS,8,1,2,41,2,7,14,14,3,1,152,103,104,153,4,2,2000,10000,760,40985.0,810543.0,769558.0,1.0532578441131142,0.41842105263157897,53.92763157894737,2548.877358490566,-1741.0814479638009,61416.0,56951.0,0.61416,5,3,0.6,152.0,47.686476070265456,0.3137268162517464,71,0.24377211174820057,0.6673342451478442,1138.8595827741856,0.2727156307460841,False,False,False
2073,293688.0,965061.0,671373.0,1.437443865034787,0.5455861070911722,141.6729377713459,853.2811671087533,-712.7101910828026,19054.0,16005.0,0.19054,10,10,1.0,207.3,44.622976144582736,0.2152579650003991,77,0.03401909509411348,15.413456492075154,134.49286998447332,1.286273333738105,2012-01-10 01:30:00,2021-05-20 08:00:00,BIAS,8,1,2,45,2,7,14,14,1,2,152,103,152,141,4,2,2000,10000,811,59321.0,866287.0,806966.0,1.0735111516470335,0.4032059186189889,73.14549938347719,2649.195718654434,-1667.2851239669421,49623.0,44063.0,0.49623,5,4,0.8,162.2,48.75817880109961,0.30060529470468317,79,0.16842264965189394,1.1954335691110978,678.4149458033412,0.4115148843338135,True,False,False
1984,285074.0,1068665.0,783591.0,1.3638045868316506,0.5619959677419355,143.68649193548387,958.4439461883408,-901.7157652474108,19621.0,18475.0,0.19621,10,10,1.0,198.4,34.630044758850666,0.17454659656678762,96,0.017507734833762462,14.529025024208757,136.5542420564485,1.2855673081423875,2012-01-10 01:30:00,2021-05-20 08:00:00,BIAS,7,1,2,45,34,7,14,14,3,2,152,103,41,127,4,4,2250,5000,987,28302.0,1117004.0,1088702.0,1.0259960944317177,0.42451874366767983,28.674772036474163,2665.8806682577565,-1916.7288732394366,67596.0,65371.0,0.67596,5,3,0.6,197.4,62.01483693439821,0.31415824181559376,99,0.17634796127482158,0.41869341381146813,2357.333474666101,0.13822255684453913,False,False,False
1831,244686.0,876357.0,631671.0,1.3873630418366523,0.5581649371927908,133.63517203713818,857.4921722113503,-780.8046971569839,16986.0,15439.0,0.16986,10,10,1.0,183.1,40.73929307192259,0.2224975044889273,66,0.040831923363004015,14.405157188272694,127.1072558299208,1.2850341349748813,2012-01-10 01:30:00,2021-05-20 08:00:00,BIAS,7,1,2,41,2,7,14,14,3,1,152,103,104,141,4,2,2250,10000,700,27370.0,819633.0,792263.0,1.0345466088912394,0.4328571428571429,39.1,2705.059405940594,-1995.624685138539,82924.0,79332.0,0.82924,5,3,0.6,140.0,44.66318394382559,0.31902274245589707,63,0.3650347095359883,0.33006126091360766,2120.8184143222506,0.17016729013324175,False,False,False
1997,302242.0,1063852.0,761610.0,1.39684615485616,0.5593390085127692,151.34802203304957,952.4189794091316,-865.4659090909091,21801.0,19416.0,0.21801,10,10,1.0,199.7,34.856993559399235,0.17454678797896464,97,0.016513257588290177,13.863675978166139,144.0454900377843,1.284629790492881,2012-01-10 01:30:00,2021-05-20 08:00:00,BIAS,7,1,2,45,34,7,14,14,3,2,152,103,41,127,4,4,2000,5000,1001,49086.0,1093798.0,1044712.0,1.0469851978344271,0.4075924075924076,49.03696303696304,2680.877450980392,-1761.7403035413154,67372.0,65413.0,0.67372,5,4,0.8,200.2,64.02936826175939,0.31982701429450244,99,0.10167868638715724,0.7285816066021492,1373.9023754227273,0.2367681564202999,False,False,False
1831,249836.0,893934.0,644098.0,1.3878850733894532,0.5674494811578372,136.44784270890224,860.3792107795957,-813.2550505050505,17736.0,15456.0,0.17736,10,10,1.0,183.1,40.73929307192259,0.2224975044889273,66,0.017975792119630477,14.08637798827244,129.98373332906385,1.284039194869304,2012-01-10 01:30:00,2021-05-20 08:00:00,BIAS,7,1,2,45,2,7,14,14,1,2,152,103,104,141,4,2,2000,4500,700,48070.0,803477.0,755407.0,1.0636345705030532,0.41,68.67142857142858,2799.5714285714284,-1829.0726392251815,40264.0,34933.0,0.40264,5,4,0.8,140.0,44.66318394382559,0.31902274245589707,63,0.0934262533804868,1.1938704549970196,586.3282712710629,0.428901011440538,True,False,False
1831,245896.0,909918.0,664022.0,1.3703130317971393,0.5696340797378482,134.29601310759148,872.4046021093001,-842.6675126903554,17323.0,15293.0,0.17323,10,10,1.0,183.1,40.73929307192259,0.2224975044889273,66,0.020297198815759507,14.194769959014028,128.99117106418973,1.2787658039650163,2012-01-10 01:30:00,2021-05-20 08:00:00,BIAS,7,1,2,45,2,7,14,14,1,2,152,103,104,141,4,2,2250,5000,700,24435.0,830761.0,806326.0,1.0303041201697576,0.4228571428571429,34.90714285714286,2806.625,-1995.8564356435643,63704.0,58623.0,0.63704,5,3,0.6,140.0,44.66318394382559,0.31902274245589707,63,0.204256189891549,0.3835708903679518,1824.9560057294864,0.17332866776690609,False,False,False
2052,295817.0,1047950.0,752133.0,1.3933041097784566,0.5433723196881092,144.1603313840156,939.8654708520179,-802.7033084311632,20028.0,19273.0,0.20028,10,9,0.9,205.2,35.92714850917061,0.17508356973280023,102,0.020945381773190858,14.770171759536648,138.92864845495694,1.2766340616204002,2012-01-10 01:30:00,2021-05-20 08:00:00,BIAS,7,1,2,45,34,7,14,14,3,2,152,103,41,127,4,4,1500,6000,1039,26514.0,980179.0,953665.0,1.0278022156627327,0.3455245428296439,25.518768046198268,2730.3036211699164,-1402.4485294117646,51184.0,49459.0,0.51184,5,3,0.6,207.8,66.33370184152247,0.31921896940097433,100,0.2259560986648563,0.5180134417005314,2005.7394583993362,0.14136179136442428,False,False,False
2015,301050.0,1065290.0,764240.0,1.3939207578771067,0.5508684863523573,149.4044665012407,959.7207207207207,-844.4640883977901,21638.0,20657.0,0.21638,10,9,0.9,201.5,35.64898315520374,0.17691803054691682,97,0.02488290981564524,13.913023384786024,144.82833416376016,1.272900537335966,2012-01-10 01:30:00,2021-05-20 08:00:00,BIAS,7,1,2,45,34,7,14,14,3,2,152,103,41,127,4,4,1750,7500,1013,64068.0,1072412.0,1008344.0,1.0635378402608633,0.3721618953603159,63.24580454096743,2844.5941644562336,-1585.446540880503,57742.0,55723.0,0.57742,5,3,0.6,202.6,63.87675633593177,0.31528507569561587,100,0.11692264469001686,1.1095563021717294,912.9775550977087,0.3298566601244396,False,False,False
1831,251926.0,925458.0,673532.0,1.3740371652720287,0.5723648279628618,137.58929546695794,883.0706106870228,-860.1941251596425,18448.0,17153.0,0.18448,10,10,1.0,183.1,40.73929307192259,0.2224975044889273,66,0.02459452378873161,13.65600607111882,134.080198153426,1.2695489447715889,2012-01-10 01:30:00,2021-05-20 08:00:00,BIAS,7,1,2,45,2,7,14,14,1,2,152,103,104,141,4,2,2500,6000,700,44795.0,882172.0,837377.0,1.0534944236586388,0.43857142857142856,63.99285714285714,2873.524429967427,-2130.7302798982187,70248.0,66026.0,0.70248,5,3,0.6,140.0,44.66318394382559,0.31902274245589707,63,0.13374260520147338,0.6376693998405648,1097.747516463891,0.30258957810217496,False,False,False
1831,240116.0,871787.0,631671.0,1.3801282629723384,0.5581649371927908,131.1392681594757,853.0205479452055,-780.8046971569839,16986.0,15439.0,0.16986,10,10,1.0,183.1,40.73929307192259,0.2224975044889273,66,0.03867297472888104,14.136112092311315,129.52642056339434,1.2610335546522016,2012-01-10 01:30:00,2021-05-20 08:00:00,BIAS,7,1,2,41,2,7,14,14,3,1,152,103,104,141,4,2,2250,0,700,19630.0,811893.0,792263.0,1.0247771257776774,0.4328571428571429,28.042857142857144,2679.5148514851485,-1995.624685138539,86969.0,83377.0,0.86969,5,3,0.6,140.0,44.66318394382559,0.31902274245589707,63,0.6936321956189506,0.2257126102404305,3101.288843606724,0.11917343799659116,False,False,False
2015,298055.0,1062295.0,764240.0,1.3900018318852716,0.5508684863523573,147.9181141439206,957.0225225225225,-844.4640883977901,21638.0,20657.0,0.21638,10,9,0.9,201.5,35.64898315520374,0.17691803054691682,97,0.03352065893878647,13.774609483316388,146.2836389257016,1.2602370691103517,2012-01-10 01:30:00,2021-05-20 08:00:00,BIAS,7,1,2,45,34,7,14,14,3,2,152,103,41,127,4,4,1750,10000,1013,37113.0,1050734.0,1013621.0,1.0366142769338835,0.36920039486673245,36.636722606120436,2809.4491978609626,-1586.2613458528951,65137.0,63118.0,0.65137,5,3,0.6,202.6,63.87675633593177,0.31528507569561587,100,0.26920486083043677,0.5697683344335784,1777.9155821410286,0.17990456643990071,False,False,False
1831,244616.0,886705.0,642089.0,1.3809689933949967,0.56799563080284,133.596941561988,852.6009615384615,-811.7433628318585,17736.0,15456.0,0.17736,10,10,1.0,183.1,40.73929307192259,0.2224975044889273,66,0.016315367760081106,13.792061344158773,132.75753016973542,1.2572108570908502,2012-01-10 01:30:00,2021-05-20 08:00:00,BIAS,7,1,2,45,2,7,14,14,1,2,152,103,104,141,4,2,2000,4000,700,27335.0,774706.0,747371.0,1.0365748737909284,0.4157142857142857,39.05,2662.219931271478,-1827.3129584352077,45070.0,42810.0,0.4507,5,3,0.6,140.0,44.66318394382559,0.31902274245589707,63,0.14600329248216573,0.6065009984468605,1154.1613316261205,0.2305242969324752,False,False,False
1908,318523.0,1080096.0,761573.0,1.4182435564286024,0.5796645702306079,166.9407756813417,976.5786618444846,-949.5922693266833,27743.0,26082.0,0.27743,10,10,1.0,190.8,36.45490364820623,0.19106343631135342,82,0.019452284450416454,11.48120246548679,166.18468368061335,1.2561027405107787,2012-01-10 01:30:00,2021-05-20 08:00:00,BIAS,7,1,2,45,34,7,14,14,3,2,152,103,41,127,4,4,5000,6000,846,69196.0,1197806.0,1128610.0,1.0613108159594546,0.5094562647754137,81.79196217494089,2779.1322505800463,-2719.5421686746986,73786.0,66965.0,0.73786,5,4,0.8,169.2,48.85652464103438,0.28875014563259094,92,0.08658014914156888,0.9377930772775324,902.1179836984797,0.37736627957178476,False,False,False
1831,236726.0,851187.0,614461.0,1.38525797406182,0.5554341889677772,129.28782086291645,836.9587020648968,-754.8660933660933,16676.0,14189.0,0.16676,10,10,1.0,183.1,40.73929307192259,0.2224975044889273,66,0.02530773974975288,14.19561045814344,128.98353370563436,1.2547324192779776,2012-01-10 01:30:00,2021-05-20 08:00:00,BIAS,7,1,2,41,2,7,14,14,3,1,152,103,104,141,4,2,2000,6000,700,41025.0,786966.0,745941.0,1.054997647267009,0.4157142857142857,58.607142857142854,2704.3505154639174,-1823.8166259168704,51826.0,50244.0,0.51826,5,4,0.8,140.0,44.66318394382559,0.31902274245589707,63,0.1460329067641682,0.7915910932736464,884.2949421084705,0.32263847135498713,False,False,False
1950,305355.0,1106513.0,801158.0,1.381142046887131,0.5707692307692308,156.59230769230768,994.1716082659478,-957.1780167264038,24573.0,22548.0,0.24573,10,10,1.0,195.0,34.79942528261063,0.17845859119287502,91,0.032719293936565634,12.426443657673056,156.92341700643513,1.2519321171271565,2012-01-10 01:30:00,2021-05-20 08:00:00,BIAS,7,1,2,45,34,7,14,14,3,2,152,103,41,127,4,4,3000,10000,924,57319.0,1199588.0,1142269.0,1.05017994885618,0.4577922077922078,62.03354978354978,2835.905437352246,-2279.9780439121755,68561.0,63606.0,0.68561,5,3,0.6,184.8,57.052256747651974,0.30872433305006475,95,0.17430520420802875,0.8360292294453114,1105.2245154311834,0.2969118350022812,False,False,False
1831,247886.0,867265.0,619379.0,1.4002169915350697,0.5543418896777718,135.38285090114692,854.448275862069,-759.0428921568628,18378.0,17363.0,0.18378,10,10,1.0,183.1,40.73929307192259,0.2224975044889273,66,0.024995360770676843,13.488192403961259,135.74836013328706,1.2515666398821181,2012-01-10 01:30:00,2021-05-20 08:00:00,BIAS,7,1,2,45,2,7,14,14,1,2,152,103,104,141,4,2,1500,6000,700,32965.0,707092.0,674127.0,1.0489002814009822,0.3314285714285714,47.09285714285714,3047.810344827586,-1440.4423076923076,41950.0,38934.0,0.4195,5,4,0.8,140.0,44.66318394382559,0.31902274245589707,63,0.18173820718944336,0.7858164481525626,890.7932655847111,0.2881565557167717,False,False,False
1951,305176.0,1107008.0,801832.0,1.3805984295962246,0.5704766786263454,156.4202972834444,994.6163522012579,-956.8400954653938,24573.0,22548.0,0.24573,10,10,1.0,195.1,34.85527219804774,0.17865336851895308,91,0.024546491205075103,12.419159239816059,157.09598068000105,1.2505569195934485,2012-01-10 01:30:00,2021-05-20 08:00:00,BIAS,7,1,2,45,34,7,14,14,3,2,152,103,41,127,4,4,3000,7500,925,80460.0,1213761.0,1133301.0,1.0709961431252597,0.46054054054054056,86.98378378378378,2849.2042253521126,-2271.1442885771544,58325.0,55681.0,0.58325,5,4,0.8,185.0,57.187411202116856,0.3091211416330641,95,0.09310216256524981,1.3795113587655379,670.5272806363411,0.4513883735693043,True,False,False
2015,295400.0,1059640.0,764240.0,1.3865277923165498,0.5508684863523573,146.60049627791562,954.6306306306307,-844.4640883977901,21638.0,20657.0,0.21638,10,9,0.9,201.5,35.64898315520374,0.17691803054691682,97,0.03140148950575491,13.651908679175525,147.59840893703455,1.2490111899320522,2012-01-10 01:30:00,2021-05-20 08:00:00,BIAS,7,1,2,45,34,7,14,14,3,2,152,103,41,127,4,4,1750,0,1012,29987.0,1043608.0,1013621.0,1.0295840358477182,0.3685770750988142,29.631422924901187,2797.8766756032173,-1586.2613458528951,65857.0,63838.0,0.65857,5,3,0.6,202.4,63.76393965243992,0.3150392275318178,100,0.5539400406842965,0.45533504411072473,2222.539233667923,0.14470748062940778,False,False,False
1831,236796.0,868467.0,631671.0,1.374872362353187,0.5581649371927908,129.32605133806663,849.7720156555773,-780.8046971569839,16986.0,15439.0,0.16986,10,10,1.0,183.1,40.73929307192259,0.2224975044889273,66,0.03163482491258298,13.940657011656658,131.34244666295038,1.2435976844834278,2012-01-10 01:30:00,2021-05-20 08:00:00,BIAS,7,1,2,41,2,7,14,14,3,1,152,103,104,141,4,2,2250,7500,700,33420.0,824309.0,790889.0,1.0422562458195777,0.4342857142857143,47.74285714285714,2711.5427631578946,-1997.1944444444443,78594.0,75002.0,0.78594,5,3,0.6,140.0,44.66318394382559,0.31902274245589707,63,0.22414721723518852,0.42522329948851056,1646.1938958707362,0.2134288656996455,False,False,False
1950,302625.0,1103783.0,801158.0,1.3777344793411537,0.5707692307692308,155.19230769230768,991.7187780772687,-957.1780167264038,24573.0,22548.0,0.24573,10,10,1.0,195.0,34.79942528261063,0.17845859119287502,91,0.0327666253614209,12.315346111585887,158.3390334572491,1.2407393261797113,2012-01-10 01:30:00,2021-05-20 08:00:00,BIAS,7,1,2,45,34,7,14,14,3,2,152,103,41,127,4,4,3000,0,923,28918.0,1174196.0,1145278.0,1.025249764685954,0.4561213434452871,31.33044420368364,2789.0641330166272,-2281.430278884462,70467.0,65512.0,0.70467,5,2,0.4,184.6,56.91959240894123,0.3083401538945895,95,0.5744173179334671,0.41037648828529666,2249.1541946192683,0.14791530318203355,False,False,False
1831,241751.0,883086.0,641335.0,1.3769496441017566,0.5603495357728018,132.03222282905517,860.7076023391813,-796.6894409937888,17807.0,17202.0,0.17807,10,10,1.0,183.1,40.73929307192259,0.2224975044889273,66,0.02562967681622827,13.57617790756444,134.86859206373498,1.2400066166091592,2012-01-10 01:30:00,2021-05-20 08:00:00,BIAS,7,1,2,45,2,7,14,14,1,2,152,103,104,141,4,2,1750,6000,700,53435.0,774814.0,721379.0,1.0740734066281385,0.37,76.33571428571429,2991.5598455598456,-1635.780045351474,34950.0,33738.0,0.3495,5,4,0.8,140.0,44.66318394382559,0.31902274245589707,63,0.11211752596612708,1.528898426323319,457.8459810985309,0.5117332433617874,True,False,False
1831,235521.0,828366.0,592845.0,1.3972724742554967,0.5412342981977062,128.62971054068814,835.8890010090818,-705.7678571428571,16923.0,15628.0,0.16923,10,10,1.0,183.1,40.73929307192259,0.2224975044889273,66,0.04242084569953422,13.917213260060272,131.56369495713759,1.2392018756295555,2012-01-10 01:30:00,2021-05-20 08:00:00,BIAS,7,1,2,41,2,7,14,14,3,1,152,103,104,141,4,2,1500,10000,700,19440.0,683749.0,664309.0,1.0292634903335647,0.3414285714285714,27.771428571428572,2860.874476987448,-1441.0173535791757,57145.0,52680.0,0.57145,5,3,0.6,140.0,44.66318394382559,0.31902274245589707,63,0.513940329218107,0.3401872429783883,2057.690329218107,0.145595700082878,False,False,False
1965,284530.0,1067308.0,782778.0,1.3634874766536618,0.566412213740458,144.79898218829516,958.9469901168014,-918.7535211267606,21871.0,21236.0,0.21871,10,9,0.9,196.5,34.43036450576729,0.17521813997845948,94,0.01754120830843848,13.009464587810342,151.04387938003023,1.2270736658579464,2012-01-10 01:30:00,2021-05-20 08:00:00,BIAS,7,1,2,45,34,7,14,14,3,2,152,103,41,127,4,4,2500,5000,969,48659.0,1149556.0,1100897.0,1.0441994119340865,0.44478844169246645,50.21568627450981,2667.183294663573,-2046.2769516728624,84538.0,82223.0,0.84538,5,4,0.8,193.8,60.15779251269116,0.3104117260716778,99,0.10257095295834276,0.5755873098488253,1683.4978524014057,0.21644764493083316,False,False,False
1997,288612.0,1050222.0,761610.0,1.3789498562256273,0.5593390085127692,144.5227841762644,940.2166517457475,-865.4659090909091,21801.0,19416.0,0.21801,10,10,1.0,199.7,34.856993559399235,0.17454678797896464,97,0.015560683547461644,13.238475299298198,150.848187185564,1.2266977226650544,2012-01-10 01:30:00,2021-05-20 08:00:00,BIAS,7,1,2,45,34,7,14,14,3,2,152,103,41,127,4,4,2000,4500,1005,36290.0,1082227.0,1045937.0,1.0346961623883657,0.4099502487562189,36.10945273631841,2626.7645631067962,-1763.806070826307,59897.0,58612.0,0.59897,5,3,0.6,201.0,64.27441170481454,0.31977319256126635,100,0.1237531000275558,0.605873416030853,1658.7623312207218,0.18490890125512197,False,False,False
1984,270944.0,1054535.0,783591.0,1.3457722204568454,0.5619959677419355,136.56451612903226,945.7713004484305,-901.7157652474108,19621.0,18475.0,0.19621,10,10,1.0,198.4,34.630044758850666,0.17454659656678762,96,0.01657538089051612,13.80887824269915,143.67568205976144,1.2218467792128744,2012-01-10 01:30:00,2021-05-20 08:00:00,BIAS,7,1,2,45,34,7,14,14,3,2,152,103,41,127,4,4,2250,4500,991,21661.0,1108424.0,1086763.0,1.0199316686342836,0.42785065590312815,21.8577194752775,2614.2075471698113,-1916.689594356261,58065.0,56340.0,0.58065,5,2,0.4,198.2,62.24275058189507,0.3140401139348894,100,0.2073311481464383,0.373047446826832,2656.4985457735097,0.11368078913584517,False,False,False
1831,234916.0,898938.0,664022.0,1.353777435084982,0.5696340797378482,128.2992900054615,861.8772770853308,-842.6675126903554,17323.0,15293.0,0.17323,10,10,1.0,183.1,40.73929307192259,0.2224975044889273,66,0.019117471777145872,13.560930554753796,135.02023276405183,1.2216650437756034,2012-01-10 01:30:00,2021-05-20 08:00:00,BIAS,7,1,2,45,2,7,14,14,1,2,152,103,104,141,4,2,2250,4500,700,31585.0,830331.0,798746.0,1.0395432340193254,0.43,45.121428571428574,2758.574750830565,-2001.8696741854637,61328.0,56373.0,0.61328,5,3,0.6,140.0,44.66318394382559,0.31902274245589707,63,0.14218774734842488,0.5150176102269762,1359.1768244419818,0.22834572600659145,False,False,False
1831,241941.0,915473.0,673532.0,1.3592123314111282,0.5723648279628618,132.13599126160568,873.5429389312977,-860.1941251596425,18448.0,17153.0,0.18448,10,10,1.0,183.1,40.73929307192259,0.2224975044889273,66,0.020628996325550444,13.11475498699046,139.613740540049,1.2192308108213643,2012-01-10 01:30:00,2021-05-20 08:00:00,BIAS,7,1,2,45,2,7,14,14,1,2,152,103,104,141,4,2,2500,5000,700,42900.0,869817.0,826917.0,1.0518794510210818,0.44571428571428573,61.285714285714285,2787.875,-2131.229381443299,71348.0,67126.0,0.71348,5,3,0.6,140.0,44.66318394382559,0.31902274245589707,63,0.11634032634032634,0.6012782418568144,1164.1864801864801,0.2875463090311258,False,False,False
1831,231656.0,824501.0,592845.0,1.3907530636169656,0.5412342981977062,126.51884216275259,831.9889001009082,-705.7678571428571,16923.0,15628.0,0.16923,10,10,1.0,183.1,40.73929307192259,0.2224975044889273,66,0.04008529889145975,13.688825858299356,133.75873277618538,1.2188660446450224,2012-01-10 01:30:00,2021-05-20 08:00:00,BIAS,7,1,2,41,2,7,14,14,3,1,152,103,104,141,4,2,1500,0,700,11700.0,676009.0,664309.0,1.0176122858489047,0.3414285714285714,16.714285714285715,2828.489539748954,-1441.0173535791757,61190.0,56725.0,0.6119,5,3,0.6,140.0,44.66318394382559,0.31902274245589707,63,1.1637606837606838,0.19120771367870568,3660.940170940171,0.08468120749214436,False,False,False
1831,239901.0,859280.0,619379.0,1.3873250465385492,0.5543418896777718,131.0218459858001,846.5812807881773,-759.0428921568628,18378.0,17363.0,0.18378,10,10,1.0,183.1,40.73929307192259,0.2224975044889273,66,0.0208044151545846,13.053705517466536,140.26668500756563,1.2112506897297952,2012-01-10 01:30:00,2021-05-20 08:00:00,BIAS,7,1,2,45,2,7,14,14,1,2,152,103,104,141,4,2,1500,5000,700,19920.0,689520.0,669600.0,1.0297491039426523,0.3357142857142857,28.457142857142856,2934.127659574468,-1440.0,49044.0,45279.0,0.49044,5,3,0.6,140.0,44.66318394382559,0.31902274245589707,63,0.25055220883534135,0.40616589185221436,1723.4337349397592,0.16104149706878007,False,False,False
1831,230131.0,822976.0,592845.0,1.3881807217738196,0.5412342981977062,125.68596395412342,830.4500504540867,-705.7678571428571,16923.0,15628.0,0.16923,10,10,1.0,183.1,40.73929307192259,0.2224975044889273,66,0.0325510252855982,13.59871181232642,134.64510648282936,1.2108422044764808,2012-01-10 01:30:00,2021-05-20 08:00:00,BIAS,7,1,2,41,2,7,14,14,3,1,152,103,104,141,4,2,1500,7500,700,16550.0,679350.0,662800.0,1.0249698249849124,0.34285714285714286,23.642857142857142,2830.625,-1440.8695652173913,61890.0,57425.0,0.6189,5,3,0.6,140.0,44.66318394382559,0.31902274245589707,63,0.45262839879154076,0.2674099208272742,2617.7039274924473,0.11910477245135616,False,False,False
1831,233766.0,875101.0,641335.0,1.3644990527571395,0.5603495357728018,127.67121791370836,852.9249512670565,-796.6894409937888,17807.0,17202.0,0.17807,10,10,1.0,183.1,40.73929307192259,0.2224975044889273,66,0.02135041023929913,13.12775874656034,139.47544553100107,1.1990493803055902,2012-01-10 01:30:00,2021-05-20 08:00:00,BIAS,7,1,2,45,2,7,14,14,1,2,152,103,104,141,4,2,1750,5000,700,40085.0,756187.0,716102.0,1.055976662542487,0.3742857142857143,57.26428571428571,2886.209923664122,-1634.9360730593608,40469.0,38182.0,0.40469,5,3,0.6,140.0,44.66318394382559,0.31902274245589707,63,0.12451041536734439,0.9905112555289234,706.7057502806537,0.3567484200464483,False,False,False
2055,278215.0,1034875.0,756660.0,1.3676882615705865,0.5425790754257908,135.38442822384428,928.1390134529148,-804.9574468085107,20028.0,19273.0,0.20028,10,9,0.9,205.5,35.43515203861838,0.17243382987162226,104,0.017939363441942382,13.891302176952268,147.93429541901048,1.198917696874314,2012-01-10 01:30:00,2021-05-20 08:00:00,BIAS,7,1,2,45,34,7,14,14,3,2,152,103,41,127,4,4,1500,5000,1042,18372.0,969149.0,950777.0,1.0193231430714038,0.3493282149712092,17.63147792706334,2662.497252747253,-1402.325958702065,58360.0,55734.0,0.5836,5,3,0.6,208.4,66.33128975076544,0.3182883385353428,101,0.27166340082734597,0.314804660726525,3309.989113868931,0.09146828223415715,False,False,False
1831,226076.0,840537.0,614461.0,1.3679257105007478,0.5554341889677772,123.47132714363735,826.4867256637168,-754.8660933660933,16676.0,14189.0,0.16676,10,10,1.0,183.1,40.73929307192259,0.2224975044889273,66,0.022076646791344502,13.556968097865196,135.05969673914967,1.198283612364878,2012-01-10 01:30:00,2021-05-20 08:00:00,BIAS,7,1,2,41,2,7,14,14,3,1,152,103,104,141,4,2,2000,5000,700,33745.0,773754.0,740009.0,1.0456007967470666,0.42,48.207142857142856,2631.816326530612,-1822.6822660098521,55690.0,52813.0,0.5569,5,3,0.6,140.0,44.66318394382559,0.31902274245589707,63,0.14790339309527337,0.6059436164481954,1155.2229959994074,0.25601312481289884,False,False,False
1831,229946.0,891709.0,661763.0,1.3474748512685055,0.570180229382851,125.58492626979792,854.1273946360153,-840.8678526048285,17323.0,15059.0,0.17323,10,10,1.0,183.1,40.73929307192259,0.2224975044889273,66,0.017356248858427632,13.274028747907407,137.93852904594993,1.195818889117918,2012-01-10 01:30:00,2021-05-20 08:00:00,BIAS,7,1,2,45,2,7,14,14,1,2,152,103,104,141,4,2,2250,4000,700,18035.0,805486.0,787451.0,1.022903012377913,0.43714285714285717,25.764285714285716,2632.3071895424837,-1998.6065989847716,65088.0,62750.0,0.65088,5,3,0.6,140.0,44.66318394382559,0.31902274245589707,63,0.22129193235375658,0.27708640609636187,2526.2877737732188,0.12656309603645646,False,False,False
1831,238356.0,878404.0,640048.0,1.3724033197510186,0.5592572364827962,130.1780447842709,857.81640625,-793.1201982651796,18736.0,16433.0,0.18736,10,10,1.0,183.1,40.73929307192259,0.2224975044889273,66,0.04191629327560456,12.721818958155422,143.92595948916747,1.191897070817021,2012-01-10 01:30:00,2021-05-20 08:00:00,BIAS,7,1,2,41,2,7,14,14,3,1,152,103,104,141,4,2,2500,10000,700,36280.0,846212.0,809932.0,1.0447938839309967,0.45285714285714285,51.82857142857143,2669.4384858044164,-2114.704960835509,92119.0,89152.0,0.92119,5,2,0.4,140.0,44.66318394382559,0.31902274245589707,63,0.2753858875413451,0.3938384046722175,1777.3787210584344,0.21401000538711706,False,False,False
1831,256201.0,956542.0,700341.0,1.3658232204026324,0.5745494265428728,139.92408519934463,909.2604562737642,-899.0256739409499,21874.0,19078.0,0.21874,10,10,1.0,183.1,40.73929307192259,0.2224975044889273,66,0.03899672522745813,11.7125811465667,156.32762557523193,1.1856808874705789,2012-01-10 01:30:00,2021-05-20 08:00:00,BIAS,7,1,2,45,2,7,14,14,1,2,152,103,104,141,4,2,3000,10000,700,63320.0,945426.0,882106.0,1.0717827562673874,0.4657142857142857,90.45714285714286,2900.079754601227,-2358.572192513369,70403.0,65448.0,0.70403,5,3,0.6,140.0,44.66318394382559,0.31902274245589707,63,0.15778584965255843,0.8993934917546127,778.3022741629817,0.4272545834096572,True,False,False
2073,255283.0,897019.0,641736.0,1.3978006532281186,0.5349734684032803,123.14664737095997,808.8539224526601,-665.701244813278,16975.0,15477.0,0.16975,10,10,1.0,207.3,44.622976144582736,0.2152579650003991,77,0.0391369578076096,15.038762886597938,137.84378513257835,1.1845602316511883,2012-01-10 01:30:00,2021-05-20 08:00:00,BIAS,8,1,2,41,2,7,14,14,3,1,152,103,152,141,4,2,2000,10000,811,38411.0,819986.0,781575.0,1.0491456354156672,0.4204685573366215,47.362515413070284,2404.6510263929617,-1662.9255319148936,66763.0,62201.0,0.66763,5,2,0.4,162.2,48.75817880109961,0.30060529470468317,79,0.2601077816250553,0.5753336428860297,1409.6168545468745,0.2297239551170134,False,False,False
1831,234061.0,847537.0,613476.0,1.3815324478871218,0.5390496996176952,127.83233205898416,858.7001013171226,-726.8672985781991,18339.0,15575.0,0.18339,10,10,1.0,183.1,40.73929307192259,0.2224975044889273,66,0.04268545379196022,12.763018703309886,143.4613583638453,1.1830206722190788,2012-01-10 01:30:00,2021-05-20 08:00:00,BIAS,7,1,2,45,2,7,14,14,1,2,152,103,104,141,4,2,1250,10000,700,46245.0,658674.0,612429.0,1.075510793904273,0.2842857142857143,66.06428571428572,3309.9195979899496,-1222.4131736526947,47103.0,42650.0,0.47103,5,2,0.4,140.0,44.66318394382559,0.31902274245589707,63,0.21604497783544166,0.981784599707025,712.987349983782,0.3814889005037128,True,False,False
2016,279486.0,1045485.0,765999.0,1.3648647060896946,0.5505952380952381,138.63392857142858,941.8783783783783,-845.4735099337748,21638.0,20657.0,0.21638,10,9,0.9,201.6,35.724501396100685,0.17720486803621371,97,0.022169267870304772,12.91644329420464,156.08011850325238,1.1811373937077174,2012-01-10 01:30:00,2021-05-20 08:00:00,BIAS,7,1,2,45,34,7,14,14,3,2,152,103,41,127,4,4,1750,6000,1015,51290.0,1056116.0,1004826.0,1.0510436632810058,0.3753694581280788,50.532019704433495,2771.958005249344,-1584.8990536277602,59842.0,57823.0,0.59842,5,3,0.6,203.0,64.19968847276442,0.31625462301854396,100,0.11680639500877364,0.8570903378897764,1184.2392279196724,0.25888271460038365,False,False,False
1831,250406.0,950747.0,700341.0,1.3575486798573837,0.5745494265428728,136.7591480065538,903.7519011406844,-899.0256739409499,21105.0,19078.0,0.21105,10,10,1.0,183.1,40.73929307192259,0.2224975044889273,66,0.02991541736220378,11.864771381189291,154.32240042171512,1.179785774475089,2012-01-10 01:30:00,2021-05-20 08:00:00,BIAS,7,1,2,45,2,7,14,14,1,2,152,103,104,141,4,2,3000,7500,700,75350.0,951438.0,876088.0,1.086007341728228,0.4685714285714286,107.64285714285714,2900.7256097560976,-2355.0752688172042,62290.0,56794.0,0.6229,5,3,0.6,140.0,44.66318394382559,0.31902274245589707,63,0.09941605839416058,1.2096644726280301,578.6728599867287,0.540524642460144,True,False,False
1831,253471.0,953812.0,700341.0,1.3619251193347242,0.5745494265428728,138.43309666848717,906.6653992395437,-899.0256739409499,21874.0,19078.0,0.21874,10,10,1.0,183.1,40.73929307192259,0.2224975044889273,66,0.039120846171751406,11.587775441163025,158.01134646567064,1.1730466322459907,2012-01-10 01:30:00,2021-05-20 08:00:00,BIAS,7,1,2,45,2,7,14,14,1,2,152,103,104,141,4,2,3000,0,700,59115.0,941221.0,882106.0,1.0670157554760993,0.4657142857142857,84.45,2887.180981595092,-2358.572192513369,69388.0,64433.0,0.69388,5,3,0.6,140.0,44.66318394382559,0.31902274245589707,63,0.28099467140319717,0.8519484637113045,821.6459443457667,0.4017879576541962,True,False,False
1831,269061.0,977488.0,708427.0,1.3798006004853005,0.5778263244128892,146.94756963407974,923.9017013232515,-916.4644243208279,24709.0,22479.0,0.24709,10,10,1.0,183.1,40.73929307192259,0.2224975044889273,66,0.03713284348158968,10.889190173620948,168.148408725159,1.1715862605071972,2012-01-10 01:30:00,2021-05-20 08:00:00,BIAS,7,1,2,45,2,7,14,14,1,2,152,103,104,141,4,2,4000,10000,700,54865.0,1003623.0,948758.0,1.0578282343864294,0.49714285714285716,78.37857142857143,2883.9741379310344,-2695.3352272727275,71924.0,66981.0,0.71924,5,3,0.6,140.0,44.66318394382559,0.31902274245589707,63,0.1821015219174337,0.7628190868138591,917.6487742641027,0.36626875676465565,True,False,False
1831,223081.0,854752.0,631671.0,1.3531601102472648,0.5581649371927908,121.83560895685417,836.3522504892368,-780.8046971569839,16986.0,15439.0,0.16986,10,10,1.0,183.1,40.73929307192259,0.2224975044889273,66,0.02685571608518879,13.133227363711292,139.41736857912596,1.171569684674773,2012-01-10 01:30:00,2021-05-20 08:00:00,BIAS,7,1,2,41,2,7,14,14,3,1,152,103,104,141,4,2,2250,6000,700,28805.0,817435.0,788630.0,1.0365253667752938,0.4357142857142857,41.15,2680.1147540983607,-1996.5316455696202,71084.0,67492.0,0.71084,5,3,0.6,140.0,44.66318394382559,0.31902274245589707,63,0.2079847248741538,0.4052248044566991,1727.4362089914946,0.19342978871263602,False,False,False
1831,220866.0,835327.0,614461.0,1.3594467346178196,0.5554341889677772,120.62588749317312,821.3638151425762,-754.8660933660933,16676.0,14189.0,0.16676,10,10,1.0,183.1,40.73929307192259,0.2224975044889273,66,0.020333595935997394,13.244543055888702,138.24561498827345,1.1706687500158404,2012-01-10 01:30:00,2021-05-20 08:00:00,BIAS,7,1,2,41,2,7,14,14,3,1,152,103,104,141,4,2,2000,4500,700,35405.0,772133.0,736728.0,1.0480570848399953,0.4257142857142857,50.57857142857143,2591.05033557047,-1832.6567164179105,51415.0,47074.0,0.51415,5,4,0.8,140.0,44.66318394382559,0.31902274245589707,63,0.1268464906086711,0.6886122726830691,1016.5372122581556,0.279551022836652,False,False,False
1831,226686.0,840162.0,613476.0,1.3695107877080765,0.5390496996176952,123.80447842708902,851.2279635258359,-726.8672985781991,17570.0,15575.0,0.1757,10,10,1.0,183.1,40.73929307192259,0.2224975044889273,66,0.0330457108070194,12.901878201479795,141.91732175785006,1.1705498700883705,2012-01-10 01:30:00,2021-05-20 08:00:00,BIAS,7,1,2,45,2,7,14,14,1,2,152,103,104,141,4,2,1250,7500,700,44300.0,655470.0,611170.0,1.072483924276388,0.2857142857142857,63.285714285714285,3277.35,-1222.34,51870.0,47405.0,0.5187,5,3,0.6,140.0,44.66318394382559,0.31902274245589707,63,0.16909706546275394,0.8540582224792751,819.6162528216704,0.348246699574014,True,False,False
1831,231406.0,844882.0,613476.0,1.3772046502226656,0.5390496996176952,126.3823047515019,856.0101317122594,-726.8672985781991,18339.0,15575.0,0.18339,10,10,1.0,183.1,40.73929307192259,0.2224975044889273,66,0.040085391044311726,12.618245269643928,145.10733948125807,1.169601435845904,2012-01-10 01:30:00,2021-05-20 08:00:00,BIAS,7,1,2,45,2,7,14,14,1,2,152,103,104,141,4,2,1250,0,700,42040.0,654469.0,612429.0,1.0686446918744867,0.2842857142857143,60.05714285714286,3288.788944723618,-1222.4131736526947,46475.0,42170.0,0.46475,5,2,0.4,140.0,44.66318394382559,0.31902274245589707,63,0.3951236917221694,0.9045723507261969,773.8463368220742,0.3491358256650537,False,False,False
1831,230246.0,842480.0,612234.0,1.376075160804529,0.5488803932277444,125.74877116329874,838.2885572139304,-741.2033898305085,18163.0,16868.0,0.18163,10,10,1.0,183.1,40.73929307192259,0.2224975044889273,66,0.04339271909175404,12.676650333094752,144.43878721020127,1.1693631538133145,2012-01-10 01:30:00,2021-05-20 08:00:00,BIAS,7,1,2,41,2,7,14,14,3,1,152,103,104,141,4,2,1750,10000,700,33605.0,741367.0,707762.0,1.0474806502750924,0.38142857142857145,48.00714285714286,2776.6554307116103,-1634.5542725173211,58800.0,54335.0,0.588,5,3,0.6,140.0,44.66318394382559,0.31902274245589707,63,0.29730694837077815,0.5715136054421769,1224.8177354560332,0.2481170698282549,False,False,False
1831,233786.0,873834.0,640048.0,1.3652632302577308,0.5592572364827962,127.68214090660841,853.353515625,-793.1201982651796,18736.0,16433.0,0.18736,10,10,1.0,183.1,40.73929307192259,0.2224975044889273,66,0.03972008589051526,12.477903501280956,146.7393941467838,1.1690448262180437,2012-01-10 01:30:00,2021-05-20 08:00:00,BIAS,7,1,2,41,2,7,14,14,3,1,152,103,104,141,4,2,2500,0,700,28540.0,838472.0,809932.0,1.0352375261133033,0.45285714285714285,40.77142857142857,2645.0220820189274,-2114.704960835509,96164.0,93197.0,0.96164,5,2,0.4,140.0,44.66318394382559,0.31902274245589707,63,0.47708479327259984,0.2967846595399526,2358.612473721093,0.16477416361267783,False,False,False
1925,292765.0,1076554.0,783789.0,1.3735252727455987,0.5761038961038961,152.0857142857143,970.7430117222723,-960.5257352941177,26643.0,26008.0,0.26643,10,10,1.0,192.5,35.59564580113697,0.18491244572019205,86,0.017047802845285467,10.98843974026949,175.1841067067443,1.1677135141760884,2012-01-10 01:30:00,2021-05-20 08:00:00,BIAS,7,1,2,45,34,7,14,14,3,2,152,103,41,127,4,4,4000,5000,890,78980.0,1203073.0,1124093.0,1.0702610904969607,0.503370786516854,88.74157303370787,2685.4308035714284,-2543.1968325791854,82791.0,80476.0,0.82791,5,4,0.8,178.0,52.333545647127714,0.29400868341082986,95,0.063193213471765,0.9539684265197907,932.944922765257,0.3865227008953033,True,False,False
1965,269900.0,1052678.0,782778.0,1.3447976310013823,0.566412213740458,137.35368956743002,945.8023360287511,-918.7535211267606,21871.0,21236.0,0.21871,10,9,0.9,196.5,34.43036450576729,0.17521813997845948,94,0.01663949610967025,12.34054227058662,159.23125231567246,1.163979834868238,2012-01-10 01:30:00,2021-05-20 08:00:00,BIAS,7,1,2,45,34,7,14,14,3,2,152,103,41,127,4,4,2500,4500,973,41593.0,1140301.0,1098708.0,1.0378562821058916,0.44809866392600206,42.747173689619736,2615.369266055046,-2046.0111731843576,74878.0,72740.0,0.74878,5,3,0.6,194.6,60.36754094710169,0.3102134683818175,100,0.10797489962253264,0.5554769091054782,1751.6479696102708,0.19578063594682707,False,False,False
1831,230961.0,904493.0,673532.0,1.342910210650719,0.5723648279628618,126.13926815947569,863.0658396946565,-860.1941251596425,18448.0,17153.0,0.18448,10,10,1.0,183.1,40.73929307192259,0.2224975044889273,66,0.019444841336849077,12.519568516912402,146.2510467135144,1.163898501279705,2012-01-10 01:30:00,2021-05-20 08:00:00,BIAS,7,1,2,45,2,7,14,14,1,2,152,103,104,141,4,2,2500,4500,700,49625.0,868212.0,818587.0,1.0606227560418136,0.45285714285714285,70.89285714285714,2738.839116719243,-2137.302872062663,70098.0,65876.0,0.70098,5,3,0.6,140.0,44.66318394382559,0.31902274245589707,63,0.09049874055415617,0.707937458985991,988.7879093198993,0.3355746247345025,True,False,False
1952,284142.0,1088983.0,804841.0,1.3530411596824714,0.5701844262295082,145.56454918032787,978.4213836477987,-959.2860548271752,24573.0,22548.0,0.24573,10,10,1.0,195.2,34.91360766234278,0.17886069499151014,91,0.02180599840924608,11.56317909901111,168.81170682264502,1.1637668345246568,2012-01-10 01:30:00,2021-05-20 08:00:00,BIAS,7,1,2,45,34,7,14,14,3,2,152,103,41,127,4,4,3000,6000,928,63528.0,1194490.0,1130962.0,1.0561716485611365,0.46336206896551724,68.45689655172414,2777.8837209302324,-2271.008032128514,64324.0,62009.0,0.64324,5,3,0.6,185.6,57.20349639663646,0.30820849351636026,96,0.09430487344163203,0.9876251476898202,939.6277546908449,0.33827517870250434,False,False,False
1831,229921.0,849300.0,619379.0,1.371212133443336,0.5543418896777718,125.57127252867285,836.7487684729064,-759.0428921568628,18378.0,17363.0,0.18378,10,10,1.0,183.1,40.73929307192259,0.2224975044889273,66,0.019532796047338,12.510664925454348,146.35513067531892,1.1608620632401043,2012-01-10 01:30:00,2021-05-20 08:00:00,BIAS,7,1,2,45,2,7,14,14,1,2,152,103,104,141,4,2,1500,4500,700,28785.0,690836.0,662051.0,1.0434785235578528,0.3442857142857143,41.121428571428574,2866.539419087137,-1442.3769063180828,40479.0,35024.0,0.40479,5,4,0.8,140.0,44.66318394382559,0.31902274245589707,63,0.15601875977071392,0.7111094641666049,984.3772798332465,0.25614905218408623,False,False,False
1912,294822.0,1061081.0,766259.0,1.3847550240845459,0.5784518828451883,154.19560669456067,959.3860759493671,-950.6935483870968,27743.0,26082.0,0.27743,10,10,1.0,191.2,35.91322876044425,0.1878306943537879,84,0.01692885876901995,10.62689687488736,179.9208200202156,1.1602050089516105,2012-01-10 01:30:00,2021-05-20 08:00:00,BIAS,7,1,2,45,34,7,14,14,3,2,152,103,41,127,4,4,5000,5000,851,65916.0,1182984.0,1117068.0,1.0590080460634446,0.5158636897767332,77.45710928319625,2694.72437357631,-2711.330097087379,76041.0,69220.0,0.76041,5,4,0.8,170.2,48.786883483165845,0.2866444387965091,94,0.0757175799502397,0.8668481477097881,981.7175040961223,0.35202768706384435,True,False,False
1944,269724.0,1031751.0,762027.0,1.353955962190316,0.5560699588477366,138.7469135802469,954.4412580943571,-882.9976825028969,22475.0,20111.0,0.22475,10,10,1.0,194.4,38.17905184783928,0.1963942996288029,80,0.03704156841808664,12.00106785317019,161.9855852649375,1.1598796472719972,2012-01-10 01:30:00,2021-05-20 08:00:00,BIAS,8,1,2,45,2,7,14,14,1,2,152,153,104,141,4,2,2000,10000,836,78856.0,1023589.0,944733.0,1.0834690859745557,0.3875598086124402,94.32535885167464,3159.2253086419755,-1845.181640625,47408.0,45859.0,0.47408,5,3,0.6,167.2,50.92111546303753,0.3045521259751049,86,0.12669929998985494,1.663347958150523,502.6007913158162,0.5429278203018661,True,False,False
1831,266331.0,974758.0,708427.0,1.3759469924212375,0.5778263244128892,145.45658110322228,921.3213610586012,-916.4644243208279,24709.0,22479.0,0.24709,10,10,1.0,183.1,40.73929307192259,0.2224975044889273,66,0.03723186561083764,10.778704115909182,169.871997627013,1.1596988799831351,2012-01-10 01:30:00,2021-05-20 08:00:00,BIAS,7,1,2,45,2,7,14,14,1,2,152,103,104,141,4,2,4000,0,700,53890.0,1002648.0,948758.0,1.0568005750676148,0.49714285714285716,76.98571428571428,2881.1724137931033,-2695.3352272727275,70909.0,65966.0,0.70909,5,3,0.6,140.0,44.66318394382559,0.31902274245589707,63,0.30823900538133236,0.7599881538309664,921.0669883095195,0.36232550833921967,True,False,False
2000,273000.0,1036908.0,763908.0,1.3573728773621954,0.559,136.5,927.4669051878354,-866.1088435374149,21801.0,19416.0,0.21801,10,10,1.0,200.0,34.34239362653687,0.17171196813268433,99,0.014619047619047618,12.522361359570661,159.71428571428572,1.1586009783727929,2012-01-10 01:30:00,2021-05-20 08:00:00,BIAS,7,1,2,45,34,7,14,14,3,2,152,103,41,127,4,4,2000,4000,1006,19746.0,1057104.0,1037358.0,1.0190348944144645,0.4165009940357853,19.628230616302186,2522.9212410501195,-1767.2197614991483,50249.0,49874.0,0.50249,5,3,0.6,201.2,64.12300679163447,0.3187028170558373,100,0.2021168844322901,0.39296304404067744,2560.0371720854855,0.10973796120244102,False,False,False
1831,226241.0,897264.0,671023.0,1.3371583388348836,0.5729109776078646,123.56144183506281,855.351763584366,-858.0856777493606,17976.0,16324.0,0.17976,10,10,1.0,183.1,40.73929307192259,0.2224975044889273,66,0.017640480726305134,12.585725411659991,145.48227774806512,1.1549837785153951,2012-01-10 01:30:00,2021-05-20 08:00:00,BIAS,7,1,2,45,2,7,14,14,1,2,152,103,104,141,4,2,2500,4000,700,31320.0,839871.0,808551.0,1.0387359609968945,0.4585714285714286,44.74285714285714,2616.4205607476633,-2133.3799472295514,74291.0,72268.0,0.74291,5,3,0.6,140.0,44.66318394382559,0.31902274245589707,63,0.12742656449553003,0.42158538719360356,1660.3991060025544,0.20572878358179483,False,False,False
1831,230466.0,870514.0,640048.0,1.360076119291053,0.5592572364827962,125.86892408519934,850.111328125,-793.1201982651796,18736.0,16433.0,0.18736,10,10,1.0,183.1,40.73929307192259,0.2224975044889273,66,0.03250370987477545,12.300704526046115,148.853262520285,1.1524431955684584,2012-01-10 01:30:00,2021-05-20 08:00:00,BIAS,7,1,2,41,2,7,14,14,3,1,152,103,104,141,4,2,2500,7500,700,42330.0,850888.0,808558.0,1.052352459563816,0.4542857142857143,60.47142857142857,2675.748427672956,-2116.6439790575914,87789.0,84822.0,0.87789,5,2,0.4,140.0,44.66318394382559,0.31902274245589707,63,0.17696669029057407,0.4821788606773058,1451.7434443656982,0.25578179125195283,False,False,False
1831,226381.0,838615.0,612234.0,1.3697622151007622,0.5488803932277444,123.6379027853632,834.4427860696518,-741.2033898305085,18163.0,16868.0,0.18163,10,10,1.0,183.1,40.73929307192259,0.2224975044889273,66,0.04101934349614146,12.46385509001817,146.90478882945123,1.149733763554685,2012-01-10 01:30:00,2021-05-20 08:00:00,BIAS,7,1,2,41,2,7,14,14,3,1,152,103,104,141,4,2,1750,0,700,25865.0,733627.0,707762.0,1.036544770699755,0.38142857142857145,36.95,2747.6666666666665,-1634.5542725173211,62845.0,58380.0,0.62845,5,3,0.6,140.0,44.66318394382559,0.31902274245589707,63,0.5264256717572009,0.41156814384597024,1700.8119079837618,0.18472195846576137,False,False,False
1831,263941.0,972368.0,708427.0,1.3725733208926254,0.5778263244128892,144.15128345166576,919.062381852552,-916.4644243208279,24709.0,22479.0,0.24709,10,10,1.0,183.1,40.73929307192259,0.2224975044889273,66,0.028381342800095476,10.681978226557124,171.4101977335844,1.1492919790847804,2012-01-10 01:30:00,2021-05-20 08:00:00,BIAS,7,1,2,45,2,7,14,14,1,2,152,103,104,141,4,2,4000,7500,700,80525.0,1019836.0,939311.0,1.0857277302192778,0.5014285714285714,115.03571428571429,2905.5156695156697,-2691.4355300859597,66746.0,64146.0,0.66746,5,3,0.6,140.0,44.66318394382559,0.31902274245589707,63,0.09302701024526544,1.2064393371887454,580.2198075131946,0.5580325324663584,True,False,False
1987,255082.0,1040721.0,785639.0,1.3246809285180599,0.5616507297433316,128.3754403623553,932.5456989247311,-901.9965556831229,19621.0,17357.0,0.19621,10,10,1.0,198.7,34.1146596055127,0.1716892783367524,98,0.015645949145764892,13.000458692217522,152.84076101018496,1.1485788752663582,2012-01-10 01:30:00,2021-05-20 08:00:00,BIAS,7,1,2,45,34,7,14,14,3,2,152,103,41,127,4,4,2250,4000,992,13302.0,1089922.0,1076620.0,1.0123553342869351,0.43548387096774194,13.409274193548388,2522.9675925925926,-1922.5357142857142,62426.0,60746.0,0.62426,5,3,0.6,198.4,62.09218952493139,0.31296466494421066,100,0.30003007066606524,0.21308429180149296,4655.434671477973,0.06726079005738188,False,False,False
1831,223786.0,865121.0,641335.0,1.348937762635752,0.5603495357728018,122.2206444565811,843.1978557504873,-796.6894409937888,17807.0,17202.0,0.17807,10,10,1.0,183.1,40.73929307192259,0.2224975044889273,66,0.0200682795170386,12.567304992418713,145.6955171458447,1.1478592465160322,2012-01-10 01:30:00,2021-05-20 08:00:00,BIAS,7,1,2,45,2,7,14,14,1,2,152,103,104,141,4,2,1750,4500,700,38670.0,749491.0,710821.0,1.0544018817677023,0.38,55.24285714285714,2817.6353383458645,-1637.836405529954,38189.0,32734.0,0.38189,5,4,0.8,140.0,44.66318394382559,0.31902274245589707,63,0.11613653995345229,1.0125952499410824,691.2929919834497,0.35427983675995384,False,False,False
1831,217916.0,810761.0,592845.0,1.3675766853056026,0.5412342981977062,119.01474604041508,818.1241170534813,-705.7678571428571,16923.0,15628.0,0.16923,10,10,1.0,183.1,40.73929307192259,0.2224975044889273,66,0.027492244718148276,12.876913076877623,142.19246406872372,1.1465725601100973,2012-01-10 01:30:00,2021-05-20 08:00:00,BIAS,7,1,2,41,2,7,14,14,3,1,152,103,104,141,4,2,1500,6000,700,11000.0,672291.0,661291.0,1.0166341293016237,0.3442857142857143,15.714285714285714,2789.589211618257,-1440.7211328976034,52260.0,47795.0,0.5226,5,3,0.6,140.0,44.66318394382559,0.31902274245589707,63,0.5446363636363636,0.21048603138155378,3325.636363636364,0.08614883115482715,False,False,False
1831,216291.0,828743.0,612452.0,1.3531558391514764,0.55598033861278,118.12725286728563,814.0893909626719,-753.3234932349324,16676.0,14189.0,0.16676,10,10,1.0,183.1,40.73929307192259,0.2224975044889273,66,0.01845199291694985,12.970196689853681,141.1697943973628,1.1464196146517625,2012-01-10 01:30:00,2021-05-20 08:00:00,BIAS,7,1,2,41,2,7,14,14,3,1,152,103,104,141,4,2,2000,4000,700,18980.0,747672.0,728692.0,1.026046669923644,0.43142857142857144,27.114285714285714,2475.735099337748,-1830.8844221105528,52286.0,51016.0,0.52286,5,2,0.4,140.0,44.66318394382559,0.31902274245589707,63,0.21027397260273972,0.3630034808552959,1928.3561643835617,0.14860892950308524,False,False,False
1831,273676.0,980242.0,706566.0,1.387332535106416,0.5800109229929,149.46805024576733,923.015065913371,-918.8114434330299,26798.0,25503.0,0.26798,10,10,1.0,183.1,40.73929307192259,0.2224975044889273,66,0.03650667212324062,10.21255317561012,179.28915213610256,1.1442913761714608,2012-01-10 01:30:00,2021-05-20 08:00:00,BIAS,7,1,2,45,2,7,14,14,1,2,152,103,104,141,4,2,5000,10000,700,71355.0,1041059.0,969704.0,1.0735843102637506,0.5128571428571429,101.93571428571428,2899.885793871866,-2843.706744868035,59617.0,54394.0,0.59617,5,3,0.6,140.0,44.66318394382559,0.31902274245589707,63,0.1400182187653283,1.1968901487830652,584.8489944642982,0.5232156893452602,True,False,False
2055,265085.0,1021745.0,756660.0,1.3503356857769673,0.5425790754257908,128.99513381995135,916.3632286995515,-804.9574468085107,20028.0,19273.0,0.20028,10,9,0.9,205.5,35.43515203861838,0.17243382987162226,104,0.016941735669690854,13.235719992011184,155.26167078484258,1.142336314274671,2012-01-10 01:30:00,2021-05-20 08:00:00,BIAS,7,1,2,45,34,7,14,14,3,2,152,103,41,127,4,4,1500,4500,1046,15556.0,963330.0,947774.0,1.016413195550838,0.35372848948374763,14.87189292543021,2603.5945945945946,-1402.0325443786983,46264.0,44539.0,0.46264,5,3,0.6,209.2,66.57446958106388,0.31823360220393826,102,0.2886988943173052,0.3362441639287567,3110.834661866804,0.08665310062587718,False,False,False
1831,224856.0,837090.0,612234.0,1.3672713374298062,0.5488803932277444,122.80502457673403,832.9253731343283,-741.2033898305085,18163.0,16868.0,0.18163,10,10,1.0,183.1,40.73929307192259,0.2224975044889273,66,0.033314654712349234,12.379893189451082,147.90111449105206,1.1419886613180974,2012-01-10 01:30:00,2021-05-20 08:00:00,BIAS,7,1,2,41,2,7,14,14,3,1,152,103,104,141,4,2,1750,7500,700,37045.0,743048.0,706003.0,1.0524714484216073,0.38285714285714284,52.92142857142857,2772.5671641791046,-1634.2662037037037,57465.0,53000.0,0.57465,5,3,0.6,140.0,44.66318394382559,0.31902274245589707,63,0.20221352409232016,0.6446532672061255,1085.8550411661492,0.27667460625816065,False,False,False
1831,270946.0,977512.0,706566.0,1.383468777155991,0.5800109229929,147.9770617149099,920.4444444444445,-918.8114434330299,26798.0,25503.0,0.26798,10,10,1.0,183.1,40.73929307192259,0.2224975044889273,66,0.036597698434374375,10.110679901485186,181.09563529264133,1.1328767272546834,2012-01-10 01:30:00,2021-05-20 08:00:00,BIAS,7,1,2,45,2,7,14,14,1,2,152,103,104,141,4,2,5000,0,700,80165.0,1049869.0,969704.0,1.0826695568957125,0.5128571428571429,114.52142857142857,2924.426183844011,-2843.706744868035,58602.0,53379.0,0.58602,5,3,0.6,140.0,44.66318394382559,0.31902274245589707,63,0.23870766544002994,1.3679567250264497,511.712093806524,0.5928843474402578,True,False,False
1831,268556.0,975122.0,706566.0,1.3800862198294286,0.5800109229929,146.67176406335335,918.1939736346516,-918.8114434330299,26798.0,25503.0,0.26798,10,10,1.0,183.1,40.73929307192259,0.2224975044889273,66,0.027893623676253743,10.021494141353832,182.70728637602588,1.1228836829649034,2012-01-10 01:30:00,2021-05-20 08:00:00,BIAS,7,1,2,45,2,7,14,14,1,2,152,103,104,141,4,2,5000,7500,700,89670.0,1052097.0,962427.0,1.0931707028169408,0.5171428571428571,128.1,2906.3453038674033,-2847.4171597633135,53635.0,49410.0,0.53635,5,3,0.6,140.0,44.66318394382559,0.31902274245589707,63,0.08353964536634326,1.6718560641372238,418.696330991413,0.6932093857620742,True,False,False
2099,281214.0,1038457.0,757243.0,1.3713655986255402,0.5250119104335398,133.97522629823726,942.3384754990925,-759.5215646940823,22401.0,19777.0,0.22401,10,9,0.9,209.9,38.39127505045906,0.1829026919983757,102,0.03552810315275911,12.553635998392929,167.20255392690265,1.1218382491912668,2012-01-10 01:30:00,2021-05-20 08:00:00,BIAS,7,1,2,45,34,7,14,14,3,2,152,103,41,127,4,4,1250,10000,1053,34573.0,917090.0,882517.0,1.039175449311458,0.30389363722697055,32.832858499525166,2865.90625,-1203.9795361527968,47402.0,45724.0,0.47402,5,3,0.6,210.6,66.25284899534509,0.31459092590382287,101,0.28898273218985915,0.7293574110797013,1443.736615277818,0.18899477990775757,False,False,False
2099,280129.0,1037372.0,757243.0,1.369932769269574,0.5250119104335398,133.45831348261078,941.3539019963703,-759.5215646940823,22401.0,19777.0,0.22401,10,9,0.9,209.9,38.39127505045906,0.1829026919983757,102,0.02674125135205566,12.50520066068479,167.8501654594847,1.1175098924936184,2012-01-10 01:30:00,2021-05-20 08:00:00,BIAS,7,1,2,45,34,7,14,14,3,2,152,103,41,127,4,4,1250,7500,1053,45993.0,925992.0,879999.0,1.0522648321191275,0.3057929724596391,43.67806267806268,2875.751552795031,-1203.8290013679891,48384.0,44310.0,0.48384,5,3,0.6,210.6,66.25284899534509,0.31459092590382287,101,0.16287261104950754,0.9505828373015873,1107.7414389146174,0.2488581850335594,False,False,False
1831,212431.0,844102.0,631671.0,1.3363000675984809,0.5581649371927908,116.0191152375751,825.931506849315,-780.8046971569839,16986.0,15439.0,0.16986,10,10,1.0,183.1,40.73929307192259,0.2224975044889273,66,0.023494687686825368,12.50624043329801,146.406908596203,1.1156383541634953,2012-01-10 01:30:00,2021-05-20 08:00:00,BIAS,7,1,2,41,2,7,14,14,3,1,152,103,104,141,4,2,2250,5000,700,20025.0,802223.0,782198.0,1.0256009348016744,0.44,28.607142857142858,2604.62012987013,-1995.4030612244899,75394.0,71802.0,0.75394,5,3,0.6,140.0,44.66318394382559,0.31902274245589707,63,0.24923845193508115,0.2656046900283842,2635.4956304619227,0.1305706418811189,False,False,False
2019,263964.0,1033530.0,769566.0,1.3430037189792687,0.549777117384844,130.73997028231798,931.1081081081081,-846.6072607260726,21638.0,20657.0,0.21638,10,9,0.9,201.9,35.21775120589047,0.17443165530406377,99,0.018907881377763634,12.199094186153989,165.5040914670182,1.1138822173182408,2012-01-10 01:30:00,2021-05-20 08:00:00,BIAS,7,1,2,45,34,7,14,14,3,2,152,103,41,127,4,4,1750,5000,1018,50413.0,1050092.0,999679.0,1.050429187769274,0.3801571709233792,49.52161100196464,2713.4160206718348,-1584.2773375594295,64662.0,62708.0,0.64662,5,3,0.6,203.6,64.20467272714657,0.31534711555572975,101,0.09900224148533117,0.7796387368160589,1305.7329657032908,0.244067326963094,False,False,False
1831,216956.0,856532.0,639576.0,1.339218482244487,0.5608956854178044,118.49044238121245,834.0136319376826,-795.4925373134329,17807.0,17202.0,0.17807,10,10,1.0,183.1,40.73929307192259,0.2224975044889273,66,0.01839543501908221,12.18374796428371,150.28216320359888,1.1128263192832988,2012-01-10 01:30:00,2021-05-20 08:00:00,BIAS,7,1,2,45,2,7,14,14,1,2,152,103,104,141,4,2,1750,4000,700,20435.0,724220.0,703785.0,1.0290358561208324,0.38571428571428573,29.192857142857143,2682.296296296296,-1636.7093023255813,42245.0,39985.0,0.42245,5,3,0.6,140.0,44.66318394382559,0.31902274245589707,63,0.19530217763640811,0.4837258847200852,1447.1005627599707,0.1780034385469515,False,False,False
2099,278559.0,1035802.0,757243.0,1.3678594585885904,0.5250119104335398,132.71033825631253,939.9292196007259,-759.5215646940823,22401.0,19777.0,0.22401,10,9,0.9,209.9,38.39127505045906,0.1829026919983757,102,0.033299947228414804,12.435114503816793,168.7961939840393,1.1112467404057766,2012-01-10 01:30:00,2021-05-20 08:00:00,BIAS,7,1,2,45,34,7,14,14,3,2,152,103,41,127,4,4,1250,0,1052,34642.0,917159.0,882517.0,1.0392536347741743,0.3032319391634981,32.92965779467681,2875.1065830721004,-1203.9795361527968,47609.0,45724.0,0.47609,5,3,0.6,210.4,66.15013227500002,0.3144017693678708,101,0.4961029963627966,0.7276355310970615,1445.7787656601813,0.18913945565209908,False,False,False
1925,275710.0,1059499.0,783789.0,1.3517655899738323,0.5761038961038961,143.22597402597404,955.3642921550946,-960.5257352941177,26643.0,26008.0,0.26643,10,10,1.0,192.5,35.59564580113697,0.18491244572019205,86,0.01628885423089478,10.348309124347859,186.02072830147617,1.0996884634211377,2012-01-10 01:30:00,2021-05-20 08:00:00,BIAS,7,1,2,45,34,7,14,14,3,2,152,103,41,127,4,4,4000,4500,894,69594.0,1193332.0,1123738.0,1.0619308059351913,0.5055928411633109,77.84563758389261,2640.1150442477874,-2542.393665158371,73631.0,71316.0,0.73631,5,4,0.8,178.8,52.52580318281673,0.29376847417682733,96,0.06453142512285542,0.945172549605465,945.859039572377,0.35953682390816505,True,False,False
1831,217341.0,836720.0,619379.0,1.3509014674375464,0.5543418896777718,118.7007099945385,824.3546798029556,-759.0428921568628,18378.0,17363.0,0.18378,10,10,1.0,183.1,40.73929307192259,0.2224975044889273,66,0.018362849163296387,11.82615083251714,154.82636962193052,1.097346139268129,2012-01-10 01:30:00,2021-05-20 08:00:00,BIAS,7,1,2,45,2,7,14,14,1,2,152,103,104,141,4,2,1500,4000,700,11120.0,667135.0,656015.0,1.0169508319169531,0.35,15.885714285714286,2723.0,-1441.7912087912089,43785.0,41525.0,0.43785,5,2,0.4,140.0,44.66318394382559,0.31902274245589707,63,0.35890287769784174,0.25396825396825395,2756.25,0.0951444625419264,False,False,False
1831,208266.0,801111.0,592845.0,1.351299243478481,0.5412342981977062,113.74440196613872,808.3864783047427,-705.7678571428571,16923.0,15628.0,0.16923,10,10,1.0,183.1,40.73929307192259,0.2224975044889273,66,0.02396454534105423,12.306683212196418,148.7809484025237,1.0957987518304737,2012-01-10 01:30:00,2021-05-20 08:00:00,BIAS,7,1,2,41,2,7,14,14,3,1,152,103,104,141,4,2,1500,5000,700,6865.0,663629.0,656764.0,1.0104527653769086,0.3485714285714286,9.807142857142857,2719.7909836065573,-1440.2719298245613,54290.0,51153.0,0.5429,5,3,0.6,140.0,44.66318394382559,0.31902274245589707,63,0.7270211216314639,0.12645054337815437,5535.761107064822,0.052749947011398596,False,False,False
1831,203901.0,791185.0,587284.0,1.3471931808120092,0.5270344074276352,111.36045876570181,819.880829015544,-678.1570438799076,16260.0,14951.0,0.1626,10,10,1.0,183.1,40.73929307192259,0.2224975044889273,66,0.04899926925321602,12.540036900369003,146.0123295128518,1.0944859421687398,2012-01-10 01:30:00,2021-05-20 08:00:00,BIAS,7,1,2,41,2,7,14,14,3,1,152,103,104,141,4,2,1250,10000,700,27425.0,628490.0,601065.0,1.0456273447963198,0.3,39.17857142857143,2992.809523809524,-1226.6632653061224,53975.0,49510.0,0.53975,5,3,0.6,140.0,44.66318394382559,0.31902274245589707,63,0.36430264357338193,0.508105604446503,1377.6663628076572,0.21134487345496486,False,False,False
1831,211176.0,824652.0,613476.0,1.3442286250806879,0.5390496996176952,115.33369743309667,835.5136778115501,-726.8672985781991,17465.0,15544.0,0.17465,10,10,1.0,183.1,40.73929307192259,0.2224975044889273,66,0.029340455354775166,12.091382765531062,151.4301577830814,1.093733129200656,2012-01-10 01:30:00,2021-05-20 08:00:00,BIAS,7,1,2,45,2,7,14,14,1,2,152,103,104,141,4,2,1250,6000,700,30735.0,639387.0,608652.0,1.0504968356302122,0.2885714285714286,43.90714285714286,3165.2821782178216,-1222.1927710843374,44248.0,39667.0,0.44248,5,2,0.4,140.0,44.66318394382559,0.31902274245589707,63,0.1949243533430942,0.6946076658832038,1007.7631364893443,0.26159401387592807,False,False,False
1912,277352.0,1043611.0,766259.0,1.3619559444000005,0.5784518828451883,145.05857740585773,943.5904159132007,-950.6935483870968,27743.0,26082.0,0.27743,10,10,1.0,191.2,35.91322876044425,0.1878306943537879,84,0.016192419740978972,9.99718847997693,191.25377138077246,1.0914557924535722,2012-01-10 01:30:00,2021-05-20 08:00:00,BIAS,7,1,2,45,34,7,14,14,3,2,152,103,41,127,4,4,5000,4500,855,59215.0,1174928.0,1115713.0,1.0530736847199953,0.5181286549707602,69.25730994152046,2652.2076749435664,-2708.0412621359224,63531.0,56896.0,0.63531,5,4,0.8,171.0,49.01020301937138,0.2866093743822888,95,0.07584226969517859,0.9320646613464293,917.318331503842,0.34435962023543487,False,False,False
1831,207221.0,838892.0,631671.0,1.3280521030726438,0.5581649371927908,113.17367558711086,820.8336594911938,-780.8046971569839,16986.0,15439.0,0.16986,10,10,1.0,183.1,40.73929307192259,0.2224975044889273,66,0.021672513886140884,12.199517249499587,150.08790614850813,1.0882766422420156,2012-01-10 01:30:00,2021-05-20 08:00:00,BIAS,7,1,2,41,2,7,14,14,3,1,152,103,104,141,4,2,2250,4500,700,27685.0,804093.0,776408.0,1.0356577984770894,0.4471428571428571,39.55,2568.9872204472845,-2006.2222222222222,71509.0,67917.0,0.71509,5,3,0.6,140.0,44.66318394382559,0.31902274245589707,63,0.1622178074769731,0.3871540645233467,1808.0657395701644,0.18535554488327033,False,False,False
1831,211186.0,847994.0,636808.0,1.331632140299745,0.570180229382851,115.3391589295467,812.2547892720306,-809.158831003812,17736.0,15456.0,0.17736,10,10,1.0,183.1,40.73929307192259,0.2224975044889273,66,0.01416287064483441,11.907194406856112,153.77257962175523,1.0853964256859252,2012-01-10 01:30:00,2021-05-20 08:00:00,BIAS,7,1,2,45,2,7,14,14,1,2,152,103,104,141,4,2,2000,3000,700,-2365.0,717299.0,719664.0,0.996713744191734,0.44142857142857145,-3.3785714285714286,2321.355987055016,-1840.5728900255754,54847.0,53937.0,0.54847,5,2,0.4,140.0,44.66318394382559,0.31902274245589707,63,0.0,0.0,0.0,0.0,False,False,False
1831,230266.0,930607.0,700341.0,1.3287912602575032,0.5745494265428728,125.7596941561988,884.6074144486691,-899.0256739409499,21105.0,19078.0,0.21105,10,10,1.0,183.1,40.73929307192259,0.2224975044889273,66,0.02690801073541035,10.910495143330964,167.82006462091667,1.0848963329364347,2012-01-10 01:30:00,2021-05-20 08:00:00,BIAS,7,1,2,45,2,7,14,14,1,2,152,103,104,141,4,2,3000,6000,700,65130.0,935870.0,870740.0,1.0747984472977008,0.4714285714285714,93.04285714285714,2835.969696969697,-2353.3513513513512,53143.0,48188.0,0.53143,5,3,0.6,140.0,44.66318394382559,0.31902274245589707,63,0.0919852602487333,1.2255612216096192,571.1668969752802,0.5058240231370787,True,False,False
1968,251873.0,1036449.0,784576.0,1.3210307223264541,0.5660569105691057,127.98424796747967,930.3850987432675,-918.7072599531616,21871.0,21236.0,0.21871,10,9,0.9,196.8,33.90221231719252,0.1722673390101246,96,0.015845287108979526,11.516300123451146,170.8882174746797,1.0845801396677397,2012-01-10 01:30:00,2021-05-20 08:00:00,BIAS,7,1,2,45,34,7,14,14,3,2,152,103,41,127,4,4,2500,4000,974,28979.0,1118803.0,1089824.0,1.0265905320492117,0.4548254620123203,29.752566735112936,2525.5146726862304,-2052.3992467043313,78630.0,76950.0,0.7863,5,4,0.8,194.8,60.210962457014425,0.3090911830442219,100,0.1377204182338935,0.36854889991097545,2642.7971979709446,0.13297492288554189,False,False,False
1831,216751.0,856799.0,640048.0,1.3386480388970827,0.5592572364827962,118.37848170398689,836.7177734375,-793.1201982651796,18736.0,16433.0,0.18736,10,10,1.0,183.1,40.73929307192259,0.2224975044889273,66,0.02764001088806972,11.568691289496158,158.27200797228156,1.0838614593157299,2012-01-10 01:30:00,2021-05-20 08:00:00,BIAS,7,1,2,41,2,7,14,14,3,1,152,103,104,141,4,2,2500,6000,700,37965.0,844014.0,806049.0,1.0471001142610437,0.45571428571428574,54.23571428571429,2645.8119122257053,-2115.6141732283463,79984.0,77017.0,0.79984,5,3,0.6,140.0,44.66318394382559,0.31902274245589707,63,0.15780323982615568,0.47465743148629724,1474.7477940208087,0.24033844750898106,False,False,False
1831,212641.0,824875.0,612234.0,1.3473198156260515,0.5488803932277444,116.13380666302567,820.7711442786069,-741.2033898305085,18163.0,16868.0,0.18163,10,10,1.0,183.1,40.73929307192259,0.2224975044889273,66,0.028174246735107527,11.70737213015471,156.3971811644979,1.0799516620919234,2012-01-10 01:30:00,2021-05-20 08:00:00,BIAS,7,1,2,41,2,7,14,14,3,1,152,103,104,141,4,2,1750,6000,700,30245.0,734489.0,704244.0,1.0429467627697218,0.3842857142857143,43.207142857142856,2730.442379182156,-1633.9767981438515,48955.0,46888.0,0.48955,5,3,0.6,140.0,44.66318394382559,0.31902274245589707,63,0.19808232765746403,0.6178122765805332,1133.0302529343694,0.2447352171344003,False,False,False
1831,200036.0,787320.0,587284.0,1.34061203778751,0.5270344074276352,109.24959038776625,815.8756476683938,-678.1570438799076,16260.0,14951.0,0.1626,10,10,1.0,183.1,40.73929307192259,0.2224975044889273,66,0.04642164410406127,12.302337023370233,148.83350996820573,1.07373965761652,2012-01-10 01:30:00,2021-05-20 08:00:00,BIAS,7,1,2,41,2,7,14,14,3,1,152,103,104,141,4,2,1250,0,700,19685.0,620750.0,601065.0,1.032750201725271,0.3,28.12142857142857,2955.9523809523807,-1226.6632653061224,58020.0,53555.0,0.5802,5,3,0.6,140.0,44.66318394382559,0.31902274245589707,63,0.6916941833883667,0.33927955877283694,2063.195326390653,0.14631470090318371,False,False,False
1831,204056.0,796901.0,592845.0,1.3441978932098608,0.5412342981977062,111.44511196067722,804.1382441977801,-705.7678571428571,16923.0,15628.0,0.16923,10,10,1.0,183.1,40.73929307192259,0.2224975044889273,66,0.022008664288234604,12.057909354133427,151.8505361273376,1.0736476914307624,2012-01-10 01:30:00,2021-05-20 08:00:00,BIAS,7,1,2,41,2,7,14,14,3,1,152,103,104,141,4,2,1500,4500,700,15700.0,665465.0,649765.0,1.0241625818565174,0.35714285714285715,22.428571428571427,2661.86,-1443.9222222222222,46450.0,41985.0,0.4645,5,2,0.4,140.0,44.66318394382559,0.31902274245589707,63,0.28605095541401276,0.3379978471474704,2071.019108280255,0.13042120252104109,False,False,False
1915,263960.0,1029517.0,765557.0,1.3447947050317612,0.5780678851174935,137.83812010443864,930.0063233965673,-947.4715346534654,26229.0,23722.0,0.26229,10,10,1.0,191.5,35.34756002894684,0.1845825588978947,86,0.01511971510834975,10.063669983605932,190.28843385361418,1.0666401368226273,2012-01-10 01:30:00,2021-05-20 08:00:00,BIAS,7,1,2,45,34,7,14,14,3,2,152,103,41,127,4,4,5000,4000,858,62063.0,1157362.0,1095299.0,1.0566630664320884,0.5268065268065268,72.33449883449883,2560.5353982300885,-2697.78078817734,63970.0,57149.0,0.6397,5,4,0.8,171.6,48.685110660241904,0.2837127660853258,96,0.06430562492950712,0.9701891511646085,884.3636305044874,0.35842372452216026,True,False,False
1831,202896.0,832308.0,629412.0,1.322358010333454,0.5587110868377936,110.81157837247406,813.5953079178886,-778.9752475247525,16986.0,15439.0,0.16986,10,10,1.0,183.1,40.73929307192259,0.2224975044889273,66,0.019670175853639303,11.944895796538326,153.287230896617,1.0655627451095016,2012-01-10 01:30:00,2021-05-20 08:00:00,BIAS,7,1,2,41,2,7,14,14,3,1,152,103,104,141,4,2,2250,4000,700,14900.0,782272.0,767372.0,1.0194169190431759,0.45285714285714285,21.285714285714285,2467.7350157728706,-2003.5822454308095,71334.0,69986.0,0.71334,5,3,0.6,140.0,44.66318394382559,0.31902274245589707,63,0.2678523489932886,0.2088765525555836,3351.261744966443,0.0998801961703833,False,False,False
1831,205191.0,818667.0,613476.0,1.3344727422099643,0.5390496996176952,112.06499180775532,829.4498480243161,-726.8672985781991,17422.0,15544.0,0.17422,10,10,1.0,183.1,40.73929307192259,0.2224975044889273,66,0.024323678913792515,11.777694868556997,155.4633585293702,1.0640460062540014,2012-01-10 01:30:00,2021-05-20 08:00:00,BIAS,7,1,2,45,2,7,14,14,1,2,152,103,104,141,4,2,1250,5000,700,18975.0,623850.0,604875.0,1.0313701177929324,0.29285714285714287,27.107142857142858,3043.170731707317,-1221.969696969697,49268.0,44203.0,0.49268,5,2,0.4,140.0,44.66318394382559,0.31902274245589707,63,0.263030303030303,0.38513842656491026,1817.528326745718,0.15305260476814977,False,False,False
1831,198041.0,785325.0,587284.0,1.3372150441694308,0.5270344074276352,108.1600218459858,813.8082901554404,-678.1570438799076,16260.0,14951.0,0.1626,10,10,1.0,183.1,40.73929307192259,0.2224975044889273,66,0.037825500780141484,12.179643296432964,150.33280987270314,1.0630310320843908,2012-01-10 01:30:00,2021-05-20 08:00:00,BIAS,7,1,2,41,2,7,14,14,3,1,152,103,104,141,4,2,1250,7500,700,21710.0,621516.0,599806.0,1.0361950363951011,0.30142857142857143,31.014285714285716,2945.5734597156397,-1226.597137014315,61295.0,56830.0,0.61295,5,4,0.8,140.0,44.66318394382559,0.31902274245589707,63,0.3450483648088439,0.35418875927889715,1976.3473053892214,0.15699604276118687,False,False,False
2019,251334.0,1020900.0,769566.0,1.3265918712625038,0.549777117384844,124.48439821693908,919.7297297297297,-846.6072607260726,21638.0,20657.0,0.21638,10,9,0.9,201.9,35.21775120589047,0.17443165530406377,99,0.01786865286829478,11.615398835382198,173.82097925469694,1.0605858117298674,2012-01-10 01:30:00,2021-05-20 08:00:00,BIAS,7,1,2,45,34,7,14,14,3,2,152,103,41,127,4,4,1750,4500,1022,34567.0,1034261.0,999694.0,1.0345775807397064,0.38258317025440314,33.82289628180039,2645.1687979539643,-1584.3011093502378,56937.0,55657.0,0.56937,5,3,0.6,204.4,64.4471876810773,0.3152993526471492,102,0.1299216015274684,0.6071096123785938,1683.3862932855036,0.17764498454849675,False,False,False
1831,242301.0,950728.0,708427.0,1.3420267719892098,0.5778263244128892,132.33260513380665,898.6086956521739,-916.4644243208279,24709.0,22479.0,0.24709,10,10,1.0,183.1,40.73929307192259,0.2224975044889273,66,0.02557149991126739,9.806183981545185,186.71891160168553,1.0550638052603474,2012-01-10 01:30:00,2021-05-20 08:00:00,BIAS,7,1,2,45,2,7,14,14,1,2,152,103,104,141,4,2,4000,6000,700,62830.0,995793.0,932963.0,1.0673445785095443,0.5042857142857143,89.75714285714285,2820.943342776204,-2688.6541786743514,69329.0,67270.0,0.69329,5,3,0.6,140.0,44.66318394382559,0.31902274245589707,63,0.095352538596212,0.9062585642371879,772.4064937131943,0.42721943240293137,True,False,False
1955,261515.0,1069873.0,808358.0,1.3235138391653203,0.569309462915601,133.76726342710998,961.2515723270441,-960.0451306413302,25371.0,24736.0,0.25371,10,10,1.0,195.5,34.37804531965132,0.17584677912865126,93,0.0190849473261572,10.307634701036617,189.66523908762403,1.052496103800637,2012-01-10 01:30:00,2021-05-20 08:00:00,BIAS,7,1,2,45,34,7,14,14,3,2,152,103,41,127,4,4,3000,5000,932,57612.0,1181032.0,1123420.0,1.0512826903562336,0.4688841201716738,61.81545064377682,2702.5903890160184,-2269.5353535353534,70439.0,68124.0,0.70439,5,3,0.6,186.4,57.41985719243823,0.30804644416544114,97,0.08663125737693536,0.8178991751728446,1139.5047559536208,0.29189717759802347,False,False,False
1831,199886.0,831912.0,632026.0,1.3162623056646403,0.571818678317859,109.16766794101584,794.567335243553,-806.155612244898,16912.0,15394.0,0.16912,10,10,1.0,183.1,40.73929307192259,0.2224975044889273,66,0.012862331528971514,11.819181646168401,154.91766306794872,1.052049065492888,2012-01-10 01:30:00,2021-05-20 08:00:00,BIAS,7,1,2,45,2,7,14,14,1,2,152,103,104,141,4,2,2000,2500,700,-18090.0,672361.0,690451.0,0.9737997337971848,0.4657142857142857,-25.84285714285714,2062.457055214724,-1846.125668449198,67307.0,66397.0,0.67307,5,2,0.4,140.0,44.66318394382559,0.31902274245589707,63,0.0,0.0,0.0,0.0,False,False,False
2100,262795.0,1021297.0,758502.0,1.346465797057885,0.5247619047619048,125.14047619047619,926.7667876588022,-760.0220440881764,22401.0,19777.0,0.22401,10,9,0.9,210.0,38.48116422355228,0.18324363915977274,102,0.023577313114785288,11.731395919825008,179.006830419148,1.0478606873182221,2012-01-10 01:30:00,2021-05-20 08:00:00,BIAS,7,1,2,45,34,7,14,14,3,2,152,103,41,127,4,4,1250,6000,1054,33914.0,911395.0,877481.0,1.0386492698987215,0.3083491461100569,32.1764705882353,2804.2923076923075,-1203.6776406035665,51554.0,47480.0,0.51554,5,3,0.6,210.8,66.46021366200985,0.3152761558918873,101,0.17665270979536474,0.6578345036272646,1602.2266910420474,0.1776015158987677,False,False,False
2058,241393.0,1002580.0,761187.0,1.3171270660166292,0.5417881438289601,117.29494655004859,899.1748878923767,-807.1972428419937,20028.0,19273.0,0.20028,10,9,0.9,205.8,34.94796131393075,0.16981516673435737,106,0.01653320518822004,12.052776113441181,170.74904408992805,1.0387235003147313,2012-01-10 01:30:00,2021-05-20 08:00:00,BIAS,7,1,2,45,34,7,14,14,3,2,152,103,41,127,4,4,1500,4000,1047,-838.0,940786.0,941624.0,0.9991100481720941,0.35912129894937916,-0.8003820439350525,2502.090425531915,-1403.3144560357675,45669.0,43944.0,0.45669,5,2,0.4,209.4,66.43673682534386,0.31727190461004706,102,0.0,0.0,0.0,0.0,False,False,False
1928,260318.0,1044405.0,784087.0,1.3320014233114437,0.5757261410788381,135.01970954356847,940.9054054054054,-958.541564792176,26643.0,26008.0,0.26643,10,10,1.0,192.8,35.03940638766587,0.18173965968706363,88,0.015331248703508785,9.770596404308824,197.32674651772064,1.0366807971060354,2012-01-10 01:30:00,2021-05-20 08:00:00,BIAS,7,1,2,45,34,7,14,14,3,2,152,103,41,127,4,4,4000,4000,897,67942.0,1175266.0,1107324.0,1.0613569289566558,0.5139353400222966,75.74358974358974,2549.3839479392623,-2539.733944954128,70130.0,67815.0,0.7013,5,4,0.8,179.4,52.20957766540542,0.29102328687516954,97,0.058741279326484354,0.9688007985170398,925.8869329722411,0.3584539838429022,True,False,False
1831,246916.0,953482.0,706566.0,1.3494592154165357,0.5800109229929,134.85308574549427,897.8173258003767,-918.8114434330299,26798.0,25503.0,0.26798,10,10,1.0,183.1,40.73929307192259,0.2224975044889273,66,0.025093554083169985,9.213971191879992,198.71996144437784,1.0324027296465619,2012-01-10 01:30:00,2021-05-20 08:00:00,BIAS,7,1,2,45,2,7,14,14,1,2,152,103,104,141,4,2,5000,6000,700,68475.0,1023554.0,955079.0,1.0716956398371233,0.52,97.82142857142857,2811.9615384615386,-2842.497023809524,63420.0,56599.0,0.6342,5,3,0.6,140.0,44.66318394382559,0.31902274245589707,63,0.08749178532311062,1.0797067171239356,648.3242059145674,0.48681093951775023,True,False,False
1831,202991.0,815225.0,612234.0,1.3315578683967242,0.5488803932277444,110.86346258874931,811.1691542288557,-741.2033898305085,18163.0,16868.0,0.18163,10,10,1.0,183.1,40.73929307192259,0.2224975044889273,66,0.024587296973757458,11.17607223476298,163.83215512017776,1.0309416708899113,2012-01-10 01:30:00,2021-05-20 08:00:00,BIAS,7,1,2,41,2,7,14,14,3,1,152,103,104,141,4,2,1750,5000,700,23710.0,722677.0,698967.0,1.033921486994379,0.38857142857142857,33.871428571428574,2656.9007352941176,-1633.1004672897195,54690.0,52063.0,0.5469,5,3,0.6,140.0,44.66318394382559,0.31902274245589707,63,0.21050189793336144,0.43353446699579445,1614.6351750316321,0.1815177080517458,False,False,False
1831,206101.0,846149.0,640048.0,1.3220086618503613,0.5592572364827962,112.56198798470781,826.3173828125,-793.1201982651796,18736.0,16433.0,0.18736,10,10,1.0,183.1,40.73929307192259,0.2224975044889273,66,0.024216282308188702,11.000266865926559,166.45050727555906,1.0306062284669102,2012-01-10 01:30:00,2021-05-20 08:00:00,BIAS,7,1,2,41,2,7,14,14,3,1,152,103,104,141,4,2,2500,5000,700,35880.0,833733.0,797853.0,1.0449706900895277,0.4614285714285714,51.25714285714286,2581.216718266254,-2116.3209549071616,75499.0,72657.0,0.75499,5,3,0.6,140.0,44.66318394382559,0.31902274245589707,63,0.1391025641025641,0.4752380826236109,1472.9459308807134,0.23378855229991077,False,False,False
1831,220281.0,920622.0,700341.0,1.3145339199047321,0.5745494265428728,120.30638995084654,875.115969581749,-899.0256739409499,21474.0,19218.0,0.21474,10,10,1.0,183.1,40.73929307192259,0.2224975044889273,66,0.02265742392671179,10.25803297010338,178.49425960477754,1.0288964473307778,2012-01-10 01:30:00,2021-05-20 08:00:00,BIAS,7,1,2,45,2,7,14,14,1,2,152,103,104,141,4,2,3000,5000,700,61240.0,923075.0,861835.0,1.071057685055724,0.4785714285714286,87.48571428571428,2755.4477611940297,-2361.1917808219177,57589.0,52909.0,0.57589,5,3,0.6,140.0,44.66318394382559,0.31902274245589707,63,0.08149902024820378,1.0633975238326763,658.2674722403658,0.45688491623023053,True,False,False
1831,197016.0,852998.0,655982.0,1.3003375092609248,0.5723648279628618,107.600218459858,813.9293893129772,-837.7803320561941,17323.0,15638.0,0.17323,10,10,1.0,183.1,40.73929307192259,0.2224975044889273,66,0.015181508100864905,11.373087802343704,160.99409692613798,1.0245686128850067,2012-01-10 01:30:00,2021-05-20 08:00:00,BIAS,7,1,2,45,2,7,14,14,1,2,152,103,104,141,4,2,2250,3000,700,-7625.0,748869.0,756494.0,0.9899206074337669,0.46285714285714286,-10.892857142857142,2311.324074074074,-2011.9521276595744,69930.0,67670.0,0.6993,5,2,0.4,140.0,44.66318394382559,0.31902274245589707,63,0.0,0.0,0.0,0.0,False,False,False
1831,215666.0,881658.0,665992.0,1.3238267126331849,0.5614418350628072,117.78590933915893,857.6439688715953,-829.3798256537982,20998.0,19123.0,0.20998,10,9,0.9,183.1,40.73929307192259,0.2224975044889273,66,0.0463262637597025,10.270787694066101,178.27259744234138,1.018694169421602,2012-01-10 01:30:00,2021-05-20 08:00:00,BIAS,7,1,2,41,2,7,14,14,3,1,152,103,104,141,4,2,3000,10000,700,49750.0,891215.0,841465.0,1.0591230770144926,0.4857142857142857,71.07142857142857,2621.220588235294,-2337.402777777778,72245.0,68787.0,0.72245,5,3,0.6,140.0,44.66318394382559,0.31902274245589707,63,0.20082412060301508,0.6886289708630355,1016.5125628140704,0.331383281610033,True,False,False
1831,196211.0,809687.0,613476.0,1.3198348427648352,0.5390496996176952,107.1605679956308,820.3515704154001,-726.8672985781991,17422.0,15544.0,0.17422,10,10,1.0,183.1,40.73929307192259,0.2224975044889273,66,0.02288862500063707,11.26225462059465,162.57845890393506,1.0174789875438195,2012-01-10 01:30:00,2021-05-20 08:00:00,BIAS,7,1,2,45,2,7,14,14,1,2,152,103,104,141,4,2,1250,4500,700,23815.0,622391.0,598576.0,1.0397860923257864,0.30142857142857143,34.02142857142857,2949.7203791469196,-1224.081799591002,39228.0,34163.0,0.39228,5,2,0.4,140.0,44.66318394382559,0.31902274245589707,63,0.18857862691580937,0.6070918731518303,1153.0380012597102,0.21527515445485745,False,False,False
1831,192766.0,785611.0,592845.0,1.3251541296628968,0.5412342981977062,105.2790824685964,792.7457114026236,-705.7678571428571,16923.0,15628.0,0.16923,10,10,1.0,183.1,40.73929307192259,0.2224975044889273,66,0.020703858564269633,11.390769958045263,160.74418206530197,1.0142449665108713,2012-01-10 01:30:00,2021-05-20 08:00:00,BIAS,7,1,2,41,2,7,14,14,3,1,152,103,104,141,4,2,1500,4000,700,3365.0,647094.0,643729.0,1.0052273549894444,0.3628571428571429,4.807142857142857,2547.6141732283463,-1443.3385650224216,46231.0,44961.0,0.46231,5,2,0.4,140.0,44.66318394382559,0.31902274245589707,63,1.1860326894502229,0.07278665830287037,9617.147102526003,0.028019464553791368,False,False,False
1831,198781.0,811015.0,612234.0,1.3246814126624786,0.5488803932277444,108.56417258328783,806.9800995024875,-741.2033898305085,18163.0,16868.0,0.18163,10,10,1.0,183.1,40.73929307192259,0.2224975044889273,66,0.022592702521870803,10.944282332213842,167.30197051026002,1.0095601099613651,2012-01-10 01:30:00,2021-05-20 08:00:00,BIAS,7,1,2,41,2,7,14,14,3,1,152,103,104,141,4,2,1750,4500,700,25000.0,719486.0,694486.0,1.035997845888902,0.3942857142857143,35.714285714285715,2606.8333333333335,-1637.938679245283,50380.0,45915.0,0.5038,5,3,0.6,140.0,44.66318394382559,0.31902274245589707,63,0.17964,0.4962286621675268,1410.6399999999999,0.19941247972972445,False,False,False
1831,220391.0,899153.0,678762.0,1.3246955486606498,0.5641725832878208,120.36646641179684,870.4288480154888,-850.578947368421,22394.0,21191.0,0.22394,10,10,1.0,183.1,40.73929307192259,0.2224975044889273,66,0.04533306713976524,9.841520050013397,186.04849562822437,1.0080431463363058,2012-01-10 01:30:00,2021-05-20 08:00:00,BIAS,7,1,2,41,2,7,14,14,3,1,152,103,104,141,4,2,4000,10000,700,27260.0,932849.0,905589.0,1.0301019557437203,0.5128571428571429,38.94285714285714,2598.465181058496,-2655.6862170087975,77461.0,72821.0,0.77461,5,3,0.6,140.0,44.66318394382559,0.31902274245589707,63,0.366507703595011,0.35191903022165993,1989.0939104915626,0.17535805055717532,False,False,False
1831,187326.0,774610.0,587284.0,1.3189700383460132,0.5270344074276352,102.30802839978153,802.7046632124352,-678.1570438799076,16260.0,14951.0,0.1626,10,10,1.0,183.1,40.73929307192259,0.2224975044889273,66,0.03198167899811025,11.520664206642067,158.93180871849077,1.0055157826724799,2012-01-10 01:30:00,2021-05-20 08:00:00,BIAS,7,1,2,41,2,7,14,14,3,1,152,103,104,141,4,2,1250,6000,700,17280.0,615827.0,598547.0,1.0288699133067245,0.3028571428571429,24.685714285714287,2904.8443396226417,-1226.530737704918,51187.0,46797.0,0.51187,5,3,0.6,140.0,44.66318394382559,0.31902274245589707,63,0.3467013888888889,0.33758571512298047,2073.5474537037035,0.13674306392423097,False,False,False
1831,200891.0,840939.0,640048.0,1.3138686473514487,0.5592572364827962,109.71654833424358,821.2294921875,-793.1201982651796,18736.0,16433.0,0.18736,10,10,1.0,183.1,40.73929307192259,0.2224975044889273,66,0.022355406663314932,10.722192570452604,170.76731162670305,1.0045536695258444,2012-01-10 01:30:00,2021-05-20 08:00:00,BIAS,7,1,2,41,2,7,14,14,3,1,152,103,104,141,4,2,2500,4500,700,43040.0,834603.0,791563.0,1.05437343584781,0.4685714285714286,61.48571428571429,2544.5213414634145,-2127.8575268817203,72614.0,69772.0,0.72614,5,3,0.6,140.0,44.66318394382559,0.31902274245589707,63,0.10434479553903346,0.5927231663315614,1180.9897769516729,0.2859588153197208,True,False,False
1831,231316.0,939743.0,708427.0,1.3265205871600039,0.5778263244128892,126.33315128345167,888.2258979206049,-916.4644243208279,24854.0,23049.0,0.24854,10,9,0.9,183.1,40.73929307192259,0.2224975044889273,66,0.02157654464023241,9.306992838174942,196.7337927337495,1.0042888231336093,2012-01-10 01:30:00,2021-05-20 08:00:00,BIAS,7,1,2,45,2,7,14,14,1,2,152,103,104,141,4,2,4000,5000,700,54940.0,976998.0,922058.0,1.0595841042537455,0.5114285714285715,78.48571428571428,2729.04469273743,-2696.0760233918127,77514.0,75455.0,0.77514,5,3,0.6,140.0,44.66318394382559,0.31902274245589707,63,0.09084455769930834,0.7087751889981164,987.6192209683292,0.3532970309746969,True,False,False
1831,186456.0,837156.0,650700.0,1.286546795758414,0.57400327689787,101.83287820862917,796.5328258801142,-834.2307692307693,16308.0,14539.0,0.16308,10,10,1.0,183.1,40.73929307192259,0.2224975044889273,66,0.013788775904234779,11.433406916850625,160.1447419230274,0.9993718551612732,2012-01-10 01:30:00,2021-05-20 08:00:00,BIAS,7,1,2,45,2,7,14,14,1,2,152,103,104,141,4,2,2250,2500,700,-24345.0,699936.0,724281.0,0.9663873551839687,0.48714285714285716,-34.77857142857143,2052.598240469208,-2017.4958217270196,73133.0,70168.0,0.73133,5,2,0.4,140.0,44.66318394382559,0.31902274245589707,63,0.0,0.0,0.0,0.0,False,False,False
1831,211096.0,877088.0,665992.0,1.3169647683455656,0.5614418350628072,115.29000546149645,853.1984435797665,-829.3798256537982,20998.0,19123.0,0.20998,10,9,0.9,183.1,40.73929307192259,0.2224975044889273,66,0.04398946450903854,10.053147918849414,182.13200629097662,0.9971078630299746,2012-01-10 01:30:00,2021-05-20 08:00:00,BIAS,7,1,2,41,2,7,14,14,3,1,152,103,104,141,4,2,3000,0,700,42010.0,883475.0,841465.0,1.0499248334749514,0.4857142857142857,60.01428571428571,2598.455882352941,-2337.402777777778,76290.0,72832.0,0.7629,5,3,0.6,140.0,44.66318394382559,0.31902274245589707,63,0.3241133063556296,0.5506619478306463,1271.1973339681028,0.27230792514042834,True,False,False
1831,187796.0,795826.0,608030.0,1.3088597602092003,0.557618787547788,102.56471873293282,779.4573947110675,-750.6543209876543,16676.0,14189.0,0.16676,10,10,1.0,183.1,40.73929307192259,0.2224975044889273,66,0.015926856802061812,11.261453585991845,162.59002321668194,0.9953859289251163,2012-01-10 01:30:00,2021-05-20 08:00:00,BIAS,7,1,2,41,2,7,14,14,3,1,152,103,104,141,4,2,2000,3000,700,-2590.0,699985.0,702575.0,0.9963135608298046,0.45,-3.7,2222.1746031746034,-1824.8701298701299,67732.0,66822.0,0.67732,5,2,0.4,140.0,44.66318394382559,0.31902274245589707,63,0.0,0.0,0.0,0.0,False,False,False
1955,246885.0,1055243.0,808358.0,1.3054154223747398,0.569309462915601,126.28388746803068,948.1069182389937,-960.0451306413302,25371.0,24736.0,0.25371,10,10,1.0,195.5,34.37804531965132,0.17584677912865126,93,0.01819065556838204,9.730992077568878,200.90448994471112,0.9936160472126657,2012-01-10 01:30:00,2021-05-20 08:00:00,BIAS,7,1,2,45,34,7,14,14,3,2,152,103,41,127,4,4,3000,4500,936,48226.0,1172291.0,1124065.0,1.0429032128924929,0.47115384615384615,51.52350427350427,2658.2562358276646,-2270.838383838384,61279.0,58964.0,0.61279,5,3,0.6,187.2,57.64512121593639,0.30793333982872007,98,0.0931240409737486,0.7869906493252175,1189.3406875959026,0.26084889738870937,False,False,False
2008,234583.0,996251.0,761668.0,1.3079858941165967,0.5607569721115537,116.824203187251,884.7699822380107,-863.5691609977324,21801.0,19416.0,0.21801,10,10,1.0,200.8,34.87922017476882,0.17370129569107975,99,0.012750284547473602,10.760194486491445,186.6137273374456,0.9915944037389813,2012-01-10 01:30:00,2021-05-20 08:00:00,BIAS,7,1,2,45,34,7,14,14,3,2,152,103,41,127,4,4,2000,3000,1026,-40684.0,987895.0,1028579.0,0.9604464022695388,0.4337231968810916,-39.653021442495124,2219.9887640449438,-1770.3597246127367,99870.0,99835.0,0.9987,5,2,0.4,205.2,65.70966443378022,0.32022253622699914,101,0.0,0.0,0.0,0.0,False,False,False
1831,193811.0,858553.0,664742.0,1.2915582286059855,0.5750955761878754,105.84980884762425,815.3399810066477,-854.4241645244216,17976.0,16423.0,0.17976,10,10,1.0,183.1,40.73929307192259,0.2224975044889273,66,0.01543256058737636,10.78165331553182,169.82553105860865,0.9894252637578831,2012-01-10 01:30:00,2021-05-20 08:00:00,BIAS,7,1,2,45,2,7,14,14,1,2,152,103,104,141,4,2,2500,3000,700,1925.0,777624.0,775699.0,1.0024816326951562,0.48428571428571426,2.75,2293.8761061946902,-2148.750692520776,79813.0,78618.0,0.79813,5,3,0.6,140.0,44.66318394382559,0.31902274245589707,63,1.5537662337662337,0.024118877877037575,29022.909090909092,0.01219931156541787,False,False,False
1944,233414.0,957363.0,723949.0,1.3224177393711436,0.5468106995884774,120.06893004115226,900.623706491063,-821.7355278093077,23138.0,21638.0,0.23138,10,10,1.0,194.4,38.17905184783928,0.1963942996288029,80,0.042803773552571825,10.087907338577232,192.7059730778788,0.9892525517152018,2012-01-10 01:30:00,2021-05-20 08:00:00,BIAS,8,1,2,41,2,7,14,14,3,1,152,153,104,141,4,2,2000,10000,836,58096.0,971712.0,913616.0,1.0635890790003677,0.40311004784689,69.49282296650718,2883.418397626113,-1830.8937875751503,47833.0,45641.0,0.47833,5,3,0.6,167.2,50.92111546303753,0.3045521259751049,86,0.17197397411181492,1.2145589864737734,688.3156843844671,0.398213144256854,True,False,False
1831,215821.0,894583.0,678762.0,1.3179627026851828,0.5641725832878208,117.87056253413435,866.0048402710552,-850.578947368421,22394.0,21191.0,0.22394,10,10,1.0,183.1,40.73929307192259,0.2224975044889273,66,0.043026396875188236,9.63744753058855,189.98806418281816,0.987140490698113,2012-01-10 01:30:00,2021-05-20 08:00:00,BIAS,7,1,2,41,2,7,14,14,3,1,152,103,104,141,4,2,4000,0,700,21460.0,927049.0,905589.0,1.0236972843088863,0.5128571428571429,30.65714285714286,2582.309192200557,-2655.6862170087975,81506.0,76866.0,0.81506,5,3,0.6,140.0,44.66318394382559,0.31902274245589707,63,0.6344827586206897,0.26329349986504064,2658.630009319664,0.13457870177074796,False,False,False
1831,235931.0,942497.0,706566.0,1.3339121893779209,0.5800109229929,128.85363189513927,887.4736346516007,-918.8114434330299,26798.0,25503.0,0.26798,10,10,1.0,183.1,40.73929307192259,0.2224975044889273,66,0.02115449008396523,8.804052541234421,207.972407186847,0.9864723566242893,2012-01-10 01:30:00,2021-05-20 08:00:00,BIAS,7,1,2,45,2,7,14,14,1,2,152,103,104,141,4,2,5000,5000,700,59585.0,1001759.0,942174.0,1.063242033849374,0.5271428571428571,85.12142857142857,2714.7940379403794,-2846.4471299093657,67745.0,60960.0,0.67745,5,3,0.6,140.0,44.66318394382559,0.31902274245589707,63,0.08376269195267265,0.8795483061480552,795.8630527817404,0.40986395557504857,True,False,False
2103,247603.0,1009882.0,762279.0,1.324819390275739,0.5240133143128863,117.73799334284355,916.4083484573503,-761.5174825174826,22401.0,19777.0,0.22401,10,9,0.9,210.3,38.013287150679304,0.1807574282010428,104,0.02015726788447636,11.053211910182581,190.26143867400637,0.9858761799812424,2012-01-10 01:30:00,2021-05-20 08:00:00,BIAS,7,1,2,45,34,7,14,14,3,2,152,103,41,127,4,4,1250,5000,1057,25732.0,900695.0,874963.0,1.029409243590872,0.3122043519394513,24.344370860927153,2729.378787878788,-1203.525447042641,55868.0,51412.0,0.55868,5,3,0.6,211.4,66.4427573178597,0.3142987574165549,102,0.19396082698585418,0.4605856662132169,2294.904243743199,0.12907925203359397,False,False,False
1831,196816.0,834355.0,637539.0,1.3087120944757888,0.559803386127799,107.49098853085745,814.0048780487805,-790.9913151364764,18736.0,16334.0,0.18736,10,10,1.0,183.1,40.73929307192259,0.2224975044889273,66,0.02027782294122429,10.50469684030743,174.30298349727664,0.9841766680508265,2012-01-10 01:30:00,2021-05-20 08:00:00,BIAS,7,1,2,41,2,7,14,14,3,1,152,103,104,141,4,2,2500,4000,700,24865.0,809551.0,784686.0,1.0316878343694165,0.47285714285714286,35.52142857142857,2445.773413897281,-2126.520325203252,76501.0,74478.0,0.76501,5,3,0.6,140.0,44.66318394382559,0.31902274245589707,63,0.16050673637643273,0.32502843100090195,2153.6577518600443,0.16095197658626514,False,False,False
2022,233382.0,1006226.0,772844.0,1.3019781482420774,0.549455984174085,115.42136498516321,905.6939693969397,-848.3468715697036,21638.0,20657.0,0.21638,10,9,0.9,202.2,34.7154144437309,0.17168849873259595,101,0.017100718992895766,10.78574729642296,187.46962490680514,0.9833703164988368,2012-01-10 01:30:00,2021-05-20 08:00:00,BIAS,7,1,2,45,34,7,14,14,3,2,152,103,41,127,4,4,1750,4000,1023,19653.0,1012138.0,992485.0,1.0198018106067095,0.3890518084066471,19.211143695014663,2543.0603015075376,-1587.976,47082.0,46141.0,0.47082,5,3,0.6,204.6,64.30116639688583,0.3142774506201654,102,0.2030733221391136,0.41742067031986746,2450.7650740344984,0.11095968519444611,False,False,False
1831,207776.0,873768.0,665992.0,1.311979723480162,0.5614418350628072,113.47678864008738,849.9688715953307,-829.3798256537982,20998.0,19123.0,0.20998,10,9,0.9,183.1,40.73929307192259,0.2224975044889273,66,0.03605324965347297,9.895037622630726,185.0422474202988,0.9814259074019213,2012-01-10 01:30:00,2021-05-20 08:00:00,BIAS,7,1,2,41,2,7,14,14,3,1,152,103,104,141,4,2,3000,7500,700,55760.0,895851.0,840091.0,1.066373761890081,0.48714285714285716,79.65714285714286,2627.1290322580644,-2340.08635097493,67915.0,64457.0,0.67915,5,3,0.6,140.0,44.66318394382559,0.31902274245589707,63,0.13434361549497847,0.8210262828535669,852.5914634146342,0.3830728030412831,True,False,False
1831,193241.0,803716.0,610475.0,1.3165420369384495,0.5494265428727472,105.53850354997269,798.9224652087476,-739.969696969697,18163.0,16868.0,0.18163,10,10,1.0,183.1,40.73929307192259,0.2224975044889273,66,0.020652967020456322,10.639266640973407,172.09832799457672,0.9814238041314016,2012-01-10 01:30:00,2021-05-20 08:00:00,BIAS,7,1,2,41,2,7,14,14,3,1,152,103,104,141,4,2,1750,4000,700,11075.0,698525.0,687450.0,1.0161102625645502,0.4,15.821428571428571,2494.7321428571427,-1636.7857142857142,50501.0,49231.0,0.50501,5,2,0.4,140.0,44.66318394382559,0.31902274245589707,63,0.3603611738148984,0.21930258806756303,3191.936794582393,0.08823383440344686,False,False,False
1831,206946.0,904278.0,697332.0,1.296768253858994,0.5750955761878754,113.02348443473512,858.7635327635328,-896.3136246786632,20976.0,18696.0,0.20976,10,10,1.0,183.1,40.73929307192259,0.2224975044889273,66,0.019285224164757957,9.865846681922196,185.58974805021597,0.9780178966467139,2012-01-10 01:30:00,2021-05-20 08:00:00,BIAS,7,1,2,45,2,7,14,14,1,2,152,103,104,141,4,2,3000,4000,700,50675.0,894244.0,843569.0,1.0600721458469906,0.49142857142857144,72.39285714285714,2599.546511627907,-2369.575842696629,57468.0,52880.0,0.57468,5,3,0.6,140.0,44.66318394382559,0.31902274245589707,63,0.07875678342377898,0.8817950859608826,793.8352244696597,0.3784618629206063,True,False,False
1995,217020.0,999064.0,782044.0,1.277503567574203,0.5634085213032581,108.78195488721805,888.846975088968,-897.8691159586682,19621.0,17560.0,0.19621,10,10,1.0,199.5,34.63885102020562,0.17362832591581764,98,0.013782139894940558,11.060598338514856,180.36998894111142,0.9732753791610382,2012-01-10 01:30:00,2021-05-20 08:00:00,BIAS,7,1,2,45,34,7,14,14,3,2,152,103,41,127,4,4,2250,3000,1014,-47931.0,1020919.0,1068850.0,0.955156476586986,0.4526627218934911,-47.26923076923077,2224.2244008714597,-1925.855855855856,102018.0,99678.0,1.02018,5,1,0.2,202.8,63.98249760676743,0.31549555032922794,101,0.0,0.0,0.0,0.0,False,False,False
1831,227246.0,900795.0,673549.0,1.337385995673663,0.5652648825778264,124.11032222829056,870.3333333333334,-846.1670854271357,25608.0,24313.0,0.25608,10,9,0.9,183.1,40.73929307192259,0.2224975044889273,66,0.043965570351073284,8.874023742580444,206.33255590857485,0.9719849032935064,2012-01-10 01:30:00,2021-05-20 08:00:00,BIAS,7,1,2,41,2,7,14,14,3,1,152,103,104,141,4,2,5000,10000,700,55405.0,967273.0,911868.0,1.0607598906859326,0.5257142857142857,79.15,2628.459239130435,-2746.590361445783,64820.0,61408.0,0.6482,5,3,0.6,140.0,44.66318394382559,0.31902274245589707,63,0.18032668531720963,0.8547516198704104,818.9513581806696,0.38961516521581874,True,False,False
1831,212206.0,890968.0,678762.0,1.3126368299934292,0.5641725832878208,115.89623156744948,862.5053242981606,-850.578947368421,22394.0,21191.0,0.22394,10,10,1.0,183.1,40.73929307192259,0.2224975044889273,66,0.035300604129949203,9.476020362597124,193.22457423447028,0.9706058954832189,2012-01-10 01:30:00,2021-05-20 08:00:00,BIAS,7,1,2,41,2,7,14,14,3,1,152,103,104,141,4,2,4000,7500,700,41580.0,945795.0,904215.0,1.0459846386091802,0.5142857142857142,59.4,2627.2083333333335,-2659.455882352941,82846.0,78206.0,0.82846,5,3,0.6,140.0,44.66318394382559,0.31902274245589707,63,0.18015873015873016,0.5018950824421216,1394.7138047138048,0.25863668173278054,True,False,False
1831,191401.0,787904.0,596503.0,1.3208718145591891,0.5182960131075914,104.53358820316767,830.2465753424658,-676.3072562358277,18448.0,17153.0,0.18448,10,9,0.9,183.1,40.73929307192259,0.2224975044889273,66,0.05219930930350416,10.37516261925412,176.4791615508801,0.9645409270112132,2012-01-10 01:30:00,2021-05-20 08:00:00,BIAS,7,1,2,45,2,7,14,14,1,2,152,103,104,141,4,2,1000,10000,700,70330.0,592768.0,522438.0,1.1346188447241587,0.24714285714285714,100.47142857142858,3426.4046242774566,-991.3434535104365,36866.0,32335.0,0.36866,5,4,0.8,140.0,44.66318394382559,0.31902274245589707,63,0.14205886534906867,1.9077198502685402,366.93018626475185,0.6557963799569752,True,False,False
1831,190686.0,787189.0,596503.0,1.3196731617443667,0.5182960131075914,104.14309120699072,829.4931506849315,-676.3072562358277,18448.0,17153.0,0.18448,10,9,0.9,183.1,40.73929307192259,0.2224975044889273,66,0.048645417073093986,10.336405030355595,177.14089130822398,0.9609377757068156,2012-01-10 01:30:00,2021-05-20 08:00:00,BIAS,7,1,2,45,2,7,14,14,1,2,152,103,104,141,4,2,1000,0,700,66125.0,588563.0,522438.0,1.126570042761055,0.24714285714285714,94.46428571428571,3402.098265895954,-991.3434535104365,36866.0,32236.0,0.36866,5,4,0.8,140.0,44.66318394382559,0.31902274245589707,63,0.25120604914933836,1.7936581131666034,390.2638941398866,0.6165866006633723,True,False,False
1831,178886.0,766170.0,587284.0,1.304598797174791,0.5270344074276352,97.6985253959585,793.958549222798,-678.1570438799076,16260.0,14951.0,0.1626,10,10,1.0,183.1,40.73929307192259,0.2224975044889273,66,0.027900450566282438,11.001599015990159,166.43035229140347,0.9602121237796636,2012-01-10 01:30:00,2021-05-20 08:00:00,BIAS,7,1,2,41,2,7,14,14,3,1,152,103,104,141,4,2,1250,5000,700,14085.0,608855.0,594770.0,1.023681423071103,0.30714285714285716,20.12142857142857,2831.8837209302324,-1226.3298969072166,50530.0,46065.0,0.5053,5,3,0.6,140.0,44.66318394382559,0.31902274245589707,63,0.354348597799077,0.278745299821888,2511.253106141285,0.1121821112662465,False,False,False
1831,209301.0,909642.0,700341.0,1.2988558430821557,0.5745494265428728,114.30966684871655,864.6787072243346,-899.0256739409499,22389.0,20133.0,0.22389,10,10,1.0,183.1,40.73929307192259,0.2224975044889273,66,0.021457135895194004,9.348385367814553,195.86270013043418,0.9574256489405711,2012-01-10 01:30:00,2021-05-20 08:00:00,BIAS,7,1,2,45,2,7,14,14,1,2,152,103,104,141,4,2,3000,4500,700,65255.0,921984.0,856729.0,1.0761676095941657,0.48428571428571426,93.22142857142858,2719.716814159292,-2373.2105263157896,53068.0,48113.0,0.53068,5,3,0.6,140.0,44.66318394382559,0.31902274245589707,63,0.06882231246647766,1.229648752543906,569.2682553061068,0.5071528153705642,True,False,False
1831,184531.0,798007.0,613476.0,1.3007957931524623,0.5390496996176952,100.7815401419989,808.5177304964539,-726.8672985781991,17422.0,15544.0,0.17422,10,10,1.0,183.1,40.73929307192259,0.2224975044889273,66,0.021627802374668756,10.59183790609574,172.86895968699028,0.9569107493996185,2012-01-10 01:30:00,2021-05-20 08:00:00,BIAS,7,1,2,45,2,7,14,14,1,2,152,103,104,141,4,2,1250,4000,700,8685.0,602225.0,593540.0,1.0146325437207264,0.30714285714285716,12.407142857142857,2801.046511627907,-1223.7938144329896,41683.0,40488.0,0.41683,5,2,0.4,140.0,44.66318394382559,0.31902274245589707,63,0.4595279217040875,0.20835832353717343,3359.5970063327577,0.07616084354293019,False,False,False
1831,186396.0,821191.0,634795.0,1.2936318023928985,0.5630802839978154,101.800109229929,796.4995150339477,-793.49375,17807.0,17202.0,0.17807,10,10,1.0,183.1,40.73929307192259,0.2224975044889273,66,0.016046481684156313,10.467568933565452,174.9212268503616,0.9560757693224882,2012-01-10 01:30:00,2021-05-20 08:00:00,BIAS,7,1,2,45,2,7,14,14,1,2,152,103,104,141,4,2,1750,3000,700,-11215.0,668897.0,680112.0,0.9835100689298233,0.41,-16.021428571428572,2330.651567944251,-1646.7602905569008,51525.0,49265.0,0.51525,5,2,0.4,140.0,44.66318394382559,0.31902274245589707,63,0.0,0.0,0.0,0.0,False,False,False
1831,222676.0,896225.0,673549.0,1.3306010401618888,0.5652648825778264,121.61441835062807,865.9178743961353,-846.1670854271357,25608.0,24313.0,0.25608,10,9,0.9,183.1,40.73929307192259,0.2224975044889273,66,0.04170184483285132,8.695563886285536,210.56713790439923,0.9524379321342722,2012-01-10 01:30:00,2021-05-20 08:00:00,BIAS,7,1,2,41,2,7,14,14,3,1,152,103,104,141,4,2,5000,0,700,56335.0,968203.0,911868.0,1.0617797751428935,0.5257142857142857,80.47857142857143,2630.9864130434785,-2746.590361445783,68865.0,65453.0,0.68865,5,3,0.6,140.0,44.66318394382559,0.31902274245589707,63,0.3050678973994852,0.8180498075945691,855.6936185319961,0.3843442867594689,True,False,False
1831,187246.0,802344.0,615098.0,1.304416531999779,0.5565264882577826,102.26433642818132,787.3837095191365,-757.5098522167488,18183.0,17363.0,0.18183,10,10,1.0,183.1,40.73929307192259,0.2224975044889273,66,0.015973638956239385,10.297860639058461,177.80392104504236,0.9504535174534228,2012-01-10 01:30:00,2021-05-20 08:00:00,BIAS,7,1,2,45,2,7,14,14,1,2,152,103,104,141,4,2,1500,3000,700,-19220.0,616372.0,635592.0,0.9697604752734459,0.3742857142857143,-27.457142857142856,2352.5648854961833,-1451.123287671233,52961.0,51536.0,0.52961,5,2,0.4,140.0,44.66318394382559,0.31902274245589707,63,0.0,0.0,0.0,0.0,False,False,False
1831,217356.0,921774.0,704418.0,1.3085611100227421,0.5783724740578918,118.70890223921354,870.4192634560907,-912.458549222798,24609.0,23524.0,0.24609,10,10,1.0,183.1,40.73929307192259,0.2224975044889273,66,0.018361581920903956,8.83237839814702,207.30542980179982,0.9483655132021822,2012-01-10 01:30:00,2021-05-20 08:00:00,BIAS,7,1,2,45,2,7,14,14,1,2,152,103,104,141,4,2,4000,4000,700,51990.0,947843.0,895853.0,1.0580340747868233,0.5257142857142857,74.27142857142857,2575.6603260869565,-2698.352409638554,70074.0,67230.0,0.70074,5,3,0.6,140.0,44.66318394382559,0.31902274245589707,63,0.07676476245431814,0.7419299597568285,943.4852856318523,0.35162744903956744,True,False,False
1831,220441.0,928868.0,708427.0,1.3111696759157965,0.5778263244128892,120.39377389404697,877.9470699432892,-916.4644243208279,25464.0,23964.0,0.25464,10,9,0.9,183.1,40.73929307192259,0.2224975044889273,66,0.020372798163680986,8.656966698083568,211.50595397407923,0.9455405583175728,2012-01-10 01:30:00,2021-05-20 08:00:00,BIAS,7,1,2,45,2,7,14,14,1,2,152,103,104,141,4,2,4000,4500,700,56955.0,972907.0,915952.0,1.0621812060020612,0.5171428571428571,81.36428571428571,2687.5883977900553,-2709.9171597633135,68709.0,66650.0,0.68709,5,3,0.6,140.0,44.66318394382559,0.31902274245589707,63,0.07885172504608902,0.8289307077675414,844.4614169080853,0.389015091079829,True,False,False
1831,175676.0,762960.0,587284.0,1.2991329578193855,0.5270344074276352,95.94538503549973,790.6321243523316,-678.1570438799076,16260.0,14951.0,0.1626,10,10,1.0,183.1,40.73929307192259,0.2224975044889273,66,0.02556410665088003,10.804182041820418,169.4714132835447,0.9429817037505237,2012-01-10 01:30:00,2021-05-20 08:00:00,BIAS,7,1,2,41,2,7,14,14,3,1,152,103,104,141,4,2,1250,4500,700,19185.0,608700.0,589515.0,1.0325437011780871,0.3142857142857143,27.40714285714286,2766.818181818182,-1228.15625,41175.0,36710.0,0.41175,5,3,0.6,140.0,44.66318394382559,0.31902274245589707,63,0.23408913213448007,0.46593806921675773,1502.3455824863174,0.16927249929630217,False,False,False
1831,225056.0,931622.0,706566.0,1.318520845894085,0.5800109229929,122.91425450573458,877.2335216572504,-918.8114434330299,26798.0,25503.0,0.26798,10,9,0.9,183.1,40.73929307192259,0.2224975044889273,66,0.019955033413905872,8.39823867452795,218.02190565903595,0.9410019145107512,2012-01-10 01:30:00,2021-05-20 08:00:00,BIAS,7,1,2,45,2,7,14,14,1,2,152,103,104,141,4,2,5000,4500,700,62140.0,997208.0,935068.0,1.066455059952859,0.5328571428571428,88.77142857142857,2673.4798927613942,-2859.5351681957186,55590.0,49912.0,0.5559,5,3,0.6,140.0,44.66318394382559,0.31902274245589707,63,0.072272288381075,1.1178269472926785,626.2149983907306,0.47186125544881274,True,False,False
1831,186526.0,783029.0,596503.0,1.3126991817308546,0.5182960131075914,101.87110868377935,825.1095890410959,-676.3072562358277,18448.0,17153.0,0.18448,10,9,0.9,183.1,40.73929307192259,0.2224975044889273,66,0.040160621039426136,10.110906331309627,181.09157972615077,0.939973986299411,2012-01-10 01:30:00,2021-05-20 08:00:00,BIAS,7,1,2,45,2,7,14,14,1,2,152,103,104,141,4,2,1000,7500,700,58660.0,581098.0,522438.0,1.1122812659109789,0.24714285714285714,83.8,3358.9479768786127,-991.3434535104365,36866.0,32236.0,0.36866,5,3,0.6,140.0,44.66318394382559,0.31902274245589707,63,0.12770201159222638,1.5911680138881354,439.92840095465397,0.5469787522860253,True,False,False
1831,178686.0,790002.0,611316.0,1.2922972734232376,0.5581649371927908,97.58929546695795,772.9960861056751,-755.6440049443758,16935.0,14940.0,0.16935,10,10,1.0,183.1,40.73929307192259,0.2224975044889273,66,0.014388368422819918,10.551284322409211,173.5333769853262,0.9398294055241134,2012-01-10 01:30:00,2021-05-20 08:00:00,BIAS,7,1,2,45,2,7,14,14,1,2,152,103,104,141,4,2,1500,2500,700,-28475.0,582219.0,610694.0,0.9533727202166715,0.3985714285714286,-40.67857142857143,2086.8064516129034,-1450.5795724465559,53460.0,52585.0,0.5346,5,2,0.4,140.0,44.66318394382559,0.31902274245589707,63,0.0,0.0,0.0,0.0,False,False,False
1831,172756.0,777974.0,605218.0,1.2854442531451478,0.5592572364827962,94.35062807209175,759.740234375,-749.9603469640645,15861.0,14293.0,0.15861,10,10,1.0,183.1,40.73929307192259,0.2224975044889273,66,0.014419180809928454,10.891873147973016,168.10698904813725,0.9388991803702759,2012-01-10 01:30:00,2021-05-20 08:00:00,BIAS,7,1,2,41,2,7,14,14,3,1,152,103,104,141,4,2,2000,2500,700,-24105.0,653684.0,677789.0,0.9644358347509329,0.47,-34.43571428571428,1986.8814589665653,-1826.9245283018868,82342.0,81432.0,0.82342,5,2,0.4,140.0,44.66318394382559,0.31902274245589707,63,0.0,0.0,0.0,0.0,False,False,False
1831,219061.0,892610.0,673549.0,1.3252339473445882,0.5652648825778264,119.6400873839432,862.4251207729469,-846.1670854271357,25608.0,24313.0,0.25608,10,9,0.9,183.1,40.73929307192259,0.2224975044889273,66,0.034195954551471966,8.554397063417682,214.04197004487335,0.9369757219065629,2012-01-10 01:30:00,2021-05-20 08:00:00,BIAS,7,1,2,41,2,7,14,14,3,1,152,103,104,141,4,2,5000,7500,700,64725.0,975219.0,910494.0,1.0710877831155394,0.5271428571428571,92.46428571428571,2642.869918699187,-2750.737160120846,67276.0,63278.0,0.67276,5,3,0.6,140.0,44.66318394382559,0.31902274245589707,63,0.11573580533024334,0.9620815744098936,727.5890305137119,0.44676936423399916,True,False,False
2103,235098.0,997377.0,762279.0,1.308414635586183,0.5240133143128863,111.79172610556348,905.0607985480943,-761.5174825174826,22401.0,19777.0,0.22401,10,9,0.9,210.3,38.013287150679304,0.1807574282010428,104,0.019102672077176325,10.494977902772197,200.3815557767399,0.9360852580995793,2012-01-10 01:30:00,2021-05-20 08:00:00,BIAS,7,1,2,45,34,7,14,14,3,2,152,103,41,127,4,4,1250,4500,1061,19641.0,892101.0,872460.0,1.0225122068633519,0.3166823751178134,18.511781338360038,2655.0625,-1203.393103448276,39904.0,38324.0,0.39904,5,3,0.6,212.2,66.67953209193958,0.3142296517056531,103,0.22865434550175653,0.4922062951082598,2155.60022402118,0.11613936383733581,False,False,False
1831,177191.0,807704.0,630513.0,1.281026719512524,0.5647187329328236,96.77280174767887,781.1450676982591,-791.107904642409,16792.0,16187.0,0.16792,10,10,1.0,183.1,40.73929307192259,0.2224975044889273,66,0.014509766297385308,10.552108146736542,173.51982888521425,0.935926079526719,2012-01-10 01:30:00,2021-05-20 08:00:00,BIAS,7,1,2,45,2,7,14,14,1,2,152,103,104,141,4,2,1750,2500,700,-22945.0,630459.0,653404.0,0.9648839003128233,0.4342857142857143,-32.77857142857143,2073.878289473684,-1650.010101010101,59609.0,58734.0,0.59609,5,2,0.4,140.0,44.66318394382559,0.31902274245589707,63,0.0,0.0,0.0,0.0,False,False,False
1958,231223.0,1040879.0,809656.0,1.285581777940261,0.5689479060265578,118.09141981613892,934.3617594254937,-959.3080568720379,25371.0,24736.0,0.25371,10,10,1.0,195.8,33.84612237760775,0.172860686300346,95,0.017260393645960825,9.11367309132474,214.8420269609857,0.9291567762130218,2012-01-10 01:30:00,2021-05-20 08:00:00,BIAS,7,1,2,45,34,7,14,14,3,2,152,103,41,127,4,4,3000,4000,939,35199.0,1150579.0,1115380.0,1.0315578547221576,0.47816826411075614,37.48562300319489,2562.5367483296213,-2276.285714285714,66498.0,64183.0,0.66498,5,4,0.8,187.8,57.30759112019978,0.3051522423865803,99,0.1133839029517884,0.529324190201209,1773.9601125031961,0.1821796604511294,False,False,False
1831,222971.0,924528.0,701557.0,1.3178230706842067,0.5805570726379028,121.77553249590387,869.7347130761995,-913.4856770833334,27159.0,26074.0,0.27159,10,10,1.0,183.1,40.73929307192259,0.2224975044889273,66,0.01789918868373017,8.20983835929158,223.0250974341955,0.9260674012458946,2012-01-10 01:30:00,2021-05-20 08:00:00,BIAS,7,1,2,45,2,7,14,14,1,2,152,103,104,141,4,2,5000,4000,700,59175.0,970144.0,910969.0,1.0649583026425706,0.5414285714285715,84.53571428571429,2559.7467018469656,-2837.909657320872,60110.0,55325.0,0.6011,5,3,0.6,140.0,44.66318394382559,0.31902274245589707,63,0.06744402196873679,0.9844451838296456,711.0604140261935,0.43212193244361946,True,False,False
1831,174901.0,799391.0,624490.0,1.2800701372319814,0.5603495357728018,95.52211906062261,779.1335282651072,-775.7639751552795,16986.0,15439.0,0.16986,10,10,1.0,183.1,40.73929307192259,0.2224975044889273,66,0.01710110290964603,10.296773813728953,177.82268826364628,0.9185394965026267,2012-01-10 01:30:00,2021-05-20 08:00:00,BIAS,7,1,2,41,2,7,14,14,3,1,152,103,104,141,4,2,2250,3000,700,-6625.0,732291.0,738916.0,0.99103416355851,0.47285714285714286,-9.464285714285714,2212.359516616314,-2002.4823848238482,73750.0,72206.0,0.7375,5,2,0.4,140.0,44.66318394382559,0.31902274245589707,63,0.0,0.0,0.0,0.0,False,False,False
1831,194061.0,860053.0,665992.0,1.291386383019616,0.5614418350628072,105.98634625887493,836.6274319066148,-829.3798256537982,20998.0,19123.0,0.20998,10,9,0.9,183.1,40.73929307192259,0.2224975044889273,66,0.03087173620665667,9.241880179064673,198.11985921952376,0.9166433708239847,2012-01-10 01:30:00,2021-05-20 08:00:00,BIAS,7,1,2,41,2,7,14,14,3,1,152,103,104,141,4,2,3000,6000,700,51005.0,888757.0,837752.0,1.06088317306315,0.48857142857142855,72.86428571428571,2598.7046783625733,-2340.08938547486,59045.0,55587.0,0.59045,5,3,0.6,140.0,44.66318394382559,0.31902274245589707,63,0.11745907263993727,0.8638326699974596,810.342123321243,0.37580503582877356,True,False,False
1831,183361.0,842711.0,659350.0,1.2780935770076591,0.5767340251228836,100.14254505734571,798.0217803030303,-850.7741935483871,18758.0,17308.0,0.18758,10,10,1.0,183.1,40.73929307192259,0.2224975044889273,66,0.014021520388741335,9.775082631410598,187.3129945844536,0.9163572193970595,2012-01-10 01:30:00,2021-05-20 08:00:00,BIAS,7,1,2,45,2,7,14,14,1,2,152,103,104,141,4,2,2500,2500,700,-7825.0,732809.0,740634.0,0.9894347275442391,0.5128571428571429,-11.178571428571429,2041.25069637883,-2171.9472140762464,70491.0,69486.0,0.70491,5,3,0.6,140.0,44.66318394382559,0.31902274245589707,63,0.0,0.0,0.0,0.0,False,False,False
1976,212701.0,992682.0,779981.0,1.2727002324415595,0.5678137651821862,107.6422064777328,884.7433155080214,-913.3266978922717,21871.0,21236.0,0.21871,10,9,0.9,197.6,34.366262525913406,0.17391833262101927,96,0.014061993126501521,9.725252617621507,203.18238278146316,0.912195064547537,2012-01-10 01:30:00,2021-05-20 08:00:00,BIAS,7,1,2,45,34,7,14,14,3,2,152,103,41,127,4,4,2500,3000,997,-41703.0,1040015.0,1081718.0,0.9614474382417598,0.47141424272818455,-41.82848545636911,2212.7978723404253,-2052.595825426945,97536.0,95196.0,0.97536,5,1,0.2,199.4,62.31083372897525,0.31249164357560305,101,0.0,0.0,0.0,0.0,False,False,False
1831,196991.0,875753.0,678762.0,1.2902210200335316,0.5641725832878208,107.58656471873293,847.7763794772508,-850.578947368421,22394.0,21191.0,0.22394,10,10,1.0,183.1,40.73929307192259,0.2224975044889273,66,0.030412556918844008,8.796597302848978,208.1486666903564,0.9010142312523434,2012-01-10 01:30:00,2021-05-20 08:00:00,BIAS,7,1,2,41,2,7,14,14,3,1,152,103,104,141,4,2,4000,6000,700,30825.0,932701.0,901876.0,1.0341787562813514,0.5157142857142857,44.035714285714285,2583.6592797783933,-2660.4011799410027,80511.0,75871.0,0.80511,5,3,0.6,140.0,44.66318394382559,0.31902274245589707,63,0.1943552311435523,0.3828669374371204,1828.3114355231144,0.1944987801070325,False,False,False
1831,165386.0,752670.0,587284.0,1.2816116223156089,0.5270344074276352,90.32550518842163,779.9689119170985,-678.1570438799076,16260.0,14951.0,0.1626,10,10,1.0,183.1,40.73929307192259,0.2224975044889273,66,0.024131425876434524,10.171340713407133,180.01559986939642,0.8877477404795425,2012-01-10 01:30:00,2021-05-20 08:00:00,BIAS,7,1,2,41,2,7,14,14,3,1,152,103,104,141,4,2,1250,4000,700,7580.0,592059.0,584479.0,1.0129688149617009,0.32,10.82857142857143,2643.120535714286,-1227.8970588235295,44203.0,43008.0,0.44203,5,2,0.4,140.0,44.66318394382559,0.31902274245589707,63,0.5265171503957784,0.17148157364884736,4082.0712401055407,0.06454828976337257,False,False,False
2161,231031.0,980110.0,749079.0,1.3084200731832023,0.4974548819990745,106.90930124942156,911.7302325581395,-689.7596685082873,23093.0,20866.0,0.23093,10,9,0.9,216.1,40.685255314425646,0.18827050122362632,102,0.032424220126303395,10.0043736197116,216.0055273967563,0.8816876554187553,2012-01-10 01:30:00,2021-05-20 08:00:00,BIAS,7,1,2,45,34,7,14,14,3,2,152,103,41,127,4,4,1000,7500,1077,32812.0,813351.0,780539.0,1.0420376175950208,0.26090993500464255,30.4661095636026,2894.487544483986,-980.5766331658291,47571.0,46058.0,0.47571,5,3,0.6,215.4,68.02528941504035,0.3158091430596116,102,0.2283006217237596,0.6897479556872885,1561.4399305132267,0.17505934779008572,False,False,False
1831,167271.0,756694.0,589423.0,1.2837877042463561,0.5428727471327144,91.35499726925177,761.261569416499,-704.2090800477897,16923.0,15628.0,0.16923,10,10,1.0,183.1,40.73929307192259,0.2224975044889273,66,0.017881162903312587,9.884240382910832,185.24438187133455,0.8801021434964669,2012-01-10 01:30:00,2021-05-20 08:00:00,BIAS,7,1,2,41,2,7,14,14,3,1,152,103,104,141,4,2,1500,3000,700,-21170.0,602942.0,624112.0,0.9660798061886328,0.38142857142857145,-30.242857142857144,2258.2097378277153,-1441.367205542725,59711.0,58286.0,0.59711,5,2,0.4,140.0,44.66318394382559,0.31902274245589707,63,0.0,0.0,0.0,0.0,False,False,False
2161,229616.0,978695.0,749079.0,1.3065310868413078,0.4974548819990745,106.25451180009254,910.413953488372,-689.7596685082873,23093.0,20866.0,0.23093,10,9,0.9,216.1,40.685255314425646,0.18827050122362632,102,0.0435117761828444,9.943099640583727,217.3366533691032,0.8762875661129151,2012-01-10 01:30:00,2021-05-20 08:00:00,BIAS,7,1,2,45,34,7,14,14,3,2,152,103,41,127,4,4,1000,10000,1077,37797.0,819345.0,781548.0,1.0483617129082283,0.25998142989786444,35.09470752089136,2926.2321428571427,-980.612296110414,54615.0,52937.0,0.54615,5,3,0.6,215.4,68.02528941504035,0.3158091430596116,102,0.26433314813344977,0.6920626201592969,1556.2175569489643,0.18820237746200946,False,False,False
2016,207891.0,973226.0,765335.0,1.2716339903440976,0.5610119047619048,103.12053571428571,860.500442086649,-864.7853107344632,21801.0,19416.0,0.21801,10,10,1.0,201.6,35.00628514995557,0.17364228745017646,100,0.012367057736987172,9.535846979496354,211.41278843239968,0.8752787807245271,2012-01-10 01:30:00,2021-05-20 08:00:00,BIAS,7,1,2,45,34,7,14,14,3,2,152,103,41,127,4,4,2000,2500,1037,-68288.0,937228.0,1005516.0,0.9320866102578179,0.4513018322082932,-65.85149469623916,2002.6239316239316,-1767.1634446397188,112060.0,111725.0,1.1206,5,1,0.2,207.4,66.18338159991525,0.31910984377972634,102,0.0,0.0,0.0,0.0,False,False,False
2161,228901.0,977980.0,749079.0,1.3055765813752622,0.4974548819990745,105.92364645997223,909.7488372093023,-689.7596685082873,23093.0,20866.0,0.23093,10,9,0.9,216.1,40.685255314425646,0.18827050122362632,102,0.04052406935749516,9.912137877278829,218.01553073162634,0.8735588990785155,2012-01-10 01:30:00,2021-05-20 08:00:00,BIAS,7,1,2,45,34,7,14,14,3,2,152,103,41,127,4,4,1000,0,1076,37866.0,819414.0,781548.0,1.0484499992322929,0.25929368029739774,35.19144981412639,2936.967741935484,-980.612296110414,54615.0,52937.0,0.54615,5,2,0.4,215.2,67.93349689218125,0.3156761008000988,102,0.4538636243595838,0.693326009338094,1551.9394707653305,0.18872117732883045,False,False,False
1831,203846.0,877395.0,673549.0,1.3026446479766134,0.5652648825778264,111.33042053522665,847.7246376811594,-846.1670854271357,25608.0,24313.0,0.25608,10,9,0.9,183.1,40.73929307192259,0.2224975044889273,66,0.029389833501761133,7.960246797875664,230.01799397584452,0.8718975673797035,2012-01-10 01:30:00,2021-05-20 08:00:00,BIAS,7,1,2,41,2,7,14,14,3,1,152,103,104,141,4,2,5000,6000,700,50970.0,959125.0,908155.0,1.056124780461485,0.5285714285714286,72.81428571428572,2592.2297297297296,-2751.9848484848485,67469.0,62608.0,0.67469,5,3,0.6,140.0,44.66318394382559,0.31902274245589707,63,0.11753972925250147,0.7554580622211683,926.5901510692564,0.3513208330897945,True,False,False
1831,172516.0,769019.0,596503.0,1.2892122923103488,0.5182960131075914,94.2195521572911,810.3466807165437,-676.3072562358277,18448.0,17153.0,0.18448,10,9,0.9,183.1,40.73929307192259,0.2224975044889273,66,0.0359155092860952,9.351474414570685,195.7980013448028,0.8693723782230315,2012-01-10 01:30:00,2021-05-20 08:00:00,BIAS,7,1,2,45,2,7,14,14,1,2,152,103,104,141,4,2,1000,6000,700,48355.0,568775.0,520420.0,1.0929153376119287,0.25,69.07857142857142,3250.1428571428573,-991.2761904761904,30110.0,28413.0,0.3011,5,4,0.8,140.0,44.66318394382559,0.31902274245589707,63,0.12389618446903113,1.6059448688143474,435.8804673766933,0.4989159828299602,True,False,False
1831,165361.0,735662.0,570301.0,1.2899539015362063,0.509011469142545,90.31185144729656,789.3369098712446,-634.3726362625139,17018.0,15723.0,0.17018,10,9,0.9,183.1,40.73929307192259,0.2224975044889273,66,0.05615592552052782,9.716829239628629,188.43595527361347,0.8676207558782906,2012-01-10 01:30:00,2021-05-20 08:00:00,BIAS,7,1,2,41,2,7,14,14,3,1,152,103,104,141,4,2,1000,0,700,43310.0,556442.0,513132.0,1.0844032334759868,0.26,61.871428571428574,3057.3736263736264,-990.6023166023166,39689.0,35014.0,0.39689,5,4,0.8,140.0,44.66318394382559,0.31902274245589707,63,0.31438466866774417,1.0912343470483006,641.4754098360655,0.3892194300801845,True,False,False
1831,183411.0,849403.0,665992.0,1.2753951999423416,0.5614418350628072,100.16985253959585,826.2675097276265,-829.3798256537982,20998.0,19123.0,0.20998,10,9,0.9,183.1,40.73929307192259,0.2224975044889273,66,0.027212108325018674,8.734689018001715,209.62394840004143,0.8663383023183322,2012-01-10 01:30:00,2021-05-20 08:00:00,BIAS,7,1,2,41,2,7,14,14,3,1,152,103,104,141,4,2,3000,5000,700,46920.0,875476.0,828556.0,1.0566286406712402,0.4942857142857143,67.02857142857142,2530.277456647399,-2340.553672316384,63795.0,60105.0,0.63795,5,3,0.6,140.0,44.66318394382559,0.31902274245589707,63,0.10637254901960784,0.7354808370561956,951.7583120204604,0.33258762781303775,True,False,False
1831,167411.0,789392.0,621981.0,1.2691577395450986,0.5745494265428728,91.43145821955216,750.3726235741445,-798.4351732991014,17547.0,16782.0,0.17547,10,10,1.0,183.1,40.73929307192259,0.2224975044889273,66,0.011892886369473929,9.540719211261184,191.91425294634163,0.8650349512147884,2012-01-10 01:30:00,2021-05-20 08:00:00,BIAS,7,1,2,45,2,7,14,14,1,2,152,103,104,141,4,2,2000,2000,700,-31710.0,621310.0,653020.0,0.9514409972129491,0.5,-45.3,1775.1714285714286,-1865.7714285714285,75227.0,74317.0,0.75227,5,2,0.4,140.0,44.66318394382559,0.31902274245589707,63,0.0,0.0,0.0,0.0,False,False,False
1831,177451.0,840434.0,662983.0,1.267655430078901,0.56198798470781,96.91480065537958,816.7482993197278,-826.6620947630922,19905.0,18369.0,0.19905,10,9,0.9,183.1,40.73929307192259,0.2224975044889273,66,0.022490715746882238,8.914895754835468,205.38658559264246,0.8608915851886157,2012-01-10 01:30:00,2021-05-20 08:00:00,BIAS,7,1,2,41,2,7,14,14,3,1,152,103,104,141,4,2,3000,4000,700,39270.0,852659.0,813389.0,1.0482794825108281,0.5057142857142857,56.1,2408.641242937853,-2350.835260115607,60667.0,57052.0,0.60667,5,3,0.6,140.0,44.66318394382559,0.31902274245589707,63,0.1016297428062134,0.6473041356915621,1081.4081996434938,0.2854473716744993,True,False,False
1936,218011.0,998468.0,780457.0,1.2793376188566443,0.5774793388429752,112.60898760330579,893.0840787119857,-954.1039119804401,26927.0,26008.0,0.26927,10,10,1.0,193.6,35.35590474022691,0.1826234748978663,88,0.01371949121833302,8.09637167155643,239.1194572750916,0.8600397332756109,2012-01-10 01:30:00,2021-05-20 08:00:00,BIAS,7,1,2,45,34,7,14,14,3,2,152,103,41,127,4,4,4000,3000,923,33148.0,1113676.0,1080528.0,1.0306775946574267,0.5373781148429035,35.91332611050921,2245.314516129032,-2530.5105386416863,63084.0,60769.0,0.63084,5,3,0.6,184.6,54.29769792541853,0.2941370418495045,99,0.09023168818631591,0.5254581193329528,1756.5624472064678,0.17919895163737604,False,False,False
1831,161411.0,769577.0,608166.0,1.2654061555562133,0.541780447842709,88.15456034953577,775.7832661290323,-724.8700834326579,16560.0,15544.0,0.1656,10,10,1.0,183.1,40.73929307192259,0.2224975044889273,66,0.018530335602901907,9.747041062801932,187.85188122246936,0.8585272108402506,2012-01-10 01:30:00,2021-05-20 08:00:00,BIAS,7,1,2,45,2,7,14,14,1,2,152,103,104,141,4,2,1250,3000,700,-28470.0,549425.0,577895.0,0.9507349951115687,0.32857142857142857,-40.67142857142857,2388.804347826087,-1229.563829787234,53729.0,51859.0,0.53729,5,2,0.4,140.0,44.66318394382559,0.31902274245589707,63,0.0,0.0,0.0,0.0,False,False,False
2003,189123.0,974834.0,785711.0,1.2407030065762092,0.563654518222666,94.41987019470794,863.4490699734279,-898.9828375286041,19139.0,17159.0,0.19139,10,10,1.0,200.3,34.73629226040108,0.17342132930804333,99,0.013594327501150045,9.881550760227807,202.70097767061648,0.8553487495293081,2012-01-10 01:30:00,2021-05-20 08:00:00,BIAS,7,1,2,45,34,7,14,14,3,2,152,103,41,127,4,4,2250,2500,1026,-76094.0,968248.0,1044342.0,0.9271368957678615,0.47076023391812866,-74.16569200779728,2004.6542443064181,-1923.2817679558011,121902.0,119557.0,1.21902,5,1,0.2,205.2,64.65106340966095,0.315063661840453,102,0.0,0.0,0.0,0.0,False,False,False
1831,152896.0,740007.0,587111.0,1.260420942547491,0.5445111960677226,83.50409612233751,742.23370110331,-703.9700239808153,14995.0,13220.0,0.14995,10,10,1.0,183.1,40.73929307192259,0.2224975044889273,66,0.01629212013394726,10.196465488496166,179.5720293532859,0.8546218484128573,2012-01-10 01:30:00,2021-05-20 08:00:00,BIAS,7,1,2,41,2,7,14,14,3,1,152,103,104,141,4,2,1500,2500,700,-32965.0,568753.0,601718.0,0.9452152004759705,0.4042857142857143,-47.09285714285714,2009.7279151943462,-1442.9688249400479,62270.0,61395.0,0.6227,5,2,0.4,140.0,44.66318394382559,0.31902274245589707,63,0.0,0.0,0.0,0.0,False,False,False
1831,162001.0,732302.0,570301.0,1.284062275885892,0.509011469142545,88.47678864008738,785.7317596566523,-634.3726362625139,17018.0,15723.0,0.17018,10,9,0.9,183.1,40.73929307192259,0.2224975044889273,66,0.04624045530583144,9.519391232812316,192.34423244300962,0.8499914131689996,2012-01-10 01:30:00,2021-05-20 08:00:00,BIAS,7,1,2,41,2,7,14,14,3,1,152,103,104,141,4,2,1000,7500,700,36585.0,549717.0,513132.0,1.0712974439325553,0.26,52.26428571428571,3020.423076923077,-990.6023166023166,41800.0,37210.0,0.418,5,4,0.8,140.0,44.66318394382559,0.31902274245589707,63,0.2047560475604756,0.8752392344497608,799.7813311466448,0.32037330793031243,True,False,False
1831,167246.0,773799.0,606553.0,1.2757318816327674,0.5510649918077554,91.3413435281267,766.8969276511398,-737.8990267639903,18163.0,16868.0,0.18163,10,10,1.0,183.1,40.73929307192259,0.2224975044889273,66,0.017883835786805066,9.20806034245444,198.84752400655324,0.8494015532198674,2012-01-10 01:30:00,2021-05-20 08:00:00,BIAS,7,1,2,41,2,7,14,14,3,1,152,103,104,141,4,2,1750,3000,700,-12920.0,651663.0,664583.0,0.9805592378980503,0.4185714285714286,-18.457142857142856,2224.1058020477817,-1632.882063882064,62635.0,61107.0,0.62635,5,2,0.4,140.0,44.66318394382559,0.31902274245589707,63,0.0,0.0,0.0,0.0,False,False,False
1831,169321.0,801438.0,632117.0,1.2678633860503672,0.5614418350628072,92.47460404150738,779.6089494163424,-787.1942714819427,18736.0,16334.0,0.18736,10,10,1.0,183.1,40.73929307192259,0.2224975044889273,66,0.01766467242692873,9.037201110162254,202.60697727984123,0.8466881636200003,2012-01-10 01:30:00,2021-05-20 08:00:00,BIAS,7,1,2,41,2,7,14,14,3,1,152,103,104,141,4,2,2500,3000,700,-640.0,755675.0,756315.0,0.999153791740214,0.4928571428571429,-0.9142857142857143,2190.3623188405795,-2130.4647887323945,81933.0,80738.0,0.81933,5,3,0.6,140.0,44.66318394382559,0.31902274245589707,63,0.0,0.0,0.0,0.0,False,False,False
2066,199626.0,961182.0,761556.0,1.2621291146022091,0.5430784123910939,96.6243949661181,856.6684491978609,-806.7330508474577,20458.0,19703.0,0.20458,10,9,0.9,206.6,35.587076305872614,0.17225109538176483,106,0.014983018244116499,9.757845341675628,211.72706962018975,0.8466319375257595,2012-01-10 01:30:00,2021-05-20 08:00:00,BIAS,7,1,2,45,34,7,14,14,3,2,152,103,41,127,4,4,1500,3000,1063,-49472.0,881646.0,931118.0,0.9468681735290264,0.37723424270931327,-46.53998118532456,2198.6184538653365,-1406.522658610272,75998.0,75698.0,0.75998,5,2,0.4,212.6,67.96057680744035,0.3196640489531531,102,0.0,0.0,0.0,0.0,False,False,False
2106,212556.0,978612.0,766056.0,1.2774679657884018,0.5232668566001899,100.92877492877493,888.032667876588,-763.0039840637451,22401.0,19777.0,0.22401,10,9,0.9,210.6,37.55049933090105,0.17830246595869442,106,0.018776228382167522,9.488683540913351,221.9485970755942,0.8451246046568986,2012-01-10 01:30:00,2021-05-20 08:00:00,BIAS,7,1,2,45,34,7,14,14,3,2,152,103,41,127,4,4,1250,4000,1062,5782.0,873092.0,867310.0,1.006666589800648,0.3220338983050847,5.444444444444445,2552.9005847953217,-1204.5972222222222,40567.0,39054.0,0.40567,5,3,0.6,212.4,66.55103304983326,0.3133287808372564,103,0.6902455897613282,0.1425296423201124,7451.081632653061,0.03387712694583143,False,False,False
1831,141871.0,609707.0,467836.0,1.3032494292871861,0.4270890223921354,77.48279628618242,779.6764705882352,-445.98284080076263,13238.0,12499.0,0.13238,10,9,0.9,183.1,40.73929307192259,0.2224975044889273,66,0.06217620232464704,10.716951201087777,170.85082927448173,0.8439826994444605,2012-01-10 01:30:00,2021-05-20 08:00:00,BIAS,7,1,2,45,2,7,14,14,1,2,152,103,104,141,4,2,500,0,700,45590.0,349031.0,303441.0,1.1502433751536543,0.1442857142857143,65.12857142857143,3455.7524752475247,-506.57929883138564,38894.0,38470.0,0.38894,5,4,0.8,140.0,44.66318394382559,0.31902274245589707,63,0.26773415222636543,1.172160230369723,597.187979820136,0.4138754769447598,True,False,False
1831,185341.0,864103.0,678762.0,1.27305741924268,0.5641725832878208,101.22392135445112,836.4985479186835,-850.578947368421,22609.0,21524.0,0.22609,10,9,0.9,183.1,40.73929307192259,0.2224975044889273,66,0.026928742156349647,8.197664646822062,223.356294613712,0.8436881080097636,2012-01-10 01:30:00,2021-05-20 08:00:00,BIAS,7,1,2,41,2,7,14,14,3,1,152,103,104,141,4,2,4000,5000,700,24015.0,915420.0,891405.0,1.0269406162182173,0.5214285714285715,34.30714285714286,2508.0,-2660.910447761194,86890.0,83200.0,0.8689,5,3,0.6,140.0,44.66318394382559,0.31902274245589707,63,0.2078284405579846,0.2763839337092876,2532.708723714345,0.14586097065869222,False,False,False
1831,178201.0,844193.0,665992.0,1.2675722831505483,0.5614418350628072,97.32441288913162,821.1994163424124,-829.3798256537982,20998.0,19123.0,0.20998,10,8,0.8,183.1,40.73929307192259,0.2224975044889273,66,0.025201878777335707,8.486570149538052,215.75265009736196,0.8417289683357547,2012-01-10 01:30:00,2021-05-20 08:00:00,BIAS,7,1,2,41,2,7,14,14,3,1,152,103,104,141,4,2,3000,4500,700,51120.0,875395.0,824275.0,1.0620181371508295,0.5,73.02857142857142,2501.1285714285714,-2355.0714285714284,55595.0,52287.0,0.55595,5,3,0.6,140.0,44.66318394382559,0.31902274245589707,63,0.08785211267605633,0.9195071499235543,761.2773865414711,0.388163222636923,True,False,False
1831,152711.0,756702.0,603991.0,1.2528365488889734,0.5527034407427636,83.40305843801201,747.7292490118577,-737.4737484737485,15425.0,14852.0,0.15425,10,10,1.0,183.1,40.73929307192259,0.2224975044889273,66,0.0163118570371486,9.900226904376012,184.94525607192674,0.8416060278672772,2012-01-10 01:30:00,2021-05-20 08:00:00,BIAS,7,1,2,41,2,7,14,14,3,1,152,103,104,141,4,2,1750,2500,700,-30530.0,611677.0,642207.0,0.952460810922335,0.43857142857142856,-43.614285714285714,1992.4332247557004,-1634.1145038167938,74540.0,73127.0,0.7454,5,2,0.4,140.0,44.66318394382559,0.31902274245589707,63,0.0,0.0,0.0,0.0,False,False,False
1831,160111.0,781539.0,621428.0,1.2576501219771237,0.56198798470781,87.44456581103222,759.5131195335277,-774.8478802992519,16975.0,15439.0,0.16975,10,10,1.0,183.1,40.73929307192259,0.2224975044889273,66,0.015557956667561879,9.432164948453607,194.12298343024528,0.841138247326582,2012-01-10 01:30:00,2021-05-20 08:00:00,BIAS,7,1,2,41,2,7,14,14,3,1,152,103,104,141,4,2,2250,2500,700,-28775.0,682605.0,711380.0,0.9595504512356265,0.4928571428571429,-41.107142857142854,1978.5652173913043,-2003.887323943662,86118.0,83153.0,0.86118,5,2,0.4,140.0,44.66318394382559,0.31902274245589707,63,0.0,0.0,0.0,0.0,False,False,False
1831,141156.0,608992.0,467836.0,1.3017211159466138,0.4270890223921354,77.09229929000546,778.7621483375959,-445.98284080076263,13238.0,12499.0,0.13238,10,9,0.9,183.1,40.73929307192259,0.2224975044889273,66,0.05306894499702457,10.66294002115123,171.71624302190486,0.839729204155763,2012-01-10 01:30:00,2021-05-20 08:00:00,BIAS,7,1,2,45,2,7,14,14,1,2,152,103,104,141,4,2,500,7500,700,44740.0,348181.0,303441.0,1.147442171624797,0.1442857142857143,63.91428571428571,3447.3366336633662,-506.57929883138564,36556.0,36047.0,0.36556,5,4,0.8,140.0,44.66318394382559,0.31902274245589707,63,0.16743406347787215,1.223875697559908,571.953509164059,0.4189460040190235,True,False,False
1831,166291.0,762794.0,596503.0,1.2787764688526293,0.5182960131075914,90.8197706171491,803.7871443624869,-676.3072562358277,18448.0,17153.0,0.18448,10,9,0.9,183.1,40.73929307192259,0.2224975044889273,66,0.030013650768832948,9.014039462272333,203.12757755981983,0.8380022846987302,2012-01-10 01:30:00,2021-05-20 08:00:00,BIAS,7,1,2,45,2,7,14,14,1,2,152,103,104,141,4,2,1000,5000,700,32490.0,549883.0,517393.0,1.0627955925186463,0.2542857142857143,46.41428571428571,3089.2303370786517,-991.1743295019157,33865.0,29560.0,0.33865,5,3,0.6,140.0,44.66318394382559,0.31902274245589707,63,0.1536164973838104,0.9593976081500074,729.6244998461066,0.3160935094896117,True,False,False
1831,146051.0,680047.0,533996.0,1.2735057940508918,0.6100491534680502,79.76570180229383,608.8155774395702,-747.8935574229691,14484.0,13549.0,0.14484,10,10,1.0,183.1,40.73929307192259,0.2224975044889273,66,0.006785301024984423,10.083609500138083,181.5818036165449,0.8306372047131219,2012-01-10 01:30:00,2021-05-20 03:00:00,BIAS,7,1,2,45,2,7,14,14,1,2,152,103,104,141,4,2,2000,1000,700,-24685.0,442505.0,467190.0,0.9471628245467583,0.65,-35.26428571428571,972.5384615384615,-1906.8979591836735,62793.0,61698.0,0.62793,5,2,0.4,140.0,44.66318394382559,0.31902274245589707,63,0.0,0.0,0.0,0.0,False,False,False
2030,197835.0,968939.0,771104.0,1.2565607233265552,0.551231527093596,97.45566502463055,865.8972296693477,-846.436882546652,21638.0,20657.0,0.21638,10,9,0.9,203.0,35.2902252755632,0.17384347426385813,101,0.01511865948896808,9.142942970699695,222.02916571890717,0.830305621253003,2012-01-10 01:30:00,2021-05-20 08:00:00,BIAS,7,1,2,45,34,7,14,14,3,2,152,103,41,127,4,4,1750,3000,1042,-40723.0,944013.0,984736.0,0.9586457690182952,0.4059500959692898,-39.08157389635317,2231.709219858156,-1590.8497576736672,78779.0,78439.0,0.78779,5,3,0.6,208.4,66.23775358509677,0.31783950856572346,102,0.0,0.0,0.0,0.0,False,False,False
2073,179628.0,943467.0,763839.0,1.235164740213579,0.5436565364206464,86.65123010130246,837.1490683229814,-807.4408033826638,17168.0,16553.0,0.17168,10,9,0.9,207.3,35.71568282981581,0.17228983516553695,107,0.014312913354265482,10.462954333643989,198.12759703387,0.828808749232356,2012-01-10 01:30:00,2021-05-20 08:00:00,BIAS,7,1,2,45,34,7,14,14,3,2,152,103,41,127,4,4,1500,2500,1068,-71802.0,835721.0,907523.0,0.9208813440540901,0.39419475655430714,-67.23033707865169,1985.0855106888362,-1402.663060278207,89894.0,89594.0,0.89894,5,0,0.0,213.6,67.96057680744035,0.31816749441685555,103,0.0,0.0,0.0,0.0,False,False,False
1831,192196.0,865745.0,673549.0,1.285348207777014,0.5652648825778264,104.96777717094484,836.4685990338164,-846.1670854271357,25608.0,24313.0,0.25608,10,8,0.8,183.1,40.73929307192259,0.2224975044889273,66,0.02596828237840538,7.5053108403623865,243.96058190597097,0.8220677612516777,2012-01-10 01:30:00,2021-05-20 08:00:00,BIAS,7,1,2,41,2,7,14,14,3,1,152,103,104,141,4,2,5000,5000,700,43160.0,939844.0,896684.0,1.048132898546199,0.5342857142857143,61.65714285714286,2512.951871657754,-2750.564417177914,72657.0,69303.0,0.72657,5,3,0.6,140.0,44.66318394382559,0.31902274245589707,63,0.11563948100092679,0.5940239756664878,1178.4036144578313,0.2866712314417147,True,False,False
2162,215447.0,965535.0,750088.0,1.2872289651347575,0.49722479185938945,99.65171137835338,898.1720930232558,-690.0533578656854,23093.0,20866.0,0.23093,10,9,0.9,216.2,40.76714363307785,0.18856218146659506,102,0.028758813072356542,9.329537089161217,231.73711400019494,0.8218338604483422,2012-01-10 01:30:00,2021-05-20 08:00:00,BIAS,7,1,2,45,34,7,14,14,3,2,152,103,41,127,4,4,1000,6000,1078,22753.0,801274.0,778521.0,1.029225929679482,0.2634508348794063,21.106679035250465,2821.387323943662,-980.5050377833753,47571.0,46058.0,0.47571,5,3,0.6,215.6,68.23371600609188,0.3164829128297397,102,0.2633059376785479,0.47829560026066303,2253.83632927526,0.12127972750219113,False,False,False
1831,148236.0,696964.0,548728.0,1.2701447711798923,0.4882577826324413,80.9590387766248,779.6017897091723,-585.6221985058698,15337.0,13516.0,0.15337,10,10,1.0,183.1,40.73929307192259,0.2224975044889273,66,0.059506462667638094,9.665253961009324,189.4414784532772,0.8192842034753054,2012-01-10 01:30:00,2021-05-20 08:00:00,BIAS,7,1,2,45,2,7,14,14,1,2,152,103,104,141,4,2,750,0,700,78985.0,499016.0,420031.0,1.1880456442500673,0.20142857142857143,112.83571428571429,3539.1205673758864,-751.397137745975,32568.0,31774.0,0.32568,5,4,0.8,140.0,44.66318394382559,0.31902274245589707,63,0.21030575425713743,2.4252333578973224,288.632018737735,0.7835928864499788,True,False,False
1831,146706.0,695434.0,548728.0,1.2673565044976747,0.4882577826324413,80.12342981977062,777.8903803131991,-585.6221985058698,15337.0,13516.0,0.15337,10,10,1.0,183.1,40.73929307192259,0.2224975044889273,66,0.05106130628604147,9.565495207667732,191.41716766867066,0.8108280603567835,2012-01-10 01:30:00,2021-05-20 08:00:00,BIAS,7,1,2,45,2,7,14,14,1,2,152,103,104,141,4,2,750,7500,700,71145.0,491176.0,420031.0,1.1693803552594928,0.20142857142857143,101.63571428571429,3483.517730496454,-751.397137745975,32543.0,31749.0,0.32543,5,5,1.0,140.0,44.66318394382559,0.31902274245589707,63,0.10529200927682901,2.1861844329041578,320.1925644809895,0.7060850196575634,True,False,False
1831,180091.0,858853.0,678762.0,1.2653227493583907,0.5641725832878208,98.35663571818678,831.4162633107454,-850.578947368421,23609.0,22524.0,0.23609,10,9,0.9,183.1,40.73929307192259,0.2224975044889273,66,0.024937392762547823,7.628065568215511,240.03464359684827,0.8022400072463977,2012-01-10 01:30:00,2021-05-20 08:00:00,BIAS,7,1,2,41,2,7,14,14,3,1,152,103,104,141,4,2,4000,4500,700,27215.0,913339.0,886124.0,1.0307124059386723,0.5271428571428571,38.878571428571426,2475.1734417344173,-2677.1117824773414,77595.0,73905.0,0.77595,5,3,0.6,140.0,44.66318394382559,0.31902274245589707,63,0.16501929083226163,0.35073136155680135,1995.82950578725,0.17491734505829348,False,False,False
1831,152786.0,723087.0,570301.0,1.2679041418479013,0.509011469142545,83.44401966138722,775.8444206008584,-634.3726362625139,17018.0,15723.0,0.17018,10,9,0.9,183.1,40.73929307192259,0.2224975044889273,66,0.03921170787899415,8.977905746856269,203.94511277211265,0.8016418914231318,2012-01-10 01:30:00,2021-05-20 08:00:00,BIAS,7,1,2,41,2,7,14,14,3,1,152,103,104,141,4,2,1000,6000,700,34645.0,546768.0,512123.0,1.0676497638262683,0.26142857142857145,49.49285714285714,2987.8032786885246,-990.5667311411992,31425.0,28739.0,0.31425,5,4,0.8,140.0,44.66318394382559,0.31902274245589707,63,0.1729253860585943,1.1024661893396976,634.9401067975177,0.34990031177458497,True,False,False
1831,186946.0,860495.0,673549.0,1.2775536746398555,0.5652648825778264,102.1004915346805,831.3961352657005,-846.1670854271357,25608.0,24313.0,0.25608,10,8,0.8,183.1,40.73929307192259,0.2224975044889273,66,0.024022979897938442,7.300296782255545,250.8117210317418,0.7996122692197347,2012-01-10 01:30:00,2021-05-20 08:00:00,BIAS,7,1,2,41,2,7,14,14,3,1,152,103,104,141,4,2,5000,4500,700,43320.0,936763.0,893443.0,1.0484865850423586,0.54,61.885714285714286,2478.208994708995,-2774.667701863354,61163.0,59008.0,0.61163,5,3,0.6,140.0,44.66318394382559,0.31902274245589707,63,0.10367036011080333,0.7082713405163252,988.3217913204063,0.31360679593142543,True,False,False
1831,147661.0,742834.0,595173.0,1.2480976119548435,0.56198798470781,80.64500273074823,721.8989310009719,-742.1109725685785,16168.0,15808.0,0.16168,10,10,1.0,183.1,40.73929307192259,0.2224975044889273,66,0.013483587406288728,9.13291687283523,200.48359417855764,0.7948565505490928,2012-01-10 01:30:00,2021-05-20 08:00:00,BIAS,7,1,2,41,2,7,14,14,3,1,152,103,104,141,4,2,2000,2000,700,-36705.0,606211.0,642916.0,0.9429085603718059,0.5014285714285714,-52.43571428571428,1727.096866096866,-1842.1661891117478,86427.0,85517.0,0.86427,5,2,0.4,140.0,44.66318394382559,0.31902274245589707,63,0.0,0.0,0.0,0.0,False,False,False
1831,152401.0,757285.0,604884.0,1.2519507872583835,0.543418896777717,83.23375204806116,761.0904522613065,-723.5454545454545,17273.0,15823.0,0.17273,10,10,1.0,183.1,40.73929307192259,0.2224975044889273,66,0.016345037106055733,8.823076477739825,207.52398606308358,0.7936975374689826,2012-01-10 01:30:00,2021-05-20 08:00:00,BIAS,7,1,2,45,2,7,14,14,1,2,152,103,104,141,4,2,1250,2500,700,-36740.0,521011.0,557751.0,0.9341283117376751,0.3514285714285714,-52.48571428571429,2117.930894308943,-1228.5264317180618,56229.0,54359.0,0.56229,5,2,0.4,140.0,44.66318394382559,0.31902274245589707,63,0.0,0.0,0.0,0.0,False,False,False
1831,157386.0,753889.0,596503.0,1.263847792886205,0.5182960131075914,85.95630802839977,794.4035827186513,-676.3072562358277,18448.0,17153.0,0.18448,10,9,0.9,183.1,40.73929307192259,0.2224975044889273,66,0.028534939575311655,8.53133130962706,214.6206651163382,0.7931266729985047,2012-01-10 01:30:00,2021-05-20 08:00:00,BIAS,7,1,2,45,2,7,14,14,1,2,152,103,104,141,4,2,1000,4500,700,33310.0,545658.0,512348.0,1.0650144042720964,0.26142857142857145,47.58571428571429,2981.7377049180327,-991.0019342359768,29282.0,28413.0,0.29282,5,4,0.8,140.0,44.66318394382559,0.31902274245589707,63,0.13482437706394476,1.1375589099105252,615.352746922846,0.3485103430028804,True,False,False
1831,154781.0,783586.0,628805.0,1.2461510325140543,0.5630802839978154,84.53358820316767,760.0252182347235,-786.00625,17870.0,16334.0,0.1787,10,10,1.0,183.1,40.73929307192259,0.2224975044889273,66,0.016093706591894352,8.661499720201455,211.39526169232659,0.7925131454709243,2012-01-10 01:30:00,2021-05-20 08:00:00,BIAS,7,1,2,41,2,7,14,14,3,1,152,103,104,141,4,2,2500,2500,700,-14965.0,710971.0,725936.0,0.979385235062044,0.5157142857142857,-21.37857142857143,1969.448753462604,-2141.4041297935105,79086.0,78081.0,0.79086,5,3,0.6,140.0,44.66318394382559,0.31902274245589707,63,0.0,0.0,0.0,0.0,False,False,False
1831,187196.0,855736.0,668540.0,1.2800071798246926,0.565811032222829,102.23702894593119,826.0,-840.930817610063,26224.0,25139.0,0.26224,10,9,0.9,183.1,40.73929307192259,0.2224975044889273,66,0.0213198999978632,7.138346552776083,256.5019765379602,0.7912217170960322,2012-01-10 01:30:00,2021-05-20 08:00:00,BIAS,7,1,2,41,2,7,14,14,3,1,152,103,104,141,4,2,5000,4000,700,33425.0,911587.0,878162.0,1.038062453169233,0.5457142857142857,47.75,2386.3534031413615,-2761.51572327044,72188.0,65730.0,0.72188,5,3,0.6,140.0,44.66318394382559,0.31902274245589707,63,0.1194016454749439,0.46302709591621877,1511.7905759162304,0.2227308210836879,False,False,False
1831,147246.0,729494.0,582248.0,1.2528922383589123,0.529219006007646,80.41835062807209,752.8317853457172,-675.4617169373549,16260.0,14951.0,0.1626,10,10,1.0,183.1,40.73929307192259,0.2224975044889273,66,0.020312945682735013,9.055719557195571,202.19265718593374,0.7903770802525649,2012-01-10 01:30:00,2021-05-20 08:00:00,BIAS,7,1,2,41,2,7,14,14,3,1,152,103,104,141,4,2,1250,3000,700,-22810.0,546561.0,569371.0,0.9599382476452085,0.33714285714285713,-32.58571428571429,2315.936440677966,-1227.092672413793,51468.0,50273.0,0.51468,5,2,0.4,140.0,44.66318394382559,0.31902274245589707,63,0.0,0.0,0.0,0.0,False,False,False
1831,142306.0,710801.0,568495.0,1.2503205832944881,0.5712725286728564,77.7203713817586,679.5420650095602,-724.1974522292994,15265.0,13758.0,0.15265,10,9,0.9,183.1,40.73929307192259,0.2224975044889273,66,0.010477421893665762,9.322371437929904,196.40925189380633,0.7883624125197697,2012-01-10 01:30:00,2021-05-20 08:00:00,BIAS,7,1,2,41,2,7,14,14,3,1,152,103,104,141,4,2,2000,1500,700,-2160.0,555980.0,558140.0,0.9961300032249973,0.5714285714285714,-3.085714285714286,1389.95,-1860.4666666666667,55608.0,54513.0,0.55608,5,3,0.6,140.0,44.66318394382559,0.31902274245589707,63,0.0,0.0,0.0,0.0,False,False,False
1831,135306.0,647977.0,512671.0,1.2639236469392652,0.5936646641179684,73.89732386673948,596.114995400184,-689.0739247311828,13970.0,12435.0,0.1397,10,10,1.0,183.1,40.73929307192259,0.2224975044889273,66,0.007324139358195498,9.685468861846815,189.04608812617326,0.7835558456400846,2012-01-10 01:30:00,2021-05-20 03:00:00,BIAS,7,1,2,41,2,7,14,14,3,1,152,103,104,141,4,2,2000,1000,700,-25885.0,440494.0,466379.0,0.9444979297952952,0.6485714285714286,-36.97857142857143,970.2511013215859,-1895.8495934959349,63828.0,62733.0,0.63828,5,2,0.4,140.0,44.66318394382559,0.31902274245589707,63,0.0,0.0,0.0,0.0,False,False,False
1831,150471.0,770430.0,619959.0,1.2427112115478605,0.56799563080284,82.17968323320589,740.7980769230769,-783.7661188369153,17292.0,16687.0,0.17292,10,10,1.0,183.1,40.73929307192259,0.2224975044889273,66,0.013231785526779246,8.70176960444136,210.41697071196444,0.7832155411234922,2012-01-10 01:30:00,2021-05-20 08:00:00,BIAS,7,1,2,45,2,7,14,14,1,2,152,103,104,141,4,2,1750,2000,700,-37565.0,581113.0,618678.0,0.9392818235010781,0.4685714285714286,-53.66428571428571,1771.685975609756,-1663.1129032258063,71059.0,70184.0,0.71059,5,2,0.4,140.0,44.66318394382559,0.31902274245589707,63,0.0,0.0,0.0,0.0,False,False,False
1831,158886.0,796032.0,637146.0,1.249371415656694,0.5772801747678864,86.77553249590387,753.1050141911069,-823.1860465116279,19287.0,18522.0,0.19287,10,10,1.0,183.1,40.73929307192259,0.2224975044889273,66,0.012530997067079542,8.237984134391041,222.2631131754843,0.7830768661609486,2012-01-10 01:30:00,2021-05-20 08:00:00,BIAS,7,1,2,45,2,7,14,14,1,2,152,103,104,141,4,2,2250,2000,700,-37765.0,646485.0,684250.0,0.9448081841432225,0.5214285714285715,-53.95,1771.1917808219177,-2042.5373134328358,80353.0,77388.0,0.80353,5,2,0.4,140.0,44.66318394382559,0.31902274245589707,63,0.0,0.0,0.0,0.0,False,False,False
1984,184414.0,969222.0,784808.0,1.2349797657516233,0.5680443548387096,92.95060483870968,860.0017746228926,-915.7619603267211,22148.0,20698.0,0.22148,10,10,1.0,198.4,34.418599622878325,0.17348084487337864,97,0.013941457806891017,8.32644031063753,238.27709392996192,0.7827524032280562,2012-01-10 01:30:00,2021-05-20 08:00:00,BIAS,7,1,2,45,34,7,14,14,3,2,152,103,41,127,4,4,2500,2500,1009,-62146.0,992962.0,1055108.0,0.9410998684494858,0.49256689791873143,-61.59167492566898,1997.9114688128773,-2060.7578125,110490.0,108030.0,1.1049,5,1,0.2,201.8,62.93298022499809,0.3118581775272452,102,0.0,0.0,0.0,0.0,False,False,False
1831,179341.0,854094.0,674753.0,1.2657876289545953,0.5647187329328236,97.94702348443474,826.009671179884,-846.6160602258469,24609.0,23524.0,0.24609,10,10,1.0,183.1,40.73929307192259,0.2224975044889273,66,0.022253695473985313,7.287618351009793,251.24806374448676,0.7824988475275242,2012-01-10 01:30:00,2021-05-20 08:00:00,BIAS,7,1,2,41,2,7,14,14,3,1,152,103,104,141,4,2,4000,4000,700,16820.0,889663.0,872843.0,1.0192703613364602,0.5328571428571428,24.02857142857143,2385.155495978552,-2669.244648318043,83973.0,77810.0,0.83973,5,3,0.6,140.0,44.66318394382559,0.31902274245589707,63,0.23727705112960762,0.20030247817750943,3494.7146254458976,0.1039196233376857,False,False,False
1831,131066.0,598902.0,467836.0,1.280153729084551,0.4270890223921354,71.58164937192791,765.8593350383632,-445.98284080076263,13238.0,12499.0,0.13238,10,9,0.9,183.1,40.73929307192259,0.2224975044889273,66,0.04727389254268842,9.900740293095634,184.93566600033571,0.7797043545572221,2012-01-10 01:30:00,2021-05-20 08:00:00,BIAS,7,1,2,45,2,7,14,14,1,2,152,103,104,141,4,2,500,6000,700,41185.0,344117.0,302932.0,1.1359546036734316,0.1457142857142857,58.83571428571429,3373.6960784313724,-506.5752508361204,32229.0,31805.0,0.32229,5,4,0.8,140.0,44.66318394382559,0.31902274245589707,63,0.14546558212941604,1.2778863756244376,547.779531382785,0.4107306023254505,True,False,False
1831,174516.0,864567.0,690051.0,1.252903046296578,0.5772801747678864,95.31185144729656,817.9441816461684,-891.5387596899225,23649.0,21393.0,0.23649,10,9,0.9,183.1,40.73929307192259,0.2224975044889273,66,0.01713882967750808,7.379424077127997,248.122344083064,0.7767476754063058,2012-01-10 01:30:00,2021-05-20 08:00:00,BIAS,7,1,2,45,2,7,14,14,1,2,152,103,104,141,4,2,3000,3000,700,34530.0,835956.0,801426.0,1.0430856997402131,0.5228571428571429,49.32857142857143,2284.032786885246,-2399.4790419161677,55933.0,52423.0,0.55933,5,3,0.6,140.0,44.66318394382559,0.31902274245589707,63,0.08662033014769766,0.6173457529544276,1133.8864755285258,0.26139900402793215,True,False,False
1831,152066.0,746709.0,594643.0,1.2557265451708,0.5838339705079192,83.05079191698525,698.511693171188,-780.3713910761155,18313.0,16918.0,0.18313,10,9,0.9,183.1,40.73929307192259,0.2224975044889273,66,0.009804953112464324,8.303718669797412,220.50361685057806,0.7691365984389839,2012-01-10 01:30:00,2021-05-20 08:00:00,BIAS,7,1,2,45,2,7,14,14,1,2,152,103,104,141,4,2,2000,1500,700,3280.0,565117.0,561837.0,1.005837992157868,0.5742857142857143,4.685714285714286,1405.7636815920398,-1885.3590604026845,49453.0,48358.0,0.49453,5,3,0.6,140.0,44.66318394382559,0.31902274245589707,63,0.45457317073170733,0.06632560208682992,10553.993902439024,0.026406991725674376,False,False,False
1966,191711.0,994772.0,803061.0,1.238725327216737,0.5707019328585962,97.51322482197355,886.6060606060606,-951.4940758293839,25371.0,24736.0,0.25371,10,10,1.0,196.6,34.28177358305722,0.17437321252826665,95,0.015601608671385575,7.55630444207954,260.1800939956497,0.767245188132949,2012-01-10 01:30:00,2021-05-20 08:00:00,BIAS,7,1,2,45,34,7,14,14,3,2,152,103,41,127,4,4,3000,3000,965,-11650.0,1084564.0,1096214.0,0.9893725130312148,0.5015544041450777,-12.072538860103627,2240.8347107438017,-2279.031185031185,82102.0,79127.0,0.82102,5,2,0.4,193.0,59.47436422526936,0.3081573275920692,101,0.0,0.0,0.0,0.0,False,False,False
1831,164246.0,848405.0,684159.0,1.2400699252659104,0.5789186237028946,89.70289459311851,800.3820754716982,-887.3657587548638,21549.0,19293.0,0.21549,10,9,0.9,183.1,40.73929307192259,0.2224975044889273,66,0.015653349244426042,7.621977817996195,240.2263616769967,0.7658299448697964,2012-01-10 01:30:00,2021-05-20 08:00:00,BIAS,7,1,2,45,2,7,14,14,1,2,152,103,104,141,4,2,3000,2500,700,27035.0,787087.0,760052.0,1.0355699346886793,0.5528571428571428,38.621428571428574,2033.8165374677003,-2428.2811501597444,47284.0,44154.0,0.47284,5,3,0.6,140.0,44.66318394382559,0.31902274245589707,63,0.09213981875346773,0.5717578885035107,1224.294433142223,0.22259257655171313,False,False,False
1831,182316.0,880753.0,698437.0,1.2610342808299102,0.5805570726379028,99.57181867831785,828.5540921919097,-909.4231770833334,26609.0,25524.0,0.26609,10,8,0.8,183.1,40.73929307192259,0.2224975044889273,66,0.016405581517804253,6.851666729302115,267.2342471313544,0.7650003076448308,2012-01-10 01:30:00,2021-05-20 08:00:00,BIAS,7,1,2,45,2,7,14,14,1,2,152,103,104,141,4,2,4000,3000,700,43985.0,889310.0,845325.0,1.0520332416526188,0.5571428571428572,62.83571428571429,2280.2820512820513,-2726.8548387096776,59359.0,56630.0,0.59359,5,3,0.6,140.0,44.66318394382559,0.31902274245589707,63,0.06800045470046606,0.7409996799137452,944.6697737865181,0.32322334119971263,True,False,False
2165,200765.0,953880.0,753115.0,1.2665794732544167,0.49653579676674364,92.73210161662817,887.3302325581395,-690.9311926605504,23093.0,20866.0,0.23093,10,9,0.9,216.5,40.292058770929046,0.18610650702507642,104,0.024859910841033048,8.693760013857013,249.0291883545439,0.7647674084565306,2012-01-10 01:30:00,2021-05-20 08:00:00,BIAS,7,1,2,45,34,7,14,14,3,2,152,103,41,127,4,4,1000,5000,1079,5774.0,782277.0,776503.0,1.0074359017286476,0.2659870250231696,5.351251158480074,2725.7038327526134,-980.4330808080808,47571.0,46058.0,0.47571,5,2,0.4,215.8,67.90110455655342,0.3146483065641956,103,0.8643921025285763,0.12137646885707679,8889.69674402494,0.030748479247367608,False,False,False
1831,134936.0,671992.0,537056.0,1.251251266162188,0.604587657018023,73.69524849808847,607.0388437217706,-741.7900552486187,14615.0,12970.0,0.14615,10,10,1.0,183.1,40.73929307192259,0.2224975044889273,66,0.007344222446196715,9.232706123845364,198.31672051935732,0.7639756642735962,2012-01-10 01:30:00,2021-05-20 03:00:00,BIAS,7,1,2,45,2,7,14,14,1,2,152,103,104,141,4,2,1750,1000,700,-25730.0,422685.0,448415.0,0.9426201175250605,0.6214285714285714,-36.75714285714286,971.6896551724138,-1692.132075471698,57333.0,56211.0,0.57333,5,2,0.4,140.0,44.66318394382559,0.31902274245589707,63,0.0,0.0,0.0,0.0,False,False,False
1831,144891.0,715192.0,570301.0,1.2540605750296774,0.509011469142545,79.13216821409065,767.37339055794,-634.3726362625139,17018.0,15723.0,0.17018,10,9,0.9,183.1,40.73929307192259,0.2224975044889273,66,0.034446583983822325,8.51398519214949,215.05792630322105,0.7602181828844854,2012-01-10 01:30:00,2021-05-20 08:00:00,BIAS,7,1,2,41,2,7,14,14,3,1,152,103,104,141,4,2,1000,5000,700,28470.0,537566.0,509096.0,1.0559226550591636,0.26571428571428574,40.67142857142857,2890.1397849462364,-990.4591439688716,34657.0,31874.0,0.34657,5,4,0.8,140.0,44.66318394382559,0.31902274245589707,63,0.17530734106076573,0.8214790662780967,852.1215314366,0.27379996667565765,True,False,False
2023,166883.0,926061.0,759178.0,1.2198206481220477,0.5640138408304498,82.49283242708849,811.6222611744084,-860.7460317460317,18582.0,16605.0,0.18582,10,10,1.0,202.3,35.16262220028535,0.1738142471590971,101,0.011930514192578033,8.98089549025939,225.25593379793028,0.7584194019985689,2012-01-10 01:30:00,2021-05-20 08:00:00,BIAS,7,1,2,45,34,7,14,14,3,2,152,103,41,127,4,4,2000,2000,1048,-82437.0,881329.0,963766.0,0.9144636768676214,0.4856870229007634,-78.66125954198473,1731.4911591355599,-1788.0630797773656,120402.0,120327.0,1.20402,5,1,0.2,209.6,66.62311911041091,0.3178583927023421,102,0.0,0.0,0.0,0.0,False,False,False
1831,137986.0,683687.0,545701.0,1.2528600827192913,0.6127799016930638,75.36100491534681,609.3467023172906,-769.6770098730607,15706.0,14731.0,0.15706,10,10,1.0,183.1,40.73929307192259,0.2224975044889273,66,0.007181888017624976,8.785559658729149,208.41017204643947,0.7536215893946303,2012-01-10 01:30:00,2021-05-20 03:00:00,BIAS,7,1,2,45,2,7,14,14,1,2,152,103,104,141,4,2,2250,1000,700,-33265.0,455449.0,488714.0,0.9319336053397284,0.67,-47.52142857142857,971.1066098081023,-2115.6450216450216,67848.0,66753.0,0.67848,5,2,0.4,140.0,44.66318394382559,0.31902274245589707,63,0.0,0.0,0.0,0.0,False,False,False
2037,175487.0,948509.0,773022.0,1.2270142376284245,0.551791850760923,86.14972999509082,843.8692170818505,-846.6834611171961,20623.0,19642.0,0.20623,10,9,0.9,203.7,35.349823196163236,0.17353865093845477,102,0.014650657883489945,8.509285748921107,239.38554422834738,0.7518261837215565,2012-01-10 01:30:00,2021-05-20 08:00:00,BIAS,7,1,2,45,34,7,14,14,3,2,152,103,41,127,4,4,1750,2500,1050,-67035.0,894594.0,961629.0,0.9302901638781692,0.4228571428571429,-63.84285714285714,2014.8513513513512,-1586.8465346534654,97002.0,96702.0,0.97002,5,1,0.2,210.0,66.50714247357196,0.31670067844558075,103,0.0,0.0,0.0,0.0,False,False,False
1831,142586.0,712887.0,570301.0,1.250018849695161,0.509011469142545,77.87329328235937,764.9002145922747,-634.3726362625139,17018.0,15723.0,0.17018,10,9,0.9,183.1,40.73929307192259,0.2224975044889273,66,0.031496780890129465,8.378540369021037,218.5344844514889,0.7481242439127844,2012-01-10 01:30:00,2021-05-20 08:00:00,BIAS,7,1,2,41,2,7,14,14,3,1,152,103,104,141,4,2,1000,4500,700,27935.0,533785.0,505850.0,1.0552238805970149,0.2714285714285714,39.90714285714286,2809.3947368421054,-991.8627450980392,29052.0,24662.0,0.29052,5,4,0.8,140.0,44.66318394382559,0.31902274245589707,63,0.16076606407732236,0.9615517003992841,727.9899767316986,0.2934283455406329,True,False,False
1831,135116.0,683844.0,548728.0,1.246234928780744,0.4882577826324413,73.79355543418897,764.9261744966443,-585.6221985058698,15337.0,13516.0,0.15337,10,10,1.0,183.1,40.73929307192259,0.2224975044889273,66,0.04585689333609639,8.809806350655277,207.83657745936821,0.7467713945112481,2012-01-10 01:30:00,2021-05-20 08:00:00,BIAS,7,1,2,45,2,7,14,14,1,2,152,103,104,141,4,2,750,6000,700,55685.0,474957.0,419272.0,1.1328135434753572,0.20285714285714285,79.55,3344.7676056338028,-751.3835125448029,32583.0,31789.0,0.32583,5,5,1.0,140.0,44.66318394382559,0.31902274245589707,63,0.10758732154080991,1.7090200411257404,409.59145191703334,0.552311513656366,True,False,False
1831,136766.0,716812.0,580046.0,1.2357847481061848,0.5745494265428728,74.69470234844347,681.3802281368821,-744.6033376123235,15830.0,14294.0,0.1583,10,9,0.9,183.1,40.73929307192259,0.2224975044889273,66,0.010901832326747875,8.639671509791535,211.92935378675986,0.7440271620360558,2012-01-10 01:30:00,2021-05-20 08:00:00,BIAS,7,1,2,41,2,7,14,14,3,1,152,103,104,141,4,2,2250,1500,700,-13240.0,573863.0,587103.0,0.9774485907924163,0.59,-18.914285714285715,1389.498789346247,-2045.6550522648083,61998.0,60903.0,0.61998,5,3,0.6,140.0,44.66318394382559,0.31902274245589707,63,0.0,0.0,0.0,0.0,False,False,False
1831,129411.0,582103.0,452692.0,1.285869862953178,0.4330966684871655,70.6777717094484,734.0517023959646,-436.1194605009634,14198.0,13419.0,0.14198,10,9,0.9,183.1,40.73929307192259,0.2224975044889273,66,0.07040359783944178,9.114734469643611,200.8835261299271,0.7433762981468827,2012-01-10 01:30:00,2021-05-20 08:00:00,BIAS,7,1,2,41,2,7,14,14,3,1,152,103,104,141,4,2,500,0,700,29900.0,330493.0,300593.0,1.099470047539364,0.15428571428571428,42.714285714285715,3060.1203703703704,-507.75844594594594,39916.0,39407.0,0.39916,5,4,0.8,140.0,44.66318394382559,0.31902274245589707,63,0.39,0.7490730534121656,934.4882943143813,0.26794094719849443,True,False,False
1831,124206.0,592042.0,467836.0,1.265490471019759,0.4270890223921354,67.83506280720917,757.0869565217391,-445.98284080076263,13238.0,12499.0,0.13238,10,9,0.9,183.1,40.73929307192259,0.2224975044889273,66,0.04018324396566993,9.382535126151987,195.14981562887462,0.7388945955635657,2012-01-10 01:30:00,2021-05-20 08:00:00,BIAS,7,1,2,45,2,7,14,14,1,2,152,103,104,141,4,2,500,5000,700,49340.0,349727.0,300387.0,1.1642547780030428,0.15285714285714286,70.48571428571428,3268.4766355140187,-506.5548060708263,25851.0,25342.0,0.25851,5,4,0.8,140.0,44.66318394382559,0.31902274245589707,63,0.1011552492906364,1.9086302270705195,366.75516822051077,0.5494167281377192,True,False,False
1831,130846.0,658018.0,527172.0,1.2482036223471655,0.4849808847624249,71.46149645002731,741.0112612612612,-559.0371155885472,14727.0,13781.0,0.14727,10,10,1.0,183.1,40.73929307192259,0.2224975044889273,66,0.06963147516928297,8.884769471039586,206.08300597649145,0.737996683156679,2012-01-10 01:30:00,2021-05-20 08:00:00,BIAS,7,1,2,41,2,7,14,14,3,1,152,103,104,141,4,2,750,0,700,54230.0,468628.0,414398.0,1.130864531199475,0.21142857142857144,77.47142857142858,3166.4054054054054,-750.7210144927536,36763.0,35969.0,0.36763,5,4,0.8,140.0,44.66318394382559,0.31902274245589707,63,0.25107873870551356,1.475124445774284,474.53623455651854,0.5063788280066386,True,False,False
1831,149486.0,751748.0,602262.0,1.2482075907163328,0.5614418350628072,81.64172583287821,731.272373540856,-750.0149439601495,19435.0,17440.0,0.19435,10,10,1.0,183.1,40.73929307192259,0.2224975044889273,66,0.01331897301419531,7.691587342423463,238.0522925223767,0.7339379613704664,2012-01-10 01:30:00,2021-05-20 08:00:00,BIAS,7,1,2,45,2,7,14,14,1,2,152,103,104,141,4,2,1500,2000,700,-41140.0,538093.0,579233.0,0.9289750411319797,0.4328571428571429,-58.77142857142857,1775.8844884488449,-1459.0251889168767,60354.0,59479.0,0.60354,5,2,0.4,140.0,44.66318394382559,0.31902274245589707,63,0.0,0.0,0.0,0.0,False,False,False
1831,145616.0,741110.0,595494.0,1.2445297517691194,0.5188421627525942,79.52812670671764,780.1157894736842,-675.9296254256527,18448.0,17153.0,0.18448,10,9,0.9,183.1,40.73929307192259,0.2224975044889273,66,0.02740770245028019,7.893321769297485,231.96824524777497,0.7338132592184201,2012-01-10 01:30:00,2021-05-20 08:00:00,BIAS,7,1,2,45,2,7,14,14,1,2,152,103,104,141,4,2,1000,4000,700,17855.0,527176.0,509321.0,1.0350564771529154,0.26571428571428574,25.507142857142856,2834.2795698924733,-990.8968871595331,30149.0,28793.0,0.30149,5,3,0.6,140.0,44.66318394382559,0.31902274245589707,63,0.22352282273872864,0.5922252811038509,1181.98263791655,0.18410467027396082,False,False,False
1831,182616.0,882201.0,699585.0,1.261034756319818,0.582195521572911,99.73566357181868,827.5806754221388,-914.4901960784314,29159.0,28074.0,0.29159,10,9,0.9,183.1,40.73929307192259,0.2224975044889273,66,0.01637863056906295,6.262766212833087,292.3628214395234,0.7319874170437255,2012-01-10 01:30:00,2021-05-20 08:00:00,BIAS,7,1,2,45,2,7,14,14,1,2,152,103,104,141,4,2,5000,3000,700,45635.0,909730.0,864095.0,1.0528124801092473,0.5714285714285714,65.19285714285714,2274.325,-2880.3166666666666,48670.0,43655.0,0.4867,5,3,0.6,140.0,44.66318394382559,0.31902274245589707,63,0.06554179905774077,0.93764125744812,746.5541799057742,0.3703469639416704,True,False,False
1831,127581.0,697340.0,569759.0,1.2239209911559097,0.5652648825778264,69.6783178590934,673.7584541062802,-715.7776381909548,14290.0,12958.0,0.1429,10,9,0.9,183.1,40.73929307192259,0.2224975044889273,66,0.011686693159639758,8.927991602519244,205.08531834677575,0.7305012950174248,2012-01-10 01:30:00,2021-05-20 08:00:00,BIAS,7,1,2,41,2,7,14,14,3,1,152,103,104,141,4,2,1750,1500,700,-11060.0,524113.0,535173.0,0.9793337855235597,0.54,-15.8,1386.542328042328,-1662.027950310559,54498.0,53403.0,0.54498,5,3,0.6,140.0,44.66318394382559,0.31902274245589707,63,0.0,0.0,0.0,0.0,False,False,False
1831,155301.0,802106.0,646805.0,1.2401048229373612,0.5794647733478974,84.81758601856909,755.990574929312,-840.0064935064935,21177.0,20412.0,0.21177,10,10,1.0,183.1,40.73929307192259,0.2224975044889273,66,0.012820265162490905,7.333474996458422,249.67699499681265,0.7304544456087488,2012-01-10 01:30:00,2021-05-20 08:00:00,BIAS,7,1,2,45,2,7,14,14,1,2,152,103,104,141,4,2,2500,2000,700,-33060.0,670896.0,703956.0,0.9530368375296183,0.5442857142857143,-47.22857142857143,1760.8818897637796,-2206.7586206896553,76493.0,73528.0,0.76493,5,2,0.4,140.0,44.66318394382559,0.31902274245589707,63,0.0,0.0,0.0,0.0,False,False,False
1831,125421.0,640753.0,515332.0,1.2433790255602213,0.5887493173129438,68.49863462588749,594.3905380333952,-684.3718459495352,13870.0,12335.0,0.1387,10,9,0.9,183.1,40.73929307192259,0.2224975044889273,66,0.007901388124795688,9.042609949531363,202.48578786646576,0.7289254796416645,2012-01-10 01:30:00,2021-05-20 03:00:00,BIAS,7,1,2,41,2,7,14,14,3,1,152,103,104,141,4,2,1750,1000,700,-27400.0,420674.0,448074.0,0.9388493864852681,0.62,-39.142857142857146,969.294930875576,-1684.4887218045112,58788.0,57666.0,0.58788,5,1,0.2,140.0,44.66318394382559,0.31902274245589707,63,0.0,0.0,0.0,0.0,False,False,False
1831,149956.0,806517.0,656561.0,1.2283961429326444,0.5636264336428182,81.89841616602949,781.5087209302326,-821.7284105131414,19994.0,18524.0,0.19994,10,7,0.7,183.1,40.73929307192259,0.2224975044889273,66,0.019945850782896315,7.5000500150045015,244.1317053002214,0.7258804605659459,2012-01-10 01:30:00,2021-05-20 08:00:00,BIAS,7,1,2,41,2,7,14,14,3,1,152,103,104,141,4,2,3000,3000,700,25635.0,805536.0,779901.0,1.0328695565206354,0.53,36.621428571428574,2171.256064690027,-2370.519756838906,56603.0,55408.0,0.56603,5,3,0.6,140.0,44.66318394382559,0.31902274245589707,63,0.11667641895845524,0.45289118951292334,1545.6251219036474,0.19291011675649775,False,False,False
1831,139816.0,748370.0,608554.0,1.2297511806676154,0.5652648825778264,76.36045876570181,723.0628019323672,-764.5150753768844,17395.0,15859.0,0.17395,10,10,1.0,183.1,40.73929307192259,0.2224975044889273,66,0.014240144189506207,8.037711986202932,227.80114579161182,0.7255974693301942,2012-01-10 01:30:00,2021-05-20 08:00:00,BIAS,7,1,2,41,2,7,14,14,3,1,152,103,104,141,4,2,2250,2000,700,-40995.0,632792.0,673787.0,0.939157330135488,0.5242857142857142,-58.56428571428572,1724.2288828337876,-2023.3843843843845,89323.0,86358.0,0.89323,5,2,0.4,140.0,44.66318394382559,0.31902274245589707,63,0.0,0.0,0.0,0.0,False,False,False
1831,126276.0,578968.0,452692.0,1.2789446246012741,0.4330966684871655,68.96559257236483,730.0983606557377,-436.1194605009634,14198.0,13419.0,0.14198,10,9,0.9,183.1,40.73929307192259,0.2224975044889273,66,0.05932243656751877,8.89392872235526,205.8707751274985,0.725367900911018,2012-01-10 01:30:00,2021-05-20 08:00:00,BIAS,7,1,2,41,2,7,14,14,3,1,152,103,104,141,4,2,500,7500,700,26510.0,327103.0,300593.0,1.0881923398083122,0.15428571428571428,37.871428571428574,3028.7314814814813,-507.75844594594594,40301.0,39792.0,0.40301,5,4,0.8,140.0,44.66318394382559,0.31902274245589707,63,0.2825726141078838,0.6578000545892162,1064.1531497548094,0.2364249051227247,True,False,False
1831,136551.0,732172.0,595621.0,1.2292582027833137,0.5772801747678864,74.57728017476789,692.6887417218543,-769.5361757105943,16605.0,14610.0,0.16605,10,9,0.9,183.1,40.73929307192259,0.2224975044889273,66,0.010918997297712943,8.223486901535683,222.65494210954148,0.7253148139497647,2012-01-10 01:30:00,2021-05-20 08:00:00,BIAS,7,1,2,45,2,7,14,14,1,2,152,103,104,141,4,2,1750,1500,700,-7065.0,531644.0,538709.0,0.9868853128497946,0.5414285714285715,-10.092857142857143,1402.754617414248,-1678.221183800623,50078.0,48983.0,0.50078,5,3,0.6,140.0,44.66318394382559,0.31902274245589707,63,0.0,0.0,0.0,0.0,False,False,False
1831,149281.0,754831.0,605550.0,1.2465213442325158,0.5876570180229382,81.52976515565265,701.5157992565056,-802.0529801324503,20108.0,18713.0,0.20108,10,9,0.9,183.1,40.73929307192259,0.2224975044889273,66,0.009987875215198184,7.423960612691466,246.63385159531353,0.7205617426382875,2012-01-10 01:30:00,2021-05-20 08:00:00,BIAS,7,1,2,45,2,7,14,14,1,2,152,103,104,141,4,2,2250,1500,700,-7420.0,583181.0,590601.0,0.9874365265212893,0.5942857142857143,-10.6,1401.8774038461538,-2079.580985915493,57440.0,56316.0,0.5744,5,3,0.6,140.0,44.66318394382559,0.31902274245589707,63,0.0,0.0,0.0,0.0,False,False,False
1831,132406.0,725843.0,593437.0,1.2231171969391865,0.55598033861278,72.31348989623157,713.0088408644401,-729.9348093480935,15845.0,15272.0,0.15845,10,10,1.0,183.1,40.73929307192259,0.2224975044889273,66,0.01503708291165053,8.35632691700852,219.1154101777865,0.7199670924717672,2012-01-10 01:30:00,2021-05-20 08:00:00,BIAS,7,1,2,41,2,7,14,14,3,1,152,103,104,141,4,2,1750,2000,700,-43255.0,567504.0,610759.0,0.9291782847244167,0.47,-61.792857142857144,1724.936170212766,-1646.2506738544475,80750.0,78837.0,0.8075,5,2,0.4,140.0,44.66318394382559,0.31902274245589707,63,0.0,0.0,0.0,0.0,False,False,False
2165,188335.0,941450.0,753115.0,1.250074689788412,0.49653579676674364,86.99076212471131,875.7674418604652,-690.9311926605504,23093.0,20866.0,0.23093,10,9,0.9,216.5,40.292058770929046,0.18610650702507642,104,0.023845806674277218,8.15550166717187,265.4649693365546,0.7174182246490209,2012-01-10 01:30:00,2021-05-20 08:00:00,BIAS,7,1,2,45,34,7,14,14,3,2,152,103,41,127,4,4,1000,4500,1082,1422.0,774917.0,773495.0,1.001838408780923,0.2698706099815157,1.3142329020332717,2653.8253424657532,-979.1075949367089,47571.0,46058.0,0.47571,5,3,0.6,216.4,67.99294081005763,0.31420028100766,104,3.1582278481012658,0.029892161190641357,36196.7805907173,0.007551628940147837,False,False,False
1831,126896.0,654068.0,527172.0,1.2407108116516052,0.4849808847624249,69.30420535226652,736.563063063063,-559.0371155885472,14727.0,13781.0,0.14727,10,10,1.0,183.1,40.73929307192259,0.2224975044889273,66,0.05903259361997226,8.616554627554832,212.49792743664102,0.7157179211122231,2012-01-10 01:30:00,2021-05-20 08:00:00,BIAS,7,1,2,41,2,7,14,14,3,1,152,103,104,141,4,2,750,7500,700,46815.0,461213.0,414398.0,1.112971105072901,0.21142857142857144,66.87857142857143,3116.304054054054,-750.7210144927536,38698.0,37904.0,0.38698,5,4,0.8,140.0,44.66318394382559,0.31902274245589707,63,0.1600128164049984,1.2097524419866659,578.6307807326712,0.42607119529244014,True,False,False
1831,133271.0,713457.0,580186.0,1.229703922535187,0.5308574549426542,72.78590933915893,734.0092592592592,-675.4202561117579,16260.0,14951.0,0.1626,10,10,1.0,183.1,40.73929307192259,0.2224975044889273,66,0.018691238153836918,8.196248462484625,223.39488710972378,0.715363024206699,2012-01-10 01:30:00,2021-05-20 08:00:00,BIAS,7,1,2,41,2,7,14,14,3,1,152,103,104,141,4,2,1250,2500,700,-33105.0,517381.0,550486.0,0.9398622308287586,0.3585714285714286,-47.292857142857144,2061.2788844621514,-1226.0267260579064,54529.0,52681.0,0.54529,5,2,0.4,140.0,44.66318394382559,0.31902274245589707,63,0.0,0.0,0.0,0.0,False,False,False
2112,176437.0,939480.0,763043.0,1.2312281221372845,0.5255681818181818,83.54024621212122,846.3783783783783,-761.5199600798403,21507.0,20057.0,0.21507,10,9,0.9,211.2,38.06520721078502,0.18023298868742907,106,0.016952226573791213,8.203701120565396,257.44477632242666,0.713912983571491,2012-01-10 01:30:00,2021-05-20 08:00:00,BIAS,7,1,2,45,34,7,14,14,3,2,152,103,41,127,4,4,1250,3000,1076,-47374.0,811449.0,858823.0,0.9448384591469954,0.3382899628252788,-44.02788104089219,2229.2554945054944,-1206.2120786516855,67372.0,66661.0,0.67372,5,2,0.4,215.2,67.88342949498059,0.3154434456086459,103,0.0,0.0,0.0,0.0,False,False,False
1831,121681.0,629734.0,508053.0,1.2395045398806817,0.5811032222829056,66.45603495357729,591.8552631578947,-662.3898305084746,13649.0,13134.0,0.13649,10,10,1.0,183.1,40.73929307192259,0.2224975044889273,66,0.008144246020331852,8.915012088797715,205.38390545771318,0.7128915319205168,2012-01-10 01:30:00,2021-05-20 03:00:00,BIAS,7,1,2,41,2,7,14,14,3,1,152,103,104,141,4,2,1500,1000,700,-26805.0,398096.0,424901.0,0.9369147166045738,0.5871428571428572,-38.292857142857144,968.603406326034,-1470.2456747404844,57159.0,55832.0,0.57159,5,1,0.2,140.0,44.66318394382559,0.31902274245589707,63,0.0,0.0,0.0,0.0,False,False,False
1831,140691.0,718981.0,578290.0,1.2432879697037817,0.5712725286728564,76.83833970507919,687.3623326959847,-736.6751592356688,18355.0,16360.0,0.18355,10,10,1.0,183.1,40.73929307192259,0.2224975044889273,66,0.01059769281617161,7.664995913919912,238.87814430205202,0.7107882252510962,2012-01-10 01:30:00,2021-05-20 08:00:00,BIAS,7,1,2,45,2,7,14,14,1,2,152,103,104,141,4,2,1500,1500,700,-2155.0,501387.0,503542.0,0.995720317272442,0.51,-3.0785714285714287,1404.4453781512605,-1468.0524781341107,44149.0,42424.0,0.44149,5,3,0.6,140.0,44.66318394382559,0.31902274245589707,63,0.0,0.0,0.0,0.0,False,False,False
1831,119186.0,587022.0,467836.0,1.2547602151181183,0.4270890223921354,65.09339158929546,750.6675191815857,-445.98284080076263,13238.0,12499.0,0.13238,10,9,0.9,183.1,40.73929307192259,0.2224975044889273,66,0.037680600070478076,9.003323764919172,203.36933868071753,0.7090308943757883,2012-01-10 01:30:00,2021-05-20 08:00:00,BIAS,7,1,2,45,2,7,14,14,1,2,152,103,104,141,4,2,500,4500,700,46770.0,345630.0,298860.0,1.156494679783176,0.15714285714285714,66.81428571428572,3142.090909090909,-506.54237288135596,24100.0,23601.0,0.241,5,4,0.8,140.0,44.66318394382559,0.31902274245589707,63,0.09602309172546504,1.9406639004149377,360.7013042548642,0.5393867273390006,True,False,False
1831,130996.0,659909.0,528913.0,1.2476702217566973,0.5974877116329874,71.54341889677772,603.2074954296161,-717.6567164179105,16029.0,15094.0,0.16029,10,10,1.0,183.1,40.73929307192259,0.2224975044889273,66,0.007565116492106629,8.17243745710899,224.04576475617574,0.7082000005837054,2012-01-10 01:30:00,2021-05-20 03:00:00,BIAS,7,1,2,45,2,7,14,14,1,2,152,103,104,141,4,2,1500,1000,700,-25070.0,399892.0,424962.0,0.9410064899920464,0.5885714285714285,-35.81428571428572,970.6116504854369,-1475.5625,55734.0,54407.0,0.55734,5,1,0.2,140.0,44.66318394382559,0.31902274245589707,63,0.0,0.0,0.0,0.0,False,False,False
1947,180207.0,971599.0,791392.0,1.2277088977396788,0.5772984078068824,92.5562403697997,864.4119217081851,-961.5941676792223,27032.0,24890.0,0.27032,10,10,1.0,194.7,35.44305291591005,0.18203930619368286,89,0.014266926368010122,6.666432376442734,292.06026402969917,0.7055146931713175,2012-01-10 01:30:00,2021-05-20 08:00:00,BIAS,7,1,2,45,34,7,14,14,3,2,152,103,41,127,4,4,4000,2500,938,14343.0,1058806.0,1044463.0,1.0137324156049567,0.5607675906183369,15.291044776119403,2012.9391634980989,-2535.104368932039,62339.0,57208.0,0.62339,5,3,0.6,187.6,54.851071092550235,0.29238310816924434,101,0.1736735689883567,0.23008068785190652,4076.8306490971204,0.07675323537851321,False,False,False
1831,134286.0,703578.0,569292.0,1.235882464534896,0.5095576187875478,73.3402512288367,754.1028938906752,-633.9554565701559,17018.0,15723.0,0.17018,10,9,0.9,183.1,40.73929307192259,0.2224975044889273,66,0.02972014953159674,7.890821483135504,232.0417467196878,0.7045755699582861,2012-01-10 01:30:00,2021-05-20 08:00:00,BIAS,7,1,2,41,2,7,14,14,3,1,152,103,104,141,4,2,1000,4000,700,14940.0,517763.0,502823.0,1.0297122446666123,0.2757142857142857,21.34285714285714,2682.7098445595857,-991.7613412228797,32328.0,31133.0,0.32328,5,3,0.6,140.0,44.66318394382559,0.31902274245589707,63,0.26713520749665326,0.4621380846325167,1514.698795180723,0.14876562313473685,False,False,False
1831,127461.0,676189.0,548728.0,1.2322844833870332,0.4882577826324413,69.61277990169306,756.3635346756153,-585.6221985058698,15337.0,13516.0,0.15337,10,10,1.0,183.1,40.73929307192259,0.2224975044889273,66,0.03915707549760319,8.310686574949468,220.31874063439014,0.7044630444640027,2012-01-10 01:30:00,2021-05-20 08:00:00,BIAS,7,1,2,45,2,7,14,14,1,2,152,103,104,141,4,2,750,5000,700,47125.0,464120.0,416995.0,1.1130109473734697,0.20714285714285716,67.32142857142857,3200.8275862068967,-751.3423423423424,34881.0,34372.0,0.34881,5,4,0.8,140.0,44.66318394382559,0.31902274245589707,63,0.10590981432360742,1.3510220463862848,518.1262599469496,0.45175015119610357,True,False,False
1831,132021.0,718859.0,586838.0,1.2249700939611954,0.5756417258328782,72.10322228290552,682.0294117647059,-755.2612612612612,16725.0,15189.0,0.16725,10,9,0.9,183.1,40.73929307192259,0.2224975044889273,66,0.01129365782716386,7.893632286995516,231.95912013997773,0.6987326826080296,2012-01-10 01:30:00,2021-05-20 08:00:00,BIAS,7,1,2,41,2,7,14,14,3,1,152,103,104,141,4,2,2500,1500,700,-4910.0,595114.0,600024.0,0.9918169939869071,0.6128571428571429,-7.014285714285714,1387.2121212121212,-2214.110701107011,56307.0,54677.0,0.56307,5,3,0.6,140.0,44.66318394382559,0.31902274245589707,63,0.0,0.0,0.0,0.0,False,False,False
1831,121376.0,574068.0,452692.0,1.2681204881022858,0.4330966684871655,66.28945931185145,723.9192938209331,-436.1194605009634,14198.0,13419.0,0.14198,10,9,0.9,183.1,40.73929307192259,0.2224975044889273,66,0.0493590166095439,8.548809691505847,214.18186461903508,0.6972208047528882,2012-01-10 01:30:00,2021-05-20 08:00:00,BIAS,7,1,2,41,2,7,14,14,3,1,152,103,104,141,4,2,500,6000,700,28500.0,329093.0,300593.0,1.0948125871194605,0.15428571428571428,40.714285714285715,3047.1574074074074,-507.75844594594594,33346.0,32837.0,0.33346,5,4,0.8,140.0,44.66318394382559,0.31902274245589707,63,0.2102105263157895,0.8546752234151023,819.0245614035088,0.2794244431079169,True,False,False
1831,126336.0,650986.0,524650.0,1.2408005336891261,0.5958492626979792,68.99836155106499,596.6874427131072,-708.9864864864865,15420.0,13885.0,0.1542,10,10,1.0,183.1,40.73929307192259,0.2224975044889273,66,0.007844161600810537,8.192996108949416,223.48356762917933,0.6963635620666296,2012-01-10 01:30:00,2021-05-20 03:00:00,BIAS,7,1,2,41,2,7,14,14,3,1,152,103,104,141,4,2,2250,1000,700,-37475.0,452386.0,489861.0,0.9234987067760038,0.6657142857142857,-53.535714285714285,970.7854077253219,-2093.423076923077,71728.0,70633.0,0.71728,5,2,0.4,140.0,44.66318394382559,0.31902274245589707,63,0.0,0.0,0.0,0.0,False,False,False
1831,168881.0,862091.0,693210.0,1.2436217019373639,0.582195521572911,92.23429819770617,808.7157598499061,-906.156862745098,27609.0,26524.0,0.27609,10,9,0.9,183.1,40.73929307192259,0.2224975044889273,66,0.015223737424577069,6.116882176101996,299.3355025136043,0.6956752555284399,2012-01-10 01:30:00,2021-05-20 08:00:00,BIAS,7,1,2,45,2,7,14,14,1,2,152,103,104,141,4,2,4000,2500,700,26805.0,830450.0,803645.0,1.0333542795637378,0.5857142857142857,38.292857142857144,2025.4878048780488,-2771.189655172414,53070.0,49707.0,0.5307,5,3,0.6,140.0,44.66318394382559,0.31902274245589707,63,0.09293042342846485,0.505087620124364,1385.8981533296026,0.20832081920137907,False,False,False
1831,129711.0,684072.0,554361.0,1.2339829100531965,0.5581649371927908,70.8416166029492,669.3463796477495,-685.2422744128554,16294.0,14295.0,0.16294,10,10,1.0,183.1,40.73929307192259,0.2224975044889273,66,0.011494784559520781,7.960660365778814,230.0060442059656,0.6955270968329771,2012-01-10 01:30:00,2021-05-20 08:00:00,BIAS,7,1,2,41,2,7,14,14,3,1,152,103,104,141,4,2,1500,1500,700,-4065.0,496108.0,500173.0,0.9918728120070456,0.5114285714285715,-5.807142857142857,1385.7765363128492,-1462.4941520467837,43564.0,41839.0,0.43564,5,3,0.6,140.0,44.66318394382559,0.31902274245589707,63,0.0,0.0,0.0,0.0,False,False,False
1831,133421.0,685770.0,552349.0,1.241551989774581,0.614418350628072,72.86783178590935,609.5733333333334,-782.3640226628895,17258.0,16226.0,0.17258,10,10,1.0,183.1,40.73929307192259,0.2224975044889273,66,0.007427616342254967,7.730965349403175,236.8397628559222,0.6951524564301044,2012-01-10 01:30:00,2021-05-20 03:00:00,BIAS,7,1,2,45,2,7,14,14,1,2,152,103,104,141,4,2,2500,1000,700,-18720.0,471461.0,490181.0,0.9618100252763775,0.6942857142857143,-26.742857142857144,970.0843621399177,-2290.5654205607475,56048.0,54953.0,0.56048,5,2,0.4,140.0,44.66318394382559,0.31902274245589707,63,0.0,0.0,0.0,0.0,False,False,False
1831,120496.0,647668.0,527172.0,1.228570561410697,0.4849808847624249,65.80884762424904,729.3558558558559,-559.0371155885472,14727.0,13781.0,0.14727,10,10,1.0,183.1,40.73929307192259,0.2224975044889273,66,0.049719492763245256,8.181978678617504,223.7844990705086,0.6796206864072816,2012-01-10 01:30:00,2021-05-20 08:00:00,BIAS,7,1,2,41,2,7,14,14,3,1,152,103,104,141,4,2,750,6000,700,40935.0,455333.0,414398.0,1.0987818474027384,0.21142857142857144,58.47857142857143,3076.574324324324,-750.7210144927536,35218.0,34424.0,0.35218,5,4,0.8,140.0,44.66318394382559,0.31902274245589707,63,0.14635397581531698,1.1623317621670737,602.2376939049713,0.39052951055590585,True,False,False
1831,133911.0,750417.0,616506.0,1.2172095648704149,0.5663571818678318,73.13544511196068,723.6422372227579,-776.455919395466,18290.0,16754.0,0.1829,10,10,1.0,183.1,40.73929307192259,0.2224975044889273,66,0.014868084025957538,7.321541826134499,250.0839363457819,0.6777359189016511,2012-01-10 01:30:00,2021-05-20 08:00:00,BIAS,7,1,2,41,2,7,14,14,3,1,152,103,104,141,4,2,2500,2000,700,-36705.0,654651.0,691356.0,0.9469086838040026,0.5442857142857143,-52.43571428571428,1718.244094488189,-2167.260188087774,86328.0,83363.0,0.86328,5,2,0.4,140.0,44.66318394382559,0.31902274245589707,63,0.0,0.0,0.0,0.0,False,False,False
1831,121526.0,670254.0,548728.0,1.2214685600151622,0.4882577826324413,66.37138175860186,749.7248322147651,-585.6221985058698,15337.0,13516.0,0.15337,10,10,1.0,183.1,40.73929307192259,0.2224975044889273,66,0.036955054885374324,7.923713894503488,231.0785099484884,0.6716609468114355,2012-01-10 01:30:00,2021-05-20 08:00:00,BIAS,7,1,2,45,2,7,14,14,1,2,152,103,104,141,4,2,750,4500,700,38775.0,453493.0,414718.0,1.0934972680230903,0.21142857142857144,55.392857142857146,3064.141891891892,-751.3007246376811,32226.0,31717.0,0.32226,5,3,0.6,140.0,44.66318394382559,0.31902274245589707,63,0.1158220502901354,1.2032210016756657,581.7717601547389,0.38671410434497766,True,False,False
1831,147196.0,759405.0,612209.0,1.2404342307937322,0.5898416166029492,80.39104314582195,703.1527777777778,-815.1917443408788,22608.0,21213.0,0.22608,10,10,1.0,183.1,40.73929307192259,0.2224975044889273,66,0.010129351341069051,6.510792639773531,281.2253593847659,0.670063619249904,2012-01-10 01:30:00,2021-05-20 08:00:00,BIAS,7,1,2,45,2,7,14,14,1,2,152,103,104,141,4,2,2500,1500,700,-135.0,605192.0,605327.0,0.9997769800454961,0.6171428571428571,-0.19285714285714287,1400.9074074074074,-2258.6828358208954,56472.0,53361.0,0.56472,5,3,0.6,140.0,44.66318394382559,0.31902274245589707,63,0.0,0.0,0.0,0.0,False,False,False
1831,128491.0,706548.0,578057.0,1.2222808477364688,0.547788093937739,70.17531403604588,704.4346959122632,-698.1364734299517,17495.0,15500.0,0.17495,10,10,1.0,183.1,40.73929307192259,0.2224975044889273,66,0.01549524869446109,7.3444412689339815,249.30419251153776,0.6649160838554186,2012-01-10 01:30:00,2021-05-20 08:00:00,BIAS,7,1,2,41,2,7,14,14,3,1,152,103,104,141,4,2,1500,2000,700,-42380.0,528587.0,570967.0,0.9257750447924311,0.43857142857142856,-60.542857142857144,1721.7817589576548,-1452.8422391857507,65560.0,63897.0,0.6556,5,2,0.4,140.0,44.66318394382559,0.31902274245589707,63,0.0,0.0,0.0,0.0,False,False,False
1975,163375.0,971493.0,808118.0,1.202167257751962,0.5711392405063291,82.72151898734177,861.2526595744681,-954.094451003542,24875.0,22564.0,0.24875,10,10,1.0,197.5,34.38677071200493,0.17411023145318952,96,0.01573680183626626,6.567839195979899,300.707727620505,0.6573193284745524,2012-01-10 01:30:00,2021-05-20 08:00:00,BIAS,7,1,2,45,34,7,14,14,3,2,152,103,41,127,4,4,3000,2500,978,-26072.0,1034598.0,1060670.0,0.9754193104358566,0.5245398773006135,-26.65848670756646,2016.7602339181287,-2281.010752688172,82365.0,79905.0,0.82365,5,1,0.2,195.6,60.214948310199524,0.3078473839989751,102,0.0,0.0,0.0,0.0,False,False,False
2010,152770.0,929065.0,776295.0,1.196793744646043,0.5671641791044776,76.0049751243781,814.969298245614,-892.2931034482758,21124.0,19755.0,0.21124,10,10,1.0,201.0,34.868323733727145,0.17347424743147832,100,0.013032663481049945,7.232058322287446,277.9291745761603,0.6553803089679844,2012-01-10 01:30:00,2021-05-20 08:00:00,BIAS,7,1,2,45,34,7,14,14,3,2,152,103,41,127,4,4,2250,2000,1037,-91053.0,908189.0,999242.0,0.9088779294705387,0.5053037608486017,-87.80424300867888,1733.1851145038167,-1947.8401559454192,129774.0,127429.0,1.29774,5,1,0.2,207.4,65.07718494218999,0.31377620512145604,102,0.0,0.0,0.0,0.0,False,False,False
1831,134281.0,788165.0,653884.0,1.2053590545111976,0.5652648825778264,73.33752048061169,761.512077294686,-821.4623115577889,19905.0,18724.0,0.19905,10,8,0.8,183.1,40.73929307192259,0.2224975044889273,66,0.018550651246267157,6.746093946244662,271.4163209985031,0.6514552352520555,2012-01-10 01:30:00,2021-05-20 08:00:00,BIAS,7,1,2,41,2,7,14,14,3,1,152,103,104,141,4,2,3000,2500,700,15090.0,759528.0,744438.0,1.0202703247281841,0.5542857142857143,21.557142857142857,1957.5463917525774,-2386.019230769231,48581.0,47576.0,0.48581,5,3,0.6,140.0,44.66318394382559,0.31902274245589707,63,0.16507620941020543,0.3106152611103106,2253.5917826375085,0.12257373550213004,False,False,False
1831,120306.0,651977.0,531671.0,1.2262790334624232,0.596395412342982,65.70507919169853,597.0485347985348,-719.446549391069,16315.0,14780.0,0.16315,10,9,0.9,183.1,40.73929307192259,0.2224975044889273,66,0.008237328146559607,7.373950352436408,248.30652669027313,0.6446809704449638,2012-01-10 01:30:00,2021-05-20 03:00:00,BIAS,7,1,2,41,2,7,14,14,3,1,152,103,104,141,4,2,2500,1000,700,-23655.0,467978.0,491633.0,0.9518848409280907,0.69,-33.792857142857144,968.8985507246376,-2265.589861751152,60803.0,59708.0,0.60803,5,2,0.4,140.0,44.66318394382559,0.31902274245589707,63,0.0,0.0,0.0,0.0,False,False,False
2046,140981.0,877390.0,736409.0,1.1914438851236202,0.5742913000977518,68.90566959921799,746.7148936170213,-845.4753157290471,18355.0,16842.0,0.18355,10,9,0.9,204.6,36.31583676579682,0.1774967583861037,102,0.010575893205467403,7.680795423590302,266.378660954313,0.6374075597176009,2012-01-10 01:30:00,2021-05-20 08:00:00,BIAS,7,1,2,45,34,7,14,14,3,2,152,103,41,127,4,4,2000,1500,1074,-29446.0,828075.0,857521.0,0.9656614823427064,0.5586592178770949,-27.4171322160149,1380.125,-1809.1160337552742,74088.0,73568.0,0.74088,5,2,0.4,214.8,67.00865615724584,0.3119583619983512,104,0.0,0.0,0.0,0.0,False,False,False
1831,151686.0,819102.0,667416.0,1.2272735445359415,0.5663571818678318,82.84325505188421,789.8765670202507,-840.5743073047859,26609.0,25524.0,0.26609,10,8,0.8,183.1,40.73929307192259,0.2224975044889273,66,0.01971836557098216,5.7005524446615805,321.1969397307596,0.6364764291966356,2012-01-10 01:30:00,2021-05-20 08:00:00,BIAS,7,1,2,41,2,7,14,14,3,1,152,103,104,141,4,2,4000,3000,700,20425.0,847692.0,827267.0,1.02468973136847,0.56,29.178571428571427,2162.4795918367345,-2685.931818181818,67459.0,64136.0,0.67459,5,3,0.6,140.0,44.66318394382559,0.31902274245589707,63,0.14643818849449206,0.30277650128226036,2311.93635250918,0.1407937974222765,False,False,False
2168,166453.0,921586.0,755133.0,1.2204287191792704,0.496309963099631,76.77721402214023,856.492565055762,-691.5137362637363,23093.0,20866.0,0.23093,10,9,0.9,216.8,39.82160217771254,0.18367897683446743,106,0.02397673817834464,7.20794180054562,300.7793431178771,0.6331864583310151,2012-01-10 01:30:00,2021-05-20 08:00:00,BIAS,7,1,2,45,34,7,14,14,3,2,152,103,41,127,4,4,1000,4000,1083,-8762.0,761592.0,770354.0,0.9886260083026764,0.2742382271468144,-8.090489381348107,2564.282828282828,-980.0941475826972,47801.0,46288.0,0.47801,5,2,0.4,216.6,67.87223290860557,0.31335287584767113,104,0.0,0.0,0.0,0.0,False,False,False
1831,154781.0,819993.0,665212.0,1.2326792060275522,0.5669033315128346,84.53358820316767,789.9739884393064,-838.8549810844893,28224.0,27139.0,0.28224,10,8,0.8,183.1,40.73929307192259,0.2224975044889273,66,0.01932407724462305,5.484020691609977,333.8791195301749,0.6306079900814139,2012-01-10 01:30:00,2021-05-20 08:00:00,BIAS,7,1,2,41,2,7,14,14,3,1,152,103,104,141,4,2,5000,3000,700,30210.0,866280.0,836070.0,1.0361333381176216,0.5714285714285714,43.15714285714286,2165.7,-2786.9,56646.0,52495.0,0.56646,5,3,0.6,140.0,44.66318394382559,0.31902274245589707,63,0.09900695134061568,0.533312149136744,1312.5521350546176,0.22725189230111723,True,False,False
2079,142524.0,900453.0,757929.0,1.1880439988442189,0.5473785473785474,68.55411255411255,791.2592267135325,-805.4505844845909,18866.0,16983.0,0.18866,10,9,0.9,207.9,36.23382397705216,0.1742848676144885,107,0.013969577053689203,7.554542563341461,275.19866127810053,0.6255082543500377,2012-01-10 01:30:00,2021-05-20 08:00:00,BIAS,7,1,2,45,34,7,14,14,3,2,152,103,41,127,4,4,1500,2000,1073,-82477.0,787564.0,870041.0,0.9052033180045538,0.4277726001863933,-76.86579683131407,1715.8257080610022,-1417.0048859934852,93530.0,93455.0,0.9353,5,0,0.0,214.6,68.20733098428643,0.3178347203368426,103,0.0,0.0,0.0,0.0,False,False,False
1992,151312.0,927963.0,776651.0,1.194826247568084,0.571285140562249,75.95983935742971,815.4332161687171,-909.4274004683841,23312.0,21799.0,0.23312,10,9,0.9,199.2,34.20760149440472,0.17172490710042532,99,0.013158242571640055,6.490734385724091,306.89901660145927,0.6234960656629862,2012-01-10 01:30:00,2021-05-20 08:00:00,BIAS,7,1,2,45,34,7,14,14,3,2,152,103,41,127,4,4,2500,2000,1022,-88418.0,926702.0,1015120.0,0.9128989676097408,0.525440313111546,-86.5146771037182,1725.7020484171321,-2093.0309278350514,129675.0,127215.0,1.29675,5,1,0.2,204.4,63.751392141662286,0.31189526488093094,102,0.0,0.0,0.0,0.0,False,False,False
1831,125316.0,722646.0,597330.0,1.2097935814373963,0.5466957946477334,68.44128891316221,721.924075924076,-719.6746987951807,19106.0,18491.0,0.19106,10,10,1.0,183.1,40.73929307192259,0.2224975044889273,66,0.015887835551725238,6.558986705746886,279.1589741134412,0.6205442275007397,2012-01-10 01:30:00,2021-05-20 08:00:00,BIAS,7,1,2,45,2,7,14,14,1,2,152,103,104,141,4,2,1250,2000,700,-45480.0,484590.0,530070.0,0.9142000113192598,0.38571428571428573,-64.97142857142858,1794.7777777777778,-1232.7209302325582,59379.0,58504.0,0.59379,5,2,0.4,140.0,44.66318394382559,0.31902274245589707,63,0.0,0.0,0.0,0.0,False,False,False
1831,143386.0,774517.0,631131.0,1.2271889671082548,0.596395412342982,78.31021299836155,709.264652014652,-854.0338294993234,25356.0,22366.0,0.25356,10,9,0.9,183.1,40.73929307192259,0.2224975044889273,66,0.010398504735469292,5.654914024294053,323.78918443920605,0.6163359221851937,2012-01-10 01:30:00,2021-05-20 08:00:00,BIAS,7,1,2,45,2,7,14,14,1,2,152,103,104,141,4,2,5000,1500,700,54260.0,686340.0,632080.0,1.0858435641058093,0.7,77.51428571428572,1400.6938775510205,-3009.904761904762,43994.0,39209.0,0.43994,5,3,0.6,140.0,44.66318394382559,0.31902274245589707,63,0.02747880575009215,1.2333500022730373,567.5598967932178,0.4631529889991863,True,False,False
2118,158723.0,922540.0,763817.0,1.2078023924578793,0.5264400377714825,74.94003777148254,827.390134529148,-761.5324027916251,23356.0,21906.0,0.23356,10,9,0.9,211.8,38.15704391065954,0.1801560146867778,107,0.015694007799751768,6.795812639150539,311.66250637903767,0.6145456109912634,2012-01-10 01:30:00,2021-05-20 08:00:00,BIAS,7,1,2,45,34,7,14,14,3,2,152,103,41,127,4,4,1250,2500,1080,-70205.0,768943.0,839148.0,0.9163377616344197,0.35462962962962963,-65.00462962962963,2007.6840731070497,-1203.9426111908178,80790.0,80302.0,0.8079,5,0,0.0,216.0,67.67865246885461,0.3133270947632158,104,0.0,0.0,0.0,0.0,False,False,False
1831,122716.0,714909.0,592193.0,1.2072229830477563,0.5210267613326052,67.02129983615511,749.3805031446541,-675.248574686431,18690.0,17330.0,0.1869,10,9,0.9,183.1,40.73929307192259,0.2224975044889273,66,0.024373349848430523,6.565864098448368,278.86656996642654,0.6143949576008627,2012-01-10 01:30:00,2021-05-20 08:00:00,BIAS,7,1,2,45,2,7,14,14,1,2,152,103,104,141,4,2,1000,3000,700,-14810.0,481866.0,496676.0,0.9701817683962985,0.28714285714285714,-21.15714285714286,2397.3432835820895,-995.3426853707415,39094.0,37711.0,0.39094,5,2,0.4,140.0,44.66318394382559,0.31902274245589707,63,0.0,0.0,0.0,0.0,False,False,False
1831,119426.0,707583.0,588157.0,1.2030512261181963,0.523211359912616,65.22446750409613,738.6043841336117,-673.7193585337915,17788.0,16338.0,0.17788,10,10,1.0,183.1,40.73929307192259,0.2224975044889273,66,0.020858104600338285,6.713852035079829,272.71974276958116,0.6128954944791124,2012-01-10 01:30:00,2021-05-20 08:00:00,BIAS,7,1,2,45,2,7,14,14,1,2,152,103,104,141,4,2,1000,2500,700,-23620.0,457921.0,481541.0,0.9509491403639565,0.30857142857142855,-33.74285714285714,2120.0046296296296,-994.9194214876034,45584.0,44619.0,0.45584,5,2,0.4,140.0,44.66318394382559,0.31902274245589707,63,0.0,0.0,0.0,0.0,False,False,False
1831,135026.0,806800.0,671774.0,1.2009991455459723,0.5816493719279082,73.74440196613872,757.5586854460093,-876.9895561357703,22799.0,20543.0,0.22799,10,9,0.9,183.1,40.73929307192259,0.2224975044889273,66,0.014745308310991957,5.922452739155226,309.1624501947773,0.6120834061301399,2012-01-10 01:30:00,2021-05-20 08:00:00,BIAS,7,1,2,45,2,7,14,14,1,2,152,103,104,141,4,2,3000,2000,700,9035.0,721121.0,712086.0,1.0126880741932855,0.5871428571428572,12.907142857142857,1754.552311435523,-2463.9653979238756,43685.0,40755.0,0.43685,5,3,0.6,140.0,44.66318394382559,0.31902274245589707,63,0.22036524626452683,0.2068215634657205,3384.560044272275,0.07739330512335627,False,False,False
1831,121091.0,695920.0,574829.0,1.2106556906488712,0.5570726379027854,66.13380666302567,682.2745098039215,-708.7903822441431,18428.0,17033.0,0.18428,10,9,0.9,183.1,40.73929307192259,0.2224975044889273,66,0.012313053819028665,6.571033210332104,278.6471992138144,0.6105536988309443,2012-01-10 01:30:00,2021-05-20 08:00:00,BIAS,7,1,2,45,2,7,14,14,1,2,152,103,104,141,4,2,1250,1500,700,-16945.0,452345.0,469290.0,0.9638922627799442,0.45714285714285713,-24.207142857142856,1413.578125,-1234.9736842105262,54089.0,52596.0,0.54089,5,2,0.4,140.0,44.66318394382559,0.31902274245589707,63,0.0,0.0,0.0,0.0,False,False,False
1831,146291.0,822600.0,676309.0,1.2163079302508173,0.5871108683779356,79.89677771709448,765.2093023255813,-894.5886243386243,27144.0,26059.0,0.27144,10,9,0.9,183.1,40.73929307192259,0.2224975044889273,66,0.013609859799987696,5.389441497200118,339.7383571101435,0.6077595446104623,2012-01-10 01:30:00,2021-05-20 08:00:00,BIAS,7,1,2,45,2,7,14,14,1,2,152,103,104,141,4,2,5000,2000,700,30360.0,780315.0,749955.0,1.0404824289457368,0.6357142857142857,43.371428571428574,1753.5168539325844,-2941.0,39567.0,34784.0,0.39567,5,3,0.6,140.0,44.66318394382559,0.31902274245589707,63,0.06557971014492754,0.7673060884070059,912.2826086956521,0.27326034524573556,True,False,False
2034,131719.0,880277.0,748558.0,1.1759636527830843,0.5786627335299902,64.75860373647984,747.8988954970264,-873.463243873979,18632.0,17236.0,0.18632,10,9,0.9,203.4,36.125337368666884,0.17760736169452745,101,0.011319551469415953,7.069504079003864,287.7146653102438,0.5945757406774667,2012-01-10 01:30:00,2021-05-20 08:00:00,BIAS,7,1,2,45,34,7,14,14,3,2,152,103,41,127,4,4,2250,1500,1065,-44455.0,846784.0,891239.0,0.9501200014810842,0.5765258215962441,-41.74178403755869,1379.127035830619,-1976.139689578714,87182.0,84837.0,0.87182,5,2,0.4,213.0,65.73887738621644,0.3086332271653354,104,0.0,0.0,0.0,0.0,False,False,False
2044,140119.0,906225.0,766106.0,1.1828976669024913,0.5552837573385518,68.5513698630137,798.4361233480176,-842.8008800880089,21053.0,20072.0,0.21053,10,9,0.9,204.4,35.53364602739212,0.1738436694099419,103,0.014209350623398682,6.655536028119508,307.11275415896483,0.592104810490352,2012-01-10 01:30:00,2021-05-20 08:00:00,BIAS,7,1,2,45,34,7,14,14,3,2,152,103,41,127,4,4,1750,2000,1058,-86747.0,837147.0,923894.0,0.9061071941153422,0.4555765595463138,-81.9914933837429,1736.819502074689,-1603.982638888889,115871.0,115796.0,1.15871,5,1,0.2,211.6,66.61111018441294,0.314797307109702,103,0.0,0.0,0.0,0.0,False,False,False
1831,125226.0,688934.0,563708.0,1.222146927132487,0.616602949208083,68.39213544511196,610.2161204605845,-803.002849002849,21559.0,19303.0,0.21559,10,10,1.0,183.1,40.73929307192259,0.2224975044889273,66,0.007913692044783033,5.808525441810844,315.2263028444572,0.583755929416268,2012-01-10 01:30:00,2021-05-20 03:00:00,BIAS,7,1,2,45,2,7,14,14,1,2,152,103,104,141,4,2,3000,1000,700,13630.0,497339.0,483709.0,1.0281780988156102,0.7342857142857143,19.47142857142857,967.5856031128404,-2600.5860215053763,47325.0,46265.0,0.47325,5,2,0.4,140.0,44.66318394382559,0.31902274245589707,63,0.0727072633895818,0.2880084521922874,2430.4842259721204,0.11217393410361663,False,False,False
1831,131956.0,694891.0,562935.0,1.2344071695666463,0.6204259967231022,72.06772255598034,611.699823943662,-809.9784172661871,24329.0,23679.0,0.24329,10,10,1.0,183.1,40.73929307192259,0.2224975044889273,66,0.007510079117281518,5.423815199967118,337.58524811300737,0.5790527329949519,2012-01-10 01:30:00,2021-05-20 03:00:00,BIAS,7,1,2,45,2,7,14,14,1,2,152,103,104,141,4,2,5000,1000,700,14250.0,522846.0,508596.0,1.0280183092277564,0.7728571428571429,20.357142857142858,966.4436229205176,-3198.7169811320755,48375.0,44620.0,0.48375,5,2,0.4,140.0,44.66318394382559,0.31902274245589707,63,0.06954385964912281,0.29457364341085274,2376.315789473684,0.11599673957634216,False,False,False
1943,153718.0,919447.0,765729.0,1.2007472617597088,0.5826042202779207,79.11374163664436,812.232332155477,-944.1787916152898,29353.0,26688.0,0.29353,10,10,1.0,194.3,35.31019682754544,0.18173029761989418,89,0.01295228925695104,5.236875276803053,371.02277547196815,0.5787155132741191,2012-01-10 01:30:00,2021-05-20 08:00:00,BIAS,7,1,2,45,34,7,14,14,3,2,152,103,41,127,4,4,5000,2000,919,8569.0,980276.0,971707.0,1.0088185018735072,0.6104461371055495,9.324265505984766,1747.3725490196077,-2714.2653631284916,59528.0,56444.0,0.59528,5,3,0.6,183.8,52.829537192748525,0.2874294733011345,101,0.23234916559691912,0.1439490659857546,6384.202590734041,0.04789535897741313,False,False,False
2018,135103.0,880666.0,745563.0,1.18120936795415,0.5827552031714569,66.94895936570862,748.8656462585034,-885.4667458432305,21667.0,20272.0,0.21667,10,9,0.9,201.8,35.58314207598873,0.176328751615405,100,0.011036024366594377,6.235427147274657,323.6346047089998,0.5700118524200768,2012-01-10 01:30:00,2021-05-20 08:00:00,BIAS,7,1,2,45,34,7,14,14,3,2,152,103,41,127,4,4,2500,1500,1057,-36413.0,869241.0,905654.0,0.9597936960472764,0.5969725638599811,-34.44938505203406,1377.5610142630744,-2125.9483568075116,83382.0,80922.0,0.83382,5,2,0.4,211.4,65.31033608855493,0.3089419871738644,104,0.0,0.0,0.0,0.0,False,False,False
1831,139291.0,817986.0,678695.0,1.2052335732545547,0.5849262697979246,76.07373020207537,763.7591036414566,-893.0197368421053,28609.0,27524.0,0.28609,10,9,0.9,183.1,40.73929307192259,0.2224975044889273,66,0.014293816542346597,4.8687825509455065,376.0693727520084,0.5636672730772425,2012-01-10 01:30:00,2021-05-20 08:00:00,BIAS,7,1,2,45,2,7,14,14,1,2,152,103,104,141,4,2,4000,2000,700,13135.0,760173.0,747038.0,1.0175827735670742,0.6185714285714285,18.764285714285716,1755.5958429561201,-2797.895131086142,48937.0,43806.0,0.48937,5,3,0.6,140.0,44.66318394382559,0.31902274245589707,63,0.15157974876284735,0.2684063183276457,2607.98629615531,0.10630478489053646,False,False,False
2255,158840.0,870480.0,711640.0,1.2232027429599235,0.4634146341463415,70.4390243902439,832.9952153110048,-588.1322314049587,25279.0,24969.0,0.25279,10,9,0.9,225.5,42.28061021319347,0.1874971628079533,107,0.047160664819944596,6.28347640333874,358.8777700831025,0.5552298855442418,2012-01-10 01:30:00,2021-05-20 08:00:00,BIAS,7,1,2,45,34,7,14,14,3,2,152,103,41,127,4,4,750,7500,1091,38756.0,685271.0,646515.0,1.059946018267171,0.2071494042163153,35.523373052245645,3032.1725663716816,-747.4161849710982,42790.0,40991.0,0.4279,5,2,0.4,218.2,68.88367005321363,0.3156905135344346,102,0.19328620084632056,0.9057256368310352,1204.559036020229,0.21521993722413377,True,False,False
1831,134011.0,798750.0,664739.0,1.201599424736626,0.56799563080284,73.19006007646095,768.0288461538462,-840.378002528445,27609.0,26524.0,0.27609,10,8,0.8,183.1,40.73929307192259,0.2224975044889273,66,0.0185880263560454,4.853888224854214,377.2233547992329,0.5520344897805068,2012-01-10 01:30:00,2021-05-20 08:00:00,BIAS,7,1,2,41,2,7,14,14,3,1,152,103,104,141,4,2,4000,2500,700,3180.0,793693.0,790513.0,1.004022704243953,0.5828571428571429,4.542857142857143,1945.325980392157,-2707.236301369863,58132.0,56648.0,0.58132,5,3,0.6,140.0,44.66318394382559,0.31902274245589707,63,0.7833333333333333,0.05470308952040184,12796.352201257861,0.02361352889350677,False,False,False
1831,137106.0,799641.0,662535.0,1.2069415200706377,0.5685417804478428,74.8803932277444,768.1469740634005,-838.6518987341772,29224.0,28139.0,0.29224,10,8,0.8,183.1,40.73929307192259,0.2224975044889273,66,0.018168424430732424,4.691554886394744,390.27572826863883,0.548956249721341,2012-01-10 01:30:00,2021-05-20 08:00:00,BIAS,7,1,2,41,2,7,14,14,3,1,152,103,104,141,4,2,5000,2500,700,25245.0,816754.0,791509.0,1.0318947731485049,0.5985714285714285,36.06428571428572,1949.293556085919,-2816.7580071174375,48507.0,43207.0,0.48507,5,3,0.6,140.0,44.66318394382559,0.31902274245589707,63,0.09867300455535749,0.5204403488156348,1345.014854426619,0.20521758575175608,False,False,False
2255,158010.0,869650.0,711640.0,1.2220364229104603,0.4634146341463415,70.0709534368071,832.200956937799,-588.1322314049587,25813.0,24969.0,0.25813,10,9,0.9,225.5,42.28061021319347,0.1874971628079533,107,0.05582558065945193,6.1213342114438465,368.38374153534585,0.5465856595087415,2012-01-10 01:30:00,2021-05-20 08:00:00,BIAS,7,1,2,45,34,7,14,14,3,2,152,103,41,127,4,4,750,0,1090,48115.0,694630.0,646515.0,1.074422093841597,0.20642201834862386,44.142201834862384,3087.2444444444445,-747.4161849710982,51040.0,49241.0,0.5104,5,2,0.4,218.0,68.79825579184403,0.31558832932038544,102,0.35718590876026185,0.9426920062695925,1156.2631196092696,0.24487142372879778,True,False,False
1831,121621.0,731539.0,609918.0,1.199405493853272,0.5811032222829056,66.42326597487711,687.5366541353384,-795.1994784876141,23571.0,22366.0,0.23571,10,8,0.8,183.1,40.73929307192259,0.2224975044889273,66,0.012259395992468405,5.159772601926096,354.8605997319542,0.5422139273637185,2012-01-10 01:30:00,2021-05-20 08:00:00,BIAS,7,1,2,41,2,7,14,14,3,1,152,103,104,141,4,2,5000,1500,700,43230.0,668503.0,625273.0,1.0691378006086942,0.69,61.75714285714286,1384.064182194617,-2881.442396313364,43914.0,39129.0,0.43914,5,3,0.6,140.0,44.66318394382559,0.31902274245589707,63,0.03448993754337266,0.9844241016532314,711.0756419153365,0.3693389785212496,True,False,False
1831,122636.0,692898.0,570262.0,1.215052028716625,0.618787547788094,66.97760786455488,611.5604589585172,-816.9942693409743,24794.0,24144.0,0.24794,10,9,0.9,183.1,40.73929307192259,0.2224975044889273,66,0.008080824553964578,4.946196660482375,370.18342085521385,0.5330841635129486,2012-01-10 01:30:00,2021-05-20 03:00:00,BIAS,7,1,2,45,2,7,14,14,1,2,152,103,104,141,4,2,4000,1000,700,12730.0,514622.0,501892.0,1.0253640225387135,0.76,18.185714285714287,967.3345864661654,-2987.4523809523807,46110.0,42355.0,0.4611,5,3,0.6,140.0,44.66318394382559,0.31902274245589707,63,0.07784760408483897,0.27607894166124486,2535.5066771406127,0.10613832986111978,False,False,False
1831,132001.0,764069.0,632068.0,1.2088398716593785,0.5920262151829602,72.09229929000546,704.8607011070111,-846.1419009370817,28909.0,26653.0,0.28909,10,8,0.8,183.1,40.73929307192259,0.2224975044889273,66,0.011295368974477466,4.566086685807188,400.99983333459596,0.5313880570617355,2012-01-10 01:30:00,2021-05-20 08:00:00,BIAS,7,1,2,45,2,7,14,14,1,2,152,103,104,141,4,2,3000,1500,700,29155.0,641088.0,611933.0,1.0476441048284697,0.6542857142857142,41.65,1399.7554585152839,-2528.6487603305786,47300.0,46240.0,0.473,5,3,0.6,140.0,44.66318394382559,0.31902274245589707,63,0.05114045618247299,0.616384778012685,1135.6542617046819,0.24000698557870562,True,False,False
2255,149040.0,860680.0,711640.0,1.2094317351469843,0.4634146341463415,66.09312638580931,823.6172248803828,-588.1322314049587,25279.0,24969.0,0.25279,10,8,0.8,225.5,42.28061021319347,0.1874971628079533,107,0.041572732152442296,5.895802840302228,382.4754763821793,0.5209736976927336,2012-01-10 01:30:00,2021-05-20 08:00:00,BIAS,7,1,2,45,34,7,14,14,3,2,152,103,41,127,4,4,750,6000,1092,23542.0,669298.0,645756.0,1.0364564944034589,0.2087912087912088,21.55860805860806,2935.5175438596493,-747.4027777777778,45107.0,43203.0,0.45107,5,1,0.2,218.4,69.08719128753172,0.3163332934410793,102,0.2544813524764251,0.5219145587159421,2092.2964913771134,0.12721496186913833,False,False,False
1983,127728.0,928349.0,800621.0,1.1595361600557568,0.5743822491174987,64.41149773071105,815.0561896400351,-948.6030805687204,26015.0,23569.0,0.26015,10,10,1.0,198.3,34.15274513124824,0.17222766077281007,98,0.015587811599649254,4.909782817605228,403.88751878992855,0.5004848430233503,2012-01-10 01:30:00,2021-05-20 08:00:00,BIAS,7,1,2,45,34,7,14,14,3,2,152,103,41,127,4,4,3000,2000,991,-47679.0,963045.0,1010724.0,0.9528268844907215,0.5600403632694249,-48.112008072653886,1735.2162162162163,-2318.1743119266057,96885.0,94425.0,0.96885,5,1,0.2,198.2,61.016063458731914,0.30785097607836487,102,0.0,0.0,0.0,0.0,False,False,False
1831,120196.0,766967.0,646771.0,1.1858401196095683,0.571818678317859,65.64500273074823,732.5377268385864,-824.9630102040817,27054.0,25969.0,0.27054,10,8,0.8,183.1,40.73929307192259,0.2224975044889273,66,0.01656461113514593,4.442818067568567,412.1258111750807,0.5001789089315418,2012-01-10 01:30:00,2021-05-20 08:00:00,BIAS,7,1,2,41,2,7,14,14,3,1,152,103,104,141,4,2,5000,2000,700,15610.0,748740.0,733130.0,1.0212922674014158,0.6285714285714286,22.3,1701.6818181818182,-2819.730769230769,43781.0,39526.0,0.43781,5,2,0.4,140.0,44.66318394382559,0.31902274245589707,63,0.12754644458680334,0.3565473607272561,1963.2735426008967,0.13356770735106704,False,False,False
