n_trades,net_profit,gross_profit,gross_loss,profit_factor,win_rate,avg_trade,avg_win,avg_loss,max_dd,max_dd_closed,max_dd_pct,n_years,profitable_years,profitable_years_ratio,yearly_trades_mean,yearly_trades_std,yearly_trades_cv,min_yearly_trades,top_trade_pct,np_dd,recovery_trades,unger_score,first_trade,last_trade,engine,phase,p_bb_length,p_bb_num_devs,p_intraday_only,p_ptn_neut_yes,p_ptn_neut_no,p_ptn_dir_yes,p_ptn_dir_no,p_start_hour,p_end_hour,p_skip_day,p_stop_loss,p_take_profit,p_max_bars,oos_n_trades,oos_net_profit,oos_gross_profit,oos_gross_loss,oos_profit_factor,oos_win_rate,oos_avg_trade,oos_avg_win,oos_avg_loss,oos_max_dd,oos_max_dd_closed,oos_max_dd_pct,oos_n_years,oos_profitable_years,oos_profitable_years_ratio,oos_yearly_trades_mean,oos_yearly_trades_std,oos_yearly_trades_cv,oos_min_yearly_trades,oos_top_trade_pct,oos_np_dd,oos_recovery_trades,oos_unger_score,passes_oos_gate,passes_oos_hard,overall_pass
618,161964.46146683596,348926.97758513346,186962.51611829753,1.866293762137623,0.5372168284789643,262.0784166130032,1050.9848722443778,-653.7150913227186,9506.293015845236,8026.381751073903,0.09506293015845237,10,9,0.9,61.8,12.568213874691981,0.20336915654841395,29,0.0695876390156856,17.037604584339142,36.2727047068613,4.048825062412919,2012-01-10 13:30:00,2021-05-27 23:00:00,RBB_M,5,50,1.5,1,17,46,27,45,1,0,4,1750,0,0,282,-8019.609893474051,254018.43799320539,262038.04788667947,0.9693952463844402,0.36524822695035464,-28.438332955581743,2466.198427118499,-1463.899708864131,29315.567122784058,27185.60248827526,0.2931556712278406,5,2,0.4,56.4,17.3735431043872,0.30804154440402837,31,0.0,0.0,0.0,0.0,False,False,False
618,161704.6232656702,348667.13938396773,186962.51611829753,1.864903974459534,0.5372168284789643,261.6579664493045,1050.2022270601437,-653.7150913227186,9506.293015845236,8026.381751073903,0.09506293015845237,10,9,0.9,61.8,12.568213874691981,0.20336915654841395,29,0.06178549381105471,17.010271300930704,36.33099020391207,4.042329566971977,2012-01-10 13:30:00,2021-05-27 23:00:00,RBB_M,5,50,1.5,1,17,46,27,45,1,0,4,1750,10000,0,282,-13587.723407244019,248450.32447943545,262038.04788667947,0.9481459905657664,0.36524822695035464,-48.183416337744745,2412.1390726158784,-1463.899708864131,34294.868368139476,32164.90373363068,0.34294868368139475,5,1,0.2,56.4,17.3735431043872,0.30804154440402837,31,0.0,0.0,0.0,0.0,False,False,False
618,157870.01259955624,348926.97758513346,191056.96498557721,1.826298128474268,0.5372168284789643,255.4530948212884,1050.9848722443778,-668.0313461034168,9363.687345492566,8317.74293293264,0.09363687345492566,10,9,0.9,61.8,12.568213874691981,0.20336915654841395,29,0.0713924341446197,16.85981246218678,36.65521199515425,3.976409211126232,2012-01-10 13:30:00,2021-05-27 23:00:00,RBB_M,5,50,1.5,1,17,46,27,45,1,0,4,2000,0,0,282,10479.45149083832,281428.35946670704,270948.90797586873,1.0386768545004494,0.38652482269503546,37.16117549942667,2581.9115547404317,-1566.1786588200505,28637.80690688124,25459.38716163161,0.2863780690688124,5,3,0.6,56.4,17.3735431043872,0.30804154440402837,31,1.3035989464095765,0.3659306568032018,770.6378100801217,0.3307675677626601,False,False,False
618,157610.17439839052,348667.13938396773,191056.96498557721,1.8249381246597758,0.5372168284789643,255.03264465758983,1050.2022270601437,-668.0313461034168,9363.687345492566,8317.74293293264,0.09363687345492566,10,9,0.9,61.8,12.568213874691981,0.20336915654841395,29,0.06339057765868461,16.832062902469712,36.715642258520965,3.969864440529813,2012-01-10 13:30:00,2021-05-27 23:00:00,RBB_M,5,50,1.5,1,17,46,27,45,1,0,4,2000,10000,0,282,4911.337977068353,275860.2459529371,270948.90797586873,1.0181264357688637,0.38652482269503546,17.416092117263663,2530.827944522359,-1566.1786588200505,28637.80690688124,25459.38716163161,0.2863780690688124,5,3,0.6,56.4,17.3735431043872,0.30804154440402837,31,2.034272543785262,0.17149839696308,1644.3302386127182,0.15501873533700827,False,False,False
618,157453.07688206938,344415.5930003668,186962.51611829753,1.8421638740807456,0.5372168284789643,254.77844155674657,1037.3963644589362,-653.7150913227186,9506.293015845236,8026.381751073903,0.09506293015845237,10,9,0.9,61.8,12.568213874691981,0.20336915654841395,29,0.04757607884417957,16.563036361242407,37.31199923258777,3.9360484272945637,2012-01-10 13:30:00,2021-05-27 23:00:00,RBB_M,5,50,1.5,1,17,46,27,45,1,0,4,1750,7500,0,282,-8435.58698717258,251843.46089950687,260279.04788667947,0.9675902188222031,0.36879432624113473,-29.91342903252688,2421.5717394183353,-1462.241842059997,36666.99041791366,34449.33560102472,0.3666699041791366,5,2,0.4,56.4,17.3735431043872,0.30804154440402837,31,0.0,0.0,0.0,0.0,False,False,False
618,148969.8437519572,334173.3598702547,185203.51611829753,1.8043575352900085,0.5388349514563107,241.05152710672687,1003.523603213978,-649.8368986606931,8718.326748531224,7817.7429329326405,0.08718326748531224,10,9,0.9,61.8,12.568213874691981,0.20336915654841395,29,0.033503425084544514,17.0869764404109,36.1678967695199,3.888630435835182,2012-01-10 13:30:00,2021-05-27 23:00:00,RBB_M,5,50,1.5,1,17,46,27,45,1,0,4,1750,5000,0,282,3966.8697122048543,258968.91759888432,255002.04788667947,1.0155562268816276,0.37943262411347517,14.06691387306686,2420.270257933498,-1457.154559352454,28120.61705516284,25902.962238273903,0.2812061705516284,5,3,0.6,56.4,17.3735431043872,0.30804154440402837,31,1.2581708909279796,0.1410662399200999,1999.0608678570093,0.12635422257074222,False,False,False
618,153358.6280147897,344415.5930003668,191056.96498557721,1.802685356309133,0.5372168284789643,248.15311976503187,1037.3963644589362,-668.0313461034168,9363.687345492566,8317.74293293264,0.09363687345492566,10,9,0.9,61.8,12.568213874691981,0.20336915654841395,29,0.04884628988254628,16.378016731689844,37.73350645101193,3.862777046775287,2012-01-10 13:30:00,2021-05-27 23:00:00,RBB_M,5,50,1.5,1,17,46,27,45,1,0,4,2000,7500,0,282,3959.79080126551,274908.69877713424,270948.90797586873,1.0146145294729079,0.38652482269503546,14.041811352005354,2522.098153918663,-1566.1786588200505,29070.707191394875,26447.317335233623,0.29070707191394873,5,2,0.4,56.4,17.3735431043872,0.30804154440402837,31,1.8917666048433546,0.13621240017296982,2070.296093761664,0.1240505489259709,False,False,False
618,146646.7151880777,333609.2313063752,186962.51611829753,1.784364257781433,0.5372168284789643,237.292419398184,1004.847082248118,-653.7150913227186,8718.326748531239,7817.7429329326405,0.0871832674853124,10,9,0.9,61.8,12.568213874691981,0.20336915654841395,29,0.040853284659778485,16.82051148321357,36.740856579584275,3.8279887098835723,2012-01-10 13:30:00,2021-05-27 23:00:00,RBB_M,5,50,1.5,1,17,46,27,45,1,0,4,1750,6000,0,282,5972.738221860738,264492.7861085402,258520.04788667947,1.023103578506526,0.3723404255319149,21.17992277255581,2518.9789153194306,-1460.565242297624,38263.06039773994,36045.405580851,0.38263060397739934,5,3,0.6,56.4,17.3735431043872,0.30804154440402837,31,1.0030575219373288,0.15609671991144564,1806.5722339327815,0.16309395906609123,False,False,False
618,153631.34882917348,350347.9121729057,196716.5633437322,1.7809782065007211,0.5388349514563107,248.59441558118687,1052.095832351068,-690.2335555920429,9621.288064676803,8817.74293293264,0.09621288064676803,10,9,0.9,61.8,12.568213874691981,0.20336915654841395,29,0.07336213971834811,15.967856673287773,38.702752200540274,3.8174918119351693,2012-01-10 13:30:00,2021-05-27 23:00:00,RBB_M,5,50,1.5,1,17,46,27,45,1,0,4,2250,0,0,282,24713.825381626404,299836.0662054673,275122.24082384096,1.0898285260676197,0.4078014184397163,87.63767865824965,2607.270140917107,-1647.438567807431,29011.237490140367,23190.36837733761,0.2901123749014037,5,4,0.8,56.4,17.3735431043872,0.30804154440402837,31,0.5527675991659077,0.8518707755925798,331.03612435094357,0.7750167575684909,False,False,False
618,153371.51062800773,350088.07397173997,196716.5633437322,1.7796573304303533,0.5388349514563107,248.17396541748823,1051.3155374526725,-690.2335555920429,9621.288064676832,8817.74293293264,0.09621288064676832,10,9,0.9,61.8,12.568213874691981,0.20336915654841395,29,0.0651424763249056,15.940850081299308,38.76832144133859,3.8110352507389123,2012-01-10 13:30:00,2021-05-27 23:00:00,RBB_M,5,50,1.5,1,17,46,27,45,1,0,4,2250,10000,0,282,19145.711867856437,294267.95269169734,275122.24082384096,1.0695898369049532,0.4078014184397163,67.89259527608665,2558.8517625364984,-1647.438567807431,29011.237490140367,23190.36837733761,0.2901123749014037,5,3,0.6,56.4,17.3735431043872,0.30804154440402837,31,0.5218400897787353,0.6599412339567802,427.3107747931209,0.600402701890021,False,False,False
618,150224.88559680726,339164.35987025476,188939.47427344747,1.7950952873902386,0.540453074433657,243.0823391534098,1015.462155300164,-665.2798389910122,9363.687345492552,8317.74293293264,0.09363687345492552,10,9,0.9,61.8,12.568213874691981,0.20336915654841395,29,0.03322352338743318,16.043347033486953,38.52064028223419,3.7838447529788084,2012-01-10 13:30:00,2021-05-27 23:00:00,RBB_M,5,50,1.5,1,17,46,27,45,1,0,4,2000,5000,0,282,10654.222359953084,275576.1303358218,264921.90797586873,1.0402164639434939,0.3971631205673759,37.78093035444356,2460.501163712695,-1558.3641645639336,22450.615539292266,20232.96072240333,0.22450615539292265,5,4,0.8,56.4,17.3735431043872,0.30804154440402837,31,0.46845277218542847,0.47456259456701505,594.2314106262278,0.3798060483242114,False,False,False
618,149119.9642444069,345836.5275881392,196716.5633437322,1.7580447813326352,0.5388349514563107,241.29444052493025,1038.5481308953129,-690.2335555920429,9621.288064676803,8817.74293293264,0.09621288064676803,10,9,0.9,61.8,12.568213874691981,0.20336915654841395,29,0.05023472234557599,15.49896055933298,39.873641695788436,3.7053911642217474,2012-01-10 13:30:00,2021-05-27 23:00:00,RBB_M,5,50,1.5,1,17,46,27,45,1,0,4,2250,7500,0,282,20728.591043311455,295850.83186715236,275122.24082384096,1.0753432037382387,0.4078014184397163,73.50564199755836,2572.6159292795855,-1647.438567807431,29120.48291249772,26902.828095608784,0.2912048291249772,5,3,0.6,56.4,17.3735431043872,0.30804154440402837,31,0.36138490958444275,0.7118216791114858,396.1666359361233,0.6488207690220482,False,False,False
618,142975.8886641594,328179.4047824569,185203.51611829753,1.771993381447653,0.5388349514563107,231.3525706539796,985.5237380854562,-649.8368986606931,8848.61976437646,7817.7429329326405,0.08848619764376461,10,9,0.9,61.8,12.568213874691981,0.20336915654841395,29,0.03141089061911028,16.157987626473012,38.24733712430116,3.7045880159012197,2012-01-10 13:30:00,2021-05-27 23:00:00,RBB_M,5,50,1.5,1,17,46,27,45,1,0,4,1750,4500,0,282,3924.7401991655643,258725.65526555124,254800.9150663857,1.0154031636744436,0.3829787234042553,13.91751843675732,2395.6079191254744,-1464.3730750941706,29923.342362197036,27705.6875453081,0.29923342362197036,5,3,0.6,56.4,17.3735431043872,0.30804154440402837,31,1.1442795630026232,0.131159820038145,2150.0486956903906,0.1211881370018384,False,False,False
618,138608.54766604106,323303.73703580734,184695.18936976627,1.7504718890568496,0.540453074433657,224.2856758350179,967.9752605862495,-650.3351738372052,8558.451233129774,7817.7429329326405,0.08558451233129774,10,9,0.9,61.8,12.568213874691981,0.20336915654841395,29,0.028793318068780188,16.195517610649837,38.15870630733136,3.6518026751539763,2012-01-10 13:30:00,2021-05-27 23:00:00,RBB_M,5,50,1.5,1,17,46,27,45,1,0,4,1750,4000,0,282,3517.9979896535515,254800.91305603925,251282.9150663857,1.0140001479556386,0.3900709219858156,12.475170176076423,2316.371936873084,-1460.9471806185215,24131.928196513298,21945.84780545433,0.24131928196513297,5,3,0.6,56.4,17.3735431043872,0.30804154440402837,31,1.1344520411147334,0.1457818853514511,1934.3967141058313,0.12096335425098959,False,False,False
618,143730.93050900946,332670.4047824569,188939.47427344747,1.760724729767117,0.540453074433657,232.5743212119894,996.01917599538,-665.2798389910122,9363.687345492566,8317.74293293264,0.09363687345492566,10,9,0.9,61.8,12.568213874691981,0.20336915654841395,29,0.03124588412595361,15.349821625366182,40.261054172690244,3.620275862329133,2012-01-10 13:30:00,2021-05-27 23:00:00,RBB_M,5,50,1.5,1,17,46,27,45,1,0,4,2000,4500,0,282,15612.092846913794,278323.86800248874,262711.77515557496,1.0594266961869847,0.40425531914893614,55.36203137203473,2441.437438618322,-1563.760566402232,25253.340846326464,23035.68602943753,0.25253340846326466,5,4,0.8,56.4,17.3735431043872,0.30804154440402837,31,0.28766162512848387,0.6182189098035654,456.14910111630763,0.5247542341637663,False,False,False
618,146236.22182642447,340585.294458027,194349.0726316025,1.7524410579700676,0.5420711974110033,236.62819065764478,1016.6725207702299,-686.7458396876414,9850.70715664688,8817.74293293264,0.0985070715664688,10,9,0.9,61.8,12.568213874691981,0.20336915654841395,29,0.03412971107749271,14.845251158212522,41.62947419438687,3.5911713975106028,2012-01-10 13:30:00,2021-05-27 23:00:00,RBB_M,5,50,1.5,1,17,46,27,45,1,0,4,2250,5000,0,282,30196.43456077377,298541.67538461473,268345.2408238409,1.1125283029729478,0.41843971631205673,107.07955518004883,2530.014198174701,-1636.2514684380542,23532.13469043676,21314.479873547825,0.2353213469043676,5,4,0.8,56.4,17.3735431043872,0.30804154440402837,31,0.16528441428921162,1.2831999713585407,219.76309717451358,1.0514273028624377,False,False,False
618,142552.26632079802,333609.2313063752,191056.96498557721,1.7461244154671836,0.5372168284789643,230.6670976064693,1004.847082248118,-668.0313461034168,9363.687345492566,8317.74293293264,0.09363687345492566,10,9,0.9,61.8,12.568213874691981,0.20336915654841395,29,0.04202669066318399,15.223945552754808,40.59394444485329,3.590587823051421,2012-01-10 13:30:00,2021-05-27 23:00:00,RBB_M,5,50,1.5,1,17,46,27,45,1,0,4,2000,6000,0,282,15160.090869608968,284099.9988454777,268939.90797586873,1.0563698076038952,0.3900709219858156,53.759187480882865,2582.7272622316154,-1563.6041161387716,32043.556934972512,29447.317335233623,0.3204355693497251,5,3,0.6,56.4,17.3735431043872,0.30804154440402837,31,0.3951823278322163,0.47310886554741877,596.0573147867501,0.4523615585989723,False,False,False
618,138863.5895108911,327294.73703580734,188431.14752491622,1.736946048118341,0.5420711974110033,224.69836490435452,976.9992150322607,-665.8344435509407,9058.451233129774,8317.74293293264,0.09058451233129773,10,9,0.9,61.8,12.568213874691981,0.20336915654841395,29,0.02874043522896969,15.329727559057854,40.31382799329941,3.556119048863447,2012-01-10 13:30:00,2021-05-27 23:00:00,RBB_M,5,50,1.5,1,17,46,27,45,1,0,4,2000,4000,0,282,13705.350637401782,272399.1257929767,258693.77515557496,1.0529790507296108,0.41134751773049644,48.600534175183626,2348.268325801523,-1558.3962358769575,22518.02118994452,18895.24098858877,0.2251802118994452,5,3,0.6,56.4,17.3735431043872,0.30804154440402837,31,0.29120013822255636,0.6086392104259117,463.32867677496967,0.4878421102101544,False,False,False
618,152261.43263368635,352531.557004197,200270.12437051063,1.7602803119650259,0.540453074433657,246.37772270823032,1055.4837036053802,-705.1764942623614,11336.355923842872,8849.204781282635,0.11336355923842871,10,9,0.9,61.8,12.568213874691981,0.20336915654841395,29,0.07402218856720887,13.431250188029715,46.01209800639243,3.4855238190436943,2012-01-10 13:30:00,2021-05-27 23:00:00,RBB_M,5,50,1.5,1,17,46,27,45,1,0,4,2500,0,0,282,23223.759304125917,309127.6478543736,285903.88855024776,1.0812292530258618,0.4148936170212766,82.35375639760963,2642.1166483279794,-1732.7508396984713,25964.833314063377,23673.194865052646,0.2596483331406338,5,2,0.4,56.4,17.3735431043872,0.30804154440402837,31,0.5882338747792695,0.8944312880124361,315.28414063717224,0.7698285238436775,False,False,False
618,139742.26673862667,334091.33937022917,194349.0726316025,1.719027185704737,0.5420711974110033,226.12017271622437,997.2875802096393,-686.7458396876414,9558.451233129774,8817.74293293264,0.09558451233129774,10,9,0.9,61.8,12.568213874691981,0.20336915654841395,29,0.03213773545265261,14.619760391126682,42.27155462651008,3.4837653782277624,2012-01-10 13:30:00,2021-05-27 23:00:00,RBB_M,5,50,1.5,1,17,46,27,45,1,0,4,2250,4500,0,282,33904.30504773448,299789.41305128165,265885.1080035471,1.127514870247198,0.425531914893617,120.22803208416482,2498.2451087606805,-1641.266098787328,26334.859997470958,24117.205180582023,0.26334859997470955,5,4,0.8,56.4,17.3735431043872,0.30804154440402837,31,0.1324610545379721,1.2874306167183136,219.0409303134515,1.1159470443538857,True,False,False
618,152001.59443252062,352271.71880303125,200270.12437051063,1.7589828733081996,0.540453074433657,245.95727254453175,1054.7057449192553,-705.1764942623614,11336.3559238429,8849.204781282664,0.113363559238429,10,9,0.9,61.8,12.568213874691981,0.20336915654841395,29,0.06572957367519845,13.408329400881561,46.09075310749512,3.4795756795602033,2012-01-10 13:30:00,2021-05-27 23:00:00,RBB_M,5,50,1.5,1,17,46,27,45,1,0,4,2500,10000,0,282,17655.64579035595,303559.5343406037,285903.88855024776,1.0617537798449808,0.4148936170212766,62.60867301544663,2594.525934535074,-1732.7508396984713,29818.70491544214,27601.050098553205,0.2981870491544214,5,2,0.4,56.4,17.3735431043872,0.30804154440402837,31,0.5658813117703906,0.592099685094394,476.2711534883571,0.5461267697717033,False,False,False
618,138313.60255041523,335030.1658941475,196716.5633437322,1.7031111168241249,0.5388349514563107,223.8084183663677,1006.0965942767191,-690.2335555920429,9621.288064676803,8817.74293293264,0.09621288064676803,10,9,0.9,61.8,12.568213874691981,0.20336915654841395,29,0.043314611791824914,14.37578852442991,42.98894623761221,3.4368704645207155,2012-01-10 13:30:00,2021-05-27 23:00:00,RBB_M,5,50,1.5,1,17,46,27,45,1,0,4,2250,6000,0,282,30678.891111654913,303542.1319354958,272863.24082384096,1.112433213865773,0.41134751773049644,108.79039401296069,2616.742516685309,-1643.7544627942227,32674.57803301386,30456.923216124924,0.32674578033013857,5,3,0.6,56.4,17.3735431043872,0.30804154440402837,31,0.19528085217278335,0.9389223352986369,300.3443303010851,0.9065440472445017,False,False,False
618,144381.86178377067,333033.6264084857,188651.7646247149,1.7653353366240159,0.529126213592233,233.62760806435384,1018.451456906684,-648.2878509440375,10737.074105661188,8506.068433131324,0.10737074105661187,10,9,0.9,61.8,12.568213874691981,0.20336915654841395,29,0.07806191400138181,13.447039702151674,45.958070600558514,3.3961318438735892,2012-01-10 13:30:00,2021-05-27 23:00:00,RBB_M,5,50,1.5,1,17,46,27,45,1,0,4,1500,0,0,282,-11336.438376516497,239186.49026726926,250522.92864378577,0.9547488988816845,0.3333333333333333,-40.20013608693793,2544.5371305028643,-1332.5687693818393,28322.79135602963,25007.5737353558,0.2832279135602963,5,2,0.4,56.4,17.3735431043872,0.30804154440402837,31,0.0,0.0,0.0,0.0,False,False,False
618,147750.0480489198,348020.17241943046,200270.12437051063,1.737753813821847,0.540453074433657,239.07774765197377,1041.9765641300312,-705.1764942623614,11336.355923842872,8849.204781282635,0.11336355923842871,10,9,0.9,61.8,12.568213874691981,0.20336915654841395,29,0.0507004911262008,13.033292977169909,47.417026616568435,3.3822505333857245,2012-01-10 13:30:00,2021-05-27 23:00:00,RBB_M,5,50,1.5,1,17,46,27,45,1,0,4,2500,7500,0,282,19059.846268860812,304963.7348191085,285903.88855024776,1.0666652222378254,0.4148936170212766,67.58810733638586,2606.5276480265684,-1732.7508396984713,34717.52432323083,32499.869506341893,0.34717524323230825,5,3,0.6,56.4,17.3735431043872,0.30804154440402837,31,0.39302520567747107,0.5489978516730566,513.6632122340959,0.5463856258735666,False,False,False
618,142723.45155840262,331375.2161831176,188651.7646247149,1.756544482063672,0.529126213592233,230.94409637281979,1013.3798660034178,-648.2878509440375,10737.074105661217,8506.068433131353,0.10737074105661217,10,9,0.9,61.8,12.568213874691981,0.20336915654841395,29,0.07000251108635548,13.292583263735734,46.492091697932146,3.3571229288547935,2012-01-10 13:30:00,2021-05-27 23:00:00,RBB_M,5,50,1.5,1,17,46,27,45,1,0,4,1500,10000,0,282,-16904.551890286464,233618.37675349932,250522.92864378577,0.9325229351987868,0.3333333333333333,-59.945219469100934,2485.301880356376,-1332.5687693818393,29374.23736788449,26758.1045616744,0.29374237367884487,5,2,0.4,56.4,17.3735431043872,0.30804154440402837,31,0.0,0.0,0.0,0.0,False,False,False
618,140971.90517480177,329623.66979951673,188651.7646247149,1.7472599339594694,0.529126213592233,228.10987892362746,1008.0234550443937,-648.2878509440375,10737.074105661188,8506.068433131324,0.10737074105661187,10,9,0.9,61.8,12.568213874691981,0.20336915654841395,29,0.05313824758707304,13.129452566642291,47.06974619567451,3.3159232769326126,2012-01-10 13:30:00,2021-05-27 23:00:00,RBB_M,5,50,1.5,1,17,46,27,45,1,0,4,1500,7500,0,282,-12002.415470215026,237011.51317357074,249013.92864378577,0.9518002244469446,0.33687943262411346,-42.56175698657811,2494.858033406008,-1331.6252868651645,30141.89560556649,27726.78836606424,0.3014189560556649,5,3,0.6,56.4,17.3735431043872,0.30804154440402837,31,0.0,0.0,0.0,0.0,False,False,False
618,145052.1616916065,323686.78297781764,178634.62128621113,1.8120047538780386,0.5226537216828478,234.7122357469361,1002.1262630892187,-605.5410891058004,11562.293015845222,9244.529021303999,0.11562293015845222,10,9,0.9,61.8,12.568213874691981,0.20336915654841395,29,0.07770118243316249,12.54527639913846,49.26156908288133,3.2878886378428183,2012-01-10 13:30:00,2021-05-27 23:00:00,RBB_M,5,50,1.5,1,17,46,27,45,1,0,4,1250,0,0,282,12104.025552631567,232871.6668544131,220767.64130178152,1.0548269913165662,0.32269503546099293,42.922076427771515,2559.029306092452,-1155.8515251402173,22486.432515815468,18859.031525244987,0.2248643251581547,5,3,0.6,56.4,17.3735431043872,0.30804154440402837,31,1.1286329381085145,0.5382812744582048,523.8896714061638,0.431145441107732,False,False,False
618,145116.30563093734,342768.9392893183,197652.6336583809,1.7341986946743837,0.5436893203883495,234.8160285290248,1020.1456526467806,-700.8958640368116,11600.70715664691,9113.556014086673,0.1160070715664691,10,9,0.9,61.8,12.568213874691981,0.20336915654841395,29,0.03439310267926204,12.509263760510443,49.40338710827394,3.283891966666644,2012-01-10 13:30:00,2021-05-27 23:00:00,RBB_M,5,50,1.5,1,17,46,27,45,1,0,4,2500,5000,0,282,26777.689786323128,305154.5783365709,278376.88855024776,1.0961922159766135,0.425531914893617,94.95634676001109,2542.954819471424,-1718.375855248443,28629.17610116987,26411.521284280934,0.2862917610116987,5,3,0.6,56.4,17.3735431043872,0.30804154440402837,31,0.18638650457998748,0.935328690273728,301.49828924575326,0.845323470588689,False,False,False
618,134874.92574050833,328715.6716235796,193840.74588307124,1.6958027587340574,0.5436893203883495,218.24421640858952,978.3204512606535,-687.3785315002526,10216.493197631266,8817.74293293264,0.10216493197631266,10,9,0.9,61.8,12.568213874691981,0.20336915654841395,29,0.029590377737656416,13.201685072504098,46.812205912042536,3.2523342529518224,2012-01-10 13:30:00,2021-05-27 23:00:00,RBB_M,5,50,1.5,1,17,46,27,45,1,0,4,2250,4000,0,282,30082.95003358958,293074.06201542006,262991.1119818305,1.1143877061353615,0.4326241134751773,106.67712777868645,2402.2464099624594,-1643.6944498864407,22081.563012481594,19755.45450078336,0.22081563012481595,5,3,0.6,56.4,17.3735431043872,0.30804154440402837,31,0.13266651028385806,1.3623560078869963,206.99435270034874,1.081333762476961,False,False,False
618,143393.7514662384,322028.37275244953,178634.62128621113,1.8027209419639363,0.5226537216828478,232.02872405540194,996.9918661066549,-605.5410891058004,11562.293015845222,9244.529021303999,0.11562293015845222,10,9,0.9,61.8,12.568213874691981,0.20336915654841395,29,0.0696752815087089,12.401843757957737,49.83130025351719,3.2502975528615203,2012-01-10 13:30:00,2021-05-27 23:00:00,RBB_M,5,50,1.5,1,17,46,27,45,1,0,4,1250,10000,0,282,6535.912038861599,227303.55334064312,220767.64130178152,1.0296053896319308,0.32269503546099293,23.17699304560851,2497.8412455015728,-1155.8515251402173,22486.432515815468,18859.031525244987,0.2248643251581547,5,3,0.6,56.4,17.3735431043872,0.30804154440402837,31,1.5286313433526861,0.29066024742985225,970.2049127583491,0.2328092143215665,False,False,False
618,138622.35054313953,336274.98420152045,197652.6336583809,1.7013433010092436,0.5436893203883495,224.30801058760443,1000.818405361668,-700.8958640368116,10966.493197631266,8670.743927045776,0.10966493197631265,10,9,0.9,61.8,12.568213874691981,0.20336915654841395,29,0.03239737302392945,12.64053586182697,48.89033240009169,3.226370599338862,2012-01-10 13:30:00,2021-05-27 23:00:00,RBB_M,5,50,1.5,1,17,46,27,45,1,0,4,2500,4500,0,282,30235.560273283838,305902.31600323773,275666.755729954,1.109681561685671,0.4326241134751773,107.21829884143204,2507.396032813424,-1722.9172233122124,31431.901408204067,29214.24659131513,0.31431901408204066,5,3,0.6,56.4,17.3735431043872,0.30804154440402837,31,0.1485337119407789,0.961938633002712,293.15799399773664,0.9109340588433777,False,False,False
618,141642.20508263755,320276.8263688487,178634.62128621113,1.7929157520685548,0.5226537216828478,229.19450660620961,991.5691218849804,-605.5410891058004,11562.293015845222,9244.529021303999,0.11562293015845222,10,9,0.9,61.8,12.568213874691981,0.20336915654841395,29,0.052886779019216526,12.250355953488459,50.44751371685783,3.210595356174925,2012-01-10 13:30:00,2021-05-27 23:00:00,RBB_M,5,50,1.5,1,17,46,27,45,1,0,4,1250,7500,0,282,11188.048458933037,230696.68976071454,219508.64130178152,1.0509686014754729,0.3262411347517731,39.673930705436305,2507.5727147903754,-1155.308638430429,21856.19612798281,18677.77638273318,0.2185619612798281,5,3,0.6,56.4,17.3735431043872,0.30804154440402837,31,0.6695537677993209,0.5118936704913997,550.895657157257,0.40422325558275113,False,False,False
618,134738.6720446896,321881.4366694045,187142.7646247149,1.7199779928168026,0.5307443365695793,218.02374117263687,981.345843504282,-645.3198780162583,10737.074105661217,8506.068433131339,0.10737074105661217,10,9,0.9,61.8,12.568213874691981,0.20336915654841395,29,0.0370420750350323,12.548918887841841,49.24727026475214,3.169305957679828,2012-01-10 13:30:00,2021-05-27 23:00:00,RBB_M,5,50,1.5,1,17,46,27,45,1,0,4,1500,5000,0,282,-3861.1896619933104,240625.73898179247,244486.92864378577,0.984206968922993,0.3475177304964539,-13.692161921962093,2455.364683487678,-1328.7333078466618,21061.93292399279,19361.224620688008,0.2106193292399279,5,3,0.6,56.4,17.3735431043872,0.30804154440402837,31,0.0,0.0,0.0,0.0,False,False,False
802,185556.14764622384,425578.2169408968,240022.0692946729,1.7730795263597963,0.5411471321695761,231.3667676386831,980.5949699099006,-652.2338839529154,12339.96691918475,11607.524292993068,0.1233996691918475,10,10,1.0,80.2,15.091719583930788,0.18817605466247864,41,0.026897518962916287,15.037005274118089,53.335088029822934,3.1372370563661427,2012-01-10 11:15:00,2021-05-31 19:00:00,RBB_M,5,10,1.5,1,29,46,52,-39,9,18,4,1750,5000,48,392,-61045.72120560858,354348.58684977714,415394.3080553857,0.8530415077390295,0.32908163265306123,-155.7288806265525,2746.888270153311,-1579.4460382334057,96043.03824516307,94883.49361753609,0.9604303824516307,5,2,0.4,78.4,24.137936945812083,0.30788184879862346,46,0.0,0.0,0.0,0.0,False,False,False
618,136943.6863549281,337213.81072543876,200270.12437051063,1.6837948834623724,0.540453074433657,221.59172549341116,1009.6221878007149,-705.1764942623614,11336.355923842872,8849.204781282635,0.11336355923842871,10,9,0.9,61.8,12.568213874691981,0.20336915654841395,29,0.043747909520068254,12.080044705274748,51.15875107069351,3.134874487921693,2012-01-10 13:30:00,2021-05-27 23:00:00,RBB_M,5,50,1.5,1,17,46,27,45,1,0,4,2500,6000,0,282,27760.14633720427,311155.034887452,283394.88855024776,1.0979557058322955,0.41843971631205673,98.44023523831302,2636.90707531739,-1728.0176131112669,38271.61944374697,36053.96462685803,0.3827161944374697,5,3,0.6,56.4,17.3735431043872,0.30804154440402837,31,0.2158129833764902,0.7253454842172842,388.7802518055302,0.757944799961594,False,False,False
618,127373.13270201965,303774.0219031254,176400.88920110575,1.722066273468769,0.5032362459546925,206.10539272171465,976.765343739953,-574.5957302967614,9812.293015845222,7281.047431959218,0.09812293015845222,10,9,0.9,61.8,12.568213874691981,0.20336915654841395,29,0.0884858858287733,12.980975241600838,47.608133325719756,3.134061074933842,2012-01-10 13:30:00,2021-05-27 23:00:00,RBB_M,5,50,1.5,1,17,46,27,45,1,0,4,1000,0,0,282,35315.652089276475,223413.18073194486,188097.52864266842,1.1877518133497973,0.29432624113475175,125.23280882722155,2691.7250690595765,-945.213711772203,23266.425234266426,19187.398400238235,0.23266425234266425,5,4,0.8,56.4,17.3735431043872,0.30804154440402837,31,0.38682570232237723,1.5178804536445993,185.7853820588352,1.236678029876879,True,False,False
618,119990.25092878079,302926.4402985471,182936.18936976627,1.655913142949787,0.5420711974110033,194.15898208540582,904.2580307419316,-646.4176302818596,8806.612369106166,7409.343596442974,0.08806612369106166,10,9,0.9,61.8,12.568213874691981,0.20336915654841395,29,0.024927025127860453,13.625017872900804,45.35773866610173,3.1164229984483987,2012-01-10 13:30:00,2021-05-27 23:00:00,RBB_M,5,50,1.5,1,17,46,27,45,1,0,4,1750,3000,0,282,135.1619824601512,245254.81568557012,245119.65370310994,1.0005514122609847,0.4078014184397163,0.4792978101423801,2132.6505711788705,-1467.7823575036523,28074.92703153874,26292.833787249387,0.2807492703153874,5,2,0.4,56.4,17.3735431043872,0.30804154440402837,31,22.129003626310485,0.004814330676917282,58575.120598190944,0.0043087319921385914,False,False,False
618,146048.61334243126,352531.557004197,206482.94366176572,1.7073156298162315,0.540453074433657,236.32461705895025,1055.4837036053802,-727.0526185273441,13136.004573295184,10983.862091722927,0.13136004573295185,10,9,0.9,61.8,12.568213874691981,0.20336915654841395,29,0.07717104750250742,11.11819142019336,55.584579959431224,3.1058513930033596,2012-01-10 13:30:00,2021-05-27 23:00:00,RBB_M,5,50,1.5,1,17,46,27,45,1,0,4,3000,0,0,282,16900.262565208424,317264.96155594895,300364.6989907406,1.0562658082723941,0.4397163120567376,59.93000909648377,2558.5883996447496,-1901.0423986755734,30383.5166814048,28165.861864515864,0.303835166814048,5,2,0.4,56.4,17.3735431043872,0.30804154440402837,31,0.8083307504659839,0.5562312862734436,506.9833484004505,0.5178794508116589,False,False,False
618,145788.7751412655,352271.71880303125,206482.94366176572,1.706057229502105,0.540453074433657,235.90416689525162,1054.7057449192553,-727.0526185273441,13136.004573295213,10983.862091722956,0.13136004573295212,10,9,0.9,61.8,12.568213874691981,0.20336915654841395,29,0.06853065327093244,11.098410808842607,55.68364792440477,3.1003257065858207,2012-01-10 13:30:00,2021-05-27 23:00:00,RBB_M,5,50,1.5,1,17,46,27,45,1,0,4,3000,10000,0,282,11332.149051438457,311696.84804217896,300364.6989907406,1.0377279656681218,0.4397163120567376,40.18492571432077,2513.684258404669,-1901.0423986755734,34311.37191490536,32093.717098016423,0.3431137191490536,5,2,0.4,56.4,17.3735431043872,0.30804154440402837,31,0.8816509520523632,0.33027385438107787,853.8368879621385,0.32677399137111723,False,False,False
618,131665.5434808101,320317.30810552504,188651.7646247149,1.697929032059321,0.529126213592233,213.0510412310843,979.5636333502295,-648.2878509440375,10737.074105661217,8506.068433131339,0.10737074105661217,10,9,0.9,61.8,12.568213874691981,0.20336915654841395,29,0.045501653975804024,12.262702313974742,50.396722041904155,3.097020217302419,2012-01-10 13:30:00,2021-05-27 23:00:00,RBB_M,5,50,1.5,1,17,46,27,45,1,0,4,1500,6000,0,282,-2355.3211523374266,245149.60749144835,247504.92864378577,0.9904837404037022,0.3404255319148936,-8.352202667863216,2553.641744702587,-1330.6716593751923,29142.19828868114,26924.543471792203,0.29142198288681137,5,3,0.6,56.4,17.3735431043872,0.30804154440402837,31,0.0,0.0,0.0,0.0,False,False,False
618,125714.72247665157,302115.61167775735,176400.88920110575,1.7126649023482563,0.5032362459546925,203.42188103018054,971.4328349767118,-574.5957302967614,9812.293015845222,7281.047431959218,0.09812293015845222,10,9,0.9,61.8,12.568213874691981,0.20336915654841395,29,0.07947358752556276,12.81196171716878,48.236172854922266,3.093255303549089,2012-01-10 13:30:00,2021-05-27 23:00:00,RBB_M,5,50,1.5,1,17,46,27,45,1,0,4,1000,10000,0,282,29747.538575506507,217845.06721817493,188097.52864266842,1.158149545026816,0.29432624113475175,105.48772544505853,2624.639364074397,-945.213711772203,23266.425234266426,19187.398400238235,0.23266425234266425,5,4,0.8,56.4,17.3735431043872,0.30804154440402837,31,0.3358597207846426,1.2785607705516704,220.5604977840227,1.0416946940762983,True,False,False
802,183866.6193080706,435037.6644213506,251171.04511327992,1.7320374815701607,0.5286783042394015,229.26012382552443,1026.0322274088458,-664.4736643208463,12514.96691918475,11782.524292993068,0.1251496691918475,10,9,0.9,80.2,15.091719583930788,0.18817605466247864,41,0.02714467704242456,14.691738339812412,54.58850283405199,3.086860648084723,2012-01-10 11:15:00,2021-05-31 19:00:00,RBB_M,5,10,1.5,1,29,46,52,-39,9,18,4,1750,5000,0,392,-63696.080302807066,355662.9507048734,419359.03100768046,0.8481108654086897,0.32142857142857145,-162.490000772467,2822.721830991059,-1576.5377105551897,93581.8329017683,92587.28827414132,0.935818329017683,5,1,0.2,78.4,24.137936945812083,0.30788184879862346,46,0.0,0.0,0.0,0.0,False,False,False
809,177880.89115902293,422265.6284392123,244384.7372801893,1.7278723423512368,0.5339925834363412,219.87749216195664,977.4667324981766,-648.2353774010326,11531.306350782164,9701.030391485081,0.11531306350782164,10,9,0.9,80.9,14.54957044039445,0.17984635896655685,44,0.028058100943164934,15.425909758000431,52.44423263791126,3.0842166299172677,2012-01-10 11:15:00,2021-05-31 19:00:00,RBB_M,5,10,1.5,1,29,46,52,-39,9,18,4,1500,5000,48,403,-48286.58276414931,340374.393617993,388660.9763821423,0.8757616902689181,0.31017369727047145,-119.8178232361025,2722.995148943944,-1398.061066122814,77488.85197151048,76002.06174878535,0.7748885197151048,5,1,0.2,80.6,23.871321706181245,0.29617024449356383,49,0.0,0.0,0.0,0.0,False,False,False
618,125131.6091778237,301998.9037155036,176867.29453767987,1.707488682432272,0.5258899676375405,202.47833200295096,929.2273960477033,-603.6426434733102,9837.104196388202,7006.068433131339,0.09837104196388202,10,9,0.9,61.8,12.568213874691981,0.20336915654841395,29,0.03189441921368098,12.720370413862966,48.58349088061844,3.0750223266993273,2012-01-10 13:30:00,2021-05-27 23:00:00,RBB_M,5,50,1.5,1,17,46,27,45,1,0,4,1250,4000,0,282,14449.540147119289,226404.18144890084,211954.64130178152,1.0681727942279218,0.3475177304964539,51.2395040677989,2310.24674947858,-1151.9273983792475,16649.99172711381,12967.688201351455,0.1664999172711381,5,4,0.8,56.4,17.3735431043872,0.30804154440402837,31,0.2762025614216975,0.8678406802802683,324.94443554884793,0.5981378169562686,False,False,False
809,177284.85111647286,431160.0759196661,253875.2248031932,1.6983148956496483,0.5216316440049443,219.1407306754918,1021.7063410418627,-656.0083328247887,11531.306350782164,9876.030391485081,0.11531306350782164,10,9,0.9,80.9,14.54957044039445,0.17984635896655685,44,0.028152433603709354,15.374220901211915,52.6205526249612,3.0738820931418362,2012-01-10 11:15:00,2021-05-31 19:00:00,RBB_M,5,10,1.5,1,29,46,52,-39,9,18,4,1500,5000,0,403,-50100.31234329362,342078.75747308927,392179.0698163829,0.8722514376742481,0.3027295285359802,-124.31839291139856,2803.924241582699,-1395.6550527273412,76013.66906539178,74526.87884266664,0.7601366906539178,5,1,0.2,80.6,23.871321706181245,0.29617024449356383,49,0.0,0.0,0.0,0.0,False,False,False
618,124205.01461161261,300605.90381271834,176400.88920110575,1.7041065108805247,0.5032362459546925,200.9789880446806,966.5784688511844,-574.5957302967614,9812.293015845222,7281.047431959218,0.09812293015845222,10,9,0.9,61.8,12.568213874691981,0.20336915654841395,29,0.06031157456423362,12.658102893079342,48.822481948529884,3.0561084064447432,2012-01-10 13:30:00,2021-05-27 23:00:00,RBB_M,5,50,1.5,1,17,46,27,45,1,0,4,1000,7500,0,282,34149.674995577945,221238.20363824634,187088.52864266842,1.182532169360327,0.2978723404255319,121.0981382821913,2633.7881385505516,-944.8915588013557,21820.26751304099,17169.398400238235,0.21820267513040992,5,4,0.8,56.4,17.3735431043872,0.30804154440402837,31,0.21935787093054362,1.5650438279534484,180.18664714889246,1.2348402751477392,True,False,False
618,134127.1192227555,311502.7405089666,177375.62128621113,1.756175613368703,0.5242718446601942,217.03417349960435,961.4282114474278,-603.3184397490174,11562.293015845222,9244.529021303999,0.11562293015845222,10,9,0.9,61.8,12.568213874691981,0.20336915654841395,29,0.03721096843741982,11.600390946583408,53.274066610833984,3.0402513563133278,2012-01-10 13:30:00,2021-05-27 23:00:00,RBB_M,5,50,1.5,1,17,46,27,45,1,0,4,1250,5000,0,282,18579.274267154753,234310.91556893627,215731.64130178152,1.0861221569309096,0.33687943262411346,65.88395130196722,2466.430690199329,-1153.645140651238,16256.582530997628,13361.224620688008,0.1625658253099763,5,4,0.8,56.4,17.3735431043872,0.30804154440402837,31,0.2686326671447714,1.1428769996232773,246.74571287457414,0.7783382356747512,False,False,False
618,129919.03877568344,297539.6884685692,167620.64969288575,1.775077766454914,0.5566343042071198,210.22498183767547,864.9409548504918,-611.7541959594371,10951.71662636206,8089.648767196006,0.1095171662636206,10,9,0.9,61.8,12.568213874691981,0.20336915654841395,29,0.05765898570827533,11.862892659489852,52.09521975279985,3.02584431681738,2012-01-10 13:30:00,2021-05-27 23:00:00,RBB_M,5,50,1.5,1,17,46,27,45,1,0,4,1750,7500,48,282,-14481.871959822609,234155.1338911794,248637.00585100197,0.9417549615743805,0.39361702127659576,-51.35415588589578,2109.505710731346,-1454.0175780760349,40457.056338304894,39211.20218274986,0.4045705633830489,5,1,0.2,56.4,17.3735431043872,0.30804154440402837,31,0.0,0.0,0.0,0.0,False,False,False
810,174567.589417179,420093.2291812742,245525.6397640952,1.7109953550468546,0.5345679012345679,215.51554249034444,970.1922151992476,-651.261643936592,11531.306350782164,9676.289724458562,0.11531306350782164,10,9,0.9,81.0,14.649232061783989,0.18085471681214801,44,0.025726425019637955,15.138578761749587,53.505683244626276,3.023031660124456,2012-01-10 11:15:00,2021-05-31 19:00:00,RBB_M,5,10,1.5,1,29,46,52,-39,9,18,4,1500,4500,48,405,-42806.8919484063,343506.11554532265,386313.007493729,0.8891911711020986,0.31851851851851853,-105.69602950223778,2662.8381050025014,-1399.6848097598877,74085.62316098425,69374.1866090422,0.7408562316098425,5,1,0.2,81.0,24.20743687382041,0.29885724535580754,49,0.0,0.0,0.0,0.0,False,False,False
803,182034.52373514464,423447.49551372346,241412.97177857882,1.7540378729197061,0.5417185554171855,226.69305571001823,973.4425184223528,-656.0135102678772,12839.96691918475,12107.524292993068,0.1283996691918475,10,10,1.0,80.3,15.17926216915697,0.18903190746148157,41,0.024671144285433926,14.177180118989169,56.640318685409625,3.013419670392416,2012-01-10 11:15:00,2021-05-31 19:00:00,RBB_M,5,10,1.5,1,29,46,52,-39,9,18,4,1750,4500,48,394,-56816.03038986557,355980.3087771068,412796.3391669724,0.8623630468610236,0.33756345177664976,-144.2031228169177,2676.5436750158406,-1581.5951692221163,86681.67126126972,83361.75917432338,0.8668167126126971,5,2,0.4,78.8,24.473659309551564,0.31057943286232953,46,0.0,0.0,0.0,0.0,False,False,False
618,128110.50299787617,315253.2676225911,187142.7646247149,1.6845602781105722,0.5307443365695793,207.2985485402527,961.1380110444851,-645.3198780162583,10737.074105661217,8506.068433131339,0.10737074105661217,10,9,0.9,61.8,12.568213874691981,0.20336915654841395,29,0.03505567377308988,11.931602756688509,51.795220860296176,3.0133990058760625,2012-01-10 13:30:00,2021-05-27 23:00:00,RBB_M,5,50,1.5,1,17,46,27,45,1,0,4,1500,4500,0,282,-3835.3971540126877,239142.53148977307,242977.92864378577,0.9842150388908965,0.35106382978723405,-13.600699127704566,2415.581126159324,-1327.7482439551134,22061.93292399279,20361.224620688008,0.2206193292399279,5,3,0.6,56.4,17.3735431043872,0.30804154440402837,31,0.0,0.0,0.0,0.0,False,False,False
618,141537.22875766468,348020.17241943046,206482.94366176572,1.685466926457195,0.540453074433657,229.02464200269364,1041.9765641300312,-727.0526185273441,13136.004573295184,10983.862091722927,0.13136004573295185,10,9,0.9,61.8,12.568213874691981,0.20336915654841395,29,0.05292600445657898,10.77475483263781,57.356293446976274,3.009912857358938,2012-01-10 13:30:00,2021-05-27 23:00:00,RBB_M,5,50,1.5,1,17,46,27,45,1,0,4,3000,7500,0,282,12736.34952994332,313101.04852068383,300364.6989907406,1.042402950722035,0.4397163120567376,45.164360035259996,2525.0084558119665,-1901.0423986755734,39210.191322694045,36992.53650580511,0.39210191322694044,5,2,0.4,56.4,17.3735431043872,0.30804154440402837,31,0.5881591096717755,0.32482242754504964,868.1666537969871,0.34355773807770734,False,False,False
618,128991.72925265422,294853.37894553994,165861.64969288575,1.7777067784596319,0.558252427184466,208.72448099134985,854.6474752044636,-607.5518303768708,10951.716626362075,8089.648767196006,0.10951716626362075,10,9,0.9,61.8,12.568213874691981,0.20336915654841395,29,0.03869240321776136,11.778220132372299,52.46972743372612,3.0042470645852917,2012-01-10 13:30:00,2021-05-27 23:00:00,RBB_M,5,50,1.5,1,17,46,27,45,1,0,4,1750,5000,48,282,-15258.031290872685,229860.97456012928,245119.00585100197,0.9377525572205223,0.40070921985815605,-54.10649393926484,2034.167916461321,-1450.408318644982,36295.16580326664,35049.311647711605,0.3629516580326664,5,2,0.4,56.4,17.3735431043872,0.30804154440402837,31,0.0,0.0,0.0,0.0,False,False,False
618,124289.79001046793,290151.4397033537,165861.64969288575,1.749358216565472,0.558252427184466,201.11616506548208,841.0186658068222,-607.5518303768708,10322.88417063569,8089.648767196006,0.1032288417063569,10,9,0.9,61.8,12.568213874691981,0.20336915654841395,29,0.03613329783260362,12.040219376288329,51.32796842697666,2.9816029312000474,2012-01-10 13:30:00,2021-05-27 23:00:00,RBB_M,5,50,1.5,1,17,46,27,45,1,0,4,1750,4500,48,282,-14702.81263857575,229590.06039213244,244292.8730307082,0.9398148113935048,0.40425531914893614,-52.13763347012677,2013.9478981766003,-1454.124244230406,37557.079971263476,36311.22581570844,0.37557079971263474,5,2,0.4,56.4,17.3735431043872,0.30804154440402837,31,0.0,0.0,0.0,0.0,False,False,False
618,133755.0095450212,330899.31645487086,197144.3069098497,1.678462450382525,0.5453074433656958,216.43205427996958,981.8970814684595,-701.581163380248,11966.493197631266,9033.068433131324,0.11966493197631266,10,9,0.9,61.8,12.568213874691981,0.20336915654841395,29,0.029838134762770523,11.177460876466101,55.289837900590236,2.9801730781743947,2012-01-10 13:30:00,2021-05-27 23:00:00,RBB_M,5,50,1.5,1,17,46,27,45,1,0,4,2500,4000,0,282,26164.205259138937,298686.9649673762,272522.7597082373,1.0960074134253972,0.4397163120567376,92.78086971325864,2408.7658465110985,-1724.8275930901095,26741.394174805,24555.31378374603,0.26741394174805,5,4,0.8,56.4,17.3735431043872,0.30804154440402837,31,0.15253664158616007,0.9784159003867542,288.22099057111535,0.8546135435531534,False,False,False
618,139403.48633968225,342768.9392893183,203365.45294963603,1.6854826339368756,0.5436893203883495,225.57198436841787,1020.1456526467806,-721.1540884738866,13045.570229860808,10771.179571409099,0.1304557022986081,10,9,0.9,61.8,12.568213874691981,0.20336915654841395,29,0.035802547920778034,10.685886771020023,57.833291072857655,2.9747945775029936,2012-01-10 13:30:00,2021-05-27 23:00:00,RBB_M,5,50,1.5,1,17,46,27,45,1,0,4,3000,5000,0,282,21617.00847773692,313291.89203814615,291674.88356040925,1.0741133697007537,0.450354609929078,76.6560584316912,2466.865291638946,-1881.773442325221,32459.027670301803,30241.372853412868,0.32459027670301804,5,3,0.6,56.4,17.3735431043872,0.30804154440402837,31,0.23088301071538955,0.6659783126379745,423.43721206623593,0.640887920666826,False,False,False
618,130303.99065887596,308938.6119450871,178634.62128621113,1.729444212553293,0.5226537216828478,210.847881325042,956.4662908516628,-605.5410891058004,11562.293015845222,9244.529021303999,0.11562293015845222,10,9,0.9,61.8,12.568213874691981,0.20336915654841395,29,0.04597710300127258,11.269736070544527,54.83713160020257,2.9535927307568417,2012-01-10 13:30:00,2021-05-27 23:00:00,RBB_M,5,50,1.5,1,17,46,27,45,1,0,4,1250,6000,0,282,20585.142776810637,238834.78407859214,218249.64130178152,1.0943192513583415,0.32978723404255317,72.99696020145616,2568.115957834324,-1154.760006887733,22457.846325359475,20003.444345998287,0.22457846325359473,5,3,0.6,56.4,17.3735431043872,0.30804154440402837,31,0.29103514437358774,0.9166125049829834,307.65454155050526,0.7337093897671255,False,False,False
810,170459.89092309563,425701.0182101948,255241.1272870991,1.6678386541184633,0.5222222222222223,210.44430978159954,1006.385385839704,-659.5377966074913,11531.306350782164,9818.524292993068,0.11531306350782164,10,9,0.9,81.0,14.649232061783989,0.18085471681214801,44,0.026346373775553752,14.782357326889802,54.795049401665594,2.9518975931460556,2012-01-10 11:15:00,2021-05-31 19:00:00,RBB_M,5,10,1.5,1,29,46,52,-39,9,18,4,1500,4500,0,405,-45350.01149220796,344481.08943576156,389831.10092796956,0.8836675386231242,0.3111111111111111,-111.97533701779743,2733.976900283822,-1397.2440893475612,72463.80809533413,67752.37154339207,0.7246380809533413,5,1,0.2,81.0,24.20743687382041,0.29885724535580754,49,0.0,0.0,0.0,0.0,False,False,False
618,124743.16199975784,311377.5998759415,186634.43787618366,1.668382338325548,0.5323624595469255,201.84977669863727,946.4364737870563,-645.7939026857566,10737.074105661217,8506.068433131339,0.10737074105661217,10,9,0.9,61.8,12.568213874691981,0.20336915654841395,29,0.0319937376608086,11.617984636427712,53.19339105185993,2.9341928379294444,2012-01-10 13:30:00,2021-05-27 23:00:00,RBB_M,5,50,1.5,1,17,46,27,45,1,0,4,1500,4000,0,282,-3701.251128859083,236258.6775149267,239959.92864378577,0.984575544967954,0.35815602836879434,-13.125004003046394,2339.1948268804626,-1325.7454621203633,20814.26343478459,19055.66801772247,0.20814263434784588,5,4,0.8,56.4,17.3735431043872,0.30804154440402837,31,0.0,0.0,0.0,0.0,False,False,False
618,125981.42740708092,293602.07709996664,167620.64969288575,1.75158655951939,0.5566343042071198,203.8534424062798,853.4944101743216,-611.7541959594371,10951.716626362075,8089.648767196006,0.10951716626362075,10,9,0.9,61.8,12.568213874691981,0.20336915654841395,29,0.07930534052226848,11.503349813108636,53.723481424146414,2.9341364417145384,2012-01-10 13:30:00,2021-05-27 23:00:00,RBB_M,5,50,1.5,1,17,46,27,45,1,0,4,1750,10000,48,282,-15677.257947585793,232959.74790341617,248637.00585100197,0.936947205851648,0.39361702127659576,-55.59311328931132,2098.736467598344,-1454.0175780760349,39853.9003735124,38608.046217957366,0.39853900373512396,5,2,0.4,56.4,17.3735431043872,0.30804154440402837,31,0.0,0.0,0.0,0.0,False,False,False
803,176833.33694545808,429620.28454264393,252786.94759718588,1.6995350773697409,0.5292652552926526,220.21586170044594,1010.8712577473975,-668.7485386168938,13014.96691918475,12282.524292993068,0.1301496691918475,10,9,0.9,80.3,15.17926216915697,0.18903190746148157,41,0.025396794957192884,13.586921737372716,59.10095130608112,2.907571595314702,2012-01-10 11:15:00,2021-05-31 19:00:00,RBB_M,5,10,1.5,1,29,46,52,-39,9,18,4,1750,4500,0,394,-60195.779451721406,356565.2826675457,416761.0621192671,0.8555628514198987,0.3299492385786802,-152.78116612112032,2742.8098666734286,-1578.6403868154057,85003.83375834356,81683.92167139723,0.8500383375834356,5,1,0.2,78.8,24.473659309551564,0.31057943286232953,46,0.0,0.0,0.0,0.0,False,False,False
618,132909.53125188444,336274.98420152045,203365.45294963603,1.6535501941167943,0.5436893203883495,215.0639664269975,1000.818405361668,-721.1540884738866,12423.262730302202,10849.061432910763,0.12423262730302202,10,9,0.9,61.8,12.568213874691981,0.20336915654841395,29,0.0337899017301389,10.698440026362652,57.76543107940503,2.9063851841651487,2012-01-10 13:30:00,2021-05-27 23:00:00,RBB_M,5,50,1.5,1,17,46,27,45,1,0,4,3000,4500,0,282,25574.87896469763,314039.6297048131,288464.7507401155,1.0886585931178074,0.4574468085106383,90.69106015850222,2434.415734145838,-1885.390527713173,35261.752977336,33044.098160447065,0.35261752977336003,5,3,0.6,56.4,17.3735431043872,0.30804154440402837,31,0.17560200406810006,0.7252866577885543,388.8117849290599,0.7274713330391085,False,False,False
618,121032.37509525704,286385.69803961157,165353.32294435456,1.7319621580026388,0.5598705501618123,195.84526714442887,827.7043295942531,-607.9166284718917,10322.88417063569,8089.648767196006,0.1032288417063569,10,9,0.9,61.8,12.568213874691981,0.20336915654841395,29,0.03297464828612123,11.724666584901124,52.70938798343762,2.9034604075180175,2012-01-10 13:30:00,2021-05-27 23:00:00,RBB_M,5,50,1.5,1,17,46,27,45,1,0,4,1750,4000,48,282,-12323.488889707485,230210.3841410007,242533.8730307082,0.9491885865849873,0.4078014184397163,-43.70031521172867,2001.8294273130493,-1452.2986409024443,32569.502850162535,31153.56369015416,0.32569502850162535,5,1,0.2,56.4,17.3735431043872,0.30804154440402837,31,0.0,0.0,0.0,0.0,False,False,False
618,127998.95017594205,305374.57146215317,177375.62128621113,1.7216265079032733,0.5242718446601942,207.1180423558933,942.51410945109,-603.3184397490174,11562.293015845222,9244.529021303999,0.11562293015845222,10,9,0.9,61.8,12.568213874691981,0.20336915654841395,29,0.03508622526846398,11.070377649185112,55.82465382700751,2.9013445165611844,2012-01-10 13:30:00,2021-05-27 23:00:00,RBB_M,5,50,1.5,1,17,46,27,45,1,0,4,1250,4500,0,282,18355.066775135376,232827.7080769169,214472.64130178152,1.0855823225924104,0.3404255319148936,65.0888892735297,2425.2886258012177,-1153.0787166762448,16323.834005888377,14361.224620688008,0.16323834005888377,5,4,0.8,56.4,17.3735431043872,0.30804154440402837,31,0.24467358550194526,1.1244335594514308,250.792941592367,0.7673599525204401,False,False,False
618,115640.83394348172,288731.12848116166,173090.29453767987,1.668095425294386,0.5307443365695793,187.1210905234332,880.2778307352489,-596.8630846126892,9466.493197631295,7006.068433131339,0.09466493197631294,10,9,0.9,61.8,12.568213874691981,0.20336915654841395,29,0.025864566157157088,12.215804895145054,50.59019895165588,2.896886840475933,2012-01-10 13:30:00,2021-05-27 23:00:00,RBB_M,5,50,1.5,1,17,46,27,45,1,0,4,1250,3000,0,282,15519.415942621956,221858.08407843165,206338.6681358097,1.0752133183897807,0.36524822695035464,55.03338986745374,2153.9619813439967,-1152.7299895855292,17042.62229032025,15866.630563491031,0.1704262229032025,5,3,0.6,56.4,17.3735431043872,0.30804154440402837,31,0.19272632495051745,0.9106237102629778,309.6778579579941,0.6349819933460689,False,False,False
618,117673.31474190844,293065.20394301414,175391.88920110575,1.6709165131745816,0.5048543689320388,190.40989440438258,939.3115510994043,-573.1761085003455,9812.293015845222,7281.047431959218,0.09812293015845222,10,9,0.9,61.8,12.568213874691981,0.20336915654841395,29,0.04241403423492152,11.992437909455578,51.53247443647223,2.8953936161233016,2012-01-10 13:30:00,2021-05-27 23:00:00,RBB_M,5,50,1.5,1,17,46,27,45,1,0,4,1000,5000,0,282,26543.123785685595,211613.65242835396,185070.52864266842,1.1434216672981716,0.3049645390070922,94.1245524315092,2460.623865445976,-944.2373910340225,21820.26751304099,17169.398400238235,0.21820267513040992,5,4,0.8,56.4,17.3735431043872,0.30804154440402837,31,0.1880336331284259,1.2164435550490829,231.82333354433484,0.9597900502139696,False,False,False
618,124841.151885005,292461.80157789076,167620.64969288575,1.7447838444352695,0.5566343042071198,202.00833638350323,850.1796557496824,-611.7541959594371,11109.999018509014,8089.648767195991,0.11109999018509013,10,9,0.9,61.8,12.568213874691981,0.20336915654841395,29,0.0708958892503393,11.236828345081074,54.99772542761408,2.886792952951724,2012-01-10 13:30:00,2021-05-27 23:00:00,RBB_M,5,50,1.5,1,17,46,27,45,1,0,4,1750,0,48,282,-14830.592368077785,233806.41348292417,248637.00585100197,0.940352433390526,0.39361702127659576,-52.59075307829002,2106.364085431749,-1454.0175780760349,39596.04706241894,38350.19290686391,0.3959604706241894,5,2,0.4,56.4,17.3735431043872,0.30804154440402837,31,0.0,0.0,0.0,0.0,False,False,False
618,123934.46352965574,291555.1132225415,167620.64969288575,1.739374675833367,0.5566343042071198,200.54120312242028,847.543933786458,-611.7541959594371,10951.716626362075,8089.648767196006,0.10951716626362075,10,9,0.9,61.8,12.568213874691981,0.20336915654841395,29,0.048340064816324795,11.316441774190071,54.61080543970111,2.88646218185543,2012-01-10 13:30:00,2021-05-27 23:00:00,RBB_M,5,50,1.5,1,17,46,27,45,1,0,4,1750,6000,48,282,-6919.204144032818,239958.80170696916,246878.00585100197,0.9719731852167959,0.3971631205673759,-24.536184907917793,2142.489300955082,-1452.2235638294235,33592.98123359792,32347.12707804289,0.33592981233597924,5,2,0.4,56.4,17.3735431043872,0.30804154440402837,31,0.0,0.0,0.0,0.0,False,False,False
618,131610.58277799987,299844.37894554,168233.79616754013,1.7823076324505687,0.5598705501618123,212.96210805501596,866.6022512876879,-618.5066035571328,12386.355923842872,9452.93115934293,0.12386355923842872,10,9,0.9,61.8,12.568213874691981,0.20336915654841395,29,0.03792248233121797,10.62544816144502,58.16225260431315,2.882265040256127,2012-01-10 13:30:00,2021-05-27 23:00:00,RBB_M,5,50,1.5,1,17,46,27,45,1,0,4,2000,5000,48,282,-9926.774560933707,244215.59538903105,254142.36994996478,0.9609401039154231,0.41843971631205673,-35.201328230261375,2069.623689737551,-1549.6485972558828,30285.07949490856,26748.61131261047,0.3028507949490856,5,2,0.4,56.4,17.3735431043872,0.30804154440402837,31,0.0,0.0,0.0,0.0,False,False,False
618,126408.64353581361,294642.43970335374,168233.79616754013,1.7513867392609161,0.5598705501618123,204.54473064047508,851.5677448073808,-618.5066035571328,11572.88417063569,9339.648767196006,0.1157288417063569,10,9,0.9,61.8,12.568213874691981,0.20336915654841395,29,0.03552763382614439,10.922829752029745,56.57874507154701,2.8639857145576655,2012-01-10 13:30:00,2021-05-27 23:00:00,RBB_M,5,50,1.5,1,17,46,27,45,1,0,4,2000,4500,48,282,-2853.262375496932,248453.9747541741,251307.237129671,0.9886463183150406,0.425531914893617,-10.117951686159332,2070.4497896181174,-1551.279241541179,31028.70012976556,27992.231947467466,0.3102870012976556,5,2,0.4,56.4,17.3735431043872,0.30804154440402837,31,0.0,0.0,0.0,0.0,False,False,False
618,119495.29277363085,305917.4402985471,186422.14752491622,1.6409930062502889,0.5436893203883495,193.35807892173275,910.4685723171044,-661.0714451238164,10466.493197631266,7909.343596442974,0.10466493197631266,10,9,0.9,61.8,12.568213874691981,0.20336915654841395,29,0.02503027467086994,11.416936935541557,54.130105429253256,2.8468532422307904,2012-01-10 13:30:00,2021-05-27 23:00:00,RBB_M,5,50,1.5,1,17,46,27,45,1,0,4,2000,3000,0,282,8393.344395895976,260423.8581881952,252030.51379229923,1.033302889676339,0.42907801418439717,29.763632609560197,2152.2632908115306,-1565.4069179645915,23653.997083480237,22028.859928654267,0.23653997083480238,5,3,0.6,56.4,17.3735431043872,0.30804154440402837,31,0.3563537797236683,0.3548383119467712,794.728163520016,0.2914989671882172,False,False,False
798,171585.24056272424,418560.84503881243,246975.6044760882,1.6947457054582769,0.5413533834586466,215.0190984495291,968.890844997251,-674.7967335412246,12960.840522849016,11829.947179879004,0.12960840522849015,10,10,1.0,79.8,15.124814048443703,0.1895340106321266,40,0.029087583428689504,13.238743294482482,60.27762471477054,2.844879054726757,2012-01-10 11:15:00,2021-05-31 19:00:00,RBB_M,5,10,1.5,1,29,46,52,-39,9,18,4,2000,5000,48,382,-88029.04989073556,354494.0787950989,442523.12868583447,0.8010746915033428,0.3403141361256545,-230.44253898098316,2726.8775291930683,-1756.044161451724,110804.53958680856,109144.99495918158,1.1080453958680856,5,1,0.2,76.4,24.08817137102773,0.3152902011914624,44,0.0,0.0,0.0,0.0,False,False,False
618,125659.34662043203,281673.550153035,156014.203532603,1.8054352986788949,0.5485436893203883,203.33227608484148,830.8954281800442,-559.1906936652437,11752.141964827286,8818.717200327344,0.11752141964827285,10,9,0.9,61.8,12.568213874691981,0.20336915654841395,29,0.05961355204740476,10.692463297032573,57.79772002317842,2.8252127809144842,2012-01-10 13:30:00,2021-05-27 23:00:00,RBB_M,5,50,1.5,1,17,46,27,45,1,0,4,1250,7500,48,282,4205.542231237589,215288.25229786726,211082.71006662966,1.0199236698728669,0.34397163120567376,14.913270323537548,2219.466518534714,-1140.987621981782,20540.274794590034,17095.47104479879,0.20540274794590033,5,3,0.6,56.4,17.3735431043872,0.30804154440402837,31,1.781220967027498,0.20474615229321363,1377.3152600990147,0.15673757386882048,False,False,False
618,114366.80018785101,290767.68938895676,176400.88920110575,1.6483346014059328,0.5032362459546925,185.05954722953237,934.9443388712436,-574.5957302967614,9812.293015845222,7281.047431959218,0.09812293015845222,10,9,0.9,61.8,12.568213874691981,0.20336915654841395,29,0.052384083406719406,11.655461165210582,53.02235503513296,2.8140356535942903,2012-01-10 13:30:00,2021-05-27 23:00:00,RBB_M,5,50,1.5,1,17,46,27,45,1,0,4,1000,6000,0,282,26048.99229534148,213137.5209380099,187088.52864266842,1.1392335087796537,0.2978723404255319,92.37231310404779,2537.3514397382132,-944.8915588013557,21820.26751304099,17169.398400238235,0.21820267513040992,5,4,0.8,56.4,17.3735431043872,0.30804154440402837,31,0.2299897029441485,1.193798026526172,236.22086293825654,0.9419224287629689,False,False,False
618,128493.40158889935,298736.19775643945,170242.79616754013,1.754765572943514,0.558252427184466,207.91812554838083,865.9020224824332,-623.5999859616854,12386.3559238429,9452.93115934296,0.12386355923842901,10,9,0.9,61.8,12.568213874691981,0.20336915654841395,29,0.05829871345430358,10.373785670211381,59.5732377404523,2.8139989314383893,2012-01-10 13:30:00,2021-05-27 23:00:00,RBB_M,5,50,1.5,1,17,46,27,45,1,0,4,2000,7500,48,282,-8192.59008919377,249967.77986077103,258160.36994996478,0.9682655006623146,0.41134751773049644,-29.05173790494245,2154.894653972164,-1555.1829515058118,34696.97002994682,29816.775745456245,0.34696970029946816,5,2,0.4,56.4,17.3735431043872,0.30804154440402837,31,0.0,0.0,0.0,0.0,False,False,False
618,124716.61234343052,279471.8158760335,154755.203532603,1.8058960829524282,0.5501618122977346,201.8068160896934,821.9759290471574,-556.6733940021691,11752.141964827286,8818.717200327344,0.11752141964827285,10,9,0.9,61.8,12.568213874691981,0.20336915654841395,29,0.04001872650498514,10.61224521595229,58.234613639630616,2.8040171834517977,2012-01-10 13:30:00,2021-05-27 23:00:00,RBB_M,5,50,1.5,1,17,46,27,45,1,0,4,1250,5000,48,282,2429.382900187513,210994.09296681714,208564.71006662966,1.0116481014425278,0.35106382978723405,8.614832979388343,2131.2534643112845,-1139.6978692165555,17306.034060764658,15640.286450935848,0.17306034060764658,5,3,0.6,56.4,17.3735431043872,0.30804154440402837,31,2.0544311889306406,0.14037779491577934,2008.8647222959155,0.09863963113943719,False,False,False
618,110677.80469697667,285561.36714955117,174883.5624525745,1.6328656801406973,0.5064724919093851,179.0902988624218,912.3366362605468,-573.3887293527033,9294.005672529864,7281.047431959218,0.09294005672529863,10,9,0.9,61.8,12.568213874691981,0.20336915654841395,29,0.036059623796540846,11.908514863952064,51.89563997360668,2.7981690540520345,2012-01-10 13:30:00,2021-05-27 23:00:00,RBB_M,5,50,1.5,1,17,46,27,45,1,0,4,1000,4000,0,282,17620.155976693015,200672.68461936142,183052.52864266842,1.0962573754503484,0.3120567375886525,62.48282261238658,2280.371416129107,-943.5697352714867,21820.26751304099,17807.34578352687,0.21820267513040992,5,4,0.8,56.4,17.3735431043872,0.30804154440402837,31,0.22650196770556844,0.8075132885590078,349.22025927675276,0.6371386625853144,False,False,False
618,130730.86706367301,337213.81072543876,206482.94366176572,1.6331315543322544,0.540453074433657,211.5386198441311,1009.6221878007149,-727.0526185273441,13136.004573295257,10983.862091722985,0.13136004573295257,10,9,0.9,61.8,12.568213874691981,0.20336915654841395,29,0.045826973648710356,9.952102736736355,62.097429693803974,2.7801061323755913,2012-01-10 13:30:00,2021-05-27 23:00:00,RBB_M,5,50,1.5,1,17,46,27,45,1,0,4,3000,6000,0,282,21936.64959828678,319292.3485890273,297355.6989907406,1.073772420278953,0.4432624113475177,77.78953758257722,2554.3387887122185,-1893.9853438900675,42764.286443210185,40546.63162632125,0.42764286443210187,5,3,0.6,56.4,17.3735431043872,0.30804154440402837,31,0.27310460392583785,0.5129665761503598,549.7434201587058,0.5666096014796949,False,False,False
618,112545.14569509502,287937.03489620076,175391.88920110575,1.6416781654369994,0.5048543689320388,182.11188623801783,922.8751118467973,-573.1761085003455,9812.293015845222,7281.047431959218,0.09812293015845222,10,9,0.9,61.8,12.568213874691981,0.20336915654841395,29,0.03990398672695244,11.469810931385082,53.88057429167849,2.7692131991518685,2012-01-10 13:30:00,2021-05-27 23:00:00,RBB_M,5,50,1.5,1,17,46,27,45,1,0,4,1000,4500,0,282,27568.916293666218,211630.44493633462,184061.52864266842,1.1497809808327066,0.30851063829787234,97.76211451654687,2432.533849842927,-943.9052750906072,21820.26751304099,17169.398400238235,0.21820267513040992,5,4,0.8,56.4,17.3735431043872,0.30804154440402837,31,0.16290085370645413,1.2634545510127004,223.19758140407006,0.9968823476652136,True,False,False
799,167214.43272238827,415830.93968238245,248616.50695999412,1.6725797686044053,0.541927409261577,209.27964045355228,960.3485904904907,-679.2800736611861,12960.840522849016,11829.947179879004,0.12960840522849015,10,10,1.0,79.9,15.208221460775748,0.19034069412735605,40,0.026857729484727078,12.901511474321548,61.93072816237735,2.768941317307254,2012-01-10 11:15:00,2021-05-31 19:00:00,RBB_M,5,10,1.5,1,29,46,52,-39,9,18,4,2000,4500,48,384,-82834.35907499255,356125.80072242854,438960.1597974211,0.8112941294872401,0.3489583333333333,-215.7144767577931,2657.6552292718548,-1755.8406391896842,99114.55067547358,96949.55466698605,0.9911455067547358,5,1,0.2,76.8,24.432764886520722,0.3181349594599053,44,0.0,0.0,0.0,0.0,False,False,False
618,125448.99837518638,296063.374291126,170614.37591593957,1.7352780075050311,0.5614886731391586,202.991906755965,853.2085714441671,-629.5733428632457,12227.892834001686,9815.399636370406,0.12227892834001687,10,9,0.9,61.8,12.568213874691981,0.20336915654841395,29,0.03579940898825314,10.259249085529651,60.238326884144925,2.765070862429933,2012-01-10 13:30:00,2021-05-27 23:00:00,RBB_M,5,50,1.5,1,17,46,27,45,1,0,4,2250,4500,48,282,5640.141555172406,260963.51980296697,255323.37824779452,1.0220901885047855,0.4432624113475177,20.000501968696476,2087.7081584237358,-1626.2635557184365,26901.808016728566,25184.676322899133,0.2690180801672857,5,2,0.4,56.4,17.3735431043872,0.30804154440402837,31,0.796256610950028,0.209656598235522,1345.0566420199643,0.1836764664083769,False,False,False
618,139209.08527690207,347759.9392893182,208550.8540124162,1.6675066661132643,0.5453074433656958,225.25741954191272,1031.9286032323982,-742.1738576954314,15084.108295807731,12809.717637356021,0.15084108295807733,10,9,0.9,61.8,12.568213874691981,0.20336915654841395,29,0.03585254504095301,9.228857453615069,66.96386883274712,2.762629458663123,2012-01-10 13:30:00,2021-05-27 23:00:00,RBB_M,5,50,1.5,1,17,46,27,45,1,0,4,4000,5000,0,282,22034.029379919804,330914.1915376338,308880.1621577139,1.0713352040027397,0.46808510638297873,78.13485595716243,2506.9256934669224,-2059.201081051426,29273.21910989569,27055.564293006755,0.2927321910989569,5,2,0.4,56.4,17.3735431043872,0.30804154440402837,31,0.22651326790679652,0.7527026425485024,374.6499401745206,0.6878803899825586,False,False,False
618,122651.22862060269,290376.69803961157,167725.46941900888,1.7312617996864716,0.5614886731391586,198.46477123074868,836.8204554455665,-618.9131712878557,11752.141964827286,9339.648767196006,0.11752141964827285,10,9,0.9,61.8,12.568213874691981,0.20336915654841395,29,0.03253942129145211,10.436499915307586,59.21525463661984,2.757580936183605,2012-01-10 13:30:00,2021-05-27 23:00:00,RBB_M,5,50,1.5,1,17,46,27,45,1,0,4,2000,4000,48,282,-762.7580344173548,248535.47909525366,249298.237129671,0.9969403793496517,0.42907801418439717,-2.704815724884237,2054.012223927716,-1548.436255463795,32238.034218249464,29444.98320105079,0.3223803421824946,5,3,0.6,56.4,17.3735431043872,0.30804154440402837,31,0.0,0.0,0.0,0.0,False,False,False
618,130650.93761737263,301265.31353331223,170614.37591593957,1.7657674619502368,0.5614886731391586,211.40928417050588,868.1997508164618,-629.5733428632457,13362.106793017301,10428.68202851736,0.133621067930173,10,9,0.9,61.8,12.568213874691981,0.20336915654841395,29,0.03820102703446919,9.777719909082563,63.20491952586382,2.754799155427182,2012-01-10 13:30:00,2021-05-27 23:00:00,RBB_M,5,50,1.5,1,17,46,27,45,1,0,4,2250,5000,48,282,-683.3706302643695,257725.14043782395,258408.5110680883,0.9973554639224547,0.43617021276595747,-2.4233001073204594,2095.326345022959,-1625.2107614345175,26220.966775549714,24381.951015864935,0.26220966775549714,5,2,0.4,56.4,17.3735431043872,0.30804154440402837,31,0.0,0.0,0.0,0.0,False,False,False
618,136947.71470480526,348369.788845443,211422.0741406377,1.6477455831490322,0.5469255663430421,221.59824385890818,1030.6798486551568,-755.0788362165632,14687.989925974005,11030.36845928224,0.14687989925974004,10,9,0.9,61.8,12.568213874691981,0.20336915654841395,29,0.03644456580205259,9.323788714113231,66.28206826100059,2.7541556843578285,2012-01-10 13:30:00,2021-05-27 23:00:00,RBB_M,5,50,1.5,1,17,46,27,45,1,0,4,5000,5000,0,282,11476.54346709641,332004.009781069,320527.46631397266,1.0358051795032581,0.4716312056737589,40.69696264927805,2496.2707502336016,-2151.191049087065,32913.86167597284,31213.153372668057,0.3291386167597284,5,1,0.2,56.4,17.3735431043872,0.30804154440402837,31,0.43488703844579557,0.3486841981679197,808.7547456457839,0.33789046183282123,False,False,False
618,121721.7352518295,277735.9387844324,156014.203532603,1.7801964981117422,0.5485436893203883,196.9607366534458,819.280055411305,-559.1906936652437,11752.141964827286,8818.717200327344,0.11752141964827285,10,9,0.9,61.8,12.568213874691981,0.20336915654841395,29,0.0820806569946581,10.357408514645897,59.6674350660319,2.7366830355032405,2012-01-10 13:30:00,2021-05-27 23:00:00,RBB_M,5,50,1.5,1,17,46,27,45,1,0,4,1250,10000,48,282,3010.1562434744046,214092.8663101041,211082.71006662966,1.0142605533277655,0.34397163120567376,10.674312920122002,2207.1429516505577,-1140.987621981782,20540.274794590034,17095.47104479879,0.20540274794590033,5,3,0.6,56.4,17.3735431043872,0.30804154440402837,31,3.3190968148776605,0.1465489762711076,1924.2713744947312,0.11218638658858981,False,False,False
618,124555.79022029683,294798.5863878369,170242.79616754013,1.7316361868123826,0.558252427184466,201.54658611698517,854.4886561966287,-623.5999859616854,12386.3559238429,9452.93115934296,0.12386355923842901,10,9,0.9,61.8,12.568213874691981,0.20336915654841395,29,0.08021305137504503,10.055886572784116,61.45654045786415,2.7277654435965952,2012-01-10 13:30:00,2021-05-27 23:00:00,RBB_M,5,50,1.5,1,17,46,27,45,1,0,4,2000,10000,48,282,-9387.976076956955,248772.3938730078,258160.36994996478,0.9636350998459736,0.41134751773049644,-33.290695308357996,2144.5896023535156,-1555.1829515058118,34093.81406515432,29213.61978066375,0.3409381406515432,5,2,0.4,56.4,17.3735431043872,0.30804154440402837,31,0.0,0.0,0.0,0.0,False,False,False
618,128042.19025376611,330899.31645487086,202857.12620110478,1.6311939474427433,0.5453074433656958,207.18801011936264,981.8970814684595,-721.9114811427216,13124.11675495375,10402.787810971073,0.1312411675495375,10,9,0.9,61.8,12.568213874691981,0.20336915654841395,29,0.031169413707233994,9.756251993524522,63.34399730656635,2.72416200516286,2012-01-10 13:30:00,2021-05-27 23:00:00,RBB_M,5,50,1.5,1,17,46,27,45,1,0,4,3000,4000,0,282,22003.523950552728,306824.2786689516,284820.75471839885,1.0772539345747734,0.4645390070921986,78.0266806757189,2342.170066175203,-1886.2301636980055,29337.508981024956,27151.428589965988,0.29337508981024957,5,4,0.8,56.4,17.3735431043872,0.30804154440402837,31,0.18138003753256743,0.750013369055439,375.9932977663433,0.6861749651463336,False,False,False
811,157459.35813063546,404023.412690733,246564.05456009746,1.6386144095965798,0.5339087546239211,194.1545722942484,933.0794750363348,-652.2858586245965,11531.306350782164,10643.524292993068,0.11531306350782164,10,9,0.9,81.1,14.397569239284802,0.17752859727848094,45,0.02534622297068482,13.654945358376942,59.39240170613157,2.7234018123297603,2012-01-10 11:15:00,2021-05-31 19:00:00,RBB_M,5,10,1.5,1,29,46,52,-39,9,18,4,1500,4000,48,409,-31639.342530003647,353881.9494492117,385521.2919792154,0.9179310113649716,0.33251833740831294,-77.35780569683044,2602.073157714792,-1412.1659046857708,67081.73304284265,63391.11846740522,0.6708173304284265,5,1,0.2,81.8,24.432764886520722,0.2986890572924294,49,0.0,0.0,0.0,0.0,False,False,False
798,167911.87360251427,428020.29251926625,260108.41891675195,1.6455457086002845,0.5288220551378446,210.41588170741136,1014.2660960172186,-691.7777098849785,13744.321476960482,12613.42813399047,0.13744321476960483,10,10,1.0,79.8,15.124814048443703,0.1895340106321266,40,0.02972392537179852,12.216817969805485,65.31979128872179,2.7034616832434692,2012-01-10 11:15:00,2021-05-31 19:00:00,RBB_M,5,10,1.5,1,29,46,52,-39,9,18,4,2000,5000,0,382,-92499.17556027042,355353.55081653845,447852.72637680895,0.7934607291361119,0.3324607329842932,-242.14443863945135,2798.0594552483344,-1756.2852014776822,110783.10081575018,109288.5561881232,1.1078310081575018,5,1,0.2,76.4,24.08817137102773,0.3152902011914624,44,0.0,0.0,0.0,0.0,False,False,False
618,119880.45914222862,274635.6626748316,154755.203532603,1.774645739889275,0.5501618122977346,193.98132547286184,807.7519490436223,-556.6733940021691,11752.141964827286,8818.717200327344,0.11752141964827285,10,9,0.9,61.8,12.568213874691981,0.20336915654841395,29,0.037462318981209324,10.200732726086535,60.583883196897844,2.69528542412022,2012-01-10 13:30:00,2021-05-27 23:00:00,RBB_M,5,50,1.5,1,17,46,27,45,1,0,4,1250,4500,48,282,3417.468732190675,210723.17879882036,207305.71006662966,1.0164851644997732,0.3546099290780142,12.118683447484663,2107.2317879882035,-1139.0423630034597,18816.093104945256,16554.31630444998,0.18816093104945256,5,3,0.6,56.4,17.3735431043872,0.30804154440402837,31,1.314130531084967,0.18162477795629603,1552.6515884735563,0.1330742629317759,False,False,False
618,127283.75642827214,300157.13234421174,172873.3759159396,1.7362831653739694,0.5598705501618123,205.9607709195342,867.5061628445426,-635.5638820438955,13362.106793017301,10428.68202851736,0.133621067930173,10,9,0.9,61.8,12.568213874691981,0.20336915654841395,29,0.058852757101188966,9.525725127027679,64.87695075795612,2.6838015180197106,2012-01-10 13:30:00,2021-05-27 23:00:00,RBB_M,5,50,1.5,1,17,46,27,45,1,0,4,2250,7500,48,282,2332.2061745688115,265258.7172426571,262926.51106808835,1.0088701826418895,0.42907801418439717,8.27023466159153,2192.220803658323,-1633.0839196775673,30967.32460651343,27670.28370613879,0.3096732460651343,5,3,0.6,56.4,17.3735431043872,0.30804154440402837,31,3.21198017640313,0.07531183930814202,3744.4311889155097,0.07078958135029371,False,False,False
618,122508.82634287165,292751.6225104118,170242.79616754013,1.7196123953597877,0.558252427184466,198.23434683312564,848.5554275664109,-623.5999859616854,12386.3559238429,9452.93115934296,0.12386355923842901,10,9,0.9,61.8,12.568213874691981,0.20336915654841395,29,0.048902598929751274,9.89062700088009,62.4833996818411,2.682937039238553,2012-01-10 13:30:00,2021-05-27 23:00:00,RBB_M,5,50,1.5,1,17,46,27,45,1,0,4,2000,6000,48,282,-837.94741409384,255313.42253587092,256151.36994996478,0.9967287021956683,0.4148936170212766,-2.9714447308292202,2182.166004580093,-1552.4325451513016,27832.894925239845,23429.243316768363,0.2783289492523984,5,3,0.6,56.4,17.3735431043872,0.30804154440402837,31,0.0,0.0,0.0,0.0,False,False,False
618,132215.13018910427,340765.98420152045,208550.8540124162,1.633970696572802,0.5453074433656958,213.9403401118192,1011.175027304215,-742.1738576954314,14449.894336792146,12175.503678340436,0.14449894336792146,10,9,0.9,61.8,12.568213874691981,0.20336915654841395,29,0.03396736813386354,9.14990290638041,67.54170031345976,2.6807955929129443,2012-01-10 13:30:00,2021-05-27 23:00:00,RBB_M,5,50,1.5,1,17,46,27,45,1,0,4,4000,4500,0,282,26684.098744348623,331354.12808176875,304670.0293374201,1.0875836025039278,0.475177304964539,94.62446363244193,2472.7920006102145,-2058.5812793068926,33598.558610709355,30358.289600040953,0.33598558610709356,5,2,0.4,56.4,17.3735431043872,0.30804154440402837,31,0.1683024801784299,0.7942036756256328,355.0726452856755,0.7775824718597771,False,False,False
804,164926.2924486011,407377.6790231822,242451.3865745811,1.6802447895997812,0.5410447761194029,205.13220453806107,936.5004115475452,-657.0498281153959,13339.96691918475,12607.524292993068,0.1333996691918475,10,10,1.0,80.4,14.92112596287559,0.18558614381686056,42,0.02419868864295113,12.36332094732663,65.03107081223611,2.675221990742216,2012-01-10 11:15:00,2021-05-31 19:00:00,RBB_M,5,10,1.5,1,29,46,52,-39,9,18,4,1750,4000,48,399,-53429.734356144305,360865.1426809959,414294.8770371402,0.8710345280196297,0.3483709273182957,-133.9091086620158,2596.1521056186757,-1593.4418347582316,84935.3415691797,80794.78725569742,0.849353415691797,5,1,0.2,79.8,24.967178454923577,0.31287191046270146,46,0.0,0.0,0.0,0.0,False,False,False
618,129953.75961700747,341375.83375764516,211422.0741406377,1.6146650492633157,0.5469255663430421,210.28116442881466,1009.9876738391869,-755.0788362165632,14053.775966958361,11030.36845928224,0.14053775966958362,10,9,0.9,61.8,12.568213874691981,0.20336915654841395,29,0.03455844612141755,9.246892786859558,66.83326110130947,2.6718201132736925,2012-01-10 13:30:00,2021-05-27 23:00:00,RBB_M,5,50,1.5,1,17,46,27,45,1,0,4,5000,4500,0,282,15666.696130966113,332443.9463252041,316777.25019423803,1.0494565064926844,0.4787234042553192,55.55566003888693,2462.5477505570675,-2154.947280232912,35593.21201928937,33713.15337266806,0.3559321201928937,5,2,0.4,56.4,17.3735431043872,0.30804154440402837,31,0.28665903534844744,0.44015966084981906,640.6766114267282,0.44355560905036634,False,False,False
798,168077.65329435078,419743.50278248993,251665.84948813912,1.667860393598108,0.5426065162907269,210.62362568214382,969.3845329849652,-689.4954780496962,14210.840522849016,13079.947179879004,0.14210840522849016,10,10,1.0,79.8,15.124814048443703,0.1895340106321266,40,0.029694607832603238,11.827425198678837,67.47030622431156,2.661341193672964,2012-01-10 11:15:00,2021-05-31 19:00:00,RBB_M,5,10,1.5,1,29,46,52,-39,9,18,4,2250,5000,48,369,-66255.95264875304,371771.78704936896,438027.73969812196,0.8487402813931031,0.3712737127371274,-179.55542723239307,2713.662679192474,-1888.0506021470774,103204.81138700253,101147.34190175796,1.0320481138700253,5,2,0.4,73.8,22.604424345689498,0.30629301281422083,43,0.0,0.0,0.0,0.0,False,False,False
618,120581.4597297536,276595.66326235654,156014.203532603,1.7728877050899734,0.5485436893203883,195.11563063066924,815.9164108034116,-559.1906936652437,12225.785059493399,8818.71720032733,0.12225785059493399,10,9,0.9,61.8,12.568213874691981,0.20336915654841395,29,0.07340037595962338,9.862880718332384,62.65917814977807,2.6580126193267253,2012-01-10 13:30:00,2021-05-27 23:00:00,RBB_M,5,50,1.5,1,17,46,27,45,1,0,4,1250,0,48,282,3856.8218229824124,214939.5318896121,211082.71006662966,1.01827161410693,0.34397163120567376,13.676673131143307,2215.871462779506,-1140.987621981782,20540.274794590034,17095.47104479879,0.20540274794590033,5,3,0.6,56.4,17.3735431043872,0.30804154440402837,31,2.743142606529167,0.18776875487557912,1501.8473131318422,0.14374101177452508,False,False,False
618,118159.34662043203,274173.550153035,156014.203532603,1.7573627525248987,0.5485436893203883,191.1963537547444,808.7715343747344,-559.1906936652437,11752.141964827286,8818.717200327344,0.11752141964827285,10,9,0.9,61.8,12.568213874691981,0.20336915654841395,29,0.05070271773967342,10.054281761917819,61.466349823293456,2.6565894637738765,2012-01-10 13:30:00,2021-05-27 23:00:00,RBB_M,5,50,1.5,1,17,46,27,45,1,0,4,1250,6000,48,282,11268.21004702738,221091.92011365702,209823.71006662966,1.0537032256433227,0.3475177304964539,39.95819165612546,2256.0400011597653,-1140.3462503621176,18510.829132642146,17056.200966441866,0.18510829132642145,5,2,0.4,56.4,17.3735431043872,0.30804154440402837,31,0.5316727301849029,0.6087361061075826,463.25492634761156,0.4423807741424634,False,False,False
618,118123.04422701773,272369.92101108946,154246.87678407173,1.7658050956349456,0.551779935275081,191.13761201782805,798.7387712935175,-556.8479306284178,11752.141964827286,8818.717200327344,0.11752141964827285,10,9,0.9,61.8,12.568213874691981,0.20336915654841395,29,0.03378680278786074,10.051192759630156,61.48524008833554,2.6557732731075214,2012-01-10 13:30:00,2021-05-27 23:00:00,RBB_M,5,50,1.5,1,17,46,27,45,1,0,4,1250,4000,48,282,1954.9418951148182,208001.65196174447,206046.71006662966,1.0094878578477795,0.35815602836879434,6.932418067783043,2059.4222966509356,-1138.379613627788,22142.25082617069,19322.199808972015,0.2214225082617069,5,3,0.6,56.4,17.3735431043872,0.30804154440402837,31,2.0414929006192275,0.08829011605289039,3194.015509403876,0.07017415908725942,False,False,False
618,123415.51469822091,293658.310865761,170242.79616754013,1.7249382498203603,0.558252427184466,199.7014800942086,851.183509755829,-623.5999859616854,12859.999018509014,9452.931159342945,0.12859999018509014,10,9,0.9,61.8,12.568213874691981,0.20336915654841395,29,0.07171484476296308,9.596852575229022,64.3961127000278,2.6525536133942538,2012-01-10 13:30:00,2021-05-27 23:00:00,RBB_M,5,50,1.5,1,17,46,27,45,1,0,4,2000,0,48,282,-8541.310497448947,249619.0594525158,258160.36994996478,0.9669147108090045,0.41134751773049644,-30.28833509733669,2151.888443556171,-1555.1829515058118,33835.96075406086,28955.76646957029,0.3383596075406086,5,2,0.4,56.4,17.3735431043872,0.30804154440402837,31,0.0,0.0,0.0,0.0,False,False,False
799,166346.8443080966,417644.5962801417,251297.75197204505,1.6619511834176752,0.5444305381727159,208.19379763216094,960.1025201842338,-690.3784394836402,14210.840522849016,13079.947179879004,0.14210840522849016,10,10,1.0,79.9,15.208221460775748,0.19034069412735605,40,0.026997807013892417,11.705630222268308,68.25775159717718,2.6306390278450893,2012-01-10 11:15:00,2021-05-31 19:00:00,RBB_M,5,10,1.5,1,29,46,52,-39,9,18,4,2250,4500,48,372,-57570.261833010016,376394.5089766986,433964.7708097086,0.8673388585769459,0.3817204301075269,-154.7587683683065,2650.665556173934,-1886.8033513465593,87238.83460036595,84908.66121132049,0.8723883460036596,5,1,0.2,74.4,22.68567830151878,0.3049150309343922,44,0.0,0.0,0.0,0.0,False,False,False
618,121691.58345997546,291797.6326273838,170106.04916740838,1.71538657240939,0.5631067961165048,196.9119473462386,838.4989443315627,-630.0224043237347,12727.892834001686,9815.399636370406,0.12727892834001686,10,9,0.9,61.8,12.568213874691981,0.20336915654841395,29,0.03279602324603366,9.561015719340817,64.63748393906081,2.6290398364907297,2012-01-10 13:30:00,2021-05-27 23:00:00,RBB_M,5,50,1.5,1,17,46,27,45,1,0,4,2250,4000,48,282,6980.645896251983,260045.02414404647,253064.37824779452,1.027584466626973,0.44680851063829785,24.754063461886464,2063.8493979686227,-1622.2075528704777,24264.580461659687,21911.594488938434,0.24264580461659688,5,3,0.6,56.4,17.3735431043872,0.30804154440402837,31,0.5717235996948119,0.28768871183584066,980.226155557029,0.2393665505472885,False,False,False
618,131207.94130036535,303448.9583646035,172241.01706423817,1.761769429470047,0.5631067961165048,212.3105846284229,871.9797654155274,-637.9296928305117,14862.106793017272,11928.68202851733,0.1486210679301727,10,9,0.9,61.8,12.568213874691981,0.20336915654841395,29,0.03803885611294248,8.828354090552716,70.00172327266824,2.6232205873394827,2012-01-10 13:30:00,2021-05-27 23:00:00,RBB_M,5,50,1.5,1,17,46,27,45,1,0,4,2500,5000,48,282,-4190.178586644186,262758.0433897801,266948.2219764243,0.9843034032756576,0.4432624113475177,-14.858789314341085,2102.0643471182407,-1700.3071463466515,30681.321267710882,28478.992426598044,0.3068132126771088,5,3,0.6,56.4,17.3735431043872,0.30804154440402837,31,0.0,0.0,0.0,0.0,False,False,False
618,126006.00205817909,298247.01912241726,172241.01706423817,1.7315679168985894,0.5631067961165048,203.89320721388202,857.0316641448771,-637.9296928305117,13727.892834001686,10815.399636370406,0.13727892834001687,10,9,0.9,61.8,12.568213874691981,0.20336915654841395,29,0.03564115936260266,9.178830544632703,67.32883856989535,2.621224218264243,2012-01-10 13:30:00,2021-05-27 23:00:00,RBB_M,5,50,1.5,1,17,46,27,45,1,0,4,2500,4500,48,282,1883.3335987925893,265496.4227549231,263613.0891561305,1.0071443098854518,0.450354609929078,6.678487938980814,2090.5230138182924,-1700.7296074589065,32222.930514996486,30052.176099713615,0.32222930514996484,5,3,0.6,56.4,17.3735431043872,0.30804154440402837,31,2.3846014337975987,0.058446999347749884,4824.8841368595695,0.05604011053970688,False,False,False
807,178191.67813988822,434465.97419840936,256274.29605852114,1.695316232960006,0.5291201982651796,220.80753177185653,1017.4847170922935,-674.4060422592662,16180.373973161637,15049.480630191625,0.16180373973161638,10,10,1.0,80.7,15.356106277308712,0.19028632313889357,41,0.028009164356608437,11.012828160551448,73.2781796133638,2.6147065826674436,2012-01-10 11:15:00,2021-05-31 19:00:00,RBB_M,6,10,1.5,1,29,46,52,53,9,18,4,1750,5000,184,403,-50702.579594131705,377657.7721545464,428360.35174867813,0.8816356850321215,0.32754342431761785,-125.81285259089753,2861.0437284435334,-1580.6655046076685,83022.69735627611,82028.15272864913,0.8302269735627611,5,1,0.2,80.6,24.12135982899803,0.29927245445406986,51,0.0,0.0,0.0,0.0,False,False,False
618,135854.21227965102,352531.557004197,216677.34472454595,1.6269885411987006,0.540453074433657,219.82882245898224,1055.4837036053802,-762.9483969174154,16174.542639242121,14022.40015766985,0.1617454263924212,10,9,0.9,61.8,12.568213874691981,0.20336915654841395,29,0.08296190665567085,8.399261438777637,73.57789783120965,2.6035863360943656,2012-01-10 13:30:00,2021-05-27 23:00:00,RBB_M,5,50,1.5,1,17,46,27,45,1,0,4,4000,0,0,282,72790.59475800474,388351.57234604994,315560.9775880452,1.2306704565132593,0.46099290780141844,258.1226764468253,2987.319787277307,-2076.0590630792444,29268.577354848378,25564.980433339282,0.2926857735484838,5,3,0.6,56.4,17.3735431043872,0.30804154440402837,31,0.6750606824255951,2.4869877983989843,113.39018236500374,2.2726298549355173,True,True,True
618,123346.1450596696,296219.5209756092,172873.3759159396,1.7135057345073608,0.5598705501618123,199.5892314881385,856.1257831665006,-635.5638820438955,13362.106793017301,10428.68202851736,0.133621067930173,10,9,0.9,61.8,12.568213874691981,0.20336915654841395,29,0.08099969395206297,9.23104020723193,66.9480346879907,2.6007762548991775,2012-01-10 13:30:00,2021-05-27 23:00:00,RBB_M,5,50,1.5,1,17,46,27,45,1,0,4,2250,10000,48,282,-4112.606164452234,258813.90490363608,262926.51106808835,0.9843583435244107,0.42907801418439717,-14.583709803022106,2138.9578917655876,-1633.0839196775673,30208.882515081707,26714.389192093753,0.3020888251508171,5,3,0.6,56.4,17.3735431043872,0.30804154440402837,31,0.0,0.0,0.0,0.0,False,False,False
618,135594.3740784853,352271.71880303125,216677.34472454595,1.6257893470628482,0.540453074433657,219.40837229528367,1054.7057449192553,-762.9483969174154,16174.54263924215,14022.40015766988,0.1617454263924215,10,9,0.9,61.8,12.568213874691981,0.20336915654841395,29,0.07368299804398203,8.38319679899391,73.71889445255154,2.5986066510422883,2012-01-10 13:30:00,2021-05-27 23:00:00,RBB_M,5,50,1.5,1,17,46,27,45,1,0,4,4000,10000,0,282,29715.046370836673,345276.0239588819,315560.9775880452,1.094165782467656,0.46099290780141844,105.37250486112295,2655.969415068322,-2076.0590630792444,31159.686937283914,28942.03212039498,0.31159686937283915,5,3,0.6,56.4,17.3735431043872,0.30804154440402837,31,0.33622696984264167,0.9536375134527213,295.7098436480297,0.8991540728990676,False,False,False
618,127275.09542879602,343814.66028156347,216539.56485276745,1.5877683162212626,0.5436893203883495,205.94675635727512,1023.2579175046532,-767.8707973502392,14423.638693169967,11030.36845928224,0.14423638693169968,10,9,0.9,61.8,12.568213874691981,0.20336915654841395,29,0.04707126700487655,8.824062924500781,70.03576530308607,2.5829791078912634,2012-01-10 13:30:00,2021-05-27 23:00:00,RBB_M,5,50,1.5,1,17,46,27,45,1,0,4,5000,6000,0,282,11796.184587646268,340004.46633195016,328208.2817443039,1.0359411545770691,0.4645390070921986,41.830441800164074,2595.453941465268,-2173.564779763602,38155.17125267845,35937.51643578951,0.3815517125267845,5,3,0.6,56.4,17.3735431043872,0.30804154440402837,31,0.5078760810740589,0.3091634554468994,912.1388541616788,0.3225663816440103,False,False,False
798,162555.58369712945,428020.29251926625,265464.70882213674,1.6123434803005883,0.5288220551378446,203.7037389688339,1014.2660960172186,-706.023161761002,14140.840522849016,13009.947179879004,0.14140840522849016,10,10,1.0,79.8,15.124814048443703,0.1895340106321266,40,0.03070334396694203,11.495468281002767,69.41865963988282,2.580267563890985,2012-01-10 11:15:00,2021-05-31 19:00:00,RBB_M,5,10,1.5,1,29,46,52,-39,9,18,4,2250,5000,0,369,-68581.3117459515,374011.95814001735,442593.2698859689,0.8450466457304671,0.36585365853658536,-185.85721340366263,2770.4589491853135,-1891.4242302819182,100758.60604360778,98764.0614159808,1.0075860604360778,5,1,0.2,73.8,22.604424345689498,0.30629301281422083,43,0.0,0.0,0.0,0.0,False,False,False
618,126847.7891909859,334890.31645487086,208042.52726388496,1.6097204781121017,0.5469255663430421,205.25532231551117,990.7997528250617,-743.0090259424463,14390.586961734603,11229.230056400731,0.14390586961734603,10,9,0.9,61.8,12.568213874691981,0.20336915654841395,29,0.03146290546689015,8.814636229104584,70.11066412014353,2.57726174724942,2012-01-10 13:30:00,2021-05-27 23:00:00,RBB_M,5,50,1.5,1,17,46,27,45,1,0,4,4000,4000,0,282,21659.10374411621,322833.4890655358,301174.3853214195,1.0719154908243649,0.48226950354609927,76.80533242594402,2373.7756548936454,-2062.838255626161,30342.80742314639,25910.25032532953,0.3034280742314639,5,3,0.6,56.4,17.3735431043872,0.30804154440402837,31,0.18426431892797837,0.7138134399387845,395.06120818372915,0.664151025371098,False,False,False
799,160029.407310645,422003.728711303,261974.32140065788,1.6108591348000845,0.5294117647058824,200.28711803585108,997.6447487264845,-696.7402164911114,13744.321476960482,12613.42813399047,0.13744321476960483,10,10,1.0,79.9,15.208221460775748,0.19034069412735605,40,0.028063592032695497,11.643310845057087,68.62309274678499,2.5733254774471406,2012-01-10 11:15:00,2021-05-31 19:00:00,RBB_M,5,10,1.5,1,29,46,52,-39,9,18,4,2000,4500,0,384,-88033.87470918476,356255.88277921086,444289.7574883956,0.8018548183355676,0.3411458333333333,-229.25488205516865,2719.510555566495,-1756.0859979778484,100822.59089539506,98598.95759848866,1.0082259089539505,5,1,0.2,76.8,24.432764886520722,0.3181349594599053,44,0.0,0.0,0.0,0.0,False,False,False
811,151841.22255803732,408120.7646411387,256279.5420831014,1.5924828073432453,0.5215782983970407,187.2271548187883,964.8245026977274,-660.5142837193335,12089.96691918475,10818.524292993068,0.1208996691918475,10,9,0.9,81.1,14.397569239284802,0.17752859727848094,45,0.02628403494627123,12.559275271224339,64.57378968817999,2.564836208056614,2012-01-10 11:15:00,2021-05-31 19:00:00,RBB_M,5,10,1.5,1,29,46,52,-39,9,18,4,1500,4000,0,409,-30845.559989210356,356684.8254242457,387530.38541345595,0.9204047962424904,0.3276283618581907,-75.41701708853388,2661.8270554048186,-1409.2014015034763,65246.58345494189,61862.00740549843,0.6524658345494189,5,1,0.2,81.8,24.432764886520722,0.2986890572924294,49,0.0,0.0,0.0,0.0,False,False,False
618,121299.18118224441,294172.557098184,172873.3759159396,1.7016649066957925,0.5598705501618123,196.276992204279,850.2097025959075,-635.5638820438955,13362.106793017301,10428.68202851736,0.133621067930173,10,9,0.9,61.8,12.568213874691981,0.20336915654841395,29,0.049390275693608335,9.07784850556892,68.07780495795674,2.557615643398361,2012-01-10 13:30:00,2021-05-27 23:00:00,RBB_M,5,50,1.5,1,17,46,27,45,1,0,4,2250,6000,48,282,8436.848849668742,269104.35991775704,260667.51106808832,1.032366322964832,0.4326241134751773,29.917903722229582,2205.7734419488283,-1629.171944175552,31018.782205880998,28179.76644619622,0.31018782205880996,5,3,0.6,56.4,17.3735431043872,0.30804154440402837,31,0.7100992451980724,0.2719916208725035,1036.7966450414585,0.2558716343818004,False,False,False
618,115756.62900324809,307338.37488631933,191581.74588307124,1.6042153362246643,0.5453074433656958,187.30846117030435,911.9833082680099,-681.78557253762,12216.493197631266,9283.068433131339,0.12216493197631266,10,9,0.9,61.8,12.568213874691981,0.20336915654841395,29,0.025838693004061768,9.475438420060913,65.22125653749193,2.552627665639915,2012-01-10 13:30:00,2021-05-27 23:00:00,RBB_M,5,50,1.5,1,17,46,27,45,1,0,4,2250,3000,0,282,20844.510664481524,276672.3612830363,255827.85061855474,1.0814786608028897,0.450354609929078,73.91670448397704,2178.5225297876873,-1650.502262055192,23931.242849946437,22774.99188443165,0.23931242849946438,5,3,0.6,56.4,17.3735431043872,0.30804154440402837,31,0.14349101536341566,0.8710166369202249,323.75960233906295,0.7197195896662788,False,False,False
618,124586.41861888912,335500.16601099557,210913.74739210645,1.5906984260597885,0.5485436893203883,201.59614663250667,989.6760059321404,-755.9632523014568,14151.351901143353,11030.36845928224,0.14151351901143353,10,9,0.9,61.8,12.568213874691981,0.20336915654841395,29,0.032033989292271914,8.803852768923315,70.19653965380654,2.552622634936758,2012-01-10 13:30:00,2021-05-27 23:00:00,RBB_M,5,50,1.5,1,17,46,27,45,1,0,4,5000,4000,0,282,15799.063678952472,327914.30730897107,312115.24363001855,1.0506193273202662,0.48936170212765956,56.02504850692366,2376.1906326737035,-2167.4669696529068,31741.564025005377,29361.505378384063,0.31741564025005375,5,3,0.6,56.4,17.3735431043872,0.30804154440402837,31,0.2526099065805282,0.4977405545141469,566.5602238806221,0.4736651523546092,False,False,False
618,127590.76011126484,302340.777175503,174750.01706423817,1.73013303377454,0.5614886731391586,206.45754063311463,871.2990696700375,-644.834011307152,14862.106793017272,11928.68202851733,0.1486210679301727,10,9,0.9,61.8,12.568213874691981,0.20336915654841395,29,0.058711147997453056,8.58497128894346,71.98626287730502,2.550902829211841,2012-01-10 13:30:00,2021-05-27 23:00:00,RBB_M,5,50,1.5,1,17,46,27,45,1,0,4,2500,7500,48,282,825.3982181889951,272791.6201946133,271966.22197642433,1.0030349291621241,0.43617021276595747,2.9269440361311885,2217.8180503627095,-1710.4793834995241,34701.03199473222,32042.693359656187,0.34701031994732223,5,2,0.4,56.4,17.3735431043872,0.30804154440402837,31,9.075619300991455,0.023785984760173542,11855.72104091193,0.023667183498602508,False,False,False
804,158214.66858039983,412040.03097358794,253825.36239318814,1.6233209600832457,0.5286069651741293,196.78441365721372,969.5059552319716,-669.7239113276732,13514.96691918475,12782.524292993068,0.1351496691918475,10,9,0.9,80.4,14.92112596287559,0.18558614381686056,42,0.02522522112399393,11.706626403636337,68.67905169932303,2.549685171885704,2012-01-10 11:15:00,2021-05-31 19:00:00,RBB_M,5,10,1.5,1,29,46,52,-39,9,18,4,1750,4000,0,399,-53222.58133340519,363278.0186560298,416500.59998943494,0.8722148747570706,0.3433583959899749,-133.38992815389773,2651.664369752042,-1589.6969465245609,82908.07584375096,78767.52153026868,0.8290807584375096,5,1,0.2,79.8,24.967178454923577,0.31287191046270146,46,0.0,0.0,0.0,0.0,False,False,False
618,122205.86953759371,295079.2454535333,172873.3759159396,1.7069097186892261,0.5598705501618123,197.744125465362,852.8301891720616,-635.5638820438955,13835.749887683414,10428.682028517345,0.13835749887683416,10,9,0.9,61.8,12.568213874691981,0.20336915654841395,29,0.0724247084973393,8.832616267975572,69.96794395344484,2.5322442510814915,2012-01-10 13:30:00,2021-05-27 23:00:00,RBB_M,5,50,1.5,1,17,46,27,45,1,0,4,2250,0,48,282,-3265.9405849442264,259660.57048314408,262926.51106808835,0.9875785040782802,0.42907801418439717,-11.581349592000803,2145.9551279598686,-1633.0839196775673,29951.029203988248,26456.535881000294,0.2995102920398825,5,3,0.6,56.4,17.3735431043872,0.30804154440402837,31,0.0,0.0,0.0,0.0,False,False,False
618,102372.94498795301,285309.1343577192,182936.18936976627,1.5596101314925064,0.5420711974110033,165.6520145436133,851.6690577842364,-646.4176302818596,9716.493197631295,7784.013545904447,0.09716493197631294,10,9,0.9,61.8,12.568213874691981,0.20336915654841395,29,0.02433260076959918,10.535997185991926,58.65605211262379,2.5313098029837575,2012-01-10 13:30:00,2021-05-27 23:00:00,RBB_M,5,50,1.5,1,17,46,27,45,1,0,4,1750,2500,0,282,-7690.766888759907,230164.39998332513,237855.166872085,0.9676661769012743,0.425531914893617,-27.272223009786902,1918.0366665277095,-1468.2417708153396,28827.145560887373,27638.394853280704,0.28827145560887374,5,1,0.2,56.4,17.3735431043872,0.30804154440402837,31,0.0,0.0,0.0,0.0,False,False,False
618,131342.82769488447,348020.17241943046,216677.34472454595,1.606167792308217,0.540453074433657,212.5288474027257,1041.9765641300312,-762.9483969174154,16174.54263924215,14022.40015766988,0.1617454263924215,10,9,0.9,61.8,12.568213874691981,0.20336915654841395,29,0.057033947962517935,8.120342604076159,76.10516330798447,2.517127631099728,2012-01-10 13:30:00,2021-05-27 23:00:00,RBB_M,5,50,1.5,1,17,46,27,45,1,0,4,4000,7500,0,282,27653.370432126205,343214.3480201714,315560.9775880452,1.0876324146397682,0.46099290780141844,98.06159727704328,2640.1103693859336,-2076.0590630792444,34524.38276228793,32306.727945398998,0.3452438276228793,5,3,0.6,56.4,17.3735431043872,0.30804154440402837,31,0.2708892219263572,0.800980878428125,352.0683297126985,0.7949491626347726,False,False,False
618,130253.07456227041,308439.9583646035,178186.88380233312,1.7309913714342924,0.5647249190938511,210.7654928192078,883.7821156578898,-662.4047724993796,16045.449687946239,12884.092782612366,0.1604544968794624,10,9,0.9,61.8,12.568213874691981,0.20336915654841395,29,0.038317713549356106,8.117757812678814,76.12939610427519,2.506264579989362,2012-01-10 13:30:00,2021-05-27 23:00:00,RBB_M,5,50,1.5,1,17,46,27,45,1,0,4,4000,5000,48,282,-20151.751344179218,277051.29962256236,297203.0509667415,0.9321953416069264,0.4645390070921986,-71.4601111495717,2114.895416966125,-1968.2321256075597,43270.79740922715,38401.53244849946,0.43270797409227146,5,1,0.2,56.4,17.3735431043872,0.30804154440402837,31,0.0,0.0,0.0,0.0,False,False,False
618,130536.46600089282,343204.81072543876,212668.34472454595,1.613802990614176,0.5420711974110033,211.22405501762591,1024.4919723147425,-751.4782499100563,16174.54263924218,14022.400157669908,0.1617454263924218,10,9,0.9,61.8,12.568213874691981,0.20336915654841395,29,0.045895221339598884,8.070488848580439,76.57528702349963,2.5016740632404897,2012-01-10 13:30:00,2021-05-27 23:00:00,RBB_M,5,50,1.5,1,17,46,27,45,1,0,4,4000,6000,0,282,23353.670500469663,338914.6480885149,315560.9775880452,1.07400683911861,0.46099290780141844,82.8144343988286,2607.035754527038,-2076.0590630792444,39578.47788280407,37360.82306591514,0.39578477882804075,5,3,0.6,56.4,17.3735431043872,0.30804154440402837,31,0.256533550042145,0.5900598443836641,477.9176259563261,0.6270177723442221,False,False,False
618,122248.58714296817,293981.27745867515,171732.69031570692,1.7118539103896353,0.5647249190938511,197.81324780415562,842.3532305406164,-638.4114881624793,14227.892834001686,11294.468069501745,0.14227892834001687,10,9,0.9,61.8,12.568213874691981,0.20336915654841395,29,0.03264659406928422,8.592177954195693,71.92588460044884,2.4979770009115496,2012-01-10 13:30:00,2021-05-27 23:00:00,RBB_M,5,50,1.5,1,17,46,27,45,1,0,4,2500,4000,48,282,2973.8379398721663,264077.9270960027,261104.0891561305,1.0113894728706985,0.45390070921985815,10.545524609475766,2063.108805437521,-1695.481098416432,26761.749922785173,24590.995507502303,0.2676174992278517,5,2,0.4,56.4,17.3735431043872,0.30804154440402837,31,1.3420368159576166,0.11112270118555351,2537.7352871319636,0.09709889556777905,False,False,False
799,157313.11625934197,422634.72756538464,265321.61130604264,1.5929148232025652,0.5306633291614519,196.8875047050588,996.7800178428884,-707.5242968161137,14140.840522849016,13009.947179879004,0.14140840522849016,10,10,1.0,79.9,15.208221460775748,0.19034069412735605,40,0.028548159916915408,11.124735902731716,71.82192970565735,2.4939279205062745,2012-01-10 11:15:00,2021-05-31 19:00:00,RBB_M,5,10,1.5,1,29,46,52,-39,9,18,4,2250,4500,0,372,-60625.01089486585,377905.29010268976,438530.30099755555,0.8617541119576964,0.3763440860215054,-162.97045939480068,2699.3235007334983,-1890.216814644636,84110.99709743977,81780.82370839432,0.8411099709743978,5,1,0.2,74.4,22.68567830151878,0.3049150309343922,44,0.0,0.0,0.0,0.0,False,False,False
800,150606.20143584473,400261.1231918412,249654.9217559964,1.6032574898845446,0.54125,188.25775179480593,924.3905847386633,-680.2586423869111,12960.840522849016,11829.947179879004,0.12960840522849015,10,10,1.0,80.0,14.946571513226704,0.18683214391533381,41,0.02649957280610445,11.620095253107774,68.84625147853598,2.4908044858940985,2012-01-10 11:15:00,2021-05-31 19:00:00,RBB_M,5,10,1.5,1,29,46,52,-39,9,18,4,2000,4000,48,389,-79649.1938455081,361010.63462631765,440659.8284718257,0.8192501591948481,0.35989717223650386,-204.7537116851108,2578.647390187983,-1769.718186633838,97920.50228350979,95599.90751259736,0.9792050228350979,5,1,0.2,77.8,24.94313532818198,0.32060585254732626,44,0.0,0.0,0.0,0.0,False,False,False
807,174214.88767423958,418599.62495442893,244384.7372801893,1.7128713912870128,0.5328376703841388,215.87966254552612,973.4874998940207,-648.2353774010326,17082.473017676763,16201.030391485081,0.17082473017676764,10,9,0.9,80.7,14.710880327159215,0.18229095820519473,43,0.0365694307385149,10.198458238099592,79.12960774651155,2.4879389168872215,2012-01-10 11:15:00,2021-05-31 19:00:00,RBB_M,5,10,1.5,1,29,46,52,-39,9,18,4,1500,6000,48,396,-53389.14348245062,331143.7206067416,384532.86408919224,0.8611584380208734,0.30808080808080807,-134.82106940012784,2714.292791858538,-1403.4046134642053,94727.42375539601,93240.63353267088,0.9472742375539601,5,1,0.2,79.2,22.96432015105172,0.289953537260754,49,0.0,0.0,0.0,0.0,False,False,False
618,124551.13532008415,302738.01912241726,178186.88380233312,1.698991601751404,0.5647249190938511,201.53905391599378,867.4441808665251,-662.4047724993796,14911.235728930595,12387.331549447874,0.14911235728930594,10,9,0.9,61.8,12.568213874691981,0.20336915654841395,29,0.03605747943170949,8.352837925996408,73.98683004211158,2.4860264913792904,2012-01-10 13:30:00,2021-05-27 23:00:00,RBB_M,5,50,1.5,1,17,46,27,45,1,0,4,4000,4500,48,282,-12386.040281274334,279981.8778651734,292367.91814644774,0.9576354329168559,0.4716312056737589,-43.92212865700118,2105.126901241905,-1962.2007929291794,45770.79740922715,40901.53244849946,0.4577079740922715,5,2,0.4,56.4,17.3735431043872,0.30804154440402837,31,0.0,0.0,0.0,0.0,False,False,False
806,173236.21053459862,417620.94781478785,244384.7372801893,1.7088667339154724,0.532258064516129,214.93326369056902,973.4754028316734,-648.2353774010326,17082.473017676733,16201.030391485052,0.17082473017676733,10,9,0.9,80.6,14.62326912834473,0.18143013806879318,43,0.04324153695629299,10.141166934982769,79.47803296873442,2.4770319953440763,2012-01-10 11:15:00,2021-05-31 19:00:00,RBB_M,5,10,1.5,1,29,46,52,-39,9,18,4,1500,7500,48,394,-72540.19790889602,315010.6661802962,387550.86408919224,0.8128240583868203,0.29949238578680204,-184.11217743374624,2669.5819167821714,-1404.1697974246097,94641.41354958847,91787.50221886788,0.9464141354958847,5,1,0.2,78.8,22.7806935803105,0.28909509619683377,49,0.0,0.0,0.0,0.0,False,False,False
618,126822.67132976415,303448.9583646035,176626.28703483936,1.7180282927237693,0.5631067961165048,205.21467852712647,871.9797654155274,-654.171433462368,15578.979481165385,12645.554716665443,0.15578979481165384,10,9,0.9,61.8,12.568213874691981,0.20336915654841395,29,0.039354162372297045,8.140627663261881,75.91552218866286,2.4765224748755768,2012-01-10 13:30:00,2021-05-27 23:00:00,RBB_M,5,50,1.5,1,17,46,27,45,1,0,4,3000,5000,48,282,-12910.58750500714,268261.4985000304,281172.08600503753,0.9540829685889379,0.4574468085106383,-45.78222519506078,2079.5465000002355,-1837.7260523205068,37162.44051741858,34944.78570052965,0.3716244051741858,5,2,0.4,56.4,17.3735431043872,0.30804154440402837,31,0.0,0.0,0.0,0.0,False,False,False
795,159771.68481027984,421932.94959816843,262161.2647878886,1.6094404714577077,0.5446540880503145,200.97067271733314,974.4409921435761,-724.2023889168194,14980.742967071754,13849.849624101742,0.14980742967071753,10,10,1.0,79.5,14.908051515875574,0.18752266057705125,40,0.031238326152262463,10.665137581057502,74.54193571886127,2.473257670090311,2012-01-10 11:15:00,2021-05-31 19:00:00,RBB_M,5,10,1.5,1,29,46,52,-39,9,18,4,3000,5000,48,360,-76324.38831976164,393585.26988656016,469909.65820632176,0.8375764639290515,0.40555555555555556,-212.01218977711565,2695.78951977096,-2195.8395243286063,124460.97962139122,122439.73712268175,1.2446097962139122,5,2,0.4,72.0,21.863211109075447,0.3036557098482701,42,0.0,0.0,0.0,0.0,False,False,False
618,123653.14874266232,298403.1658069005,174750.01706423817,1.707600209831209,0.5614886731391586,200.08600120171897,859.9514864752175,-644.834011307152,14862.106793017301,11928.68202851736,0.14862106793017302,10,9,0.9,61.8,12.568213874691981,0.20336915654841395,29,0.08079858945438197,8.320028274911776,74.27859372347544,2.472178758818766,2012-01-10 13:30:00,2021-05-27 23:00:00,RBB_M,5,50,1.5,1,17,46,27,45,1,0,4,2500,10000,48,282,-5440.735423881895,266525.48655254237,271966.22197642433,0.9799948119132471,0.43617021276595747,-19.293388027949984,2166.8738744109137,-1710.4793834995241,32201.03199473222,29542.693359656187,0.3220103199473222,5,2,0.4,56.4,17.3735431043872,0.30804154440402837,31,0.0,0.0,0.0,0.0,False,False,False
618,121620.7320875779,298247.01912241726,176626.28703483936,1.688576622026756,0.5631067961165048,196.7973011125856,857.0316641448771,-654.171433462368,14456.671981606749,12223.436578167064,0.1445667198160675,10,9,0.9,61.8,12.568213874691981,0.20336915654841395,29,0.036926270076766805,8.412775239164047,73.45970650957375,2.4654053230057027,2012-01-10 13:30:00,2021-05-27 23:00:00,RBB_M,5,50,1.5,1,17,46,27,45,1,0,4,3000,4500,48,282,-6337.0753195703655,270999.8778651734,277336.95318474376,0.9771502670423114,0.4645390070921986,-22.471898296348815,2068.7013577494154,-1836.6685641373758,38600.69708628599,36414.61669522702,0.3860069708628599,5,3,0.6,56.4,17.3735431043872,0.30804154440402837,31,0.0,0.0,0.0,0.0,False,False,False
618,118509.15859954304,286287.6974232651,167778.53882372205,1.7063427744120223,0.5501618122977346,191.76239255589488,842.0226394801914,-603.5199238263383,13752.141964827286,10818.717200327344,0.13752141964827286,10,9,0.9,61.8,12.568213874691981,0.20336915654841395,29,0.06321030449058378,8.617505469522063,71.71448886057684,2.463097598502466,2012-01-10 13:30:00,2021-05-27 23:00:00,RBB_M,5,50,1.5,1,17,46,27,45,1,0,4,1500,7500,48,282,-17579.955046439653,221146.07899735676,238726.03404379642,0.9263592883078079,0.3617021276595745,-62.34026612212643,2168.098813699576,-1326.255744687758,34243.758600501715,32825.99160178661,0.34243758600501717,5,2,0.4,56.4,17.3735431043872,0.30804154440402837,31,0.0,0.0,0.0,0.0,False,False,False
807,175243.18044645595,429118.4052496492,253875.2248031932,1.6902728715742403,0.5204460966542751,217.15387911580663,1021.7104886896409,-656.0083328247887,17647.473017676763,16376.030391485081,0.17647473017676762,10,9,0.9,80.7,14.710880327159215,0.18229095820519473,43,0.03635484845795665,9.930213819900557,81.26713227289616,2.462236036167591,2012-01-10 11:15:00,2021-05-31 19:00:00,RBB_M,5,10,1.5,1,29,46,52,-39,9,18,4,1500,6000,0,396,-53104.692797031734,334946.2647264011,388050.9575234328,0.8631502080655865,0.3005050505050505,-134.10275958846398,2814.674493499169,-1400.9059838391076,92862.42375539601,91375.63353267088,0.9286242375539602,5,1,0.2,79.2,22.96432015105172,0.289953537260754,49,0.0,0.0,0.0,0.0,False,False,False
806,174869.503306815,428744.7281100082,253875.2248031932,1.6888009786790958,0.5198511166253101,216.95968152210298,1023.2571076611174,-656.0083328247887,17647.473017676733,16376.030391485052,0.17647473017676735,10,9,0.9,80.6,14.62326912834473,0.18143013806879318,43,0.04283765812988423,9.90903927897527,81.3398733528233,2.4600340938615144,2012-01-10 11:15:00,2021-05-31 19:00:00,RBB_M,5,10,1.5,1,29,46,52,-39,9,18,4,1500,7500,0,394,-71228.69038376321,319840.2671396696,391068.9575234328,0.8178615586498063,0.2918781725888325,-180.7834781313787,2781.2197142579967,-1401.6808513384688,92611.41354958848,89922.5022188679,0.9261141354958848,5,1,0.2,78.8,22.7806935803105,0.28909509619683377,49,0.0,0.0,0.0,0.0,False,False,False
618,118193.27705231145,284462.8158760335,166269.53882372205,1.7108534605224308,0.551779935275081,191.25125736619975,834.2018060880748,-600.2510426849171,13752.141964827286,10818.717200327344,0.13752141964827286,10,9,0.9,61.8,12.568213874691981,0.20336915654841395,29,0.04222744410234959,8.594535844278266,71.90615190829972,2.456532307772266,2012-01-10 13:30:00,2021-05-27 23:00:00,RBB_M,5,50,1.5,1,17,46,27,45,1,0,4,1500,5000,48,282,-18856.11437748973,216851.9196663067,235708.03404379642,0.9200022415273885,0.36879432624113473,-66.86565382088556,2085.1146121760257,-1324.2024384482945,30331.86806546346,28914.101066748357,0.3033186806546346,5,2,0.4,56.4,17.3735431043872,0.30804154440402837,31,0.0,0.0,0.0,0.0,False,False,False
618,107874.86526249757,293000.3031386813,185125.43787618369,1.5827122760657393,0.5339805825242718,174.55479815938116,887.8797064808524,-642.7966592923044,11466.493197631295,8533.068433131339,0.11466493197631294,10,9,0.9,61.8,12.568213874691981,0.20336915654841395,29,0.02772656997273501,9.407834060790439,65.68993415558566,2.455386348923159,2012-01-10 13:30:00,2021-05-27 23:00:00,RBB_M,5,50,1.5,1,17,46,27,45,1,0,4,1500,3000,0,282,-3994.0871360524834,229712.58014445752,233706.66728051,0.9829098280227558,0.375886524822695,-14.1634295604698,2167.0998126835616,-1327.8787913665342,24402.798415869758,22251.313761397854,0.2440279841586976,5,2,0.4,56.4,17.3735431043872,0.30804154440402837,31,0.0,0.0,0.0,0.0,False,False,False
618,131592.84170755424,353141.4065603217,221548.56485276745,1.5939683779716909,0.5420711974110033,212.93340082128518,1054.1534524188708,-782.8571196210864,17231.16148143811,11030.36845928224,0.1723116148143811,10,9,0.9,61.8,12.568213874691981,0.20336915654841395,29,0.08564846181353565,7.6369107125662845,80.92277404567548,2.4433735533977523,2012-01-10 13:30:00,2021-05-27 23:00:00,RBB_M,5,50,1.5,1,17,46,27,45,1,0,4,5000,0,0,282,61233.108845181334,389441.39058948524,328208.2817443039,1.1865678358868654,0.4645390070921986,217.13868384816075,2972.835042667826,-2173.564779763602,32934.57643597481,28426.84898575039,0.32934576435974805,5,2,0.4,56.4,17.3735431043872,0.30804154440402837,31,0.802475482597851,1.8592347457153182,151.67530654742788,1.8022478434998075,True,False,False
618,131333.00350638852,352881.56835915596,221548.56485276745,1.5927955506896077,0.5420711974110033,212.5129506575866,1053.3778159974804,-782.8571196210864,17231.16148143811,11030.36845928224,0.1723116148143811,10,9,0.9,61.8,12.568213874691981,0.20336915654841395,29,0.07607379511056413,7.621831160242106,81.08287719933818,2.438548961264529,2012-01-10 13:30:00,2021-05-27 23:00:00,RBB_M,5,50,1.5,1,17,46,27,45,1,0,4,5000,10000,0,282,18157.56045801328,346365.8422023172,328208.2817443039,1.0553232854500585,0.4645390070921986,64.38851226245843,2644.0140626131083,-2173.564779763602,32934.57643597481,28426.84898575039,0.32934576435974805,5,2,0.4,56.4,17.3735431043872,0.30804154440402837,31,0.55023911516653,0.5513221186649169,511.49770787882034,0.5344236932573614,False,False,False
618,98437.0294626347,271302.5919152092,172865.5624525745,1.5694426817350668,0.5097087378640777,159.28321919520178,861.2780695720927,-570.5134074342393,9695.562668107508,7099.0,0.09695562668107509,10,8,0.8,61.8,12.568213874691981,0.20336915654841395,29,0.030384907146505685,10.152791831920444,60.86995677947458,2.4366147573688597,2012-01-10 13:30:00,2021-05-27 23:00:00,RBB_M,5,50,1.5,1,17,46,27,45,1,0,4,1000,3000,0,282,20243.99328216764,198251.52192483604,178007.52864266842,1.1137254892336903,0.32978723404255317,71.78721022045262,2131.73679489071,-941.8387758871345,19153.43530853087,16962.0675076118,0.1915343530853087,5,4,0.8,56.4,17.3735431043872,0.30804154440402837,31,0.14774752976403557,1.0569379829816243,266.8084642057024,0.7813166715475847,False,False,False
796,157540.87582402563,419334.04309582023,261793.16727179455,1.60177611763437,0.5464824120603015,197.91567314576085,963.9863059674028,-725.1888290077411,14980.742967071754,13849.849624101742,0.14980742967071753,10,10,1.0,79.6,14.974645237867907,0.18812368389281292,40,0.028506887349137765,10.51622580871366,75.69255496020642,2.435661134136326,2012-01-10 11:15:00,2021-05-31 19:00:00,RBB_M,5,10,1.5,1,29,46,52,-39,9,18,4,3000,4500,48,364,-59808.02527010286,405519.8768366701,465327.90210677293,0.8714712249161894,0.4175824175824176,-164.3077617310518,2667.8939265570402,-2194.94293446591,97636.87137064183,95529.15229676059,0.9763687137064183,5,2,0.4,72.8,22.22071105972984,0.3052295475237616,43,0.0,0.0,0.0,0.0,False,False,False
618,121606.18486523714,296356.2019294753,174750.01706423817,1.6958865407179597,0.5614886731391586,196.77376191785945,854.0524551281709,-644.834011307152,14862.106793017301,11928.68202851736,0.14862106793017302,10,9,0.9,61.8,12.568213874691981,0.20336915654841395,29,0.04926558634035901,8.182297877335376,75.52890511500861,2.4312541186515246,2012-01-10 13:30:00,2021-05-27 23:00:00,RBB_M,5,50,1.5,1,17,46,27,45,1,0,4,2500,6000,48,282,5680.040893288926,275137.2628697132,269457.22197642433,1.0210795645098196,0.4397163120567376,20.141988983294063,2218.84889411059,-1705.4254555469895,34752.48959409979,32552.176099713615,0.3475248959409979,5,3,0.6,56.4,17.3735431043872,0.30804154440402837,31,1.054745927459515,0.16344270467038058,1725.3752657160026,0.16274690857871657,False,False,False
618,99523.52800265394,272613.82254033384,173090.29453767987,1.5749804070094109,0.5307443365695793,161.0413074476601,831.1397028668715,-596.8630846126892,9966.493197631295,7064.270705904099,0.09966493197631295,10,9,0.9,61.8,12.568213874691981,0.20336915654841395,29,0.025029257402667374,9.985812063395317,61.887806026851194,2.4297939990615767,2012-01-10 13:30:00,2021-05-27 23:00:00,RBB_M,5,50,1.5,1,17,46,27,45,1,0,4,1250,2500,0,282,7840.1737002705995,207883.8418360803,200043.6681358097,1.0391923112255066,0.3829787234042553,27.802034398122693,1924.850387371114,-1149.676253654079,21706.542099057908,20888.949387975088,0.21706542099057907,5,4,0.8,56.4,17.3735431043872,0.30804154440402837,31,0.31772255248809406,0.36118943609221266,780.7537314795792,0.2842396165253702,False,False,False
795,158936.37695247922,416941.94959816843,258005.57264568924,1.616019163162578,0.5433962264150943,199.91997100940782,965.1434018476122,-710.7591532939098,15460.840522849016,14329.947179879004,0.15460840522849015,10,10,1.0,79.5,14.908051515875574,0.18752266057705125,40,0.03140250265986793,10.279931205395522,77.3351478833571,2.4218262633748497,2012-01-10 11:15:00,2021-05-31 19:00:00,RBB_M,5,10,1.5,1,29,46,52,-39,9,18,4,2500,5000,48,367,-82350.07228121272,374414.20357431367,456764.2758555264,0.8197099102661437,0.3814713896457766,-224.38711793245972,2674.3871683879547,-2012.1774266763277,116119.0691763775,114061.59969113293,1.1611906917637749,5,1,0.2,73.4,22.231509170544406,0.30288159632894285,43,0.0,0.0,0.0,0.0,False,False,False
618,124795.26991042083,308439.9583646035,183644.6884541827,1.6795473964473295,0.5647249190938511,201.93409370618258,883.7821156578898,-682.6940091233557,15806.214627354988,12644.857722021115,0.1580621462735499,10,9,0.9,61.8,12.568213874691981,0.20336915654841395,29,0.03999350298759388,7.895329327898926,78.27412566772053,2.4193520383659965,2012-01-10 13:30:00,2021-05-27 23:00:00,RBB_M,5,50,1.5,1,17,46,27,45,1,0,4,5000,5000,48,282,-33507.174155993496,277051.29962256236,310558.47377855575,0.8921067142418863,0.4645390070921986,-118.81976651061524,2114.895416966125,-2056.6786342950713,45310.64865328571,42614.45226406165,0.45310648653285707,5,1,0.2,56.4,17.3735431043872,0.30804154440402837,31,0.0,0.0,0.0,0.0,False,False,False
618,122512.8732205864,297262.8902848246,174750.01706423817,1.7010750286539351,0.5614886731391586,198.2408951789424,856.6653898698115,-644.834011307152,15335.749887683414,11928.682028517345,0.15335749887683414,10,9,0.9,61.8,12.568213874691981,0.20336915654841395,29,0.07224322020420032,7.9887109608497235,77.35916382863677,2.41126030291358,2012-01-10 13:30:00,2021-05-27 23:00:00,RBB_M,5,50,1.5,1,17,46,27,45,1,0,4,2500,0,48,282,-4594.0698443738875,267372.15213205037,271966.22197642433,0.9831079396147504,0.43617021276595747,-16.29102781692868,2173.7573344069137,-1710.4793834995241,31943.178683638762,29284.840048562728,0.3194317868363876,5,2,0.4,56.4,17.3735431043872,0.30804154440402837,31,0.0,0.0,0.0,0.0,False,False,False
618,119093.33066823457,302738.01912241726,183644.6884541827,1.6484986397956563,0.5647249190938511,192.70765480296856,867.4441808665251,-682.6940091233557,14672.000668339344,12543.520554671617,0.14672000668339344,10,9,0.9,61.8,12.568213874691981,0.20336915654841395,29,0.03770992023483538,8.11704779466277,76.13605532868189,2.3963908452269402,2012-01-10 13:30:00,2021-05-27 23:00:00,RBB_M,5,50,1.5,1,17,46,27,45,1,0,4,5000,4500,48,282,-25966.379793647728,279981.8778651734,305948.2576588211,0.9151281984988318,0.4716312056737589,-92.07936097038201,2105.126901241905,-2053.344011133028,49862.0704106746,47165.87402145054,0.49862070410674597,5,1,0.2,56.4,17.3735431043872,0.30804154440402837,31,0.0,0.0,0.0,0.0,False,False,False
618,122705.49014066365,302340.777175503,179635.28703483936,1.6830812150892467,0.5614886731391586,198.55257304314506,871.2990696700375,-662.8608377669349,15578.979481165356,12645.554716665414,0.15578979481165356,10,9,0.9,61.8,12.568213874691981,0.20336915654841395,29,0.061048613158324695,7.876349685742374,78.46274285138614,2.396124454229649,2012-01-10 13:30:00,2021-05-27 23:00:00,RBB_M,5,50,1.5,1,17,46,27,45,1,0,4,3000,7500,48,282,-8895.01070017396,278295.07530486357,287190.08600503753,0.9690274451186385,0.450354609929078,-31.542591135368653,2191.2998055501066,-1852.8392645486292,41200.77320769244,38983.1183908035,0.41200773207692437,5,2,0.4,56.4,17.3735431043872,0.30804154440402837,31,0.0,0.0,0.0,0.0,False,False,False
618,107573.8913123456,260999.56230052403,153425.67098817843,1.7011466244174631,0.5339805825242718,174.0677852950576,790.9077645470426,-532.7280242645085,11981.2114353035,9384.648767195991,0.119812114353035,10,9,0.9,61.8,12.568213874691981,0.20336915654841395,29,0.04639601616258734,8.978548779747882,68.830722554403,2.395363304955881,2012-01-10 13:30:00,2021-05-27 23:00:00,RBB_M,5,50,1.5,1,17,46,27,45,1,0,4,1000,5000,48,282,4323.1363982192415,186486.82584795152,182163.68944973228,1.023732152171919,0.31560283687943264,15.330270915671068,2095.357593797208,-943.8533132110481,22433.84678763283,20237.93474566115,0.22433846787632827,5,3,0.6,56.4,17.3735431043872,0.30804154440402837,31,1.1544858964098057,0.19270597856638966,1463.369232744626,0.1541705102099492,False,False,False
832,156675.22315908474,416459.76934635907,259784.5461872743,1.6030967794602387,0.515625,188.31156629697685,970.7686931150561,-644.6266654771075,14026.868221792975,12806.176308526105,0.14026868221792974,10,9,0.9,83.2,15.503547981026795,0.1863407209258028,47,0.03185570698011544,11.169651035550816,74.48755537231258,2.394969526632512,2012-01-10 11:15:00,2021-05-31 19:00:00,RBB_M,5,10,1.5,1,29,46,52,-39,9,18,4,1250,5000,48,415,-16145.92863512411,339410.1610832582,355556.08971838234,0.9545896439351876,0.28433734939759037,-38.90585213282918,2876.3572973157475,-1197.1585512403447,56576.24495437638,54406.0492418333,0.5657624495437638,5,1,0.2,83.0,25.729360660537214,0.30999229711490617,49,0.0,0.0,0.0,0.0,False,False,False
618,109122.99631171171,278661.68990593206,169538.69359422039,1.643646556419093,0.47249190938511326,176.57442768885392,954.3208558422331,-520.0573423135595,12409.444054510386,9585.967321260003,0.12409444054510387,10,7,0.7,61.8,12.568213874691981,0.20336915654841395,29,0.10328459498792612,8.793544322563704,70.27882925594055,2.3875638752871033,2012-01-10 13:30:00,2021-05-27 23:00:00,RBB_M,5,50,1.5,1,17,46,27,45,1,0,4,750,0,0,282,30627.480178198886,189469.53128120536,158842.05110300652,1.192817204043389,0.23404255319148937,108.60808573829392,2870.750473957657,-735.3798662176227,18703.623842234476,17841.154574281216,0.18703623842234476,5,4,0.8,56.4,17.3735431043872,0.30804154440402837,31,0.4460374096374802,1.6375158331103337,172.2120753265408,1.1961967937767892,True,False,False
796,157205.56796622503,414843.04309582023,257637.47512959514,1.6101812940339855,0.5452261306532663,197.49443211837317,955.8595463037333,-711.7057324021965,15531.239834058739,14798.797207867057,0.15531239834058738,10,10,1.0,79.6,14.974645237867907,0.18812368389281292,40,0.028567690432980547,10.121894301154637,78.64140607644931,2.387014998454062,2012-01-10 11:15:00,2021-05-31 19:00:00,RBB_M,5,10,1.5,1,29,46,52,-39,9,18,4,2500,4500,48,370,-73164.38146546972,379036.92550164333,452201.30696711305,0.8382039584180355,0.3918918918918919,-197.74157152829653,2614.047762080299,-2009.7835865205025,99153.09238974092,96962.89988799201,0.9915309238974093,5,1,0.2,74.0,22.315913604421397,0.3015664000597486,44,0.0,0.0,0.0,0.0,False,False,False
618,102511.49064576146,267864.813590116,165353.32294435456,1.619954221786393,0.5598705501618123,165.87619845592468,774.1757618211444,-607.9166284718917,11002.141964827286,8089.648767196006,0.11002141964827286,10,9,0.9,61.8,12.568213874691981,0.20336915654841395,29,0.029177216926204837,9.317412097887859,66.3274301391148,2.382038661968399,2012-01-10 13:30:00,2021-05-27 23:00:00,RBB_M,5,50,1.5,1,17,46,27,45,1,0,4,1750,3000,48,282,-6055.16911499072,230315.44255244173,236370.61166743247,0.9743827328098207,0.425531914893617,-21.47223090422241,1919.295354603681,-1459.0778497989659,35253.397489549585,34600.88587067724,0.35253397489549587,5,3,0.6,56.4,17.3735431043872,0.30804154440402837,31,0.0,0.0,0.0,0.0,False,False,False
618,114571.54723094052,282350.08605466253,167778.53882372205,1.6828736740359627,0.5501618122977346,185.39085312449922,830.4414295725369,-603.5199238263383,13752.141964827286,10818.717200327344,0.13752141964827286,10,9,0.9,61.8,12.568213874691981,0.20336915654841395,29,0.08720315158056877,8.331178337452497,74.17918269997946,2.3812581759594873,2012-01-10 13:30:00,2021-05-27 23:00:00,RBB_M,5,50,1.5,1,17,46,27,45,1,0,4,1500,10000,48,282,-18775.341034202836,219950.69300959358,238726.03404379642,0.9213519333599018,0.3617021276595745,-66.57922352554198,2156.3793432313096,-1326.255744687758,33640.60263570922,32222.835636994118,0.3364060263570922,5,2,0.4,56.4,17.3735431043872,0.30804154440402837,31,0.0,0.0,0.0,0.0,False,False,False
618,114886.71280776095,309522.0197176106,194635.3069098497,1.5902665586823548,0.5469255663430421,185.90082978602095,915.7456204663036,-695.126096106606,13966.493197631266,11033.068433131339,0.13966493197631266,10,9,0.9,61.8,12.568213874691981,0.20336915654841395,29,0.026034342239426914,8.22588112721423,75.12872973029351,2.369414249082436,2012-01-10 13:30:00,2021-05-27 23:00:00,RBB_M,5,50,1.5,1,17,46,27,45,1,0,4,2500,3000,0,282,21925.76589003088,284276.26423499244,262350.49834496155,1.0835743252951666,0.46099290780141844,77.75094287244994,2186.7404941153263,-1725.9901206905365,26469.526406429875,25192.564831238444,0.2646952640642988,5,3,0.6,56.4,17.3735431043872,0.30804154440402837,31,0.13641484703437137,0.8283399390441969,340.43994102879253,0.7198399299105741,False,False,False
832,155959.76392055885,424579.85380287294,268620.0898823141,1.5805960529195222,0.5012019230769231,187.45163932759476,1018.1771074409423,-647.2773250176243,14201.86822179296,12981.176308526105,0.1420186822179296,10,9,0.9,83.2,15.503547981026795,0.1863407209258028,47,0.032001843773899676,10.981637168075991,75.76283820582358,2.3692989295888838,2012-01-10 11:15:00,2021-05-31 19:00:00,RBB_M,5,10,1.5,1,29,46,52,-39,9,18,4,1250,5000,0,415,-17574.65821426842,340754.81284760276,358329.4710618712,0.9509539135528322,0.27710843373493976,-42.34857401028535,2963.085329109589,-1194.4315702062374,55466.06204825766,53295.866335714585,0.5546606204825766,5,1,0.2,83.0,25.729360660537214,0.30999229711490617,49,0.0,0.0,0.0,0.0,False,False,False
618,106268.23959916917,260702.91058734758,154434.67098817843,1.6881112830376264,0.5323624595469255,171.9550802575553,792.4100625755245,-534.3760241805483,11981.2114353035,9384.648767195991,0.119812114353035,10,9,0.9,61.8,12.568213874691981,0.20336915654841395,29,0.07049142837272113,8.869573846768297,69.67640279867261,2.366290170530403,2012-01-10 13:30:00,2021-05-27 23:00:00,RBB_M,5,50,1.5,1,17,46,27,45,1,0,4,1000,7500,48,282,20357.072747383383,203529.7621971157,183172.68944973228,1.1111359603254063,0.3120567375886525,72.18820123185597,2312.8382067854054,-944.1891208749087,21820.26751304099,17737.93474566115,0.21820267513040992,5,3,0.6,56.4,17.3735431043872,0.30804154440402837,31,0.3679802146879326,0.9329433168139152,302.26916782367357,0.7361046134651803,False,False,False
800,149738.61302155303,402074.7797896004,252336.16676804732,1.5934092402980662,0.54375,187.1732662769413,924.3098385967826,-691.3319637480748,14210.840522849016,13298.797207867057,0.14210840522849016,10,10,1.0,80.0,14.946571513226704,0.18683214391533381,41,0.02665311184247142,10.536928676442086,75.92345213350434,2.3650334680349823,2012-01-10 11:15:00,2021-05-31 19:00:00,RBB_M,5,10,1.5,1,29,46,52,-39,9,18,4,2250,4000,48,377,-61337.50413339691,375101.8968247224,436439.4009581193,0.8594592880506615,0.38992042440318303,-162.69894995596,2551.713583841649,-1897.5626128613883,87601.07530994166,85410.88280819275,0.8760107530994166,5,1,0.2,75.4,23.208619088605857,0.30780661921227925,44,0.0,0.0,0.0,0.0,False,False,False
618,120293.72040487324,297972.27745867515,177678.55705380187,1.6770300389621455,0.5663430420711975,194.65003301759424,851.3493641676433,-662.9796904992606,15411.235728930595,12387.33154944786,0.15411235728930595,10,9,0.9,61.8,12.568213874691981,0.20336915654841395,29,0.03317712667433902,7.805585646779317,79.17407199996512,2.3617781732174343,2012-01-10 13:30:00,2021-05-27 23:00:00,RBB_M,5,50,1.5,1,17,46,27,45,1,0,4,4000,4000,48,282,-11943.887945910763,277563.382206253,289507.27015216375,0.9587440828700672,0.475177304964539,-42.35421257415164,2071.3685239272613,-1956.1302037308362,40457.96882273184,35588.70386200416,0.4045796882273184,5,2,0.4,56.4,17.3735431043872,0.30804154440402837,31,0.0,0.0,0.0,0.0,False,False,False
618,127081.45712278769,348630.0219755551,221548.56485276745,1.5736054178786536,0.5420711974110033,205.63342576502862,1040.686632762851,-782.8571196210864,17231.16148143811,11030.36845928224,0.1723116148143811,10,9,0.9,61.8,12.568213874691981,0.20336915654841395,29,0.05894644403362563,7.37509524588249,83.79552797572735,2.359607615672037,2012-01-10 13:30:00,2021-05-27 23:00:00,RBB_M,5,50,1.5,1,17,46,27,45,1,0,4,5000,7500,0,282,16095.88451930281,344304.1662636067,328208.2817443039,1.0490416769307565,0.4645390070921986,57.07760467837876,2628.2760783481426,-2173.564779763602,33101.07613216231,30883.421315273372,0.33101076132162305,5,3,0.6,56.4,17.3735431043872,0.30804154440402837,31,0.4653984682243776,0.48626468985591126,579.9310661104378,0.4725502935691021,False,False,False
618,107464.58608634361,277003.27968056407,169538.69359422039,1.6338646583154228,0.47249190938511326,173.89091599731975,948.641368769055,-520.0573423135595,12409.444054510386,9585.967321260003,0.12409444054510387,10,7,0.7,61.8,12.568213874691981,0.20336915654841395,29,0.09297016220741428,8.659903345733213,71.36338309185545,2.351278578160684,2012-01-10 13:30:00,2021-05-27 23:00:00,RBB_M,5,50,1.5,1,17,46,27,45,1,0,4,750,10000,0,282,25059.36666442892,183901.41776743543,158842.05110300652,1.15776279952579,0.23404255319148937,88.86300235613092,2786.3851176884154,-735.3798662176227,18703.623842234476,17841.154574281216,0.18703623842234476,5,4,0.8,56.4,17.3735431043872,0.30804154440402837,31,0.3986932364967527,1.3398134434163822,210.47706409104978,0.9787267474718394,True,False,False
618,117863.317172367,293981.27745867515,176117.96028630814,1.6692294015940292,0.5647249190938511,190.71734170285922,842.3532305406164,-654.7136070122979,14944.76552214974,12223.436578167064,0.14944765522149742,10,9,0.9,61.8,12.568213874691981,0.20336915654841395,29,0.03386125637515731,7.886595276297975,78.36081076168696,2.3498978647684887,2012-01-10 13:30:00,2021-05-27 23:00:00,RBB_M,5,50,1.5,1,17,46,27,45,1,0,4,3000,4000,48,282,-4746.570978490789,269581.382206253,274327.95318474376,0.9826974578296284,0.46808510638297873,-16.83181198046379,2042.2831985322198,-1828.853021231625,32639.516494074676,30453.43610301571,0.3263951649407468,5,3,0.6,56.4,17.3735431043872,0.30804154440402837,31,0.0,0.0,0.0,0.0,False,False,False
618,112857.12385110956,279126.66267483163,166269.53882372205,1.6787600702420906,0.551779935275081,182.61670526069508,818.5532629760459,-600.2510426849171,13752.141964827286,10818.717200327344,0.13752141964827286,10,9,0.9,61.8,12.568213874691981,0.20336915654841395,29,0.039793677587645224,8.206512421101737,75.30604577054092,2.3456255534720776,2012-01-10 13:30:00,2021-05-27 23:00:00,RBB_M,5,50,1.5,1,17,46,27,45,1,0,4,1500,4500,48,282,-17618.028545486566,216581.00549830985,234199.03404379642,0.9247732655370735,0.3723404255319149,-62.47527853009421,2062.676242841046,-1323.1583844282284,32725.298857443922,31079.930316990707,0.32725298857443924,5,1,0.2,56.4,17.3735431043872,0.30804154440402837,31,0.0,0.0,0.0,0.0,False,False,False
790,160486.2759328099,421084.81726657925,260598.5413337694,1.6158371996689815,0.5468354430379747,203.14718472507582,974.7333733022668,-727.9288864071771,17075.812068073807,15717.761529039417,0.17075812068073806,10,10,1.0,79.0,15.251229458637097,0.19305353745110249,38,0.031099232448322002,9.39845644195551,84.05635594302196,2.3416580704994914,2012-01-10 11:15:00,2021-05-31 19:00:00,RBB_M,5,10,1.5,1,29,46,52,-39,9,18,4,4000,5000,48,350,-99180.27421251623,395402.147439064,494582.42165158025,0.7994666412095291,0.4257142857142857,-283.37221203576064,2653.705687510497,-2460.6090629431856,137053.60103735846,135313.8893277024,1.3705360103735846,5,1,0.2,70.0,20.639767440550294,0.29485382057928994,41,0.0,0.0,0.0,0.0,False,False,False
618,112386.01132931295,280164.550153035,167778.53882372205,1.6698473602001758,0.5501618122977346,181.85438726426045,824.013382803044,-603.5199238263383,13752.141964827286,10818.717200327344,0.13752141964827286,10,9,0.9,61.8,12.568213874691981,0.20336915654841395,29,0.053307346075706884,8.172255028835025,75.62172225651865,2.335833937914475,2012-01-10 13:30:00,2021-05-27 23:00:00,RBB_M,5,50,1.5,1,17,46,27,45,1,0,4,1500,6000,48,282,-10267.287230649861,226949.74681314657,237217.03404379642,0.9567177489085618,0.36524822695035464,-36.40881996684348,2203.3956001276365,-1325.2348270603152,27379.683495794743,25961.91649707964,0.27379683495794743,5,2,0.4,56.4,17.3735431043872,0.30804154440402837,31,0.0,0.0,0.0,0.0,False,False,False
618,118767.87877206114,298403.1658069005,179635.28703483936,1.661161182374077,0.5614886731391586,192.18103361174943,859.9514864752175,-662.8608377669349,15578.979481165356,12645.554716665414,0.15578979481165356,10,9,0.9,61.8,12.568213874691981,0.20336915654841395,29,0.08412207158447857,7.623598125644167,81.06408415222978,2.319232973002971,2012-01-10 13:30:00,2021-05-27 23:00:00,RBB_M,5,50,1.5,1,17,46,27,45,1,0,4,3000,10000,48,282,-15161.14434224485,272028.9416627927,287190.08600503753,0.9472086778720527,0.450354609929078,-53.76292319944982,2141.9601705731707,-1852.8392645486292,38700.77320769244,36483.1183908035,0.38700773207692435,5,2,0.4,56.4,17.3735431043872,0.30804154440402837,31,0.0,0.0,0.0,0.0,False,False,False
618,105954.87822130468,275493.57181552507,169538.69359422039,1.6249598600476458,0.47249190938511326,171.44802301181986,943.4711363545379,-520.0573423135595,12409.444054510386,9585.967321260003,0.12409444054510387,10,7,0.7,61.8,12.568213874691981,0.20336915654841395,29,0.0706999066560558,8.5382453682761,72.380210844746,2.3182468242441456,2012-01-10 13:30:00,2021-05-27 23:00:00,RBB_M,5,50,1.5,1,17,46,27,45,1,0,4,750,7500,0,282,29211.503084500357,187294.55418750687,158083.05110300652,1.184785800126455,0.2375886524822695,103.58689037056864,2795.441107276222,-735.2700051302629,17640.98912229651,15222.535497985227,0.17640989122296508,5,4,0.8,56.4,17.3735431043872,0.30804154440402837,31,0.25644007356727666,1.6558880503803404,170.30136785830874,1.1747533293728158,True,False,False
618,113431.27170886462,281209.8105325866,167778.53882372205,1.6760773606929673,0.5501618122977346,183.54574710172267,827.0876780370194,-603.5199238263383,14225.785059493399,10818.71720032733,0.14225785059493398,10,9,0.9,61.8,12.568213874691981,0.20336915654841395,29,0.07802719959483995,7.9736387998613605,77.50539189344084,2.317979332512489,2012-01-10 13:30:00,2021-05-27 23:00:00,RBB_M,5,50,1.5,1,17,46,27,45,1,0,4,1500,0,48,282,-17928.67545469483,220797.35858910158,238726.03404379642,0.9248985326359267,0.3617021276595745,-63.57686331452067,2164.6799861676627,-1326.255744687758,33382.74932461576,31964.98232590066,0.3338274932461576,5,2,0.4,56.4,17.3735431043872,0.30804154440402837,31,0.0,0.0,0.0,0.0,False,False,False
795,151339.76750878437,424833.73933494475,273493.9718261603,1.5533568674229492,0.529559748427673,190.36448743243318,1009.1062692041443,-731.2673043480222,15390.840522849016,14473.797207867028,0.15390840522849014,10,10,1.0,79.5,14.908051515875574,0.18752266057705125,40,0.032978774066838065,9.833106079171412,80.84932610296732,2.3113095801832495,2012-01-10 11:15:00,2021-05-31 19:00:00,RBB_M,5,10,1.5,1,29,46,52,-39,9,18,4,2500,5000,0,367,-80690.60646417257,378083.05561988207,458773.66208405467,0.8241167417989467,0.3787465940054496,-219.8654127089171,2720.0219828768495,-2012.165184579187,113743.15162143373,111685.68213618916,1.1374315162143374,5,1,0.2,73.4,22.231509170544406,0.30288159632894285,43,0.0,0.0,0.0,0.0,False,False,False
618,103737.7381111437,257163.40909932216,153425.67098817843,1.6761432910346326,0.5339805825242718,167.86041765557232,779.2830578767338,-532.7280242645085,11981.2114353035,9384.648767195991,0.119812114353035,10,9,0.9,61.8,12.568213874691981,0.20336915654841395,29,0.043291863518253905,8.658368034927838,71.3760373210043,2.3099431300579827,2012-01-10 13:30:00,2021-05-27 23:00:00,RBB_M,5,50,1.5,1,17,46,27,45,1,0,4,1000,4500,48,282,6561.222230222404,187715.91167995468,181154.68944973228,1.0362188925395885,0.3191489361702128,23.266745497242567,2085.7323519994966,-943.5140075506889,22451.499832208763,21041.14266479871,0.22451499832208763,5,3,0.6,56.4,17.3735431043872,0.30804154440402837,31,0.6844761299675975,0.29223981824188516,964.9609067529267,0.23389251012049297,False,False,False
618,101377.98683280307,287800.1343577192,186422.14752491622,1.5438087060940726,0.5436893203883495,164.0420498912671,856.5480189217834,-661.0714451238164,11466.493197631266,8533.068433131339,0.11466493197631265,10,9,0.9,61.8,12.568213874691981,0.20336915654841395,29,0.02457140921636434,8.841237254101857,69.89971903686686,2.3075080960227523,2012-01-10 13:30:00,2021-05-27 23:00:00,RBB_M,5,50,1.5,1,17,46,27,45,1,0,4,2000,2500,0,282,-2139.1309877227177,242833.44248595025,244972.57347367296,0.9912678755936218,0.44680851063829785,-7.585570878449354,1927.2495435392877,-1570.3370094466216,30240.146605264796,27685.278000825754,0.30240146605264795,5,2,0.4,56.4,17.3735431043872,0.30804154440402837,31,0.0,0.0,0.0,0.0,False,False,False
618,102602.15977752213,256849.03656159385,154246.87678407173,1.6651814410553907,0.551779935275081,166.02291226136268,753.2229811190435,-556.8479306284178,11752.141964827286,8818.717200327344,0.11752141964827285,10,9,0.9,61.8,12.568213874691981,0.20336915654841395,29,0.02915143313245597,8.730507177721114,70.78626561089591,2.306815536996852,2012-01-10 13:30:00,2021-05-27 23:00:00,RBB_M,5,50,1.5,1,17,46,27,45,1,0,4,1250,3000,48,282,9634.039639967697,210064.77654062555,200430.73690065785,1.0480666777408634,0.375886524822695,34.163261134637224,1981.7431749115617,-1138.8110051173742,20220.18313415764,19022.49623000474,0.2022018313415764,5,4,0.8,56.4,17.3735431043872,0.30804154440402837,31,0.3104616663182038,0.4764565966612372,591.8692321107757,0.36188462569106394,False,False,False
618,110599.70893589866,276360.92101108946,165761.2120751908,1.6672230949043112,0.5533980582524272,178.96393031698813,808.072868453478,-600.5841017217058,13752.141964827286,10818.717200327344,0.13752141964827286,10,9,0.9,61.8,12.568213874691981,0.20336915654841395,29,0.03608508592290331,8.04236236207933,76.84309313317459,2.2987073800398594,2012-01-10 13:30:00,2021-05-27 23:00:00,RBB_M,5,50,1.5,1,17,46,27,45,1,0,4,1500,4000,48,282,-15447.816561952684,217242.21748184372,232690.03404379642,0.9336120404750762,0.375886524822695,-54.77949135444214,2049.454881904186,-1322.1024661579343,30832.86631581618,28128.117559078244,0.3083286631581618,5,2,0.4,56.4,17.3735431043872,0.30804154440402837,31,0.0,0.0,0.0,0.0,False,False,False
618,102980.32319593281,255897.66743558,152917.3442396472,1.6734378216413783,0.5355987055016181,166.6348271778848,773.1047354549245,-532.8130461311749,11981.2114353035,9384.648767195991,0.119812114353035,10,9,0.9,61.8,12.568213874691981,0.20336915654841395,29,0.038754976447361,8.595151145775953,71.90100435915119,2.2930776632389516,2012-01-10 13:30:00,2021-05-27 23:00:00,RBB_M,5,50,1.5,1,17,46,27,45,1,0,4,1000,4000,48,282,2124.4656824727936,182270.15513220505,180145.68944973228,1.0117930420037367,0.32269503546099293,7.533566249903523,2002.968737716539,-943.1711489514779,24951.499832208763,23541.14266479871,0.24951499832208762,5,3,0.6,56.4,17.3735431043872,0.30804154440402837,31,1.878590006384398,0.08514380685566712,3312.043593235581,0.07183823248909266,False,False,False
618,120151.31812714219,302347.20192947536,182195.88380233312,1.659462308476168,0.5631067961165048,194.41960861997117,868.8137986479177,-674.7995696382708,16374.54263924215,14222.40015766988,0.1637454263924215,10,9,0.9,61.8,12.568213874691981,0.20336915654841395,29,0.049862124639035756,7.337690021289233,84.22269109310471,2.2885416987433835,2012-01-10 13:30:00,2021-05-27 23:00:00,RBB_M,5,50,1.5,1,17,46,27,45,1,0,4,4000,6000,48,282,-10781.531864246106,290430.5191024954,301212.0509667415,0.9642061735921829,0.46099290780141844,-38.23238249732662,2234.0809161730417,-1981.6582300443522,48270.79740922715,43401.53244849946,0.48270797409227145,5,2,0.4,56.4,17.3735431043872,0.30804154440402837,31,0.0,0.0,0.0,0.0,False,False,False
618,116720.91489463595,296356.2019294753,179635.28703483936,1.6497660722528225,0.5614886731391586,188.86879432788987,854.0524551281709,-662.8608377669349,15578.979481165356,12645.554716665414,0.15578979481165356,10,9,0.9,61.8,12.568213874691981,0.20336915654841395,29,0.0513275620346883,7.492205444891238,82.48572527084131,2.2792610027349687,2012-01-10 13:30:00,2021-05-27 23:00:00,RBB_M,5,50,1.5,1,17,46,27,45,1,0,4,3000,6000,48,282,-3540.368025074029,280640.7179799635,284181.08600503753,0.9875418590489472,0.45390070921985815,-12.554496542815706,2192.505609218465,-1845.3317273054386,41710.255947749865,39492.60113086093,0.41710255947749864,5,2,0.4,56.4,17.3735431043872,0.30804154440402837,31,0.0,0.0,0.0,0.0,False,False,False
800,141910.73894558675,404923.4751422469,263012.73619666015,1.5395584297464482,0.52875,177.38842368198345,957.2658986814348,-697.6465151105043,13744.321476960482,12613.42813399047,0.13744321476960483,10,10,1.0,80.0,14.946571513226704,0.18683214391533381,41,0.02812331208796172,10.325045087418161,77.48150184592023,2.279118869658541,2012-01-10 11:15:00,2021-05-31 19:00:00,RBB_M,5,10,1.5,1,29,46,52,-39,9,18,4,2000,4000,0,389,-80787.04082276899,362968.61876769486,443755.65959046385,0.8179470186423622,0.35475578406169667,-207.67876818192542,2630.2073823746005,-1767.9508350217684,97078.23655808106,94757.64178716863,0.9707823655808105,5,1,0.2,77.8,24.94313532818198,0.32060585254732626,44,0.0,0.0,0.0,0.0,False,False,False
618,102088.78971200477,256523.46070018323,154434.67098817843,1.661048384140498,0.5323624595469255,165.19221636246726,779.7065674777606,-534.3760241805483,11981.2114353035,9384.648767195991,0.119812114353035,10,9,0.9,61.8,12.568213874691981,0.20336915654841395,29,0.09786578945822436,8.520740182515503,72.52891025454943,2.2732257589665656,2012-01-10 13:30:00,2021-05-27 23:00:00,RBB_M,5,50,1.5,1,17,46,27,45,1,0,4,1000,10000,48,282,19161.6867596202,202334.37620935251,183172.68944973228,1.1046099547764665,0.3120567375886525,67.94924382844042,2299.254275106279,-944.1891208749087,21820.26751304099,17583.55382195714,0.21820267513040992,5,4,0.8,56.4,17.3735431043872,0.30804154440402837,31,0.5214050373192736,0.8781600293474001,321.125979976072,0.6928798752435608,False,False,False
791,158255.4669465557,418485.910764231,260230.44381767532,1.6081358684437161,0.5486725663716814,200.07012256201733,964.2532506088272,-728.9368174164574,17575.812068073865,15717.761529039446,0.17575812068073865,10,10,1.0,79.1,15.313066316058322,0.19359123029150851,38,0.02837816655974767,9.004162444022931,87.84825961520441,2.273148942647153,2012-01-10 11:15:00,2021-05-31 19:00:00,RBB_M,5,10,1.5,1,29,46,52,-39,9,18,4,4000,4500,48,354,-83055.51656600216,407336.75438917393,490392.2709551761,0.8306345318121994,0.4378531073446328,-234.6201032937914,2627.9790605753155,-2464.2827686189753,112939.06062329962,110119.50859965125,1.1293906062329961,5,1,0.2,70.8,20.960916010518243,0.29605813574178313,42,0.0,0.0,0.0,0.0,False,False,False
618,114835.91575302366,297972.27745867515,183136.36170565145,1.6270514205016007,0.5663430420711975,185.81863390456903,851.3493641676433,-683.3446332300427,15172.000668339344,12617.314791897981,0.15172000668339344,10,9,0.9,61.8,12.568213874691981,0.20336915654841395,29,0.03475393542019903,7.568936903137709,81.64951140546667,2.272328894983383,2012-01-10 13:30:00,2021-05-27 23:00:00,RBB_M,5,50,1.5,1,17,46,27,45,1,0,4,5000,4000,48,282,-20031.864910065386,281554.382206253,301586.2471163184,0.9335783209559311,0.4787234042553192,-71.03498195058647,2085.588016342615,-2051.607123240261,41427.555527092256,38731.359137868196,0.4142755552709226,5,1,0.2,56.4,17.3735431043872,0.30804154440402837,31,0.0,0.0,0.0,0.0,False,False,False
618,117627.60324998523,297262.8902848246,179635.28703483936,1.6548134567078234,0.5614886731391586,190.33592758897285,856.6653898698115,-662.8608377669349,16052.622575831498,12645.554716665429,0.160526225758315,10,9,0.9,61.8,12.568213874691981,0.20336915654841395,29,0.07524360127541077,7.327625295762137,84.33837362800395,2.2628258439069544,2012-01-10 13:30:00,2021-05-27 23:00:00,RBB_M,5,50,1.5,1,17,46,27,45,1,0,4,3000,0,48,282,-14314.478762736842,272875.6072423007,287190.08600503753,0.9501567795676423,0.450354609929078,-50.76056298842852,2148.626828679533,-1852.8392645486292,38442.91989659898,36225.26507971004,0.38442919896598976,5,2,0.4,56.4,17.3735431043872,0.30804154440402837,31,0.0,0.0,0.0,0.0,False,False,False
618,88349.93532690899,256621.30217259817,168271.36684568916,1.5250443791065715,0.47572815533980584,142.96106039952912,872.86157201564,-519.3560705113863,9155.82586431678,8148.373930096539,0.09155825864316779,10,7,0.7,61.8,12.568213874691981,0.20336915654841395,29,0.04517264200853863,9.649586682424502,64.04419384361908,2.250465468399428,2012-01-10 13:30:00,2021-05-27 23:00:00,RBB_M,5,50,1.5,1,17,46,27,45,1,0,4,750,4000,0,282,9716.285207376852,164763.33631038337,155047.05110300652,1.0626666881972606,0.25177304964539005,34.45491208289664,2320.6103705687797,-734.8201474076138,23734.51018803165,23018.307604540765,0.23734510188031652,5,3,0.6,56.4,17.3735431043872,0.30804154440402837,31,0.41075368979184873,0.4093737401952529,688.8570817109535,0.3368715726146885,False,False,False
795,148701.54894292008,429824.73933494475,281123.1903920247,1.5289551130077763,0.5308176100628931,187.04597351310701,1018.5420363387317,-753.6814755818357,15680.742967071754,14549.849624101742,0.15680742967071754,10,10,1.0,79.5,14.908051515875574,0.18752266057705125,40,0.03356387364812066,9.483067814782812,83.83363016351136,2.2499268595361257,2012-01-10 11:15:00,2021-05-31 19:00:00,RBB_M,5,10,1.5,1,29,46,52,-39,9,18,4,3000,5000,0,360,-70548.96134025912,402932.7351137452,473481.6964540043,0.8509996017404392,0.4027777777777778,-195.96933705627532,2778.846449060312,-2202.240448623276,116670.93709232326,114667.85840527559,1.1667093709232326,5,2,0.4,72.0,21.863211109075447,0.3036557098482701,42,0.0,0.0,0.0,0.0,False,False,False
618,100268.23959916917,254702.91058734758,154434.67098817843,1.6492599036057416,0.5323624595469255,162.24634239347762,774.1729805086552,-534.3760241805483,11981.2114353035,9384.648767195991,0.119812114353035,10,9,0.9,61.8,12.568213874691981,0.20336915654841395,29,0.05974972757026086,8.368789762254059,73.84580298424743,2.2326873078431637,2012-01-10 13:30:00,2021-05-27 23:00:00,RBB_M,5,50,1.5,1,17,46,27,45,1,0,4,1000,6000,48,282,10411.963545059109,193584.6529947914,183172.68944973228,1.0568423359199324,0.3120567375886525,36.9218565427628,2199.825602213539,-944.1891208749087,21820.26751304099,19237.93474566115,0.21820267513040992,5,3,0.6,56.4,17.3735431043872,0.30804154440402837,31,0.5753957910122504,0.4771693811194728,590.9851116985088,0.37649295141092537,False,False,False
804,163106.78671539866,416982.0115185918,253875.2248031932,1.6424683103356805,0.5186567164179104,202.86913770571974,999.9568621548964,-656.0083328247887,18739.34859115057,16376.030391485081,0.1873934859115057,10,9,0.9,80.4,14.8,0.18407960199004975,42,0.061254348768657124,8.703973135566935,92.37160862946887,2.232246202823939,2012-01-10 11:15:00,2021-05-31 19:00:00,RBB_M,5,10,1.5,1,29,46,52,-39,9,18,4,1500,10000,0,393,-60692.294685860754,330376.66283757205,391068.9575234328,0.8448041105839394,0.2900763358778626,-154.43331981135051,2898.040902083965,-1401.6808513384688,87796.90869578549,85107.9973650649,0.8779690869578549,5,1,0.2,78.6,22.50866499817348,0.28636978369177457,49,0.0,0.0,0.0,0.0,False,False,False
804,163082.86452341237,416958.08932660555,253875.2248031932,1.6423740821887443,0.5186567164179104,202.83938373558752,999.8994947880229,-656.0083328247887,18739.34859115057,16376.030391485081,0.1873934859115057,10,9,0.9,80.4,14.8,0.18407960199004975,42,0.061116646663897906,8.702696560136902,92.38515837525102,2.231918808585477,2012-01-10 11:15:00,2021-05-31 19:00:00,RBB_M,5,10,1.5,1,29,46,52,-39,9,18,4,1500,0,0,392,-47674.84528267394,341885.11224075884,389559.9575234328,0.8776187224535104,0.29081632653061223,-121.61950327212739,2998.9922126382353,-1401.2948112353697,93840.75600540881,91151.84467468823,0.9384075600540881,5,1,0.2,78.4,22.240503591420765,0.2836798927477138,49,0.0,0.0,0.0,0.0,False,False,False
618,103130.3441711071,270855.813590116,167725.46941900888,1.614875871436488,0.5614886731391586,166.87757956489824,780.5643042942824,-618.9131712878557,12752.141964827286,9818.717200327344,0.12752141964827285,10,9,0.9,61.8,12.568213874691981,0.20336915654841395,29,0.029002133407385212,8.08729580140805,76.41614888037138,2.2259211561311467,2012-01-10 13:30:00,2021-05-27 23:00:00,RBB_M,5,50,1.5,1,17,46,27,45,1,0,4,2000,3000,48,282,3576.391505987005,246211.36727238225,242634.97576639528,1.014739802020259,0.44680851063829785,12.682239382932643,1954.0584704157322,-1555.3524087589442,29159.028129836326,27145.912843595856,0.2915902812983633,5,3,0.6,56.4,17.3735431043872,0.30804154440402837,31,0.8363178346087001,0.12265125881639183,2299.201840416104,0.11186977862494256,False,False,False
804,161542.71035718828,405927.4476373776,244384.7372801893,1.6610180003670938,0.5310945273631841,200.92376910098045,950.649760274889,-648.2353774010326,18659.34859115057,16201.030391485081,0.1865934859115057,10,9,0.9,80.4,14.8,0.18407960199004975,42,0.06426831507938573,8.65746784074777,92.86780093087313,2.215574877423394,2012-01-10 11:15:00,2021-05-31 19:00:00,RBB_M,5,10,1.5,1,29,46,52,-39,9,18,4,1500,0,48,392,-59611.35280780673,326430.51128138555,386041.86408919224,0.8455831909618126,0.29846938775510207,-152.06977757093554,2790.0043699263724,-1403.7885966879717,95385.7560054088,92531.84467468821,0.953857560054088,5,1,0.2,78.4,22.240503591420765,0.2836798927477138,49,0.0,0.0,0.0,0.0,False,False,False
618,116135.8933731699,302340.777175503,186204.88380233312,1.6236995024064709,0.5614886731391586,187.9221575617636,871.2990696700375,-687.1028922595318,16374.54263924215,14222.40015766988,0.1637454263924215,10,9,0.9,61.8,12.568213874691981,0.20336915654841395,29,0.06450202243616267,7.092466393219818,87.13470966754092,2.212059250353531,2012-01-10 13:30:00,2021-05-27 23:00:00,RBB_M,5,50,1.5,1,17,46,27,45,1,0,4,4000,7500,48,282,-4136.174539346037,297075.8764273955,301212.0509667415,0.9862682302183099,0.46099290780141844,-14.667285600517861,2285.199049441504,-1981.6582300443522,46261.31466916972,41392.049708442035,0.4626131466916972,5,3,0.6,56.4,17.3735431043872,0.30804154440402837,31,0.0,0.0,0.0,0.0,False,False,False
804,161151.63254917454,405536.3698293639,244384.7372801893,1.6594177457343124,0.5310945273631841,200.43735391688375,949.7338871882058,-648.2353774010326,18659.34859115057,16201.030391485081,0.1865934859115057,10,9,0.9,80.4,14.8,0.18407960199004975,42,0.06199751030726481,8.636509027201663,93.09316964385853,2.2102112050878415,2012-01-10 11:15:00,2021-05-31 19:00:00,RBB_M,5,10,1.5,1,29,46,52,-39,9,18,4,1500,10000,48,393,-64778.236305104685,322772.62778408756,387550.86408919224,0.8328522980916476,0.29770992366412213,-164.83011782469384,2758.740408411005,-1404.1697974246097,92831.34278989659,89977.431459176,0.9283134278989659,5,1,0.2,78.6,22.50866499817348,0.28636978369177457,49,0.0,0.0,0.0,0.0,False,False,False
796,146097.3000709969,419448.1743810632,273350.87431006634,1.534468018219237,0.5314070351758794,183.53932169723228,991.603249127809,-732.8441670511162,15706.239834058724,14973.797207867028,0.15706239834058724,10,10,1.0,79.6,14.974645237867907,0.18812368389281292,40,0.030739787784014972,9.301863565981419,85.57425018693185,2.2059535560759187,2012-01-10 11:15:00,2021-05-31 19:00:00,RBB_M,5,10,1.5,1,29,46,52,-39,9,18,4,2500,4500,0,370,-72234.30561308691,381976.38758255437,454210.6931956413,0.840967404124998,0.3891891891891892,-195.227853008343,2652.6138026566277,-2009.7818282992976,96322.81965876141,94265.35017351684,0.963228196587614,5,1,0.2,74.0,22.315913604421397,0.3015664000597486,44,0.0,0.0,0.0,0.0,False,False,False
618,100948.51418992887,255383.1851781073,154434.67098817843,1.6536648379796541,0.5323624595469255,163.34711033969074,776.2406844319371,-534.3760241805483,12454.854529969642,9384.648767196006,0.12454854529969642,10,9,0.9,61.8,12.568213874691981,0.20336915654841395,29,0.08767562899709418,8.10515401420549,76.24777998257194,2.2046795870926212,2012-01-10 13:30:00,2021-05-27 23:00:00,RBB_M,5,50,1.5,1,17,46,27,45,1,0,4,1000,0,48,282,20008.352339128207,203181.04178886052,183172.68944973228,1.1092321808411243,0.3120567375886525,70.95160403946173,2308.875474873415,-944.1891208749087,21820.26751304099,17583.55382195714,0.21820267513040992,5,4,0.8,56.4,17.3735431043872,0.30804154440402837,31,0.5287697901903065,0.9169618258424245,307.5373391263295,0.7234950057621725,False,False,False
800,139194.4478942837,405554.47399632866,266360.02610204497,1.5225800955619258,0.53,173.9930598678546,956.4964009347374,-708.4043247394814,14206.239834058724,13473.797207867028,0.14206239834058723,10,10,1.0,80.0,14.946571513226704,0.18683214391533381,41,0.028672120622448324,9.7981203696542,81.64831312724871,2.1988505335146207,2012-01-10 11:15:00,2021-05-31 19:00:00,RBB_M,5,10,1.5,1,29,46,52,-39,9,18,4,2250,4000,0,377,-61130.3511106578,378440.5800353085,439570.9311459662,0.8609317705534116,0.38726790450928383,-162.14947244206314,2592.0587673651266,-1902.9044638353516,85176.08656800858,83118.61708276402,0.8517608656800858,5,1,0.2,75.4,23.208619088605857,0.30780661921227925,44,0.0,0.0,0.0,0.0,False,False,False
833,145073.06782653197,407375.61401380633,262302.5461872743,1.5530753320364465,0.5138055222088835,174.1573443295702,951.8121822752485,-647.660607869813,14526.868221792989,12950.79491545321,0.14526868221792988,10,9,0.9,83.3,15.659182609574486,0.18798538546908147,47,0.030956814157745788,9.986534303993723,83.41232049509651,2.176502397454479,2012-01-10 11:15:00,2021-05-31 19:00:00,RBB_M,5,10,1.5,1,29,46,52,-39,9,18,4,1250,4500,48,417,-18477.18624891143,335819.9034694709,354297.08971838234,0.9478483262066921,0.290167865707434,-44.309799158060976,2775.3711030534787,-1196.9496274269673,54092.055107000655,49691.2946589978,0.5409205510700066,5,1,0.2,83.4,26.05071975973025,0.31235875011666964,49,0.0,0.0,0.0,0.0,False,False,False
618,109673.89351650584,309522.0197176106,199848.12620110478,1.5487861988064993,0.5469255663430421,177.46584711408713,915.7456204663036,-713.7433078610885,15124.11675495375,12208.691990453808,0.1512411675495375,10,9,0.9,61.8,12.568213874691981,0.20336915654841395,29,0.027271759067711558,7.251589979995577,85.2226893281102,2.1736175425206676,2012-01-10 13:30:00,2021-05-27 23:00:00,RBB_M,5,50,1.5,1,17,46,27,45,1,0,4,3000,3000,0,282,20226.050294238805,293374.54364936193,273148.4933551231,1.0740478193593503,0.4858156028368794,71.72358260368371,2141.4200266376783,-1883.7827127939524,29395.647101757808,27393.95048729406,0.2939564710175781,5,3,0.6,56.4,17.3735431043872,0.30804154440402837,31,0.14787859994850094,0.6880627673962423,409.84632996076874,0.6301208014079264,False,False,False
790,159068.67776710793,421084.81726657925,262016.13949947132,1.607094960146258,0.5468354430379747,201.35275666722524,974.7333733022668,-731.8886578197523,19545.687077768933,18187.636538734514,0.19545687077768933,10,10,1.0,79.0,15.251229458637097,0.19305353745110249,38,0.03137638452811754,8.13830064577423,97.07186234391615,2.1693791594036305,2012-01-10 11:15:00,2021-05-31 19:00:00,RBB_M,5,10,1.5,1,29,46,52,-39,9,18,4,5000,5000,48,345,-92162.90164998235,400134.05742747855,492296.9590774609,0.8127900244951931,0.43478260869565216,-267.13884536226766,2667.560382849857,-2524.5997901408255,146325.61980054216,143506.0677768938,1.4632561980054215,5,1,0.2,69.0,20.039960079800558,0.2904342040550805,40,0.0,0.0,0.0,0.0,False,False,False
796,142959.0815051326,423939.1743810632,280980.0928759306,1.5087872241833784,0.5326633165829145,179.5968360617244,999.8565433515641,-755.3228303116414,15680.742967071754,14549.849624101742,0.15680742967071754,10,10,1.0,79.6,14.974645237867907,0.18812368389281292,40,0.03141458347883105,9.116856376342287,87.31079740003075,2.1603231427735845,2012-01-10 11:15:00,2021-05-31 19:00:00,RBB_M,5,10,1.5,1,29,46,52,-39,9,18,4,3000,4500,0,364,-56910.68970605216,411989.2506484033,468899.94035445544,0.8786293517908498,0.41483516483516486,-156.34804864300042,2728.4056334331344,-2201.4081706781944,91587.42155766516,89584.34287061749,0.9158742155766516,5,2,0.4,72.8,22.22071105972984,0.3052295475237616,43,0.0,0.0,0.0,0.0,False,False,False
800,174872.6729707031,416653.742265376,241781.0692946729,1.7232686722779582,0.53875,218.5908412133789,966.7140191772064,-655.2332501210648,23298.96691918475,18357.52429299307,0.2329896691918475,10,10,1.0,80.0,15.270887335056859,0.19088609168821075,40,0.03643187446153236,7.505597719301026,106.58711403393754,2.1570836334193118,2012-01-10 11:15:00,2021-05-31 19:00:00,RBB_M,5,10,1.5,1,29,46,52,-39,9,18,4,1750,6000,48,384,-72887.74538304954,338550.829596963,411438.5749800125,0.822846592868473,0.3255208333333333,-189.81183693502484,2708.406636775704,-1588.5659265637548,117962.0104158071,116802.46578818012,1.179620104158071,5,2,0.4,76.8,23.181026724457222,0.3018362854747034,46,0.0,0.0,0.0,0.0,False,False,False
797,140432.6445374821,403264.2266052789,262831.58206779684,1.5343065830698297,0.5457967377666249,176.20156152758105,927.0441990925951,-726.054094109936,15218.976331685262,13849.849624101742,0.15218976331685263,10,10,1.0,79.7,14.710880327159215,0.18457817223537282,41,0.028419318123250072,9.227469803281531,86.37253949252326,2.1513961481836414,2012-01-10 11:15:00,2021-05-31 19:00:00,RBB_M,5,10,1.5,1,29,46,52,-39,9,18,4,3000,4000,48,370,-62208.674128944986,406969.05155089183,469177.7256798368,0.8674091485506802,0.42702702702702705,-168.13155169985131,2575.753490828429,-2213.1024796218717,95880.24201869915,93274.60872179276,0.9588024201869915,5,2,0.4,74.0,22.512218904408336,0.30421917438389645,44,0.0,0.0,0.0,0.0,False,False,False
799,173332.8479652464,415113.9172599193,241781.0692946729,1.7168999974683519,0.5381727158948686,216.9372314959279,965.3812029300449,-655.2332501210648,23298.96691918478,18357.524292993097,0.2329896691918478,10,10,1.0,79.9,15.195064988344077,0.19017603239479444,40,0.04321742870977324,7.4395078788888735,107.39957709666872,2.140765591740269,2012-01-10 11:15:00,2021-05-31 19:00:00,RBB_M,5,10,1.5,1,29,46,52,-39,9,18,4,1750,7500,48,382,-92538.79980949493,322417.7751705176,414956.5749800125,0.7769916049313057,0.31675392670157065,-242.24816704056263,2664.6097121530383,-1589.87193478932,118703.24580509771,115349.33447437713,1.1870324580509772,5,1,0.2,76.4,23.000869548780106,0.30105850194738354,46,0.0,0.0,0.0,0.0,False,False,False
823,134567.65057234175,392370.19951333065,257802.54894098887,1.5219795193070196,0.5309842041312273,163.50868842325852,897.8723100991548,-667.8822511424582,13244.966919184793,12643.524292993097,0.13244966919184795,10,9,0.9,82.3,15.02031957050182,0.18250692066223356,47,0.02924877748612658,10.159908393385718,81.00466737827948,2.140024525616668,2012-01-10 11:15:00,2021-05-31 19:00:00,RBB_M,5,10,1.5,1,29,46,52,-39,9,18,4,1500,3000,48,426,-21236.035329035207,360316.62436133594,381552.65969037113,0.9443431075902651,0.36619718309859156,-49.84984819022349,2309.7219510342047,-1413.1579988532264,47653.84118489328,46036.049236480285,0.4765384118489328,5,1,0.2,85.2,25.43540839066674,0.29853765716745,51,0.0,0.0,0.0,0.0,False,False,False
618,112198.28200456739,298403.1658069005,186204.88380233312,1.602552842403812,0.5614886731391586,181.55061813036795,859.9514864752175,-687.1028922595318,16374.54263924215,14222.40015766988,0.1637454263924215,10,9,0.9,61.8,12.568213874691981,0.20336915654841395,29,0.08904770930087222,6.851994860343786,90.19271213653435,2.1370589261710102,2012-01-10 13:30:00,2021-05-27 23:00:00,RBB_M,5,50,1.5,1,17,46,27,45,1,0,4,4000,10000,48,282,-9436.431764201596,291775.6192025399,301212.0509667415,0.9686717987082013,0.46099290780141844,-33.462523986530485,2244.4278400195376,-1981.6582300443522,45295.43825195439,40426.1732912267,0.4529543825195439,5,3,0.6,56.4,17.3735431043872,0.30804154440402837,31,0.0,0.0,0.0,0.0,False,False,False
618,102170.69901047989,272276.7481778882,170106.04916740838,1.6006294279983508,0.5631067961165048,165.32475568038817,782.4044487870351,-630.0224043237347,13727.892834001686,10794.468069501745,0.13727892834001687,10,9,0.9,61.8,12.568213874691981,0.20336915654841395,29,0.029274537895578125,7.442562398026609,83.03591786665604,2.125393284992908,2012-01-10 13:30:00,2021-05-27 23:00:00,RBB_M,5,50,1.5,1,17,46,27,45,1,0,4,2250,3000,48,282,10193.362309054093,256094.4791935729,245901.1168845188,1.041453094797618,0.4645390070921986,36.14667485480175,1954.9196885005563,-1628.4842177782702,26681.922040459205,24918.806754218735,0.26681922040459205,5,2,0.4,56.4,17.3735431043872,0.30804154440402837,31,0.293426242422806,0.3820325347475853,738.1570268257955,0.3333213650966318,False,False,False
618,113693.51347529261,302347.20192947536,188653.6884541827,1.6026572520627116,0.5631067961165048,183.97008652959968,868.8137986479177,-698.7173646451212,17151.458022526203,14999.315540953932,0.17151458022526203,10,9,0.9,61.8,12.568213874691981,0.20336915654841395,29,0.052694299057808064,6.628795833332129,93.22960241020834,2.1159239040996196,2012-01-10 13:30:00,2021-05-27 23:00:00,RBB_M,5,50,1.5,1,17,46,27,45,1,0,4,5000,6000,48,282,-25136.954676060384,290430.5191024954,315567.4737785558,0.9203436451321347,0.46099290780141844,-89.1381371491503,2234.0809161730417,-2076.101801174709,46232.41549904206,41363.150538314374,0.46232415499042057,5,1,0.2,56.4,17.3735431043872,0.30804154440402837,31,0.0,0.0,0.0,0.0,False,False,False
791,156837.86878085375,418485.910764231,261648.04198337725,1.5994230554601965,0.5486725663716814,198.2779630604978,964.2532506088272,-732.9076806257066,20045.687077768933,18187.636538734514,0.20045687077768934,10,10,1.0,79.1,15.313066316058322,0.19359123029150851,38,0.028634666072102646,7.824020607145468,101.09891572596331,2.1094407434998246,2012-01-10 11:15:00,2021-05-31 19:00:00,RBB_M,5,10,1.5,1,29,46,52,-39,9,18,4,5000,4500,48,349,-74403.86234755928,412399.7633851529,486803.6257327121,0.8471583644522568,0.4469914040114613,-213.19158265776298,2643.5882268279033,-2522.298578925969,121306.64037776573,118487.08835411735,1.2130664037776573,5,1,0.2,69.8,20.321417273408862,0.2911377832866599,41,0.0,0.0,0.0,0.0,False,False,False
833,141070.95013647276,412209.0400187868,271138.08988231403,1.5202918933216054,0.49939975990396157,169.35288131629383,990.8871154297759,-650.2112467201775,14701.868221792989,13125.79491545321,0.14701868221792988,10,9,0.9,83.3,15.659182609574486,0.18798538546908147,47,0.031835044675430225,9.595443790426536,86.81203477332564,2.1038253402542337,2012-01-10 11:15:00,2021-05-31 19:00:00,RBB_M,5,10,1.5,1,29,46,52,-39,9,18,4,1250,4500,0,417,-20635.305792713087,336435.1652691581,357070.4710618712,0.9422094307284862,0.2829736211031175,-49.4851457858827,2851.1454683826955,-1194.2156222805058,52275.24004135054,48094.479593347685,0.5227524004135053,5,1,0.2,83.4,26.05071975973025,0.31235875011666964,49,0.0,0.0,0.0,0.0,False,False,False
618,96116.66379754306,265655.3573917635,169538.69359422039,1.5669305440538073,0.47249190938511326,155.52858219667164,909.7786212046694,-520.0573423135595,12409.444054510386,9585.967321260003,0.12409444054510387,10,7,0.7,61.8,12.568213874691981,0.20336915654841395,29,0.06233050298769465,7.745444789898393,79.7888328900098,2.1029909556424076,2012-01-10 13:30:00,2021-05-27 23:00:00,RBB_M,5,50,1.5,1,17,46,27,45,1,0,4,750,6000,0,282,21131.23825402453,179214.28935703103,158083.05110300652,1.133671751061127,0.2375886524822695,74.93346898590259,2674.8401396571794,-735.2700051302629,17833.447539956906,16722.535497985227,0.17833447539956906,5,4,0.8,56.4,17.3735431043872,0.30804154440402837,31,0.2835139109209083,1.1849216595208933,237.9904171167086,0.8452039903701312,False,False,False
797,140597.3366796815,399273.2266052789,258675.8899255974,1.5435270241850576,0.5445420326223338,176.40820160562296,919.9843930997209,-712.6057573707917,16031.239834058753,15298.797207867057,0.16031239834058753,10,10,1.0,79.7,14.710880327159215,0.18457817223537282,41,0.028386028457228676,8.770209798806645,90.87581919744349,2.098643021653783,2012-01-10 11:15:00,2021-05-31 19:00:00,RBB_M,5,10,1.5,1,29,46,52,-39,9,18,4,2500,4000,48,375,-71194.9436635878,381735.3133496671,452930.2570132549,0.8428125686875799,0.4026666666666667,-189.85318310290077,2528.0484327792524,-2022.0100759520308,93632.61008281229,91575.14059756772,0.9363261008281228,5,1,0.2,75.0,22.847319317591726,0.30463092423455634,44,0.0,0.0,0.0,0.0,False,False,False
618,95856.6511346144,264636.3447288348,168779.69359422039,1.5679394783419425,0.4741100323624595,155.10784973238574,903.195715798071,-519.3221341360627,12409.444054510386,9585.967321260003,0.12409444054510387,10,7,0.7,61.8,12.568213874691981,0.20336915654841395,29,0.0520673311754965,7.724491984777831,80.00526134506367,2.0973019912434423,2012-01-10 13:30:00,2021-05-27 23:00:00,RBB_M,5,50,1.5,1,17,46,27,45,1,0,4,750,5000,0,282,22125.369744368647,178690.42084737515,156565.05110300652,1.141317424217567,0.24468085106382978,78.45875795875406,2589.716244164857,-735.047188277026,18030.973828827773,16920.061786856095,0.18030973828827773,5,4,0.8,56.4,17.3735431043872,0.30804154440402837,31,0.22557815112989513,1.2270756951016581,229.8146733129104,0.8801064259024632,True,False,False
618,98709.38847464803,290291.1343577192,191581.74588307124,1.515233787121314,0.5453074433656958,159.7239295706279,861.3980248003537,-681.78557253762,13216.493197631295,10283.068433131339,0.13216493197631293,10,9,0.9,61.8,12.568213874691981,0.20336915654841395,29,0.025235694785403058,7.468652009168292,82.74585550931572,2.092739745587033,2012-01-10 13:30:00,2021-05-27 23:00:00,RBB_M,5,50,1.5,1,17,46,27,45,1,0,4,2250,2500,0,282,3812.0352808628304,254090.94558079133,250278.91029992848,1.0152311486265246,0.4645390070921986,13.517855605896562,1939.6255387846666,-1657.4762271518443,25487.135650428005,23627.852478576366,0.25487135650428006,5,3,0.6,56.4,17.3735431043872,0.30804154440402837,31,0.6534567013336188,0.14956703386160283,1885.4422175740935,0.12754124221719634,False,False,False
618,96416.24254486666,274905.45831618056,178489.2157713139,1.5401796524693023,0.5469255663430421,156.01333745124055,813.3297583318952,-637.4614848975497,12650.33013335822,10832.217016654438,0.1265033013335822,10,8,0.8,61.8,12.568213874691981,0.20336915654841395,29,0.02065004762111012,7.621638449626098,81.08492735316221,2.0893642161022172,2012-01-10 13:30:00,2021-05-27 23:00:00,RBB_M,5,50,1.5,1,17,46,27,45,1,0,4,1750,2000,0,282,10799.634828017108,228174.51707812003,217374.88225010294,1.0496820732746457,0.475177304964539,38.29657740431598,1702.79490356806,-1468.7492043925874,20485.936681429826,17665.88566423115,0.20485936681429825,5,3,0.6,56.4,17.3735431043872,0.30804154440402837,31,0.1843580854081121,0.5271731039668205,534.9286560297444,0.403028171405051,False,False,False
618,111058.00648249149,297262.8902848246,186204.88380233312,1.596429074332904,0.5614886731391586,179.7055121075914,856.6653898698115,-687.1028922595318,16848.185733908293,14222.400157669894,0.1684818573390829,10,9,0.9,61.8,12.568213874691981,0.20336915654841395,29,0.07969460967516498,6.591689350799271,93.75441819403471,2.0853943009049867,2012-01-10 13:30:00,2021-05-27 23:00:00,RBB_M,5,50,1.5,1,17,46,27,45,1,0,4,4000,0,48,282,-13897.697613189965,287314.3533535516,301212.0509667415,0.9538607516910921,0.46099290780141844,-49.2826156496098,2210.1104104119354,-1981.6582300443522,45037.58494086093,40168.319980133245,0.4503758494086093,5,2,0.4,56.4,17.3735431043872,0.30804154440402837,31,0.0,0.0,0.0,0.0,False,False,False
816,133444.79954839815,392652.6805038706,259207.88095547247,1.5148176786002956,0.5355392156862745,163.53529356421342,898.518719688491,-683.9258072703759,14059.966919184793,13607.524292993097,0.14059966919184794,10,10,1.0,81.6,15.428544973522293,0.18907530604806733,44,0.029494886887620975,9.491117604715914,85.97512263408777,2.077412306967791,2012-01-10 11:15:00,2021-05-31 19:00:00,RBB_M,5,10,1.5,1,29,46,52,-39,9,18,4,1750,3000,48,418,-47402.8414133111,368017.47653756326,415420.31795087433,0.8858918561154326,0.3803827751196172,-113.40392682610312,2314.575324135618,-1603.9394515477773,69210.75718503847,67390.03852245363,0.6921075718503847,5,1,0.2,83.6,25.796123739817965,0.3085660734427986,49,0.0,0.0,0.0,0.0,False,False,False
800,173502.47744731628,426432.52256059623,252930.04511327992,1.685970215083027,0.52625,216.87809680914535,1012.903854063174,-667.3615966049603,24778.96691918475,18532.52429299307,0.2477896691918475,10,9,0.9,80.0,15.270887335056859,0.19088609168821075,40,0.03671958672956576,7.002006097073585,114.25297106415712,2.0752835816197512,2012-01-10 11:15:00,2021-05-31 19:00:00,RBB_M,5,10,1.5,1,29,46,52,-39,9,18,4,1750,6000,0,384,-79856.9030465032,337305.3948858041,417162.29793230724,0.8085711401957483,0.3151041666666667,-207.9606850169354,2787.6478916182155,-1586.1684332026891,117852.96680934943,116858.42218172245,1.1785296680934942,5,1,0.2,76.8,23.181026724457222,0.3018362854747034,46,0.0,0.0,0.0,0.0,False,False,False
799,172567.65244185957,425497.69755513954,252930.04511327992,1.6822742326423563,0.5256570713391739,215.97953997729607,1013.0897560836656,-667.3615966049603,24778.96691918478,18532.524292993097,0.24778966919184778,10,9,0.9,79.9,15.195064988344077,0.19017603239479444,40,0.04340906244015704,6.9642795442069625,114.72830677289878,2.066685386284561,2012-01-10 11:15:00,2021-05-31 19:00:00,RBB_M,5,10,1.5,1,29,46,52,-39,9,18,4,1750,7500,0,382,-98480.90063323468,322199.3972990726,420680.29793230724,0.7659008488933764,0.306282722513089,-257.8034047990437,2753.841002556176,-1587.472822386065,118594.20219864005,115405.29086791947,1.1859420219864005,5,1,0.2,76.4,23.000869548780106,0.30105850194738354,46,0.0,0.0,0.0,0.0,False,False,False
618,94345.45009205649,276896.45831618056,182551.0082241241,1.51681692152708,0.5485436893203883,152.66254060203315,816.8037118471403,-654.3046889753551,12466.493197631295,10477.577613615766,0.12466493197631294,10,8,0.8,61.8,12.568213874691981,0.20336915654841395,29,0.021103296428787024,7.567922157129374,81.66045939278222,2.0595089712292096,2012-01-10 13:30:00,2021-05-27 23:00:00,RBB_M,5,50,1.5,1,17,46,27,45,1,0,4,2000,2000,0,282,16351.270729054297,238343.55958074512,221992.28885169083,1.0736569311197033,0.49645390070921985,57.983229535653535,1702.4539970053222,-1563.3259778288086,23225.58303219566,20423.532014996985,0.2322558303219566,5,3,0.6,56.4,17.3735431043872,0.30804154440402837,31,0.12176423673679537,0.7040198175601411,400.55690616395196,0.5730894889676831,False,False,False
919,160606.72695242736,466421.6442151152,305814.9172626878,1.5251762353190572,0.5190424374319913,174.7624885227719,977.8231534908075,-691.8889530830041,16385.444686006464,12961.814236751154,0.16385444686006465,10,8,0.8,91.9,18.179383927955314,0.19781701771442126,43,0.07017591785718014,9.801792385261848,93.75836213199383,2.0564703806776494,2012-01-10 13:30:00,2021-06-01 23:00:00,RBB_M,6,50,1.5,1,55,46,27,45,1,0,4,2000,0,368,388,22313.856824365255,405205.0557347394,382891.1989103741,1.0582772779522376,0.38144329896907214,57.50994026898262,2737.8719982076987,-1595.379995459892,44783.35100408326,43449.4071471871,0.4478335100408326,5,4,0.8,77.6,21.987269043698902,0.28334109592395496,45,0.6122205600732452,0.4982623301755762,778.7062687706649,0.4093435743775582,False,False,False
618,90870.329388515,245117.2061725867,154246.87678407173,1.5891226537813352,0.551779935275081,147.03936794258092,718.8187864298731,-556.8479306284178,11752.141964827257,8822.91947310009,0.11752141964827256,10,8,0.8,61.8,12.568213874691981,0.20336915654841395,29,0.02741268813222586,7.732235507406134,79.92513929614064,2.043047516153473,2012-01-10 13:30:00,2021-05-27 23:00:00,RBB_M,5,50,1.5,1,17,46,27,45,1,0,4,1250,2500,48,282,4366.515368761386,200986.76543839433,196620.25006963295,1.0222078619430857,0.3900709219858156,15.484097052345339,1827.152413076312,-1143.1409887769357,24379.67531307343,22945.002692993738,0.2437967531307343,5,3,0.6,56.4,17.3735431043872,0.30804154440402837,31,0.5704777813954202,0.17910473838098542,1574.4977075935271,0.1493740928132336,False,False,False
796,160651.76588720348,409636.37036329164,248984.6044760882,1.64522770885873,0.5389447236180904,201.82382649146166,954.863334180167,-678.4321647849814,22240.23983405871,17298.79720786703,0.2224023983405871,10,10,1.0,79.6,15.311433636338565,0.19235469392385132,39,0.039656826884146484,7.223472727177219,110.19630447349388,2.0384781348624625,2012-01-10 11:15:00,2021-05-31 19:00:00,RBB_M,5,10,1.5,1,29,46,52,-39,9,18,4,2000,6000,48,374,-104793.98131317705,333523.4142972842,438317.39561046124,0.7609175853784528,0.33689839572192515,-280.1978109977996,2647.011224581621,-1767.408853267989,133390.77979827984,131731.23517065286,1.3339077979827985,5,1,0.2,74.8,23.094588110637524,0.30875117794969953,44,0.0,0.0,0.0,0.0,False,False,False
618,91257.55932166979,276382.9971978535,185125.43787618369,1.4929498634472107,0.5339805825242718,147.66595359493493,837.5242339328895,-642.7966592923044,11966.493197631295,9033.068433131339,0.11966493197631295,10,9,0.9,61.8,12.568213874691981,0.20336915654841395,29,0.027296368854437394,7.626090435561669,81.0375913086695,2.033294471702022,2012-01-10 13:30:00,2021-05-27 23:00:00,RBB_M,5,50,1.5,1,17,46,27,45,1,0,4,1500,2500,0,282,-12085.33861340479,215356.8418360803,227442.1804494851,0.9468641278872678,0.39361702127659576,-42.85581068583259,1940.1517282529758,-1330.0712306987434,32825.385848294216,31600.068071218127,0.32825385848294214,5,1,0.2,56.4,17.3735431043872,0.30804154440402837,31,0.0,0.0,0.0,0.0,False,False,False
618,102727.70269347259,274460.3930091795,171732.69031570692,1.598183738370498,0.5647249190938511,166.22605613830515,786.4194642096834,-638.4114881624793,15227.892834001686,12294.468069501745,0.15227892834001686,10,9,0.9,61.8,12.568213874691981,0.20336915654841395,29,0.029115807338988133,6.746022172161368,91.60954177563843,2.0290023486171127,2012-01-10 13:30:00,2021-05-27 23:00:00,RBB_M,5,50,1.5,1,17,46,27,45,1,0,4,2500,3000,48,282,5686.554352674277,259127.38214552906,253440.82779285475,1.0224374044316258,0.4716312056737589,20.16508635700098,1948.3261815453313,-1700.9451529721796,28623.423317161643,26223.64205343549,0.28623423317161645,5,3,0.6,56.4,17.3735431043872,0.30804154440402837,31,0.5259775629495901,0.19866786336716089,1419.454536936514,0.17953232457524504,False,False,False
618,89279.66025675433,254632.98320110887,165353.32294435456,1.5399326645936176,0.5598705501618123,144.46546967112351,735.9334774598523,-607.9166284718917,11502.141964827257,8568.71720032733,0.11502141964827257,10,9,0.9,61.8,12.568213874691981,0.20336915654841395,29,0.02790109183700155,7.7620029842932965,79.61862437447475,2.0289813109361656,2012-01-10 13:30:00,2021-05-27 23:00:00,RBB_M,5,50,1.5,1,17,46,27,45,1,0,4,1750,2500,48,282,-9028.866846090648,222031.2579903169,231060.12483640754,0.9609241670215354,0.4397163120567376,-32.017258319470386,1790.574661212233,-1462.4058533949844,33731.44977866928,33078.93815979693,0.3373144977866928,5,1,0.2,56.4,17.3735431043872,0.30804154440402837,31,0.0,0.0,0.0,0.0,False,False,False
618,83819.72352180691,256685.28597438138,172865.5624525745,1.4848838735291927,0.5097087378640777,135.63062058544807,814.8739237281949,-570.5134074342393,10195.562668107508,7599.0,0.10195562668107508,10,8,0.8,61.8,12.568213874691981,0.20336915654841395,29,0.02971854231124886,8.221196441075424,75.17154035053791,2.023277744132438,2012-01-10 13:30:00,2021-05-27 23:00:00,RBB_M,5,50,1.5,1,17,46,27,45,1,0,4,1000,2500,0,282,11314.751039816285,185286.2796824847,173971.52864266842,1.065037946887599,0.34397163120567376,40.1232306376464,1910.1678317781927,-940.3866413117212,21757.338891103507,20345.06750789639,0.21757338891103506,5,4,0.8,56.4,17.3735431043872,0.30804154440402837,31,0.2201550870394092,0.5200429655688658,542.262887243413,0.4097286763828501,False,False,False
795,159111.94088174676,408096.54535783496,248984.6044760882,1.639043290313267,0.5383647798742138,200.14080614056198,953.4966013033527,-678.4321647849814,22240.23983405874,17298.797207867057,0.2224023983405874,10,10,1.0,79.5,15.239750654128171,0.19169497678148642,39,0.047080061738215925,7.154236737954709,111.12296519101194,2.0214791499285263,2012-01-10 11:15:00,2021-05-31 19:00:00,RBB_M,5,10,1.5,1,29,46,52,-39,9,18,4,2000,7500,48,372,-116945.03573962244,323381.3598708387,440326.39561046124,0.734412842597156,0.33064516129032256,-314.36837564414634,2629.116746917388,-1768.3790988371939,135281.68979005798,130847.25193609443,1.3528168979005797,5,1,0.2,74.4,22.913751329714653,0.3079805286251969,44,0.0,0.0,0.0,0.0,False,False,False
618,108678.08872132032,302340.777175503,193662.6884541827,1.5611720543011656,0.5614886731391586,175.85451249404582,871.2990696700375,-714.6224666206003,17231.161481438103,14999.315540953932,0.17231161481438104,10,9,0.9,61.8,12.568213874691981,0.20336915654841395,29,0.06892833770024173,6.307066928621814,97.98532455640867,2.017899791279034,2012-01-10 13:30:00,2021-05-27 23:00:00,RBB_M,5,50,1.5,1,17,46,27,45,1,0,4,5000,7500,48,282,-18491.597351160315,297075.8764273955,315567.4737785558,0.9414020807349224,0.46099290780141844,-65.57304025234154,2285.199049441504,-2076.101801174709,44222.93275898463,39353.667798256945,0.4422293275898463,5,2,0.4,56.4,17.3735431043872,0.30804154440402837,31,0.0,0.0,0.0,0.0,False,False,False
618,91728.48208780098,260508.1756820214,168779.69359422039,1.5434805582023057,0.4741100323624595,148.42796454336727,889.1064016451242,-519.3221341360627,12409.444054510386,9585.967321260003,0.12409444054510387,10,7,0.7,61.8,12.568213874691981,0.20336915654841395,29,0.04895971128903332,7.39182848843748,83.60583595340371,2.0069794412733564,2012-01-10 13:30:00,2021-05-27 23:00:00,RBB_M,5,50,1.5,1,17,46,27,45,1,0,4,750,4500,0,282,18466.28520737685,174272.33631038337,155806.05110300652,1.1185209757685752,0.24822695035460993,65.48328087722288,2489.604804434048,-734.9342033160685,19734.51018803165,19018.307604540765,0.1973451018803165,5,3,0.6,56.4,17.3735431043872,0.30804154440402837,31,0.24319996954265333,0.9357356747863984,301.3671569851951,0.7021349791587987,False,False,False
812,125506.24091553077,390234.44689374126,264728.20597821055,1.4740947057445817,0.5381773399014779,154.5643361028704,892.985004333504,-705.9418826085615,13493.23992011584,11829.947179879004,0.1349323992011584,10,10,1.0,81.2,15.387007506334687,0.18949516633417102,43,0.031360506375696935,9.301416239432974,87.29853380365445,2.004262155621711,2012-01-10 11:15:00,2021-05-31 19:00:00,RBB_M,5,10,1.5,1,29,46,52,-39,9,18,4,2000,3000,48,408,-76176.46041918345,366932.8845007743,443109.3449199578,0.8280865405062856,0.39215686274509803,-186.70701083133198,2293.3305281298394,-1786.7312295159588,88654.85522943019,86065.1742943449,0.886548552294302,5,1,0.2,81.6,25.803875677889938,0.3162239666408081,47,0.0,0.0,0.0,0.0,False,False,False
797,161639.34778783607,403420.41708250897,241781.0692946729,1.6685359952264776,0.5370138017565872,202.8097211892548,942.5710679497873,-655.2332501210648,23298.96691918475,18357.52429299307,0.2329896691918475,10,10,1.0,79.7,15.388632167934874,0.1930819594471126,39,0.0642298917318139,6.937618665604422,114.88091785029863,2.001353432043517,2012-01-10 11:15:00,2021-05-31 19:00:00,RBB_M,5,10,1.5,1,29,46,52,-39,9,18,4,1750,0,48,380,-79359.95470840565,333837.62027160684,413197.5749800125,0.80793702694832,0.3157894736842105,-208.84198607475173,2781.980168930057,-1589.2214422308173,119197.58826091804,115843.67693019746,1.1919758826091804,5,1,0.2,76.0,22.45885126180767,0.2955112008132588,46,0.0,0.0,0.0,0.0,False,False,False
618,86627.60258808972,258788.92352731724,172161.32093922753,1.5031769163682764,0.5323624595469255,140.1741142202099,786.592472727408,-595.7139132845243,11150.33013335822,9332.217016654438,0.1115033013335822,10,8,0.8,61.8,12.568213874691981,0.20336915654841395,29,0.022983436462707084,7.769061682660646,79.54628567041516,1.9995271806467045,2012-01-10 13:30:00,2021-05-27 23:00:00,RBB_M,5,50,1.5,1,17,46,27,45,1,0,4,1250,2000,0,282,17077.04348238399,203069.18116681566,185992.13768443168,1.091815942840327,0.425531914893617,60.55689178150351,1692.2431763901304,-1148.0996153359981,18749.305409208624,15929.254392009949,0.18749305409208625,5,4,0.8,56.4,17.3735431043872,0.30804154440402837,31,0.11658926804594939,0.9108093931840637,309.61472522167014,0.6661535381294885,False,False,False
792,141147.2356600121,402416.0942736898,261268.85861367758,1.540237502505869,0.547979797979798,178.21620664142944,927.2260236720963,-729.8012810437922,18075.81206807388,15717.761529039446,0.1807581206807388,10,10,1.0,79.2,15.045265035884213,0.18996546762480068,39,0.0282754386321338,7.808624869989172,101.4263091372064,1.996648615687468,2012-01-10 11:15:00,2021-05-31 19:00:00,RBB_M,5,10,1.5,1,29,46,52,-39,9,18,4,4000,4000,48,360,-95349.82516581887,405896.02021566033,501245.84538147924,0.8097743332051924,0.44166666666666665,-264.860625460608,2552.805158589059,-2493.760424783479,124784.74001855458,121983.18799490621,1.2478474001855457,5,1,0.2,72.0,21.23205124334434,0.29488960060200475,43,0.0,0.0,0.0,0.0,False,False,False
797,161248.26997982236,403029.3392744952,241781.0692946729,1.6669185079304099,0.5370138017565872,202.3190338517219,941.6573347534935,-655.2332501210648,23298.96691918475,18357.52429299307,0.2329896691918475,10,10,1.0,79.7,15.388632167934874,0.1930819594471126,39,0.061960354683186454,6.920833466098787,115.15954023515349,1.9965112638216331,2012-01-10 11:15:00,2021-05-31 19:00:00,RBB_M,5,10,1.5,1,29,46,52,-39,9,18,4,1750,10000,48,381,-84776.83820570359,330179.7367743089,414956.5749800125,0.7956970841833579,0.31496062992125984,-222.5113863666761,2751.497806452574,-1589.87193478932,116893.17504540583,113539.26371468525,1.1689317504540584,5,1,0.2,76.2,22.727956353354784,0.29826714374481345,46,0.0,0.0,0.0,0.0,False,False,False
618,89525.16086972477,242442.505109372,152917.3442396472,1.5854480491723935,0.5355987055016181,144.86271985392358,732.4546982156254,-532.8130461311749,11981.2114353035,9384.648767195991,0.119812114353035,10,9,0.9,61.8,12.568213874691981,0.20336915654841395,29,0.033409602071002624,7.472129287855855,82.70734835977878,1.9934696291218041,2012-01-10 13:30:00,2021-05-27 23:00:00,RBB_M,5,50,1.5,1,17,46,27,45,1,0,4,1000,3000,48,282,11357.524937297632,186458.21438702993,175100.68944973228,1.0648628224879615,0.3404255319148936,40.274911125168906,1942.2730665315619,-941.4015561813563,21373.775452900074,20037.93317412551,0.21373775452900073,5,4,0.8,56.4,17.3735431043872,0.30804154440402837,31,0.26334963088460256,0.5313766378020314,530.6970234266516,0.4149514859587958,False,False,False
618,78150.93230118543,244904.2991468746,166753.36684568916,1.46866179543772,0.47896440129449835,126.4578192575816,827.3793890097115,-517.8675988996558,9155.82586431678,8148.373930096539,0.09155825864316779,10,7,0.7,61.8,12.568213874691981,0.20336915654841395,29,0.038272096210867995,8.53565079320315,72.40221220063349,1.9906746260341879,2012-01-10 13:30:00,2021-05-27 23:00:00,RBB_M,5,50,1.5,1,17,46,27,45,1,0,4,750,3000,0,282,16741.420729965568,167234.47183297208,150493.05110300652,1.1112438123040427,0.2730496453900709,59.36674017718287,2171.876257571066,-734.1124444049099,18509.077407024466,17363.794235172827,0.18509077407024466,5,5,1.0,56.4,17.3735431043872,0.30804154440402837,31,0.17865867229812768,0.9044978505310024,311.7752019360208,0.657285681106806,False,False,False
790,145169.57048915545,429021.6070033556,283852.03651420015,1.5114269119640193,0.5329113924050632,183.7589499862727,1019.0536983452627,-769.2467114205966,19609.112607094852,17416.06206806042,0.19609112607094853,10,10,1.0,79.0,15.251229458637097,0.19305353745110249,38,0.034380483342222476,7.40316879187236,106.71106146699088,1.9766186330167272,2012-01-10 11:15:00,2021-05-31 19:00:00,RBB_M,5,10,1.5,1,29,46,52,-39,9,18,4,4000,5000,0,350,-92745.07004744295,408091.58492180187,500836.6549692448,0.814819723901522,0.42857142857142855,-264.9859144212656,2720.6105661453457,-2504.183274846224,132030.38114451058,131508.26515223325,1.3203038114451058,5,1,0.2,70.0,20.639767440550294,0.29485382057928994,41,0.0,0.0,0.0,0.0,False,False,False
618,105115.56597132878,312513.0197176106,207397.45374628186,1.506831516359507,0.5485436893203883,170.08991257496567,921.8673148012113,-743.3600492698274,16834.44039713907,14682.2979155668,0.16834440397139072,10,9,0.9,61.8,12.568213874691981,0.20336915654841395,29,0.028454396571634524,6.244078418501671,98.97377300208463,1.9746156303902929,2012-01-10 13:30:00,2021-05-27 23:00:00,RBB_M,5,50,1.5,1,17,46,27,45,1,0,4,4000,3000,0,282,10793.757939304516,302392.75404594606,291598.99610664154,1.037015758227635,0.5,38.27573737342027,2144.6294613187665,-2068.077986571926,33612.795546365924,31244.284253717626,0.33612795546365926,5,2,0.4,56.4,17.3735431043872,0.30804154440402837,31,0.2771046021986965,0.3211205067550977,878.1749968246876,0.3144666569538888,False,False,False
823,126667.80473856581,394000.84120255854,267333.0364639928,1.473820244643152,0.5188335358444714,153.90984779898642,922.7185976640716,-675.0834254141232,13809.966919184793,12818.524292993097,0.13809966919184793,10,9,0.9,82.3,15.02031957050182,0.18250692066223356,47,0.031072925567351414,9.172201894459212,89.72763677358233,1.9727563239437649,2012-01-10 11:15:00,2021-05-31 19:00:00,RBB_M,5,10,1.5,1,29,46,52,-39,9,18,4,1500,3000,0,426,-22493.496076394607,362018.8893370614,384512.38541345595,0.9415012443559967,0.3591549295774648,-52.80163398214697,2366.1365316147803,-1408.4702762397653,48776.3906529506,47008.397281150064,0.48776390652950596,5,1,0.2,85.2,25.43540839066674,0.29853765716745,51,0.0,0.0,0.0,0.0,False,False,False
618,102854.195399232,313122.8692737353,210268.6738745033,1.4891560568866264,0.5501618122977346,166.43073689196117,920.9496155109863,-756.3621362392205,16151.351901143353,12989.99499580948,0.16151351901143352,10,9,0.9,61.8,12.568213874691981,0.20336915654841395,29,0.029079999978516513,6.3681477580802985,97.04548692606002,1.9725701233198656,2012-01-10 13:30:00,2021-05-27 23:00:00,RBB_M,5,50,1.5,1,17,46,27,45,1,0,4,5000,3000,0,282,12933.717874140777,309464.57228938135,296530.85441524064,1.043616769322862,0.5106382978723404,45.86424778064105,2149.0595297873706,-2148.7743073568163,37464.81710895259,34324.02342305896,0.3746481710895259,5,2,0.4,56.4,17.3735431043872,0.30804154440402837,31,0.23125601077012053,0.3452230351619716,816.8632196507147,0.3569158390286077,False,False,False
848,142892.3564389717,396192.84156578436,253300.48512681265,1.5641219217066793,0.4964622641509434,168.50513731010815,941.0756331728844,-593.2095670417158,16841.488374559267,14373.478284109005,0.16841488374559266,10,9,0.9,84.8,16.4851448279959,0.19440029278297052,49,0.034928390323884256,8.484544433425773,99.94643868670343,1.9558082139572743,2012-01-10 11:15:00,2021-05-31 19:00:00,RBB_M,5,10,1.5,1,29,46,52,-39,9,18,4,1000,5000,48,439,-31297.43302554876,299866.46297768503,331163.89600323373,0.9054926173919542,0.23234624145785876,-71.29255814475799,2939.867284094951,-982.6821839858568,61734.49147765858,56677.0126473241,0.6173449147765858,5,1,0.2,87.8,27.308606701917256,0.3110319669922239,52,0.0,0.0,0.0,0.0,False,False,False
618,94078.82448640307,259840.03656159385,165761.2120751908,1.567556325805147,0.5533980582524272,152.23110758317648,759.7661887765902,-600.5841017217058,13752.141964827286,10818.717200327344,0.13752141964827286,10,9,0.9,61.8,12.568213874691981,0.20336915654841395,29,0.03179248907847781,6.841030635592673,90.33726537996415,1.9553368651061194,2012-01-10 13:30:00,2021-05-27 23:00:00,RBB_M,5,50,1.5,1,17,46,27,45,1,0,4,1500,3000,48,282,-8089.496787235919,218347.27589328476,226436.7726805207,0.9642748097339764,0.39361702127659576,-28.68615881998553,1967.092575615178,-1324.1916531024601,29078.03513198255,28104.397652922496,0.2907803513198255,5,3,0.6,56.4,17.3735431043872,0.30804154440402837,31,0.0,0.0,0.0,0.0,False,False,False
618,97839.4722791609,292474.7791890106,194635.3069098497,1.5026810080479271,0.5469255663430421,158.31629818634448,865.3099976006231,-695.126096106606,14966.493197631266,12051.068433131339,0.14966493197631264,10,8,0.8,61.8,12.568213874691981,0.20336915654841395,29,0.02546007191139118,6.537234273065775,94.53539129632198,1.9492563372284875,2012-01-10 13:30:00,2021-05-27 23:00:00,RBB_M,5,50,1.5,1,17,46,27,45,1,0,4,2500,2500,0,282,4393.290506412188,260694.84853274748,256301.5580263353,1.0171410994932804,0.475177304964539,15.579044348979389,1945.483944274235,-1731.7672839617248,24700.59309029967,22459.631515108238,0.2470059309029967,5,3,0.6,56.4,17.3735431043872,0.30804154440402837,31,0.5670009748648043,0.1778617416331394,1585.501173049671,0.14931054395228602,False,False,False
618,104740.4773527178,298403.1658069005,193662.6884541827,1.5408397362897168,0.5614886731391586,169.48297306265016,859.9514864752175,-714.6224666206003,17231.16148143811,14999.315540953932,0.1723116148143811,10,9,0.9,61.8,12.568213874691981,0.20336915654841395,29,0.09538814651717599,6.078550042348984,101.6689828486106,1.9447874900568811,2012-01-10 13:30:00,2021-05-27 23:00:00,RBB_M,5,50,1.5,1,17,46,27,45,1,0,4,5000,10000,48,282,-23791.854576015874,291775.6192025399,315567.4737785558,0.9246061253045634,0.46099290780141844,-84.36827863835417,2244.4278400195376,-2076.101801174709,45045.902722050225,40149.706332826165,0.45045902722050224,5,1,0.2,56.4,17.3735431043872,0.30804154440402837,31,0.0,0.0,0.0,0.0,False,False,False
796,157297.73174175996,419415.1506585119,262117.41891675195,1.600104076988937,0.5263819095477387,197.61021575597985,1000.9908130274747,-695.2716682141962,23720.23983405871,17473.79720786703,0.2372023983405871,10,10,1.0,79.6,15.311433636338565,0.19235469392385132,39,0.040502423003025916,6.631371893462223,120.03549382968029,1.9326499911439343,2012-01-10 11:15:00,2021-05-31 19:00:00,RBB_M,5,10,1.5,1,29,46,52,-39,9,18,4,2000,6000,0,374,-113832.90554896709,331823.08775246865,445655.9933014357,0.7445722546987671,0.32620320855614976,-304.3660576175591,2719.861375020235,-1768.4761638945863,135971.50276415853,134476.95813653158,1.3597150276415852,5,1,0.2,74.8,23.094588110637524,0.30875117794969953,44,0.0,0.0,0.0,0.0,False,False,False
797,160804.9358504433,413734.9809637232,252930.04511327992,1.6357684227606233,0.5244667503136763,201.76278023895017,989.7966051763714,-667.3615966049603,24778.96691918475,18532.52429299307,0.2477896691918475,10,9,0.9,79.7,15.388632167934874,0.1930819594471126,39,0.06213117742413165,6.4895738541037575,122.81237842697603,1.9306467152389306,2012-01-10 11:15:00,2021-05-31 19:00:00,RBB_M,5,10,1.5,1,29,46,52,-39,9,18,4,1750,10000,0,381,-87944.50493533222,332735.792996975,420680.29793230724,0.790946936741298,0.30446194225721784,-230.8254722712132,2868.412008594612,-1587.472822386065,113779.69734483706,110590.78601411647,1.1377969734483706,5,1,0.2,76.2,22.727956353354784,0.29826714374481345,46,0.0,0.0,0.0,0.0,False,False,False
797,160781.013658457,413711.0587717369,252930.04511327992,1.6356738424905113,0.5244667503136763,201.73276494160226,989.7393750520022,-667.3615966049603,24778.96691918475,18532.52429299307,0.2477896691918475,10,9,0.9,79.7,15.388632167934874,0.1930819594471126,39,0.061991634343011005,6.488608430804864,122.83065136373749,1.9303595020316031,2012-01-10 11:15:00,2021-05-31 19:00:00,RBB_M,5,10,1.5,1,29,46,52,-39,9,18,4,1750,0,0,380,-74677.05553214539,344244.2424001618,418921.29793230724,0.8217396539618944,0.30526315789473685,-196.51856718985627,2967.6227793117396,-1586.8230982284365,119573.54465446035,116384.63332373976,1.1957354465446035,5,1,0.2,76.0,22.45885126180767,0.2955112008132588,46,0.0,0.0,0.0,0.0,False,False,False
830,151918.09325054195,420538.18313285604,268620.0898823141,1.5655500052773388,0.5,183.0338472898096,1013.3450195972434,-647.2773250176243,20451.86822179299,18875.79491545321,0.2045186822179299,10,9,0.9,83.0,15.588457268119896,0.18781273817011923,46,0.04193667213762591,7.428079019630192,111.73817588727289,1.9278279402912402,2012-01-10 11:15:00,2021-05-31 19:00:00,RBB_M,5,10,1.5,1,29,46,52,-39,9,18,4,1250,6000,0,408,-26385.745227353793,329154.5824299806,355540.32765733445,0.9257869131155662,0.27205882352941174,-64.67094418469067,2965.356598468294,-1197.1054803277254,77813.8505053949,75871.35869665271,0.778138505053949,5,1,0.2,81.6,24.87247474619283,0.30480973953667684,49,0.0,0.0,0.0,0.0,False,False,False
829,103439.23566307238,363940.37393147656,260501.13826840417,1.3970778644218247,0.5428226779252111,124.77591756703544,808.7563865143924,-687.3380956949978,9508.388551587297,7803.524292993097,0.09508388551587298,10,10,1.0,82.9,15.469001260585637,0.1865983264244347,47,0.019248015390264366,10.87873461437423,76.20371572486292,1.9274391081573163,2012-01-10 11:15:00,2021-05-31 19:00:00,RBB_M,5,10,1.5,1,29,46,52,-39,9,18,4,1750,2000,48,448,-60386.699588331496,351835.00014843745,412221.69973676896,0.8535091684234662,0.4263392857142857,-134.79174015252565,1842.0680636043846,-1603.9754853570776,69628.9590399926,68494.98385868846,0.696289590399926,5,1,0.2,89.6,26.173268806169396,0.2921123750688549,54,0.0,0.0,0.0,0.0,False,False,False
830,151009.2196743014,410793.7658615757,259784.5461872743,1.5812863847776435,0.5144578313253012,181.93881888470048,962.0462900739478,-644.6266654771075,20276.86822179296,18700.79491545318,0.2027686822179296,10,9,0.9,83.0,15.588457268119896,0.18781273817011923,46,0.04218907482710116,7.447364061477763,111.44882849131254,1.924545957375026,2012-01-10 11:15:00,2021-05-31 19:00:00,RBB_M,5,10,1.5,1,29,46,52,-39,9,18,4,1250,6000,48,408,-27055.19591277268,325711.7504010729,352766.9463138456,0.9233057513027241,0.27941176470588236,-66.31175468816834,2857.120617553271,-1199.8875724960733,79313.85050539489,77371.3586966527,0.7931385050539489,5,1,0.2,81.6,24.87247474619283,0.30480973953667684,49,0.0,0.0,0.0,0.0,False,False,False
795,156362.90673630327,418480.3256530552,262117.41891675195,1.5965376409645018,0.5257861635220126,196.68290155509845,1001.1491044331465,-695.2716682141962,23720.239834058753,17473.797207867057,0.23720239834058754,10,10,1.0,79.5,15.239750654128171,0.19169497678148642,39,0.04790778168784701,6.591961456974363,120.60143330463224,1.923580754640825,2012-01-10 11:15:00,2021-05-31 19:00:00,RBB_M,5,10,1.5,1,29,46,52,-39,9,18,4,2000,7500,0,372,-124956.90313569857,322708.0901657371,447664.9933014357,0.7208696123094915,0.31989247311827956,-335.9056535905875,2711.832690468379,-1769.4268509938172,140467.0817718634,136139.00662948098,1.404670817718634,5,1,0.2,74.4,22.913751329714653,0.3079805286251969,44,0.0,0.0,0.0,0.0,False,False,False
849,133290.20110641894,388608.6862332316,255318.48512681265,1.5220546449671117,0.49469964664310956,156.99670330555824,925.2587767457895,-595.1479839785843,15130.010090450261,12662.0,0.1513001009045026,10,9,0.9,84.9,16.664033125267125,0.1962783642552076,49,0.03369339953515701,8.809657119168008,96.37151463622233,1.9225351057133875,2012-01-10 11:15:00,2021-05-31 19:00:00,RBB_M,5,10,1.5,1,29,46,52,-39,9,18,4,1000,4500,48,440,-42425.11935974024,288738.77664349356,331163.89600323373,0.8718908677190889,0.2340909090909091,-96.42072581759145,2803.289093626151,-982.6821839858568,62047.36539921164,59582.16968666856,0.6204736539921164,5,1,0.2,88.0,27.386127875258307,0.31120599858248077,52,0.0,0.0,0.0,0.0,False,False,False
848,140310.94126019083,404014.4249188133,263703.4836586225,1.5320784515756736,0.4811320754716981,165.46101563701748,990.2314336245423,-599.326099224142,16841.488374559252,14373.478284108991,0.16841488374559252,10,9,0.9,84.8,16.4851448279959,0.19440029278297052,49,0.035570996496593614,8.331267292987269,101.78523508827912,1.9204756521876054,2012-01-10 11:15:00,2021-05-31 19:00:00,RBB_M,5,10,1.5,1,29,46,52,-39,9,18,4,1000,5000,0,439,-30162.67012982587,301183.1464695374,331345.8165993632,0.9089692139789527,0.22779043280182232,-68.70767683331633,3011.831464695374,-977.4212879037264,60924.30857153986,55866.82974120539,0.6092430857153986,5,1,0.2,87.8,27.308606701917256,0.3110319669922239,52,0.0,0.0,0.0,0.0,False,False,False
816,124116.46541901908,394513.3221930986,270396.8567740795,1.4590159327285384,0.5232843137254902,152.10351154291553,923.9187873374675,-695.1076009616439,14234.966919184793,13782.524292993097,0.14234966919184794,10,9,0.9,81.6,15.428544973522293,0.18907530604806733,44,0.0317116609398557,8.719125665950404,93.587365438098,1.9202791394837437,2012-01-10 11:15:00,2021-05-31 19:00:00,RBB_M,5,10,1.5,1,29,46,52,-39,9,18,4,1750,3000,0,418,-48882.95411600072,369329.7415132887,418212.69562928943,0.8831146097981412,0.37320574162679426,-116.94486630622183,2367.498343033902,-1596.2316627072116,70163.01176571005,68335.03852245363,0.7016301176571005,5,1,0.2,83.6,25.796123739817965,0.3085660734427986,49,0.0,0.0,0.0,0.0,False,False,False
829,150281.25297203803,418901.3428543521,268620.0898823141,1.559456491276874,0.49939686369119424,181.2801604005284,1011.8389924018167,-647.2773250176243,20451.86822179296,18875.79491545318,0.2045186822179296,10,9,0.9,82.9,15.443121446132578,0.18628614530919876,46,0.04984653675594392,7.348045241749718,112.8191202865537,1.9093570037200092,2012-01-10 11:15:00,2021-05-31 19:00:00,RBB_M,5,10,1.5,1,29,46,52,-39,9,18,4,1250,7500,0,406,-41706.928473104585,316351.3991842299,358058.32765733445,0.8835191775988561,0.26354679802955666,-102.72642481060242,2956.5551325628962,-1197.5194904927573,75062.84029958739,72918.22738284974,0.750628402995874,5,1,0.2,81.2,24.69331893448104,0.3041049129862197,49,0.0,0.0,0.0,0.0,False,False,False
793,156855.79270438422,408521.6421925234,251665.84948813912,1.6232700742806854,0.5397225725094578,197.80049521359928,954.4898182068304,-689.4954780496962,24490.23983405874,19548.797207867057,0.24490239834058738,10,10,1.0,79.3,15.440531078949325,0.1947103540851113,38,0.06971970291866429,6.404828771266006,123.81283377279924,1.9038564958998356,2012-01-10 11:15:00,2021-05-31 19:00:00,RBB_M,5,10,1.5,1,29,46,52,-39,9,18,4,2250,0,48,356,-72350.18139793744,358962.8252248113,431313.00662274874,0.832255971215774,0.36235955056179775,-203.23084662341978,2782.6575598822583,-1900.0572978975715,111403.24194644843,107151.40575811025,1.1140324194644842,5,1,0.2,71.2,20.5854317418897,0.2891212323299115,43,0.0,0.0,0.0,0.0,False,False,False
618,103600.2018306419,297262.8902848246,193662.6884541827,1.5349517899270098,0.5614886731391586,167.63786703987364,856.6653898698115,-714.6224666206003,17625.101117192346,14999.315540953947,0.17625101117192346,10,9,0.9,61.8,12.568213874691981,0.20336915654841395,29,0.08543153701951878,5.877991912885279,105.1379466251507,1.9019963204847687,2012-01-10 13:30:00,2021-05-27 23:00:00,RBB_M,5,50,1.5,1,17,46,27,45,1,0,4,5000,0,48,282,-28253.120425004243,287314.3533535516,315567.4737785558,0.910468844945565,0.46099290780141844,-100.18837030143348,2210.1104104119354,-2076.101801174709,44788.049410956766,39891.853021732706,0.44788049410956765,5,1,0.2,56.4,17.3735431043872,0.30804154440402837,31,0.0,0.0,0.0,0.0,False,False,False
797,127978.6317059386,402367.9208120072,274389.28910606855,1.4664126363054462,0.5307402760351317,160.57544756077615,951.2243990827594,-733.6612008183652,16206.239834058753,15473.797207867057,0.16206239834058753,10,10,1.0,79.7,14.710880327159215,0.18457817223537282,41,0.031184893499801383,7.896873859473616,100.92601378504555,1.899946469508927,2012-01-10 11:15:00,2021-05-31 19:00:00,RBB_M,5,10,1.5,1,29,46,52,-39,9,18,4,2500,4000,0,375,-66752.96572661005,386502.6775151731,453255.64324178314,0.852725571712294,0.4026666666666667,-178.00790860429348,2559.620380895186,-2023.4626930436748,91410.63214583453,89353.16266058997,0.9141063214583454,5,1,0.2,75.0,22.847319317591726,0.30463092423455634,44,0.0,0.0,0.0,0.0,False,False,False
618,98342.43272287141,274460.3930091795,176117.96028630814,1.558389573459742,0.5647249190938511,159.13015003700875,786.4194642096834,-654.7136070122979,15944.76552214974,13029.3407576498,0.1594476552214974,10,8,0.8,61.8,12.568213874691981,0.20336915654841395,29,0.03041413474515753,6.167693879615764,100.19952547296337,1.8982209332005036,2012-01-10 13:30:00,2021-05-27 23:00:00,RBB_M,5,50,1.5,1,17,46,27,45,1,0,4,3000,3000,48,282,-72.88885289454629,265591.80296857347,265664.69182146806,0.9997256359044371,0.4858156028368794,-0.2584711095551287,1938.6262990406822,-1832.1702884239178,32639.516494074676,30453.43610301571,0.3263951649407468,5,3,0.6,56.4,17.3735431043872,0.30804154440402837,31,0.0,0.0,0.0,0.0,False,False,False
796,156894.17861883002,410819.02810696914,253924.84948813912,1.6178764265691081,0.5402010050251256,197.103239470892,955.3930886208585,-693.7837417708719,24490.23983405874,19548.797207867057,0.24490239834058738,10,10,1.0,79.6,15.311433636338565,0.19235469392385132,39,0.04060660073245468,6.406396167694375,124.25082357753655,1.8971453151536841,2012-01-10 11:15:00,2021-05-31 19:00:00,RBB_M,5,10,1.5,1,29,46,52,-39,9,18,4,2250,6000,48,361,-75636.7764854132,355676.2301373356,431313.0066227487,0.8246359944540941,0.37119113573407203,-209.52015646928862,2654.3002249054894,-1900.0572978975713,120906.94401269249,118849.47452744792,1.2090694401269249,5,2,0.4,72.2,21.572204337990126,0.29878399360097124,43,0.0,0.0,0.0,0.0,False,False,False
834,129557.8699429178,393119.4161301921,263561.5461872743,1.4915659048792353,0.513189448441247,155.34516779726354,918.5033087154021,-649.1663699193948,15213.249614865912,13637.176308526134,0.15213249614865912,10,9,0.9,83.4,15.428544973522293,0.18499454404702986,48,0.03080476702618223,8.51612069891484,97.93191401177204,1.8970994915914867,2012-01-10 11:15:00,2021-05-31 19:00:00,RBB_M,5,10,1.5,1,29,46,52,-39,9,18,4,1250,4000,48,421,-13026.235970014954,339659.44266450184,352685.6786345168,0.9630655942128179,0.3016627078384798,-30.94117807604502,2674.4838005078886,-1199.6111518180842,52993.50794550099,49599.353277924514,0.52993507945501,5,1,0.2,84.2,26.24804754643667,0.3117345314303642,49,0.0,0.0,0.0,0.0,False,False,False
829,148602.37939579747,408386.9255830718,259784.5461872743,1.5720216293723357,0.5138721351025332,179.25498117707778,958.6547548898399,-644.6266654771075,20276.86822179296,18700.79491545318,0.2027686822179296,10,9,0.9,82.9,15.443121446132578,0.18628614530919876,46,0.05040969081691466,7.3286652440776905,113.11746032743365,1.8961563644221926,2012-01-10 11:15:00,2021-05-31 19:00:00,RBB_M,5,10,1.5,1,29,46,52,-39,9,18,4,1250,7500,48,406,-43403.435998237386,311881.51031560823,355284.9463138456,0.8778348577710456,0.270935960591133,-106.90501477398371,2835.28645741462,-1200.2869807900188,76727.84029958738,74418.22738284973,0.7672784029958738,5,1,0.2,81.2,24.69331893448104,0.3041049129862197,49,0.0,0.0,0.0,0.0,False,False,False
618,76920.56136734242,228870.75430618296,151950.19293884054,1.5062222026812608,0.4110032362459547,124.46692777887124,901.065961835366,-417.44558499681466,9787.142481572257,7635.0,0.09787142481572257,10,8,0.8,61.8,12.568213874691981,0.20336915654841395,29,0.14652420988062662,7.8593482737349,78.63247415377809,1.895087946002139,2012-01-10 13:30:00,2021-05-27 23:00:00,RBB_M,5,50,1.5,1,17,46,27,45,1,0,4,500,0,0,282,27336.773976495562,142320.76921045984,114983.99523396428,1.2377441653585954,0.1773049645390071,96.93891481026795,2846.415384209197,-495.620669111915,15975.757502943772,12167.59271108282,0.15975757502943772,5,3,0.6,56.4,17.3735431043872,0.30804154440402837,31,0.49972984867025527,1.7111410192260588,164.80231426369951,1.1552361711871921,True,False,False
618,89398.5137821,257123.98320110881,167725.46941900888,1.533004999728253,0.5614886731391586,144.65778929142394,740.9913060550687,-618.9131712878557,13252.141964827257,10318.71720032733,0.13252141964827258,10,9,0.9,61.8,12.568213874691981,0.20336915654841395,29,0.027863997896783444,6.745967106251515,91.61028956504946,1.8927887177756413,2012-01-10 13:30:00,2021-05-27 23:00:00,RBB_M,5,50,1.5,1,17,46,27,45,1,0,4,2000,2500,48,282,-1147.3062251129231,235427.18271025745,236574.48893537035,0.9951503383552639,0.46099290780141844,-4.068461791180578,1810.978328540442,-1556.4111114169102,33400.807519960734,31151.9464795737,0.33400807519960735,5,3,0.6,56.4,17.3735431043872,0.30804154440402837,31,0.0,0.0,0.0,0.0,False,False,False
846,137743.31677594903,402455.8004345715,264712.4836586225,1.5203506645103486,0.4787234042553192,162.81715930963242,993.7180257643741,-600.2550649855385,16841.488374559267,14373.478284109005,0.16841488374559266,10,9,0.9,84.6,16.52997277674709,0.19538974913412638,48,0.054383763766809354,8.178809005029741,103.4380432994258,1.8897888968508434,2012-01-10 11:15:00,2021-05-31 19:00:00,RBB_M,5,10,1.5,1,29,46,52,-39,9,18,4,1000,7500,0,433,-64613.92256234477,270496.7506324817,335110.67319482646,0.8071863186381427,0.21016166281755197,-149.22383963590016,2972.491765192107,-979.855769575516,83292.23572927875,81651.9374302988,0.8329223572927875,5,1,0.2,86.6,26.575176386996944,0.30687270654730886,52,0.0,0.0,0.0,0.0,False,False,False
793,155519.77562794925,407185.62511608837,251665.84948813912,1.6179613799180919,0.5397225725094578,196.11573219161318,951.3682829815149,-689.4954780496962,24490.23983405874,19548.797207867057,0.24490239834058738,10,10,1.0,79.3,15.440531078949325,0.1947103540851113,38,0.0642426338364937,6.350275729503753,124.87646738167217,1.887640424145332,2012-01-10 11:15:00,2021-05-31 19:00:00,RBB_M,5,10,1.5,1,29,46,52,-39,9,18,4,2250,10000,48,357,-82247.34480659041,351324.66181615833,433572.00662274874,0.8103029172772359,0.36134453781512604,-230.38471934619162,2723.446990822933,-1901.631607994512,113579.10864229125,109327.27245395308,1.1357910864229124,5,1,0.2,71.4,20.84802148886076,0.29198909648264365,43,0.0,0.0,0.0,0.0,False,False,False
795,155354.35361337327,409279.20310151245,253924.84948813912,1.611812329224714,0.539622641509434,195.41428127468336,954.030776460402,-693.7837417708719,24490.23983405871,19548.79720786703,0.2449023983405871,10,10,1.0,79.5,15.239750654128171,0.19169497678148642,39,0.04821879674284942,6.343521119679732,125.32471871712434,1.8808888642803814,2012-01-10 11:15:00,2021-05-31 19:00:00,RBB_M,5,10,1.5,1,29,46,52,-39,9,18,4,2250,7500,48,359,-93287.83091185859,342543.17571089015,435831.0066227487,0.7859541209911951,0.362116991643454,-259.8546822057342,2634.9475054683858,-1903.1921686582912,120148.1794019831,115896.34321364493,1.201481794019831,5,1,0.2,71.8,21.38597671372528,0.29785482888196774,43,0.0,0.0,0.0,0.0,False,False,False
812,120673.11622544678,391417.10463741876,270743.98841197195,1.4457093098659206,0.5394088669950738,148.6122121003039,893.6463576196775,-723.9144075186416,14210.840522849016,13079.947179879004,0.14210840522849016,10,10,1.0,81.2,15.387007506334687,0.18949516633417102,43,0.03261653789621182,8.491624125358491,95.62363901331064,1.877794101513906,2012-01-10 11:15:00,2021-05-31 19:00:00,RBB_M,5,10,1.5,1,29,46,52,-39,9,18,4,2250,3000,48,396,-57238.273978089805,381359.5141417612,438597.78811985103,0.8694971212156479,0.42424242424242425,-144.5410959042672,2269.9971079866737,-1923.6745092975923,75116.46283181352,72612.83616310658,0.7511646283181352,5,1,0.2,79.2,24.11140808828883,0.30443697081172766,47,0.0,0.0,0.0,0.0,False,False,False
793,147418.44070433642,396403.04518042464,248984.6044760882,1.5920785384081613,0.5372005044136192,185.89967301933976,930.5235802357386,-678.4321647849814,22240.239834058724,17298.79720786703,0.22240239834058725,10,10,1.0,79.3,15.440531078949325,0.1947103540851113,38,0.07042590980076978,6.6284555294489085,119.63571249393752,1.8776396489739393,2012-01-10 11:15:00,2021-05-31 19:00:00,RBB_M,5,10,1.5,1,29,46,52,-39,9,18,4,2000,0,48,370,-103516.19063853315,334801.20497192803,438317.39561046124,0.7638328031805302,0.32972972972972975,-279.7734882122518,2744.2721719010497,-1767.408853267989,134376.3576433908,130522.44631267022,1.343763576433908,5,1,0.2,74.0,22.369622258768697,0.30229219268606344,44,0.0,0.0,0.0,0.0,False,False,False
846,136853.28477623354,391162.76990304625,254309.48512681265,1.5381367694877408,0.4940898345153664,161.76511202864486,935.7961002465221,-594.1810400159175,16841.488374559267,14373.478284109005,0.16841488374559266,10,9,0.9,84.6,16.52997277674709,0.19538974913412638,48,0.054737451221930154,8.125961419357921,104.11075764950498,1.8775779770743135,2012-01-10 11:15:00,2021-05-31 19:00:00,RBB_M,5,10,1.5,1,29,46,52,-39,9,18,4,1000,7500,48,433,-67893.92256234477,267034.8300363523,334928.75259869697,0.7972884619921138,0.21478060046189376,-156.79889737262073,2871.342258455401,-985.0845664667557,83867.23572927875,82076.9374302988,0.8386723572927874,5,1,0.2,86.6,26.575176386996944,0.30687270654730886,52,0.0,0.0,0.0,0.0,False,False,False
618,99772.83595537765,277451.3930091795,177678.55705380187,1.5615356045758857,0.5663430420711975,161.4447183743975,792.7182657405128,-662.9796904992606,16855.089164335062,14702.946682762791,0.16855089164335063,10,8,0.8,61.8,12.568213874691981,0.20336915654841395,29,0.02997809946324161,5.919448718580168,104.4016139645235,1.873103042374916,2012-01-10 13:30:00,2021-05-27 23:00:00,RBB_M,5,50,1.5,1,17,46,27,45,1,0,4,4000,3000,48,282,-8358.077968812293,271573.8029685735,279931.88093738584,0.9701424577264145,0.4929078014184397,-29.638574357490402,1953.768366680385,-1957.56560096074,40457.96882273184,37850.19256935586,0.4045796882273184,5,2,0.4,56.4,17.3735431043872,0.30804154440402837,31,0.0,0.0,0.0,0.0,False,False,False
793,147027.3628963227,396011.9673724109,248984.6044760882,1.5905078476867947,0.5372005044136192,185.4065105880488,929.605557212232,-678.4321647849814,22240.239834058753,17298.797207867057,0.22240239834058753,10,10,1.0,79.3,15.440531078949325,0.1947103540851113,38,0.06795333741410582,6.610871285262161,119.95393130219638,1.8726585679460013,2012-01-10 11:15:00,2021-05-31 19:00:00,RBB_M,5,10,1.5,1,29,46,52,-39,9,18,4,2000,10000,48,371,-109183.07413583112,331143.32147463015,440326.39561046124,0.7520405880177556,0.3288409703504043,-294.2940003661216,2714.2895202838536,-1768.3790988371939,132321.9444278786,128468.03309715801,1.323219444278786,5,1,0.2,74.2,22.639787984873003,0.30511843645381403,44,0.0,0.0,0.0,0.0,False,False,False
1060,164759.59208903887,526359.9850959517,361600.39300691284,1.455639969633244,0.4990566037735849,155.4335774424895,995.0094236218368,-680.9800244951277,15633.809827026373,13936.99147873637,0.15633809827026374,10,8,0.8,106.0,20.144478151592807,0.19004224671313968,49,0.06840709141737382,10.538671885608894,100.58193399563804,1.8724739525395848,2012-01-10 13:30:00,2021-05-31 19:00:00,RBB_M,6,50,1.5,1,17,46,27,53,1,0,4,2000,0,368,461,-52264.52592090247,411855.90812585666,464120.4340467591,0.8873901640890974,0.3774403470715835,-113.37207358113335,2366.9879777348083,-1617.1443695009027,65541.5384656367,63546.71460873688,0.655415384656367,5,1,0.2,92.2,28.15244216759889,0.3053410213405519,49,0.0,0.0,0.0,0.0,False,False,False
791,139427.10305136797,423136.042049474,283708.93899810605,1.4914441664888773,0.5347661188369153,176.26688122802526,1000.3216124101041,-770.9482037992012,20109.112607094823,17416.06206806042,0.20109112607094823,10,10,1.0,79.1,15.313066316058322,0.19359123029150851,38,0.03221038020380742,6.933528384647656,114.08332902356707,1.8723094186838256,2012-01-10 11:15:00,2021-05-31 19:00:00,RBB_M,5,10,1.5,1,29,46,52,-39,9,18,4,4000,4500,0,354,-78106.79841323597,417148.1004564599,495254.89886969596,0.8422897005330051,0.4406779661016949,-220.64067348371742,2674.026284977307,-2501.2873680287676,106723.90033594886,104924.74961757517,1.0672390033594885,5,1,0.2,70.8,20.960916010518243,0.29605813574178313,42,0.0,0.0,0.0,0.0,False,False,False
797,124340.41314007429,406358.92081200716,282018.50767193286,1.4408945149256562,0.5319949811794228,156.01055601013084,958.3936811603942,-756.0817900051819,15768.976331685306,14549.849624101742,0.15768976331685305,10,10,1.0,79.7,14.710880327159215,0.18457817223537282,41,0.03209736801746013,7.885129035943288,101.07634210765403,1.8713524437548974,2012-01-10 11:15:00,2021-05-31 19:00:00,RBB_M,5,10,1.5,1,29,46,52,-39,9,18,4,3000,4000,0,370,-55739.43648029934,414826.32744722,470565.7639275193,0.8815480412024093,0.42702702702702705,-150.64712562243065,2625.4830851089873,-2219.649829846789,87931.0043700535,85325.37107314711,0.879310043700535,5,2,0.4,74.0,22.512218904408336,0.30421917438389645,44,0.0,0.0,0.0,0.0,False,False,False
618,91426.85173390147,278887.45831618056,187460.60658227914,1.48771234341319,0.5501618122977346,147.93988953705738,820.2572303417076,-674.3187287132343,14216.493197631266,11551.068433131339,0.14216493197631266,10,8,0.8,61.8,12.568213874691981,0.20336915654841395,29,0.021776972106562528,6.431041077636142,96.09641620065008,1.8689272828911965,2012-01-10 13:30:00,2021-05-27 23:00:00,RBB_M,5,50,1.5,1,17,46,27,45,1,0,4,2250,2000,0,282,22802.436997639845,247601.06267558623,224798.62567794637,1.1014349484071462,0.5141843971631206,80.85970566538953,1707.5935356936982,-1640.8658808609225,17818.73389063093,16332.720733707029,0.1781873389063093,5,3,0.6,56.4,17.3735431043872,0.30804154440402837,31,0.08731522864008252,1.2796889575655732,220.36604936911,0.912424818425173,True,False,False
618,75262.15114197432,227212.34408081486,151950.19293884054,1.4953080327595707,0.4110032362459547,121.78341608733709,894.5367877197435,-417.44558499681466,9787.142481572271,7635.0,0.09787142481572271,10,8,0.8,61.8,12.568213874691981,0.20336915654841395,29,0.13274932816035254,7.689900426368751,80.36514983742461,1.8542297778900663,2012-01-10 13:30:00,2021-05-27 23:00:00,RBB_M,5,50,1.5,1,17,46,27,45,1,0,4,500,10000,0,282,23408.918742995003,138392.9139769593,114983.99523396428,1.203584148344851,0.1773049645390071,83.01035015246455,2767.8582795391862,-495.620669111915,15975.757502943772,12167.59271108282,0.15975757502943772,5,3,0.6,56.4,17.3735431043872,0.30804154440402837,31,0.4268031389954632,1.465277545598796,192.45500679856434,0.9892472931715114,True,False,False
847,135298.76129842817,389608.2464252408,254309.48512681265,1.5320240463345707,0.4946871310507674,159.7387972826779,929.8526167666845,-594.1810400159175,16841.488374559267,14373.478284109005,0.16841488374559266,10,9,0.9,84.7,16.70359242797788,0.19720888344720047,48,0.04708793493215279,8.033658207003267,105.43142092622705,1.8540589135757837,2012-01-10 11:15:00,2021-05-31 19:00:00,RBB_M,5,10,1.5,1,29,46,52,-39,9,18,4,1000,6000,48,434,-49836.51931338265,282065.23328531435,331901.75259869697,0.8498455674814105,0.22350230414746544,-114.83068966217199,2907.889002941385,-984.8716694323352,85320.36704308173,83065.2114231616,0.8532036704308172,5,1,0.2,86.8,26.70880004792428,0.30770506967654704,52,0.0,0.0,0.0,0.0,False,False,False
792,139729.63749431018,402416.0942736898,262686.4567793795,1.5319255480752247,0.547979797979798,176.42630996756336,927.2260236720963,-733.7610524563673,20545.68707776892,18187.636538734514,0.20545687077768918,10,10,1.0,79.2,15.045265035884213,0.18996546762480068,39,0.028562301252391887,6.8009230825627665,116.45477979756149,1.853985660423159,2012-01-10 11:15:00,2021-05-31 19:00:00,RBB_M,5,10,1.5,1,29,46,52,-39,9,18,4,5000,4000,48,355,-80372.2959981722,414450.0292116393,494822.3252098115,0.8375734240283252,0.4535211267605634,-226.40083379766816,2574.2237839232257,-2550.630542318616,123523.26217547228,121721.7101518239,1.2352326217547227,5,1,0.2,71.0,20.571825392998065,0.28974401961969104,42,0.0,0.0,0.0,0.0,False,False,False
618,84861.63390710557,266040.0981848369,181178.46427773134,1.4683869810101704,0.5388349514563107,137.31655972023555,798.9192137682791,-635.7139097464258,12466.493197631266,10332.217016654438,0.12466493197631265,10,8,0.8,61.8,12.568213874691981,0.20336915654841395,29,0.02346172125532562,6.807177653073277,90.78652438591608,1.85248251160305,2012-01-10 13:30:00,2021-05-27 23:00:00,RBB_M,5,50,1.5,1,17,46,27,45,1,0,4,1500,2000,0,282,701.0077025211576,211033.18116681563,210332.1734642945,1.0033328600706926,0.4397163120567376,2.4858429167416936,1701.8804932807711,-1331.2162877486994,28354.46101225586,26449.05097293148,0.2835446101225586,5,2,0.4,56.4,17.3735431043872,0.30804154440402837,31,2.8401970375495385,0.02472301279922605,11406.376815402853,0.02223649525535338,False,False,False
847,134773.79329814366,399486.2769567662,264712.4836586225,1.5091327444607796,0.4793388429752066,159.1190003519996,983.9563471841532,-600.2550649855385,16841.488374559267,14373.478284109005,0.16841488374559266,10,9,0.9,84.7,16.70359242797788,0.19720888344720047,48,0.04727135085029183,8.002487090258175,105.84209514453265,1.846865044312467,2012-01-10 11:15:00,2021-05-31 19:00:00,RBB_M,5,10,1.5,1,29,46,52,-39,9,18,4,1000,6000,0,434,-47008.57615309656,285075.09704172995,332083.67319482646,0.8584435792917842,0.21889400921658986,-108.31469159699668,3000.7904951761047,-979.5978560319364,84745.36704308173,82490.2114231616,0.8474536704308173,5,1,0.2,86.8,26.70880004792428,0.30770506967654704,52,0.0,0.0,0.0,0.0,False,False,False
849,127922.12747610474,393643.61113472725,265721.4836586225,1.4814143204184755,0.4793875147232038,150.67388395300912,967.1833197413446,-601.1798272819514,15130.010090450261,12662.0,0.1513001009045026,10,9,0.9,84.9,16.664033125267125,0.1962783642552076,49,0.035107296044923096,8.454860684914312,100.41561081128617,1.8451077335685016,2012-01-10 11:15:00,2021-05-31 19:00:00,RBB_M,5,10,1.5,1,29,46,52,-39,9,18,4,1000,4500,0,440,-41794.7464286747,289551.07017068856,331345.8165993632,0.8738636664931565,0.22954545454545455,-94.98806006516976,2866.8422789177084,-977.4212879037264,60745.55033356152,58280.35462101844,0.6074555033356153,5,1,0.2,88.0,27.386127875258307,0.31120599858248077,52,0.0,0.0,0.0,0.0,False,False,False
618,78140.89470850036,228406.81047438242,150265.91576588206,1.5200174258429022,0.5048543689320388,126.44157719822064,732.0731104948154,-491.06508420222895,10677.039425647701,8402.648767195991,0.10677039425647701,10,9,0.9,61.8,12.568213874691981,0.20336915654841395,29,0.05107440879565267,7.318591942331439,84.44247265999743,1.8431803676612217,2012-01-10 13:30:00,2021-05-27 23:00:00,RBB_M,5,50,1.5,1,17,46,27,45,1,0,4,750,4000,48,282,939.01041227323,153438.77353490825,152499.76312263502,1.0061574548907208,0.2624113475177305,3.3298241569972697,2073.496939660922,-733.1719380895914,23290.144224710108,22573.941641219222,0.23290144224710108,5,2,0.4,56.4,17.3735431043872,0.30804154440402837,31,4.250219111349654,0.04031793033196289,6994.406649302594,0.032865372983854065,False,False,False
618,74435.60477713618,226385.79771597672,151950.19293884054,1.4898684452944149,0.4110032362459547,120.44596242255045,891.2826681731367,-417.44558499681466,9787.142481572271,7635.0,0.09787142481572271,10,8,0.8,61.8,12.568213874691981,0.20336915654841395,29,0.10063732299117363,7.605448159898287,81.25753893880528,1.8338661972690637,2012-01-10 13:30:00,2021-05-27 23:00:00,RBB_M,5,50,1.5,1,17,46,27,45,1,0,4,500,7500,0,282,24311.05516306644,139295.05039703072,114983.99523396428,1.2114299047758725,0.1773049645390071,86.20941547186682,2785.9010079406144,-495.620669111915,15975.757502943772,11587.919003827687,0.15975757502943772,5,3,0.6,56.4,17.3735431043872,0.30804154440402837,31,0.30813142209394473,1.5217466313310506,185.31337227494862,1.0273710536674618,True,False,False
618,89508.93403370051,259614.98320110881,170106.04916740838,1.526194891197614,0.5631067961165048,144.8364628377031,746.0200666698529,-630.0224043237347,14227.892834001686,11294.468069501745,0.14227892834001687,10,8,0.8,61.8,12.568213874691981,0.20336915654841395,29,0.027829624236862516,6.291088573551305,98.23419155123108,1.8289884882743537,2012-01-10 13:30:00,2021-05-27 23:00:00,RBB_M,5,50,1.5,1,17,46,27,45,1,0,4,2250,2500,48,282,-30.335422045835003,241319.29463144805,241349.6300534939,0.9998743092250064,0.475177304964539,-0.10757241860225178,1800.890258443642,-1630.7407436046885,27479.30891562518,25648.99184529174,0.27479308915625184,5,1,0.2,56.4,17.3735431043872,0.30804154440402837,31,0.0,0.0,0.0,0.0,False,False,False
824,120497.36476816642,383473.09851378074,262975.7337456143,1.4582071625084914,0.5364077669902912,146.23466598078448,867.5861957325357,-688.4181511665296,14559.966919184793,14107.524292993097,0.14559966919184794,10,10,1.0,82.4,15.41557653803451,0.18708223953925374,46,0.03266411075457041,8.275936713111228,99.56576863312289,1.8254649472776168,2012-01-10 11:15:00,2021-05-31 19:00:00,RBB_M,5,10,1.5,1,29,46,52,-39,9,18,4,1750,2500,48,433,-47338.12905310198,369010.04582053964,416348.17487364163,0.8863015814408968,0.394919168591224,-109.32593314804151,2157.953484330641,-1589.1151712734413,61435.918489792115,58963.18364085661,0.6143591848979212,5,1,0.2,86.6,26.79253627411933,0.30938263595980753,51,0.0,0.0,0.0,0.0,False,False,False
618,80985.04178559786,234302.94497121725,153317.9031856194,1.5282164711550394,0.5533980582524272,131.04375693462435,685.0963303251966,-555.4996492232586,11752.141964827286,10090.865783850444,0.11752141964827285,10,8,0.8,61.8,12.568213874691981,0.20336915654841395,29,0.024584786969315035,6.891087771742047,89.68105188475512,1.8207955179544282,2012-01-10 13:30:00,2021-05-27 23:00:00,RBB_M,5,50,1.5,1,17,46,27,45,1,0,4,1250,2000,48,282,13679.840472883217,198277.84807150956,184598.00759862637,1.0741061111701022,0.42907801418439717,48.510072598876654,1638.6599014174344,-1146.5714757678656,22597.566362112462,19777.515344913787,0.22597566362112462,5,4,0.8,56.4,17.3735431043872,0.30804154440402837,31,0.1455426328944879,0.605367863674874,465.8324581158378,0.48607629738561836,False,False,False
790,141525.8260044497,429021.6070033556,287495.7809989059,1.4922709665954657,0.5329113924050632,179.14661519550594,1019.0536983452627,-779.1213577206122,22055.68707776892,19862.636538734514,0.22055687077768918,10,10,1.0,79.0,15.251229458637097,0.19305353745110249,38,0.03526564826297554,6.4167498162911905,123.11528774182615,1.8169863551710246,2012-01-10 11:15:00,2021-05-31 19:00:00,RBB_M,5,10,1.5,1,29,46,52,-39,9,18,4,5000,5000,0,345,-86124.8110270352,413654.5939177808,499779.404944816,0.8276743495731985,0.43768115942028984,-249.63713341169625,2739.4343968064954,-2576.1824997155463,141693.20817476363,140774.16376219658,1.4169320817476363,5,1,0.2,69.0,20.039960079800558,0.2904342040550805,40,0.0,0.0,0.0,0.0,False,False,False
618,81864.26402501648,244529.61337091867,162665.3493459022,1.5032679937934104,0.5631067961165048,132.4664466424215,702.6713027899962,-602.4642568366748,12073.868230788765,10590.865783850444,0.12073868230788765,10,8,0.8,61.8,12.568213874691981,0.20336915654841395,29,0.024320746344113964,6.7802846991703865,91.14661513780041,1.81587531741511,2012-01-10 13:30:00,2021-05-27 23:00:00,RBB_M,5,50,1.5,1,17,46,27,45,1,0,4,1750,2000,48,282,6739.744550037969,220907.34927864748,214167.6047286095,1.0314694865200482,0.48226950354609927,23.899803368928968,1624.3187446959373,-1466.90140225075,26552.943030759066,23732.89201356039,0.2655294303075907,5,3,0.6,56.4,17.3735431043872,0.30804154440402837,31,0.2954117897522961,0.25382288291850036,1111.0109410054529,0.22092321297233014,False,False,False
618,79540.69578577246,244458.98234398014,164918.28655820768,1.482303675630893,0.5453074433656958,128.7066274850687,725.3975737210093,-586.8978169331234,11400.330133358235,9582.217016654438,0.11400330133358234,10,9,0.9,61.8,12.568213874691981,0.20336915654841395,29,0.018745121415780937,6.97705196738385,88.57609243689328,1.8157060944667365,2012-01-10 13:30:00,2021-05-27 16:45:00,RBB_M,5,50,1.5,1,17,46,27,45,1,0,4,1250,1500,0,282,-3426.3277449927846,172125.25872687425,175551.58647186705,0.9804825019593777,0.4574468085106383,-12.150098386499236,1334.3043312160794,-1147.395990012203,25956.002338151586,25220.17063775572,0.25956002338151585,5,2,0.4,56.4,17.3735431043872,0.30804154440402837,31,0.0,0.0,0.0,0.0,False,False,False
618,82951.54409149649,234484.78660590976,151533.2425144133,1.547414829347471,0.5016181229773463,134.22579950080336,756.4025374384186,-491.9910471247185,12409.444054510386,9585.967321260003,0.12409444054510387,10,9,0.9,61.8,12.568213874691981,0.20336915654841395,29,0.09030573308843223,6.684549583939385,92.45200327107095,1.8149438410433956,2012-01-10 13:30:00,2021-05-27 23:00:00,RBB_M,5,50,1.5,1,17,46,27,45,1,0,4,750,7500,48,282,22295.217044569028,177071.980167204,154776.76312263502,1.1440475727412887,0.25177304964539005,79.06105334953556,2493.9715516507604,-733.5391617186494,18677.131331693672,17566.219289721994,0.18677131331693672,5,4,0.8,56.4,17.3735431043872,0.30804154440402837,31,0.33599134671015723,1.1937174209797272,236.23681370801506,0.8713865748287677,True,False,False
834,124045.31517434386,396442.40505665797,272397.08988231403,1.4553841424221392,0.4988009592326139,148.7353898972948,952.9865506169663,-651.6676791442919,15388.249614865912,13812.176308526134,0.15388249614865912,10,9,0.9,83.4,15.428544973522293,0.18499454404702986,48,0.03217372614508422,8.061041267130808,103.46057939197827,1.8060220971151526,2012-01-10 11:15:00,2021-05-31 19:00:00,RBB_M,5,10,1.5,1,29,46,52,-39,9,18,4,1250,4000,0,421,-13683.777143273968,340516.2828347317,354200.05997800565,0.9613670953524862,0.29691211401425177,-32.503033594474985,2724.1302626778534,-1196.621824250019,52413.588371400605,49019.43370382413,0.5241358837140061,5,1,0.2,84.2,26.24804754643667,0.3117345314303642,49,0.0,0.0,0.0,0.0,False,False,False
618,72701.06748829843,207327.9958015652,134626.92831326675,1.5400187644416021,0.45307443365695793,117.63926778041818,740.4571278627329,-398.30452163688386,9787.142481572271,7635.0,0.09787142481572271,10,7,0.7,61.8,12.568213874691981,0.20336915654841395,29,0.10303837699777532,7.428222039802087,83.19622066877064,1.7911324905782124,2012-01-10 13:30:00,2021-05-27 23:00:00,RBB_M,5,50,1.5,1,17,46,27,45,1,0,4,500,7500,48,282,10030.327095052591,123996.32232901687,113965.99523396428,1.0880115781418924,0.18439716312056736,35.56853579805883,2384.544660173401,-495.5043271041925,17996.079107455625,17050.724867137433,0.17996079107455626,5,3,0.6,56.4,17.3735431043872,0.30804154440402837,31,0.7468350661958869,0.5573618028216553,505.9550162432542,0.39937455851860887,False,False,False
793,151699.91731593705,417164.62613807386,265464.70882213674,1.5714504123317468,0.5258511979823455,191.29876080193827,1000.3947869018558,-706.023161761002,25970.23983405874,19723.797207867057,0.2597023983405874,10,10,1.0,79.3,15.440531078949325,0.1947103540851113,38,0.06902402752543371,5.841298281619633,135.75749118912015,1.7880412398506647,2012-01-10 11:15:00,2021-05-31 19:00:00,RBB_M,5,10,1.5,1,29,46,52,-39,9,18,4,2250,0,0,356,-65757.28222167719,372380.2545889184,438137.53681059566,0.8499163465875244,0.3539325842696629,-184.71146691482357,2955.398845943797,-1904.9458122199812,111214.19833999076,107025.28700927018,1.1121419833999076,5,1,0.2,71.2,20.5854317418897,0.2891212323299115,43,0.0,0.0,0.0,0.0,False,False,False
793,144600.1901448869,406717.6090616388,262117.41891675195,1.5516618878000308,0.5245901639344263,182.3457631083063,977.6865602443241,-695.2716682141962,23720.239834058724,17473.79720786703,0.23720239834058723,10,10,1.0,79.3,15.440531078949325,0.1947103540851113,38,0.06909396170218857,6.096067795118269,130.08385514266007,1.7833619385931863,2012-01-10 11:15:00,2021-05-31 19:00:00,RBB_M,5,10,1.5,1,29,46,52,-39,9,18,4,2000,10000,0,371,-114420.5074377961,333244.4858636396,447664.9933014357,0.744405952777391,0.31805929919137466,-308.41107126090594,2824.105812403726,-1769.4268509938172,131898.23329964618,128209.3219689256,1.3189823329964618,5,1,0.2,74.2,22.639787984873003,0.30511843645381403,44,0.0,0.0,0.0,0.0,False,False,False
793,144576.26795290064,406693.6868696526,262117.41891675195,1.5515706226254953,0.5245901639344263,182.31559640971076,977.6290549751265,-695.2716682141962,23720.239834058753,17473.797207867057,0.23720239834058754,10,10,1.0,79.3,15.440531078949325,0.1947103540851113,38,0.06893993010845148,6.095059281201302,130.1053793596088,1.7830669049100811,2012-01-10 11:15:00,2021-05-31 19:00:00,RBB_M,5,10,1.5,1,29,46,52,-39,9,18,4,2000,0,0,370,-100903.05803460928,344752.9352668264,445655.9933014357,0.7735853224207403,0.31891891891891894,-272.71096766110617,2921.635044634122,-1768.4761638945863,137442.0806092695,133753.1692785489,1.374420806092695,5,1,0.2,74.0,22.369622258768697,0.30229219268606344,44,0.0,0.0,0.0,0.0,False,False,False
793,151243.90023950208,416708.6090616389,265464.70882213674,1.5697326055526146,0.5258511979823455,190.72370774212115,999.3012207713163,-706.023161761002,25970.239834058753,19723.797207867057,0.25970239834058756,10,10,1.0,79.3,15.440531078949325,0.1947103540851113,38,0.0660588624346421,5.823739064633234,136.16681503053252,1.782666303903641,2012-01-10 11:15:00,2021-05-31 19:00:00,RBB_M,5,10,1.5,1,29,46,52,-39,9,18,4,2250,10000,0,357,-84585.01153621904,355811.5252743766,440396.53681059566,0.8079344307546245,0.35294117647058826,-236.93280542358275,2823.9009942410844,-1906.478514331583,110980.63094172244,106791.71961100186,1.1098063094172244,5,1,0.2,71.4,20.84802148886076,0.29198909648264365,43,0.0,0.0,0.0,0.0,False,False,False
796,151691.44183637513,419415.1506585119,267723.70882213674,1.566596968582831,0.5263819095477387,190.5671379853959,1000.9908130274747,-710.1424637191956,25970.239834058753,19723.797207867057,0.25970239834058756,10,10,1.0,79.6,15.311433636338565,0.19235469392385132,39,0.04199933227145005,5.84097192808512,136.27868954010833,1.7812028695313298,2012-01-10 11:15:00,2021-05-31 19:00:00,RBB_M,5,10,1.5,1,29,46,52,-39,9,18,4,2250,6000,0,361,-82780.93414886686,355356.60266172886,438137.53681059566,0.8110617621318931,0.3628808864265928,-229.31006689436802,2712.6458218452585,-1904.9458122199812,121312.90040623481,119318.35577860783,1.2131290040623481,5,1,0.2,72.2,21.572204337990126,0.29878399360097124,43,0.0,0.0,0.0,0.0,False,False,False
618,75503.82450879036,246351.38696136483,170847.5624525745,1.4419367969019132,0.5129449838187702,122.17447331519476,777.1337128118764,-567.5998752577226,10695.562668107508,8099.0,0.10695562668107508,10,8,0.8,61.8,12.568213874691981,0.20336915654841395,29,0.026369525159195113,7.059359741206597,87.54334991495567,1.7794345217771796,2012-01-10 13:30:00,2021-05-27 23:00:00,RBB_M,5,50,1.5,1,17,46,27,45,1,0,4,1000,2000,0,282,22319.091865038055,184639.12127535837,162320.02941032033,1.1375005410368597,0.38652482269503546,79.14571583346829,1693.9368924344803,-938.2660659556088,17238.216114883675,14971.964517288601,0.17238216114883675,5,4,0.8,56.4,17.3735431043872,0.30804154440402837,31,0.0892061384952145,1.2947448689755952,217.8035277506981,0.9079974012085192,True,False,False
618,92626.65298790579,292474.7791890106,199848.12620110478,1.4634852212459413,0.5469255663430421,149.88131551441066,865.3099976006231,-713.7433078610885,16124.11675495375,14161.759849619877,0.1612411675495375,10,8,0.8,61.8,12.568213874691981,0.20336915654841395,29,0.026892907382988874,5.744603217379239,107.57923160477907,1.777922736430476,2012-01-10 13:30:00,2021-05-27 23:00:00,RBB_M,5,50,1.5,1,17,46,27,45,1,0,4,3000,2500,0,282,-4058.590711797304,268058.9623246995,272117.5530364968,0.9850851565196422,0.4929078014184397,-14.392165644671291,1928.481743343162,-1902.9199513041735,30585.9902170786,28584.293602614853,0.305859902170786,5,2,0.4,56.4,17.3735431043872,0.30804154440402837,31,0.0,0.0,0.0,0.0,False,False,False
618,81160.66858768679,231934.9111021001,150774.2425144133,1.5382926634828111,0.5032362459546925,131.3279426985223,745.7714183347271,-491.1213111218674,12409.444054510386,9585.967321260003,0.12409444054510387,10,9,0.9,61.8,12.568213874691981,0.20336915654841395,29,0.06149530415225294,6.540234053288455,94.49203116657075,1.7757602610231158,2012-01-10 13:30:00,2021-05-27 23:00:00,RBB_M,5,50,1.5,1,17,46,27,45,1,0,4,750,5000,48,282,6011.2806954048865,160029.04381803988,154017.76312263502,1.0390297883408321,0.2553191489361702,21.316598210655627,2222.6256085838872,-733.4179196315953,21177.131331693672,20066.219289721994,0.21177131331693672,5,3,0.6,56.4,17.3735431043872,0.30804154440402837,31,0.8302723251328449,0.28385717599099036,993.4573576147699,0.22064174781283247,False,False,False
795,150756.6168309184,418480.3256530552,267723.70882213674,1.5631052157994503,0.5257861635220126,189.63096456719296,1001.1491044331465,-710.1424637191956,25970.239834058724,19723.79720786703,0.2597023983405872,10,10,1.0,79.5,15.239750654128171,0.19169497678148642,39,0.04968936128622173,5.804975918366697,136.95147252629488,1.772452594974498,2012-01-10 11:15:00,2021-05-31 19:00:00,RBB_M,5,10,1.5,1,29,46,52,-39,9,18,4,2250,7500,0,359,-99404.93173559834,343250.6050749973,442655.53681059566,0.7754350200794349,0.35376044568245124,-276.8939602662906,2702.7606698818686,-1907.9980034939467,120554.13579552544,116365.22446480485,1.2055413579552543,5,1,0.2,71.8,21.38597671372528,0.29785482888196774,43,0.0,0.0,0.0,0.0,False,False,False
618,79293.33048071766,232210.6747203648,152917.3442396472,1.518537193246383,0.5355987055016181,128.30636000116127,701.5428239285945,-532.8130461311749,11981.2114353035,9384.648767196006,0.119812114353035,10,9,0.9,61.8,12.568213874691981,0.20336915654841395,29,0.03141500028940965,6.618139652145206,93.37971582386922,1.7656359907048647,2012-01-10 13:30:00,2021-05-27 23:00:00,RBB_M,5,50,1.5,1,17,46,27,45,1,0,4,1000,2500,48,282,6315.513835066406,178389.2032847987,172073.68944973228,1.036702379400724,0.35106382978723405,22.395439131441155,1801.9111442908961,-940.2933849712147,25265.46340679696,23364.476660225693,0.2526546340679696,5,4,0.8,56.4,17.3735431043872,0.30804154440402837,31,0.394425547161169,0.2499662774191347,1128.1521768120435,0.21222634912637767,False,False,False
618,83474.2393173437,258566.51713284347,175092.27781549975,1.476744265131459,0.5614886731391586,135.07158465589595,745.1484643597795,-646.0969661088552,13295.690730319562,11477.577613615766,0.13295690730319562,10,9,0.9,61.8,12.568213874691981,0.20336915654841395,29,0.017861797989337416,6.278292795047392,98.4344024999132,1.764460325133767,2012-01-10 13:30:00,2021-05-27 16:45:00,RBB_M,5,50,1.5,1,17,46,27,45,1,0,4,2000,1500,0,282,-1562.6054380926944,203436.25872687425,204998.86416496694,0.9923774922146142,0.5319148936170213,-5.541154035789696,1356.2417248458282,-1553.0216982194465,26606.166771754535,24121.879587022195,0.26606166771754536,5,3,0.6,56.4,17.3735431043872,0.30804154440402837,31,0.0,0.0,0.0,0.0,False,False,False
618,83743.69408635894,255584.51713284347,171840.82304648453,1.4873329433699551,0.558252427184466,135.50759560899505,740.8246873415752,-629.4535642728371,13400.33013335822,11582.217016654438,0.1340033013335822,10,9,0.9,61.8,12.568213874691981,0.20336915654841395,29,0.01780432564226791,6.249375444705716,98.88988195189187,1.76323113160896,2012-01-10 13:30:00,2021-05-27 16:45:00,RBB_M,5,50,1.5,1,17,46,27,45,1,0,4,1750,1500,0,282,-7891.19883650478,194490.25872687425,202381.45756337902,0.9610082913152579,0.5106382978723404,-27.98297459753468,1350.6267967144045,-1466.532301183906,25524.33127600595,23682.554895652982,0.2552433127600595,5,3,0.6,56.4,17.3735431043872,0.30804154440402837,31,0.0,0.0,0.0,0.0,False,False,False
618,90065.93771669321,261798.62803240016,171732.69031570692,1.5244542407803627,0.5647249190938511,145.73776329562008,750.1393353363901,-638.4114881624793,15727.892834001657,12812.46806950173,0.15727892834001658,10,8,0.8,61.8,12.568213874691981,0.20336915654841395,29,0.02765751474031794,5.726510135037439,107.91913144775383,1.7504116048100629,2012-01-10 13:30:00,2021-05-27 23:00:00,RBB_M,5,50,1.5,1,17,46,27,45,1,0,4,2500,2500,48,282,-4537.1433784256515,243852.19758340422,248389.34096182988,0.9817337436427158,0.48226950354609927,-16.08916091640302,1793.0308645838545,-1701.2968559029443,28157.606220750764,26351.167493707297,0.28157606220750764,5,1,0.2,56.4,17.3735431043872,0.30804154440402837,31,0.0,0.0,0.0,0.0,False,False,False
618,90614.29070712303,280878.45831618056,190264.16760905756,1.4762551553759264,0.551779935275081,146.6250658691311,823.6904935958374,-686.8742512962367,15966.493197631266,14004.136292297408,0.15966493197631265,10,8,0.8,61.8,12.568213874691981,0.20336915654841395,29,0.021972251666518765,5.675278195750978,108.89334032342066,1.7478606485613695,2012-01-10 13:30:00,2021-05-27 23:00:00,RBB_M,5,50,1.5,1,17,46,27,45,1,0,4,2500,2000,0,282,17924.080755011957,251213.9656275424,233289.8848725304,1.0768317956211677,0.5212765957446809,63.56057005323389,1708.938541683962,-1728.073221278003,16484.80540414242,14371.98807590086,0.1648480540414242,5,4,0.8,56.4,17.3735431043872,0.30804154440402837,31,0.11107961558604748,1.0873092108510949,259.35584577570495,0.7456743869496504,False,False,False
844,127092.11524692661,391804.5989055491,264712.4836586225,1.4801137955051136,0.4774881516587678,150.58307493711683,972.2198484008662,-600.2550649855385,16841.488374559267,14373.478284109005,0.16841488374559266,10,9,0.9,84.4,16.5843299533023,0.196496800394577,47,0.07861227252838257,7.546370749447051,111.84184133304646,1.7477901240657898,2012-01-10 11:15:00,2021-05-31 19:00:00,RBB_M,5,10,1.5,1,29,46,52,-39,9,18,4,1000,10000,0,432,-59747.99006346061,274353.68313136586,334101.67319482646,0.8211682405175521,0.21064814814814814,-138.30553255430698,3014.8756388062184,-979.7703026241245,83445.89583288268,81805.59753390274,0.8344589583288269,5,1,0.2,86.4,26.310454196003533,0.3045191457870779,52,0.0,0.0,0.0,0.0,False,False,False
844,127068.19305494033,391780.6767135628,264712.4836586225,1.480023425033515,0.4774881516587678,150.5547311077492,972.1604881229846,-600.2550649855385,16841.488374559267,14373.478284109005,0.16841488374559266,10,9,0.9,84.4,16.5843299533023,0.196496800394577,47,0.07843880965320936,7.544950317270616,111.86289697203955,1.7474611424384214,2012-01-10 11:15:00,2021-05-31 19:00:00,RBB_M,5,10,1.5,1,29,46,52,-39,9,18,4,1000,0,0,431,-47230.540660273786,285862.13253455266,333092.67319482646,0.8582060055321343,0.2111368909512761,-109.5836210215169,3141.3421157643147,-979.6843329259602,89989.74314250602,88349.44484352607,0.8998974314250602,5,1,0.2,86.2,26.0491842482639,0.30219471285688976,52,0.0,0.0,0.0,0.0,False,False,False
793,146843.7784508105,414008.47492264764,267164.6964718371,1.5496376594288905,0.5422446406052963,185.17500435158954,962.810406796855,-735.9908993714521,25656.988135324937,18884.06206806039,0.2565698813532494,10,10,1.0,79.3,15.113239229232097,0.1905830924241122,39,0.04338583040857523,5.723344364361837,138.55535321932717,1.7413372144918327,2012-01-10 11:15:00,2021-05-31 19:00:00,RBB_M,5,10,1.5,1,29,46,52,-39,9,18,4,3000,6000,48,352,-81968.53205415301,380489.71297452674,462458.2450286797,0.8227547396218017,0.40625,-232.8651478811165,2660.767223598089,-2212.7188757353097,142163.11224708118,140141.8697483717,1.4216311224708118,5,2,0.4,70.4,20.75186738585229,0.29477084354903815,42,0.0,0.0,0.0,0.0,False,False,False
790,146081.4664691002,410237.1629409374,264155.6964718371,1.5530127436970669,0.5417721518987342,184.91324869506354,958.4980442545266,-729.7118687067324,25656.988135324966,18884.06206806042,0.25656988135324965,10,10,1.0,79.0,15.27743433957417,0.19338524480473632,38,0.07486192145212668,5.6936326936977,138.75148652888225,1.7388757328927977,2012-01-10 11:15:00,2021-05-31 19:00:00,RBB_M,5,10,1.5,1,29,46,52,-39,9,18,4,3000,0,48,347,-63561.15129144725,393860.306526097,457421.45781754423,0.8610446663461939,0.4034582132564842,-183.17334666123125,2813.287903757836,-2209.765496703112,127733.59367960406,123620.29042530223,1.2773359367960406,5,2,0.4,69.4,19.764614845728715,0.2847927211200103,42,0.0,0.0,0.0,0.0,False,False,False
844,126271.29966121713,380580.7847880298,254309.48512681265,1.496526111081745,0.4928909952606635,149.61054462229518,914.8576557404563,-594.1810400159175,16841.488374559267,14373.478284109005,0.16841488374559266,10,9,0.9,84.4,16.5843299533023,0.196496800394577,47,0.0822204082469143,7.497633038892358,112.56885948164327,1.7365021431269645,2012-01-10 11:15:00,2021-05-31 19:00:00,RBB_M,5,10,1.5,1,29,46,52,-39,9,18,4,1000,0,48,431,-61155.540660273786,271755.2119384233,332910.75259869697,0.8163004944030965,0.21577726218097448,-141.89220570829184,2922.099053101326,-984.9430550257307,89869.74314250602,88079.44484352607,0.8986974314250602,5,1,0.2,86.2,26.0491842482639,0.30219471285688976,52,0.0,0.0,0.0,0.0,False,False,False
618,94315.03130352807,277451.3930091795,183136.36170565145,1.5149989353567985,0.5663430420711975,152.61331926137228,792.7182657405128,-683.3446332300427,17632.004547619115,15479.862066046844,0.17632004547619115,10,8,0.8,61.8,12.568213874691981,0.20336915654841395,29,0.031712866535284864,5.349081611725402,115.5338513896141,1.7311908507636464,2012-01-10 13:30:00,2021-05-27 23:00:00,RBB_M,5,50,1.5,1,17,46,27,45,1,0,4,5000,3000,48,282,-9832.333291883231,277555.8029685735,287388.13626045675,0.9657872679790362,0.5,-34.86643011306111,1968.4808721175427,-2038.213732343665,38648.151847922774,36751.29417611227,0.38648151847922774,5,2,0.4,56.4,17.3735431043872,0.30804154440402837,31,0.0,0.0,0.0,0.0,False,False,False
844,125880.22185320342,380189.706980016,254309.48512681265,1.4949883084008155,0.4928909952606635,149.14718229052536,913.9175648558078,-594.1810400159175,16841.488374559267,14373.478284109005,0.16841488374559266,10,9,0.9,84.4,16.5843299533023,0.196496800394577,47,0.0793691006650045,7.4744119435048235,112.91858227501446,1.7311239815528991,2012-01-10 11:15:00,2021-05-31 19:00:00,RBB_M,5,10,1.5,1,29,46,52,-39,9,18,4,1000,10000,48,432,-65822.42415757175,268097.3284411253,333919.75259869697,0.8028795132803158,0.2152777777777778,-152.36672258697163,2882.766972485218,-985.0140194651829,86815.32992699381,85025.03162801386,0.8681532992699381,5,1,0.2,86.4,26.310454196003533,0.3045191457870779,52,0.0,0.0,0.0,0.0,False,False,False
790,148040.3875566253,405720.0890082019,257679.7014515766,1.5745131910766559,0.540506329113924,187.39289564129786,950.1641428763511,-709.8614365057207,26740.239834058753,21798.797207867057,0.26740239834058754,10,10,1.0,79.0,15.27743433957417,0.19338524480473632,38,0.07387132287963157,5.5362400814396535,142.6961237913958,1.7261312998879073,2012-01-10 11:15:00,2021-05-31 19:00:00,RBB_M,5,10,1.5,1,29,46,52,-39,9,18,4,2500,0,48,354,-88207.62092812834,361605.24174975604,449812.8626778844,0.8039015149477956,0.3728813559322034,-249.17407041844163,2739.433649619364,-2026.1840661165963,123817.4997358234,119565.66354748522,1.2381749973582339,5,1,0.2,70.8,20.193068117549647,0.2852128265190628,43,0.0,0.0,0.0,0.0,False,False,False
790,144745.4493926652,408901.14586450235,264155.6964718371,1.547955055771804,0.5417721518987342,183.22208783881672,955.3765090292111,-729.7118687067324,25656.988135324966,18884.06206806042,0.25656988135324965,10,10,1.0,79.0,15.27743433957417,0.19338524480473632,38,0.0690246224798158,5.64156044463291,140.03217864156102,1.7229724993814157,2012-01-10 11:15:00,2021-05-31 19:00:00,RBB_M,5,10,1.5,1,29,46,52,-39,9,18,4,3000,10000,48,348,-75391.39769086818,385039.0601266761,460430.4578175443,0.8362588825069786,0.40229885057471265,-216.64194738755225,2750.2790009048294,-2213.607970276655,130659.46037544688,126546.15712114505,1.306594603754469,5,2,0.4,69.6,20.025983121934363,0.2877296425565282,42,0.0,0.0,0.0,0.0,False,False,False
791,135783.3585666622,423136.042049474,287352.68348281184,1.4725320707672602,0.5347661188369153,171.66037745469305,1000.3216124101041,-780.8496833772061,22555.687077768933,19862.636538734514,0.22555687077768932,10,10,1.0,79.1,15.313066316058322,0.19359123029150851,38,0.03307474529579532,6.019916755295448,131.3971658003731,1.7216520632726486,2012-01-10 11:15:00,2021-05-31 19:00:00,RBB_M,5,10,1.5,1,29,46,52,-39,9,18,4,5000,4500,0,349,-69683.35674448367,422211.1094524389,491894.4661969226,0.8583367743832536,0.4498567335243553,-199.665778637489,2689.2427353658527,-2561.9503447756383,116109.69264010552,112183.07810800153,1.1610969264010553,5,1,0.2,69.8,20.321417273408862,0.2911377832866599,41,0.0,0.0,0.0,0.0,False,False,False
812,114194.06816409498,392095.08858296927,277901.0204188743,1.41091633269994,0.5258620689655172,140.63308887203814,918.2554767751037,-721.8208322568163,15163.50807719001,12897.825025539278,0.1516350807719001,10,10,1.0,81.2,15.387007506334687,0.18949516633417102,43,0.034467107895353885,7.530847583737798,107.8231886877438,1.7202478626931952,2012-01-10 11:15:00,2021-05-31 19:00:00,RBB_M,5,10,1.5,1,29,46,52,-39,9,18,4,2000,3000,0,408,-76786.57312187308,368678.07500621857,445464.64812809165,0.827625888059711,0.3872549019607843,-188.2023851026301,2333.4055380140417,-1781.8585925123666,87924.05955223725,85760.03204260248,0.8792405955223724,5,1,0.2,81.6,25.803875677889938,0.3162239666408081,47,0.0,0.0,0.0,0.0,False,False,False
830,112969.15195806508,375717.61752324074,262748.46556517563,1.429951709575418,0.5289156626506024,136.10741199766878,855.8487870688855,-671.9909605247459,14244.966919184793,13643.524292993097,0.14244966919184793,10,9,0.9,83.0,14.919785521246611,0.1797564520632122,49,0.03484083221127751,7.930460814613815,104.6597441690301,1.7177280529857828,2012-01-10 11:15:00,2021-05-31 19:00:00,RBB_M,5,10,1.5,1,29,46,52,-39,9,18,4,1500,2500,48,441,-20878.452933196008,361602.0636799425,382480.5166131385,0.9454130288306591,0.38095238095238093,-47.343430687519295,2152.393236190134,-1401.0275333814598,39684.116267666184,38066.32431925319,0.39684116267666186,5,2,0.4,88.2,26.43785165250762,0.299748884949066,53,0.0,0.0,0.0,0.0,False,False,False
793,147828.77347107106,408017.47492264764,260188.7014515766,1.5681598495489755,0.5409836065573771,186.41711660916906,951.0896851343767,-714.8041248669687,26740.239834058753,21798.797207867057,0.26740239834058754,10,10,1.0,79.3,15.113239229232097,0.1905830924241122,39,0.043096747127297254,5.528326387064904,143.44305029736478,1.7171431110701416,2012-01-10 11:15:00,2021-05-31 19:00:00,RBB_M,5,10,1.5,1,29,46,52,-39,9,18,4,2500,6000,48,359,-91494.21601560408,358318.6466622803,449812.8626778844,0.7965949317880577,0.3816155988857939,-254.85854043343755,2615.4645741772288,-2026.1840661165963,133821.20180206743,131763.73231682286,1.3382120180206742,5,1,0.2,71.8,21.17923511366735,0.2949754194104088,43,0.0,0.0,0.0,0.0,False,False,False
618,80805.64095918866,260057.51713284347,179251.8761736548,1.450793836494666,0.5631067961165048,130.75346433525672,747.2917158989754,-663.8958376802029,13171.232112814672,10757.067859166069,0.13171232112814674,10,8,0.8,61.8,12.568213874691981,0.20336915654841395,29,0.01845168211403753,6.135010017822897,100.73333184536622,1.716103027310658,2012-01-10 13:30:00,2021-05-27 16:45:00,RBB_M,5,50,1.5,1,17,46,27,45,1,0,4,2250,1500,0,282,5086.057735651768,210891.25872687425,205805.20099122246,1.0247129698917021,0.549645390070922,18.035665729261588,1360.5887659798339,-1620.513393631673,20111.62095616611,18546.597000421818,0.2011162095616611,5,3,0.6,56.4,17.3735431043872,0.30804154440402837,31,0.29315435991780603,0.25289148730164446,1115.1027779105725,0.19156316092310657,False,False,False
618,68132.13548242382,232986.66355397846,164854.52807155464,1.4132864063815782,0.5258899676375405,110.24617391977965,716.8820417045491,-562.6434405172513,9379.399603834456,7898.1485835231,0.09379399603834455,10,8,0.8,61.8,12.568213874691981,0.20336915654841395,29,0.02188394638510393,7.2640188455741095,85.07687178930448,1.714665309202775,2012-01-10 13:30:00,2021-05-27 16:45:00,RBB_M,5,50,1.5,1,17,46,27,45,1,0,4,1000,1500,0,282,4315.720637661281,158195.198835417,153879.4781977557,1.0280461091251882,0.41843971631205673,15.303973892415891,1340.6372782662456,-938.2895012058275,22490.443376121075,21144.970697850913,0.22490443376121075,5,2,0.4,56.4,17.3735431043872,0.30804154440402837,31,0.3454811201143879,0.1918913098104344,1469.5819225924415,0.15371227920448907,False,False,False
618,73175.20039069215,222108.06919529167,148932.8688045995,1.4913300937397391,0.5631067961165048,118.40647312409732,638.2415781473899,-551.603217794813,10823.868230788772,9340.86578385043,0.10823868230788772,10,9,0.9,61.8,12.568213874691981,0.20336915654841395,29,0.02037575561172846,6.7605405785099455,91.41280831365265,1.7143028681078218,2012-01-10 13:30:00,2021-05-27 16:45:00,RBB_M,5,50,1.5,1,17,46,27,45,1,0,4,1250,1500,48,282,-7360.280909282417,167165.72668934395,174526.00759862637,0.9578270252637101,0.4574468085106383,-26.100286912349,1295.858346429023,-1140.692860121741,30540.870375033184,29805.03867463732,0.30540870375033186,5,2,0.4,56.4,17.3735431043872,0.30804154440402837,31,0.0,0.0,0.0,0.0,False,False,False
618,78324.5153864849,229098.75790089817,150774.2425144133,1.5194820685568853,0.5032362459546925,126.73869803638333,736.6519546652675,-491.1213111218674,12409.444054510386,9585.967321260003,0.12409444054510387,10,9,0.9,61.8,12.568213874691981,0.20336915654841395,29,0.057338369447159504,6.311686087018279,97.91361475835868,1.713706457912481,2012-01-10 13:30:00,2021-05-27 23:00:00,RBB_M,5,50,1.5,1,17,46,27,45,1,0,4,750,4500,48,282,5689.01041227323,158947.77353490825,153258.76312263502,1.0371202944377216,0.25886524822695034,20.173795788202945,2177.366760752168,-733.2955173331819,21134.016080688525,20023.104038716847,0.21134016080688525,5,2,0.4,56.4,17.3735431043872,0.30804154440402837,31,0.7894167305989293,0.2691873797461352,1047.5974032138806,0.20902583077416376,False,False,False
790,146704.37048019032,404384.07193176687,257679.7014515766,1.5693283935590057,0.540506329113924,185.70173478505103,947.035297264091,-709.8614365057207,26740.239834058753,21798.797207867057,0.26740239834058754,10,10,1.0,79.0,15.27743433957417,0.19338524480473632,38,0.06810294722166507,5.486277288109232,143.99563830144328,1.7105535178320672,2012-01-10 11:15:00,2021-05-31 19:00:00,RBB_M,5,10,1.5,1,29,46,52,-39,9,18,4,2500,10000,48,355,-98354.7843367813,353967.07834110304,452321.8626778844,0.782555758515649,0.37183098591549296,-277.05573052614454,2681.5687753113866,-2028.349159990513,126243.36643166622,121991.53024332804,1.2624336643166623,5,1,0.2,71.0,20.454828280872952,0.2880961729700416,43,0.0,0.0,0.0,0.0,False,False,False
792,143830.02737808926,410994.72384992643,267164.6964718371,1.5383571604987525,0.5416666666666666,181.6035699218299,958.0296593238378,-735.9908993714521,25656.988135324966,18884.06206806042,0.25656988135324965,10,10,1.0,79.2,15.058552387264852,0.19013323721294004,39,0.05208230949096768,5.605881197725687,141.28019700476622,1.707752381034235,2012-01-10 11:15:00,2021-05-31 19:00:00,RBB_M,5,10,1.5,1,29,46,52,-39,9,18,4,3000,7500,48,350,-85409.60626796787,378029.8515495764,463439.45781754423,0.8157049322684269,0.40285714285714286,-244.0274464799082,2681.0627769473504,-2217.4136737681542,137978.53113513876,133865.22788083693,1.3797853113513876,5,2,0.4,70.0,20.5621010599598,0.2937443008565686,42,0.0,0.0,0.0,0.0,False,False,False
829,97827.38214950755,368820.535720045,270993.15357053746,1.360995770042743,0.5307599517490953,118.00649233957485,838.2284902728295,-696.6404976106361,10881.287660232534,10118.789839290286,0.10881287660232535,10,9,0.9,82.9,15.469001260585637,0.1865983264244347,47,0.020352174986725046,8.990423303211982,92.20922886954897,1.7039981163341422,2012-01-10 11:15:00,2021-05-31 19:00:00,RBB_M,5,10,1.5,1,29,46,52,-39,9,18,4,1750,2000,0,448,-60315.29829052371,353271.5141489348,413586.81243945856,0.8541653252076242,0.4263392857142857,-134.63236225563327,1849.5890793137949,-1609.2872079356364,68319.50656309605,67218.22081205978,0.6831950656309604,5,1,0.2,89.6,26.173268806169396,0.2921123750688549,54,0.0,0.0,0.0,0.0,False,False,False
792,146288.94846561435,406477.64991719095,260188.7014515766,1.5622417408960396,0.5404040404040404,184.70826826466458,949.7141353205396,-714.8041248669687,26740.239834058724,21798.79720786703,0.26740239834058727,10,10,1.0,79.2,15.058552387264852,0.19013323721294004,39,0.05120687569752258,5.47074182480921,144.77012905422944,1.7014024043367504,2012-01-10 11:15:00,2021-05-31 19:00:00,RBB_M,5,10,1.5,1,29,46,52,-39,9,18,4,2500,7500,48,357,-109645.27044204948,345185.5922358349,454830.8626778844,0.7589317712599875,0.37254901960784315,-307.1296090813711,2595.3803927506383,-2030.4949226691267,133130.94550298556,128810.6010030199,1.3313094550298556,5,1,0.2,71.4,20.99142682144308,0.2939975745300151,43,0.0,0.0,0.0,0.0,False,False,False
618,81846.99409739595,247608.2061725867,165761.2120751908,1.4937644523271787,0.5533980582524272,132.4385017757216,724.0006028438208,-600.5841017217058,13752.141964827257,10818.71720032733,0.13752141964827258,10,8,0.8,61.8,12.568213874691981,0.20336915654841395,29,0.03043483792496729,5.951581528661455,103.83794576682743,1.701110167250137,2012-01-10 13:30:00,2021-05-27 23:00:00,RBB_M,5,50,1.5,1,17,46,27,45,1,0,4,1500,2500,48,282,-12988.517124468097,208887.76872502768,221876.28584949576,0.9414605437677169,0.4078014184397163,-46.05857136336205,1816.415380217632,-1328.600514068837,35266.61013743128,33361.2000981069,0.35266610137431276,5,3,0.6,56.4,17.3735431043872,0.30804154440402837,31,0.0,0.0,0.0,0.0,False,False,False
618,81733.11755036213,246520.61337091867,164787.49582055653,1.4959910164504502,0.5647249190938511,132.25423551838534,706.3627890284203,-612.5929212660094,13752.141964827286,10836.717200327344,0.13752141964827286,10,8,0.8,61.8,12.568213874691981,0.20336915654841395,29,0.024359770674025616,5.943300887920162,103.98262037449477,1.6987433539773105,2012-01-10 13:30:00,2021-05-27 23:00:00,RBB_M,5,50,1.5,1,17,46,27,45,1,0,4,2000,2000,48,282,11171.380451075158,230862.34927864745,219690.9688275723,1.050850430997203,0.5,39.61482429459276,1637.3216260896982,-1558.0919775005127,30857.5893815249,28055.538364326225,0.308575893815249,5,3,0.6,56.4,17.3735431043872,0.30804154440402837,31,0.17822327408143923,0.36203023875104456,778.9404580480954,0.3396879107171806,False,False,False
1116,155804.96151654545,516927.0150691643,361122.05355261883,1.4314468196660364,0.4982078853046595,139.61018057038123,929.7248472466983,-644.8608099153907,15412.344790819392,14409.050893934982,0.15412344790819393,10,8,0.8,111.6,20.819221887476967,0.18655216745051048,55,0.04807934180712535,10.109101738325576,110.39556519339659,1.6938934373318295,2012-01-10 10:45:00,2021-06-01 23:00:00,RBB_M,5,10,2.5,1,53,46,-48,37,7,6,-1,1500,7500,0,553,39397.400426646134,518234.32077650144,478836.92034985527,1.082277282206771,0.3562386980108499,71.24303874619554,2630.6310699314795,-1345.0475290726272,27742.62256752135,24417.948404570314,0.2774262256752135,5,4,0.8,110.6,28.98689359003479,0.2620876454795189,69,0.19013944876762778,1.420103680924859,389.4081871823981,0.644276117953843,True,False,False
850,119102.88885907482,375430.37398588745,256327.48512681265,1.4646512596967554,0.49411764705882355,140.12104571655863,893.8818428235415,-596.1104305274713,15630.010090450261,13162.0,0.1563001009045026,10,9,0.9,85.0,16.44992401198255,0.19352851778802999,50,0.03350884296956256,7.620141520691991,111.54648475909286,1.6882124365049171,2012-01-10 11:15:00,2021-05-31 19:00:00,RBB_M,5,10,1.5,1,29,46,52,-39,9,18,4,1000,4000,48,444,-36528.13735333593,293274.34756603226,329802.4849193682,0.8892423828696545,0.24549549549549549,-82.27057962463047,2690.5903446424977,-984.4850296100542,59433.400091954296,56131.59570266497,0.5943340009195429,5,1,0.2,88.8,27.60724542579357,0.3108924034436213,52,0.0,0.0,0.0,0.0,False,False,False
618,76951.54409149649,228484.78660590976,151533.2425144133,1.5078195570465478,0.5016181229773463,124.5170616367257,737.0476987287411,-491.9910471247185,12409.444054510386,9585.967321260003,0.12409444054510387,10,9,0.9,61.8,12.568213874691981,0.20336915654841395,29,0.07785418825224112,6.201046860236045,99.6605918208584,1.6836664408994158,2012-01-10 13:30:00,2021-05-27 23:00:00,RBB_M,5,50,1.5,1,17,46,27,45,1,0,4,750,6000,48,282,12350.107842244754,167126.87096487975,154776.76312263502,1.0797930360674315,0.25177304964539005,43.79470866044239,2353.8995910546446,-733.5391617186494,20177.131331693672,19066.219289721994,0.20177131331693673,5,4,0.8,56.4,17.3735431043872,0.30804154440402837,31,0.4850969786277653,0.6120844256410994,460.7207571155436,0.46440328795083163,False,False,False
618,68201.06748829843,202318.9958015652,134117.92831326675,1.5085156648781317,0.4546925566343042,110.35771438235992,719.9964263400897,-397.97604840731975,9787.142481572271,7635.0,0.09787142481572271,10,6,0.6,61.8,12.568213874691981,0.20336915654841395,29,0.07318067273443087,6.968435129733818,88.68562144792564,1.6802662201634173,2012-01-10 13:30:00,2021-05-27 23:00:00,RBB_M,5,50,1.5,1,17,46,27,45,1,0,4,500,5000,48,282,-4573.094697029344,109392.90053693493,113965.99523396428,0.959873164906417,0.18439716312056736,-16.216647861806187,2103.709625710287,-495.5043271041925,17996.079107455625,17050.724867137433,0.17996079107455626,5,3,0.6,56.4,17.3735431043872,0.30804154440402837,31,0.0,0.0,0.0,0.0,False,False,False
618,77524.72710478831,250210.15700149979,172685.4298967115,1.4489361213112086,0.551779935275081,125.44454224075778,733.7541261041049,-623.4131043202581,12650.330133358235,10832.217016654438,0.12650330133358234,10,9,0.9,61.8,12.568213874691981,0.20336915654841395,29,0.01923257334378812,6.128276992579017,100.844005704762,1.679980326970937,2012-01-10 13:30:00,2021-05-27 16:45:00,RBB_M,5,50,1.5,1,17,46,27,45,1,0,4,1500,1500,0,282,-20758.490050696353,178089.25872687425,198847.7487775706,0.8956061098085821,0.4716312056737589,-73.61166684644097,1339.016982908829,-1334.5486495138966,35598.30523764597,34213.10874874692,0.35598305237645966,5,2,0.4,56.4,17.3735431043872,0.30804154440402837,31,0.0,0.0,0.0,0.0,False,False,False
827,139630.05144301557,408250.14132532966,268620.0898823141,1.5198049464736212,0.49818621523579204,168.8392399552788,990.898401275072,-647.2773250176243,22932.237541644907,18875.79491545321,0.22932237541644906,10,9,0.9,82.7,15.543809056984713,0.18795416030211262,45,0.07155336474310064,6.088810618215847,135.82291384229796,1.6793975964035726,2012-01-10 11:15:00,2021-05-31 19:00:00,RBB_M,5,10,1.5,1,29,46,52,-39,9,18,4,1250,10000,0,405,-36737.99801731173,321320.3296400227,358058.32765733445,0.8973966106090112,0.2617283950617284,-90.71110621558452,3031.323864528516,-1197.5194904927573,75815.800687894,73671.18777115636,0.7581580068789401,5,1,0.2,81.0,24.42130217658346,0.3014975577355983,49,0.0,0.0,0.0,0.0,False,False,False
827,139606.12925102934,408226.21913334343,268620.0898823141,1.5197158906178334,0.49818621523579204,168.8103134837114,990.8403377022898,-647.2773250176243,22932.237541644907,18875.79491545321,0.22932237541644906,10,9,0.9,82.7,15.543809056984713,0.18795416030211262,45,0.07139427087826257,6.0877674495349545,135.84618776184934,1.679109872727278,2012-01-10 11:15:00,2021-05-31 19:00:00,RBB_M,5,10,1.5,1,29,46,52,-39,9,18,4,1250,0,0,404,-23970.548614124906,332828.7790432095,356799.32765733445,0.9328178425348773,0.2623762376237624,-59.33304112407155,3139.894141917071,-1197.3131800581693,82109.64799751733,79965.03508077968,0.8210964799751733,5,1,0.2,80.8,24.152846623120844,0.29892136909803024,49,0.0,0.0,0.0,0.0,False,False,False
618,66730.01906439921,225650.039059649,158920.01999524975,1.4198968705540929,0.5792880258899676,107.97737712685957,630.3073716749972,-611.2308461355759,9407.597080692613,7409.343596442974,0.09407597080692613,10,8,0.8,61.8,12.568213874691981,0.20336915654841395,29,0.0148508874101117,7.0932054691575255,87.12563067391324,1.6768598804160442,2012-01-10 13:30:00,2021-05-27 15:30:00,RBB_M,5,50,1.5,1,17,46,27,45,1,0,4,1750,1000,0,282,-20778.269056189754,156125.50621288322,176903.77526907297,0.8825447957535913,0.5780141843971631,-73.68180516379346,957.8251914900811,-1486.5863467989325,33533.780632848386,31403.86665320544,0.33533780632848387,5,1,0.2,56.4,17.3735431043872,0.30804154440402837,31,0.0,0.0,0.0,0.0,False,False,False
1116,154377.14595313635,517008.1995057552,362631.05355261883,1.4257140816836742,0.49731182795698925,138.33077594367057,931.5463054157751,-646.4011649779302,15529.177665403804,14409.050893934982,0.15529177665403804,10,8,0.8,111.6,20.819221887476967,0.18655216745051048,55,0.06471812869913353,9.941102438222513,112.2611910434697,1.6720449110903852,2012-01-10 10:45:00,2021-06-01 23:00:00,RBB_M,5,10,2.5,1,53,46,-48,37,7,6,-1,1500,10000,0,553,65015.513544518006,543852.4338943732,478836.92034985527,1.1357779878314633,0.3562386980108499,117.56874058683184,2760.67225327093,-1345.0475290726272,29458.375344040425,26133.70118108939,0.2945837534404043,5,5,1.0,110.6,28.98689359003479,0.2620876454795189,69,0.15367101565934527,2.2070298441516383,250.56299146356494,1.0317888371225454,True,True,True
827,138020.39428078104,397804.9404680553,259784.5461872743,1.5312879318898531,0.5126964933494559,166.89285886430596,938.2191992171116,-644.6266654771075,22687.237541644907,18700.79491545321,0.22687237541644906,10,9,0.9,82.7,15.543809056984713,0.18795416030211262,45,0.0752213313265357,6.083613927320569,135.93893529076047,1.6689767999791787,2012-01-10 11:15:00,2021-05-31 19:00:00,RBB_M,5,10,1.5,1,29,46,52,-39,9,18,4,1250,0,48,404,-36292.05613925771,317733.89017458796,354025.9463138456,0.89748758101734,0.2698019801980198,-89.83182212687551,2914.989818115486,-1200.0879536062562,83289.64799751731,80980.03508077966,0.8328964799751731,5,1,0.2,80.8,24.152846623120844,0.29892136909803024,49,0.0,0.0,0.0,0.0,False,False,False
618,67642.7919845935,218574.98492343404,150932.19293884054,1.4481667606327242,0.41423948220064727,109.45435596212539,853.8085348571642,-416.9397594995595,9787.142481572271,7635.0,0.09787142481572271,10,8,0.8,61.8,12.568213874691981,0.20336915654841395,29,0.06639288338398099,6.911393403330418,89.41756950229488,1.66651201506126,2012-01-10 13:30:00,2021-05-27 23:00:00,RBB_M,5,50,1.5,1,17,46,27,45,1,0,4,500,4500,0,282,12644.535515361706,127119.53074932599,114474.99523396428,1.1104567463795807,0.18085106382978725,44.83877842326846,2492.539818614235,-495.5627499305813,13766.425234266426,11285.445292698554,0.13766425234266425,5,3,0.6,56.4,17.3735431043872,0.30804154440402837,31,0.35517318880902615,0.9185053708705591,307.02052371530556,0.5756341311627766,False,False,False
824,110635.99115526114,384588.74020300864,273952.7490477475,1.4038506331468799,0.5242718446601942,134.26697955735577,890.2517134328904,-698.8590536932335,14734.966919184793,14282.524292993097,0.14734966919184794,10,9,0.9,82.4,15.41557653803451,0.18708223953925374,46,0.03557557741673551,7.508397661294651,109.74378784539763,1.6660882106917725,2012-01-10 11:15:00,2021-05-31 19:00:00,RBB_M,5,10,1.5,1,29,46,52,-39,9,18,4,1750,2500,0,433,-44931.72775529419,372933.50924408156,417865.23699937575,0.8924731617352479,0.39260969976905313,-103.76842437712284,2193.7265249651855,-1588.8412053208203,58559.404489294706,56351.6696403592,0.5855940448929471,5,1,0.2,86.6,26.79253627411933,0.30938263595980753,51,0.0,0.0,0.0,0.0,False,False,False
618,67597.39035337459,219547.58329221513,151950.19293884054,1.4448654460121833,0.4110032362459547,109.38089053944108,864.3605641425793,-417.44558499681466,9787.142481572271,7635.0,0.09787142481572271,10,8,0.8,61.8,12.568213874691981,0.20336915654841395,29,0.08862768175932871,6.906754497612596,89.47762660647909,1.665393457389263,2012-01-10 13:30:00,2021-05-27 23:00:00,RBB_M,5,50,1.5,1,17,46,27,45,1,0,4,500,6000,0,282,18792.674308149246,133776.66954211352,114983.99523396428,1.1634373050780742,0.1773049645390071,66.64068903599023,2675.5333908422704,-495.620669111915,13766.425234266426,11824.0,0.13766425234266425,5,3,0.6,56.4,17.3735431043872,0.30804154440402837,31,0.318794435627614,1.3651092413861974,206.57687418015254,0.8555240905808059,True,False,False
827,137629.31647276733,397413.86266004166,259784.5461872743,1.5297825390027346,0.5126964933494559,166.41997155110923,937.2968458963247,-644.6266654771075,22687.237541644907,18700.79491545321,0.22687237541644906,10,9,0.9,82.7,15.543809056984713,0.18795416030211262,45,0.07259354515487197,6.066376138572784,136.3252098302242,1.664247790241431,2012-01-10 11:15:00,2021-05-31 19:00:00,RBB_M,5,10,1.5,1,29,46,52,-39,9,18,4,1250,10000,48,405,-41208.93963655566,314076.00667728996,355284.9463138456,0.8840115798203475,0.2691358024691358,-101.75046823840904,2881.4312539200914,-1200.2869807900188,80485.23478200514,78175.62186526749,0.8048523478200513,5,1,0.2,81.0,24.42130217658346,0.3014975577355983,49,0.0,0.0,0.0,0.0,False,False,False
1606,244497.74140453016,818124.2787349841,573626.5373304541,1.426231573145787,0.5161892901618929,152.24018767405366,986.8809152412354,-738.2580918023863,18999.44378245357,15911.758549790044,0.1899944378245357,10,8,0.8,160.6,26.612778885340028,0.1657084613034871,86,0.020413276504432875,12.868678904712437,124.79913531853622,1.6636509863799132,2012-01-10 11:15:00,2021-06-01 23:00:00,RBB_M,6,10,1.5,1,55,46,52,-39,9,18,4,1750,5000,184,806,-82420.22982058383,762545.3208019678,844965.5506225515,0.9024572898151193,0.337468982630273,-102.25834965332982,2803.4754441248815,-1582.3324918025307,152228.23223098292,150506.4968221587,1.5222823223098292,5,2,0.4,161.2,55.47035244164219,0.34410888611440565,82,0.0,0.0,0.0,0.0,False,False,False
812,107512.24083699964,392095.08858296927,284582.84774596966,1.377788899396247,0.5258620689655172,132.4042374839897,918.2554767751037,-739.1762279116095,14378.497262952733,13794.726877249894,0.14378497262952733,10,10,1.0,81.2,15.387007506334687,0.18949516633417102,43,0.03660921991560546,7.477293271391644,108.59544631032959,1.6632153698417143,2012-01-10 11:15:00,2021-05-31 19:00:00,RBB_M,5,10,1.5,1,29,46,52,-39,9,18,4,2250,3000,0,396,-57343.386680779426,383625.40371641424,440968.79039719363,0.8699604418055787,0.4217171717171717,-144.80653202217027,2297.1581060863127,-1925.627905664601,72841.46283181351,70337.83616310658,0.7284146283181351,5,1,0.2,79.2,24.11140808828883,0.30443697081172766,47,0.0,0.0,0.0,0.0,False,False,False
809,111561.11067037054,388735.47463547066,277174.3639651001,1.4024943327169233,0.5401730531520396,137.9000131895804,889.5548618660656,-745.092376250269,15673.497262952733,15089.726877249894,0.15673497262952732,10,10,1.0,80.9,15.042938542718309,0.18594485219676524,43,0.035280567258341236,7.117818620740521,113.65841743180492,1.6591463890460842,2012-01-10 11:15:00,2021-05-31 19:00:00,RBB_M,5,10,1.5,1,29,46,52,-39,9,18,4,2500,3000,48,394,-81261.62137273623,380047.2194802336,461308.8408529698,0.8238455148128492,0.43147208121827413,-206.24776998156403,2235.5718792954917,-2059.414468093615,96392.0261773901,93799.35625839827,0.963920261773901,5,1,0.2,78.8,23.768887226792927,0.301635624705494,47,0.0,0.0,0.0,0.0,False,False,False
844,120866.04407850446,388630.08464667015,267764.0405681657,1.4513901262545936,0.514218009478673,143.20621336315693,895.4610245314981,-653.083025776014,17027.879435857947,15637.176308526134,0.17027879435857948,10,9,0.9,84.4,16.088505213350306,0.19062209968424532,50,0.032564474980787836,7.098126606650751,118.90461339604667,1.653045976059185,2012-01-10 11:15:00,2021-05-31 19:00:00,RBB_M,5,10,1.5,1,29,46,52,-39,9,18,4,1250,3000,48,436,-18314.99059323984,334370.68804127694,352685.6786345168,0.9480699339305484,0.3256880733944954,-42.006859158806975,2354.72315522026,-1199.6111518180842,52415.39846010082,51243.763695150185,0.5241539846010081,5,1,0.2,87.2,27.13963890695674,0.311234391134825,51,0.0,0.0,0.0,0.0,False,False,False
618,66536.50760968699,213800.81746831432,147264.30985862736,1.4518169247766923,0.5485436893203883,107.66425179561001,630.6808774876529,-527.8290675936464,9629.018783618245,8375.648767195999,0.09629018783618246,10,8,0.8,61.8,12.568213874691981,0.20336915654841395,29,0.022408750527551383,6.909998734542391,89.43561695759507,1.6526613263876813,2012-01-10 13:30:00,2021-05-27 16:45:00,RBB_M,5,50,1.5,1,17,46,27,45,1,0,4,1000,1500,48,282,-643.8113998690169,153235.66679788672,153879.4781977557,0.9958161321612906,0.41843971631205673,-2.2830191484716913,1298.6073457448026,-938.2895012058275,26360.790483165074,25015.317804894912,0.26360790483165075,5,2,0.4,56.4,17.3735431043872,0.30804154440402837,31,0.0,0.0,0.0,0.0,False,False,False
618,66892.69517013206,218333.88810897263,151441.19293884054,1.4417073972545018,0.41262135922330095,108.2406070714111,856.2113259175397,-417.19336897752214,9787.142481572271,7635.0,0.09787142481572271,10,8,0.8,61.8,12.568213874691981,0.20336915654841395,29,0.07461203330656808,6.834752359647469,90.42024750577444,1.648031918112514,2012-01-10 13:30:00,2021-05-27 23:00:00,RBB_M,5,50,1.5,1,17,46,27,45,1,0,4,500,5000,0,282,13286.805798493362,128270.80103245765,114983.99523396428,1.115553523526974,0.1773049645390071,47.11633261877079,2565.416020649153,-495.620669111915,13766.425234266426,12824.0,0.13766425234266425,5,4,0.8,56.4,17.3735431043872,0.30804154440402837,31,0.37563580560242305,0.9651602048018081,292.17947300045137,0.6048730617627186,False,False,False
618,73988.06927934817,224887.41351899537,150899.3442396472,1.4903140543927464,0.5388349514563107,119.72179495040157,675.3375781351212,-529.4713832970077,11981.2114353035,9384.648767195991,0.119812114353035,10,8,0.8,61.8,12.568213874691981,0.20336915654841395,29,0.02690974395456668,6.17534125650575,100.07544106958206,1.6475029767371139,2012-01-10 13:30:00,2021-05-27 23:00:00,RBB_M,5,50,1.5,1,17,46,27,45,1,0,4,1000,2000,48,282,17896.309982296618,179847.7881800523,161951.4781977557,1.1105041471769945,0.3900709219858156,63.46209213580361,1634.97989254593,-941.5783616148587,21086.477067787513,18820.22547019244,0.21086477067787512,5,4,0.8,56.4,17.3735431043872,0.30804154440402837,31,0.11125198445766397,0.8487102859697548,332.26886095504386,0.6582876780511552,True,False,False
1117,151657.54214317515,514288.595695794,362631.05355261883,1.4182144376699641,0.4977618621307073,135.77219529380048,924.9794886615,-646.4011649779302,15412.344790819392,14409.050893934982,0.15412344790819393,10,8,0.8,111.7,20.547749268472206,0.18395478306600005,56,0.041542113378647896,9.840004502982074,113.51620821529973,1.6473270762970127,2012-01-10 10:45:00,2021-06-01 23:00:00,RBB_M,5,10,2.5,1,53,46,-48,37,7,6,-1,1500,6000,0,554,32621.48271959361,509949.4030694489,477327.92034985527,1.0683418700831158,0.3592057761732852,58.88354281515092,2562.5598144193414,-1344.585691126353,24382.278329111905,22095.652222805365,0.24382278329111906,5,4,0.8,110.8,28.70121948628664,0.2590362769520455,70,0.18365198331103433,1.3379177400597662,414.07627943946113,0.5680154445362053,False,False,False
618,66701.06748829843,201327.9958015652,134626.92831326675,1.4954511576843683,0.45307443365695793,107.9305299163405,719.0285564341615,-398.30452163688386,9787.142481572271,7635.0,0.09787142481572271,10,7,0.7,61.8,12.568213874691981,0.20336915654841395,29,0.08981865246835846,6.8151728263777285,90.680018796892,1.643310796691819,2012-01-10 13:30:00,2021-05-27 23:00:00,RBB_M,5,50,1.5,1,17,46,27,45,1,0,4,500,6000,48,282,2063.5478801418067,116029.54311410608,113965.99523396428,1.0181066981945404,0.18439716312056736,7.3175456742617255,2231.337367578963,-495.5043271041925,17996.079107455625,17050.724867137433,0.17996079107455626,5,3,0.6,56.4,17.3735431043872,0.30804154440402837,31,2.9032522373981937,0.11466652640390405,2459.3053338572113,0.08216367380682356,False,False,False
618,66694.54585238529,200304.14741712078,133609.60156473552,1.4991747978536627,0.4563106796116505,107.91997710741956,710.298395096173,-397.64762370457004,9787.142481572271,7635.0,0.09787142481572271,10,6,0.6,61.8,12.568213874691981,0.20336915654841395,29,0.05983997565308055,6.814506479083263,90.68888581981918,1.6431501234805537,2012-01-10 13:30:00,2021-05-27 23:00:00,RBB_M,5,50,1.5,1,17,46,27,45,1,0,4,500,4000,48,282,-3145.364980161001,109802.63025380328,112947.99523396428,0.9721520955405575,0.19148936170212766,-11.15377652539362,2033.3820417370978,-495.38594400861524,19154.96590709911,18428.935795156394,0.1915496590709911,5,3,0.6,56.4,17.3735431043872,0.30804154440402837,31,0.0,0.0,0.0,0.0,False,False,False
618,81593.53780196265,248511.61337091867,166918.07556895603,1.4888238587932634,0.5663430420711975,132.0283783203279,710.0331810597676,-622.8286401826717,14727.892834001657,12062.46806950173,0.14727892834001657,10,8,0.8,61.8,12.568213874691981,0.20336915654841395,29,0.024401442242060846,5.540068679315152,111.5509636744062,1.6387033288084514,2012-01-10 13:30:00,2021-05-27 23:00:00,RBB_M,5,50,1.5,1,17,46,27,45,1,0,4,2250,2000,48,282,13038.351254142246,235754.4611998381,222716.10994569582,1.0585424703103936,0.5141843971631206,46.23528813525619,1625.8928358609523,-1625.6650360999695,24879.960162719923,22327.909145521247,0.24879960162719922,5,3,0.6,56.4,17.3735431043872,0.30804154440402837,31,0.1527033565204393,0.5240503268039345,538.1162563524286,0.4415217300781708,False,False,False
618,64034.82385443589,227632.039059649,163597.21520521308,1.3914175664549784,0.5825242718446602,103.61621982918429,632.311219610136,-634.0977333535391,9077.302919757312,7909.343596442974,0.09077302919757313,10,9,0.9,61.8,12.568213874691981,0.20336915654841395,29,0.015475954181630037,7.054388778307721,87.605038426625,1.6381462972167355,2012-01-10 13:30:00,2021-05-27 15:30:00,RBB_M,5,50,1.5,1,17,46,27,45,1,0,4,2000,1000,0,282,-15665.142523530238,163062.50621288322,178727.64873641348,0.912351879329912,0.6028368794326241,-55.55015079266042,959.1912130169601,-1595.7825780036917,31503.450119888126,29663.62203048831,0.31503450119888127,5,2,0.4,56.4,17.3735431043872,0.30804154440402837,31,0.0,0.0,0.0,0.0,False,False,False
1116,150842.96233318254,513474.01588580135,362631.05355261883,1.4159681330526062,0.49731182795698925,135.1639447429951,925.1784070014438,-646.4011649779302,15529.177665403804,14409.050893934982,0.15529177665403804,10,8,0.8,111.6,20.819221887476967,0.18655216745051048,55,0.0635623132172297,9.713519001668281,114.89142089579776,1.6337664878165372,2012-01-10 10:45:00,2021-06-01 23:00:00,RBB_M,5,10,2.5,1,53,46,-48,37,7,6,-1,1500,0,0,553,71695.00095526045,552040.9213051157,480345.92034985527,1.149257020655119,0.35443037974683544,129.64737966593208,2816.5353127812023,-1345.5067796914714,29458.375344040425,26133.70118108939,0.2945837534404043,5,5,1.0,110.6,28.98689359003479,0.2620876454795189,69,0.33300399638265343,2.433773082118213,227.21921121697233,1.1377915458973609,True,True,True
809,115107.22273438919,395358.6218751841,280251.3991407949,1.4107284498392845,0.5438813349814586,142.28334083360838,898.5423224436003,-759.4888865604197,17225.414484380293,16192.106676966941,0.17225414484380294,10,10,1.0,80.9,15.042938542718309,0.18594485219676524,43,0.03419367764178855,6.68240655914355,121.06416944851159,1.6329488008569555,2012-01-10 11:15:00,2021-05-31 19:00:00,RBB_M,5,10,1.5,1,29,46,52,-39,9,18,4,3000,3000,48,390,-69239.49656135868,405437.1669599492,474676.66352130787,0.8541333461651195,0.45897435897435895,-177.53717067015046,2265.012105921504,-2249.652433750274,97079.91484767853,94070.4634072539,0.9707991484767854,5,1,0.2,78.0,23.740261161158273,0.30436232257895224,47,0.0,0.0,0.0,0.0,False,False,False
618,66264.24522370152,216688.11141401084,150423.86619030932,1.4405168335446654,0.41585760517799353,107.22369777297982,843.1444023891472,-416.6866099454552,9787.142481572271,7635.0,0.09787142481572271,10,8,0.8,61.8,12.568213874691981,0.20336915654841395,29,0.06022855895402988,6.7705405687581655,91.27779292124556,1.6325488288451515,2012-01-10 13:30:00,2021-05-27 23:00:00,RBB_M,5,50,1.5,1,17,46,27,45,1,0,4,500,4000,0,282,7644.535515361706,121610.53074932598,113965.99523396428,1.0670773374081277,0.18439716312056736,27.108281969367752,2338.6640528716534,-495.5043271041925,13790.216356896097,12350.99599361491,0.13790216356896096,5,3,0.6,56.4,17.3735431043872,0.30804154440402837,31,0.5220722687441349,0.5543448570724483,508.7086069297562,0.3477121041038398,False,False,False
788,146558.36957334055,413160.3425910585,266601.97301771794,1.5497272503816037,0.5444162436548223,185.98777864637125,963.0777216574791,-742.6238802721948,29513.823871713495,22740.89780444895,0.29513823871713496,10,10,1.0,78.8,15.464798737778645,0.1962537910885615,37,0.04347032030288192,4.965753343598569,158.68689914206539,1.6307035681855884,2012-01-10 11:15:00,2021-05-31 19:00:00,RBB_M,5,10,1.5,1,29,46,52,-39,9,18,4,4000,6000,48,342,-108384.24503036059,383841.7614516824,492226.006482043,0.7798079670658065,0.4239766081871345,-316.91299716479705,2647.1845617357408,-2498.609169959609,150663.42813619453,150141.31214391722,1.5066342813619453,5,1,0.2,68.4,19.47921969689751,0.28478391369733197,41,0.0,0.0,0.0,0.0,False,False,False
820,109111.67132808176,380366.7300964342,271255.0587683524,1.4022475076538996,0.5378048780487805,133.06301381473386,862.5095920554063,-715.7125561170247,15138.698540798825,12917.318045025168,0.15138698540798826,10,10,1.0,82.0,15.355780670483673,0.18726561793272772,45,0.0360725779425237,7.207467077439027,113.77089776334631,1.6289825797408555,2012-01-10 11:15:00,2021-05-31 19:00:00,RBB_M,5,10,1.5,1,29,46,52,-39,9,18,4,2000,2500,48,423,-77776.43635993975,368684.325716487,446460.76207642676,0.8257933440819919,0.40425531914893614,-183.86864387692611,2156.048688400509,-1771.6696907794712,87196.98781517794,84580.54906262938,0.8719698781517794,5,1,0.2,84.6,26.785070468453128,0.3166083979722592,49,0.0,0.0,0.0,0.0,False,False,False
618,85680.66774609203,261798.62803240016,176117.96028630814,1.486495912210227,0.5647249190938511,138.64185719432368,750.1393353363901,-654.7136070122979,16444.76552214974,14482.408616815868,0.1644476552214974,10,8,0.8,61.8,12.568213874691981,0.20336915654841395,29,0.029073069404429525,5.210209147140909,118.61328068550303,1.6284854375878635,2012-01-10 13:30:00,2021-05-27 23:00:00,RBB_M,5,50,1.5,1,17,46,27,45,1,0,4,3000,2500,48,282,-15628.75220641189,249532.72921548225,265161.48142189416,0.9410594927943352,0.4929078014184397,-55.42110711493578,1795.199490758865,-1854.2760938593997,35761.21392901935,33346.1066895171,0.35761213929019353,5,3,0.6,56.4,17.3735431043872,0.30804154440402837,31,0.0,0.0,0.0,0.0,False,False,False
618,64489.57974588765,231242.94659157682,166753.36684568916,1.3867362978377837,0.47896440129449835,104.35207078622597,781.2261709174893,-517.8675988996558,9410.117305979169,8148.373930096539,0.0941011730597917,10,7,0.7,61.8,12.568213874691981,0.20336915654841395,29,0.03862639530006932,6.8532174094058425,90.17662261112757,1.6203428150786916,2012-01-10 13:30:00,2021-05-27 23:00:00,RBB_M,5,50,1.5,1,17,46,27,45,1,0,4,750,2500,0,282,9695.178487898804,157152.2295909053,147457.05110300652,1.0657491684214286,0.2872340425531915,34.38006555992484,1940.1509826037693,-733.6171696666992,23251.292751817833,22124.25914765794,0.23251292751817834,5,3,0.6,56.4,17.3735431043872,0.30804154440402837,31,0.25693183504658346,0.41697373954146333,676.3015827090431,0.3396147179120248,False,False,False
1167,148231.1179551537,499243.8706067142,351012.7526515605,1.4222955343799093,0.4721508140531277,127.01895283217968,906.0687306836919,-569.8258971616242,13964.49528833045,12676.125371841626,0.1396449528833045,10,8,0.8,116.7,23.091340368198637,0.19786924051584093,57,0.06740150204508819,10.614856813265876,109.94024889168043,1.6190462712170628,2012-01-10 10:45:00,2021-06-01 23:00:00,RBB_M,5,10,2.5,1,53,46,-48,37,7,6,-1,1000,10000,0,585,94864.55740303281,485665.4841095316,390800.9267064988,1.2427439417877288,0.30427350427350425,162.16163658638087,2728.457775896245,-960.1988371167046,20981.349439595368,18798.09625691164,0.20981349439595368,5,5,1.0,117.0,31.534108517603602,0.269522295022253,70,0.10531857496106958,4.521375408962366,129.38540755549752,1.6862997085866205,True,True,True
618,80243.07993241024,261548.51713284347,181305.43720043323,1.4425850717521587,0.5647249190938511,129.84317141166704,749.4226851943939,-673.997907808302,14671.232112814672,12507.067859166069,0.14671232112814672,10,8,0.8,61.8,12.568213874691981,0.20336915654841395,29,0.018581041521036932,5.469416564019968,112.99194215073209,1.6146900726735764,2012-01-10 13:30:00,2021-05-27 16:45:00,RBB_M,5,50,1.5,1,17,46,27,45,1,0,4,2500,1500,0,282,3310.5059292865117,215364.25872687425,212053.75279758775,1.015611635661296,0.5602836879432624,11.739382727966353,1363.064928651103,-1710.1109096579657,18025.480034135704,17499.448659965798,0.18025480034135705,5,3,0.6,56.4,17.3735431043872,0.30804154440402837,31,0.4503843315336831,0.18365701900960474,1535.4708549704394,0.13170588981911266,False,False,False
618,68521.61760113403,203148.54591440078,134626.92831326675,1.5089740846028172,0.45307443365695793,110.87640388533015,725.5305211228599,-398.30452163688386,10774.623488883437,7635.0,0.10774623488883436,10,7,0.7,61.8,12.568213874691981,0.20336915654841395,29,0.14580799971999858,6.359537080050196,97.17688445259007,1.6089458760843998,2012-01-10 13:30:00,2021-05-27 23:00:00,RBB_M,5,50,1.5,1,17,46,27,45,1,0,4,500,10000,48,282,9726.783386063973,123692.77862002824,113965.99523396428,1.0853481195517625,0.18439716312056736,34.49213966689352,2378.7072811543894,-495.5043271041925,17996.079107455625,17050.724867137433,0.17996079107455626,5,3,0.6,56.4,17.3735431043872,0.30804154440402837,31,1.0271638221443877,0.5404945892927447,521.7443533875269,0.3872884487018886,False,False,False
850,113146.49251397583,379876.9761725983,266730.4836586225,1.4241978305666307,0.4788235294117647,133.11352060467743,933.3586638147378,-602.1004145792832,15630.010090450261,13162.0,0.1563001009045026,10,9,0.9,85.0,16.44992401198255,0.19352851778802999,50,0.03527285655370212,7.239054348602558,117.41865153479415,1.6037840697131873,2012-01-10 11:15:00,2021-05-31 19:00:00,RBB_M,5,10,1.5,1,29,46,52,-39,9,18,4,1000,4000,0,444,-37081.50519380453,292902.9003216931,329984.40551549767,0.8876264921189949,0.240990990990991,-83.51690358964984,2737.4102833803095,-979.1822122121592,58886.767932422896,56209.96354313357,0.588867679324229,5,1,0.2,88.8,27.60724542579357,0.3108924034436213,52,0.0,0.0,0.0,0.0,False,False,False
618,64216.72889058878,222766.67892830534,158549.95003771654,1.4050252231256626,0.5744336569579288,103.9105645478783,627.5117716290291,-602.8515210559564,9559.080145932901,8407.554320505486,0.09559080145932901,10,9,0.9,61.8,12.568213874691981,0.20336915654841395,29,0.015432115853930313,6.717877443250756,91.99334242408449,1.6008660982025318,2012-01-10 13:30:00,2021-05-27 15:30:00,RBB_M,5,50,1.5,1,17,46,27,45,1,0,4,1500,1000,0,282,-28718.136744095034,146215.50621288322,174933.6429569783,0.8358341125317,0.5425531914893617,-101.83736434076253,955.6569033521779,-1356.0747516044828,37859.957117072634,36994.609712988975,0.37859957117072635,5,2,0.4,56.4,17.3735431043872,0.30804154440402837,31,0.0,0.0,0.0,0.0,False,False,False
1048,150933.14980191307,492627.39260753256,341694.2428056195,1.441719908894616,0.5162213740458015,144.02018110869568,910.5866776479345,-673.9531416284408,18368.923240072618,17219.748696635288,0.18368923240072618,10,8,0.8,104.8,19.853463173965395,0.1894414424996698,49,0.07467361870282287,8.216766319358651,127.5440920756038,1.60060753751245,2012-01-10 13:30:00,2021-05-27 23:00:00,RBB_M,6,50,1.5,1,17,46,52,45,1,0,4,2000,0,368,475,2629.692326590266,477129.981240849,474500.2889142588,1.0055420247111069,0.37684210526315787,5.536194371768981,2665.530621457257,-1603.0415166022258,43035.12741079094,39299.592985441144,0.4303512741079094,5,3,0.6,95.0,27.611591768675705,0.2906483344071127,54,6.7207054984685834,0.061105717231613864,7773.413381264632,0.040197878909531935,False,False,False
792,120808.43468630966,405555.78848041804,284747.3537941084,1.4242653463732005,0.5340909090909091,152.53590238170412,958.7607292681278,-771.6730455124888,20609.112607094838,17416.06206806042,0.20609112607094837,10,10,1.0,79.2,15.045265035884213,0.18996546762480068,39,0.03303577279486323,5.861894055774166,135.10991370099103,1.600463537110637,2012-01-10 11:15:00,2021-05-31 19:00:00,RBB_M,5,10,1.5,1,29,46,52,-39,9,18,4,4000,4000,0,360,-87395.23665596552,417095.26836754126,504490.5050235069,0.8267653488307111,0.44722222222222224,-242.7645462665709,2590.6538407921817,-2535.1281659472706,119485.15150870124,115558.53697659724,1.1948515150870125,5,1,0.2,72.0,21.23205124334434,0.29488960060200475,43,0.0,0.0,0.0,0.0,False,False,False
820,104133.98112256156,381549.3878401117,277415.4067175501,1.3753720182837046,0.5390243902439025,126.99265990556287,863.2339091405241,-733.9031923744712,14290.220036506129,13015.999676080144,0.1429022003650613,10,10,1.0,82.0,15.355780670483673,0.18726561793272772,45,0.03779687692712731,7.2870803148263965,112.52792127618197,1.6001567078466705,2012-01-10 11:15:00,2021-05-31 19:00:00,RBB_M,5,10,1.5,1,29,46,52,-39,9,18,4,2250,2500,48,412,-49521.399603468606,388402.4742059102,437923.8738093789,0.886917789677243,0.441747572815534,-120.19757185307914,2134.0795286039024,-1904.0168426494733,67112.43381116698,64608.80714246005,0.6711243381116698,5,1,0.2,82.4,25.33456137374397,0.30745826909883456,49,0.0,0.0,0.0,0.0,False,False,False
1135,150922.4196388358,510807.5225173738,359885.102878538,1.4193627867107697,0.4881057268722467,132.97129483597868,922.0352392010357,-619.4235849888778,15720.578789607302,14833.350921458448,0.157205787896073,10,8,0.8,113.5,21.951081977888926,0.19340160332941786,56,0.04963477273904237,9.600309356205695,118.2253569012679,1.5974489444300393,2012-01-10 10:45:00,2021-06-01 23:00:00,RBB_M,5,10,2.5,1,53,46,-48,37,7,6,-1,1250,7500,0,570,58075.405108388186,500741.2965740205,442665.89146563236,1.13119466899992,0.3368421052631579,101.8866756287512,2608.0275863230236,-1171.0737869461173,22981.60167715638,20144.0,0.2298160167715638,5,5,1.0,114.0,30.71807285621935,0.2694567794405206,69,0.12898747733260374,2.5270390603851993,225.56042323822024,1.0123497976449705,True,True,True
618,66364.91428709656,200482.84260036328,134117.92831326675,1.4948250776144132,0.4546925566343042,107.38659269756725,713.4620733109014,-397.97604840731975,10282.441743861826,7635.0,0.10282441743861825,10,6,0.6,61.8,12.568213874691981,0.20336915654841395,29,0.06767129963540378,6.45419793666359,95.75163421769285,1.5951638117520759,2012-01-10 13:30:00,2021-05-27 23:00:00,RBB_M,5,50,1.5,1,17,46,27,45,1,0,4,500,4500,48,282,-1645.3649801610009,111811.63025380328,113456.99523396428,0.9854978974476802,0.1879432624113475,-5.834627589223407,2109.6534010151563,-495.4453940347785,18308.73933455823,17363.38509424004,0.1830873933455823,5,3,0.6,56.4,17.3735431043872,0.30804154440402837,31,0.0,0.0,0.0,0.0,False,False,False
790,140484.10112759203,413978.07295375236,273493.9718261603,1.5136643421774842,0.5265822784810127,177.827976110876,995.13959844652,-731.2673043480222,28220.239834058753,21973.797207867057,0.2822023983405875,10,10,1.0,79.0,15.27743433957417,0.19338524480473632,38,0.07453469242694748,4.978132785322506,158.69403932519253,1.594494737515407,2012-01-10 11:15:00,2021-05-31 19:00:00,RBB_M,5,10,1.5,1,29,46,52,-39,9,18,4,2500,0,0,354,-77127.91800681106,376451.3520687832,453579.27007559425,0.8299571362819187,0.3672316384180791,-217.87547459551146,2895.7796312983323,-2024.9074556946173,123196.76508699835,118944.92889866018,1.2319676508699835,5,1,0.2,70.8,20.193068117549647,0.2852128265190628,43,0.0,0.0,0.0,0.0,False,False,False
790,140028.08405115706,413522.05587731744,273493.9718261603,1.5119969669392292,0.5265822784810127,177.2507393052621,994.0434035512438,-731.2673043480222,28220.239834058753,21973.797207867057,0.2822023983405875,10,10,1.0,79.0,15.27743433957417,0.19338524480473632,38,0.07134997288365344,4.961973564879432,159.21084416724332,1.5893189430820402,2012-01-10 11:15:00,2021-05-31 19:00:00,RBB_M,5,10,1.5,1,29,46,52,-39,9,18,4,2500,10000,0,355,-96205.64732135291,359882.6227542413,456088.2700755942,0.7890635352112709,0.36619718309859156,-271.0018234404307,2768.3278673403174,-2027.058978113752,123213.19768873003,118961.36150039185,1.2321319768873003,5,1,0.2,71.0,20.454828280872952,0.2880961729700416,43,0.0,0.0,0.0,0.0,False,False,False
618,85306.95487063195,295575.62874513527,210268.6738745033,1.4057045364805343,0.5501618122977346,138.03714380361157,869.3400845445155,-756.3621362392205,17151.351901143353,13989.99499580948,0.17151351901143352,10,7,0.7,61.8,12.568213874691981,0.20336915654841395,29,0.02920043276398276,4.973774391798536,124.25171536108391,1.5876330838574646,2012-01-10 13:30:00,2021-05-27 23:00:00,RBB_M,5,50,1.5,1,17,46,27,45,1,0,4,5000,2500,0,282,-10630.411839247034,284139.990964719,294770.402803966,0.963936637674181,0.5212765957446809,-37.69649588385473,1932.9251086035304,-2183.484465214563,40322.74830319792,38412.74830319792,0.4032274830319792,5,3,0.6,56.4,17.3735431043872,0.30804154440402837,31,0.0,0.0,0.0,0.0,False,False,False
804,115994.70666298363,395666.5476327045,279671.8409697208,1.4147528984712554,0.5460199004975125,144.2720232126662,901.2905413045661,-766.2242218348515,18739.575427769145,16251.41341532243,0.18739575427769145,10,10,1.0,80.4,15.298365925810508,0.1902781831568471,41,0.03393205932971508,6.189825757263287,129.89057067665718,1.587470279933884,2012-01-10 11:15:00,2021-05-31 19:00:00,RBB_M,5,10,1.5,1,29,46,52,-39,9,18,4,4000,3000,48,380,-94692.2160097069,409542.1690229071,504234.385032614,0.8122059525877392,0.4763157894736842,-249.19004213080763,2262.66391725363,-2533.8411308171558,119044.70151146755,116486.52598808118,1.1904470151146755,5,1,0.2,76.0,22.485550916088314,0.2958625120537936,46,0.0,0.0,0.0,0.0,False,False,False
618,67227.50459091074,217493.4203567928,150265.91576588206,1.4473902431450445,0.5048543689320388,108.78236988820508,697.0942960153616,-491.06508420222895,10677.039425647708,8402.648767195999,0.10677039425647708,10,8,0.8,61.8,12.568213874691981,0.20336915654841395,29,0.04449071876459903,6.296455591371245,98.15045798892257,1.5857563071304557,2012-01-10 13:30:00,2021-05-27 23:00:00,RBB_M,5,50,1.5,1,17,46,27,45,1,0,4,750,3000,48,282,11460.371653435752,159406.13477607077,147945.76312263502,1.0774633312340012,0.28368794326241137,40.63961579232536,1992.5766847008847,-732.4047679338368,19585.234909890365,18439.951738038726,0.19585234909890364,5,4,0.8,56.4,17.3735431043872,0.30804154440402837,31,0.2609863004838343,0.5851536479477388,481.92470642374934,0.43740984698582713,False,False,False
793,140225.62564803005,416228.5974741904,276002.9718261603,1.5080583905319351,0.5271122320302648,176.82928833295088,995.7621949143311,-736.0079248697609,28220.239834058753,21973.797207867057,0.2822023983405875,10,10,1.0,79.3,15.113239229232097,0.1905830924241122,39,0.045433487916199285,4.968973561974941,159.5903037336384,1.5855400024891835,2012-01-10 11:15:00,2021-05-31 19:00:00,RBB_M,5,10,1.5,1,29,46,52,-39,9,18,4,2500,6000,0,359,-94151.56993400074,359427.70014159346,453579.27007559425,0.7924253242033982,0.37604456824512533,-262.26064048468174,2662.427408456248,-2024.9074556946173,133795.46715324238,131737.9976679978,1.3379546715324238,5,1,0.2,71.8,21.17923511366735,0.2949754194104088,43,0.0,0.0,0.0,0.0,False,False,False
1135,149744.6040754267,510888.70695396466,361144.102878538,1.4146394829151885,0.48722466960352423,131.93357187262265,923.8493796635889,-620.522513537007,15720.578789607302,14833.350921458448,0.157205787896073,10,8,0.8,113.5,21.951081977888926,0.19340160332941786,56,0.06672026722891138,9.525387460569911,119.15525795651908,1.5849822729242176,2012-01-10 10:45:00,2021-06-01 23:00:00,RBB_M,5,10,2.5,1,53,46,-48,37,7,6,-1,1250,10000,0,570,84659.81579044157,527325.707256074,442665.89146563236,1.1912499187821757,0.3368421052631579,148.52599261480978,2746.4880586253853,-1171.0737869461173,22981.60167715638,20144.0,0.2298160167715638,5,5,1.0,114.0,30.71807285621935,0.2694567794405206,69,0.11801348617070843,3.683808334150752,154.7311771667961,1.4757597854747473,True,True,True
618,67381.34207905813,202008.27039232486,134626.92831326675,1.5005041927590206,0.45307443365695793,109.0312978625536,721.4581085440174,-398.30452163688386,10774.623488883437,7635.0,0.10774623488883436,10,7,0.7,61.8,12.568213874691981,0.20336915654841395,29,0.13135274847359968,6.253707347507582,98.82138156757594,1.5821712367359315,2012-01-10 13:30:00,2021-05-27 23:00:00,RBB_M,5,50,1.5,1,17,46,27,45,1,0,4,500,0,48,282,9984.636697157432,123950.63193112171,113965.99523396428,1.0876106655907287,0.18439716312056736,35.406513110487346,2383.6659986754175,-495.5043271041925,17996.079107455625,17050.724867137433,0.17996079107455626,5,3,0.6,56.4,17.3735431043872,0.30804154440402837,31,1.0264623162514515,0.5548228943392941,508.27030188762694,0.39755531749934847,False,False,False
1167,144696.93433519983,495709.68698676035,351012.7526515605,1.4122270009911462,0.4721508140531277,123.99051785364166,899.6546043316885,-569.8258971616242,13964.49528833045,12676.125371841626,0.1396449528833045,10,8,0.8,116.7,23.091340368198637,0.19786924051584093,57,0.06626213376591293,10.361773293454942,112.62550983789045,1.580444344100694,2012-01-10 10:45:00,2021-06-01 23:00:00,RBB_M,5,10,2.5,1,53,46,-48,37,7,6,-1,1000,0,0,585,113044.04481377525,503844.9715202741,390800.9267064988,1.289262478895487,0.30427350427350425,193.23768344235086,2830.5897276419896,-960.1988371167046,20981.349439595368,18798.09625691164,0.20981349439595368,5,5,1.0,117.0,31.534108517603602,0.269522295022253,70,0.21119840393264638,5.387834807252291,108.57793917745238,2.009455849955062,True,True,True
792,139290.80064257333,415293.7724687337,276002.9718261603,1.5046713798803055,0.5265151515151515,175.8722230335522,995.9083272631505,-736.0079248697609,28220.239834058753,21973.797207867057,0.2822023983405875,10,10,1.0,79.2,15.058552387264852,0.19013323721294004,39,0.05377957456948111,4.935847514466001,160.4587657294524,1.5769584754610722,2012-01-10 11:15:00,2021-05-31 19:00:00,RBB_M,5,10,1.5,1,29,46,52,-39,9,18,4,2500,7500,0,357,-111275.56752073222,347321.702554862,458597.2700755942,0.757356672658802,0.36694677871148457,-311.69626756507625,2651.310706525664,-2029.1914605114787,133036.70254253302,128784.86635419485,1.3303670254253301,5,1,0.2,71.4,20.99142682144308,0.2939975745300151,43,0.0,0.0,0.0,0.0,False,False,False
618,72780.85619766124,197540.4091712993,124759.55297363807,1.583369004320174,0.5339805825242718,117.76837572437094,598.6073005190888,-433.19289226957665,12684.120395902151,10743.92238913571,0.12684120395902151,10,6,0.6,61.8,12.568213874691981,0.20336915654841395,29,0.06857572527651004,5.7379505969664635,107.70395972504956,1.575077262297755,2012-01-10 13:30:00,2021-05-27 20:30:00,RBB_M,5,50,1.5,1,17,46,27,45,1,0,4,1250,5000,24,282,-5200.304170900716,175313.80127731914,180514.1054482199,0.9711917018451921,0.37943262411347517,-18.44079493227204,1638.4467409095248,-1031.509173989828,30836.248374558578,28695.876052985128,0.3083624837455858,5,1,0.2,56.4,17.3735431043872,0.30804154440402837,31,0.0,0.0,0.0,0.0,False,False,False
618,82207.89665366407,250502.61337091867,168294.7167172546,1.48847580160094,0.5679611650485437,133.02248649460205,713.6826591764064,-630.3172910758599,16227.892834001657,14265.5359286678,0.16227892834001656,10,8,0.8,61.8,12.568213874691981,0.20336915654841395,29,0.024219084553250878,5.065839261731944,121.9936062062723,1.5728863759815066,2012-01-10 13:30:00,2021-05-27 23:00:00,RBB_M,5,50,1.5,1,17,46,27,45,1,0,4,2500,2000,48,282,7321.9318295851845,237787.36415179423,230465.43232220906,1.0317701954510408,0.5212765957446809,25.96429726803257,1617.6011166788724,-1707.1513505348819,24297.365519380815,21995.31450218214,0.24297365519380815,5,3,0.6,56.4,17.3735431043872,0.30804154440402837,31,0.27192277206885684,0.3013467375195405,935.7990808900462,0.25089981084756635,False,False,False
618,72467.2062249951,197226.75919863317,124759.55297363807,1.5808549685995392,0.5339805825242718,117.26085149675582,597.6568460564641,-433.19289226957665,12684.120395902151,10743.92238913571,0.12684120395902151,10,6,0.6,61.8,12.568213874691981,0.20336915654841395,29,0.05507318700280514,5.713222830051898,108.1701201551745,1.5682894479455156,2012-01-10 13:30:00,2021-05-27 20:30:00,RBB_M,5,50,1.5,1,17,46,27,45,1,0,4,1250,4000,24,282,-3969.39047457611,175285.71497364377,179255.1054482199,0.9778561929120466,0.3829787234042553,-14.075852746723795,1623.0158793855906,-1030.2017554495396,32642.43807952576,30502.06575795231,0.3264243807952576,5,2,0.4,56.4,17.3735431043872,0.30804154440402837,31,0.0,0.0,0.0,0.0,False,False,False
826,90822.02820257546,361334.00551413,270511.97731155454,1.3357412455640503,0.5435835351089588,109.95402930093881,804.7527962452784,-717.5384013569086,11212.52177234224,9071.524292993097,0.11212521772342239,10,10,1.0,82.6,15.14727698300919,0.18338107727614034,47,0.021921994469878407,8.100053676292946,101.97463288638667,1.5640940136911898,2012-01-10 11:15:00,2021-05-31 19:00:00,RBB_M,5,10,1.5,1,29,46,52,-39,9,18,4,2000,2000,48,439,-79755.9607469351,358049.7669975322,437805.7277444673,0.8178279641113192,0.4419134396355353,-181.67644817069498,1845.6173556573826,-1786.9621540590504,90495.27985003922,89361.30466873509,0.9049527985003922,5,0,0.0,87.8,25.902895591033833,0.29502158987510063,53,0.0,0.0,0.0,0.0,False,False,False
618,67062.3384723328,218802.67892830534,151740.34045597253,1.4419545802442097,0.5679611650485437,108.51511079665502,623.3694556361976,-568.315881857575,10933.032923421517,9162.0,0.10933032923421517,10,9,0.9,61.8,12.568213874691981,0.20336915654841395,29,0.014777295611438397,6.133919008756218,100.75124877224498,1.5632313097127584,2012-01-10 13:30:00,2021-05-27 15:30:00,RBB_M,5,50,1.5,1,17,46,27,45,1,0,4,1250,1000,0,282,-14150.198633103835,141260.50621288322,155410.7048459871,0.9089496528110673,0.524822695035461,-50.178009337247644,954.4628798167785,-1159.781379447665,29117.019006081435,28251.671601997776,0.29117019006081435,5,3,0.6,56.4,17.3735431043872,0.30804154440402837,31,0.0,0.0,0.0,0.0,False,False,False
618,78772.09420433207,230305.33671874536,151533.2425144133,1.5198337532890815,0.5016181229773463,127.46293560571532,742.9204410282108,-491.9910471247185,15100.058064332472,9585.967321260003,0.15100058064332472,10,9,0.9,61.8,12.568213874691981,0.20336915654841395,29,0.12683425648280588,5.216674920634773,118.46626623320451,1.5624206222885904,2012-01-10 13:30:00,2021-05-27 23:00:00,RBB_M,5,50,1.5,1,17,46,27,45,1,0,4,750,10000,48,282,21099.831056805844,175876.5941794408,154776.76312263502,1.1363242817016896,0.25177304964539005,74.82209594612002,2477.135129287899,-733.5391617186494,18522.75040798966,17411.838366017982,0.1852275040798966,5,4,0.8,56.4,17.3735431043872,0.30804154440402837,31,0.4735109003054012,1.1391305606377213,247.55722455740934,0.8280956189015947,True,False,False
618,85440.74862804919,280878.45831618056,195437.7096881314,1.4371763707443703,0.551779935275081,138.2536385567139,823.6904935958374,-705.5512985131097,17795.90233119215,16661.75984961989,0.17795902331192148,10,7,0.7,61.8,12.568213874691981,0.20336915654841395,29,0.02330269844272383,4.801147311215071,128.7192331208844,1.5610611577743088,2012-01-10 13:30:00,2021-05-27 23:00:00,RBB_M,5,50,1.5,1,17,46,27,45,1,0,4,3000,2000,0,282,23536.196250169116,262624.0761328611,239087.87988269195,1.0984416117693507,0.5460992907801419,83.46168883038693,1705.3511437198772,-1867.8740615835309,18604.475223802365,17928.104136378024,0.18604475223802364,5,4,0.8,56.4,17.3735431043872,0.30804154440402837,31,0.08459310836965399,1.2650825119784708,222.9103614427318,0.921683495734241,True,False,False
618,69804.42263011076,228343.7375949931,158539.31496488233,1.4402972388620008,0.5711974110032363,112.95214017817274,646.8661121671192,-598.2615659052163,11896.33949751556,10340.865783850444,0.11896339497515561,10,8,0.8,61.8,12.568213874691981,0.20336915654841395,29,0.02135967813817063,5.86772281042322,105.32194855936382,1.5598798357660784,2012-01-10 13:30:00,2021-05-27 16:45:00,RBB_M,5,50,1.5,1,17,46,27,45,1,0,4,1750,1500,48,282,-14645.94972379259,186655.78153065764,201301.73125445025,0.9272437965012841,0.5106382978723404,-51.93599192834252,1296.2207050740114,-1458.7081974960163,32880.05187719941,31038.275496846443,0.3288005187719941,5,3,0.6,56.4,17.3735431043872,0.30804154440402837,31,0.0,0.0,0.0,0.0,False,False,False
618,86611.07097859828,264289.62803240016,177678.55705380187,1.4874593333869324,0.5663430420711975,140.1473640430393,755.1132229497148,-662.9796904992606,18355.089164335062,16202.946682762791,0.18355089164335062,10,8,0.8,61.8,12.568213874691981,0.20336915654841395,29,0.02876075739342295,4.718640710658508,130.96992076638853,1.5581527810516553,2012-01-10 13:30:00,2021-05-27 23:00:00,RBB_M,5,50,1.5,1,17,46,27,45,1,0,4,4000,2500,48,282,-21693.430029681338,257005.72921548222,278699.15924516355,0.9221618389935714,0.5035460992907801,-76.92705684284162,1809.8995015174805,-1990.7082803225967,40175.580299688125,37866.745471930146,0.40175580299688124,5,2,0.4,56.4,17.3735431043872,0.30804154440402837,31,0.0,0.0,0.0,0.0,False,False,False
618,74961.7064944788,238284.94497121725,163323.23847673845,1.458977590657776,0.5566343042071198,121.29725969980389,692.6887935209804,-596.0702134187535,13752.141964827286,10818.717200327344,0.13752141964827286,10,8,0.8,61.8,12.568213874691981,0.20336915654841395,29,0.026560227789726804,5.450911333390984,113.37553708024552,1.5580061611112426,2012-01-10 13:30:00,2021-05-27 23:00:00,RBB_M,5,50,1.5,1,17,46,27,45,1,0,4,1500,2000,48,282,324.80797965373495,206669.8513581429,206345.0433784892,1.0015741011964021,0.450354609929078,1.1518013462898402,1627.3216642373459,-1331.2583443773497,31561.239608363947,29655.829569039568,0.31561239608363945,5,2,0.4,56.4,17.3735431043872,0.30804154440402837,31,6.129775512666059,0.010291356856834565,27401.63458744721,0.00976571195349136,False,False,False
830,104324.30612428916,376603.25921246863,272278.95308817946,1.3831522963528622,0.516867469879518,125.69193508950501,877.8630750873394,-678.9998830129164,14809.966919184793,13818.524292993097,0.14809966919184794,10,9,0.9,83.0,14.919785521246611,0.1797564520632122,49,0.03772792184912389,7.044195756382664,117.82750348014486,1.55572819592586,2012-01-10 11:15:00,2021-05-31 19:00:00,RBB_M,5,10,1.5,1,29,46,52,-39,9,18,4,1500,2500,0,441,-19422.203283193834,364742.72350034857,384164.9267835424,0.9494430596624005,0.3786848072562358,-44.04127728615382,2184.0881646727457,-1402.0617765822715,38272.75391497439,36654.96196656139,0.3827275391497439,5,2,0.4,88.2,26.43785165250762,0.299748884949066,53,0.0,0.0,0.0,0.0,False,False,False
618,71224.61383925134,231325.7375949931,160101.12375574175,1.4448726665274076,0.5744336569579288,115.25018420590831,651.621796042234,-608.7495199838089,12456.880880010685,10090.865783850444,0.12456880880010686,10,9,0.9,61.8,12.568213874691981,0.20336915654841395,29,0.020933774430354598,5.717692456507639,108.08556156192314,1.555393669838152,2012-01-10 13:30:00,2021-05-27 16:45:00,RBB_M,5,50,1.5,1,17,46,27,45,1,0,4,2000,1500,48,282,-10964.3138227554,194110.78153065764,205075.09535341305,0.9465351275157998,0.5283687943262412,-38.880545470763835,1302.7569230245479,-1541.918010176038,36803.84487032289,34319.55768559055,0.36803844870322894,5,3,0.6,56.4,17.3735431043872,0.30804154440402837,31,0.0,0.0,0.0,0.0,False,False,False
618,87568.32544272873,294965.7791890106,207397.45374628186,1.4222246891702675,0.5485436893203883,141.69631948661606,870.1055433304148,-743.3600492698274,18834.44039713907,16682.2979155668,0.1883444039713907,10,7,0.7,61.8,12.568213874691981,0.20336915654841395,29,0.02844635874222762,4.649372298633851,132.9211687740279,1.5551975515943313,2012-01-10 13:30:00,2021-05-27 23:00:00,RBB_M,5,50,1.5,1,17,46,27,45,1,0,4,4000,2500,0,282,-11770.371774083294,278068.1727212837,289838.544495367,0.9593899017310603,0.5106382978723404,-41.73890700029537,1931.0289772311367,-2100.279307937442,38997.29398529628,36008.0290245686,0.38997293985296283,5,2,0.4,56.4,17.3735431043872,0.30804154440402837,31,0.0,0.0,0.0,0.0,False,False,False
1136,147025.0002654655,508169.10314400354,361144.102878538,1.4071089603667537,0.4876760563380282,129.42341572664216,917.2727493574071,-620.522513537007,15720.578789607302,14833.350921458448,0.157205787896073,10,8,0.8,113.6,21.689628858051027,0.19092983149692805,57,0.042851044373836966,9.352391043175972,121.46626405542453,1.5548265442709222,2012-01-10 10:45:00,2021-06-01 23:00:00,RBB_M,5,10,2.5,1,53,46,-48,37,7,6,-1,1250,6000,0,571,61242.354517780055,502649.2459834124,441406.89146563236,1.138743539581888,0.3397548161120841,107.25456132711042,2590.9754947598576,-1170.8405609167967,22857.562937836272,20144.0,0.22857562937836273,5,5,1.0,114.2,30.42630440917858,0.26642998606986495,70,0.09782445575734153,2.6793037684872867,213.11506620333014,1.0685729187205013,True,True,True
790,134761.653616402,418705.14688648784,283943.49327008583,1.4746072962067045,0.5278481012658228,170.58437166633166,1004.0890812625607,-761.2426093031792,27511.988135324966,19434.06206806042,0.27511988135324966,10,10,1.0,79.0,15.27743433957417,0.19338524480473632,38,0.0776996941446467,4.898288446241736,161.2808246533819,1.5491076800011385,2012-01-10 11:15:00,2021-05-31 19:00:00,RBB_M,5,10,1.5,1,29,46,52,-39,9,18,4,3000,0,0,347,-47769.10038928429,414981.4168451241,462750.5172344084,0.8967713733206123,0.3976945244956772,-137.66311351378758,3007.1117162690152,-2214.117307341667,124782.34723827144,120687.20779563146,1.2478234723827144,5,2,0.4,69.4,19.764614845728715,0.2847927211200103,42,0.0,0.0,0.0,0.0,False,False,False
793,135267.1042041046,422219.5974741904,286952.49327008583,1.4713919808209797,0.5283732660781841,170.57642396482296,1007.6840035183542,-767.2526558023685,27511.988135324966,19434.06206806042,0.27511988135324966,10,10,1.0,79.3,15.113239229232097,0.1905830924241122,39,0.04709895510743059,4.916660458661064,161.28833924316888,1.5490355054793743,2012-01-10 11:15:00,2021-05-31 19:00:00,RBB_M,5,10,1.5,1,29,46,52,-39,9,18,4,3000,6000,0,352,-83593.53799170397,384193.76645383995,467787.3044455439,0.821300113967853,0.4005681818181818,-237.48164202188627,2724.7784854882266,-2217.0014428698764,139806.86580574862,137803.78711870094,1.3980686580574861,5,2,0.4,70.4,20.75186738585229,0.29477084354903815,42,0.0,0.0,0.0,0.0,False,False,False
1135,146210.42045547286,507354.52333401085,361144.102878538,1.404853406964386,0.48722466960352423,128.81975370526243,917.4584508752457,-620.522513537007,15720.578789607302,14833.350921458448,0.157205787896073,10,8,0.8,113.5,21.951081977888926,0.19340160332941786,56,0.06557622629473561,9.300574896907163,122.03546690188323,1.5475744583223343,2012-01-10 10:45:00,2021-06-01 23:00:00,RBB_M,5,10,2.5,1,53,46,-48,37,7,6,-1,1250,0,0,570,102839.303201184,545505.1946668164,442665.89146563236,1.2323181098518594,0.3368421052631579,180.4198301775158,2841.1728888896687,-1171.0737869461173,22981.60167715638,20144.0,0.2298160167715638,5,5,1.0,114.0,30.71807285621935,0.2694567794405206,69,0.2321556165355758,4.474853608806815,127.37846862257153,1.7926581414518834,True,True,True
790,134305.63653996703,418249.12981005287,283943.49327008583,1.473001282731336,0.5278481012658228,170.00713486071777,1002.9955151320213,-761.2426093031792,27511.988135324966,19434.06206806042,0.27511988135324966,10,10,1.0,79.0,15.27743433957417,0.19338524480473632,38,0.07439002753266317,4.881713232767816,161.82843242352618,1.5438656876660792,2012-01-10 11:15:00,2021-05-31 19:00:00,RBB_M,5,10,1.5,1,29,46,52,-39,9,18,4,3000,10000,0,348,-68494.9126945941,397264.6045398143,465759.5172344084,0.8529393170507735,0.39655172413793105,-196.824461766075,2878.7290184044514,-2217.9024630209924,125298.77984000318,121203.6403973632,1.2529877984000317,5,2,0.4,69.6,20.025983121934363,0.2877296425565282,42,0.0,0.0,0.0,0.0,False,False,False
785,137930.31853398192,404532.29155169986,266601.97301771794,1.5173642076715437,0.5426751592356688,175.7074121451999,949.6063181964786,-742.6238802721948,29513.823871713495,22740.89780444895,0.29513823871713496,10,10,1.0,78.5,15.64129150677782,0.19925212110544993,36,0.07928597124008649,4.673414029084062,167.9714219871616,1.5405673750565203,2012-01-10 11:15:00,2021-05-31 19:00:00,RBB_M,5,10,1.5,1,29,46,52,-39,9,18,4,4000,0,48,337,-98476.72867772038,389924.06324189325,488400.7919196136,0.7983690233370286,0.41839762611275966,-292.2158121000605,2765.418888240378,-2491.8407751000695,148924.19911559374,148402.08312331644,1.4892419911559374,5,1,0.2,67.4,18.5321342537766,0.27495748151003857,41,0.0,0.0,0.0,0.0,False,False,False
618,77631.81868225617,229165.06119666947,151533.2425144133,1.5123088333233028,0.5016181229773463,125.61782958293878,739.2421328924821,-491.9910471247185,15100.058064332472,9585.967321260003,0.15100058064332472,10,9,0.9,61.8,12.568213874691981,0.20336915654841395,29,0.11400898018568587,5.141160275775936,120.2063283091729,1.5398036027872313,2012-01-10 13:30:00,2021-05-27 23:00:00,RBB_M,5,50,1.5,1,17,46,27,45,1,0,4,750,0,48,282,21946.496636313852,176723.2597589488,154776.76312263502,1.1417945187219403,0.25177304964539005,77.82445615714131,2489.059996604913,-733.5391617186494,18522.75040798966,17411.838366017982,0.1852275040798966,5,5,1.0,56.4,17.3735431043872,0.30804154440402837,31,0.48207294511455756,1.184840056304348,238.00680817594096,0.8613243236802148,True,False,False
1167,140658.9335185628,491671.6861701233,351012.7526515605,1.4007231431223541,0.4721508140531277,120.53036291222175,892.3261092016756,-569.8258971616242,13964.49528833045,12676.125371841626,0.1396449528833045,10,8,0.8,116.7,23.091340368198637,0.19786924051584093,57,0.05325648227676496,10.072611334267528,115.85873427179779,1.5363395012341268,2012-01-10 10:45:00,2021-06-01 23:00:00,RBB_M,5,10,2.5,1,53,46,-48,37,7,6,-1,1000,7500,0,585,68280.14672097942,459081.07342747826,390800.9267064988,1.1747184872267704,0.30427350427350425,116.71819952304175,2579.1071540869566,-960.1988371167046,20981.349439595368,18798.09625691164,0.20981349439595368,5,5,1.0,117.0,31.534108517603602,0.269522295022253,70,0.10970978182884239,3.254325796229445,179.76073590351578,1.2137387731506797,True,True,True
835,89911.02285297106,353702.89294093655,263791.8700879655,1.340840765194882,0.5329341317365269,107.67787168020486,794.837961665026,-676.3894104819628,11177.405235979859,9400.541008478023,0.11177405235979859,10,9,0.9,83.5,14.994999166388773,0.17958082833998532,50,0.022144114668296296,8.043997775400426,103.80410628077705,1.5341199558191425,2012-01-10 11:15:00,2021-05-31 19:00:00,RBB_M,5,10,1.5,1,29,46,52,-39,9,18,4,1500,2000,48,455,-35359.67176286398,343473.97022608714,378833.64198895113,0.9066617431936119,0.41098901098901097,-77.71356431398678,1836.7591990699848,-1413.5583656304148,47715.100836912374,46610.7702628531,0.4771510083691237,5,1,0.2,91.0,26.015380066414558,0.285883297433127,56,0.0,0.0,0.0,0.0,False,False,False
844,112576.77904875274,388991.36331195815,276414.5842632054,1.4072751057938235,0.5,133.38480929947008,921.7804817818914,-655.0108631829512,17202.879435857947,15812.176308526134,0.17202879435857948,10,9,0.9,84.4,16.088505213350306,0.19062209968424532,50,0.03496226576811859,6.544066036648258,128.9718036574521,1.5318250033409713,2012-01-10 11:15:00,2021-05-31 19:00:00,RBB_M,5,10,1.5,1,29,46,52,-39,9,18,4,1250,3000,0,436,-19042.45134059924,335157.60863740643,354200.05997800565,0.9462381476113197,0.3211009174311927,-43.675347111466145,2393.9829188386175,-1196.621824250019,52355.59988348836,51033.763695150185,0.5235559988348836,5,1,0.2,87.2,27.13963890695674,0.311234391134825,51,0.0,0.0,0.0,0.0,False,False,False
792,133068.35313138334,420020.8464014692,286952.49327008583,1.4637295589069392,0.5277777777777778,168.01559738811028,1004.8345607690651,-767.2526558023685,27511.988135324966,19434.06206806042,0.27511988135324966,10,10,1.0,79.2,15.058552387264852,0.19013323721294004,39,0.056294376714829085,4.83674071378817,163.74663164023525,1.5257801739482055,2012-01-10 11:15:00,2021-05-31 19:00:00,RBB_M,5,10,1.5,1,29,46,52,-39,9,18,4,3000,7500,0,350,-86007.55536580492,382760.9618686035,468768.5172344084,0.8165244631332681,0.39714285714285713,-245.73587247372834,2753.675984666212,-2221.6517404474334,135622.28469380617,131527.1452511662,1.3562228469380617,5,2,0.4,70.0,20.5621010599598,0.2937443008565686,42,0.0,0.0,0.0,0.0,False,False,False
785,136594.30145754694,403196.2744752649,266601.97301771794,1.512352927892507,0.5426751592356688,174.00547956375408,946.4701278762086,-742.6238802721948,29513.823871713525,22740.897804448978,0.29513823871713524,10,10,1.0,78.5,15.64129150677782,0.19925212110544993,36,0.07314360770097843,4.628146527243489,169.61433597210322,1.525645171277464,2012-01-10 11:15:00,2021-05-31 19:00:00,RBB_M,5,10,1.5,1,29,46,52,-39,9,18,4,4000,10000,48,338,-111306.97507714132,381102.8168424723,492409.7919196136,0.7739545863959743,0.4171597633136095,-329.31057715130567,2702.8568570388106,-2499.5420909625054,152850.06581143662,152327.94981915932,1.5285006581143663,5,1,0.2,67.6,18.76805797092496,0.2776339936527361,41,0.0,0.0,0.0,0.0,False,False,False
618,70280.85619766124,195040.4091712993,124759.55297363807,1.5633304586504226,0.5339805825242718,113.72306828100524,591.0315429433313,-433.19289226957665,12684.120395902166,10743.922389135725,0.12684120395902165,10,6,0.6,61.8,12.568213874691981,0.20336915654841395,29,0.06390075822880269,5.540853760767419,111.5351580609855,1.5209738433293067,2012-01-10 13:30:00,2021-05-27 20:30:00,RBB_M,5,50,1.5,1,17,46,27,45,1,0,4,1250,4500,24,282,-3713.0791874357674,176801.02626078413,180514.1054482199,0.9794305316018594,0.37943262411347517,-13.16694747317648,1652.3460398204124,-1031.509173989828,32388.787019488023,30248.414697914573,0.32388787019488025,5,2,0.4,56.4,17.3735431043872,0.30804154440402837,31,0.0,0.0,0.0,0.0,False,False,False
618,70111.02958977266,194870.58256341072,124759.55297363807,1.5619692273551768,0.5339805825242718,113.44826794461595,590.5169168588203,-433.19289226957665,12684.120395902151,10743.92238913571,0.12684120395902151,10,6,0.6,61.8,12.568213874691981,0.20336915654841395,29,0.11029418001429415,5.527464845920524,111.80532436241674,1.5172985632818732,2012-01-10 13:30:00,2021-05-27 20:30:00,RBB_M,5,50,1.5,1,17,46,27,45,1,0,4,1250,0,24,282,4874.266714180696,186647.37216240057,181773.1054482199,1.0268151149322207,0.375886524822695,17.28463373822942,1760.8242656830244,-1032.8017355012494,27969.191985744736,26022.359500852952,0.27969191985744735,5,3,0.6,56.4,17.3735431043872,0.30804154440402837,31,2.1705443892995677,0.1742727039331347,1618.1535813445478,0.1556766852949442,False,False,False
804,116940.29996254414,395666.5476327045,278726.2476701603,1.419552521300144,0.5460199004975125,145.44813428177133,901.2905413045661,-763.6335552607131,20905.687077768933,18721.288425017498,0.20905687077768934,10,10,1.0,80.4,15.298365925810508,0.1902781831568471,41,0.03365768062577174,5.5937075651963735,143.73293394928746,1.5152325342538926,2012-01-10 11:15:00,2021-05-31 19:00:00,RBB_M,5,10,1.5,1,29,46,52,-39,9,18,4,5000,3000,48,376,-73332.55656618671,421506.1690229071,494838.72558909387,0.8518051381712576,0.4920212765957447,-195.03339512283702,2278.4117244481463,-2590.778668005727,110392.09339251171,107833.91786912532,1.103920933925117,5,1,0.2,75.2,21.562931155109688,0.28674110578603307,46,0.0,0.0,0.0,0.0,False,False,False
618,69869.19107121078,194628.74404484886,124759.55297363807,1.560030790475614,0.5339805825242718,113.0569434809236,589.7840728631784,-433.19289226957665,12684.120395902151,10743.92238913571,0.12684120395902151,10,6,0.6,61.8,12.568213874691981,0.20336915654841395,29,0.10721463759849692,5.50839860316868,112.19231659170387,1.5120648470048883,2012-01-10 13:30:00,2021-05-27 20:30:00,RBB_M,5,50,1.5,1,17,46,27,45,1,0,4,1250,7500,24,282,-875.6991915461986,180897.40625667368,181773.1054482199,0.9951824600818318,0.375886524822695,-3.1053162820787183,1706.5793043082424,-1032.8017355012494,28657.492311963622,26710.65982707184,0.2865749231196362,5,3,0.6,56.4,17.3735431043872,0.30804154440402837,31,0.0,0.0,0.0,0.0,False,False,False
618,71085.03409085184,232816.7375949931,161731.70350414125,1.4395244256425683,0.5760517799352751,115.02432700785087,653.9795999859357,-617.2965782600811,13182.631749185071,10768.46749553646,0.13182631749185073,10,8,0.8,61.8,12.568213874691981,0.20336915654841395,29,0.02097487915802915,5.392324950232051,114.60733648357103,1.5090095747238779,2012-01-10 13:30:00,2021-05-27 16:45:00,RBB_M,5,50,1.5,1,17,46,27,45,1,0,4,2250,1500,48,282,-6367.538727820327,199493.89345184824,205861.43217966857,0.969068811673947,0.5460992907801419,-22.579924566738747,1295.414892544469,-1608.2924389036607,30619.929700630993,29299.155701349307,0.30619929700630993,5,3,0.6,56.4,17.3735431043872,0.30804154440402837,31,0.0,0.0,0.0,0.0,False,False,False
1168,138202.33933475363,490224.09198631416,352021.7526515605,1.3925960208247403,0.4717465753424658,118.32392066331647,889.698896526886,-570.5376866313785,13964.49528833045,12676.125371841626,0.1396449528833045,10,8,0.8,116.8,22.833309002420126,0.1954906592672956,58,0.043349483292671354,9.896694186308588,118.01920702125459,1.5082150991973242,2012-01-10 10:45:00,2021-06-01 23:00:00,RBB_M,5,10,2.5,1,53,46,-48,37,7,6,-1,1000,6000,0,586,67344.01792890107,458144.94463539985,390800.9267064988,1.172323076345922,0.3054607508532423,114.92153230187895,2559.468964443575,-960.1988371167046,20981.349439595368,18798.09625691164,0.20981349439595368,5,5,1.0,117.2,31.237157361066,0.2665286464254778,71,0.08896113098456705,3.2097086091999154,182.57109019814493,1.1950554428929707,True,True,True
787,134678.87944297097,405289.8524606889,270610.97301771794,1.4976844728101733,0.542566709021601,171.12945291355905,949.1565631397867,-751.6971472714388,29513.823871713525,22740.897804448978,0.29513823871713524,10,10,1.0,78.7,15.414603465545264,0.1958653553436501,37,0.055621193397083636,4.5632473795457305,172.46489934506806,1.5004287460112258,2012-01-10 11:15:00,2021-05-31 19:00:00,RBB_M,5,10,1.5,1,29,46,52,-39,9,18,4,4000,7500,48,340,-122325.18365424099,374093.6082653726,496418.7919196136,0.753584703791694,0.4176470588235294,-359.7799519242382,2634.462030037835,-2507.1656157556245,161169.1365711285,160647.0205788512,1.611691365711285,5,1,0.2,68.0,19.256167843057455,0.283178938868492,41,0.0,0.0,0.0,0.0,False,False,False
618,68041.95692738134,190070.54174789492,122028.58482051363,1.5575903140027492,0.5242718446601942,110.10025392780152,586.6374745305399,-415.06321367521645,12287.888283087472,10439.854529969634,0.12287888283087471,10,6,0.6,61.8,12.568213874691981,0.20336915654841395,29,0.05865498554457284,5.537318972946019,111.60635733996837,1.4960739058213466,2012-01-10 13:30:00,2021-05-27 20:30:00,RBB_M,5,50,1.5,1,17,46,27,45,1,0,4,1000,4000,24,282,-3236.8199786341647,155906.03722625837,159142.8572048925,0.9796609157615739,0.3475177304964539,-11.478085030617605,1590.8779308801875,-864.9068326352854,31190.90805586461,29244.075570972826,0.3119090805586461,5,2,0.4,56.4,17.3735431043872,0.30804154440402837,31,0.0,0.0,0.0,0.0,False,False,False
618,61616.225496280866,228623.039059649,167006.8135633681,1.3689443812596398,0.5841423948220065,99.70263025288166,633.3048173397478,-649.8319593905373,10077.302919757312,8409.343596442974,0.10077302919757312,10,7,0.7,61.8,12.568213874691981,0.20336915654841395,29,0.016083425948572854,6.114356786425226,101.07359148096349,1.4960214259066842,2012-01-10 13:30:00,2021-05-27 15:30:00,RBB_M,5,50,1.5,1,17,46,27,45,1,0,4,2250,1000,0,282,-4388.632849166323,169999.50621288322,174388.13906204957,0.9748341092876459,0.6276595744680851,-15.562527833923129,960.449187643408,-1660.8394196385673,25783.531227645697,25484.09988143624,0.25783531227645695,5,3,0.6,56.4,17.3735431043872,0.30804154440402837,31,0.0,0.0,0.0,0.0,False,False,False
618,76569.5378533364,261548.51713284347,184978.97927950707,1.4139364275420627,0.5647249190938511,123.89892856526926,749.4226851943939,-687.654198065082,15604.889423254994,13837.855670137156,0.15604889423254995,10,8,0.8,61.8,12.568213874691981,0.20336915654841395,29,0.019472495744403035,4.906765807595509,125.94854212185076,1.493965462730154,2012-01-10 13:30:00,2021-05-27 16:45:00,RBB_M,5,50,1.5,1,17,46,27,45,1,0,4,3000,1500,0,282,6955.42934271579,224274.36923219293,217318.93988947716,1.0320056288984896,0.5851063829787234,24.66464305927585,1359.23860140723,-1857.426836662198,20819.335729591476,20142.964642167135,0.20819335729591476,5,3,0.6,56.4,17.3735431043872,0.30804154440402837,31,0.21436491214758424,0.33408507519429254,844.0963722668496,0.2574807439009541,False,False,False
826,87137.76939728876,362516.6632578075,275378.8938605187,1.3164286419184494,0.5447941888619855,105.49366755119705,805.59258501735,-732.390675160954,11370.450360257644,10571.524292993097,0.11370450360257645,10,10,1.0,82.6,15.14727698300919,0.18338107727614034,47,0.022848874991536663,7.66352841237102,107.78325016275939,1.4901874875590841,2012-01-10 11:15:00,2021-05-31 19:00:00,RBB_M,5,10,1.5,1,29,46,52,-39,9,18,4,2250,2000,48,429,-64788.2895767567,370958.38420407544,435746.67378083215,0.8513166170274812,0.4731934731934732,-151.0216540250739,1827.3812029757412,-1928.0826273488149,78901.90001226329,77558.58831392019,0.7890190001226328,5,1,0.2,85.8,24.71760506197961,0.2880839750813475,53,0.0,0.0,0.0,0.0,False,False,False
1104,141768.5358426288,512022.86652498366,370254.33068235486,1.3828950105225197,0.5018115942028986,128.41352884296086,924.229000947624,-673.1896921497361,16980.768689510092,15165.002270126322,0.16980768689510092,10,8,0.8,110.4,21.077001684300356,0.19091487032880755,52,0.05283965130538866,8.348770213812914,132.23504441090603,1.4843470794294644,2012-01-10 10:45:00,2021-06-01 23:00:00,RBB_M,5,10,2.5,1,53,46,-48,37,7,6,-1,1750,7500,0,528,73560.3251147908,545205.8577570985,471645.53264230775,1.1559652748170486,0.4015151515151515,139.31879756589166,2571.725744137257,-1492.5491539313537,34861.667017302985,31199.467209614115,0.34861667017302983,5,5,1.0,105.6,27.368595141146724,0.25917230247298034,67,0.10183478646009657,2.110063327673929,250.22945665903376,1.1239293100074226,True,False,False
618,67355.60690004747,189384.19172056107,122028.58482051363,1.55196581193757,0.5242718446601942,108.98965517807034,584.5191102486452,-415.06321367521645,12287.888283087479,10439.854529969642,0.1228788828308748,10,7,0.7,61.8,12.568213874691981,0.20336915654841395,29,0.07409925067420753,5.481463156916297,112.74362014460166,1.480982770696443,2012-01-10 13:30:00,2021-05-27 20:30:00,RBB_M,5,50,1.5,1,17,46,27,45,1,0,4,1000,5000,24,282,-3269.499986001654,156882.35721889086,160151.8572048925,0.9795850011166667,0.34397163120567376,-11.59397158156615,1617.343888854545,-865.6857146210406,27670.47958560675,25811.19641375511,0.2767047958560675,5,2,0.4,56.4,17.3735431043872,0.30804154440402837,31,0.0,0.0,0.0,0.0,False,False,False
618,68392.3002788239,193151.85325246197,124759.55297363807,1.5481928930386222,0.5339805825242718,110.66715255473122,585.3086462195818,-433.19289226957665,12684.120395902151,10743.92238913571,0.12684120395902151,10,6,0.6,61.8,12.568213874691981,0.20336915654841395,29,0.08759758007225524,5.391962402132302,114.61504252247866,1.4801029104804284,2012-01-10 13:30:00,2021-05-27 20:30:00,RBB_M,5,50,1.5,1,17,46,27,45,1,0,4,1250,6000,24,282,668.6417918066873,181182.7472400266,180514.1054482199,1.0037040971958753,0.37943262411347517,2.371070183711657,1693.2967031778187,-1031.509173989828,28979.605797387427,26839.233475813977,0.28979605797387425,5,2,0.4,56.4,17.3735431043872,0.30804154440402837,31,8.959954453059485,0.02307283944721452,12222.162800775028,0.020979808860512674,False,False,False
618,52024.29279775063,155724.16290104837,103699.87010329774,1.5016813689923438,0.3122977346278317,84.1817035562308,806.8609476738258,-243.99969436070057,7359.329419092181,6392.2518500820515,0.07359329419092181,10,8,0.8,61.8,12.568213874691981,0.20336915654841395,29,0.21664349233424682,7.069162125394865,87.42195878913728,1.478093622611706,2012-01-10 13:30:00,2021-05-27 23:00:00,RBB_M,5,50,1.5,1,17,46,27,45,1,0,4,250,0,0,282,21692.457837208014,87085.96332484078,65393.50548763276,1.3317218992230122,0.08865248226950355,76.92360935180147,3483.4385329936313,-254.44943769506912,19691.067926510725,14262.69600051712,0.19691067926510725,5,2,0.4,56.4,17.3735431043872,0.30804154440402837,31,0.6297581410519121,1.1016394803048113,255.98211124566245,0.8257115759852097,True,False,False
618,68447.04365416823,202243.86782745388,133796.82417328565,1.5115745016901128,0.5372168284789643,110.75573406823338,609.1682765887165,-467.82106354295684,12800.123686527179,11225.922389135725,0.1280012368652718,10,6,0.6,61.8,12.568213874691981,0.20336915654841395,29,0.05830785066722103,5.347373613757533,115.5707539136655,1.4745601449229446,2012-01-10 13:30:00,2021-05-27 20:30:00,RBB_M,5,50,1.5,1,17,46,27,45,1,0,4,1750,4000,24,282,-13810.80329707126,186496.81677396945,200307.62007104073,0.9310520324080873,0.4219858156028369,-48.97447977684844,1567.2001409577265,-1228.881104730311,31099.81472984443,28403.61834062037,0.3109981472984443,5,2,0.4,56.4,17.3735431043872,0.30804154440402837,31,0.0,0.0,0.0,0.0,False,False,False
792,117164.69020160392,405555.78848041804,288391.0982788141,1.4062701342061885,0.5340909090909091,147.93521490101506,958.7607292681278,-781.5476918125044,23055.687077768933,19862.636538734514,0.23055687077768933,10,10,1.0,79.2,15.045265035884213,0.18996546762480068,39,0.03406316351054855,5.081812995049627,155.8498907322082,1.4675262795943882,2012-01-10 11:15:00,2021-05-31 19:00:00,RBB_M,5,10,1.5,1,29,46,52,-39,9,18,4,5000,4000,0,355,-75135.92003800943,425649.27736352023,500785.19740152964,0.8499637760303738,0.4591549295774648,-211.65047898030824,2611.345259898897,-2608.2562364663004,121731.88621530947,117920.3341916611,1.2173188621530946,5,1,0.2,71.0,20.571825392998065,0.28974401961969104,42,0.0,0.0,0.0,0.0,False,False,False
1117,140439.92810508393,503070.98165770277,362631.05355261883,1.3872804789585007,0.4977618621307073,125.72956858109573,904.8039238447891,-646.4011649779302,16680.62156148415,14444.02310363036,0.1668062156148415,10,8,0.8,111.7,20.547749268472206,0.18395478306600005,56,0.035538326367309823,8.419346220848402,132.67063388295273,1.4663399443055867,2012-01-10 10:45:00,2021-06-01 23:00:00,RBB_M,5,10,2.5,1,53,46,-48,37,7,6,-1,1500,5000,0,556,30342.57870005758,503393.9953412587,473051.4166412011,1.0641422425399303,0.3669064748201439,54.57298327348486,2467.617624221856,-1343.8960700034122,27672.111347784114,26437.437184833077,0.2767211134778411,5,4,0.8,111.2,29.130053209700804,0.2619609101591799,70,0.16448832676144723,1.0965039247895085,507.06612847439925,0.4941512540750024,False,False,False
618,58097.591654193995,223332.95849988316,165235.36684568916,1.3516050635119203,0.48220064724919093,94.00904798413268,749.4394580532992,-516.3605213927787,9391.390658451703,7682.269133638918,0.09391390658451702,10,7,0.7,61.8,12.568213874691981,0.20336915654841395,29,0.03426992312952911,6.186260775118492,99.8987954865454,1.461194591693025,2012-01-10 13:30:00,2021-05-27 23:00:00,RBB_M,5,50,1.5,1,17,46,27,45,1,0,4,750,2000,0,282,16892.384001912098,156000.4351049186,139108.05110300652,1.1214335465702387,0.3262411347517731,59.90207092876631,1695.6569033143328,-732.1476373842448,18092.669397603415,16390.794235172827,0.18092669397603414,5,3,0.6,56.4,17.3735431043872,0.30804154440402837,31,0.11786376628512783,0.9336590212691164,302.0374607602241,0.6708012573042196,True,False,False
618,66901.86509957309,225090.06919529167,158188.20409571857,1.4229257515250078,0.5663430420711975,108.25544514494027,643.114483415119,-590.2544928944723,12456.880880010678,10090.865783850437,0.12456880880010678,10,8,0.8,61.8,12.568213874691981,0.20336915654841395,29,0.022286374195710043,5.370675512112285,115.0693238878885,1.4609940562274557,2012-01-10 13:30:00,2021-05-27 16:45:00,RBB_M,5,50,1.5,1,17,46,27,45,1,0,4,1500,1500,48,282,-23527.443214985986,173210.72668934395,196738.16990432993,0.8804124119563228,0.475177304964539,-83.43064969853187,1292.617363353313,-1329.31195881304,40183.173274527566,38797.97678562852,0.40183173274527567,5,2,0.4,56.4,17.3735431043872,0.30804154440402837,31,0.0,0.0,0.0,0.0,False,False,False
618,71699.39294255327,234307.7375949931,162608.34465243982,1.440933047414043,0.5776699029126213,116.01843518212503,656.3241949439582,-623.0204775955549,14432.631749185071,12268.46749553646,0.1443263174918507,10,8,0.8,61.8,12.568213874691981,0.20336915654841395,29,0.020795155144404272,4.967866858142607,124.39946915788697,1.4546469238407105,2012-01-10 13:30:00,2021-05-27 16:45:00,RBB_M,5,50,1.5,1,17,46,27,45,1,0,4,2500,1500,48,282,-9100.250764158598,202517.79640380442,211618.047167963,0.9569968115387831,0.5567375886524822,-32.27039278070425,1289.922270087926,-1692.944377343704,30287.335057291886,29216.5610580102,0.30287335057291886,5,3,0.6,56.4,17.3735431043872,0.30804154440402837,31,0.0,0.0,0.0,0.0,False,False,False
618,54872.734693365666,208799.31666268516,153926.5819693195,1.3564864105428058,0.5485436893203883,88.79083283716128,615.9271877955315,-551.7081791015036,8457.24615110323,7760.0,0.0845724615110323,10,8,0.8,61.8,12.568213874691981,0.20336915654841395,29,0.018059971050063517,6.488250869487538,95.2490913855203,1.4543100279126284,2012-01-10 13:30:00,2021-05-27 15:30:00,RBB_M,5,50,1.5,1,17,46,27,45,1,0,4,1000,1000,0,282,-1809.4511964467238,132831.98901538807,134641.4402118348,0.9865609637448925,0.4929078014184397,-6.416493604421007,955.6258202545904,-941.5485329498937,20237.176565658126,19371.829161574467,0.20237176565658127,5,3,0.6,56.4,17.3735431043872,0.30804154440402837,31,0.0,0.0,0.0,0.0,False,False,False
835,84850.05379383608,357687.4114048055,272837.3576109694,1.3109913339463624,0.5209580838323353,101.61683089082165,822.2699112754149,-682.0933940274235,11087.405235979859,9460.541008478023,0.1108740523597986,10,9,0.9,83.5,14.994999166388773,0.17958082833998532,50,0.023464923249637774,7.652832379436106,109.10992931763737,1.4536305467448418,2012-01-10 11:15:00,2021-05-31 19:00:00,RBB_M,5,10,1.5,1,29,46,52,-39,9,18,4,1500,2000,0,455,-35743.42211286181,344627.6806234487,380371.1027363105,0.9060301325318062,0.41098901098901097,-78.55697167661936,1842.9287733874262,-1419.2951594638453,48162.44888158215,47058.11830752288,0.48162448881582154,5,1,0.2,91.0,26.015380066414558,0.285883297433127,56,0.0,0.0,0.0,0.0,False,False,False
1105,138871.1164692585,510884.44715161336,372013.33068235486,1.3732960757469044,0.5013574660633484,125.67521852421584,922.1740923314321,-675.1603097683392,17258.710885359033,15165.002270126322,0.17258710885359033,10,8,0.8,110.5,20.800240383226342,0.18823746953146012,53,0.04536706386913441,8.046436225260956,137.32787647417953,1.440949719903341,2012-01-10 10:45:00,2021-06-01 23:00:00,RBB_M,5,10,2.5,1,53,46,-48,37,7,6,-1,1750,6000,0,529,62322.25023568297,532208.7828779907,469886.53264230775,1.1326325525552456,0.4045368620037807,117.81143711849333,2486.956929336405,-1491.7032782295485,28469.746241632194,26897.546433943324,0.28469746241632193,5,5,1.0,105.8,27.08800472533922,0.2560302904096335,68,0.09612939162729105,2.1890693969216772,241.65519866290796,1.0517172818693497,True,True,True
618,65355.60690004747,187384.19172056107,122028.58482051363,1.5355762094281111,0.5242718446601942,105.75340922337777,578.3462707424724,-415.06321367521645,12287.888283087479,10439.854529969642,0.1228788828308748,10,6,0.6,61.8,12.568213874691981,0.20336915654841395,29,0.06871636900057214,5.318701260492424,116.19377922022704,1.4370077301955337,2012-01-10 13:30:00,2021-05-27 20:30:00,RBB_M,5,50,1.5,1,17,46,27,45,1,0,4,1000,4500,24,282,-1282.2750025367059,158869.58220235578,160151.8572048925,0.991993380377124,0.34397163120567376,-4.547074477080518,1637.8307443541833,-865.6857146210406,28989.023306869756,27042.190821977973,0.28989023306869754,5,2,0.4,56.4,17.3735431043872,0.30804154440402837,31,0.0,0.0,0.0,0.0,False,False,False
618,58240.91835584192,191341.51992057744,133100.60156473552,1.4375706621244349,0.45792880258899676,94.24096821333643,676.1184449490369,-397.3152285514493,9787.142481572264,7635.0,0.09787142481572264,10,6,0.6,61.8,12.568213874691981,0.20336915654841395,29,0.051355646243857425,5.950758197860194,103.852312504014,1.4348785341432824,2012-01-10 13:30:00,2021-05-27 23:00:00,RBB_M,5,50,1.5,1,17,46,27,45,1,0,4,500,3000,48,282,11621.919505432881,121515.91473939715,109893.99523396428,1.1057557283333799,0.2127659574468085,41.212480515719434,2025.265245656619,-495.0179965493886,16625.287397921893,15679.9331576037,0.16625287397921892,5,4,0.8,56.4,17.3735431043872,0.30804154440402837,31,0.2573585197007948,0.6990507428392235,403.4041918826169,0.48144594001627206,False,False,False
618,50365.88257238253,154065.75267568027,103699.87010329774,1.4856889649158862,0.3122977346278317,81.49819186469665,798.2681485786543,-243.99969436070057,7359.329419092181,6392.2518500820515,0.07359329419092181,10,8,0.8,61.8,12.568213874691981,0.20336915654841395,29,0.19836840912380704,6.843814117318786,90.30052386082558,1.4309755274687264,2012-01-10 13:30:00,2021-05-27 23:00:00,RBB_M,5,50,1.5,1,17,46,27,45,1,0,4,250,10000,0,282,17764.602603707455,83158.10809134021,65393.50548763276,1.2716569859841371,0.08865248226950355,62.99504469399807,3326.3243236536086,-254.44943769506912,19691.067926510725,14262.69600051712,0.19691067926510725,5,2,0.4,56.4,17.3735431043872,0.30804154440402837,31,0.5624105544536576,0.9021655234752602,312.58122003343567,0.6761999088687031,True,False,False
817,99535.5758992125,388183.6520430277,288648.0761438151,1.3448336716078448,0.5446756425948592,121.83057025607405,872.3228135798375,-775.9356885586428,16461.148281127098,14303.902120302911,0.16461148281127097,10,10,1.0,81.7,14.946906034360422,0.1829486662712414,45,0.039543040092586614,6.046696998248368,135.11508849156357,1.4303080014466119,2012-01-10 11:15:00,2021-05-31 19:00:00,RBB_M,5,10,1.5,1,29,46,52,-39,9,18,4,3000,2500,48,406,-57865.002606694565,410715.1287852931,468580.13139198767,0.8765099099810358,0.4802955665024631,-142.52463696230188,2106.2314296681698,-2220.7589165497047,89274.23690850241,86658.81480656445,0.8927423690850241,5,1,0.2,81.2,24.94313532818198,0.30718146955889136,49,0.0,0.0,0.0,0.0,False,False,False
618,73779.59691278463,211314.1095627225,137534.51264993788,1.536444238549588,0.5436893203883495,119.38446102392335,628.9110403652455,-487.71103776573716,15810.923159536484,12954.755615262868,0.15810923159536483,10,6,0.6,61.8,12.568213874691981,0.20336915654841395,29,0.05409354573619843,4.666368697661015,132.43702759916255,1.4301202091562712,2012-01-10 13:30:00,2021-05-27 20:30:00,RBB_M,5,50,1.5,1,17,46,27,45,1,0,4,4000,4000,24,282,-21770.8367932935,210879.60118662636,232650.43797991984,0.9064225411208015,0.4645390070921986,-77.20154891238829,1609.7679479895141,-1540.7313773504625,40547.9877777893,38045.331225246904,0.40547987777789296,5,1,0.2,56.4,17.3735431043872,0.30804154440402837,31,0.0,0.0,0.0,0.0,False,False,False
618,81153.2663267487,264289.62803240016,183136.36170565145,1.4431302750088673,0.5663430420711975,131.31596493001408,755.1132229497148,-683.3446332300427,19132.004547619115,16979.862066046844,0.19132004547619116,10,7,0.7,61.8,12.568213874691981,0.20336915654841395,29,0.0306950060391956,4.241754497013635,145.6944291413133,1.430015175374506,2012-01-10 13:30:00,2021-05-27 23:00:00,RBB_M,5,50,1.5,1,17,46,27,45,1,0,4,5000,2500,48,282,-24167.685352752276,261987.72921548225,286155.41456823447,0.9155434979651962,0.5106382978723404,-85.70101188919247,1819.3592306630712,-2073.58996063938,46737.85846681159,44841.000795001084,0.4673785846681159,5,2,0.4,56.4,17.3735431043872,0.30804154440402837,31,0.0,0.0,0.0,0.0,False,False,False
618,54427.26838413761,214304.36369078784,159877.09530665024,1.340431931664408,0.49514563106796117,88.07001356656572,700.3410578130322,-512.4265875213149,8605.678584409128,7440.0,0.08605678584409128,10,7,0.7,61.8,12.568213874691981,0.20336915654841395,29,0.027394356620596815,6.324576016903916,97.71405993828672,1.4300092844739318,2012-01-10 13:30:00,2021-05-27 16:45:00,RBB_M,5,50,1.5,1,17,46,27,45,1,0,4,750,1500,0,282,-7470.538438029296,128601.51266497721,136072.05110300652,0.9450986563554178,0.3404255319148936,-26.491271056841477,1339.5990902601793,-731.5701672204652,27101.243222340025,26137.289433181984,0.27101243222340027,5,2,0.4,56.4,17.3735431043872,0.30804154440402837,31,0.0,0.0,0.0,0.0,False,False,False
618,77861.90389524415,250502.61337091867,172640.70947567452,1.4510054675500224,0.5679611650485437,125.99013575282224,713.6826591764064,-646.5944175118896,17616.55109838814,16482.408616815883,0.1761655109838814,10,8,0.8,61.8,12.568213874691981,0.20336915654841395,29,0.025570913378623553,4.419815403161875,139.82484416835402,1.4298137019746604,2012-01-10 13:30:00,2021-05-27 23:00:00,RBB_M,5,50,1.5,1,17,46,27,45,1,0,4,3000,2000,48,282,8230.323001598947,246449.89578387226,238219.57278227332,1.034549314758117,0.5390070921985816,29.185542558861513,1621.3808933149492,-1832.4582521713332,20790.42244620852,19462.544529584724,0.20790422446208517,5,3,0.6,56.4,17.3735431043872,0.30804154440402837,31,0.2419103113709144,0.39587088828490274,712.3534676211112,0.30488739450388,False,False,False
1136,135180.2211251937,496324.3240037317,361144.102878538,1.3743110299952987,0.4876760563380282,118.99667352569868,895.8922815951836,-620.522513537007,15720.578789607302,14833.350921458448,0.157205787896073,10,8,0.8,113.6,21.689628858051027,0.19092983149692805,57,0.036921081785905,8.598934106329459,132.10939704303806,1.4295650106197166,2012-01-10 10:45:00,2021-06-01 23:00:00,RBB_M,5,10,2.5,1,53,46,-48,37,7,6,-1,1250,5000,0,573,60463.94678958987,498093.8382552222,437629.89146563236,1.138162287285941,0.3472949389179756,105.5217221458811,2502.9841118352874,-1170.1333996407282,21850.244648681502,19335.343005558083,0.21850244648681502,5,4,0.8,114.6,30.825963083089555,0.26898746145802405,70,0.0825450580883897,2.767197702440298,207.06868883805834,1.0752688708189648,True,True,True
618,65918.4253964482,190677.9783700863,124759.55297363807,1.528363751113928,0.5339805825242718,106.6641187644793,577.8120556669281,-433.19289226957665,12684.120395902159,10743.922389135718,0.1268412039590216,10,6,0.6,61.8,12.568213874691981,0.20336915654841395,29,0.045374263447760695,5.196925237144893,118.9164692196956,1.4265648747857518,2012-01-10 13:30:00,2021-05-27 20:30:00,RBB_M,5,50,1.5,1,17,46,27,45,1,0,4,1250,3000,24,282,5950.545246157555,181818.67752840562,175868.1322822481,1.0338352671910316,0.3971631205673759,21.10122427715445,1623.3810493607646,-1034.5184251896947,25904.723587452187,24655.03539297392,0.2590472358745219,5,3,0.6,56.4,17.3735431043872,0.30804154440402837,31,0.5026430144248341,0.22970888788174135,1227.640787435178,0.19747927623382242,False,False,False
618,70965.96011415882,207323.1095627225,136357.1494485637,1.520441798623316,0.5420711974110033,114.8316506701599,618.8749539185746,-481.8273832104724,14852.028188255688,11995.860643982072,0.1485202818825569,10,6,0.6,61.8,12.568213874691981,0.20336915654841395,29,0.05623823018218749,4.77819993435479,129.33740916880444,1.4192930626222615,2012-01-10 13:30:00,2021-05-27 20:30:00,RBB_M,5,50,1.5,1,17,46,27,45,1,0,4,2500,4000,24,282,-18341.33840129748,199364.29724151417,217705.63564281166,0.9157516600471014,0.44680851063829785,-65.04020709679956,1582.2563273136045,-1395.5489464282798,36226.38079705487,33530.18440783081,0.36226380797054875,5,0,0.0,56.4,17.3735431043872,0.30804154440402837,31,0.0,0.0,0.0,0.0,False,False,False
618,49026.49278785651,178004.8228135531,128978.33002569657,1.3801141849029126,0.47249190938511326,79.3308944787322,609.6055575806613,-395.6390491585785,7111.314521642511,6725.0,0.0711131452164251,10,6,0.6,61.8,12.568213874691981,0.20336915654841395,29,0.030412128529196145,6.894153343752371,89.64117407687847,1.4170029754363729,2012-01-10 13:30:00,2021-05-27 16:45:00,RBB_M,5,50,1.5,1,17,46,27,45,1,0,4,500,1500,48,282,-441.5762452889321,101817.41898867534,102258.99523396428,0.9956817858000793,0.26595744680851063,-1.5658732102444402,1357.5655865156712,-494.00480789354725,19469.560014019036,18733.72831362317,0.19469560014019036,5,2,0.4,56.4,17.3735431043872,0.30804154440402837,31,0.0,0.0,0.0,0.0,False,False,False
618,74449.03292643515,211983.54557637303,137534.51264993788,1.541311642379741,0.5436893203883495,120.46769081947434,630.9034094534911,-487.71103776573716,16449.755615262868,12954.755615262868,0.16449755615262868,10,6,0.6,61.8,12.568213874691981,0.20336915654841395,29,0.06703915153514117,4.52584431451114,136.54910709555713,1.414797276754847,2012-01-10 13:30:00,2021-05-27 20:30:00,RBB_M,5,50,1.5,1,17,46,27,45,1,0,4,4000,5000,24,282,-21290.597361370208,212715.48861283367,234006.08597420386,0.9090169075187334,0.46099290780141844,-75.49857220344046,1636.2729893294897,-1539.5137235144991,39857.72901099604,37161.53262177198,0.3985772901099604,5,1,0.2,56.4,17.3735431043872,0.30804154440402837,31,0.0,0.0,0.0,0.0,False,False,False
618,66760.69362683434,200557.51780012003,133796.82417328565,1.4989706896209278,0.5372168284789643,108.0270123411559,604.0889090365062,-467.82106354295684,13269.235817495253,11225.922389135725,0.13269235817495253,10,6,0.6,61.8,12.568213874691981,0.20336915654841395,29,0.06727012192388084,5.031238764994405,122.83257242725733,1.4125790588731773,2012-01-10 13:30:00,2021-05-27 20:30:00,RBB_M,5,50,1.5,1,17,46,27,45,1,0,4,1750,4500,24,282,-14054.492009930917,188012.1280611098,202066.62007104073,0.9304462458718329,0.41843971631205673,-49.838624148691196,1593.3231191619475,-1232.1135370185411,32843.50344270409,30866.85399304724,0.32843503442704086,5,2,0.4,56.4,17.3735431043872,0.30804154440402837,31,0.0,0.0,0.0,0.0,False,False,False
618,72593.24688545076,210127.75953538864,137534.51264993788,1.527818403444814,0.5436893203883495,117.46480078551903,625.3802367124662,-487.71103776573716,15810.923159536484,12954.755615262868,0.15810923159536483,10,6,0.6,61.8,12.568213874691981,0.20336915654841395,29,0.061865258721470584,4.591335126542916,134.60137040036287,1.4071243780563962,2012-01-10 13:30:00,2021-05-27 20:30:00,RBB_M,5,50,1.5,1,17,46,27,45,1,0,4,4000,4500,24,282,-20111.17350043715,213894.91247376672,234006.08597420386,0.9140570493424939,0.46099290780141844,-71.31621808665656,1645.3454805674362,-1539.5137235144991,40210.437970356754,37514.241581132694,0.40210437970356755,5,1,0.2,56.4,17.3735431043872,0.30804154440402837,31,0.0,0.0,0.0,0.0,False,False,False
618,67700.43358515063,203378.53014365895,135678.09655850832,1.4989783561413412,0.5388349514563107,109.54762716043791,610.7463367677447,-476.0634966965204,13790.874555701579,12751.677411475917,0.1379087455570158,10,6,0.6,61.8,12.568213874691981,0.20336915654841395,29,0.05895087798780927,4.909074715436459,125.8893041608666,1.4051103269436773,2012-01-10 13:30:00,2021-05-27 20:30:00,RBB_M,5,50,1.5,1,17,46,27,45,1,0,4,2000,4000,24,282,-9448.709634562918,196683.72311662967,206132.4327511926,0.9541619457527687,0.43617021276595747,-33.506062533911056,1599.054659484794,-1296.4303946615887,30586.94401861372,27547.980778621866,0.3058694401861372,5,3,0.6,56.4,17.3735431043872,0.30804154440402837,31,0.0,0.0,0.0,0.0,False,False,False
860,112378.06978416326,372916.5549109759,260538.48512681268,1.4313300191695868,0.49534883720930234,130.6721741676317,875.390973969427,-600.3190901539463,19802.420452487975,17878.507846212393,0.19802420452487976,10,9,0.9,86.0,17.274258305351346,0.2008634686668761,52,0.035024086781173074,5.674966353420906,151.5427487039789,1.3987088831512762,2012-01-10 11:15:00,2021-05-31 19:00:00,RBB_M,5,10,1.5,1,29,46,52,-39,9,18,4,1000,3000,48,455,-48359.353863012875,282452.1310563553,330811.4849193682,0.8538159765680446,0.26153846153846155,-106.2842942044239,2373.547319801305,-984.5579908314529,58622.99640901969,57388.69783289112,0.5862299640901969,5,1,0.2,91.0,28.24889378365107,0.31042740421594583,53,0.0,0.0,0.0,0.0,False,False,False
826,83341.67941221515,366214.16730269836,282872.48789048323,1.294626317439827,0.5314769975786925,100.89791696394086,834.2008366804063,-730.9366612157189,11881.287660232534,11118.789839290286,0.11881287660232534,10,10,1.0,82.6,15.14727698300919,0.18338107727614034,47,0.02388960738542767,7.0145325822861215,117.75552972494663,1.3942922056725255,2012-01-10 11:15:00,2021-05-31 19:00:00,RBB_M,5,10,1.5,1,29,46,52,-39,9,18,4,2000,2000,0,439,-78814.55944912732,359919.20652774844,438733.76597687573,0.8203590296414948,0.44419134396355353,-179.5320260800167,1845.7395206551203,-1798.0892048232613,87953.76584954181,86819.79066823769,0.8795376584954181,5,0,0.0,87.8,25.902895591033833,0.29502158987510063,53,0.0,0.0,0.0,0.0,False,False,False
820,90498.10573411442,381482.37178566214,290984.2660515477,1.3110068697600397,0.525609756097561,110.36354357818831,885.109911335643,-748.0315322661895,14220.220036506129,12945.999676080151,0.1422022003650613,10,10,1.0,82.0,15.355780670483673,0.18726561793272772,45,0.043491951975051735,6.364043981161178,128.84888954686065,1.3940419178295647,2012-01-10 11:15:00,2021-05-31 19:00:00,RBB_M,5,10,1.5,1,29,46,52,-39,9,18,4,2250,2500,0,412,-45739.99830566082,393279.5622283797,439019.56053404056,0.8958133021453055,0.4441747572815534,-111.01941336325442,2149.06864605672,-1917.115984864806,62415.91981066957,59912.29314196264,0.6241591981066957,5,1,0.2,82.4,25.33456137374397,0.30745826909883456,49,0.0,0.0,0.0,0.0,False,False,False
618,71337.94270481035,211314.1095627225,139976.16685791218,1.5096434936472038,0.5436893203883495,115.43356424726595,628.9110403652455,-496.3693860209652,15571.688098945233,12715.520554671617,0.15571688098945233,10,6,0.6,61.8,12.568213874691981,0.20336915654841395,29,0.05594498311388625,4.581259414619441,134.89740354538216,1.3933737103130308,2012-01-10 13:30:00,2021-05-27 20:30:00,RBB_M,5,50,1.5,1,17,46,27,45,1,0,4,5000,4000,24,282,-32842.67311389828,210879.60118662636,243722.27430052462,0.8652455004034584,0.4645390070921986,-116.46337983651873,1609.7679479895141,-1614.054796692216,51811.28451423782,49117.167545851684,0.5181128451423782,5,1,0.2,56.4,17.3735431043872,0.30804154440402837,31,0.0,0.0,0.0,0.0,False,False,False
618,56553.20543939348,205959.0716297028,149405.86619030932,1.3785206490309925,0.4190938511326861,91.51004116406712,795.2087707710533,-416.17232922091733,9787.142481572264,7635.0,0.09787142481572264,10,6,0.6,61.8,12.568213874691981,0.20336915654841395,29,0.052888248805019064,5.778316351874388,106.95156899804064,1.3932984371260568,2012-01-10 13:30:00,2021-05-27 23:00:00,RBB_M,5,50,1.5,1,17,46,27,45,1,0,4,500,3000,0,282,17361.20442622053,128273.19966018481,110911.99523396428,1.1565313507308004,0.20567375886524822,61.56455470290968,2211.6068906928417,-495.14283586591193,14336.001436780774,12785.445292698554,0.14336001436780774,5,4,0.8,56.4,17.3735431043872,0.30804154440402837,31,0.17228067399993915,1.2110213927349522,232.8612869200729,0.7744976053445913,True,False,False
618,59197.00942308095,198006.99055847165,138809.9811353907,1.4264607554794069,0.5792880258899676,95.78804113767144,553.0921523979655,-533.8845428284258,10727.198625761295,8956.165702339778,0.10727198625761296,10,9,0.9,61.8,12.568213874691981,0.20336915654841395,29,0.01674071054700288,5.518403405052996,111.98891321249195,1.3930653358306304,2012-01-10 13:30:00,2021-05-27 15:30:00,RBB_M,5,50,1.5,1,17,46,27,45,1,0,4,1250,1000,48,282,-15083.650658643935,139171.47531410248,154255.1259727464,0.9022162112051376,0.524822695035461,-53.48812290299268,940.3478061763682,-1151.1576565130329,31206.0499048622,30340.70250077854,0.312060499048622,5,3,0.6,56.4,17.3735431043872,0.30804154440402837,31,0.0,0.0,0.0,0.0,False,False,False
618,73121.59368196444,264530.5171328435,191408.92345087905,1.382017684252477,0.5679611650485437,118.31973087696511,753.6481969596681,-716.8873537486107,16372.666024702019,12827.44772166064,0.16372666024702018,10,9,0.9,61.8,12.568213874691981,0.20336915654841395,29,0.020390693431614274,4.466077398246767,138.37646437623454,1.3928387037993264,2012-01-10 13:30:00,2021-05-27 16:45:00,RBB_M,5,50,1.5,1,17,46,27,45,1,0,4,5000,1500,0,282,4883.394152530047,237693.36923219293,232809.97507966287,1.020975880225317,0.6170212765957447,17.317000540886692,1366.0538461620283,-2155.6479174042856,35831.70199572113,34533.30493083046,0.3583170199572113,5,3,0.6,56.4,17.3735431043872,0.30804154440402837,31,0.3053204294860215,0.13628697160724326,2069.163300602774,0.13779780713578943,False,False,False
809,96325.69543544986,389028.45858102106,292702.7631455712,1.3290904889324318,0.5265760197775031,119.06760869647695,913.2123440869038,-764.236979492353,16628.497262952726,16044.726877249886,0.16628497262952727,10,10,1.0,80.9,15.042938542718309,0.18594485219676524,43,0.04086074074657291,5.792808208235245,139.65592695610036,1.3908185823943953,2012-01-10 11:15:00,2021-05-31 19:00:00,RBB_M,5,10,1.5,1,29,46,52,-39,9,18,4,2500,3000,0,394,-78279.88331165069,383546.7900098066,461826.67332145723,0.830499432289907,0.43147208121827413,-198.67990688236216,2256.1575882929797,-2061.7262201850767,91342.29913239798,89068.81146374537,0.9134229913239797,5,1,0.2,78.8,23.768887226792927,0.301635624705494,47,0.0,0.0,0.0,0.0,False,False,False
618,77621.05051077536,283479.3078723053,205858.25736152992,1.3770606606003502,0.5550161812297735,125.60040535724167,826.4702853419979,-748.5754813146542,18542.570204184725,14989.994995809495,0.18542570204184725,10,7,0.7,61.8,12.568213874691981,0.20336915654841395,29,0.02565025836288584,4.186099858651617,147.63145191645376,1.389342847804951,2012-01-10 13:30:00,2021-05-27 23:00:00,RBB_M,5,50,1.5,1,17,46,27,45,1,0,4,5000,2000,0,282,17764.39263262025,277650.89437629643,259886.50174367614,1.0683544259260573,0.574468085106383,62.99430011567464,1713.8944097302249,-2165.7208478639677,32936.96751865802,29543.291922822005,0.3293696751865802,5,3,0.6,56.4,17.3735431043872,0.30804154440402837,31,0.1120781352436437,0.5393451179911185,522.8563133200433,0.5228327744513337,True,False,False
1168,127098.30365266587,479120.0563042264,352021.7526515605,1.3610524142196143,0.4717465753424658,108.8170407985153,869.5463816773619,-570.5376866313785,13964.495288330458,12676.125371841626,0.13964495288330459,10,8,0.8,116.8,22.833309002420126,0.1954906592672956,58,0.03926881678640968,9.101532209250454,128.33004082684988,1.3870357157052298,2012-01-10 10:45:00,2021-06-01 23:00:00,RBB_M,5,10,2.5,1,53,46,-48,37,7,6,-1,1000,5000,0,587,66119.39659564843,453893.32330214727,387773.9267064988,1.1705101659547457,0.31175468483816016,112.63951719871964,2480.291384164739,-959.8364522438088,20981.349439595368,18798.09625691164,0.20981349439595368,5,4,0.8,117.4,31.42355804169859,0.2676623342563764,71,0.07548465740730122,3.1513414704809173,186.2698807788734,1.1713250373269295,True,True,True
618,69279.61008682495,205636.75953538864,136357.1494485637,1.508074643441842,0.5420711974110033,112.10292894308245,613.8410732399661,-481.8273832104724,14852.028188255703,11995.860643982087,0.14852028188255703,10,6,0.6,61.8,12.568213874691981,0.20336915654841395,29,0.0648242678382808,4.664656517525873,132.4856391200667,1.3855666832271585,2012-01-10 13:30:00,2021-05-27 20:30:00,RBB_M,5,50,1.5,1,17,46,27,45,1,0,4,2500,4500,24,282,-18835.027114157136,201379.60852865453,220214.63564281166,0.9144696851815628,0.4432624113475177,-66.79087629133736,1611.0368682292362,-1402.6409913554883,38220.06950991453,35523.87312069047,0.3822006950991453,5,0,0.0,56.4,17.3735431043872,0.30804154440402837,31,0.0,0.0,0.0,0.0,False,False,False
618,70635.39612780933,206992.54557637303,136357.1494485637,1.5180175474000668,0.5420711974110033,114.29675748836462,617.8881957503672,-481.8273832104724,15490.860643982072,11995.860643982072,0.1549086064398207,10,6,0.6,61.8,12.568213874691981,0.20336915654841395,29,0.07065862547113302,4.559810958937904,135.53193445193787,1.383246216901004,2012-01-10 13:30:00,2021-05-27 20:30:00,RBB_M,5,50,1.5,1,17,46,27,45,1,0,4,2500,5000,24,282,-19822.252097622084,200392.38354518954,220214.63564281166,0.9099866725943964,0.4432624113475177,-70.29167410504284,1603.1390683615164,-1402.6409913554883,37675.161673085706,34978.965283861646,0.37675161673085705,5,0,0.0,56.4,17.3735431043872,0.30804154440402837,31,0.0,0.0,0.0,0.0,False,False,False
618,68116.47966781873,201913.3038411044,133796.82417328565,1.5091038601902715,0.5372168284789643,110.22084088643807,608.1726019310374,-467.82106354295684,14413.449776510868,11422.103368885597,0.14413449776510867,10,6,0.6,61.8,12.568213874691981,0.20336915654841395,29,0.07327154932755534,4.7258970422768565,130.76882430393746,1.382875572123756,2012-01-10 13:30:00,2021-05-27 20:30:00,RBB_M,5,50,1.5,1,17,46,27,45,1,0,4,1750,5000,24,282,-15541.716993395865,186524.90307764488,202066.62007104073,0.9230861733227792,0.41843971631205673,-55.11247160778675,1580.71951760716,-1232.1135370185411,34050.90471121689,31821.946156218415,0.3405090471121689,5,2,0.4,56.4,17.3735431043872,0.30804154440402837,31,0.0,0.0,0.0,0.0,False,False,False
618,73385.85340282548,263039.5171328435,189653.66373001796,1.38694666878302,0.5663430420711975,118.74733560327748,751.54147752241,-707.6629243657386,16768.78439453579,15001.750641417952,0.16768784394535788,10,8,0.8,61.8,12.568213874691981,0.20336915654841395,29,0.02031726730512606,4.376337108057678,141.21398437568786,1.381263189852702,2012-01-10 13:30:00,2021-05-27 16:45:00,RBB_M,5,50,1.5,1,17,46,27,45,1,0,4,4000,1500,0,282,2265.789168138501,231729.36923219293,229463.58006405446,1.0098742866624235,0.6028368794326241,8.034713362193266,1363.1139366599584,-2048.781964857629,29478.029196419724,27818.79057325836,0.29478029196419725,5,3,0.6,56.4,17.3735431043872,0.30804154440402837,31,0.6580488692268563,0.07686365845698036,3668.8339543170705,0.070489514651892,False,False,False
812,102351.74760545231,387991.5778005481,285639.83019509574,1.3583244939459067,0.5467980295566502,126.0489502530201,873.8549049561894,-776.1951907475428,18935.812068073865,17251.41341532243,0.18935812068073865,10,10,1.0,81.2,15.177615095923338,0.1869164420680214,43,0.038455027495901684,5.405194519120692,150.22586090612975,1.3797506918296412,2012-01-10 11:15:00,2021-05-31 19:00:00,RBB_M,5,10,1.5,1,29,46,52,-39,9,18,4,4000,2500,48,396,-69980.35028585602,419302.13084825105,489282.4811341071,0.8569735214642292,0.5025252525252525,-176.7180562774142,2107.045883659553,-2483.6674169244016,107295.68114159131,104737.50561820494,1.0729568114159131,5,1,0.2,79.2,23.633873994755916,0.2984074999337868,48,0.0,0.0,0.0,0.0,False,False,False
618,72007.37871846087,211983.54557637303,139976.16685791218,1.5144259936161455,0.5436893203883495,116.51679404281694,630.9034094534911,-496.3693860209652,16210.520554671617,12715.520554671617,0.16210520554671617,10,6,0.6,61.8,12.568213874691981,0.20336915654841395,29,0.06931234116317629,4.44201520090664,139.12604348446683,1.3784575632085947,2012-01-10 13:30:00,2021-05-27 20:30:00,RBB_M,5,50,1.5,1,17,46,27,45,1,0,4,5000,5000,24,282,-32362.433681974988,212715.48861283367,245077.92229480864,0.8679504323402676,0.46099290780141844,-114.76040312757088,1636.2729893294897,-1612.3547519395306,51298.912262020756,48529.64730129307,0.5129891226202076,5,1,0.2,56.4,17.3735431043872,0.30804154440402837,31,0.0,0.0,0.0,0.0,False,False,False
618,62493.17609883443,184521.76091934805,122028.58482051363,1.5121191579067546,0.5242718446601942,101.12164417287124,569.5116077757656,-415.06321367521645,12287.888283087479,10439.854529969642,0.1228788828308748,10,6,0.6,61.8,12.568213874691981,0.20336915654841395,29,0.047861225604371,5.085753927698655,121.51590674377162,1.3740699749883376,2012-01-10 13:30:00,2021-05-27 20:30:00,RBB_M,5,50,1.5,1,17,46,27,45,1,0,4,1000,3000,24,282,8107.07725207146,164103.93445696397,155996.8572048925,1.0519694909072643,0.3617021276595745,28.748500893870425,1608.8621025192544,-866.6492066938472,24998.592957627494,23139.309785775855,0.24998592957627494,5,4,0.8,56.4,17.3735431043872,0.30804154440402837,31,0.36893690623655545,0.32430134231206215,869.5616181836298,0.27388028756343974,False,False,False
618,70151.59267747648,210127.75953538864,139976.16685791218,1.501168122060996,0.5436893203883495,113.51390400886162,625.3802367124662,-496.3693860209652,15571.688098945233,12715.520554671617,0.15571688098945233,10,6,0.6,61.8,12.568213874691981,0.20336915654841395,29,0.06401850376580148,4.505073067975737,137.17868515675056,1.3702019047262586,2012-01-10 13:30:00,2021-05-27 20:30:00,RBB_M,5,50,1.5,1,17,46,27,45,1,0,4,5000,4500,24,282,-31183.00982104193,213894.91247376672,245077.92229480864,0.8727628766840477,0.46099290780141844,-110.57804901078698,1645.3454805674362,-1612.3547519395306,51651.62122138147,48882.35626065379,0.5165162122138147,5,1,0.2,56.4,17.3735431043872,0.30804154440402837,31,0.0,0.0,0.0,0.0,False,False,False
820,97324.49857664597,381482.37178566214,284157.8732090161,1.3425015026947984,0.525609756097561,118.68841289834874,885.109911335643,-730.4829645475993,17063.96669787301,14798.28364622227,0.1706396669787301,10,10,1.0,82.0,15.355780670483673,0.18726561793272772,45,0.04044140299702225,5.703509641095191,143.7711254298052,1.368584697497179,2012-01-10 11:15:00,2021-05-31 19:00:00,RBB_M,5,10,1.5,1,29,46,52,-39,9,18,4,2000,2500,0,423,-74500.03506213197,373040.71466974774,447540.7497318797,0.833534633199849,0.40425531914893614,-176.12301433128124,2181.5246471915075,-1775.9553560788877,82429.11110309938,79964.03506213197,0.8242911110309937,5,1,0.2,84.6,26.785070468453128,0.3166083979722592,49,0.0,0.0,0.0,0.0,False,False,False
618,51571.575982575836,190462.99817199438,138891.42218941852,1.3713085744938456,0.5647249190938511,83.44915207536543,545.7392497764882,-516.3249895517417,8457.24615110323,7760.0,0.0845724615110323,10,8,0.8,61.8,12.568213874691981,0.20336915654841395,29,0.0192160115551796,6.097915924541043,101.34610047883096,1.3668183393051492,2012-01-10 13:30:00,2021-05-27 15:30:00,RBB_M,5,50,1.5,1,17,46,27,45,1,0,4,1000,1000,48,282,-3898.4820952274895,130742.95811660732,134641.4402118348,0.9710454516150905,0.4929078014184397,-13.824404593005282,940.5968209827864,-941.5485329498937,22326.207464438892,21460.860060355233,0.2232620746443889,5,3,0.6,56.4,17.3735431043872,0.30804154440402837,31,0.0,0.0,0.0,0.0,False,False,False
850,103074.08495088841,375009.16646840534,271935.08151751687,1.3790393073806069,0.5129411764705882,121.26362935398637,860.11276712937,-656.8480229891712,17933.249614865912,16637.176308526134,0.17933249614865912,10,8,0.8,85.0,15.949921629901509,0.1876461368223707,52,0.03818553684271474,5.747652386740009,147.88646612675691,1.3639687497544115,2012-01-10 11:15:00,2021-05-31 19:00:00,RBB_M,5,10,1.5,1,29,46,52,-39,9,18,4,1250,2500,48,449,-12042.826076928555,338837.7569774233,350880.58305435185,0.9656782772871103,0.34743875278396436,-26.82143892411705,2172.0369037014316,-1197.5446520626342,42000.97377422738,40829.339009276744,0.4200097377422738,5,1,0.2,89.8,27.650678111033734,0.3079140101451418,53,0.0,0.0,0.0,0.0,False,False,False
618,68353.40018413334,234307.7375949931,165954.33741085976,1.4118807694366438,0.5776699029126213,110.60420741769148,656.3241949439582,-635.8403732216849,14925.538190451,13158.504437333162,0.14925538190451,10,8,0.8,61.8,12.568213874691981,0.20336915654841395,29,0.021813106531401217,4.579627167338207,134.9454829876898,1.3636722490603586,2012-01-10 13:30:00,2021-05-27 16:45:00,RBB_M,5,50,1.5,1,17,46,27,45,1,0,4,3000,1500,48,282,-5669.0516738727165,210671.32803588244,216340.37970975513,0.9737956839981591,0.5780141843971631,-20.103020120116017,1292.4621351894627,-1817.9863841155893,27717.20722118742,26343.954708398596,0.2771720722118742,5,2,0.4,56.4,17.3735431043872,0.30804154440402837,31,0.0,0.0,0.0,0.0,False,False,False
618,61967.05098121013,183995.63580172375,122028.58482051363,1.5078076671327023,0.5242718446601942,100.27030903108435,567.8877648201351,-415.06321367521645,12287.888283087479,10439.854529969642,0.1228788828308748,10,6,0.6,61.8,12.568213874691981,0.20336915654841395,29,0.09668041168873136,5.042937366748273,122.54762553168322,1.3625017883103008,2012-01-10 13:30:00,2021-05-27 20:30:00,RBB_M,5,50,1.5,1,17,46,27,45,1,0,4,1000,6000,24,282,1599.4459767057488,161751.30318159825,160151.8572048925,1.0099870585619215,0.34397163120567376,5.671794243637407,1667.539208057714,-865.6857146210406,27670.47958560675,25811.19641375511,0.2767047958560675,5,3,0.6,56.4,17.3735431043872,0.30804154440402837,31,3.745671993460626,0.05780333411849235,4878.611317159004,0.05135887226707974,False,False,False
618,61943.941773597006,183972.52659411062,122028.58482051363,1.5076182917691585,0.5242718446601942,100.23291549125729,567.8164401052796,-415.06321367521645,12287.888283087479,10439.854529969642,0.1228788828308748,10,6,0.6,61.8,12.568213874691981,0.20336915654841395,29,0.09634341343983747,5.0410567175202905,122.59334394158451,1.3619936741399352,2012-01-10 13:30:00,2021-05-27 20:30:00,RBB_M,5,50,1.5,1,17,46,27,45,1,0,4,1000,0,24,282,13055.070899079758,173206.92810397228,160151.8572048925,1.0815168248868796,0.34397163120567376,46.2945776563112,1785.63843406157,-865.6857146210406,27670.47958560675,25811.19641375511,0.2767047958560675,5,3,0.6,56.4,17.3735431043872,0.30804154440402837,31,0.81039868340817,0.47180501005376735,597.7045474100901,0.41920372960921726,False,False,False
817,93112.62796306332,379367.75783816347,286255.12987510016,1.3252784605246744,0.5397796817625459,113.9689448752305,860.244348839373,-761.3168347742026,15941.245836904338,14283.999676080151,0.15941245836904339,10,10,1.0,81.7,14.946906034360422,0.1829486662712414,45,0.0422707355009097,5.84098814582644,139.87359323503694,1.3596550892927466,2012-01-10 11:15:00,2021-05-31 19:00:00,RBB_M,5,10,1.5,1,29,46,52,-39,9,18,4,2500,2500,48,410,-73360.89400840615,387590.1795443827,460951.0735527888,0.8408488487878428,0.44878048780487806,-178.92900977660037,2106.4683670890367,-2039.6065201450833,88563.39812455163,85882.79655515304,0.8856339812455163,5,1,0.2,82.0,24.979991993593593,0.3046340487023609,49,0.0,0.0,0.0,0.0,False,False,False
618,55022.21032370532,174099.45421617216,119077.24389246681,1.4620715808084488,0.5064724919093851,89.03270278916719,556.2282882305819,-390.4171930900551,9787.888283087479,7939.854529969642,0.09787888283087479,10,7,0.7,61.8,12.568213874691981,0.20336915654841395,29,0.0725343452493138,5.621458759268673,109.9358772277819,1.3555277424753323,2012-01-10 13:30:00,2021-05-27 20:30:00,RBB_M,5,50,1.5,1,17,46,27,45,1,0,4,750,4000,24,282,-2303.784685893559,138741.12481389972,141044.90949979328,0.9836663039165058,0.2907801418439716,-8.169449240757302,1691.9649367548745,-705.2245474989664,25949.853846407306,24485.28013303646,0.25949853846407306,5,2,0.4,56.4,17.3735431043872,0.30804154440402837,31,0.0,0.0,0.0,0.0,False,False,False
618,78292.30712775039,252493.61337091867,174201.30624316828,1.449435821212855,0.56957928802589,126.68658111286472,717.311401621928,-654.8921287337154,19855.089164335062,17702.946682762806,0.19855089164335063,10,7,0.7,61.8,12.568213874691981,0.20336915654841395,29,0.025430340132284825,3.9431858743995907,156.72606356506077,1.3542475227285773,2012-01-10 13:30:00,2021-05-27 23:00:00,RBB_M,5,50,1.5,1,17,46,27,45,1,0,4,4000,2000,48,282,1931.2804384307601,252422.89578387229,250491.6153454415,1.0077099604143134,0.549645390070922,6.84851219301688,1628.5348115088534,-1972.3749239798544,28128.845485554615,26857.529306258715,0.28128845485554616,5,3,0.6,56.4,17.3735431043872,0.30804154440402837,31,1.0309222629613357,0.06865836137578261,4107.292897023142,0.06150687103716164,False,False,False
618,71060.47700759782,208594.9896575357,137534.51264993788,1.516673783463106,0.5436893203883495,114.98459062718094,620.8184215998086,-487.71103776573716,16449.755615262868,13564.103890023209,0.16449755615262868,10,6,0.6,61.8,12.568213874691981,0.20336915654841395,29,0.084308468677454,4.319850012948796,143.06052250599873,1.3504026231555213,2012-01-10 13:30:00,2021-05-27 20:30:00,RBB_M,5,50,1.5,1,17,46,27,45,1,0,4,4000,6000,24,282,-15705.774981447474,218300.3109927564,234006.08597420386,0.9328830491050613,0.46099290780141844,-55.69423752286338,1679.2331614827415,-1539.5137235144991,37090.18400076701,34100.91904003933,0.3709018400076701,5,1,0.2,56.4,17.3735431043872,0.30804154440402837,31,0.0,0.0,0.0,0.0,False,False,False
618,79882.42108287214,282869.45831618056,202987.03723330842,1.3935345930048588,0.5533980582524272,129.2595810402462,827.1036792870776,-735.4602798308276,20834.44039713907,18682.297915566814,0.2083444039713907,10,7,0.7,61.8,12.568213874691981,0.20336915654841395,29,0.024924131905497506,3.834152468709521,161.182948524737,1.3488857870129618,2012-01-10 13:30:00,2021-05-27 23:00:00,RBB_M,5,50,1.5,1,17,46,27,45,1,0,4,4000,2000,0,282,13263.79584440979,270588.076132861,257324.2802884513,1.051545061466961,0.5602836879432624,47.034737036914144,1712.5827603345635,-2075.195808777833,26079.285712753357,24807.969533457457,0.2607928571275336,5,2,0.4,56.4,17.3735431043872,0.30804154440402837,31,0.15010785927009987,0.5085950585649474,554.4686194861815,0.43870666136013814,False,False,False
618,57951.62758743364,208217.5433533157,150265.91576588206,1.38566049587535,0.5048543689320388,93.77286017384084,667.363921004217,-491.06508420222895,10992.709083220536,8402.648767195999,0.10992709083220535,10,7,0.7,61.8,12.568213874691981,0.20336915654841395,29,0.04298412492801417,5.271824001591384,117.22697871048936,1.3471878270598074,2012-01-10 13:30:00,2021-05-27 23:00:00,RBB_M,5,50,1.5,1,17,46,27,45,1,0,4,750,2500,48,282,7631.360551489117,153300.12367412413,145668.76312263502,1.0523884488884172,0.29432624113475175,27.06156223932311,1846.9894418569172,-732.0038347871107,22371.92678849629,21244.893184336397,0.2237192678849629,5,3,0.6,56.4,17.3735431043872,0.30804154440402837,31,0.3264162377328546,0.3411132453469848,826.7049252606593,0.27252385544735813,False,False,False
1136,126727.1469880603,487871.24986659834,361144.102878538,1.3509046554490796,0.4876760563380282,111.55558713737702,880.6340250299609,-620.522513537007,15720.578789607302,14833.350921458448,0.157205787896073,10,8,0.8,113.6,21.689628858051027,0.19092983149692805,57,0.03543834219216758,8.061226541597705,140.92148311897574,1.340171614766126,2012-01-10 10:45:00,2021-06-01 23:00:00,RBB_M,5,10,2.5,1,53,46,-48,37,7,6,-1,1250,4500,0,573,47229.06505432126,483599.9565199536,436370.89146563236,1.1082314745965152,0.34904013961605584,82.42419730248038,2417.999782599768,-1169.8951513823924,21715.06301895348,19335.343005558083,0.2171506301895348,5,4,0.8,114.6,30.825963083089555,0.26898746145802405,70,0.09508975023821888,2.1749448764251107,263.4549529098054,0.8425147911208033,True,True,True
618,52334.64502597054,203233.65895817307,150899.01393220254,1.3468189994235746,0.5889967637540453,84.68389162778404,558.3342279070689,-594.0906060322934,9077.302919757312,7072.0,0.09077302919757313,10,9,0.9,61.8,12.568213874691981,0.20336915654841395,29,0.018935831121205202,5.765439964778628,107.19043191419807,1.3388309642317688,2012-01-10 13:30:00,2021-05-27 15:30:00,RBB_M,5,50,1.5,1,17,46,27,45,1,0,4,2000,1000,48,282,-20056.34976944341,158107.53015541617,178163.87992485956,0.8874275202251874,0.599290780141844,-71.12180769306174,935.5475157125218,-1576.6715037598192,38715.236239041966,36875.40814964215,0.38715236239041967,5,3,0.6,56.4,17.3735431043872,0.30804154440402837,31,0.0,0.0,0.0,0.0,False,False,False
618,57803.664469502444,228623.039059649,170819.37459014653,1.3383905637647544,0.5841423948220065,93.53343765291658,633.3048173397478,-664.6668271990137,11101.456681712923,9572.0,0.11101456681712923,10,8,0.8,61.8,12.568213874691981,0.20336915654841395,29,0.017144241789771954,5.206854030671541,118.68971097703214,1.3371504249947037,2012-01-10 13:30:00,2021-05-27 15:30:00,RBB_M,5,50,1.5,1,17,46,27,45,1,0,4,2500,1000,0,282,-5164.184655531579,172972.50621288322,178136.69086841482,0.9710099888442059,0.6382978723404256,-18.312711544438223,960.9583678493512,-1746.4381457687728,24973.24526151846,24617.692967631112,0.2497324526151846,5,2,0.4,56.4,17.3735431043872,0.30804154440402837,31,0.0,0.0,0.0,0.0,False,False,False
618,53120.554854739356,201251.65895817307,148131.10410343372,1.3586050018073685,0.5857605177993528,85.95559037983715,555.9438092767211,-578.637125404038,9407.597080692613,7309.345586425683,0.09407597080692613,10,8,0.8,61.8,12.568213874691981,0.20336915654841395,29,0.018655678629674256,5.646559307239004,109.44718126093379,1.3348674031606038,2012-01-10 13:30:00,2021-05-27 15:30:00,RBB_M,5,50,1.5,1,17,46,27,45,1,0,4,1750,1000,48,282,-23532.51880472803,152161.53015541617,175694.04896014417,0.8660596705238076,0.5780141843971631,-83.44864824371642,933.5063199718784,-1476.4205794970098,38372.53723010397,36728.695274984384,0.3837253723010397,5,1,0.2,56.4,17.3735431043872,0.30804154440402837,31,0.0,0.0,0.0,0.0,False,False,False
1117,131486.8539679505,494117.90752056934,362631.05355261883,1.3625912692247448,0.4977618621307073,117.7142828719342,888.7012725190096,-646.4011649779302,17680.62156148415,15444.02310363036,0.1768062156148415,10,8,0.8,111.7,20.547749268472206,0.18395478306600005,56,0.03415550577470404,7.436777802788581,150.19945863935274,1.333471541600579,2012-01-10 10:45:00,2021-06-01 23:00:00,RBB_M,5,10,2.5,1,53,46,-48,37,7,6,-1,1500,4500,0,556,16357.696964788971,487900.1136059901,471542.4166412011,1.0346897678501648,0.368705035971223,29.42031828199455,2380.0005541755613,-1343.4256884364704,29033.38435182991,27798.710188878875,0.2903338435182991,5,4,0.8,111.2,29.130053209700804,0.2619609101591799,70,0.2745496514373127,0.5634099272259998,986.8480712392073,0.260076965771098,False,False,False
618,69358.44651130572,235798.7375949931,166440.29108368736,1.4167166859641684,0.5792880258899676,112.2304959729866,658.655691606126,-640.1549657064899,16089.433161731795,14322.399408613957,0.16089433161731795,10,7,0.7,61.8,12.568213874691981,0.20336915654841395,29,0.02149702127133082,4.310807336349958,143.36061711430423,1.3327351891500034,2012-01-10 13:30:00,2021-05-27 16:45:00,RBB_M,5,50,1.5,1,17,46,27,45,1,0,4,4000,1500,48,282,-5885.334005858866,216635.32803588244,222520.6620417413,0.9735515167362082,0.5921985815602837,-20.869978744180376,1297.2175331489966,-1934.9622786238374,32439.17805561531,31260.743786261795,0.3243917805561531,5,2,0.4,56.4,17.3735431043872,0.30804154440402837,31,0.0,0.0,0.0,0.0,False,False,False
618,67965.56951992077,204322.71896848446,136357.1494485637,1.498437887523885,0.5420711974110033,109.97664970860966,609.9185640850283,-481.8273832104724,15490.860643982072,12207.89439709991,0.1549086064398207,10,6,0.6,61.8,12.568213874691981,0.20336915654841395,29,0.11377582168711745,4.387462458151039,140.85590609484944,1.3309632573992092,2012-01-10 13:30:00,2021-05-27 20:30:00,RBB_M,5,50,1.5,1,17,46,27,45,1,0,4,2500,0,24,282,-9539.656071850812,213183.97957096083,222723.63564281166,0.9571681916725271,0.4397163120567376,-33.82856763067664,1719.225641701297,-1409.643263562099,30659.26443030518,28156.607877762784,0.3065926443030518,5,1,0.2,56.4,17.3735431043872,0.30804154440402837,31,0.0,0.0,0.0,0.0,False,False,False
618,66907.20193628079,205169.46473143122,138262.26279515043,1.483915137678678,0.540453074433657,108.26408080304336,614.2798345252431,-486.8389535040508,15040.874555701579,13466.673258310126,0.15040874555701578,10,6,0.6,61.8,12.568213874691981,0.20336915654841395,29,0.05964978185458775,4.4483584839764605,138.92765212743367,1.329692450608351,2012-01-10 13:30:00,2021-05-27 20:30:00,RBB_M,5,50,1.5,1,17,46,27,45,1,0,4,2250,4000,24,282,-12908.110509920924,198004.61854456397,210912.72905448492,0.9387988076026156,0.4432624113475177,-45.773441524542285,1584.0369483565119,-1343.3931786909868,30805.079166216412,28108.882776992352,0.30805079166216415,5,0,0.0,56.4,17.3735431043872,0.30804154440402837,31,0.0,0.0,0.0,0.0,False,False,False
618,65446.65305993017,199243.47723321585,133796.82417328565,1.4891495255161482,0.5372168284789643,105.90073310668312,600.1309555217344,-467.82106354295684,14413.449776510868,11422.103368885597,0.14413449776510867,10,6,0.6,61.8,12.568213874691981,0.20336915654841395,29,0.11815483538143426,4.540665425329782,136.10339941642266,1.3286737399700694,2012-01-10 13:30:00,2021-05-27 20:30:00,RBB_M,5,50,1.5,1,17,46,27,45,1,0,4,1750,0,24,282,-5967.146108314453,197858.47396272625,203825.62007104073,0.9707242587745608,0.4148936170212766,-21.160092582675365,1691.0980680574892,-1235.3067883093377,28860.088997940067,26444.981758437818,0.2886008899794007,5,3,0.6,56.4,17.3735431043872,0.30804154440402837,31,0.0,0.0,0.0,0.0,False,False,False
618,67723.73100135887,204080.88044992255,136357.1494485637,1.4966643206845962,0.5420711974110033,109.58532524491727,609.1966580594703,-481.8273832104724,15490.860643982087,12207.894397099924,0.15490860643982088,10,6,0.6,61.8,12.568213874691981,0.20336915654841395,29,0.11061115342050032,4.371850767869911,141.35889645224717,1.3262273567850689,2012-01-10 13:30:00,2021-05-27 20:30:00,RBB_M,5,50,1.5,1,17,46,27,45,1,0,4,2500,7500,24,282,-15289.621977577706,207434.01366523394,222723.63564281166,0.9313515966392623,0.4397163120567376,-54.21851765098477,1672.854948913177,-1409.643263562099,33320.418067617524,30817.76151507513,0.33320418067617524,5,1,0.2,56.4,17.3735431043872,0.30804154440402837,31,0.0,0.0,0.0,0.0,False,False,False
618,65204.81454136827,199001.63871465393,133796.82417328565,1.4873420198443492,0.5372168284789643,105.50940864299073,599.4025262489577,-467.82106354295684,14413.449776510868,11422.103368885597,0.14413449776510867,10,6,0.6,61.8,12.568213874691981,0.20336915654841395,29,0.1148841546853483,4.523886755246509,136.6081941116859,1.3237640238287074,2012-01-10 13:30:00,2021-05-27 20:30:00,RBB_M,5,50,1.5,1,17,46,27,45,1,0,4,1750,7500,24,282,-11717.112014041348,192108.50805699936,203825.62007104073,0.9425140371953362,0.4148936170212766,-41.5500426029835,1641.9530603162339,-1235.3067883093377,30832.942309033526,28417.835069531277,0.30832942309033523,5,2,0.4,56.4,17.3735431043872,0.30804154440402837,31,0.0,0.0,0.0,0.0,False,False,False
618,69072.3055859831,207323.1095627225,138250.8039767394,1.499615941456691,0.5420711974110033,111.76748476696294,618.8749539185746,-488.51874196727704,16352.028188255688,13495.860643982072,0.16352028188255688,10,6,0.6,61.8,12.568213874691981,0.20336915654841395,29,0.0577800316080646,4.224081856438581,146.3039829727755,1.3165368474721524,2012-01-10 13:30:00,2021-05-27 20:30:00,RBB_M,5,50,1.5,1,17,46,27,45,1,0,4,3000,4000,24,282,-24962.559297511223,201564.3614178084,226526.92071531963,0.8898031226545382,0.45390070921985815,-88.51971382096178,1574.721573576628,-1470.9540306189588,40847.60169326862,38151.40530404456,0.4084760169326862,5,0,0.0,56.4,17.3735431043872,0.30804154440402837,31,0.0,0.0,0.0,0.0,False,False,False
1179,135251.79917522878,522887.2360670162,387635.4368917874,1.3489149502422448,0.48261238337574214,114.71738691707276,918.9582356186577,-635.467929330799,17246.157766877644,15979.341883528163,0.17246157766877646,10,8,0.8,117.9,24.15967715016076,0.20491668490382323,60,0.055385584854918284,7.842430818706098,150.33604085965274,1.3157895206278971,2012-01-10 10:45:00,2021-06-01 23:00:00,RBB_M,6,10,2.5,1,53,46,-48,53,7,6,-1,1250,7500,368,620,3110.9532084771854,493777.8613187574,490666.9081102802,1.0063402547778462,0.317741935483871,5.0176664652857825,2506.4866056789715,-1159.9690499060996,42611.193364881954,40954.42967167222,0.42611193364881955,5,2,0.4,124.0,33.148152286364315,0.26732380876100253,73,2.407943642349687,0.073007887430843,8492.233124637356,0.03661367275251761,False,False,False
618,53333.757246735135,151515.89500706305,98182.13776032791,1.5432124260415678,0.5161812297734628,86.3005780691507,474.971457702392,-328.36835371347127,9762.611580761004,8157.791786658781,0.09762611580761003,10,7,0.7,61.8,12.568213874691981,0.20336915654841395,29,0.1449895697913775,5.463062501824714,113.12336254501614,1.3156308666436998,2012-01-10 13:30:00,2021-05-27 17:30:00,RBB_M,5,50,1.5,1,17,46,27,45,1,0,4,1250,0,12,282,-9238.41947597827,141617.94879554072,150856.36827151902,0.9387601625186249,0.42907801418439717,-32.76035275169599,1170.3962710375267,-936.996076220615,26617.05116800889,24476.67884643544,0.2661705116800889,5,2,0.4,56.4,17.3735431043872,0.30804154440402837,31,0.0,0.0,0.0,0.0,False,False,False
618,46281.20057293598,149981.0706762337,103699.87010329774,1.4462995038164872,0.3122977346278317,74.88867406623945,777.1039931411073,-243.99969436070057,7359.329419092181,6392.2518500820515,0.07359329419092181,10,8,0.8,61.8,12.568213874691981,0.20336915654841395,29,0.16185837677643433,6.288779579953231,98.27025929959467,1.3149231586792014,2012-01-10 13:30:00,2021-05-27 23:00:00,RBB_M,5,50,1.5,1,17,46,27,45,1,0,4,250,7500,0,282,16859.42027370179,82252.92576133455,65393.50548763276,1.2578149029935435,0.08865248226950355,59.785178275538264,3290.117030453382,-254.44943769506912,19691.067926510725,14262.69600051712,0.19691067926510725,5,2,0.4,56.4,17.3735431043872,0.30804154440402837,31,0.4443213276843721,0.8561963392043053,329.36370676622255,0.641744637185246,True,False,False
618,53335.86029637145,172413.10418883828,119077.24389246681,1.447909764728319,0.5064724919093851,86.30398106208973,550.8405884627421,-390.4171930900551,9787.888283087479,7939.854529969642,0.09787888283087479,10,7,0.7,61.8,12.568213874691981,0.20336915654841395,29,0.09357681627832574,5.449169295130865,113.4117819668802,1.3139828057647427,2012-01-10 13:30:00,2021-05-27 20:30:00,RBB_M,5,50,1.5,1,17,46,27,45,1,0,4,750,5000,24,282,-276.10857812623,141527.80092166708,141803.90949979328,0.998052884584775,0.2872340425531915,-0.9791084330717376,1747.2568015020627,-705.4920870636482,23369.480896496694,21510.197724645055,0.23369480896496694,5,3,0.6,56.4,17.3735431043872,0.30804154440402837,31,0.0,0.0,0.0,0.0,False,False,False
618,68618.82279962354,208594.9896575357,139976.16685791218,1.490217901660913,0.5436893203883495,111.03369385052352,620.8184215998086,-496.3693860209652,16210.520554671617,13324.868829431958,0.16210520554671617,10,6,0.6,61.8,12.568213874691981,0.20336915654841395,29,0.08730840541369457,4.232980832922646,145.9964087702481,1.313589481384099,2012-01-10 13:30:00,2021-05-27 20:30:00,RBB_M,5,50,1.5,1,17,46,27,45,1,0,4,5000,6000,24,282,-26777.611302052253,218300.3109927564,245077.92229480864,0.890738378017417,0.46099290780141844,-94.95606844699381,1679.2331614827415,-1612.3547519395306,47714.08988209802,44944.82492137034,0.4771408988209802,5,1,0.2,56.4,17.3735431043872,0.30804154440402837,31,0.0,0.0,0.0,0.0,False,False,False
618,53091.91872817325,151274.05648850114,98182.13776032791,1.5407492639626135,0.5161812297734628,85.90925360545833,474.2133432241415,-328.36835371347127,9762.611580761004,8157.791786658781,0.09762611580761003,10,7,0.7,61.8,12.568213874691981,0.20336915654841395,29,0.14109491951785305,5.4382905935539325,113.63864975007449,1.3096652224403207,2012-01-10 13:30:00,2021-05-27 17:30:00,RBB_M,5,50,1.5,1,17,46,27,45,1,0,4,1250,7500,12,282,-6191.272787071728,144665.09548444726,150856.36827151902,0.9589591552679539,0.42907801418439717,-21.95486803926145,1195.5793015243576,-936.996076220615,26617.05116800889,24476.67884643544,0.2661705116800889,5,2,0.4,56.4,17.3735431043872,0.30804154440402837,31,0.0,0.0,0.0,0.0,False,False,False
618,52445.065277571055,204224.65895817307,151779.59368060203,1.345534363387044,0.5906148867313916,84.86256517406319,559.5196135840358,-599.9193426110752,9541.456681712923,7559.345586425683,0.09541456681712923,10,8,0.8,61.8,12.568213874691981,0.20336915654841395,29,0.01889596275178661,5.496547018662971,112.43422423234867,1.3086158266059311,2012-01-10 13:30:00,2021-05-27 15:30:00,RBB_M,5,50,1.5,1,17,46,27,45,1,0,4,2250,1000,48,282,-8529.840095079497,165044.53015541617,173574.37025049565,0.950857721201756,0.624113475177305,-30.24765991162942,937.7530122466828,-1637.49405896694,28213.91614612275,27685.064344147642,0.2821391614612275,5,3,0.6,56.4,17.3735431043872,0.30804154440402837,31,0.0,0.0,0.0,0.0,False,False,False
618,60898.26282562132,194695.08699890698,133796.82417328565,1.455154770689845,0.5372168284789643,98.54087835861056,586.4309849364668,-467.82106354295684,12884.804140119122,12060.835799229033,0.12884804140119122,10,6,0.6,61.8,12.568213874691981,0.20336915654841395,29,0.049114701490985985,4.726363098993781,130.7559294654211,1.307617948515971,2012-01-10 13:30:00,2021-05-27 20:30:00,RBB_M,5,50,1.5,1,17,46,27,45,1,0,4,1750,3000,24,282,-3929.4676136992784,192848.89109406568,196778.358707765,0.9800309971101295,0.43617021276595747,-13.934282318082548,1567.8771633663875,-1237.5997403004087,32032.055925503097,30210.291222683532,0.32032055925503095,5,2,0.4,56.4,17.3735431043872,0.30804154440402837,31,0.0,0.0,0.0,0.0,False,False,False
809,96633.28107580362,395651.6058207345,299018.3247449309,1.3231684250730584,0.5302843016069221,119.44781344351499,922.2648154329476,-786.8903282761339,18950.4144843803,17917.10667696695,0.189504144843803,10,10,1.0,80.9,15.042938542718309,0.18594485219676524,43,0.04073068020254559,5.099270053193437,158.65015807377384,1.3069898117338363,2012-01-10 11:15:00,2021-05-31 19:00:00,RBB_M,5,10,1.5,1,29,46,52,-39,9,18,4,3000,3000,0,390,-67996.41393168793,408936.73748952214,476933.15142121003,0.8574298856578415,0.45897435897435895,-174.34977931202033,2284.5627792710734,-2260.3466892000474,94071.8322180078,90117.38077758314,0.940718322180078,5,1,0.2,78.0,23.740261161158273,0.30436232257895224,47,0.0,0.0,0.0,0.0,False,False,False
1168,119645.22951553247,471666.98216709297,352021.7526515605,1.3398802165329826,0.4717465753424658,102.43598417425726,856.0199313377368,-570.5376866313785,13964.495288330465,12676.125371841634,0.13964495288330464,10,8,0.8,116.8,22.833309002420126,0.1954906592672956,58,0.03753597212513161,8.567816240055228,136.32411892070073,1.305699618189296,2012-01-10 10:45:00,2021-06-01 23:00:00,RBB_M,5,10,2.5,1,53,46,-48,37,7,6,-1,1000,4500,0,587,53984.08309545371,440749.0098019525,386764.9267064988,1.1395785381967176,0.313458262350937,91.96607000929082,2395.375053271481,-959.7144583287811,21262.205434114047,18798.09625691164,0.21262205434114045,5,5,1.0,117.4,31.42355804169859,0.2676623342563764,71,0.08319118789253292,2.538969123534062,231.19619477015866,0.9500070492194469,True,True,True
618,60073.590641953,184833.1436155911,124759.55297363807,1.4815149558498875,0.5339805825242718,97.20645734943851,560.1004351987609,-433.19289226957665,12684.120395902159,10908.9830694591,0.1268412039590216,10,6,0.6,61.8,12.568213874691981,0.20336915654841395,29,0.04146580840900136,4.73612586185802,130.48639711562768,1.3000746573762332,2012-01-10 13:30:00,2021-05-27 20:30:00,RBB_M,5,50,1.5,1,17,46,27,45,1,0,4,1250,2500,24,282,-3882.9692661540757,170372.73666483612,174255.70593099023,0.977716831449457,0.40425531914893614,-13.769394560830056,1494.4976900424222,-1037.2363448273227,32874.43692144759,31655.03539297392,0.32874436921447586,5,3,0.6,56.4,17.3735431043872,0.30804154440402837,31,0.0,0.0,0.0,0.0,False,False,False
618,51606.43071716992,196509.07494401303,144902.6442268431,1.35614554166714,0.517799352750809,83.50555132228142,614.0908592000408,-486.250483982695,9391.327351605127,8225.648767195999,0.09391327351605126,10,7,0.7,61.8,12.568213874691981,0.20336915654841395,29,0.02889174816548456,5.495115736578979,112.46350934634546,1.297941781614137,2012-01-10 13:30:00,2021-05-27 16:45:00,RBB_M,5,50,1.5,1,17,46,27,45,1,0,4,750,1500,48,282,-7421.359941543895,127891.69116146262,135313.05110300652,0.9451541452871798,0.34397163120567376,-26.31687922533296,1318.4710429016764,-731.4218978540894,26677.400725205924,25713.446936047883,0.26677400725205924,5,2,0.4,56.4,17.3735431043872,0.30804154440402837,31,0.0,0.0,0.0,0.0,False,False,False
618,66246.840208972,202603.9896575357,136357.1494485637,1.485833272966457,0.5420711974110033,107.19553431872492,604.7880288284648,-481.8273832104724,15490.860643982087,12207.894397099924,0.15490860643982088,10,6,0.6,61.8,12.568213874691981,0.20336915654841395,29,0.09043450194910008,4.276511275356911,144.51031698692827,1.2973055454364275,2012-01-10 13:30:00,2021-05-27 20:30:00,RBB_M,5,50,1.5,1,17,46,27,45,1,0,4,2500,6000,24,282,-12953.306134914681,207261.32950789694,220214.63564281166,0.9411787227624371,0.4432624113475177,-45.93370969827901,1658.0906360631755,-1402.6409913554883,32806.2157103783,30110.019321154243,0.328062157103783,5,1,0.2,56.4,17.3735431043872,0.30804154440402837,31,0.0,0.0,0.0,0.0,False,False,False
812,102297.34090501282,387991.5778005481,285694.23689553526,1.3580658189560124,0.5467980295566502,125.9819469273557,873.8549049561894,-776.3430350422153,21405.687077768933,19721.288425017498,0.21405687077768934,10,10,1.0,81.2,15.177615095923338,0.1869164420680214,43,0.038475479749526774,4.778979554982594,169.91074991174713,1.2970212281104376,2012-01-10 11:15:00,2021-05-31 19:00:00,RBB_M,5,10,1.5,1,29,46,52,-39,9,18,4,5000,2500,48,393,-54519.969844280124,429266.13084825105,483786.1006925312,0.8873056299752395,0.5165394402035624,-138.7276586368451,2114.611482011089,-2546.2426352238485,98542.3520245798,96011.1765011934,0.985423520245798,5,2,0.4,78.6,22.89628790874189,0.2913013728847569,48,0.0,0.0,0.0,0.0,False,False,False
618,65220.85190894693,203483.11470409736,138262.26279515043,1.471718389316239,0.540453074433657,105.5353590759659,609.2308823475969,-486.8389535040508,15040.874555701586,13466.673258310133,0.15040874555701586,10,6,0.6,61.8,12.568213874691981,0.20336915654841395,29,0.0688583461968538,4.336240666552429,142.51976482000637,1.2961784665298577,2012-01-10 13:30:00,2021-05-27 20:30:00,RBB_M,5,50,1.5,1,17,46,27,45,1,0,4,2250,4500,24,282,-13151.79922278058,200019.92983170433,213171.72905448492,0.9383042053413232,0.4397163120567376,-46.63758589638504,1613.06395025568,-1349.1881585726894,32548.76787907607,29852.57148985201,0.3254876787907607,5,1,0.2,56.4,17.3735431043872,0.30804154440402837,31,0.0,0.0,0.0,0.0,False,False,False
618,52583.69107231822,184157.29263705373,131573.60156473552,1.399652289265993,0.4627831715210356,85.08687875779648,643.9066176120759,-396.30602880944434,9787.142481572264,8234.0,0.09787142481572264,10,6,0.6,61.8,12.568213874691981,0.20336915654841395,29,0.03786345080382019,5.372731741805691,115.02528503168853,1.295501714184817,2012-01-10 13:30:00,2021-05-27 23:00:00,RBB_M,5,50,1.5,1,17,46,27,45,1,0,4,500,2000,48,282,17098.545136876703,121393.54037084099,104294.99523396428,1.163944061731051,0.25177304964539005,60.63313878325072,1709.768174237197,-494.2890769382193,13162.158939646673,11923.910439127321,0.13162158939646673,5,3,0.6,56.4,17.3735431043872,0.30804154440402837,31,0.11644265544592908,1.2990684290684988,217.07863395788087,0.796067401381112,True,False,False
618,53673.674131961896,199988.99055847165,146315.31642650976,1.3668356494921072,0.5825242718446602,86.8506053915241,555.5249737735323,-567.1136295601153,10211.75294626678,8469.720022845264,0.1021175294626678,10,9,0.9,61.8,12.568213874691981,0.20336915654841395,29,0.01846342766778982,5.256068611764051,117.57837380904847,1.2945715394928023,2012-01-10 13:30:00,2021-05-27 15:30:00,RBB_M,5,50,1.5,1,17,46,27,45,1,0,4,1500,1000,48,282,-28486.588769635135,144207.47531410248,172694.0640837376,0.8350459298020674,0.5460992907801419,-101.0162722327487,936.4121773643019,-1349.1723756542,39948.9880158534,39083.64061176974,0.399489880158534,5,3,0.6,56.4,17.3735431043872,0.30804154440402837,31,0.0,0.0,0.0,0.0,False,False,False
618,63727.923748981404,197524.74792226704,133796.82417328565,1.4763037100674734,0.5372168284789643,103.11961771679839,594.9540600068284,-467.82106354295684,14413.449776510868,11422.103368885597,0.14413449776510867,10,6,0.6,61.8,12.568213874691981,0.20336915654841395,29,0.09400902536222604,4.421420599309732,139.7740807776762,1.2937807333027407,2012-01-10 13:30:00,2021-05-27 20:30:00,RBB_M,5,50,1.5,1,17,46,27,45,1,0,4,1750,6000,24,282,-9672.771030688462,192393.84904035227,202066.62007104073,0.9521307822772124,0.41843971631205673,-34.30060649180306,1630.4563477995955,-1232.1135370185411,32038.60132568064,29623.49408617839,0.3203860132568064,5,2,0.4,56.4,17.3735431043872,0.30804154440402837,31,0.0,0.0,0.0,0.0,False,False,False
618,64085.794746554915,197226.75919863317,133140.96445207827,1.481337918876361,0.5339805825242718,103.69869700089792,597.6568460564641,-462.2950154586051,14684.120395902159,12743.922389135718,0.1468412039590216,10,6,0.6,61.8,12.568213874691981,0.20336915654841395,29,0.06227589149488617,4.364292379708293,141.60371172045691,1.2889993126017258,2012-01-10 13:30:00,2021-05-27 20:30:00,RBB_M,5,50,1.5,1,17,46,27,45,1,0,4,1500,4000,24,282,-16402.943028404632,178268.17725144018,194671.12027984485,0.9157402340684895,0.3971631205673759,-58.16646463973274,1591.6801540307158,-1145.124236940264,32838.840521934464,30158.103406688257,0.32838840521934465,5,1,0.2,56.4,17.3735431043872,0.30804154440402837,31,0.0,0.0,0.0,0.0,False,False,False
618,66576.63794993132,204838.90074508174,138262.26279515043,1.4815242901714358,0.540453074433657,107.72918762124809,613.2901219912627,-486.8389535040508,15880.765276924692,13929.086692515571,0.15880765276924694,10,6,0.6,61.8,12.568213874691981,0.20336915654841395,29,0.074966236711344,4.192281466855348,147.41376620009368,1.2876594699156432,2012-01-10 13:30:00,2021-05-27 20:30:00,RBB_M,5,50,1.5,1,17,46,27,45,1,0,4,2250,5000,24,282,-14139.024206245529,199032.7048482394,213171.72905448492,0.9336730800610445,0.4397163120567376,-50.13838371009053,1605.1024584535435,-1349.1881585726894,33080.00838745923,30664.90114795698,0.3308000838745923,5,0,0.0,56.4,17.3735431043872,0.30804154440402837,31,0.0,0.0,0.0,0.0,False,False,False
618,54570.27730738705,203318.19307326913,148747.91576588206,1.3668641474834278,0.5080906148867314,88.30141959124119,647.5101690231501,-489.3023544930331,10677.039425647701,8967.917900834917,0.10677039425647701,10,7,0.7,61.8,12.568213874691981,0.20336915654841395,29,0.03648506289944184,5.1109933317565375,120.91582983686007,1.2871987730115257,2012-01-10 13:30:00,2021-05-27 23:00:00,RBB_M,5,50,1.5,1,17,46,27,45,1,0,4,750,2000,48,282,16618.76144062174,154967.81254362827,138349.05110300652,1.1201219763209536,0.32978723404255317,58.93177815823312,1666.3205649852503,-732.0055613915689,18168.826900469314,16466.951738038726,0.18168826900469315,5,3,0.6,56.4,17.3735431043872,0.30804154440402837,31,0.11980435528326068,0.9146854407090237,308.3027098161812,0.6585510648952324,True,False,False
618,68741.74159963362,206992.54557637303,138250.8039767394,1.4972248957857732,0.5420711974110033,111.23259158516767,617.8881957503672,-488.51874196727704,16990.860643982087,13495.860643982087,0.16990860643982086,10,6,0.6,61.8,12.568213874691981,0.20336915654841395,29,0.07260508511798602,4.045806921733593,152.75073970539168,1.2853687041308446,2012-01-10 13:30:00,2021-05-27 20:30:00,RBB_M,5,50,1.5,1,17,46,27,45,1,0,4,3000,5000,24,282,-25290.120988119823,202592.4477214838,227882.56870960363,0.8890212571706279,0.450354609929078,-89.68128009971568,1595.216123791211,-1470.2101207071203,41143.030563583445,38446.834174359385,0.41143030563583444,5,1,0.2,56.4,17.3735431043872,0.30804154440402837,31,0.0,0.0,0.0,0.0,False,False,False
618,67385.95555864924,205636.75953538864,138250.8039767394,1.48741818217554,0.5420711974110033,109.0387630398855,613.8410732399661,-488.51874196727704,16352.028188255703,13495.860643982087,0.16352028188255702,10,6,0.6,61.8,12.568213874691981,0.20336915654841395,29,0.06664593479113413,4.120953974813164,149.96527594754778,1.2843945593309662,2012-01-10 13:30:00,2021-05-27 20:30:00,RBB_M,5,50,1.5,1,17,46,27,45,1,0,4,3000,4500,24,282,-24302.896004654875,203579.67270494872,227882.56870960363,0.8933534225883477,0.450354609929078,-86.18048228601019,1602.989548857864,-1470.2101207071203,41687.93840041227,38991.74201118821,0.4168793840041227,5,0,0.0,56.4,17.3735431043872,0.30804154440402837,31,0.0,0.0,0.0,0.0,False,False,False
618,43169.5027278779,146351.37283117563,103181.87010329774,1.418382635289125,0.3155339805825243,69.85356428459207,750.5198606726955,-243.9287709297819,6757.63061727662,6113.126499719874,0.06757630617276619,10,8,0.8,61.8,12.568213874691981,0.20336915654841395,29,0.09244952449782798,6.388260201365602,96.73995430992177,1.2799549998619075,2012-01-10 13:30:00,2021-05-27 23:00:00,RBB_M,5,50,1.5,1,17,46,27,45,1,0,4,250,4000,0,282,1059.4589858970285,66452.96447352979,65393.50548763276,1.016201287543721,0.08865248226950355,3.756946758500101,2658.1185789411916,-254.44943769506912,15336.230773635769,13661.336198228753,0.1533623077363577,5,2,0.4,56.4,17.3735431043872,0.30804154440402837,31,3.767016989922341,0.06908209725940775,4082.0995769869537,0.04569609384627908,False,False,False
618,51835.86029637145,170913.10418883828,119077.24389246681,1.4353128994418283,0.5064724919093851,83.8767965960703,546.0482561943714,-390.4171930900551,9787.888283087479,7939.854529969642,0.09787888283087479,10,7,0.7,61.8,12.568213874691981,0.20336915654841395,29,0.08663886302499302,5.2959186698052925,116.6936349539373,1.2770287902544462,2012-01-10 13:30:00,2021-05-27 20:30:00,RBB_M,5,50,1.5,1,17,46,27,45,1,0,4,750,4500,24,282,-599.2397097961002,141204.66978999716,141803.90949979328,0.9957741665098663,0.2872340425531915,-2.124963509915249,1743.26752827157,-705.4920870636482,23747.969097412453,22283.395384041607,0.23747969097412452,5,3,0.6,56.4,17.3735431043872,0.30804154440402837,31,0.0,0.0,0.0,0.0,False,False,False
1104,137590.7202792197,509604.0509615746,372013.33068235486,1.3698542738424129,0.5009057971014492,124.62927561523524,921.5263127695744,-675.1603097683392,21675.201013863254,15165.002270126322,0.21675201013863254,10,8,0.8,110.4,21.077001684300356,0.19091487032880755,52,0.0726139086976561,6.347840566332833,173.9174115139732,1.2750929911593851,2012-01-10 10:45:00,2021-06-01 23:00:00,RBB_M,5,10,2.5,1,53,46,-48,37,7,6,-1,1750,10000,0,528,101678.43823266268,573323.9708749704,471645.53264230775,1.215582320186577,0.4015151515151515,192.57279968307327,2704.3583531838226,-1492.5491539313537,34861.667017302985,31199.467209614115,0.34861667017302983,5,5,1.0,105.6,27.368595141146724,0.25917230247298034,67,0.09826075393819868,2.916625822345109,181.03110654607806,1.553546381791218,True,False,False
618,51591.91872817325,149774.05648850114,98182.13776032791,1.5254715359133255,0.5161812297734628,83.48206913943892,469.51114886677476,-328.36835371347127,9762.611580761004,8157.791786658781,0.09762611580761003,10,7,0.7,61.8,12.568213874691981,0.20336915654841395,29,0.11612283760108426,5.284643181937555,116.94261631745917,1.2726633984203872,2012-01-10 13:30:00,2021-05-27 17:30:00,RBB_M,5,50,1.5,1,17,46,27,45,1,0,4,1250,6000,12,282,-2013.3413585753515,148843.02691294363,150856.36827151902,0.9866539186801072,0.42907801418439717,-7.139508363742381,1230.1076604375507,-936.996076220615,26247.05116800889,24106.67884643544,0.2624705116800889,5,2,0.4,56.4,17.3735431043872,0.30804154440402837,31,0.0,0.0,0.0,0.0,False,False,False
1105,128653.50243116725,500666.8331135221,372013.33068235486,1.3458303555821192,0.5013574660633484,116.42850898748168,903.7307456922781,-675.1603097683392,19004.99683636619,16768.3983785124,0.1900499683636619,10,8,0.8,110.5,20.800240383226342,0.18823746953146012,53,0.03879412457247564,6.769456661260153,163.23318920462683,1.2721220770760673,2012-01-10 10:45:00,2021-06-01 23:00:00,RBB_M,5,10,2.5,1,53,46,-48,37,7,6,-1,1750,5000,0,532,59473.47000562229,525653.3751498006,466179.90514417825,1.127576219715495,0.4116541353383459,111.79223685267347,2400.243722145208,-1489.3926681922628,28469.746241632194,26897.546433943324,0.28469746241632193,5,4,0.8,106.4,27.207351947589462,0.25570819499614156,69,0.08391977127832256,2.089005975004174,254.6665765275932,0.9979831360391093,True,True,True
618,51558.71409620299,149740.85185653088,98182.13776032791,1.5251333416885133,0.5161812297734628,83.4283399614935,469.40705911138207,-328.36835371347127,9762.611580761004,8157.791786658781,0.09762611580761003,10,7,0.7,61.8,12.568213874691981,0.20336915654841395,29,0.09680225908441653,5.281241978100284,117.0179292224555,1.2718443104545136,2012-01-10 13:30:00,2021-05-27 17:30:00,RBB_M,5,50,1.5,1,17,46,27,45,1,0,4,1250,5000,12,282,-2914.7989579429195,147941.5693135761,150856.36827151902,0.9806783167900693,0.42907801418439717,-10.336166517528083,1222.6575976328602,-936.996076220615,27247.05116800889,25106.67884643544,0.2724705116800889,5,2,0.4,56.4,17.3735431043872,0.30804154440402837,31,0.0,0.0,0.0,0.0,False,False,False
618,66014.08355781678,201692.1801163251,135678.09655850832,1.4865493048050655,0.5388349514563107,106.81890543336048,605.6822225715468,-476.0634966965204,16009.986686669661,13268.64027904439,0.1600998668666966,10,6,0.6,61.8,12.568213874691981,0.20336915654841395,29,0.06803093761146696,4.1233065866807905,149.87971110280262,1.2716160263480583,2012-01-10 13:30:00,2021-05-27 20:30:00,RBB_M,5,50,1.5,1,17,46,27,45,1,0,4,2000,4500,24,282,-9442.398347422575,198699.03440377003,208141.4327511926,0.9546347009213212,0.4326241134751773,-33.483682083058774,1628.6806098669674,-1300.8839546949537,29441.326480754862,26745.130091530802,0.29441326480754865,5,2,0.4,56.4,17.3735431043872,0.30804154440402837,31,0.0,0.0,0.0,0.0,False,False,False
618,63417.179285611914,199774.3287341756,136357.1494485637,1.4650814390156637,0.5420711974110033,102.61679496053708,596.3412798035092,-481.8273832104724,14852.028188255717,12484.529600374939,0.14852028188255717,10,6,0.6,61.8,12.568213874691981,0.20336915654841395,29,0.047163876313852354,4.269933943147187,144.73291817355337,1.2683202265755462,2012-01-10 13:30:00,2021-05-27 20:30:00,RBB_M,5,50,1.5,1,17,46,27,45,1,0,4,2500,3000,24,282,-6091.671056976746,207334.70322255912,213426.3742795359,0.9714577400401405,0.46099290780141844,-21.601670414811153,1594.882332481224,-1404.1208834179993,31096.432063782937,28812.869219026194,0.31096432063782936,5,1,0.2,56.4,17.3735431043872,0.30804154440402837,31,0.0,0.0,0.0,0.0,False,False,False
618,51465.04135236482,184565.6429171003,133100.60156473552,1.3866627253922212,0.45792880258899676,83.27676594233789,652.175416668199,-397.3152285514493,9787.142481572264,7635.0,0.09787142481572264,10,6,0.6,61.8,12.568213874691981,0.20336915654841395,29,0.04840178759295874,5.258433853319889,117.52548710103646,1.2679415981066415,2012-01-10 13:30:00,2021-05-27 23:00:00,RBB_M,5,50,1.5,1,17,46,27,45,1,0,4,500,2500,48,282,9042.908403486246,117918.90363745052,108875.99523396428,1.083056952857734,0.2198581560283688,32.067051076192364,1901.9178006040406,-494.89088742711033,17030.371759939,16311.889338399233,0.17030371759939,5,3,0.6,56.4,17.3735431043872,0.30804154440402837,31,0.27546447324841455,0.5309871405601445,531.086307857691,0.3701266138251219,False,False,False
618,65230.816084237726,202765.32873417562,137534.51264993788,1.4742868886318565,0.5436893203883495,105.55148233695425,603.4682402802846,-487.71103776573716,15810.923159536505,12954.75561526289,0.15810923159536505,10,6,0.6,61.8,12.568213874691981,0.20336915654841395,29,0.04585256140498817,4.125680418912994,149.79347337882908,1.2644133642001398,2012-01-10 13:30:00,2021-05-27 20:30:00,RBB_M,5,50,1.5,1,17,46,27,45,1,0,4,4000,3000,24,282,-10038.075884676407,217810.9728804655,227849.04876514187,0.9559441834886779,0.4787234042553192,-35.596013775448256,1613.4146139293741,-1549.9935290145704,37791.71022084513,34802.44526011745,0.3779171022084513,5,3,0.6,56.4,17.3735431043872,0.30804154440402837,31,0.0,0.0,0.0,0.0,False,False,False
1136,120696.04177323126,480581.14465176925,359885.102878538,1.3353738201660612,0.488556338028169,106.24651564545006,865.9119723455302,-619.4235849888778,16026.277100625739,14833.350921458456,0.16026277100625738,10,8,0.8,113.6,21.689628858051027,0.19092983149692805,57,0.033066535914230366,7.531134087811244,150.8404958342938,1.264159076360313,2012-01-10 10:45:00,2021-06-01 23:00:00,RBB_M,5,10,2.5,1,53,46,-48,37,7,6,-1,1250,4000,0,575,33916.59560500768,471546.48707063997,437629.89146563236,1.0775006375625307,0.34956521739130436,58.98538366088292,2346.0024232370147,-1170.1333996407282,21100.11669504334,19073.653703374104,0.2110011669504334,5,4,0.8,115.0,30.25227264190246,0.26306324036436923,72,0.11767100821318216,1.607412702744676,357.717715567496,0.6116533161232592,True,False,False
618,58525.25605800993,183284.80903164804,124759.55297363807,1.469104406540928,0.5339805825242718,94.70106158254035,555.4085122171152,-433.19289226957665,12732.951410349211,11908.983069459107,0.1273295141034921,10,6,0.6,61.8,12.568213874691981,0.20336915654841395,29,0.034019500880552,4.5963621608138086,134.4541570872605,1.2641355978803326,2012-01-10 13:30:00,2021-05-27 20:30:00,RBB_M,5,50,1.5,1,17,46,27,45,1,0,4,1250,2000,24,282,571.3759249888171,168158.05063694905,167586.67471196022,1.0034094353024838,0.425531914893617,2.026155762371692,1401.317088641242,-1034.4856463701249,28522.215900573225,27181.18229641333,0.2852221590057322,5,2,0.4,56.4,17.3735431043872,0.30804154440402837,31,3.4845710379536334,0.020032662503523577,14077.010479780138,0.018071098463263966,False,False,False
860,103634.96317788647,374401.4468365089,270766.4836586225,1.3827466449228167,0.48023255813953486,120.50577113707729,906.5410335024429,-605.7415741803635,20672.420452487975,18923.507846212393,0.20672420452487975,10,9,0.9,86.0,17.274258305351346,0.2008634686668761,52,0.037978874577929166,5.013199272725403,171.54714050145165,1.2624539227783154,2012-01-10 11:15:00,2021-05-31 19:00:00,RBB_M,5,10,1.5,1,29,46,52,-39,9,18,4,1000,3000,0,455,-49014.353863012875,281979.0516524848,330993.40551549767,0.8519174308422349,0.2571428571428571,-107.72385464398434,2410.077364551152,-979.2704305192239,58768.197832407226,57383.69783289112,0.5876819783240722,5,1,0.2,91.0,28.24889378365107,0.31042740421594583,53,0.0,0.0,0.0,0.0,False,False,False
618,43625.48949833446,186923.3556886438,143297.86619030932,1.3044392122377932,0.43851132686084143,70.59140695523375,689.7540800318959,-412.9621504043496,7111.314521642511,6725.0,0.0711131452164251,10,7,0.7,61.8,12.568213874691981,0.20336915654841395,29,0.034177266940624784,6.134658981200316,100.73909599439239,1.2608988509845005,2012-01-10 13:30:00,2021-05-27 16:45:00,RBB_M,5,50,1.5,1,17,46,27,45,1,0,4,500,1500,0,282,-615.4187424230331,102152.57649154124,102767.99523396428,0.9940115719780078,0.2624113475177305,-2.1823359660391244,1380.4402228586655,-494.0769001632898,19643.402511153137,18907.570810757272,0.19643402511153138,5,2,0.4,56.4,17.3735431043872,0.30804154440402837,31,0.0,0.0,0.0,0.0,False,False,False
1104,136026.53951423083,508039.8701965857,372013.33068235486,1.365649637513602,0.5009057971014492,123.2124452121656,918.6977761240248,-675.1603097683392,21675.201013863254,15165.002270126322,0.21675201013863254,10,8,0.8,110.4,21.077001684300356,0.19091487032880755,52,0.07048571295481247,6.275676033049453,175.9173026437358,1.2605972757049115,2012-01-10 10:45:00,2021-06-01 23:00:00,RBB_M,5,10,2.5,1,53,46,-48,37,7,6,-1,1750,0,0,528,112102.33831393876,585506.8709562465,473404.53264230775,1.2368003062586652,0.3996212121212121,212.31503468549008,2774.9140803613577,-1493.3896928779425,34861.667017302985,31199.467209614115,0.34861667017302983,5,5,1.0,105.6,27.368595141146724,0.25917230247298034,67,0.2129725588051477,3.21563332752558,164.19782550465553,1.712813307374439,True,False,False
618,57148.341344339235,179176.92616485286,122028.58482051363,1.4683192993542962,0.5242718446601942,92.47304424650362,553.0152042125088,-415.06321367521645,12287.888283087479,10439.854529969642,0.1228788828308748,10,6,0.6,61.8,12.568213874691981,0.20336915654841395,29,0.043588316675559007,4.650786207341724,132.88075874664503,1.256550312588542,2012-01-10 13:30:00,2021-05-27 20:30:00,RBB_M,5,50,1.5,1,17,46,27,45,1,0,4,1000,2500,24,282,23.562739759829128,154657.99359339447,154634.43085363467,1.0001523770587812,0.36879432624113473,0.08355581475116712,1487.0960922441775,-868.7327576046891,27893.68707099787,27157.855370602003,0.2789368707099787,5,3,0.6,56.4,17.3735431043872,0.30804154440402837,31,105.7177571619568,0.0008447337815131728,333832.9852215132,0.0007535760213452733,False,False,False
618,64900.64185945614,235798.7375949931,170898.09573553695,1.3797622295329095,0.5792880258899676,105.01721983730766,658.655691606126,-657.3003682136036,15866.348545015855,14099.314791898018,0.15866348545015854,10,7,0.7,61.8,12.568213874691981,0.20336915654841395,29,0.02297357864701547,4.090458600182686,151.0833039533512,1.255814161844552,2012-01-10 13:30:00,2021-05-27 16:45:00,RBB_M,5,50,1.5,1,17,46,27,45,1,0,4,5000,1500,48,282,-6713.2013159986745,221108.32803588244,227821.52935188112,0.9705330688671227,0.6028368794326241,-23.805678425527216,1300.6372237404848,-2034.120797784653,43287.47777739121,42469.88506630839,0.4328747777739121,5,2,0.4,56.4,17.3735431043872,0.30804154440402837,31,0.0,0.0,0.0,0.0,False,False,False
618,67369.86959880116,203047.96615730948,135678.09655850832,1.4965419718263022,0.5388349514563107,109.01273397864266,609.7536521240525,-476.0634966965204,17154.20064568527,14412.854238059997,0.1715420064568527,10,6,0.6,61.8,12.568213874691981,0.20336915654841395,29,0.07408356331580036,3.9273103416652906,157.35960396191928,1.2537049585286129,2012-01-10 13:30:00,2021-05-27 20:30:00,RBB_M,5,50,1.5,1,17,46,27,45,1,0,4,2000,5000,24,282,-10429.623330887523,197711.80942030504,208141.4327511926,0.9498916520702781,0.4326241134751773,-36.98447989676427,1620.588601805779,-1300.8839546949537,30492.204234298588,27734.330144028543,0.30492204234298587,5,2,0.4,56.4,17.3735431043872,0.30804154440402837,31,0.0,0.0,0.0,0.0,False,False,False
1168,114364.12430070344,465376.87695226393,351012.7526515605,1.3258118784482715,0.4726027397260274,97.91448998347897,843.0740524497535,-569.8258971616242,13964.495288330465,12676.125371841634,0.13964495288330464,10,8,0.8,116.8,22.833309002420126,0.1954906592672956,58,0.03489730738903976,8.189635353042274,142.61929251417928,1.2480664213577868,2012-01-10 10:45:00,2021-06-01 23:00:00,RBB_M,5,10,2.5,1,53,46,-48,37,7,6,-1,1000,4000,0,589,40925.7144869547,428699.64119345346,387773.9267064988,1.1055401399329534,0.3140916808149406,69.48338622572953,2317.2953578024512,-959.8364522438088,20981.349439595368,18798.09625691164,0.20981349439595368,5,4,0.8,117.8,30.837639338963676,0.261779620874055,73,0.09751815087485376,1.9505758962157567,301.96210316281366,0.7225495278079834,True,False,False
618,50558.71409620299,148740.85185653088,98182.13776032791,1.514948189655655,0.5161812297734628,81.81021698414723,466.27226287313755,-328.36835371347127,9762.611580761004,8157.791786658781,0.09762611580761003,10,7,0.7,61.8,12.568213874691981,0.20336915654841395,29,0.08882741739543726,5.178810370356032,119.33242497881106,1.247176427774558,2012-01-10 13:30:00,2021-05-27 17:30:00,RBB_M,5,50,1.5,1,17,46,27,45,1,0,4,1250,4500,12,282,-2592.7431690269877,148263.62510249205,150856.36827151902,0.9828131672614548,0.42907801418439717,-9.194124712861658,1225.3192157230749,-936.996076220615,27260.351494227776,25119.979172654326,0.27260351494227775,5,2,0.4,56.4,17.3735431043872,0.30804154440402837,31,0.0,0.0,0.0,0.0,False,False,False
618,64399.44471922106,197540.4091712993,133140.96445207827,1.4836936925028845,0.5339805825242718,104.20622122851304,598.6073005190888,-462.2950154586051,16019.235817495246,12777.889409869975,0.16019235817495245,10,6,0.6,61.8,12.568213874691981,0.20336915654841395,29,0.07750066823961846,4.0201321369455,153.7262903177996,1.2401553894371693,2012-01-10 13:30:00,2021-05-27 20:30:00,RBB_M,5,50,1.5,1,17,46,27,45,1,0,4,1500,5000,24,282,-17883.856724729238,178296.2635551156,196180.12027984485,0.9088396077073535,0.39361702127659576,-63.41793164797602,1606.2726446406812,-1147.2521653792096,34287.6213979653,31591.425008741237,0.34287621397965296,5,1,0.2,56.4,17.3735431043872,0.30804154440402837,31,0.0,0.0,0.0,0.0,False,False,False
850,94039.81992113669,374625.4451336933,280585.62521255657,1.3351555157178747,0.4988235294117647,110.63508226016081,883.550578145503,-658.6517023768934,18108.249614865912,16812.176308526134,0.18108249614865912,10,9,0.9,85.0,15.949921629901509,0.1876461368223707,52,0.041853964328323896,5.1932032041316125,163.67547476743377,1.238391554425422,2012-01-10 11:15:00,2021-05-31 19:00:00,RBB_M,5,10,1.5,1,29,46,52,-39,9,18,4,1250,2500,0,449,-11215.286824287956,340849.7064004678,352064.99322475574,0.9681442715404306,0.34521158129175944,-24.97836709195536,2199.0303638739856,-1197.4999769549515,42429.03925156226,40724.01897566078,0.4242903925156226,5,2,0.4,89.8,27.650678111033734,0.3079140101451418,53,0.0,0.0,0.0,0.0,False,False,False
618,57438.95813677999,229614.039059649,172175.08092286898,1.3336078474823632,0.5857605177993528,92.94329795595468,634.2929255791408,-672.5589098549569,12794.056624680154,11420.78781097108,0.12794056624680153,10,8,0.8,61.8,12.568213874691981,0.20336915654841395,29,0.017253098456976212,4.489503198381846,137.65442916328607,1.2377054381751484,2012-01-10 13:30:00,2021-05-27 15:30:00,RBB_M,5,50,1.5,1,17,46,27,45,1,0,4,3000,1000,0,282,-3479.4560779511885,178918.50621288322,182397.9622908344,0.9809238215479449,0.6595744680851063,-12.338496730323364,961.9274527574366,-1899.9787738628584,23746.75925587777,23070.388168453428,0.2374675925587777,5,2,0.4,56.4,17.3735431043872,0.30804154440402837,31,0.0,0.0,0.0,0.0,False,False,False
1117,125396.56622480044,486518.61977741926,361122.05355261883,1.3472415073828465,0.4986571172784244,112.26192141880075,873.4625130653847,-644.8608099153907,18680.62156148418,16444.023103630374,0.1868062156148418,10,8,0.8,111.7,20.547749268472206,0.18395478306600005,56,0.031827027805891195,6.71265491954207,166.40211859366673,1.2372007213952199,2012-01-10 10:45:00,2021-06-01 23:00:00,RBB_M,5,10,2.5,1,53,46,-48,37,7,6,-1,1500,4000,0,558,1711.152645073933,474762.569286275,473051.4166412011,1.0036172656605145,0.36917562724014336,3.0665818012077652,2304.672666438228,-1343.8960700034122,29763.554193346325,28554.554193346325,0.29763554193346325,5,3,0.6,111.6,28.569914245583586,0.2560028158206415,72,2.3323459841466097,0.05749154264165343,9705.775395139965,0.02677413896761285,False,False,False
618,63906.81134204273,202169.07413719318,138262.26279515043,1.4622144180927168,0.540453074433657,103.4090798414931,605.296629153273,-486.8389535040508,15880.765276924692,13929.086692515571,0.15880765276924694,10,6,0.6,61.8,12.568213874691981,0.20336915654841395,29,0.121001789264279,4.024164467369943,153.57225208141253,1.2360223248067854,2012-01-10 13:30:00,2021-05-27 20:30:00,RBB_M,5,50,1.5,1,17,46,27,45,1,0,4,2250,0,24,282,-3606.428180474257,211824.30087401063,215430.72905448492,0.9832594532994308,0.43617021276595747,-12.788752413029279,1722.1487875935823,-1354.9102456256912,27288.98126512082,25326.073441190107,0.2728898126512082,5,1,0.2,56.4,17.3735431043872,0.30804154440402837,31,0.0,0.0,0.0,0.0,False,False,False
618,72834.50247590081,252493.61337091867,179659.11089501786,1.4054038902511377,0.56957928802589,117.8551819998395,717.311401621928,-675.4101913346536,20632.004547619115,18479.86206604686,0.20632004547619115,10,7,0.7,61.8,12.568213874691981,0.20336915654841395,29,0.027335945634540088,3.530170920028502,175.06234513852104,1.235894288199046,2012-01-10 13:30:00,2021-05-27 23:00:00,RBB_M,5,50,1.5,1,17,46,27,45,1,0,4,5000,2000,48,282,3387.586688674557,258395.89578387229,255008.3090951977,1.0132842208188988,0.5602836879432624,12.012718754165096,1635.4170619232423,-2056.5186217354653,33583.545072739405,31479.69045215519,0.33583545072739407,5,2,0.4,56.4,17.3735431043872,0.30804154440402837,31,0.5877340369344195,0.10087043167531307,2795.665640727266,0.09873733358932593,False,False,False
618,66071.91499174504,204322.71896848446,138250.8039767394,1.4779134232222013,0.5420711974110033,106.91248380541269,609.9185640850283,-488.51874196727704,16990.860643982087,14207.894397099924,0.16990860643982086,10,6,0.6,61.8,12.568213874691981,0.20336915654841395,29,0.11703669432811238,3.8886738215433923,158.92307464212038,1.235446902800544,2012-01-10 13:30:00,2021-05-27 20:30:00,RBB_M,5,50,1.5,1,17,46,27,45,1,0,4,3000,0,24,282,-15507.52496234855,215384.04374725503,230891.56870960363,0.9328363307113535,0.44680851063829785,-54.99122327073954,1709.3971725972622,-1480.074158394895,35127.13332080292,32624.476768260523,0.35127133320802917,5,1,0.2,56.4,17.3735431043872,0.30804154440402837,31,0.0,0.0,0.0,0.0,False,False,False
823,76569.55744076535,360835.03325585934,284265.47581509396,1.2693593276538848,0.5455650060753341,93.03712933264319,803.6414994562568,-760.0681171526577,12870.450360257644,12071.524292993097,0.12870450360257643,10,9,0.9,82.3,14.724469430169632,0.17891214374446698,47,0.026002501079364984,5.949252380258787,138.33670979078556,1.2352725321824758,2012-01-10 11:15:00,2021-05-31 19:00:00,RBB_M,5,10,1.5,1,29,46,52,-39,9,18,4,2500,2000,48,427,-73304.99825255407,376619.0895425479,449924.0877951019,0.837072519029171,0.48711943793911006,-171.67446897553646,1810.668699723788,-2054.447889475351,89067.12209114144,87430.12190267687,0.8906712209114144,5,0,0.0,85.4,24.368832553078942,0.2853493273194255,53,0.0,0.0,0.0,0.0,False,False,False
826,76856.41410818204,366214.16730269836,289357.7531945163,1.265610350024098,0.5314769975786925,93.04650618423976,834.2008366804063,-747.6944526990085,12881.287660232534,12118.789839290286,0.12881287660232535,10,10,1.0,82.6,15.14727698300919,0.18338107727614034,47,0.025905450092916064,5.96651640235124,138.4392406387245,1.2348772383251758,2012-01-10 11:15:00,2021-05-31 19:00:00,RBB_M,5,10,1.5,1,29,46,52,-39,9,18,4,2250,2000,0,429,-63341.888278948914,373348.5228035004,436690.41108244937,0.8549501278905122,0.47785547785547783,-147.65008922831916,1821.2123063585386,-1949.5107637609347,75685.38601176589,74342.07431342278,0.7568538601176589,5,1,0.2,85.8,24.71760506197961,0.2880839750813475,53,0.0,0.0,0.0,0.0,False,False,False
618,56100.006760396165,178128.5915809098,122028.58482051363,1.4597284057904232,0.5242718446601942,90.77670996827858,549.7796036447833,-415.06321367521645,12287.888283087479,10439.854529969642,0.1228788828308748,10,6,0.6,61.8,12.568213874691981,0.20336915654841395,29,0.03549019180164427,4.5654717448570725,135.3638866993683,1.233500034694842,2012-01-10 13:30:00,2021-05-27 20:30:00,RBB_M,5,50,1.5,1,17,46,27,45,1,0,4,1000,2000,24,282,5624.073963628682,154839.47359823337,149215.39963460466,1.037690975444899,0.3900709219858156,19.94352469371873,1407.631578165758,-867.5313932244458,24368.37957772451,22666.504415293923,0.2436837957772451,5,2,0.4,56.4,17.3735431043872,0.30804154440402837,31,0.3540138363890571,0.2307939247946437,1221.8692508952242,0.19243849176637035,False,False,False
618,63664.97282348085,201927.23561863127,138262.26279515043,1.4604652892004737,0.540453074433657,103.01775537780073,604.572561732429,-486.8389535040508,15880.7652769247,13929.086692515579,0.158807652769247,10,6,0.6,61.8,12.568213874691981,0.20336915654841395,29,0.11766281626742763,4.008936075391043,154.15561345405553,1.2313449234208702,2012-01-10 13:30:00,2021-05-27 20:30:00,RBB_M,5,50,1.5,1,17,46,27,45,1,0,4,2250,7500,24,282,-9356.394086201151,206074.33496828374,215430.72905448492,0.956568897449004,0.43617021276595747,-33.17870243333741,1675.40109730312,-1354.9102456256912,28491.870408603092,25988.913605083755,0.2849187040860309,5,1,0.2,56.4,17.3735431043872,0.30804154440402837,31,0.0,0.0,0.0,0.0,False,False,False
618,65830.07647318316,204080.88044992255,138250.8039767394,1.4761641493546684,0.5420711974110033,106.52115934172032,609.1966580594703,-488.51874196727704,16990.860643982087,14207.894397099924,0.16990860643982086,10,6,0.6,61.8,12.568213874691981,0.20336915654841395,29,0.11379297125762217,3.874440374302005,159.50690688105766,1.230924880867738,2012-01-10 13:30:00,2021-05-27 20:30:00,RBB_M,5,50,1.5,1,17,46,27,45,1,0,4,3000,7500,24,282,-21257.490868075445,209634.0778415282,230891.56870960363,0.9079330138086967,0.44680851063829785,-75.38117329104767,1663.7625225518111,-1480.074158394895,37788.28695811526,35285.63040557287,0.37788286958115264,5,1,0.2,56.4,17.3735431043872,0.30804154440402837,31,0.0,0.0,0.0,0.0,False,False,False
618,49935.201703776846,169012.44559624366,119077.24389246681,1.4193513392774781,0.5064724919093851,80.80129725530234,539.9758645247401,-390.4171930900551,9787.888283087479,7939.854529969642,0.09787888283087479,10,6,0.6,61.8,12.568213874691981,0.20336915654841395,29,0.05989762528132085,5.101733924574929,121.13528638236285,1.2302041455141,2012-01-10 13:30:00,2021-05-27 20:30:00,RBB_M,5,50,1.5,1,17,46,27,45,1,0,4,750,3000,24,282,8851.410761926156,146741.32026171943,137889.90949979328,1.0641918672224484,0.30851063829787234,31.387981425270056,1686.6818420887291,-707.1277410245809,21210.663470027852,19660.10732594563,0.21210663470027852,5,4,0.8,56.4,17.3735431043872,0.30804154440402837,31,0.33791223573824164,0.41730947145683667,675.7574876398844,0.32463071991252845,False,False,False
618,45997.96580561014,154416.77817330614,108418.81236769605,1.4242618490378836,0.4741100323624595,74.43036538124618,527.0197207280073,-333.5963457467571,8312.991339012042,6990.411713480804,0.08312991339012042,10,6,0.6,61.8,12.568213874691981,0.20336915654841395,29,0.08676470644084956,5.533262808749272,111.6881704991149,1.2296311077940536,2012-01-10 13:30:00,2021-05-27 20:30:00,RBB_M,5,50,1.5,1,17,46,27,45,1,0,4,500,4000,24,282,-1726.9165188494007,105851.92243643843,107578.83895528782,0.9839474330117363,0.2198581560283688,-6.123817442728371,1707.2890715554586,-488.9947225240356,17310.511779005064,15643.16494223247,0.17310511779005064,5,3,0.6,56.4,17.3735431043872,0.30804154440402837,31,0.0,0.0,0.0,0.0,False,False,False
618,62789.161876263446,202765.32873417562,139976.16685791218,1.448570376555602,0.5436893203883495,101.60058556029684,603.4682402802846,-496.3693860209652,15571.688098945262,12715.520554671646,0.15571688098945263,10,6,0.6,61.8,12.568213874691981,0.20336915654841395,29,0.04763560956418349,4.032264291275936,153.26376332451295,1.2263988017287637,2012-01-10 13:30:00,2021-05-27 20:30:00,RBB_M,5,50,1.5,1,17,46,27,45,1,0,4,5000,3000,24,282,-21109.912205281187,217810.9728804655,238920.88508574665,0.9116447597383336,0.4787234042553192,-74.85784469957868,1613.4146139293741,-1625.3121434404534,44299.165024373644,42402.30735256314,0.44299165024373643,5,2,0.4,56.4,17.3735431043872,0.30804154440402837,31,0.0,0.0,0.0,0.0,False,False,False
1097,127870.73274224834,509669.19693146425,381798.4641892158,1.3349168337117168,0.5059252506836828,116.56402255446521,918.3228773539896,-704.4252106812099,20524.20969828627,19146.306168645853,0.20524209698286272,10,8,0.8,109.7,20.95733761716884,0.19104227545276972,51,0.05858260009426678,6.230239050467569,176.07671087960452,1.225560229578626,2012-01-10 10:45:00,2021-06-01 23:00:00,RBB_M,5,10,2.5,1,53,46,-48,37,7,6,-1,2000,7500,0,520,76303.40249207191,568875.2176032843,492571.8151112124,1.1549081781604662,0.4230769230769231,146.73731248475366,2585.796443651292,-1641.9060503707078,30122.356475337394,28823.89767836759,0.3012235647533739,5,5,1.0,104.0,26.48018126826174,0.25461712757943983,66,0.09817386584796571,2.5331153143528176,205.2808243879155,1.2735014489671361,True,False,False
1098,124780.87936626433,508588.3435554801,383807.4641892158,1.3251132169351134,0.505464480874317,113.64378812956679,916.3753937936578,-706.827742521576,19573.183821238592,18195.280291598174,0.1957318382123859,10,8,0.8,109.8,20.677524029728513,0.188319890981134,52,0.0504899055242767,6.375093623290163,172.2327647061795,1.223540414638613,2012-01-10 10:45:00,2021-06-01 23:00:00,RBB_M,5,10,2.5,1,53,46,-48,37,7,6,-1,2000,6000,0,521,60750.96734674947,553322.7824579619,492571.8151112124,1.123334233675212,0.42418426103646834,116.60454385172643,2503.722997547339,-1641.9060503707078,31622.356475337394,30323.89767836759,0.31622356475337393,5,3,0.6,104.2,26.19465594353169,0.2513882528170028,67,0.0986157136528387,1.92113979216349,271.1931750751341,0.9876924044559352,True,False,False
618,49558.71409620299,147740.85185653088,98182.13776032791,1.5047630376227963,0.5161812297734628,80.19209400680096,463.13746663489303,-328.36835371347127,9762.611580761004,8157.791786658781,0.09762611580761003,10,7,0.7,61.8,12.568213874691981,0.20336915654841395,29,0.08053074162200217,5.076378762611781,121.74032492446267,1.2225085450946023,2012-01-10 13:30:00,2021-05-27 17:30:00,RBB_M,5,50,1.5,1,17,46,27,45,1,0,4,1250,4000,12,282,-4347.330120443337,146509.03815107566,150856.36827151902,0.9711823228263137,0.42907801418439717,-15.416064256891268,1210.8184971163278,-936.996076220615,28260.351494227776,26119.979172654326,0.28260351494227776,5,2,0.4,56.4,17.3735431043872,0.30804154440402837,31,0.0,0.0,0.0,0.0,False,False,False
618,64309.20631854658,204322.71896848446,140013.51264993788,1.4593071418708894,0.5420711974110033,104.06020439894269,609.9185640850283,-494.7473945227487,16449.75561526289,13564.103890023238,0.1644975561526289,10,6,0.6,61.8,12.568213874691981,0.20336915654841395,29,0.12024465797724769,3.9094323236557598,158.07921683680672,1.2221043899878345,2012-01-10 13:30:00,2021-05-27 20:30:00,RBB_M,5,50,1.5,1,17,46,27,45,1,0,4,4000,0,24,282,-7305.056346879981,226701.02962732385,234006.08597420386,0.9687826223986102,0.46099290780141844,-25.904455130780075,1743.8540740563374,-1539.5137235144991,33453.64653233658,30464.381571608894,0.3345364653233658,5,2,0.4,56.4,17.3735431043872,0.30804154440402837,31,0.0,0.0,0.0,0.0,False,False,False
876,97521.28764897119,353094.3577086206,255573.07005964944,1.381578887111268,0.4440639269406393,111.32567083215889,907.6975776571223,-524.7906982744341,18914.593834715473,16966.168852371004,0.18914593834715474,10,9,0.9,87.6,18.78935869049287,0.21449039601019262,49,0.06532870332222761,5.155875325748869,169.90325495754007,1.2192707787581547,2012-01-10 11:15:00,2021-05-31 19:00:00,RBB_M,5,10,1.5,1,29,46,52,-39,9,18,4,750,6000,0,460,-32912.45637874461,248038.22200252325,280950.6783812679,0.882853258912298,0.1826086956521739,-71.54881821466219,2952.835976220515,-747.2092510140103,63916.776227661336,59788.89156785461,0.6391677622766133,5,3,0.6,92.0,27.210292170426982,0.2957640453307281,54,0.0,0.0,0.0,0.0,False,False,False
618,64067.367799984684,204080.88044992255,140013.51264993788,1.4575798905936033,0.5420711974110033,103.6688799352503,609.1966580594703,-494.7473945227487,16449.75561526289,13564.103890023238,0.1644975561526289,10,6,0.6,61.8,12.568213874691981,0.20336915654841395,29,0.11692379845206924,3.894730675545103,158.67592690822076,1.217508595200092,2012-01-10 13:30:00,2021-05-27 20:30:00,RBB_M,5,50,1.5,1,17,46,27,45,1,0,4,4000,7500,24,282,-13055.022252606876,220951.063721597,234006.08597420386,0.9442107576037744,0.46099290780141844,-46.29440515108821,1699.6235670892077,-1539.5137235144991,35426.499843430036,32437.234882702352,0.35426499843430037,5,2,0.4,56.4,17.3735431043872,0.30804154440402837,31,0.0,0.0,0.0,0.0,False,False,False
875,102286.63759041656,357100.707650066,254814.07005964944,1.4014167568002516,0.44457142857142856,116.8990143890475,917.9966777636658,-524.3087861309659,20962.167025897055,19013.742043552586,0.20962167025897055,10,9,0.9,87.5,18.607794065928395,0.21266050361061023,49,0.07323537244420913,4.8795831778293595,179.31859507500727,1.2161751230016173,2012-01-10 11:15:00,2021-05-31 19:00:00,RBB_M,5,10,1.5,1,29,46,52,-39,9,18,4,750,7500,0,459,-46534.1087046078,235934.56967666006,282468.6783812679,0.8352592260094853,0.17647058823529413,-101.38150044576864,2912.772465143951,-747.2716359292801,64326.012430368246,62038.89156785461,0.6432601243036825,5,3,0.6,91.8,27.080620376941145,0.2949958646725615,54,0.0,0.0,0.0,0.0,False,False,False
877,99924.8459487161,355497.91600836563,255573.07005964944,1.3909834706974182,0.44469783352337516,113.93939104756682,911.5331179701683,-524.7906982744341,19914.59383471546,18423.132317102107,0.19914593834715458,10,9,0.9,87.7,18.585209172887993,0.21191800653236023,50,0.04994753759802146,5.017669292080937,174.78234394285658,1.2161622595354056,2012-01-10 11:15:00,2021-05-31 19:00:00,RBB_M,5,10,1.5,1,29,46,52,-39,9,18,4,750,5000,0,465,-17889.296517571383,263061.3818636965,280950.67838126794,0.9363258468687713,0.1913978494623656,-38.47160541413201,2955.7458636370393,-747.2092510140104,51807.21612483247,48480.227368744134,0.5180721612483247,5,3,0.6,93.0,27.885480092693403,0.2998438719644452,54,0.0,0.0,0.0,0.0,False,False,False
855,83752.10456154111,355071.81511241244,271319.7105508713,1.3086841880801652,0.5181286549707602,97.95567784975569,801.5165126691026,-658.5429867739596,14807.333513744525,14065.176308526134,0.14807333513744525,10,8,0.8,85.5,16.07638018958248,0.18802783847464888,53,0.023772536946065775,5.656123331307449,151.16360622256116,1.2125357156794447,2012-01-10 11:15:00,2021-05-31 19:00:00,RBB_M,5,10,1.5,1,29,46,52,-39,9,18,4,1250,2000,48,463,-21115.850323974984,323664.8685311718,344780.7188551467,0.9387557100231978,0.3801295896328294,-45.606588172732145,1839.0049348362036,-1201.3265465336124,47624.09970698576,45889.74403361815,0.4762409970698576,5,2,0.4,92.6,27.236739893019504,0.29413326018379593,56,0.0,0.0,0.0,0.0,False,False,False
618,39456.35685579619,136050.4255090157,96594.06865321953,1.4084759800050217,0.34951456310679613,63.845237630738175,629.863081060258,-240.28375286870528,6326.239789316649,5170.0,0.06326239789316648,10,7,0.7,61.8,12.568213874691981,0.20336915654841395,29,0.10114973398548115,6.2369366590288875,99.0871053829533,1.209091137168948,2012-01-10 13:30:00,2021-05-27 23:00:00,RBB_M,5,50,1.5,1,17,46,27,45,1,0,4,250,4000,48,282,-5007.977841192667,60385.527646440096,65393.50548763276,0.9234178103184913,0.08865248226950355,-17.758786670895983,2415.421105857604,-254.44943769506912,17024.622729020346,15349.72815361333,0.17024622729020347,5,2,0.4,56.4,17.3735431043872,0.30804154440402837,31,0.0,0.0,0.0,0.0,False,False,False
876,96235.78038591638,346828.00521371583,250592.22482779942,1.3840333851221729,0.4554794520547945,109.85819678757578,869.2431208363805,-525.3505761589087,18824.593834715473,16966.168852371004,0.18824593834715472,10,8,0.8,87.6,18.78935869049287,0.21449039601019262,49,0.06620135715503184,5.112236748951399,171.35356655375585,1.2060713851376503,2012-01-10 11:15:00,2021-05-31 19:00:00,RBB_M,5,10,1.5,1,29,46,52,-39,9,18,4,750,6000,48,460,-33766.84167361527,247331.8872846081,281098.72895822336,0.8798755092249682,0.18478260869565216,-73.40617755133755,2909.7869092306832,-749.5966105552623,63136.38127458949,58803.599195614646,0.6313638127458949,5,3,0.6,92.0,27.210292170426982,0.2957640453307281,54,0.0,0.0,0.0,0.0,False,False,False
877,98802.68023412801,349394.9050619274,250592.22482779942,1.3942767190882424,0.45610034207525657,112.65984063184494,873.4872626548184,-525.3505761589087,19824.593834715473,17966.168852371004,0.19824593834715473,10,8,0.8,87.7,18.585209172887993,0.21191800653236023,50,0.05051482397211356,4.983843858687864,175.96859469648285,1.205231123090737,2012-01-10 11:15:00,2021-05-31 19:00:00,RBB_M,5,10,1.5,1,29,46,52,-39,9,18,4,750,5000,48,465,-17930.50154787885,263168.2274103446,281098.7289582234,0.9362127974952755,0.1935483870967742,-38.560218382535155,2924.0914156704953,-749.5966105552625,50842.21612483247,47515.227368744134,0.5084221612483247,5,3,0.6,93.0,27.885480092693403,0.2998438719644452,54,0.0,0.0,0.0,0.0,False,False,False
618,42404.30471651759,139257.37336973712,96853.06865321953,1.4378209725945323,0.3478964401294498,68.61537980019027,647.7087133476145,-240.33019516927922,7359.329419092181,5170.0,0.07359329419092181,10,7,0.7,61.8,12.568213874691981,0.20336915654841395,29,0.17665659300580536,5.761979427977342,107.25480847767273,1.2047743275710248,2012-01-10 13:30:00,2021-05-27 23:00:00,RBB_M,5,50,1.5,1,17,46,27,45,1,0,4,250,7500,48,282,10210.829485026072,75604.33497265883,65393.50548763276,1.1561443970450116,0.08865248226950355,36.20861519512791,3024.173398906353,-254.44943769506912,16211.96250191774,14537.067926510725,0.1621196250191774,5,2,0.4,56.4,17.3735431043872,0.30804154440402837,31,0.7336328562714093,0.6298330312457986,447.73771144109253,0.42834872136810637,True,False,False
875,101086.13032736175,350919.35515516123,249833.22482779942,1.4046144398809912,0.456,115.52700608841343,879.4971307146898,-524.8597160247887,20872.167025897055,19013.742043552586,0.20872167025897057,10,8,0.8,87.5,18.607794065928395,0.21266050361061023,49,0.07410512179802331,4.843106621460989,180.66915894906404,1.204489733334803,2012-01-10 11:15:00,2021-05-31 19:00:00,RBB_M,5,10,1.5,1,29,46,52,-39,9,18,4,750,7500,48,459,-48609.1087046078,234007.6202536156,282616.72895822336,0.8280034275260711,0.1786492374727669,-105.90219761352462,2853.7514665075073,-749.6464959104068,67028.74813330852,65060.059489303414,0.6702874813330851,5,3,0.6,91.8,27.080620376941145,0.2949958646725615,54,0.0,0.0,0.0,0.0,False,False,False
618,64700.042990912574,200378.13954942088,135678.09655850832,1.4768643180589731,0.5388349514563107,104.69262619888767,601.7361548030657,-476.0634966965204,17154.20064568527,14412.854238059997,0.1715420064568527,10,6,0.6,61.8,12.568213874691981,0.20336915654841395,29,0.11951829026833882,3.7716734418159166,163.85299775646976,1.2040214000379326,2012-01-10 13:30:00,2021-05-27 20:30:00,RBB_M,5,50,1.5,1,17,46,27,45,1,0,4,2000,0,24,282,352.9726948837488,210503.40544607633,210150.4327511926,1.0016796191673878,0.42907801418439717,1.2516762229920169,1739.6975656700522,-1305.2821910011962,27808.00281701904,25050.128726748997,0.2780800281701904,5,4,0.8,56.4,17.3735431043872,0.30804154440402837,31,29.973458065641594,0.012693205520956097,22216.610259278208,0.011306038439334181,False,False,False
618,64353.185680796276,202603.9896575357,138250.8039767394,1.4654814571033068,0.5420711974110033,104.13136841552796,604.7880288284648,-488.51874196727704,16990.860643982087,14207.894397099924,0.16990860643982086,10,6,0.6,61.8,12.568213874691981,0.20336915654841395,29,0.09309562435209455,3.787517714918651,163.16755366338225,1.2033092115556412,2012-01-10 13:30:00,2021-05-27 20:30:00,RBB_M,5,50,1.5,1,17,46,27,45,1,0,4,3000,6000,24,282,-18421.17502541242,209461.3936841912,227882.56870960363,0.9191637380176849,0.450354609929078,-65.32331569295184,1649.3023124739464,-1470.2101207071203,37799.46810646786,35384.36086696561,0.3779946810646786,5,1,0.2,56.4,17.3735431043872,0.30804154440402837,31,0.0,0.0,0.0,0.0,False,False,False
618,48765.28388491778,146947.42164524566,98182.13776032791,1.4966818302933933,0.5161812297734628,78.90822635099964,460.6502245932466,-328.36835371347127,9762.611580761004,8157.791786658781,0.09762611580761003,10,7,0.7,61.8,12.568213874691981,0.20336915654841395,29,0.061334616795393294,4.995106430436976,123.72108754966747,1.2029363017278862,2012-01-10 13:30:00,2021-05-27 17:30:00,RBB_M,5,50,1.5,1,17,46,27,45,1,0,4,1250,3000,12,282,2304.005727242831,151901.37399876182,149597.36827151902,1.0154013787399057,0.4326241134751773,8.170233075329188,1245.0932294980478,-934.9835516969939,24637.734293124835,23118.00520274383,0.24637734293124836,5,3,0.6,56.4,17.3735431043872,0.30804154440402837,31,1.2981738563555068,0.0935153249008682,3015.5485242545733,0.07840385504027252,False,False,False
618,62188.08203109397,200450.34482624443,138262.26279515043,1.4497834823029907,0.540453074433657,100.62796445160836,600.1507330127079,-486.8389535040508,15880.765276924692,13929.086692515571,0.15880765276924694,10,6,0.6,61.8,12.568213874691981,0.20336915654841395,29,0.09633678679790297,3.9159373586016932,157.8166204938161,1.2027803627370104,2012-01-10 13:30:00,2021-05-27 20:30:00,RBB_M,5,50,1.5,1,17,46,27,45,1,0,4,2250,6000,24,282,-7270.078243538126,205901.6508109468,213171.72905448492,0.9658956735220741,0.4397163120567376,-25.78041930332669,1660.4971839592483,-1349.1881585726894,30067.70500192298,27652.59776242073,0.3006770500192298,5,2,0.4,56.4,17.3735431043872,0.30804154440402837,31,0.0,0.0,0.0,0.0,False,False,False
618,48710.03117522388,167787.2750676907,119077.24389246681,1.409062467210038,0.5064724919093851,78.8188206718833,536.0615816859128,-390.4171930900551,9787.888283087479,7939.854529969642,0.09787888283087479,10,6,0.6,61.8,12.568213874691981,0.20336915654841395,29,0.12299314649273502,4.976561824820792,124.18212045868722,1.2000208317041636,2012-01-10 13:30:00,2021-05-27 20:30:00,RBB_M,5,50,1.5,1,17,46,27,45,1,0,4,750,6000,24,282,4592.837384581173,146396.74688437447,141803.90949979328,1.0323886513480638,0.2872340425531915,16.28665739213182,1807.3672454861046,-705.4920870636482,23369.480896496694,21510.197724645055,0.23369480896496694,5,3,0.6,56.4,17.3735431043872,0.30804154440402837,31,1.3044224078371822,0.196531425106224,1434.8850309693769,0.16047625564093437,False,False,False
618,64458.20447235069,200136.30103085903,135678.09655850832,1.4750818747265848,0.5388349514563107,104.3013017351953,601.0099130055827,-476.0634966965204,17154.200645685276,14412.854238060005,0.17154200645685275,10,6,0.6,61.8,12.568213874691981,0.20336915654841395,29,0.11621484124977853,3.7575755235533865,164.46775217855966,1.1995209586434363,2012-01-10 13:30:00,2021-05-27 20:30:00,RBB_M,5,50,1.5,1,17,46,27,45,1,0,4,2000,7500,24,282,-5396.993210843146,204753.43954034944,210150.4327511926,0.9743184292309647,0.42907801418439717,-19.13827379731612,1692.1771862838798,-1305.2821910011962,27808.00281701904,25050.128726748997,0.2780800281701904,5,3,0.6,56.4,17.3735431043872,0.30804154440402837,31,0.0,0.0,0.0,0.0,False,False,False
618,48686.921967610746,167764.16586007754,119077.24389246681,1.4088683981599175,0.5064724919093851,78.78142713205622,535.9877503516855,-390.4171930900551,9787.888283087479,7939.854529969642,0.09787888283087479,10,6,0.6,61.8,12.568213874691981,0.20336915654841395,29,0.12257687590842258,4.9742008244757985,124.24106340039606,1.1994515130264527,2012-01-10 13:30:00,2021-05-27 20:30:00,RBB_M,5,50,1.5,1,17,46,27,45,1,0,4,750,0,24,282,16048.462306955182,157852.37180674844,141803.90949979328,1.1131736237989867,0.2872340425531915,56.90944080480561,1948.794713663561,-705.4920870636482,23369.480896496694,21510.197724645055,0.23369480896496694,5,3,0.6,56.4,17.3735431043872,0.30804154440402837,31,0.6592414940482744,0.6867273765315428,410.643305680194,0.5607420694799307,True,False,False
1191,134134.65878061837,532066.0097224328,397931.3509418145,1.3370798969800988,0.47439126784214947,112.62355900975514,941.70975172112,-635.6730845715887,20034.649426622607,18630.38066788696,0.20034649426622608,10,8,0.8,119.1,24.427238894316318,0.20509856334438556,62,0.05584686365253127,6.695133811644164,177.8903952492503,1.1985101829653158,2012-01-10 10:45:00,2021-06-01 23:00:00,RBB_M,6,10,2.5,1,53,46,52,37,7,6,-1,1250,7500,368,637,53495.430765305784,553628.7606785428,500133.32991323696,1.1069623389718621,0.32967032967032966,83.98026807740311,2636.3274318025847,-1171.2724353939975,29324.987521733063,24804.215911379943,0.29324987521733065,5,4,0.8,127.4,34.47665877082639,0.27061741578356663,81,0.14003065108241458,1.8242268892922715,349.189020148218,0.7386891044835324,True,False,False
618,61899.44471922106,195040.4091712993,133140.96445207827,1.4649166015430257,0.5339805825242718,100.16091378514734,591.0315429433313,-462.2950154586051,16019.235817495246,12777.889409869975,0.16019235817495245,10,6,0.6,61.8,12.568213874691981,0.20336915654841395,29,0.07255315488485233,3.8640697611566592,159.9350007115321,1.1920122961681126,2012-01-10 13:30:00,2021-05-27 20:30:00,RBB_M,5,50,1.5,1,17,46,27,45,1,0,4,1500,4500,24,282,-16396.63174126429,179783.48853858054,196180.12027984485,0.9164205235582737,0.39361702127659576,-58.144084188880456,1619.67106791514,-1147.2521653792096,34332.52923479412,31636.33284557006,0.34332529234794124,5,1,0.2,56.4,17.3735431043872,0.30804154440402837,31,0.0,0.0,0.0,0.0,False,False,False
618,41919.5027278779,145360.37283117563,103440.87010329774,1.4052508712080283,0.313915857605178,67.83091056290922,749.2802723256476,-243.96431628136258,7359.329419092181,6113.126499719874,0.07359329419092181,10,8,0.8,61.8,12.568213874691981,0.20336915654841395,29,0.10713390445381718,5.6961035905155795,108.49521785892628,1.1910003252905215,2012-01-10 13:30:00,2021-05-27 23:00:00,RBB_M,5,50,1.5,1,17,46,27,45,1,0,4,250,4500,0,282,7059.4589858970285,72452.96447352979,65393.50548763276,1.1079535182164553,0.08865248226950355,25.033542503180954,2898.1185789411916,-254.44943769506912,14336.230773635769,12661.336198228753,0.1433623077363577,5,2,0.4,56.4,17.3735431043872,0.30804154440402837,31,0.6361677302710952,0.4924208529678056,572.6808649560523,0.3149257512957561,False,False,False
618,50416.72949658075,152012.61779488178,101595.88829830104,1.4962477354255668,0.517799352750809,81.58046844106917,475.03943060900554,-340.92579965872835,10662.576408951027,9514.791836390039,0.10662576408951027,10,6,0.6,61.8,12.568213874691981,0.20336915654841395,29,0.15337842410199037,4.728381543344147,130.7001125723284,1.1900315382207483,2012-01-10 13:30:00,2021-05-27 17:30:00,RBB_M,5,50,1.5,1,17,46,27,45,1,0,4,1750,0,12,282,-23947.82540924033,146841.1165105601,170788.94191980048,0.8597811711926533,0.450354609929078,-84.92136669943379,1156.229263862678,-1101.8641414180677,35719.90374351742,33023.70735429336,0.35719903743517417,5,0,0.0,56.4,17.3735431043872,0.30804154440402837,31,0.0,0.0,0.0,0.0,False,False,False
618,61729.61811133248,194870.58256341072,133140.96445207827,1.4636410616775344,0.5339805825242718,99.88611344875805,590.5169168588203,-462.2950154586051,16019.235817495246,12777.889409869975,0.16019235817495245,10,6,0.6,61.8,12.568213874691981,0.20336915654841395,29,0.12526950198550274,3.853468343596959,160.37500373576125,1.1887419048788535,2012-01-10 13:30:00,2021-05-27 20:30:00,RBB_M,5,50,1.5,1,17,46,27,45,1,0,4,1500,0,24,282,-8059.285839647826,189629.83444019698,197689.12027984485,0.9592325271707451,0.3900709219858156,-28.579027800169595,1723.9075858199726,-1149.3553504642143,28125.229634480682,26178.397149588898,0.2812522963448068,5,2,0.4,56.4,17.3735431043872,0.30804154440402837,31,0.0,0.0,0.0,0.0,False,False,False
618,46051.25744888558,143422.6405644177,97371.38311553212,1.4729444727538203,0.511326860841424,74.51659781373071,453.8691157101826,-322.4217983958017,8919.74218323794,7516.7581354871145,0.0891974218323794,10,7,0.7,61.8,12.568213874691981,0.20336915654841395,29,0.10837923384697457,5.162846246321505,119.70141478459118,1.1884481037224897,2012-01-10 13:30:00,2021-05-27 17:30:00,RBB_M,5,50,1.5,1,17,46,27,45,1,0,4,1000,5000,12,282,2850.171724370113,137094.7284715915,134244.55674722142,1.0212311902503195,0.41134751773049644,10.106991930390473,1181.8511075137196,-808.7021490796471,21314.901946781647,19573.034702446712,0.21314901946781648,5,3,0.6,56.4,17.3735431043872,0.30804154440402837,31,1.751122557747993,0.13371732750572013,2108.926384188591,0.10427581767910767,False,False,False
618,41781.20057293598,145481.0706762337,103699.87010329774,1.4029050425166085,0.3122977346278317,67.6071206681812,753.7879309649414,-243.99969436070057,7359.329419092181,6392.2518500820515,0.07359329419092181,10,8,0.8,61.8,12.568213874691981,0.20336915654841395,29,0.14338984801410196,5.677310824617218,108.85435360000172,1.1870709391860754,2012-01-10 13:30:00,2021-05-27 23:00:00,RBB_M,5,50,1.5,1,17,46,27,45,1,0,4,250,6000,0,282,14385.651799243307,79779.15728687607,65393.50548763276,1.219985940376968,0.08865248226950355,51.012949642706765,3191.1662914750427,-254.44943769506912,15806.96250191774,14132.067926510725,0.1580696250191774,5,2,0.4,56.4,17.3735431043872,0.30804154440402837,31,0.4164566252267506,0.9100832495489253,309.86176280001945,0.6111665531950463,True,False,False
618,61867.5521105723,204322.71896848446,142455.16685791215,1.4342948976521177,0.5420711974110033,100.10930762228527,609.9185640850283,-503.37514790781677,16210.520554671646,13324.868829431995,0.16210520554671645,10,6,0.6,61.8,12.568213874691981,0.20336915654841395,29,0.1249902130399702,3.816506194351849,161.9282056752836,1.1843480021326767,2012-01-10 13:30:00,2021-05-27 20:30:00,RBB_M,5,50,1.5,1,17,46,27,45,1,0,4,5000,0,24,282,-18376.89266748476,226701.02962732385,245077.92229480864,0.9250161234622395,0.46099290780141844,-65.1662860549105,1743.8540740563374,-1612.3547519395306,42516.18351594508,39208.06654755894,0.4251618351594508,5,1,0.2,56.4,17.3735431043872,0.30804154440402837,31,0.0,0.0,0.0,0.0,False,False,False
618,50174.890978018855,151770.7792763199,101595.88829830104,1.4938673387125443,0.517799352750809,81.18914397737679,474.2836852384997,-340.92579965872835,10662.576408951027,9514.791836390039,0.10662576408951027,10,6,0.6,61.8,12.568213874691981,0.20336915654841395,29,0.14929778329327584,4.705700484912634,131.3300755076582,1.1843232055478652,2012-01-10 13:30:00,2021-05-27 17:30:00,RBB_M,5,50,1.5,1,17,46,27,45,1,0,4,1750,7500,12,282,-20900.678720333788,149888.26319946663,170788.94191980048,0.8776227635970223,0.450354609929078,-74.11588198699926,1180.22254487769,-1101.8641414180677,32672.757054610876,29976.560665386816,0.32672757054610874,5,1,0.2,56.4,17.3735431043872,0.30804154440402837,31,0.0,0.0,0.0,0.0,False,False,False
618,61487.779592770596,194628.74404484886,133140.96445207827,1.4618246521332812,0.5339805825242718,99.49478898506568,589.7840728631784,-462.2950154586051,16019.235817495246,12777.889409869975,0.16019235817495245,10,6,0.6,61.8,12.568213874691981,0.20336915654841395,29,0.12182908619586504,3.83837158609135,161.00577709551962,1.1840847631367835,2012-01-10 13:30:00,2021-05-27 20:30:00,RBB_M,5,50,1.5,1,17,46,27,45,1,0,4,1500,7500,24,282,-13809.25174537472,183879.86853447015,197689.12027984485,0.9301466275643971,0.3900709219858156,-48.96897782047773,1671.6351684951833,-1149.3553504642143,29390.902933186975,26888.24638064458,0.29390902933186974,5,1,0.2,56.4,17.3735431043872,0.30804154440402837,31,0.0,0.0,0.0,0.0,False,False,False
618,49809.42412927248,204224.65895817307,154415.2348289006,1.3225680690410093,0.5906148867313916,80.59777367196193,559.5196135840358,-610.3368965569193,10536.456681712923,8554.345586425683,0.10536456681712923,10,8,0.8,61.8,12.568213874691981,0.20336915654841395,29,0.019895833315157718,4.727341043950926,130.72887998863308,1.1827122832205617,2012-01-10 13:30:00,2021-05-27 15:30:00,RBB_M,5,50,1.5,1,17,46,27,45,1,0,4,2500,1000,48,282,-9762.552131417768,167068.43310737232,176830.98523879008,0.9447916205509201,0.6347517730496454,-34.61897918942471,933.3432017171638,-1716.8056819300007,28950.41559727351,28238.27042156543,0.2895041559727351,5,2,0.4,56.4,17.3735431043872,0.30804154440402837,31,0.0,0.0,0.0,0.0,False,False,False
804,93229.19542810338,395959.531578255,302730.33615015156,1.3079611928348753,0.5323383084577115,115.95671073147187,925.1390924725584,-805.1338727397648,21892.82465307597,18539.713954343395,0.2189282465307597,10,10,1.0,80.4,15.298365925810508,0.1902781831568471,41,0.04221788303918788,4.2584361271538596,188.80170466179004,1.1804520286014133,2012-01-10 11:15:00,2021-05-31 19:00:00,RBB_M,5,10,1.5,1,29,46,52,-39,9,18,4,4000,3000,0,380,-91963.78251882845,416383.7118080329,508347.4943268613,0.8190926806069849,0.48157894736842105,-242.00995399691698,2275.320829552092,-2580.44413363889,117741.26802058911,115183.09249720271,1.177412680205891,5,1,0.2,76.0,22.485550916088314,0.2958625120537936,46,0.0,0.0,0.0,0.0,False,False,False
618,61625.713592010405,204080.88044992255,142455.16685791215,1.432597251130085,0.5420711974110033,99.71798315859289,609.1966580594703,-503.37514790781677,16210.520554671646,13324.868829431995,0.16210520554671645,10,6,0.6,61.8,12.568213874691981,0.20336915654841395,29,0.12155640175777513,3.801587579138582,162.5636624528417,1.1797184191521575,2012-01-10 13:30:00,2021-05-27 20:30:00,RBB_M,5,50,1.5,1,17,46,27,45,1,0,4,5000,7500,24,282,-24126.858573211655,220951.063721597,245077.92229480864,0.9015543368929454,0.46099290780141844,-85.55623607521864,1699.6235670892077,-1612.3547519395306,45177.337153257424,41869.22018487129,0.45177337153257424,5,1,0.2,56.4,17.3735431043872,0.30804154440402837,31,0.0,0.0,0.0,0.0,False,False,False
618,45551.25744888558,142922.6405644177,97371.38311553212,1.4678094938308368,0.511326860841424,73.70753632505757,452.2868372291699,-322.4217983958017,8919.74218323794,7516.7581354871145,0.0891974218323794,10,7,0.7,61.8,12.568213874691981,0.20336915654841395,29,0.09859222887621674,5.1067908144795835,121.01533476713954,1.1755445678631096,2012-01-10 13:30:00,2021-05-27 17:30:00,RBB_M,5,50,1.5,1,17,46,27,45,1,0,4,1000,4500,12,282,3672.227513286045,137916.78426050744,134244.55674722142,1.0273547591221945,0.41134751773049644,13.022083380446968,1188.9377953492021,-808.7021490796471,21328.202273000534,19586.3350286656,0.21328202273000535,5,3,0.6,56.4,17.3735431043872,0.30804154440402837,31,1.2229634421483018,0.17217707644937025,1637.8486951654327,0.13430949032267656,False,False,False
1093,134802.92809882265,526989.3255556056,392186.39745678287,1.343721579771714,0.5077767612076852,123.33296257897773,949.5303163164065,-728.9709989903027,24994.768886032412,23616.865356391994,0.24994768886032412,10,8,0.8,109.3,20.669059001318857,0.18910392498919357,51,0.07411560075813561,5.393245631254998,202.6608974873746,1.1750543532439375,2012-01-10 10:45:00,2021-06-01 23:00:00,RBB_M,5,10,2.5,1,53,46,-48,37,7,6,-1,2250,10000,0,513,99380.41754815016,617168.9316584188,517788.51411026873,1.1919324489437901,0.4405458089668616,193.72401081510753,2730.835980789464,-1804.1411641472778,33570.04738981895,30384.661118778182,0.3357004738981895,5,5,1.0,102.6,25.85033848907979,0.25195261685262954,65,0.1005328841082734,2.960389551856576,173.28800518103355,1.5926151015818313,True,False,False
618,49765.82533471775,152012.61779488178,102246.79246016404,1.4867226065219288,0.517799352750809,80.52722546070834,475.03943060900554,-343.110041812631,10683.362449935412,9078.54265583319,0.10683362449935412,10,6,0.6,61.8,12.568213874691981,0.20336915654841395,29,0.1553845126962516,4.658254886317989,132.6677082044525,1.1735243601456053,2012-01-10 13:30:00,2021-05-27 17:30:00,RBB_M,5,50,1.5,1,17,46,27,45,1,0,4,1500,0,12,282,-25497.64902432097,141644.82521275606,167142.47423707705,0.8474496136263078,0.4326241134751773,-90.41719512170556,1161.023157481607,-1044.6404639817315,36545.95824975378,33849.76186052972,0.3654595824975378,5,2,0.4,56.4,17.3735431043872,0.30804154440402837,31,0.0,0.0,0.0,0.0,False,False,False
618,60151.65275660374,195829.74931511207,135678.09655850832,1.4433409244554416,0.5388349514563107,97.33277145081512,588.0773252706068,-476.0634966965204,15625.55500929353,14801.58666840344,0.1562555500929353,10,6,0.6,61.8,12.568213874691981,0.20336915654841395,29,0.04972431949796481,3.84956903744076,160.53745081315748,1.1728560656822216,2012-01-10 13:30:00,2021-05-27 20:30:00,RBB_M,5,50,1.5,1,17,46,27,45,1,0,4,2000,3000,24,282,669.6364067079703,203022.8077946248,202353.17138791684,1.0033092459194735,0.450354609929078,2.374597186907696,1598.6047857844471,-1305.5043315349474,26996.412575708557,24581.305336206307,0.26996412575708556,5,2,0.4,56.4,17.3735431043872,0.30804154440402837,31,4.466603025221089,0.024804644129291124,11368.838775920754,0.021769090021792035,False,False,False
618,61523.5247574362,199774.3287341756,138250.8039767394,1.4450138660154734,0.5420711974110033,99.55262905734013,596.3412798035092,-488.51874196727704,16352.028188255717,13513.860643982101,0.16352028188255718,10,6,0.6,61.8,12.568213874691981,0.20336915654841395,29,0.048615550097176205,3.762439989042054,164.2551115233462,1.1726550408644083,2012-01-10 13:30:00,2021-05-27 20:30:00,RBB_M,5,50,1.5,1,17,46,27,45,1,0,4,3000,3000,24,282,-11251.926240396358,210495.73311164754,221747.65935204388,0.9492579706443128,0.46808510638297873,-39.90044766097999,1594.6646447852086,-1478.317729013626,36977.31678679876,34562.20954729651,0.3697731678679876,5,2,0.4,56.4,17.3735431043872,0.30804154440402837,31,0.0,0.0,0.0,0.0,False,False,False
618,62981.31367996381,198659.41023847213,135678.09655850832,1.4641966188905404,0.5388349514563107,101.91151080900292,596.5748055209374,-476.0634966965204,17154.20064568527,14412.854238059997,0.1715420064568527,10,6,0.6,61.8,12.568213874691981,0.20336915654841395,29,0.09512345249644914,3.6714805300942577,168.32446609328312,1.172037080158185,2012-01-10 13:30:00,2021-05-27 20:30:00,RBB_M,5,50,1.5,1,17,46,27,45,1,0,4,2000,6000,24,282,-3560.6773681801205,204580.75538301244,208141.4327511926,0.9828929909767821,0.4326241134751773,-12.626515490000427,1676.8914375656757,-1300.8839546949537,28492.204234298588,25734.330144028543,0.2849220423429859,5,2,0.4,56.4,17.3735431043872,0.30804154440402837,31,0.0,0.0,0.0,0.0,False,False,False
618,47462.637226083505,194832.5034163928,147369.86619030932,1.3220647372020518,0.4255663430420712,76.80038386097655,740.8079977809613,-415.12638363467414,9787.142481572264,8234.0,0.09787142481572264,10,7,0.7,61.8,12.568213874691981,0.20336915654841395,29,0.04194878574732524,4.849488736416028,127.43611411225329,1.1693345718458428,2012-01-10 13:30:00,2021-05-27 23:00:00,RBB_M,5,50,1.5,1,17,46,27,45,1,0,4,500,2000,0,282,18262.16769816706,123066.16293213134,104803.99523396428,1.174250682499256,0.24822695035460993,64.75945992257823,1758.0880418875906,-494.3584680847372,12836.001436780774,11285.445292698554,0.12836001436780775,5,3,0.6,56.4,17.3735431043872,0.30804154440402837,31,0.10902320211416265,1.422730262855685,198.21044604335148,0.8609772862816045,True,False,False
1093,134050.99452583608,526237.391982619,392186.39745678287,1.3418042935581618,0.5077767612076852,122.64500871531206,948.1754810497639,-728.9709989903027,24994.768886032412,23616.865356391994,0.24994768886032412,10,8,0.8,109.3,20.669059001318857,0.18910392498919357,51,0.07758371989127164,5.363161993498029,203.7976852694524,1.168499875305295,2012-01-10 10:45:00,2021-06-01 23:00:00,RBB_M,5,10,2.5,1,53,46,-48,37,7,6,-1,2250,0,0,513,108890.87845934358,628938.3925696122,520047.51411026873,1.2093864031744122,0.43859649122807015,212.2629209733793,2795.2817447538323,-1805.7205351050998,36270.198142437584,30384.661118778182,0.3627019814243758,5,5,1.0,102.6,25.85033848907979,0.25195261685262954,65,0.21925364343234638,3.0022134985785174,170.87392360433205,1.6788137861829815,True,False,False
618,45257.82723760037,142629.21035313245,97371.38311553212,1.4647959779302042,0.511326860841424,73.23273015792941,451.35826061117865,-322.4217983958017,8919.74218323794,7516.7581354871145,0.0891974218323794,10,7,0.7,61.8,12.568213874691981,0.20336915654841395,29,0.06608801576570308,5.073894100061467,121.79994060035926,1.167971993356021,2012-01-10 13:30:00,2021-05-27 17:30:00,RBB_M,5,50,1.5,1,17,46,27,45,1,0,4,1000,3000,12,282,9470.742720598748,142706.29946782015,133235.55674722142,1.0710826970803815,0.4148936170212766,33.58419404467641,1219.71196126342,-807.4882227104329,19149.462207030716,17547.002036629397,0.19149462207030715,5,3,0.6,56.4,17.3735431043872,0.30804154440402837,31,0.3158147241709578,0.49456964473506565,570.1926978374576,0.36556111586276735,False,False,False
618,49523.986816155855,151770.7792763199,102246.79246016404,1.4843573634395495,0.517799352750809,80.13590099701595,474.2836852384997,-343.110041812631,10683.362449935412,9078.54265583319,0.10683362449935412,10,6,0.6,61.8,12.568213874691981,0.20336915654841395,29,0.1512600354209824,4.635617957196169,133.31555915660363,1.1678215833736922,2012-01-10 13:30:00,2021-05-27 17:30:00,RBB_M,5,50,1.5,1,17,46,27,45,1,0,4,1500,7500,12,282,-22450.50233541443,144691.9719016626,167142.47423707705,0.8656804475469809,0.4326241134751773,-79.61171040927103,1185.999769685759,-1044.6404639817315,35464.46074312341,33312.529314627034,0.3546446074312341,5,2,0.4,56.4,17.3735431043872,0.30804154440402837,31,0.0,0.0,0.0,0.0,False,False,False
618,44025.00273116525,157195.90856082487,113170.90582965963,1.389013434225135,0.5533980582524272,71.23786849703116,459.63715953457563,-410.0395138755784,8457.44924365134,7625.319446563211,0.0845744924365134,10,6,0.6,61.8,12.568213874691981,0.20336915654841395,29,0.02250993613904928,5.205470522239672,118.72125629367763,1.1667950314726825,2012-01-10 13:30:00,2021-05-27 15:30:00,RBB_M,5,50,1.5,1,17,46,27,45,1,0,4,1250,1000,24,282,-13561.631449348177,129736.25912484524,143297.8905741934,0.905360564660046,0.5141843971631206,-48.09089166435524,894.7328215506568,-1045.9700041911929,32357.309754546142,31290.867555489378,0.32357309754546143,5,3,0.6,56.4,17.3735431043872,0.30804154440402837,31,0.0,0.0,0.0,0.0,False,False,False
618,44978.363535003,153397.175902699,108418.81236769605,1.4148575561080807,0.4741100323624595,72.78052351942233,523.5398494972662,-333.5963457467571,8828.566123377495,6990.411713480804,0.08828566123377496,10,6,0.6,61.8,12.568213874691981,0.20336915654841395,29,0.11096446397201425,5.094639707789364,121.30396562785769,1.1667382686252814,2012-01-10 13:30:00,2021-05-27 20:30:00,RBB_M,5,50,1.5,1,17,46,27,45,1,0,4,500,5000,24,282,-4092.398132307506,103995.44082298032,108087.83895528782,0.962138218583495,0.21631205673758866,-14.512050114565623,1704.8432921800054,-489.08524414157387,18325.85454829332,15390.504715129864,0.1832585454829332,5,2,0.4,56.4,17.3735431043872,0.30804154440402837,31,0.0,0.0,0.0,0.0,False,False,False
618,45084.46208085583,142455.84519638796,97371.38311553212,1.4630155250784789,0.511326860841424,72.95220401432982,450.8096366974303,-322.4217983958017,8919.74218323794,7516.7581354871145,0.0891974218323794,10,7,0.7,61.8,12.568213874691981,0.20336915654841395,29,0.08925923580397005,5.054457982606151,122.26830297664286,1.1634979463223805,2012-01-10 13:30:00,2021-05-27 17:30:00,RBB_M,5,50,1.5,1,17,46,27,45,1,0,4,1000,0,12,282,834.4826348311399,135079.03938205255,134244.55674722142,1.0062161375853953,0.41134751773049644,2.959158279543049,1164.4744774314875,-808.7021490796471,20684.901946781647,18943.034702446712,0.20684901946781648,5,3,0.6,56.4,17.3735431043872,0.30804154440402837,31,6.735910090133184,0.04034259562738592,6990.130298125112,0.030991658419241466,False,False,False
618,45051.25744888558,142422.6405644177,97371.38311553212,1.4626745149078535,0.511326860841424,72.89847483638444,450.7045587481573,-322.4217983958017,8919.74218323794,7516.7581354871145,0.0891974218323794,10,7,0.7,61.8,12.568213874691981,0.20336915654841395,29,0.08858798235605572,5.050735382637663,122.35841975099866,1.1626410320037293,2012-01-10 13:30:00,2021-05-27 17:30:00,RBB_M,5,50,1.5,1,17,46,27,45,1,0,4,1000,4000,12,282,2417.6405618696954,136662.1973090911,134244.55674722142,1.0180092260010365,0.41134751773049644,8.573193481807431,1178.122390595613,-808.7021490796471,22328.202273000534,20586.3350286656,0.22328202273000533,5,2,0.4,56.4,17.3735431043872,0.30804154440402837,31,1.6507830249644466,0.10827743910189888,2604.420665459334,0.08642096289237086,False,False,False
1105,120200.42829403385,492213.7589763888,372013.33068235486,1.3231078522738948,0.5013574660633484,108.77866813939714,888.4724891270556,-675.1603097683392,20004.99683636619,17768.3983785124,0.2000499683636619,10,8,0.8,110.5,20.800240383226342,0.18823746953146012,53,0.03736259565576699,6.00852023508081,183.90551363186657,1.1584514787426199,2012-01-10 10:45:00,2021-06-01 23:00:00,RBB_M,5,10,2.5,1,53,46,-48,37,7,6,-1,1750,4500,0,532,53428.9140737968,516090.8192179751,462661.90514417825,1.1154815503064746,0.41541353383458646,100.43028961239999,2335.252575646946,-1487.658858984496,29309.450208349226,27422.89767836759,0.29309450208349225,5,4,0.8,106.4,27.207351947589462,0.25570819499614156,69,0.0840556106717229,1.8229244729598097,291.838750256182,0.8836173480315841,True,False,False
618,57537.01391800803,190677.9783700863,133140.96445207827,1.4321510975588392,0.5339805825242718,93.1019642686214,577.8120556669281,-462.2950154586051,14684.120395902159,13310.835799229033,0.1468412039590216,10,6,0.6,61.8,12.568213874691981,0.20336915654841395,29,0.05198392819381042,3.918315320682379,157.72084414389974,1.157279420233065,2012-01-10 13:30:00,2021-05-27 20:30:00,RBB_M,5,50,1.5,1,17,46,27,45,1,0,4,1500,3000,24,282,-6590.719110367034,184801.13980620203,191391.8589165691,0.9655642661726794,0.41134751773049644,-23.371344363003665,1593.1132741913968,-1152.9630055215005,29678.022901825854,27781.16523001535,0.29678022901825857,5,2,0.4,56.4,17.3735431043872,0.30804154440402837,31,0.0,0.0,0.0,0.0,False,False,False
618,60010.88880038371,193151.85325246197,133140.96445207827,1.4507319670347103,0.5339805825242718,97.10499805887332,585.3086462195818,-462.2950154586051,16019.235817495246,12777.889409869975,0.16019235817495245,10,6,0.6,61.8,12.568213874691981,0.20336915654841395,29,0.09983188250932376,3.7461767517551263,164.96819049193556,1.1556439266703462,2012-01-10 13:30:00,2021-05-27 20:30:00,RBB_M,5,50,1.5,1,17,46,27,45,1,0,4,1500,6000,24,282,-12014.910762021835,184165.209517823,196180.12027984485,0.9387557172210775,0.39361702127659576,-42.60606653199232,1659.146031692099,-1147.2521653792096,30418.675435257894,27722.479046033834,0.3041867543525789,5,1,0.2,56.4,17.3735431043872,0.30804154440402837,31,0.0,0.0,0.0,0.0,False,False,False
618,51762.145900102725,206206.65895817307,154444.51305807033,1.335150436070464,0.5938511326860841,83.75751763770667,561.8710053356215,-615.3167850919136,12008.11914023455,10676.605121105,0.12008119140234551,10,7,0.7,61.8,12.568213874691981,0.20336915654841395,29,0.01914526499563136,4.310595630806814,143.36765795967946,1.1513030575940513,2012-01-10 13:30:00,2021-05-27 15:30:00,RBB_M,5,50,1.5,1,17,46,27,45,1,0,4,4000,1000,48,282,-16726.662080071663,174005.43310737232,190732.09518744398,0.912302845183799,0.6595744680851063,-59.31440453926122,935.5130812224318,-1986.7926582025414,32676.87406634338,31705.358458295457,0.3267687406634338,5,2,0.4,56.4,17.3735431043872,0.30804154440402837,31,0.0,0.0,0.0,0.0,False,False,False
618,55240.106141995464,230605.039059649,175364.93291765352,1.3150008683203196,0.587378640776699,89.38528501941013,635.2755896960027,-687.7056192849158,13680.225073758738,12099.850326525477,0.1368022507375874,10,8,0.8,61.8,12.568213874691981,0.20336915654841395,29,0.01793986415327698,4.037953019351739,153.04784306262556,1.151125733300145,2012-01-10 13:30:00,2021-05-27 15:30:00,RBB_M,5,50,1.5,1,17,46,27,45,1,0,4,4000,1000,0,282,-19988.14069497942,180900.50621288322,200888.64690786268,0.9005013921759999,0.6666666666666666,-70.87993154248021,962.2367351749108,-2137.1132649772626,36237.77380801047,35266.25819996255,0.3623777380801047,5,2,0.4,56.4,17.3735431043872,0.30804154440402837,31,0.0,0.0,0.0,0.0,False,False,False
618,48674.890978018855,150270.7792763199,101595.88829830104,1.4791029616779563,0.517799352750809,78.76195951135738,469.5961852384997,-340.92579965872835,10662.576408951027,9514.791836390039,0.10662576408951027,10,6,0.6,61.8,12.568213874691981,0.20336915654841395,29,0.12308193977682419,4.565021539930745,135.37723636006663,1.1489173526661909,2012-01-10 13:30:00,2021-05-27 17:30:00,RBB_M,5,50,1.5,1,17,46,27,45,1,0,4,1750,6000,12,282,-16722.74729183741,154066.194627963,170788.94191980048,0.902085304213137,0.450354609929078,-59.30052231148018,1213.119642739866,-1101.8641414180677,33802.75705461088,31106.560665386816,0.33802757054610877,5,1,0.2,56.4,17.3735431043872,0.30804154440402837,31,0.0,0.0,0.0,0.0,False,False,False
618,42960.8664426092,151379.67881030525,108418.81236769605,1.3962491887192965,0.4741100323624595,69.51596511749061,516.6541938918268,-333.5963457467571,8312.991339012042,7263.117617942113,0.08312991339012042,10,6,0.6,61.8,12.568213874691981,0.20336915654841395,29,0.0696215008604548,5.167919066750151,119.58391608261577,1.1484424771926547,2012-01-10 13:30:00,2021-05-27 20:30:00,RBB_M,5,50,1.5,1,17,46,27,45,1,0,4,500,3000,24,282,12751.090748414383,118174.92970370222,105423.83895528782,1.1209507344332468,0.2375886524822695,45.21663385962547,1763.8049209507794,-490.3434370013387,17702.96267371618,16195.847422711035,0.17702962673716183,5,3,0.6,56.4,17.3735431043872,0.30804154440402837,31,0.23456816824646434,0.7202800448393925,391.5143866895274,0.5118923109272291,True,False,False
618,48641.686346048606,150237.57464434963,101595.88829830104,1.4787761312074872,0.517799352750809,78.70823033341199,469.4924207635926,-340.92579965872835,10662.576408951027,9514.791836390039,0.10662576408951027,10,6,0.6,61.8,12.568213874691981,0.20336915654841395,29,0.10260746234192686,4.561907411534688,135.46964991823373,1.1481335937898383,2012-01-10 13:30:00,2021-05-27 17:30:00,RBB_M,5,50,1.5,1,17,46,27,45,1,0,4,1750,5000,12,282,-17624.20489120498,153164.73702859547,170788.94191980048,0.8968071076903736,0.450354609929078,-62.497180465265885,1206.0215514062636,-1101.8641414180677,33704.214653978444,31008.018264754384,0.3370421465397844,5,2,0.4,56.4,17.3735431043872,0.30804154440402837,31,0.0,0.0,0.0,0.0,False,False,False
618,59086.04674197026,196620.55939190817,137534.51264993788,1.4296088712828037,0.5436893203883495,95.60848987373829,585.180236285441,-487.71103776573716,15810.923159536498,13719.682318952102,0.15810923159536497,10,6,0.6,61.8,12.568213874691981,0.20336915654841395,29,0.042158853694819656,3.737039649473724,165.37153949839174,1.1453051122620244,2012-01-10 13:30:00,2021-05-27 20:30:00,RBB_M,5,50,1.5,1,17,46,27,45,1,0,4,4000,2500,24,282,-25300.620286076417,202195.00212780762,227495.62241388403,0.8887863422705916,0.48226950354609927,-89.71851165275325,1486.7279568221147,-1558.189194615644,45728.03553152277,43828.214291392134,0.4572803553152277,5,1,0.2,56.4,17.3735431043872,0.30804154440402837,31,0.0,0.0,0.0,0.0,False,False,False
618,49941.93225220067,169810.74028301638,119868.80803081572,1.4166382653889547,0.529126213592233,80.81218811035707,519.2988999480623,-411.92030251139425,11371.052536736082,10439.854529969642,0.11371052536736083,10,6,0.6,61.8,12.568213874691981,0.20336915654841395,29,0.029854671871136898,4.392023701487169,140.70962317228413,1.1415104397987808,2012-01-10 13:30:00,2021-05-27 16:45:00,RBB_M,5,50,1.5,1,17,46,27,45,1,0,4,1000,1500,24,282,-4563.093311416131,137589.30632318853,142152.39963460466,0.9678999909734529,0.4148936170212766,-16.18118195537635,1175.9769771212696,-861.5296947551798,28126.24099271124,27390.409292315373,0.2812624099271124,5,2,0.4,56.4,17.3735431043872,0.30804154440402837,31,0.0,0.0,0.0,0.0,False,False,False
618,43978.363535003,152397.175902699,108418.81236769605,1.4056340645556318,0.4741100323624595,71.16240054207606,520.1268802139898,-333.5963457467571,8828.566123377495,6990.411713480804,0.08828566123377496,10,6,0.6,61.8,12.568213874691981,0.20336915654841395,29,0.10211839729837946,4.981371031310625,124.06223028068658,1.1407982793298217,2012-01-10 13:30:00,2021-05-27 20:30:00,RBB_M,5,50,1.5,1,17,46,27,45,1,0,4,500,4500,24,282,-2272.371542751942,105815.46741253589,108087.83895528782,0.978976621563394,0.21631205673758866,-8.058055116141638,1734.6797936481294,-489.08524414157387,17628.579855327516,15390.504715129864,0.17628579855327517,5,2,0.4,56.4,17.3735431043872,0.30804154440402837,31,0.0,0.0,0.0,0.0,False,False,False
1098,118750.44042078304,502557.9046099989,383807.4641892158,1.3094010708510857,0.505464480874317,108.15158508268036,905.509738036034,-706.827742521576,20573.183821238592,19195.280291598174,0.20573183821238591,10,8,0.8,109.8,20.677524029728513,0.188319890981134,52,0.04202931780559951,5.7720983515537245,190.22544889666372,1.1357571781579867,2012-01-10 10:45:00,2021-06-01 23:00:00,RBB_M,5,10,2.5,1,53,46,-48,37,7,6,-1,2000,5000,0,524,58906.480673198625,546905.0494579719,487998.56878477335,1.120710355401019,0.4312977099236641,112.4169478496157,2419.9338471591677,-1637.5790898817897,34309.450208349226,32422.89767836759,0.34309450208349224,5,4,0.8,104.8,26.301330764811123,0.2509668966107932,68,0.0847275196712068,1.716917068489302,305.198200668517,0.9141727366504464,True,False,False
618,48023.986816155855,150270.7792763199,102246.79246016404,1.4696869765852683,0.517799352750809,77.70871653099653,469.5961852384997,-343.110041812631,10683.362449935412,9078.54265583319,0.10683362449935412,10,6,0.6,61.8,12.568213874691981,0.20336915654841395,29,0.12475015918471297,4.495212723635169,137.47958950877825,1.1324501908894127,2012-01-10 13:30:00,2021-05-27 17:30:00,RBB_M,5,50,1.5,1,17,46,27,45,1,0,4,1500,6000,12,282,-18272.570906918052,148869.90333015897,167142.47423707705,0.8906766757502941,0.4326241134751773,-64.79635073375196,1220.2451092635981,-1044.6404639817315,35094.46074312341,32942.529314627034,0.3509446074312341,5,2,0.4,56.4,17.3735431043872,0.30804154440402837,31,0.0,0.0,0.0,0.0,False,False,False
618,60414.34453891717,195400.5799766738,134986.23543775664,1.4475592962719133,0.5453074433656958,97.75783905973651,579.8236794560053,-480.3780620560734,16919.367797309606,15719.682318952116,0.16919367797309606,10,6,0.6,61.8,12.568213874691981,0.20336915654841395,29,0.032955749420031454,3.5707211559360874,173.0742819199466,1.132042891376199,2012-01-10 13:30:00,2021-05-27 20:30:00,RBB_M,5,50,1.5,1,17,46,27,45,1,0,4,4000,2000,24,282,-8731.07101238599,203083.68109739514,211814.75210978108,0.9587796840143564,0.5106382978723404,-30.961244724773014,1410.3033409541329,-1534.889508041892,35624.46360446193,33366.764374380735,0.3562446360446193,5,2,0.4,56.4,17.3735431043872,0.30804154440402837,31,0.0,0.0,0.0,0.0,False,False,False
618,47990.782184185606,150237.57464434963,102246.79246016404,1.4693622267210298,0.517799352750809,77.65498735305114,469.4924207635926,-343.110041812631,10683.362449935412,9078.54265583319,0.10683362449935412,10,6,0.6,61.8,12.568213874691981,0.20336915654841395,29,0.1039991384354782,4.492104654230443,137.574711091826,1.1316671948429353,2012-01-10 13:30:00,2021-05-27 17:30:00,RBB_M,5,50,1.5,1,17,46,27,45,1,0,4,1500,5000,12,282,-19174.02850628562,147968.44573079137,167142.47423707705,0.8852833273301376,0.4326241134751773,-67.99300888753766,1212.8561125474703,-1044.6404639817315,36094.46074312341,33942.529314627034,0.36094460743123413,5,2,0.4,56.4,17.3735431043872,0.30804154440402837,31,0.0,0.0,0.0,0.0,False,False,False
618,52258.901824569904,174358.67800851006,122099.77618394018,1.4280016184947235,0.5388349514563107,84.56132981321991,523.5996336591894,-428.4202673120708,12684.120395902159,11351.630117919893,0.1268412039590216,10,6,0.6,61.8,12.568213874691981,0.20336915654841395,29,0.028531024341177325,4.1200256851435375,149.99906486710884,1.130954104098266,2012-01-10 13:30:00,2021-05-27 16:45:00,RBB_M,5,50,1.5,1,17,46,27,45,1,0,4,1250,1500,24,282,-10865.791350055995,147907.88336190424,158773.67471196025,0.9315642761952306,0.450354609929078,-38.531175000198566,1164.6290028496396,-1024.3462884642597,34292.79473123739,33147.136539543455,0.34292794731237386,5,2,0.4,56.4,17.3735431043872,0.30804154440402837,31,0.0,0.0,0.0,0.0,False,False,False
930,87244.88734219433,318562.30401754775,231317.41667535342,1.3771652329346205,0.3967741935483871,93.8117068195638,863.3124770123245,-412.3305110077601,15618.588658700726,14435.93074729888,0.15618588658700727,10,8,0.8,93.0,19.3700800204852,0.20828043032779786,53,0.08586176483463828,5.585964855639653,166.4886951555131,1.1306794492871148,2012-01-10 11:15:00,2021-05-31 19:00:00,RBB_M,5,10,1.5,1,29,46,52,-39,9,18,4,500,7500,48,485,-22063.02283388959,191063.99574527534,213127.01857916493,0.896479465714975,0.12989690721649486,-45.490768729669256,3032.761837226593,-505.04032838664676,49745.129598969776,44045.272405398064,0.49745129598969773,5,3,0.6,97.0,28.962044126753206,0.29857777450261036,55,0.0,0.0,0.0,0.0,False,False,False
618,45854.62531777716,195260.49150808644,149405.86619030932,1.3069131519867412,0.4190938511326861,74.19842284429961,753.9015116142334,-416.17232922091733,9787.142481572264,7730.059951318264,0.09787142481572264,10,6,0.6,61.8,12.568213874691981,0.20336915654841395,29,0.05432385463270324,4.68519033048866,131.9049934809251,1.1297180644999534,2012-01-10 13:30:00,2021-05-27 23:00:00,RBB_M,5,50,1.5,1,17,46,27,45,1,0,4,500,2500,0,282,12314.962184153766,121699.95741811805,109384.99523396428,1.1125836515128351,0.21631205673758866,43.67007866721194,1995.0812691494762,-494.9547295654492,14866.749198648642,14148.266777108875,0.14866749198648643,5,3,0.6,56.4,17.3735431043872,0.30804154440402837,31,0.20227427114679128,0.8283560864316708,340.4333047334488,0.539484934799784,True,False,False
618,49772.26711720394,205215.65895817307,155443.39184096913,1.3201954520403474,0.5922330097087378,80.53764905696431,560.6985217436422,-616.8388565117823,11610.331111472995,9955.78781097108,0.11610331111472995,10,7,0.7,61.8,12.568213874691981,0.20336915654841395,29,0.019910686360064513,4.286894718103295,144.16029332146266,1.1258486206950917,2012-01-10 13:30:00,2021-05-27 15:30:00,RBB_M,5,50,1.5,1,17,46,27,45,1,0,4,3000,1000,48,282,-8525.969003740109,172023.43310737232,180549.40211111243,0.9527776392275554,0.6524822695035462,-30.233932637376274,934.9099625400669,-1842.3408378684942,27018.8073141609,25747.491134865,0.270188073141609,5,2,0.4,56.4,17.3735431043872,0.30804154440402837,31,0.0,0.0,0.0,0.0,False,False,False
804,91948.64240866006,395959.531578255,304010.88916959486,1.302451805788331,0.5323383084577115,114.36398309534833,925.1390924725584,-808.5395988553055,23415.687077768933,20986.288425017483,0.23415687077768932,10,10,1.0,80.4,15.298365925810508,0.1902781831568471,41,0.04280584427694124,3.9267966856269165,204.74704049304268,1.1257427909577344,2012-01-10 11:15:00,2021-05-31 19:00:00,RBB_M,5,10,1.5,1,29,46,52,-39,9,18,4,5000,3000,0,376,-73322.33562499884,428347.7118080328,501670.0474330317,0.8538435053075663,0.4973404255319149,-195.00621176861395,2290.6294749092663,-2654.3388753070462,112596.87245132381,110038.69692793745,1.1259687245132382,5,1,0.2,75.2,21.562931155109688,0.28674110578603307,46,0.0,0.0,0.0,0.0,False,False,False
618,47641.686346048606,149237.57464434963,101595.88829830104,1.4689332131844286,0.517799352750809,77.0901073560657,466.3674207635926,-340.92579965872835,10662.576408951027,9514.791836390039,0.10662576408951027,10,6,0.6,61.8,12.568213874691981,0.20336915654841395,29,0.09426618460520726,4.468121448213429,138.31316072375478,1.1245296918687218,2012-01-10 13:30:00,2021-05-27 17:30:00,RBB_M,5,50,1.5,1,17,46,27,45,1,0,4,1750,4500,12,282,-17302.149102289048,153486.79281751136,170788.94191980048,0.8986928023102696,0.450354609929078,-61.35513866059946,1208.557423759932,-1101.8641414180677,32882.15886506251,30185.962475838453,0.3288215886506251,5,2,0.4,56.4,17.3735431043872,0.30804154440402837,31,0.0,0.0,0.0,0.0,False,False,False
618,45590.36694928164,164667.61084174845,119077.24389246681,1.3828638072145187,0.5064724919093851,73.77082030628097,526.0946033282698,-390.4171930900551,9787.888283087479,7939.854529969642,0.09787888283087479,10,6,0.6,61.8,12.568213874691981,0.20336915654841395,29,0.054638735476097114,4.657834829199815,132.67967256498193,1.123164751575906,2012-01-10 13:30:00,2021-05-27 20:30:00,RBB_M,5,50,1.5,1,17,46,27,45,1,0,4,750,2500,24,282,2423.469898356663,138795.37939814996,136371.90949979328,1.017771034425241,0.31560283687943264,8.593864887789586,1559.4986449230332,-706.5902046621413,23625.561144243416,22284.527540083523,0.23625561144243418,5,3,0.6,56.4,17.3735431043872,0.30804154440402837,31,1.0278650465966706,0.10257829998451333,2749.119453554745,0.08421720226932662,False,False,False
618,39404.30471651759,136257.37336973712,96853.06865321953,1.4068462183434158,0.3478964401294498,63.76101086815144,633.7552249755215,-240.33019516927922,7359.329419092181,5170.0,0.07359329419092181,10,7,0.7,61.8,12.568213874691981,0.20336915654841395,29,0.15203922624952898,5.354333591086667,115.42052610035012,1.1195395145756073,2012-01-10 13:30:00,2021-05-27 23:00:00,RBB_M,5,50,1.5,1,17,46,27,45,1,0,4,250,6000,48,282,5244.050270115287,70637.55575774805,65393.50548763276,1.0801922183405055,0.08865248226950355,18.59592294367123,2825.502230309922,-254.44943769506912,16211.96250191774,14537.067926510725,0.1621196250191774,5,2,0.4,56.4,17.3735431043872,0.30804154440402837,31,1.1424375609328954,0.3234679496387288,871.8019832102592,0.21999018113935537,False,False,False
1093,128368.76017931684,520555.1576360997,392186.39745678287,1.3273156871624099,0.5077767612076852,117.4462581695488,937.9372209659455,-728.9709989903027,24994.768886032412,23616.865356391994,0.24994768886032412,10,8,0.8,109.3,20.669059001318857,0.18910392498919357,51,0.05835531939029331,5.135825050618969,212.81877580083687,1.1189687983532066,2012-01-10 10:45:00,2021-06-01 23:00:00,RBB_M,5,10,2.5,1,53,46,-48,37,7,6,-1,2250,7500,0,513,68943.9047816931,586732.4188919619,517788.51411026873,1.1331507032367483,0.4405458089668616,134.39357657250116,2596.1611455396546,-1804.1411641472778,32264.86709328815,31216.408296318346,0.3226486709328815,5,5,1.0,102.6,25.85033848907979,0.25195261685262954,65,0.108653549921778,2.1368104378782657,240.07744950430913,1.1269818615495886,True,False,False
618,38823.70816211586,134099.9839797804,95276.27581766457,1.4074855763297769,0.49838187702265374,62.82153424290592,435.3895583759104,-307.3428252182728,7169.7421832379405,5624.4907121297365,0.0716974218323794,10,7,0.7,61.8,12.568213874691981,0.20336915654841395,29,0.12855546871409398,5.414937827594605,114.12873419352344,1.117532401246572,2012-01-10 13:30:00,2021-05-27 17:30:00,RBB_M,5,50,1.5,1,17,46,27,45,1,0,4,750,5000,12,282,1055.4984476510363,121589.81407829493,120534.3156306439,1.0087568294732383,0.3617021276595745,3.74290229663488,1192.0570007675974,-669.6350868369105,18275.67811145811,16533.810867123175,0.1827567811145811,5,3,0.6,56.4,17.3735431043872,0.30804154440402837,31,4.728571615720746,0.057754269976405495,4882.755857102968,0.04170374871961421,False,False,False
618,43046.56816697325,151465.38053466927,108418.81236769605,1.3970396578499984,0.4741100323624595,69.65464104688229,516.9466912446051,-333.5963457467571,8828.566123377495,6990.411713480804,0.08828566123377496,10,6,0.6,61.8,12.568213874691981,0.20336915654841395,29,0.13917485772063226,4.875827803224876,126.74770827453224,1.1166275174575708,2012-01-10 13:30:00,2021-05-27 20:30:00,RBB_M,5,50,1.5,1,17,46,27,45,1,0,4,500,6000,24,282,-235.75555513635481,107852.08340015147,108087.83895528782,0.9978188521723164,0.21631205673758866,-0.8360126068665065,1768.0669409860898,-489.08524414157387,17057.85155190246,15390.504715129864,0.1705785155190246,5,3,0.6,56.4,17.3735431043872,0.30804154440402837,31,0.0,0.0,0.0,0.0,False,False,False
618,59358.4211077339,197620.6839028843,138262.26279515043,1.4293175875161208,0.540453074433657,96.04922509342055,591.6786943200129,-486.8389535040508,16796.185052760717,14844.506468351596,0.16796185052760718,10,6,0.6,61.8,12.568213874691981,0.20336915654841395,29,0.050388806578453585,3.5340418625583916,174.87059407740364,1.1163281971467605,2012-01-10 13:30:00,2021-05-27 20:30:00,RBB_M,5,50,1.5,1,17,46,27,45,1,0,4,2250,3000,24,282,-2539.7644686500353,204343.70322255912,206883.4676912092,0.9877236953875846,0.4574468085106383,-9.006256981028494,1584.059714903559,-1352.1795273935243,29973.522979587717,27558.415740085467,0.2997352297958772,5,2,0.4,56.4,17.3735431043872,0.30804154440402837,31,0.0,0.0,0.0,0.0,False,False,False
618,43023.458959360134,151442.27132705617,108418.81236769605,1.3968265102687951,0.4741100323624595,69.61724750705524,516.8678202288606,-333.5963457467571,8828.566123377495,6990.411713480804,0.08828566123377496,10,6,0.6,61.8,12.568213874691981,0.20336915654841395,29,0.13871248236977254,4.873210253864066,126.81578832146128,1.11602806485946,2012-01-10 13:30:00,2021-05-27 20:30:00,RBB_M,5,50,1.5,1,17,46,27,45,1,0,4,500,0,24,282,8099.173123264474,116187.0120785523,108087.83895528782,1.074931400253222,0.21631205673758866,28.72047206831374,1904.705116041841,-489.08524414157387,17057.85155190246,15390.504715129864,0.1705785155190246,5,3,0.6,56.4,17.3735431043872,0.30804154440402837,31,1.1684962362279931,0.474806167624385,593.9265730496738,0.3312323633797736,False,False,False
618,48245.97937425549,153388.55238265404,105142.57300839857,1.458862456888911,0.5194174757281553,78.06792779005742,477.8459575783615,-354.0153973346753,11130.520554671653,8838.734513687268,0.11130520554671654,10,6,0.6,61.8,12.568213874691981,0.20336915654841395,29,0.1602794392166118,4.33456630687465,142.57481746670896,1.1145980230526888,2012-01-10 13:30:00,2021-05-27 17:30:00,RBB_M,5,50,1.5,1,17,46,27,45,1,0,4,4000,0,12,282,-22970.18106704262,157642.35402743774,180612.53509448035,0.8728206707523004,0.4716312056737589,-81.45454279093127,1185.280857349156,-1212.1646650636264,40093.44254128884,37953.07021971539,0.4009344254128884,5,1,0.2,56.4,17.3735431043872,0.30804154440402837,31,0.0,0.0,0.0,0.0,False,False,False
618,34165.0573479246,128377.8544621052,94212.79711418058,1.3626371193131916,0.3656957928802589,55.2832643170301,568.0436038146248,-240.33876814841983,5590.451786806865,4747.879762604498,0.05590451786806865,10,7,0.7,61.8,12.568213874691981,0.20336915654841395,29,0.04364107997291486,6.111323136450637,101.12376423265435,1.1137137471982548,2012-01-10 13:30:00,2021-05-27 16:45:00,RBB_M,5,50,1.5,1,17,46,27,45,1,0,4,250,1500,48,282,-11491.104465418728,51312.401022214035,62803.50548763276,0.8170308428455232,0.12411347517730496,-40.748597395101875,1466.0686006346866,-254.2652044033715,21344.031364396724,19615.54407790689,0.21344031364396723,5,2,0.4,56.4,17.3735431043872,0.30804154440402837,31,0.0,0.0,0.0,0.0,False,False,False
878,92531.5322406124,343882.75706841185,251351.22482779942,1.3681363888479388,0.45558086560364464,105.38898888452438,859.7068926710297,-525.839382484936,20324.59383471546,18568.132317102107,0.2032459383471546,10,8,0.8,87.8,18.7712546197637,0.21379561070345898,50,0.04853480636548765,4.552687890990655,192.85310590639872,1.1134934195256263,2012-01-10 11:15:00,2021-05-31 19:00:00,RBB_M,5,10,1.5,1,29,46,52,-39,9,18,4,750,4500,48,465,-29931.07841887635,251167.65053934703,281098.7289582234,0.8935211179011602,0.1935483870967742,-64.36791057822872,2790.7516726594113,-749.5966105552625,56563.321639470916,52554.76510189111,0.5656332163947092,5,3,0.6,93.0,27.885480092693403,0.2998438719644452,54,0.0,0.0,0.0,0.0,False,False,False
618,34446.86554566666,123396.32233515754,88949.45678949087,1.3872633604406281,0.4741100323624595,55.73926463700107,421.1478577991725,-273.6906362753565,5691.401164426832,5341.922389135718,0.05691401164426832,10,6,0.6,61.8,12.568213874691981,0.20336915654841395,29,0.14488981568971396,6.052440260400397,102.10757535987912,1.1128970476122788,2012-01-10 13:30:00,2021-05-27 17:30:00,RBB_M,5,50,1.5,1,17,46,27,45,1,0,4,500,5000,12,282,709.8186925863702,94809.49857687105,94099.67988428468,1.007543263627031,0.29432624113475175,2.517087562363015,1142.2831153839886,-472.8627129863552,12782.327825645763,11670.52863017538,0.12782327825645765,5,3,0.6,56.4,17.3735431043872,0.30804154440402837,31,7.031373014162626,0.05553125395221274,5078.221360581453,0.03353487582531651,False,False,False
1087,127255.29664792231,527994.8089095197,400739.51226159744,1.3175511591800604,0.5087396504139834,117.07019010848418,954.7826562559127,-750.4485248344521,25109.995103938345,23732.091574297927,0.25109995103938343,10,8,0.8,108.7,20.69806754264755,0.19041460480816513,50,0.07851146681652188,5.067914036668335,214.48666890068202,1.11282369468239,2012-01-10 10:45:00,2021-06-01 23:00:00,RBB_M,5,10,2.5,1,53,46,-48,37,7,6,-1,2500,10000,0,503,124466.7993061849,640912.5235449846,516445.72423879977,1.2410065442784701,0.46520874751491054,247.4489051812821,2738.9424083119,-1919.872580813382,32612.94790710509,31814.4891101353,0.3261294790710509,5,5,1.0,100.6,24.84028985338134,0.24692137031194175,65,0.08027040187176675,3.8164841663721063,131.79669509231695,2.063924768648094,True,False,False
855,77288.2356762387,356491.97055234143,279203.73487610265,1.2768166253597417,0.504093567251462,90.39559728215053,827.1275418847829,-658.4993747077892,14982.333513744532,14240.176308526134,0.1498233351374453,10,9,0.9,85.5,16.07638018958248,0.18802783847464888,53,0.025760712255618327,5.158624696569184,165.74184987107702,1.1123998026017063,2012-01-10 11:15:00,2021-05-31 19:00:00,RBB_M,5,10,1.5,1,29,46,52,-39,9,18,4,1250,2000,0,463,-22218.311071334385,323599.8685311718,345818.1796025061,0.9357514659961698,0.3801295896328294,-47.98771289705051,1838.6356166543853,-1204.9413923432269,47821.44775165554,46087.09207828793,0.47821447751655544,5,2,0.4,92.6,27.236739893019504,0.29413326018379593,56,0.0,0.0,0.0,0.0,False,False,False
618,57772.40994334445,194129.55939190817,136357.1494485637,1.423684494556974,0.5420711974110033,93.48286398599426,579.4912220653976,-481.8273832104724,16099.529600374968,14002.529600374968,0.16099529600374968,10,6,0.6,61.8,12.568213874691981,0.20336915654841395,29,0.04311746735929562,3.5884532888463334,172.21904543689445,1.109759241765269,2012-01-10 13:30:00,2021-05-27 20:30:00,RBB_M,5,50,1.5,1,17,46,27,45,1,0,4,2500,2500,24,282,-17175.185569288376,193388.76235898965,210563.94792827804,0.9184324489625424,0.46808510638297873,-60.90491336627084,1465.0663815074975,-1403.759652855187,38918.004742287194,36488.557500441886,0.38918004742287193,5,1,0.2,56.4,17.3735431043872,0.30804154440402837,31,0.0,0.0,0.0,0.0,False,False,False
618,48004.14085569359,153146.71386409216,105142.57300839857,1.45656235606731,0.5194174757281553,77.67660332636504,477.09256655480425,-354.0153973346753,11130.520554671653,8838.734513687268,0.11130520554671654,10,6,0.6,61.8,12.568213874691981,0.20336915654841395,29,0.1560490379885951,4.312838794906632,143.29309055785816,1.1090109723143031,2012-01-10 13:30:00,2021-05-27 17:30:00,RBB_M,5,50,1.5,1,17,46,27,45,1,0,4,4000,7500,12,282,-19923.03437813608,160689.50071634428,180612.53509448035,0.8896918513008296,0.4716312056737589,-70.64905807849674,1208.1917347093554,-1212.1646650636264,40093.44254128884,37953.07021971539,0.4009344254128884,5,1,0.2,56.4,17.3735431043872,0.30804154440402837,31,0.0,0.0,0.0,0.0,False,False,False
618,54553.42807112612,188350.2522444118,133796.82417328565,1.4077333554679279,0.5372168284789643,88.27415545489664,567.3200368807584,-467.82106354295684,14384.80414011913,13560.835799229033,0.14384804140119128,10,6,0.6,61.8,12.568213874691981,0.20336915654841395,29,0.0456616584525589,3.792434539930714,162.95600978554808,1.1086257185432942,2012-01-10 13:30:00,2021-05-27 20:30:00,RBB_M,5,50,1.5,1,17,46,27,45,1,0,4,1750,2500,24,282,-13762.98212601091,180902.95023049618,194665.9323565071,0.9292994826603471,0.4432624113475177,-48.804901156067054,1447.2236018439694,-1239.9103971752045,37039.35134709236,35217.58664427279,0.3703935134709236,5,2,0.4,56.4,17.3735431043872,0.30804154440402837,31,0.0,0.0,0.0,0.0,False,False,False
618,46990.782184185606,149237.57464434963,102246.79246016404,1.4595819688181757,0.517799352750809,76.03686437570487,466.3674207635926,-343.110041812631,10683.362449935412,9078.54265583319,0.10683362449935412,10,6,0.6,61.8,12.568213874691981,0.20336915654841395,29,0.09557193541484424,4.398501165189776,140.50240679505106,1.1080862665200826,2012-01-10 13:30:00,2021-05-27 17:30:00,RBB_M,5,50,1.5,1,17,46,27,45,1,0,4,1500,4500,12,282,-18851.97271736969,148290.50151970732,167142.47423707705,0.8872101612506355,0.4326241134751773,-66.85096708287124,1215.4959140959616,-1044.6404639817315,36107.7610693423,33955.82964084592,0.361077610693423,5,2,0.4,56.4,17.3735431043872,0.30804154440402837,31,0.0,0.0,0.0,0.0,False,False,False
817,80586.63424062694,387731.6359885782,307145.00174795114,1.2623732562210404,0.5312117503059975,98.63725121251767,893.3908663331295,-801.9451742766348,17998.146444591555,16318.380839786201,0.17998146444591556,10,9,0.9,81.7,14.946906034360422,0.1829486662712414,45,0.04884109263911898,4.477496307117961,182.46804552383432,1.1074660589500285,2012-01-10 11:15:00,2021-05-31 19:00:00,RBB_M,5,10,1.5,1,29,46,52,-39,9,18,4,3000,2500,0,406,-52735.4059765264,416825.8977626825,469561.30373920896,0.8876921808577836,0.4852216748768473,-129.89016250375963,2115.8675013334137,-2246.704802579947,83015.5887687054,80284.21817639627,0.8301558876870541,5,2,0.4,81.2,24.94313532818198,0.30718146955889136,49,0.0,0.0,0.0,0.0,False,False,False
817,77402.21272814265,378915.7417837139,301513.5290555713,1.2567122376584197,0.5263157894736842,94.7395504628429,881.1993994970092,-779.1047262417864,16614.595514480876,15130.436787742634,0.16614595514480876,10,10,1.0,81.7,14.946906034360422,0.1829486662712414,45,0.05085047480806955,4.658687758042666,175.3712724338624,1.1071074875128215,2012-01-10 11:15:00,2021-05-31 19:00:00,RBB_M,5,10,1.5,1,29,46,52,-39,9,18,4,2500,2500,0,410,-66492.64194682316,393700.94852177205,460193.59046859527,0.8555115861585194,0.45365853658536587,-162.1771754800565,2116.6717662460865,-2054.4356717348005,81095.14606296868,78414.54449357008,0.8109514606296868,5,1,0.2,82.0,24.979991993593593,0.3046340487023609,49,0.0,0.0,0.0,0.0,False,False,False
1087,126503.36307493574,527242.8753365332,400739.51226159744,1.3156747942348046,0.5087396504139834,116.37843889138523,953.4229210425555,-750.4485248344521,25109.995103938345,23732.091574297927,0.25109995103938343,10,8,0.8,108.7,20.69806754264755,0.19041460480816513,50,0.08221263496590354,5.037968448472317,215.76157356237815,1.1062481766576926,2012-01-10 10:45:00,2021-06-01 23:00:00,RBB_M,5,10,2.5,1,53,46,-48,37,7,6,-1,2500,0,0,503,133727.26021737832,652681.984456178,518954.72423879977,1.2576857940999164,0.46322067594433397,265.8593642492611,2801.2102337175024,-1922.054534217777,39368.27895625454,33049.27895625454,0.3936827895625454,5,5,1.0,100.6,24.84028985338134,0.24692137031194175,65,0.17853294683485396,3.3968276938388424,148.07933911759497,2.018283184557731,True,False,False
618,38323.70816211586,133599.9839797804,95276.27581766457,1.4022376801907959,0.49838187702265374,62.01247275423278,433.7661817525338,-307.3428252182728,7169.7421832379405,5624.4907121297365,0.0716974218323794,10,7,0.7,61.8,12.568213874691981,0.20336915654841395,29,0.11718594612510616,5.345200313019961,115.6177437344418,1.103140004768367,2012-01-10 13:30:00,2021-05-27 17:30:00,RBB_M,5,50,1.5,1,17,46,27,45,1,0,4,750,4500,12,282,42.19812143214949,120576.51375207605,120534.3156306439,1.0003500921808977,0.3617021276595745,0.1496387284827996,1182.122683843883,-669.6350868369105,18288.978437676997,16547.11119334206,0.18288978437676998,5,3,0.6,56.4,17.3735431043872,0.30804154440402837,31,106.4265386131251,0.002307297893971893,122220.88909141756,0.001666681596476244,False,False,False
1171,106642.71282577363,404815.9834509593,298173.2706251857,1.3576534965799376,0.5081127241673783,91.06978038067774,680.3629973965703,-517.6619281687251,15483.483071026523,14984.128418239925,0.15483483071026524,10,6,0.6,117.1,22.286543024883873,0.1903206065318862,60,0.04680113500257624,6.887514413686987,170.01779301876576,1.1024104265482224,2012-01-10 11:15:00,2021-05-31 18:30:00,RBB_M,5,10,1.5,1,29,46,52,-39,9,18,4,2000,5000,24,465,-117206.47279503051,320919.5673997712,438126.0401948017,0.7324822949512027,0.3978494623655914,-252.0569307420011,1734.7003643230876,-1564.7358578385774,123708.41438297226,123074.4736415938,1.2370841438297226,5,1,0.2,93.0,27.36421020237931,0.2942388193804227,50,0.0,0.0,0.0,0.0,False,False,False
618,44684.896284451286,142867.03404477917,98182.13776032791,1.4551224622296512,0.5161812297734628,72.30565741820597,447.85904089272464,-328.36835371347127,9762.611580761004,8157.791786658781,0.09762611580761003,10,7,0.7,61.8,12.568213874691981,0.20336915654841395,29,0.055745905375789745,4.577145768301484,135.01864071707976,1.102281779110833,2012-01-10 13:30:00,2021-05-27 17:30:00,RBB_M,5,50,1.5,1,17,46,27,45,1,0,4,1250,2500,12,282,-4924.704555852812,144672.66371566622,149597.36827151902,0.9670802727831784,0.4326241134751773,-17.46349133281139,1185.8415058661164,-934.9835516969939,29354.81188384041,27823.52368653648,0.2935481188384041,5,3,0.6,56.4,17.3735431043872,0.30804154440402837,31,0.0,0.0,0.0,0.0,False,False,False
618,38292.55115314089,133568.82697080544,95276.27581766457,1.4019106626965923,0.49838187702265374,61.962056882105,433.6650226324852,-307.3428252182728,7169.7421832379405,5624.4907121297365,0.0716974218323794,10,7,0.7,61.8,12.568213874691981,0.20336915654841395,29,0.07810918598863496,5.340854688284973,115.71181694112875,1.1022431567158817,2012-01-10 13:30:00,2021-05-27 17:30:00,RBB_M,5,50,1.5,1,17,46,27,45,1,0,4,750,3000,12,282,9359.033539626209,127616.34917027011,118257.3156306439,1.0791412648741117,0.3723404255319149,33.18806219725606,1215.3938016216202,-668.1204272917735,16956.00297347964,15096.719801628002,0.16956002973479642,5,4,0.8,56.4,17.3735431043872,0.30804154440402837,31,0.31958428050675175,0.5519598902090536,510.906689058861,0.3839047697572954,True,False,False
866,92582.27219611227,357550.79827227606,264968.52607616386,1.3494085639797835,0.4930715935334873,106.90793556133058,837.3554994666887,-603.5729523375031,21347.999147516253,19924.119622055878,0.21347999147516253,10,9,0.9,86.6,17.205812971202494,0.19868144308547916,54,0.042512882596831926,4.336812623813685,199.6858234650823,1.1021347847613472,2012-01-10 11:15:00,2021-05-31 19:00:00,RBB_M,5,10,1.5,1,29,46,52,-39,9,18,4,1000,2500,48,465,-33072.62720657138,292693.8577127968,325766.4849193682,0.8984775023288312,0.28817204301075267,-71.1239294764976,2184.282520244752,-984.1887761914446,52473.86657803827,51457.6027593162,0.5247386657803828,5,2,0.4,93.0,28.55170747958868,0.3070076073074052,54,0.0,0.0,0.0,0.0,False,False,False
1105,117155.91608830028,487410.2467706552,370254.33068235486,1.3164201101237345,0.502262443438914,106.02345347357492,878.2166608480275,-673.1896921497361,21004.99683636622,18768.398378512415,0.2100499683636622,10,8,0.8,110.5,20.800240383226342,0.18823746953146012,53,0.03406571459005099,5.577526004929776,198.11651241488246,1.1019045864162984,2012-01-10 10:45:00,2021-06-01 23:00:00,RBB_M,5,10,2.5,1,53,46,-48,37,7,6,-1,1750,4000,0,534,34927.296900658206,501796.3258343118,466869.0289336536,1.074811766761298,0.41385767790262173,65.40692303494046,2270.571610110008,-1491.5943416410657,33068.450208349226,31181.89767836759,0.33068450208349226,5,4,0.8,106.8,26.663833182796505,0.2496613593894804,71,0.11426592820370321,1.0562120897894287,505.5802761228199,0.5417764869316297,True,False,False
618,38781.20057293598,142481.0706762337,103699.87010329774,1.3739754016500227,0.3122977346278317,62.752751736142365,738.2438895141643,-243.99969436070057,7359.329419092181,6392.2518500820515,0.07359329419092181,10,8,0.8,61.8,12.568213874691981,0.20336915654841395,29,0.12869637675639783,5.269664987726543,117.27500731818242,1.101836126190658,2012-01-10 13:30:00,2021-05-27 23:00:00,RBB_M,5,50,1.5,1,17,46,27,45,1,0,4,250,5000,0,282,10674.844520033832,76068.3500076666,65393.50548763276,1.1632401327996198,0.08865248226950355,37.854058581680256,3042.734000306664,-254.44943769506912,13523.570546533163,12034.325655072083,0.13523570546533162,5,2,0.4,56.4,17.3735431043872,0.30804154440402837,31,0.46754779337846336,0.7893510432990186,357.2554979105462,0.4903092867428536,True,False,False
1097,123442.91717883924,507250.381368055,383807.4641892158,1.3216271925289662,0.5050136736554239,112.52772760149429,915.6144068015433,-706.827742521576,23675.201013863254,19146.306168645853,0.23675201013863253,10,8,0.8,109.7,20.95733761716884,0.19104227545276972,51,0.08093619486912669,5.214017701752817,210.39437584402853,1.1015800596586525,2012-01-10 10:45:00,2021-06-01 23:00:00,RBB_M,5,10,2.5,1,53,46,-48,37,7,6,-1,2000,10000,0,520,104239.91525852896,596811.7303697413,492571.8151112124,1.2116237918220996,0.4230769230769231,200.46137549717108,2712.7805925897333,-1641.9060503707078,27622.356475337394,26323.89767836759,0.27622356475337395,5,5,1.0,104.0,26.48018126826174,0.25461712757943983,66,0.0958462022462411,3.77375171997362,137.79390871099358,1.8167856789541565,True,True,True
618,46641.686346048606,148237.57464434963,101595.88829830104,1.45909029516137,0.517799352750809,75.47198437871943,463.2424207635926,-340.92579965872835,10662.576408951027,9514.791836390039,0.10662576408951027,10,6,0.6,61.8,12.568213874691981,0.20336915654841395,29,0.08556723207624996,4.37433548489217,141.27860154631784,1.1009257899476055,2012-01-10 13:30:00,2021-05-27 17:30:00,RBB_M,5,50,1.5,1,17,46,27,45,1,0,4,1750,4000,12,282,-19056.736053705397,151732.20586609503,170788.94191980048,0.8884193798527416,0.450354609929078,-67.57707820462907,1194.7417784731892,-1101.8641414180677,34136.74581647886,31440.549427254802,0.34136745816478864,5,1,0.2,56.4,17.3735431043872,0.30804154440402837,31,0.0,0.0,0.0,0.0,False,False,False
618,33946.86554566666,122896.32233515754,88949.45678949087,1.3816421906432306,0.4741100323624595,54.93020314832793,419.44137315753426,-273.6906362753565,5691.401164426832,5341.922389135718,0.05691401164426832,10,6,0.6,61.8,12.568213874691981,0.20336915654841395,29,0.13229498299212722,5.964588431728546,103.61150766288543,1.0967432259222196,2012-01-10 13:30:00,2021-05-27 17:30:00,RBB_M,5,50,1.5,1,17,46,27,45,1,0,4,500,4500,12,282,196.5183663674834,94296.19825065216,94099.67988428468,1.002088406321989,0.29432624113475175,0.6968736396010049,1136.098774104243,-472.8627129863552,12782.327825645763,11670.52863017538,0.12782327825645765,5,3,0.6,56.4,17.3735431043872,0.30804154440402837,31,22.852825835128133,0.015374223619362953,18342.389637473283,0.009284369490911536,False,False,False
618,59561.4305281101,193409.5799766738,133848.1494485637,1.444992558907203,0.5436893203883495,96.37771930114903,575.6237499305768,-474.63882783178616,17599.529600374954,16002.529600374954,0.17599529600374952,10,6,0.6,61.8,12.568213874691981,0.20336915654841395,29,0.033427672612066375,3.3842626411356562,182.60994063765037,1.0942825390784754,2012-01-10 13:30:00,2021-05-27 20:30:00,RBB_M,5,50,1.5,1,17,46,27,45,1,0,4,2500,2000,24,282,-5447.809212056643,193786.44132857717,199234.2505406338,0.9726562616755218,0.4929078014184397,-19.318472383179586,1394.1470599178215,-1393.2465072771595,24503.69320222293,21290.679317053786,0.24503693202222931,5,1,0.2,56.4,17.3735431043872,0.30804154440402837,31,0.0,0.0,0.0,0.0,False,False,False
1000,109006.8230924291,481320.82230690325,372313.9992144741,1.2927819617914367,0.5,109.0068230924291,962.6416446138065,-744.6279984289482,22542.582047049655,19125.692644527036,0.22542582047049656,10,8,0.8,100.0,18.121810064118872,0.1812181006411887,52,0.045786124743476195,4.835596155973436,206.7997342509041,1.0935917061275557,2012-01-10 09:15:00,2021-05-31 19:00:00,RBB_M,6,10,1.5,1,29,56,52,-39,9,18,4,1750,5000,184,526,-67770.22142857249,492651.83773866046,560422.059167233,0.8790728874425882,0.33460076045627374,-128.84072514937736,2799.158168969662,-1601.2058833349513,106301.71883622283,104321.82213923242,1.0630171883622284,5,1,0.2,105.2,34.85627633583369,0.3313334252455674,62,0.0,0.0,0.0,0.0,False,False,False
850,71257.22055987519,337662.3726914157,266405.1521315406,1.2674768862003505,0.548235294117647,83.83202418808845,724.5973662905917,-693.7634170092202,13407.428645085245,12036.591379895843,0.13407428645085245,10,9,0.9,85.0,17.60113632695344,0.2070721920818052,48,0.02092419530659577,5.314756650671859,159.93206384953643,1.0905373896166148,2012-01-10 11:15:00,2021-05-31 19:00:00,RBB_M,5,10,1.5,1,29,46,52,-39,9,18,4,1750,1500,48,461,-69083.81500046008,318208.60619016655,387292.4211906267,0.8216236331501647,0.4793926247288503,-149.85643167127998,1439.8579465618395,-1613.7184216276112,74560.12565961966,73574.9277031497,0.7456012565961966,5,0,0.0,92.2,27.72291470967654,0.3006823721223052,54,0.0,0.0,0.0,0.0,False,False,False
618,37856.91279408612,133133.18861175067,95276.27581766457,1.3973382929716411,0.49838187702265374,61.25714044350505,432.25061237581383,-307.3428252182728,7169.7421832379405,5624.4907121297365,0.0716974218323794,10,7,0.7,61.8,12.568213874691981,0.20336915654841395,29,0.10630039099751695,5.28009401545726,117.04337047613738,1.08970339674662,2012-01-10 13:30:00,2021-05-27 17:30:00,RBB_M,5,50,1.5,1,17,46,27,45,1,0,4,750,0,12,282,-960.1906418879371,119574.12498875597,120534.3156306439,0.992033881497861,0.3617021276595745,-3.404931354212543,1172.2953430270193,-669.6350868369105,18145.74751642556,16286.46434457392,0.1814574751642556,5,3,0.6,56.4,17.3735431043872,0.30804154440402837,31,0.0,0.0,0.0,0.0,False,False,False
618,37823.70816211586,133099.9839797804,95276.27581766457,1.396989784051815,0.49838187702265374,61.20341126555964,432.1428051291571,-307.3428252182728,7169.7421832379405,5624.4907121297365,0.0716974218323794,10,7,0.7,61.8,12.568213874691981,0.20336915654841395,29,0.10551583104687173,5.275462798445316,117.1461203711123,1.0887476082901624,2012-01-10 13:30:00,2021-05-27 17:30:00,RBB_M,5,50,1.5,1,17,46,27,45,1,0,4,750,4000,12,282,-712.3888299842001,119821.92680065971,120534.3156306439,0.9940897426076805,0.3617021276595745,-2.526201524766667,1174.7247725554873,-669.6350868369105,19288.978437676997,17547.11119334206,0.19288978437676996,5,3,0.6,56.4,17.3735431043872,0.30804154440402837,31,0.0,0.0,0.0,0.0,False,False,False
1097,121878.73641385036,505686.2006030661,383807.4641892158,1.3175517617181216,0.5050136736554239,111.10185634808602,912.7909758178089,-706.827742521576,23675.201013863254,19146.306168645853,0.23675201013863253,10,8,0.8,109.7,20.95733761716884,0.19104227545276972,51,0.07866776355376583,5.147949381400522,213.09455838152712,1.0876216213797105,2012-01-10 10:45:00,2021-06-01 23:00:00,RBB_M,5,10,2.5,1,53,46,-48,37,7,6,-1,2000,0,0,520,114413.81533980503,608994.6304510174,494580.8151112124,1.2313349241297962,0.42115384615384616,220.02656796116352,2780.7973993197143,-1643.1256315987123,33877.68752448684,27558.687524486842,0.33877687524486844,5,5,1.0,104.0,26.48018126826174,0.25461712757943983,66,0.20866992126652534,3.3772616639523156,153.97089468971097,1.8006180538215972,True,False,False
1094,122942.51008437305,517387.90754115593,394445.39745678287,1.3116844837765997,0.5073126142595978,112.37889404421668,932.2304640381188,-731.8096427769626,24293.743008984762,22915.839479344344,0.2429374300898476,10,8,0.8,109.4,20.387250918159612,0.18635512722266556,52,0.05124488515904846,5.060665622374624,216.17709638098174,1.0860276737489265,2012-01-10 10:45:00,2021-06-01 23:00:00,RBB_M,5,10,2.5,1,53,46,-48,37,7,6,-1,2250,6000,0,514,52658.17692095234,570446.6910312211,517788.51411026873,1.1016982329386669,0.44163424124513617,102.44781502130806,2512.9810177586833,-1804.1411641472778,33764.86709328815,32716.408296318346,0.3376486709328815,5,4,0.8,102.8,25.560907652115954,0.24864696159645872,66,0.1137715042621656,1.5595552849494214,329.5811344172193,0.8397954797795281,True,False,False
618,56644.39253399598,196620.55939190817,139976.16685791218,1.404671693799809,0.5436893203883495,91.65759309708088,585.180236285441,-496.3693860209652,16180.132736718362,14480.447258360873,0.1618013273671836,10,6,0.6,61.8,12.568213874691981,0.20336915654841395,29,0.04397610934754025,3.5008608060087236,176.52801246461783,1.0853773721924334,2012-01-10 13:30:00,2021-05-27 20:30:00,RBB_M,5,50,1.5,1,17,46,27,45,1,0,4,5000,2500,24,282,-36372.4566066812,202195.00212780762,238567.4587344888,0.8475380640778777,0.48226950354609927,-128.9803425768837,1486.7279568221147,-1634.023689962252,57235.49033505128,55338.63266324078,0.5723549033505129,5,0,0.0,56.4,17.3735431043872,0.30804154440402837,31,0.0,0.0,0.0,0.0,False,False,False
618,56255.093487183054,188292.91766046872,132037.82417328565,1.4260528665888512,0.5388349514563107,91.02765936437387,565.4441971785848,-463.2906111343356,15967.27540684591,15060.835799229033,0.1596727540684591,10,6,0.6,61.8,12.568213874691981,0.20336915654841395,29,0.035392350746934975,3.5231491944495357,175.41124882636643,1.0850789095038786,2012-01-10 13:30:00,2021-05-27 20:30:00,RBB_M,5,50,1.5,1,17,46,27,45,1,0,4,1750,2000,24,282,-2116.077600042816,182510.5459006428,184626.62350068561,0.9885386107381477,0.46808510638297873,-7.5038212767475745,1382.6556507624455,-1230.8441566712374,21688.402346984025,19100.00260179895,0.21688402346984026,5,2,0.4,56.4,17.3735431043872,0.30804154440402837,31,0.0,0.0,0.0,0.0,False,False,False
618,45990.782184185606,148237.57464434963,102246.79246016404,1.4498017109153216,0.517799352750809,74.41874139835859,463.2424207635926,-343.110041812631,10683.362449935412,9078.54265583319,0.10683362449935412,10,6,0.6,61.8,12.568213874691981,0.20336915654841395,29,0.08677825882622943,4.304897676149109,143.55741912844348,1.0845053381972294,2012-01-10 13:30:00,2021-05-27 17:30:00,RBB_M,5,50,1.5,1,17,46,27,45,1,0,4,1500,4000,12,282,-20606.559668786038,146535.914568291,167142.47423707705,0.8767126084327467,0.4326241134751773,-73.07290662690085,1201.1140538384507,-1044.6404639817315,36939.843963637446,34799.471642063996,0.3693984396363745,5,2,0.4,56.4,17.3735431043872,0.30804154440402837,31,0.0,0.0,0.0,0.0,False,False,False
1168,96761.82813930977,445794.252181642,349032.4240423322,1.2772287657939025,0.4751712328767123,82.84403094118987,803.2328868137694,-569.3840522713413,13276.993330052974,12676.125371841634,0.13276993330052975,10,8,0.8,116.8,22.833309002420126,0.1954906592672956,58,0.0309109496742228,7.28793227004835,160.26493616031522,1.0829657164168882,2012-01-10 10:45:00,2021-06-01 23:00:00,RBB_M,5,10,2.5,1,53,46,-48,37,7,6,-1,1000,3000,0,597,28818.132846999462,412556.0595534983,383737.9267064988,1.0750984743528909,0.32998324958123953,48.2715793082068,2094.193195703037,-959.3448167662469,21286.17395586935,19736.23750080617,0.21286173955869353,5,5,1.0,119.4,31.57594020769611,0.2644551106172203,74,0.10378881990307093,1.353842776383648,440.9670091786374,0.4983633070869544,True,False,False
618,45848.25613476339,147444.14443306444,101595.88829830104,1.4512806266346716,0.517799352750809,74.18811672291811,460.7629513533264,-340.92579965872835,10662.576408951027,9289.51631431414,0.10662576408951027,10,6,0.6,61.8,12.568213874691981,0.20336915654841395,29,0.06523694142713844,4.299922868198596,143.72350829141826,1.0821977410591785,2012-01-10 13:30:00,2021-05-27 17:30:00,RBB_M,5,50,1.5,1,17,46,27,45,1,0,4,1750,3000,12,282,-11896.288440684846,157133.65347911563,169029.94191980048,0.9296202299689054,0.45390070921985815,-42.18542000242853,1227.6066678055909,-1097.59702545325,34409.99008509905,31595.542843253745,0.3440999008509905,5,1,0.2,56.4,17.3735431043872,0.30804154440402837,31,0.0,0.0,0.0,0.0,False,False,False
618,46831.66251779866,153388.55238265404,106556.88986485539,1.4394991499582486,0.5194174757281553,75.77938918737647,477.8459575783615,-358.77740695237503,11130.520554671653,8838.734513687268,0.11130520554671654,10,6,0.6,61.8,12.568213874691981,0.20336915654841395,29,0.16511988050014192,4.207499755987843,146.8805789282583,1.081923906108178,2012-01-10 13:30:00,2021-05-27 17:30:00,RBB_M,5,50,1.5,1,17,46,27,45,1,0,4,5000,0,12,282,-27587.84465372556,157642.35402743774,185230.1986811633,0.8510618416967067,0.4716312056737589,-97.82923636072893,1185.280857349156,-1243.1556958467336,45357.64020242599,43217.26788085254,0.45357640202425986,5,1,0.2,56.4,17.3735431043872,0.30804154440402837,31,0.0,0.0,0.0,0.0,False,False,False
618,33480.070177636924,122429.5269671278,88949.45678949087,1.3763943185945628,0.4741100323624595,54.1748708376002,417.84821490487303,-273.6906362753565,5691.401164426832,5341.922389135718,0.05691401164426832,10,6,0.6,61.8,12.568213874691981,0.20336915654841395,29,0.12019701902113192,5.882570778334622,105.05610952886114,1.081662167640424,2012-01-10 13:30:00,2021-05-27 17:30:00,RBB_M,5,50,1.5,1,17,46,27,45,1,0,4,500,0,12,282,792.6720036798288,94892.35188796451,94099.67988428468,1.0084237481429756,0.29432624113475175,2.8108936300703147,1143.2813480477653,-472.8627129863552,12782.327825645763,11670.52863017538,0.12782327825645765,5,3,0.6,56.4,17.3735431043872,0.30804154440402837,31,7.091205408927751,0.06201311799322304,4547.424950166475,0.037449221176115176,False,False,False
618,37475.31123551828,140398.18133881604,102922.87010329774,1.3641106315623193,0.31715210355987056,60.63966219339528,716.3172517286532,-243.89305711681928,7135.625330199247,6491.121212642502,0.07135625330199247,10,8,0.8,61.8,12.568213874691981,0.20336915654841395,29,0.07981254595065766,5.251860839289871,117.67257718952864,1.0812947857272772,2012-01-10 13:30:00,2021-05-27 23:00:00,RBB_M,5,50,1.5,1,17,46,27,45,1,0,4,250,3000,0,282,6124.763982098622,70482.26946973139,64357.50548763276,1.095167827523638,0.10283687943262411,21.71902121311568,2430.4230851631514,-254.3774920459793,12829.729755957276,11201.173354393963,0.12829729755957275,5,3,0.6,56.4,17.3735431043872,0.30804154440402837,31,0.48834534828477544,0.4773883860846475,590.7139935113494,0.2888250451422544,False,False,False
618,33446.86554566666,122396.32233515754,88949.45678949087,1.376021020845833,0.4741100323624595,54.12114165965479,417.73488851589605,-273.6906362753565,5691.401164426832,5341.922389135718,0.05691401164426832,10,6,0.6,61.8,12.568213874691981,0.20336915654841395,29,0.11932358787255835,5.876736603056695,105.16040478631571,1.0805894042321604,2012-01-10 13:30:00,2021-05-27 17:30:00,RBB_M,5,50,1.5,1,17,46,27,45,1,0,4,500,4000,12,282,-507.6422088578038,93592.03767542688,94099.67988428468,0.9946052716706152,0.29432624113475175,-1.8001496768007226,1127.614911752131,-472.8627129863552,12004.98805274837,11670.52863017538,0.1200498805274837,5,3,0.6,56.4,17.3735431043872,0.30804154440402837,31,0.0,0.0,0.0,0.0,False,False,False
618,33401.67478357386,122351.13157306473,88949.45678949087,1.375512970951838,0.4741100323624595,54.04801744914864,417.58065383298543,-273.6906362753565,5691.401164426832,5341.922389135718,0.05691401164426832,10,6,0.6,61.8,12.568213874691981,0.20336915654841395,29,0.08954640805828401,5.868796420878841,105.30268144953914,1.0791293972063905,2012-01-10 13:30:00,2021-05-27 17:30:00,RBB_M,5,50,1.5,1,17,46,27,45,1,0,4,500,3000,12,282,10260.750150392589,102833.43003467728,92572.67988428468,1.110839938556586,0.3049645390070922,36.38563883117939,1195.737558542759,-472.3095912463504,12078.92924630212,11133.80210405463,0.1207892924630212,5,4,0.8,56.4,17.3735431043872,0.30804154440402837,31,0.291499155145646,0.8494751431327281,331.96969008419626,0.4986767728744146,True,False,False
1172,103668.38656923923,398986.21409966104,295317.82753042184,1.3510400555095508,0.5068259385665529,88.45425475191061,671.6939631307425,-510.93049745747726,15247.138921559155,14747.784268772557,0.15247138921559156,10,5,0.5,117.2,22.35978532991764,0.19078315127916073,60,0.04814389579282739,6.799202598111975,172.3731545115959,1.0790160477966668,2012-01-10 11:15:00,2021-05-31 18:30:00,RBB_M,5,10,1.5,1,29,46,52,-39,9,18,4,1750,5000,24,470,-94581.1337166774,318148.9286297215,412730.06234639883,0.770840211689507,0.3851063829787234,-201.2364547163349,1757.728887457025,-1428.1317036207572,109624.01289308607,106437.58299869046,1.0962401289308608,5,1,0.2,94.0,27.437201023428027,0.2918851172705109,51,0.0,0.0,0.0,0.0,False,False,False
823,73236.6798543477,366159.92746072344,292923.24760637584,1.2500200323900599,0.5492102065613609,88.9874603333508,810.088335090096,-789.5505326317408,15453.976331685306,13884.062068060419,0.15453976331685307,10,9,0.9,82.3,14.724469430169632,0.17891214374446698,47,0.02718583097922624,4.739018507760392,173.66465200595744,1.0782315751342557,2012-01-10 11:15:00,2021-05-31 19:00:00,RBB_M,5,10,1.5,1,29,46,52,-39,9,18,4,3000,2000,48,424,-71250.9827935153,392276.7746534179,463527.7574469332,0.8462854022249736,0.5117924528301887,-168.0447707394229,1807.7270721355662,-2239.2645287291457,96914.86734959634,95032.1829794941,0.9691486734959635,5,1,0.2,84.8,24.40819534500656,0.28783249227602076,53,0.0,0.0,0.0,0.0,False,False,False
618,48916.88851734632,153388.55238265404,104471.66386530774,1.4682311615177626,0.5194174757281553,79.1535412902044,477.8459575783615,-351.75644399093517,12231.458039117257,9939.671998132872,0.12231458039117257,10,6,0.6,61.8,12.568213874691981,0.20336915654841395,29,0.1580811607798759,3.999268800244901,154.52824775422843,1.0780392904649956,2012-01-10 13:30:00,2021-05-27 17:30:00,RBB_M,5,50,1.5,1,17,46,27,45,1,0,4,3000,0,12,282,-25674.446671643098,153468.55290490584,179142.99957654893,0.856681831093979,0.46808510638297873,-91.04413713348616,1162.6405523098927,-1194.2866638436594,37413.18598862198,34716.98959939792,0.37413185988621983,5,2,0.4,56.4,17.3735431043872,0.30804154440402837,31,0.0,0.0,0.0,0.0,False,False,False
931,83156.80852014756,314474.225195501,231317.41667535342,1.3594922064898187,0.39742212674543503,89.31988025794583,849.930338366219,-412.3305110077601,15618.588658700726,14435.93074729888,0.15618588658700727,10,8,0.8,93.1,19.54712255039089,0.20995835177648647,53,0.06001913840633699,5.324220410518525,174.86128075402686,1.0765410463610072,2012-01-10 11:15:00,2021-05-31 19:00:00,RBB_M,5,10,1.5,1,29,46,52,-39,9,18,4,500,5000,48,490,1660.50974366648,213769.52832283144,212109.01857916493,1.0078285673791223,0.14285714285714285,3.3887953952377146,3053.850404611878,-505.02147280753553,40308.921398013306,36468.51267279933,0.4030892139801331,5,3,0.6,98.0,29.65805118344764,0.30263317534130246,55,3.0057035311215023,0.041194596284789727,11894.763978568777,0.02542424789058549,False,False,False
618,46589.823999236774,153146.71386409216,106556.88986485539,1.4372295780997926,0.5194174757281553,75.3880647236841,477.09256655480425,-358.77740695237503,11130.520554671653,8838.734513687268,0.11130520554671654,10,6,0.6,61.8,12.568213874691981,0.20336915654841395,29,0.16078618369802633,4.185772244019827,147.64300682697936,1.0763368553697925,2012-01-10 13:30:00,2021-05-27 17:30:00,RBB_M,5,50,1.5,1,17,46,27,45,1,0,4,5000,7500,12,282,-24540.697964819017,160689.50071634428,185230.1986811633,0.8675124351237082,0.4716312056737589,-87.0237516482944,1208.1917347093554,-1243.1556958467336,45357.64020242599,43217.26788085254,0.45357640202425986,5,1,0.2,56.4,17.3735431043872,0.30804154440402837,31,0.0,0.0,0.0,0.0,False,False,False
618,41677.43963713388,139048.82275266596,97371.38311553212,1.428025548201191,0.511326860841424,67.43922271380887,440.0279201033733,-322.4217983958017,8919.74218323794,7516.7581354871145,0.0891974218323794,10,7,0.7,61.8,12.568213874691981,0.20336915654841395,29,0.05976854676505996,4.672493753850251,132.26341918397483,1.075572673769822,2012-01-10 13:30:00,2021-05-27 17:30:00,RBB_M,5,50,1.5,1,17,46,27,45,1,0,4,1000,2500,12,282,3242.032437503105,136477.58918472455,133235.55674722142,1.0243330873278371,0.4148936170212766,11.496568927315975,1166.475121236962,-807.4882227104329,23019.824096001343,21623.502294537517,0.23019824096001343,5,3,0.6,56.4,17.3735431043872,0.30804154440402837,31,0.7683451809996316,0.14083654262441833,2002.3212352779433,0.11413546217938507,False,False,False
618,36410.0614498815,132745.130103101,96335.06865321953,1.3779523070767505,0.3511326860841424,58.9159570386432,611.7287101525392,-240.23707893570955,6808.46827023456,6096.879762604498,0.0680846827023456,10,6,0.6,61.8,12.568213874691981,0.20336915654841395,29,0.08214762296177709,5.347761053548558,115.562380931347,1.0755028920679577,2012-01-10 13:30:00,2021-05-27 23:00:00,RBB_M,5,50,1.5,1,17,46,27,45,1,0,4,250,3000,48,282,3988.930606544047,68346.43609417681,64357.50548763276,1.0619808144569958,0.10283687943262411,14.145143994837046,2356.77365841989,-254.3774920459793,13518.121711341853,11694.121711341853,0.13518121711341854,5,3,0.6,56.4,17.3735431043872,0.30804154440402837,31,0.7498250270619172,0.29508024056310206,955.6722587112542,0.18325361531046347,False,False,False
618,44314.19655661478,163391.4404490816,119077.24389246681,1.3721466428684972,0.5064724919093851,71.7058196708977,522.0173816264588,-390.4171930900551,10086.67988931806,8564.422925898114,0.1008667988931806,10,6,0.6,61.8,12.568213874691981,0.20336915654841395,29,0.044929168408962245,4.393338248351091,140.66752092943176,1.0754336966202152,2012-01-10 13:30:00,2021-05-27 20:30:00,RBB_M,5,50,1.5,1,17,46,27,45,1,0,4,750,2000,24,282,4476.632261534607,136679.5105422979,132202.87828076328,1.033861836593508,0.33687943262411346,15.874582487711372,1438.7316899189254,-706.9672635334935,20817.380888614454,19115.505726183866,0.20817380888614453,5,2,0.4,56.4,17.3735431043872,0.30804154440402837,31,0.4447539765791433,0.21504301071721224,1311.3655684947519,0.1657267533063611,False,False,False
618,46504.14085569359,151646.71386409216,105142.57300839857,1.442296013166607,0.5194174757281553,75.24941886034561,472.41966935854254,-354.0153973346753,11130.520554671653,8838.734513687268,0.11130520554671654,10,6,0.6,61.8,12.568213874691981,0.20336915654841395,29,0.12882723752688166,4.178074208413826,147.91503673043158,1.074357368920542,2012-01-10 13:30:00,2021-05-27 17:30:00,RBB_M,5,50,1.5,1,17,46,27,45,1,0,4,4000,6000,12,282,-15745.102949639702,164867.43214484066,180612.53509448035,0.9128238638508492,0.4716312056737589,-55.83369840297767,1239.6047529687266,-1212.1646650636264,39723.44254128884,37583.07021971539,0.3972344254128884,5,1,0.2,56.4,17.3735431043872,0.30804154440402837,31,0.0,0.0,0.0,0.0,False,False,False
618,46470.93622372334,151613.5092321219,105142.57300839857,1.441980207389554,0.5194174757281553,75.19568968240023,472.3162281374514,-354.0153973346753,11130.520554671653,8838.734513687268,0.11130520554671654,10,6,0.6,61.8,12.568213874691981,0.20336915654841395,29,0.10740046156961439,4.175091002749082,148.02072567833346,1.0735902621557865,2012-01-10 13:30:00,2021-05-27 17:30:00,RBB_M,5,50,1.5,1,17,46,27,45,1,0,4,4000,5000,12,282,-16646.56054900727,163965.9745454731,180612.53509448035,0.9078327506986197,0.4716312056737589,-59.03035655676337,1232.8268762817524,-1212.1646650636264,40723.44254128884,38583.07021971539,0.4072344254128884,5,1,0.2,56.4,17.3735431043872,0.30804154440402837,31,0.0,0.0,0.0,0.0,False,False,False
618,48675.04999878442,153146.71386409216,104471.66386530774,1.4659162896222246,0.5194174757281553,78.76221682651202,477.09256655480425,-351.75644399093517,12231.458039117257,9939.671998132872,0.12231458039117257,10,6,0.6,61.8,12.568213874691981,0.20336915654841395,29,0.15389814700112428,3.979496953112002,155.29601034540772,1.072709609186001,2012-01-10 13:30:00,2021-05-27 17:30:00,RBB_M,5,50,1.5,1,17,46,27,45,1,0,4,3000,7500,12,282,-22627.299982736557,156515.6995938124,179142.99957654893,0.8736914083373504,0.46808510638297873,-80.23865242105163,1185.7249969228212,-1194.2866638436594,34366.03929971544,31669.84291049138,0.3436603929971544,5,2,0.4,56.4,17.3735431043872,0.30804154440402837,31,0.0,0.0,0.0,0.0,False,False,False
878,91367.03950366721,347699.1095633167,256332.07005964947,1.3564401422046244,0.44419134396355353,104.06268736180776,891.5361783674787,-525.2706353681342,21353.591528465993,19923.132317102107,0.21353591528465993,10,9,0.9,87.8,18.7712546197637,0.21379561070345898,50,0.049153393000325285,4.278766847341248,205.1993088956399,1.072662075887171,2012-01-10 11:15:00,2021-05-31 19:00:00,RBB_M,5,10,1.5,1,29,46,52,-39,9,18,4,750,4500,0,465,-29894.263353226233,251056.41502804164,280950.67838126794,0.893596044951855,0.1913978494623656,-64.28873839403491,2820.8585958206927,-747.2092510140104,55036.5065738208,51027.950036240996,0.550365065738208,5,3,0.6,93.0,27.885480092693403,0.2998438719644452,54,0.0,0.0,0.0,0.0,False,False,False
618,40116.03168811399,148534.84405581,108418.81236769605,1.3700098793930964,0.4741100323624595,64.91267263448866,506.94486025873726,-333.5963457467571,8312.991339012042,7763.117617942113,0.08312991339012042,10,6,0.6,61.8,12.568213874691981,0.20336915654841395,29,0.062094875668822956,4.825703534641428,128.06422847231957,1.0723935204747834,2012-01-10 13:30:00,2021-05-27 20:30:00,RBB_M,5,50,1.5,1,17,46,27,45,1,0,4,500,2500,24,282,6323.14988484489,111237.98884013272,104914.83895528782,1.0602693570119253,0.24113475177304963,22.422517322145,1635.8527770607752,-490.25625680041037,18202.96267371618,16695.847422711035,0.1820296267371618,5,4,0.8,56.4,17.3735431043872,0.30804154440402837,31,0.39394922552292233,0.34736927159528164,811.8161940603569,0.2503321812623753,False,False,False
931,82644.53740074896,314470.9540761024,231826.41667535342,1.356493183934613,0.3963480128893663,88.76964275053594,852.2248077943154,-412.50252077465024,15618.588658700726,14435.93074729888,0.15618588658700727,10,8,0.8,93.1,19.54712255039089,0.20995835177648647,53,0.07708844974868867,5.291421600677713,175.9451561903062,1.0699092275513147,2012-01-10 11:15:00,2021-05-31 19:00:00,RBB_M,5,10,1.5,1,29,46,52,-39,9,18,4,500,6000,48,486,-17684.830382069944,194933.188197095,212618.01857916493,0.9168234635039397,0.1337448559670782,-36.388539880802355,2998.972126109154,-505.0309229908906,51948.257784833084,46410.28895679024,0.5194825778483309,5,3,0.6,97.2,29.130053209700804,0.29969190544959673,55,0.0,0.0,0.0,0.0,False,False,False
618,43332.62537732511,141514.763137653,98182.13776032791,1.4413493774509598,0.5161812297734628,70.1175167917882,443.6199471399781,-328.36835371347127,9762.611580761004,8157.791786658781,0.09762611580761003,10,6,0.6,61.8,12.568213874691981,0.20336915654841395,29,0.045946904501240796,4.438630485178772,139.23213524162267,1.068924119022327,2012-01-10 13:30:00,2021-05-27 17:30:00,RBB_M,5,50,1.5,1,17,46,27,45,1,0,4,1250,2000,12,282,-3263.186169228182,141897.51593367656,145160.70210290476,0.9775201819641591,0.450354609929078,-11.571582160383624,1117.3032750683194,-936.5206587284179,26794.443398829135,25263.155201525202,0.2679444339882914,5,2,0.4,56.4,17.3735431043872,0.30804154440402837,31,0.0,0.0,0.0,0.0,False,False,False
618,45197.35197290039,147444.14443306444,102246.79246016404,1.4420417588210366,0.517799352750809,73.13487374255726,460.7629513533264,-343.110041812631,10683.362449935412,9078.54265583319,0.10683362449935412,10,6,0.6,61.8,12.568213874691981,0.20336915654841395,29,0.06617644329679659,4.230629840062539,146.077540074001,1.0657955172557263,2012-01-10 13:30:00,2021-05-27 17:30:00,RBB_M,5,50,1.5,1,17,46,27,45,1,0,4,1500,3000,12,282,-13705.22382109987,151928.25041597715,165633.47423707705,0.9172557124444354,0.43617021276595747,-48.600084471985355,1235.189027772172,-1041.7199637552017,34840.79098134736,32930.70911482449,0.3484079098134736,5,2,0.4,56.4,17.3735431043872,0.30804154440402837,31,0.0,0.0,0.0,0.0,False,False,False
618,39975.08248174969,152415.02015828487,112439.93767653518,1.3555238761937876,0.5436893203883495,64.68459948503187,453.61613142346687,-398.72318325012475,8362.230057790737,7378.942823594723,0.08362230057790737,10,6,0.6,61.8,12.568213874691981,0.20336915654841395,29,0.024790442907839733,4.780433234374674,129.27698593427593,1.0654748241937817,2012-01-10 13:30:00,2021-05-27 15:30:00,RBB_M,5,50,1.5,1,17,46,27,45,1,0,4,1000,1000,24,282,-5124.867311670358,121798.73794906672,126923.60526073708,0.9596224256225434,0.48226950354609927,-18.173288339256587,895.5789555078436,-869.339762059843,25214.861479495055,24349.514075411396,0.25214861479495054,5,3,0.6,56.4,17.3735431043872,0.30804154440402837,31,0.0,0.0,0.0,0.0,False,False,False
618,55878.75541516874,194129.55939190817,138250.8039767394,1.4041839454660265,0.5420711974110033,90.4186980827973,579.4912220653976,-488.51874196727704,16352.028188255717,14741.95217390712,0.16352028188255718,10,6,0.6,61.8,12.568213874691981,0.20336915654841395,29,0.04457865930428003,3.4172369795265967,180.84786150406634,1.0650642087424769,2012-01-10 13:30:00,2021-05-27 20:30:00,RBB_M,5,50,1.5,1,17,46,27,45,1,0,4,3000,2500,24,282,-25514.470641796368,195879.76235898965,221394.23300078601,0.8847554866449219,0.4716312056737589,-90.47684624750485,1472.7801681127041,-1485.867335575745,44257.289814795186,42327.84257294988,0.44257289814795187,5,1,0.2,56.4,17.3735431043872,0.30804154440402837,31,0.0,0.0,0.0,0.0,False,False,False
618,55475.84642113442,231596.039059649,176120.19263851456,1.3149885631512919,0.5889967637540453,89.7667417817709,636.2528545594753,-693.3865851910023,16172.8649506711,14597.973579491809,0.161728649506711,10,9,0.9,61.8,12.568213874691981,0.20336915654841395,29,0.01786363010087328,3.43018052709532,180.16544468093142,1.0632253842823445,2012-01-10 13:30:00,2021-05-27 15:30:00,RBB_M,5,50,1.5,1,17,46,27,45,1,0,4,5000,1000,0,282,-16370.535710587872,184864.50621288322,201235.0419234711,0.9186496767455963,0.6808510638297872,-58.051545073006636,962.8359698587668,-2235.94491026079,39636.44642409714,39149.87590792078,0.39636446424097144,5,2,0.4,56.4,17.3735431043872,0.30804154440402837,31,0.0,0.0,0.0,0.0,False,False,False
618,37404.30471651759,134257.37336973712,96853.06865321953,1.3861963821760048,0.3478964401294498,60.52476491345888,624.4528993941261,-240.33019516927922,7359.329419092181,5170.0,0.07359329419092181,10,7,0.7,61.8,12.568213874691981,0.20336915654841395,29,0.13343383970979134,5.082569699826217,121.5920364104659,1.0627163059119957,2012-01-10 13:30:00,2021-05-27 23:00:00,RBB_M,5,50,1.5,1,17,46,27,45,1,0,4,250,5000,48,282,607.4076929441362,66000.9131805769,65393.50548763276,1.0092885017925672,0.08865248226950355,2.1539279891636034,2640.036527223076,-254.44943769506912,16211.96250191774,14537.067926510725,0.1621196250191774,5,2,0.4,56.4,17.3735431043872,0.30804154440402837,31,8.216886381218465,0.037466635693999724,7526.6966135729745,0.025481015915829658,False,False,False
618,57972.69033094289,195400.5799766738,137427.8896457309,1.4218407957830688,0.5453074433656958,93.80694228307911,579.8236794560053,-489.06722293854415,17680.132736718377,16480.447258360888,0.17680132736718376,10,6,0.6,61.8,12.568213874691981,0.20336915654841395,29,0.034343757183497574,3.2789737042270217,188.47360660541983,1.062663035612612,2012-01-10 13:30:00,2021-05-27 20:30:00,RBB_M,5,50,1.5,1,17,46,27,45,1,0,4,5000,2000,24,282,-13472.695162670614,205074.68109739514,218547.37626006574,0.9383534344212925,0.5141843971631206,-47.775514761243315,1414.3081454992769,-1595.2363230661733,35539.079585915424,33266.85458001054,0.35539079585915423,5,2,0.4,56.4,17.3735431043872,0.30804154440402837,31,0.0,0.0,0.0,0.0,False,False,False
618,41482.990463961585,138336.0591171811,96853.06865321953,1.4283084784075413,0.3478964401294498,67.12458003877279,643.4235307775865,-240.33019516927922,9056.925301262338,5170.0,0.09056925301262338,10,7,0.7,61.8,12.568213874691981,0.20336915654841395,29,0.24084570297986826,4.580250922261638,134.92710563002163,1.0624158551221539,2012-01-10 13:30:00,2021-05-27 23:00:00,RBB_M,5,50,1.5,1,17,46,27,45,1,0,4,250,10000,48,282,10459.604526114555,75853.11001374731,65393.50548763276,1.1599486745376064,0.08865248226950355,37.090796191895585,3034.1244005498925,-254.44943769506912,16211.96250191774,14537.067926510725,0.1621196250191774,5,2,0.4,56.4,17.3735431043872,0.30804154440402837,31,0.9551986382520881,0.6451781840031564,437.08855474663784,0.43878494213888913,True,False,False
618,48304.34124825314,206206.65895817307,157902.31770991994,1.3059128070367678,0.5938511326860841,78.16236447937402,561.8710053356215,-629.0928992427089,12380.504827583463,11357.494389670515,0.12380504827583463,10,7,0.7,61.8,12.568213874691981,0.20336915654841395,29,0.0205157543688858,3.9016455242303403,158.39470709526077,1.0581125523653483,2012-01-10 13:30:00,2021-05-27 15:30:00,RBB_M,5,50,1.5,1,17,46,27,45,1,0,4,5000,1000,48,282,-16054.529390211472,176978.43310737232,193032.96249758382,0.9168301144919099,0.6702127659574468,-56.93095528443784,936.3938259649328,-2075.6232526621916,37833.78117344825,36779.14747534272,0.37833781173448255,5,3,0.6,56.4,17.3735431043872,0.30804154440402837,31,0.0,0.0,0.0,0.0,False,False,False
618,48947.737827028875,152012.61779488178,103064.87996785292,1.4749216012505542,0.517799352750809,79.20345926703702,475.03943060900554,-345.8553019055467,12734.512935000443,11514.791836390039,0.12734512935000442,10,6,0.6,61.8,12.568213874691981,0.20336915654841395,29,0.15798153013502142,3.843707103433648,160.78228214837966,1.057198006051803,2012-01-10 13:30:00,2021-05-27 17:30:00,RBB_M,5,50,1.5,1,17,46,27,45,1,0,4,2000,0,12,282,-24690.843866952535,150561.0583518091,175251.90221876162,0.8591122632373388,0.4574468085106383,-87.5561839253636,1167.1399872233264,-1145.4372694036708,38295.925821376906,35599.729432152846,0.3829592582137691,5,1,0.2,56.4,17.3735431043872,0.30804154440402837,31,0.0,0.0,0.0,0.0,False,False,False
618,40339.86129544713,148758.67366314318,108418.81236769605,1.3720743698855218,0.4741100323624595,65.27485646512481,507.70878383325316,-333.5963457467571,8649.87740329339,8263.117617942113,0.0864987740329339,10,6,0.6,61.8,12.568213874691981,0.20336915654841395,29,0.049355648137161784,4.663633877641776,132.5146905212249,1.0571687189366654,2012-01-10 13:30:00,2021-05-27 20:30:00,RBB_M,5,50,1.5,1,17,46,27,45,1,0,4,500,2000,24,282,8051.600228394338,110556.40796465217,102504.80773625785,1.0785485130522938,0.25886524822695034,28.55177385955439,1514.4713419815366,-490.4536255323342,13997.158939646673,12446.602795564453,0.13997158939646673,5,3,0.6,56.4,17.3735431043872,0.30804154440402837,31,0.2472800367035918,0.5752310353201993,490.23780478573485,0.3635101173484746,False,False,False
618,37206.35685579619,134059.42550901568,96853.06865321953,1.384152586729211,0.3478964401294498,60.20446093170905,623.5322116698404,-240.33019516927922,7359.329419092181,5170.0,0.07359329419092181,10,7,0.7,61.8,12.568213874691981,0.20336915654841395,29,0.1207051799617508,5.0556721593780525,122.2389388626865,1.057092289614852,2012-01-10 13:30:00,2021-05-27 23:00:00,RBB_M,5,50,1.5,1,17,46,27,45,1,0,4,250,4500,48,282,-1007.9778411926673,64385.527646440096,65393.50548763276,0.9845859641003143,0.08865248226950355,-3.574389507775416,2575.421105857604,-254.44943769506912,16524.622729020346,14849.72815361333,0.16524622729020347,5,2,0.4,56.4,17.3735431043872,0.30804154440402837,31,0.0,0.0,0.0,0.0,False,False,False
1215,112106.30028219466,464240.64042020094,352134.34013800626,1.318362305244807,0.43703703703703706,92.26855990304087,874.2761589834292,-514.8162867514711,17299.026778937503,16564.622808603628,0.17299026778937504,10,8,0.8,121.5,24.187806845598878,0.19907659955225415,60,0.08912077175725712,6.480497528259226,187.48560503291637,1.0566867494459737,2012-01-10 10:45:00,2021-06-01 16:15:00,RBB_M,5,10,2.5,1,53,46,-48,37,7,6,-1,750,10000,0,607,96552.74554181,428050.3339570599,331497.5884152499,1.2912622864117593,0.2602965403624382,159.06547865207577,2709.1793288421513,-738.3019786531178,21801.176263966758,21203.590684745286,0.21801176263966757,5,5,1.0,121.4,34.38371707654657,0.2832266645514544,71,0.10347711961928231,4.4287860605665355,137.05787357954966,1.6227040803967945,True,True,True
1087,120821.12872841654,521560.6409900139,400739.51226159744,1.3014954229158866,0.5087396504139834,111.1509923904476,943.1476328933344,-750.4485248344521,25109.995103938345,23732.091574297927,0.25109995103938343,10,8,0.8,108.7,20.69806754264755,0.19041460480816513,50,0.06200074505874197,4.811674722687083,225.90887012265955,1.0565581033475069,2012-01-10 10:45:00,2021-06-01 23:00:00,RBB_M,5,10,2.5,1,53,46,-48,37,7,6,-1,2500,7500,0,503,94018.33862816435,610464.0628669641,516445.72423879977,1.182048827622186,0.46520874751491054,186.91518613949174,2608.820781482753,-1919.872580813382,35112.947907105074,34314.48911013527,0.35112947907105074,5,5,1.0,100.6,24.84028985338134,0.24692137031194175,65,0.07967594523900659,2.6775974172518797,187.85497653947098,1.5024993615945244,True,False,False
618,40825.16873000769,138196.5518455398,97371.38311553212,1.4192727619116614,0.511326860841424,66.06014357606422,437.33086027069555,-322.4217983958017,8919.74218323794,7516.7581354871145,0.0891974218323794,10,6,0.6,61.8,12.568213874691981,0.20336915654841395,29,0.048768934996135285,4.576944926359722,135.02456550018547,1.0535780573458031,2012-01-10 13:30:00,2021-05-27 17:30:00,RBB_M,5,50,1.5,1,17,46,27,45,1,0,4,1000,2000,12,282,5849.775449474611,134869.94366487325,129020.16821539866,1.0453400079258028,0.4326241134751773,20.743884572605005,1105.4913415153546,-806.3760513462416,19180.733247781558,17784.411446317732,0.1918073324778156,5,2,0.4,56.4,17.3735431043872,0.30804154440402837,31,0.34035494476609673,0.3049818468306573,924.6451975109912,0.22561129537551725,False,False,False
618,57707.05321211563,193409.5799766738,135702.52676455816,1.4252467112291616,0.5436893203883495,93.37710875746865,575.6237499305768,-481.2146339168729,17838.952173907135,16741.952173907135,0.17838952173907136,10,6,0.6,61.8,12.568213874691981,0.20336915654841395,29,0.03450184837339759,3.234890292296606,191.04202744422957,1.0530745248878495,2012-01-10 13:30:00,2021-05-27 20:30:00,RBB_M,5,50,1.5,1,17,46,27,45,1,0,4,3000,2000,24,282,-3423.5959776445525,199759.44132857717,203183.03730622173,0.9831501880125713,0.5035460992907801,-12.140411268243094,1406.7566290744871,-1451.3074093301552,27862.902501179604,25605.203271098406,0.27862902501179604,5,2,0.4,56.4,17.3735431043872,0.30804154440402837,31,0.0,0.0,0.0,0.0,False,False,False
1098,110677.20978113625,494484.67397035204,383807.4641892158,1.2883664860842121,0.505464480874317,100.7989160119638,890.9633765231569,-706.827742521576,20801.815961401182,19315.436794111563,0.20801815961401182,10,8,0.8,109.8,20.677524029728513,0.188319890981134,52,0.040577459522885835,5.320555185494545,206.369441105222,1.0527096196719479,2012-01-10 10:45:00,2021-06-01 23:00:00,RBB_M,5,10,2.5,1,53,46,-48,37,7,6,-1,2000,4500,0,524,51361.924741373135,535342.4935261465,483980.56878477335,1.1061239397902642,0.4351145038167939,98.01894034613194,2347.9933926585372,-1635.0694891377477,36309.450208349226,34422.89767836759,0.36309450208349225,5,4,0.8,104.8,26.301330764811123,0.2509668966107932,68,0.08743831199110813,1.4145607946870715,370.43300080709434,0.7748248152227267,True,False,False
618,49162.15542611442,153388.55238265404,104226.39695653964,1.4716862221248428,0.5194174757281553,79.55041331086476,477.8459575783615,-350.93062948329845,12963.707219674106,10325.062388382816,0.12963707219674106,10,6,0.6,61.8,12.568213874691981,0.20336915654841395,29,0.15729250378746185,3.792291401915069,162.9621604731947,1.0524008447636053,2012-01-10 13:30:00,2021-05-27 17:30:00,RBB_M,5,50,1.5,1,17,46,27,45,1,0,4,2500,0,12,282,-22888.168590218127,151438.51861769997,174326.6872079181,0.8687053086546664,0.4645390070921986,-81.16371840502882,1156.0192260893127,-1154.481372237868,36102.20916806176,33961.83684648831,0.3610220916806176,5,1,0.2,56.4,17.3735431043872,0.30804154440402837,31,0.0,0.0,0.0,0.0,False,False,False
618,48705.89930846699,151770.7792763199,103064.87996785292,1.4725751325151584,0.517799352750809,78.81213480334465,474.2836852384997,-345.8553019055467,12734.512935000443,11514.791836390039,0.12734512935000442,10,6,0.6,61.8,12.568213874691981,0.20336915654841395,29,0.15380067109648402,3.824716308905716,161.58061149816757,1.0519746553728884,2012-01-10 13:30:00,2021-05-27 17:30:00,RBB_M,5,50,1.5,1,17,46,27,45,1,0,4,2000,7500,12,282,-21643.697178045993,153608.20504071563,175251.90221876162,0.8764995021222148,0.4574468085106383,-76.75069921292905,1190.7612793853925,-1145.4372694036708,35725.37942743789,33163.44799894151,0.35725379427437887,5,1,0.2,56.4,17.3735431043872,0.30804154440402837,31,0.0,0.0,0.0,0.0,False,False,False
930,86916.69668645627,323256.6124550445,236339.91576858825,1.3677613931772767,0.3881720430107527,93.45881364135083,895.4476799308712,-415.3601331609635,17909.66073122724,17406.37593649182,0.1790966073122724,10,7,0.7,93.0,19.3700800204852,0.20828043032779786,53,0.08618597215012751,4.85306215404229,191.63158650778243,1.051913282612523,2012-01-10 11:15:00,2021-05-31 19:00:00,RBB_M,5,10,1.5,1,29,46,52,-39,9,18,4,500,7500,0,485,-20418.02283388959,192708.99574527534,213127.01857916493,0.9041978676846858,0.12989690721649486,-42.09901615234967,3058.8729483377037,-505.04032838664676,50575.129598969776,44875.272405398064,0.5057512959896977,5,3,0.6,97.0,28.962044126753206,0.29857777450261036,55,0.0,0.0,0.0,0.0,False,False,False
618,49541.42597810719,153388.55238265404,103847.12640454686,1.477061115635628,0.5194174757281553,80.16411970567506,477.8459575783615,-349.6536242577335,13207.470420799167,11255.791836390039,0.13207470420799167,10,6,0.6,61.8,12.568213874691981,0.20336915654841395,29,0.1560883314497064,3.7510154783378646,164.75538519341055,1.0506874847273666,2012-01-10 13:30:00,2021-05-27 17:30:00,RBB_M,5,50,1.5,1,17,46,27,45,1,0,4,2250,0,12,282,-21515.642530067642,151438.51861769997,172954.16114776762,0.875599162302402,0.4645390070921986,-76.29660471655193,1156.0192260893127,-1145.3917956805803,34120.72448449201,31596.08127408495,0.34120724484492015,5,1,0.2,56.4,17.3735431043872,0.30804154440402837,31,0.0,0.0,0.0,0.0,False,False,False
618,45470.93622372334,150613.5092321219,105142.57300839857,1.4324693121224188,0.5194174757281553,73.57756670505395,469.2009633399436,-354.0153973346753,11130.520554671653,8838.734513687268,0.11130520554671654,10,6,0.6,61.8,12.568213874691981,0.20336915654841395,29,0.09876638514552799,4.085247945087212,151.27600779854427,1.050487859893279,2012-01-10 13:30:00,2021-05-27 17:30:00,RBB_M,5,50,1.5,1,17,46,27,45,1,0,4,4000,4500,12,282,-16007.30588262323,164605.22921185713,180612.53509448035,0.911372121130742,0.4716312056737589,-56.763496037671025,1237.6333023447905,-1212.1646650636264,40736.742867507724,38596.370545934275,0.40736742867507725,5,1,0.2,56.4,17.3735431043872,0.30804154440402837,31,0.0,0.0,0.0,0.0,False,False,False
618,48920.31690755252,153146.71386409216,104226.39695653964,1.4693659028427446,0.5194174757281553,79.15908884717237,477.09256655480425,-350.93062948329845,12963.707219674106,10325.062388382816,0.12963707219674106,10,6,0.6,61.8,12.568213874691981,0.20336915654841395,29,0.15312656322640272,3.7736363586883233,163.76776701791434,1.0472238735949302,2012-01-10 13:30:00,2021-05-27 17:30:00,RBB_M,5,50,1.5,1,17,46,27,45,1,0,4,2500,7500,12,282,-19841.021901311586,154485.6653066065,174326.6872079181,0.8861848279279961,0.4645390070921986,-70.35823369259427,1179.279887836691,-1154.481372237868,36102.20916806176,33961.83684648831,0.3610220916806176,5,1,0.2,56.4,17.3735431043872,0.30804154440402837,31,0.0,0.0,0.0,0.0,False,False,False
618,49299.587459545306,153146.71386409216,103847.12640454686,1.4747323220817286,0.5194174757281553,79.77279524198269,477.09256655480425,-349.6536242577335,13207.470420799167,11255.791836390039,0.13207470420799167,10,6,0.6,61.8,12.568213874691981,0.20336915654841395,29,0.15194853316261583,3.7327047412431194,165.5635907045208,1.0455585103435798,2012-01-10 13:30:00,2021-05-27 17:30:00,RBB_M,5,50,1.5,1,17,46,27,45,1,0,4,2250,7500,12,282,-18468.4958411611,154485.6653066065,172954.16114776762,0.8932173951837903,0.4645390070921986,-65.49112000411738,1179.279887836691,-1145.3917956805803,33736.4535956584,31596.08127408495,0.337364535956584,5,1,0.2,56.4,17.3735431043872,0.30804154440402837,31,0.0,0.0,0.0,0.0,False,False,False
873,87277.06807216724,337110.2928999667,249833.22482779942,1.349341318122616,0.4547537227949599,99.97373204142868,849.1443146094879,-524.8597160247887,20872.167025897063,19013.742043552586,0.20872167025897062,10,8,0.8,87.3,18.638937737972086,0.21350444144297923,48,0.0819803050890682,4.1815048702838835,208.77651158654083,1.0423306023780228,2012-01-10 11:15:00,2021-05-31 19:00:00,RBB_M,5,10,1.5,1,29,46,52,-39,9,18,4,750,0,48,457,-44892.779248707746,236205.94970951567,281098.72895822336,0.8402953317680081,0.17943107221006566,-98.23365262299288,2880.5603623111665,-749.5966105552623,71389.77477869319,66683.30013900774,0.7138977477869318,5,3,0.6,91.4,26.59774426525678,0.29100376657830174,54,0.0,0.0,0.0,0.0,False,False,False
618,45089.823999236774,151646.71386409216,106556.88986485539,1.4231525906623548,0.5194174757281553,72.96088025766468,472.41966935854254,-358.77740695237503,11130.520554671653,8838.734513687268,0.11130520554671654,10,6,0.6,61.8,12.568213874691981,0.20336915654841395,29,0.1328681167640266,4.0510076575270215,152.55463633886694,1.0416832519760313,2012-01-10 13:30:00,2021-05-27 17:30:00,RBB_M,5,50,1.5,1,17,46,27,45,1,0,4,5000,6000,12,282,-20362.76653632264,164867.43214484066,185230.1986811633,0.8900677822444434,0.4716312056737589,-72.20839197277532,1239.6047529687266,-1243.1556958467336,44987.64020242599,42847.26788085254,0.4498764020242599,5,1,0.2,56.4,17.3735431043872,0.30804154440402837,31,0.0,0.0,0.0,0.0,False,False,False
618,45056.61936726651,151613.5092321219,106556.88986485539,1.4228409765376147,0.5194174757281553,72.90715107971927,472.3162281374514,-358.77740695237503,11130.520554671653,8838.734513687268,0.11130520554671654,10,6,0.6,61.8,12.568213874691981,0.20336915654841395,29,0.1107717372072958,4.048024451862275,152.66706200741746,1.0409161452112756,2012-01-10 13:30:00,2021-05-27 17:30:00,RBB_M,5,50,1.5,1,17,46,27,45,1,0,4,5000,5000,12,282,-21264.22413569021,163965.9745454731,185230.1986811633,0.8852010941677371,0.4716312056737589,-75.40505012656102,1232.8268762817524,-1243.1556958467336,45987.64020242599,43847.26788085254,0.4598764020242599,5,1,0.2,56.4,17.3735431043872,0.30804154440402837,31,0.0,0.0,0.0,0.0,False,False,False
618,47175.04999878442,151646.71386409216,104471.66386530774,1.4515583293437906,0.5194174757281553,76.33503236049259,472.41966935854254,-351.75644399093517,12231.458039117257,9939.671998132872,0.12231458039117257,10,6,0.6,61.8,12.568213874691981,0.20336915654841395,29,0.12699509592791894,3.8568623501723627,160.23387507526206,1.0396523362336527,2012-01-10 13:30:00,2021-05-27 17:30:00,RBB_M,5,50,1.5,1,17,46,27,45,1,0,4,3000,6000,12,282,-18449.36855424018,160693.63102230878,179142.99957654893,0.8970131760780492,0.46808510638297873,-65.42329274553255,1217.3759925932484,-1194.2866638436594,35496.03929971544,32799.84291049138,0.35496039299715443,5,2,0.4,56.4,17.3735431043872,0.30804154440402837,31,0.0,0.0,0.0,0.0,False,False,False
618,47141.845366814174,151613.5092321219,104471.66386530774,1.4512404954858646,0.5194174757281553,76.2813031825472,472.3162281374514,-351.75644399093517,12231.458039117257,9939.671998132872,0.12231458039117257,10,6,0.6,61.8,12.568213874691981,0.20336915654841395,29,0.10587196918501304,3.8541476589340773,160.3467367337237,1.0389205665121042,2012-01-10 13:30:00,2021-05-27 17:30:00,RBB_M,5,50,1.5,1,17,46,27,45,1,0,4,3000,5000,12,282,-19350.826153607748,159792.17342294118,179142.99957654893,0.8919811201143865,0.46808510638297873,-68.61995089931825,1210.546768355615,-1194.2866638436594,35397.49689908301,32701.30050985895,0.3539749689908301,5,1,0.2,56.4,17.3735431043872,0.30804154440402837,31,0.0,0.0,0.0,0.0,False,False,False
873,87237.57533522206,342051.64539487154,254814.07005964944,1.342357764289863,0.44329896907216493,99.92849408387407,883.8543808653011,-524.3087861309659,21086.73375555576,19428.29685628708,0.21086733755555762,10,9,0.9,87.3,18.638937737972086,0.21350444144297923,48,0.08201741784250188,4.137083359922322,211.0182280727337,1.0365447111476758,2012-01-10 11:15:00,2021-05-31 19:00:00,RBB_M,5,10,1.5,1,29,46,52,-39,9,18,4,750,0,0,457,-39622.779248707746,241327.89913256012,280950.6783812679,0.8589689141275639,0.1772428884026258,-86.701923957785,2979.3567794143223,-747.2092510140103,74757.02966665852,70350.32312255673,0.7475702966665853,5,3,0.6,91.4,26.59774426525678,0.29100376657830174,54,0.0,0.0,0.0,0.0,False,False,False
618,40342.714941885686,137195.78359510523,96853.06865321953,1.4165352270492533,0.3478964401294498,65.27947401599626,638.1199236981638,-240.33019516927922,9056.925301262338,5170.0,0.09056925301262338,10,7,0.7,61.8,12.568213874691981,0.20336915654841395,29,0.21938841971031717,4.454349969769851,138.74078242485538,1.0332123965404112,2012-01-10 13:30:00,2021-05-27 23:00:00,RBB_M,5,50,1.5,1,17,46,27,45,1,0,4,250,0,48,282,10717.457837208014,76110.96332484078,65393.50548763276,1.1638917772841357,0.08865248226950355,38.00516963548941,3044.4385329936313,-254.44943769506912,16211.96250191774,14537.067926510725,0.1621196250191774,5,2,0.4,56.4,17.3735431043872,0.30804154440402837,31,0.9562765225455152,0.6610833102988135,426.5725599282402,0.44960200027010067,True,False,False
618,32144.569560875305,132736.43966417306,100591.87010329774,1.3195543489535095,0.33171521035598706,52.013866603358096,647.4948276301125,-243.56385012905022,5751.355777769011,5276.9968593293015,0.057513557777690114,10,8,0.8,61.8,12.568213874691981,0.20336915654841395,29,0.046384195538109414,5.589042097712897,110.57350959172288,1.033088143536655,2012-01-10 13:30:00,2021-05-27 16:45:00,RBB_M,5,50,1.5,1,17,46,27,45,1,0,4,250,1500,0,282,-11491.104465418728,51312.401022214035,62803.50548763276,0.8170308428455232,0.12411347517730496,-40.748597395101875,1466.0686006346866,-254.2652044033715,21344.031364396724,19615.54407790689,0.21344031364396723,5,2,0.4,56.4,17.3735431043872,0.30804154440402837,31,0.0,0.0,0.0,0.0,False,False,False
618,33696.13310741414,129254.20176063366,95558.06865321951,1.3526246771447161,0.3559870550161812,54.52448722882547,587.5190989119711,-240.0956498824611,6326.239789316649,4846.879762604498,0.06326239789316648,10,6,0.6,61.8,12.568213874691981,0.20336915654841395,29,0.059086898596145486,5.326407823541249,116.02566316244337,1.0325762220252879,2012-01-10 13:30:00,2021-05-27 23:00:00,RBB_M,5,50,1.5,1,17,46,27,45,1,0,4,250,2000,48,282,-1141.402557510708,62180.102930122055,63321.50548763276,0.9819744879923357,0.11702127659574468,-4.047526799683362,1884.245543337032,-254.30323489009143,15770.979769143596,14042.49248265376,0.15770979769143595,5,1,0.2,56.4,17.3735431043872,0.30804154440402837,31,0.0,0.0,0.0,0.0,False,False,False
618,53643.84457956975,185275.80903164804,131631.96445207822,1.407529013206358,0.5355987055016181,86.80233750739441,559.7456466212932,-458.64795976333875,16134.80414011913,15310.835799229033,0.1613480414011913,10,6,0.6,61.8,12.568213874691981,0.20336915654841395,29,0.03711516233790357,3.3247285875745174,185.87983461556732,1.0293259605310487,2012-01-10 13:30:00,2021-05-27 20:30:00,RBB_M,5,50,1.5,1,17,46,27,45,1,0,4,1500,2000,24,282,-6981.3844975616375,173120.01684871962,180101.40134628126,0.9612363677052211,0.4432624113475177,-24.7566826154668,1384.960134789757,-1147.1426837342756,28283.237223318734,26942.20361915884,0.28283237223318736,5,2,0.4,56.4,17.3735431043872,0.30804154440402837,31,0.0,0.0,0.0,0.0,False,False,False
618,44470.93622372334,149613.5092321219,105142.57300839857,1.4229584168552836,0.5194174757281553,71.95944372770768,466.0856985424358,-354.0153973346753,11130.520554671653,8838.734513687268,0.11130520554671654,10,6,0.6,61.8,12.568213874691981,0.20336915654841395,29,0.08974400673559402,3.9954048874253414,154.6776903499866,1.0273854576307717,2012-01-10 13:30:00,2021-05-27 17:30:00,RBB_M,5,50,1.5,1,17,46,27,45,1,0,4,4000,4000,12,282,-17709.91797472944,162902.6171197509,180612.53509448035,0.9019452444678594,0.4716312056737589,-62.80112756996255,1224.8317076673002,-1212.1646650636264,41736.742867507724,39596.370545934275,0.41736742867507726,5,1,0.2,56.4,17.3735431043872,0.30804154440402837,31,0.0,0.0,0.0,0.0,False,False,False
618,51692.17916351282,184833.1436155911,133140.96445207827,1.388251500026639,0.5339805825242718,83.64430285358061,560.1004351987609,-462.2950154586051,15134.80414011913,14310.835799229033,0.1513480414011913,10,6,0.6,61.8,12.568213874691981,0.20336915654841395,29,0.04818910791360649,3.41545081686838,180.94243868124062,1.0241211092348512,2012-01-10 13:30:00,2021-05-27 20:30:00,RBB_M,5,50,1.5,1,17,46,27,45,1,0,4,1500,2500,24,282,-16174.233622678665,173355.1989426326,189529.43256531123,0.9146610982592107,0.41843971631205673,-57.35543837829314,1469.1118554460388,-1155.6672717397025,36935.318323415115,35038.46065160461,0.3693531832341512,5,2,0.4,56.4,17.3735431043872,0.30804154440402837,31,0.0,0.0,0.0,0.0,False,False,False
1215,108572.11666224082,460706.45680024714,352134.34013800626,1.30832584126754,0.43703703703703706,89.3597668001982,867.6204459515012,-514.8162867514711,17299.026778937503,16564.622808603628,0.17299026778937504,10,8,0.8,121.5,24.187806845598878,0.19907659955225415,60,0.08830929996753961,6.276197964756793,193.5885398807815,1.023374393299052,2012-01-10 10:45:00,2021-06-01 16:15:00,RBB_M,5,10,2.5,1,53,46,-48,37,7,6,-1,750,0,0,607,107141.23877635566,438638.8271916056,331497.5884152499,1.3232036748398466,0.2602965403624382,176.50945432678034,2776.1951088076303,-738.3019786531178,21801.176263966758,21203.590684745286,0.21801176263966757,5,5,1.0,121.4,34.38371707654657,0.2832266645514544,71,0.22283410301607087,4.914470553290282,123.51279622453086,1.8006585350374535,True,True,True
618,39290.756914901984,192231.09690036817,152940.33998546618,1.256902507988643,0.5129449838187702,63.57727656133007,606.4072457424863,-508.10744181218,8757.574169930409,8095.5170639325115,0.08757574169930409,10,7,0.7,61.8,12.568213874691981,0.20336915654841395,29,0.025222217076305266,4.486488627159889,137.7469222275097,1.0233244785572488,2012-01-10 13:30:00,2021-05-27 15:30:00,RBB_M,5,50,1.5,1,17,46,27,45,1,0,4,750,1000,0,282,-6249.247765668813,113011.98901538808,119261.2367810569,0.9476003441324246,0.4219858156028369,-22.160453069747565,949.6805799612445,-731.6640293316374,25257.55626731462,24259.447852544006,0.2525755626731462,5,3,0.6,56.4,17.3735431043872,0.30804154440402837,31,0.0,0.0,0.0,0.0,False,False,False
618,33400.45927618811,135546.32937948586,102145.87010329774,1.3269878580740564,0.3220064724919094,54.046050608718616,681.1373335652556,-243.78489284796598,6350.241911742909,5865.930950564682,0.06350241911742908,10,7,0.7,61.8,12.568213874691981,0.20336915654841395,29,0.059609958759442146,5.259714470786342,117.49687239345661,1.021579532619214,2012-01-10 13:30:00,2021-05-27 23:00:00,RBB_M,5,50,1.5,1,17,46,27,45,1,0,4,250,2000,0,282,-1141.402557510708,62180.102930122055,63321.50548763276,0.9819744879923357,0.11702127659574468,-4.047526799683362,1884.245543337032,-254.30323489009143,15770.979769143596,14042.49248265376,0.15770979769143595,5,1,0.2,56.4,17.3735431043872,0.30804154440402837,31,0.0,0.0,0.0,0.0,False,False,False
850,65443.51132639234,341515.6787600661,276072.16743367375,1.2370521879650007,0.5364705882352941,76.99236626634394,748.9378920176888,-700.6907802885121,12927.428645085245,11556.591379895835,0.12927428645085245,10,9,0.9,85.0,17.60113632695344,0.2070721920818052,48,0.02278300735673856,5.062376526926156,167.90532973573872,1.019987729865115,2012-01-10 11:15:00,2021-05-31 19:00:00,RBB_M,5,10,1.5,1,29,46,52,-39,9,18,4,1750,1500,0,461,-70433.9277031497,318478.60619016655,388912.5338933163,0.8188951973389712,0.4793926247288503,-152.78509263156118,1441.0796660188532,-1620.4688912221511,75612.00867833153,73834.9277031497,0.7561200867833153,5,0,0.0,92.2,27.72291470967654,0.3006823721223052,54,0.0,0.0,0.0,0.0,False,False,False
618,47205.89930846699,150270.7792763199,103064.87996785292,1.4580211932832117,0.517799352750809,76.38495033732524,469.5961852384997,-345.8553019055467,12734.512935000443,11514.791836390039,0.12734512935000442,10,6,0.6,61.8,12.568213874691981,0.20336915654841395,29,0.12691210394810626,3.706926173730833,166.71494684179652,1.0195768964676335,2012-01-10 13:30:00,2021-05-27 17:30:00,RBB_M,5,50,1.5,1,17,46,27,45,1,0,4,2000,6000,12,282,-17465.765749549617,157786.136469212,175251.90221876162,0.9003390803270847,0.4574468085106383,-61.93533953740999,1223.1483447225737,-1145.4372694036708,36378.779132470365,33682.582743246305,0.3637877913247036,5,2,0.4,56.4,17.3735431043872,0.30804154440402837,31,0.0,0.0,0.0,0.0,False,False,False
618,47172.69467649673,150237.57464434963,103064.87996785292,1.4576990211526022,0.517799352750809,76.33122115937982,469.4924207635926,-345.8553019055467,12734.512935000443,11514.791836390039,0.12734512935000442,10,6,0.6,61.8,12.568213874691981,0.20336915654841395,29,0.10580273258137,3.704318721672027,166.83229668775692,1.0188597260268932,2012-01-10 13:30:00,2021-05-27 17:30:00,RBB_M,5,50,1.5,1,17,46,27,45,1,0,4,2000,5000,12,282,-18367.223348917185,156884.67886984447,175251.90221876162,0.8951952982171348,0.4574468085106383,-65.13199769119569,1216.1603013166239,-1145.4372694036708,36355.37942743789,33793.44799894151,0.3635537942743789,5,2,0.4,56.4,17.3735431043872,0.30804154440402837,31,0.0,0.0,0.0,0.0,False,False,False
618,44056.61936726651,150613.5092321219,106556.88986485539,1.4134563182459896,0.5194174757281553,71.289028102373,469.2009633399436,-358.77740695237503,11130.520554671653,8838.734513687268,0.11130520554671654,10,6,0.6,61.8,12.568213874691981,0.20336915654841395,29,0.10193700888763049,3.958181394200405,156.13230886929642,1.0178137429487684,2012-01-10 13:30:00,2021-05-27 17:30:00,RBB_M,5,50,1.5,1,17,46,27,45,1,0,4,5000,4500,12,282,-20624.96946930617,164605.22921185713,185230.1986811633,0.8886522304885721,0.4716312056737589,-73.13818960746868,1237.6333023447905,-1243.1556958467336,46000.940528644875,43860.568207071425,0.46000940528644874,5,1,0.2,56.4,17.3735431043872,0.30804154440402837,31,0.0,0.0,0.0,0.0,False,False,False
618,46141.845366814174,150613.5092321219,104471.66386530774,1.4416685219669085,0.5194174757281553,74.66318020520093,469.2009633399436,-351.75644399093517,12231.458039117257,9939.671998132872,0.12231458039117257,10,6,0.6,61.8,12.568213874691981,0.20336915654841395,29,0.09733030753967171,3.772391256974318,163.82181961042735,1.0168823845438724,2012-01-10 13:30:00,2021-05-27 17:30:00,RBB_M,5,50,1.5,1,17,46,27,45,1,0,4,3000,4500,12,282,-19028.770364691816,160114.22921185713,179142.99957654893,0.8937788782722672,0.46808510638297873,-67.47790909465184,1212.9865849383116,-1194.2866638436594,34575.44111016708,31879.244720943017,0.34575441110167077,5,1,0.2,56.4,17.3735431043872,0.30804154440402837,31,0.0,0.0,0.0,0.0,False,False,False
1088,115144.87863347272,518393.3908950701,403248.51226159744,1.2855432199555774,0.5082720588235294,105.83168992047125,937.4202366999459,-753.7355369375653,24658.969226890695,23281.065697250277,0.24658969226890695,10,8,0.8,108.8,20.414700585607424,0.18763511567653882,51,0.054715197803051806,4.669492774576596,233.00175255087615,1.0151532897395976,2012-01-10 10:45:00,2021-06-01 23:00:00,RBB_M,5,10,2.5,1,53,46,-48,37,7,6,-1,2500,6000,0,504,76136.65102582438,592582.3752646241,516445.72423879977,1.1474243031792815,0.4662698412698413,151.06478378139758,2521.627128785635,-1919.872580813382,37379.28296202634,36377.48911013527,0.3737928296202634,5,5,1.0,100.8,24.55524383914768,0.24360360951535395,66,0.0786874641750127,2.036867617369004,247.43876121463921,1.1769312786649142,True,False,False
618,47420.31690755252,151646.71386409216,104226.39695653964,1.4549741552260111,0.5194174757281553,76.73190438115294,472.41966935854254,-350.93062948329845,12963.707219674106,10325.062388382816,0.12963707219674106,10,6,0.6,61.8,12.568213874691981,0.20336915654841395,29,0.12633825310951954,3.657928716222937,168.94807087387082,1.0151137829477068,2012-01-10 13:30:00,2021-05-27 17:30:00,RBB_M,5,50,1.5,1,17,46,27,45,1,0,4,2500,6000,12,282,-15663.090472815209,158663.59673510288,174326.6872079181,0.9101509314283363,0.4645390070921986,-55.542874017075206,1211.1724941610908,-1154.481372237868,35732.20916806176,33591.83684648831,0.35732209168061757,5,1,0.2,56.4,17.3735431043872,0.30804154440402837,31,0.0,0.0,0.0,0.0,False,False,False
618,47387.11227558227,151613.5092321219,104226.39695653964,1.4546555734373294,0.5194174757281553,76.67817520320756,472.3162281374514,-350.93062948329845,12963.707219674106,10325.062388382816,0.12963707219674106,10,6,0.6,61.8,12.568213874691981,0.20336915654841395,29,0.10532399549849279,3.6553673631001313,169.06645450701618,1.0144029804527253,2012-01-10 13:30:00,2021-05-27 17:30:00,RBB_M,5,50,1.5,1,17,46,27,45,1,0,4,2500,5000,12,282,-16564.548072182777,157762.1391357353,174326.6872079181,0.9049798493994992,0.4645390070921986,-58.73953217086091,1204.2911384407275,-1154.481372237868,36732.20916806176,34591.83684648831,0.3673220916806176,5,1,0.2,56.4,17.3735431043872,0.30804154440402837,31,0.0,0.0,0.0,0.0,False,False,False
618,47799.587459545306,151646.71386409216,103847.12640454686,1.4602880129136866,0.5194174757281553,77.34561077596328,472.41966935854254,-349.6536242577335,13207.470420799167,11255.791836390039,0.13207470420799167,10,6,0.6,61.8,12.568213874691981,0.20336915654841395,29,0.1253358097508775,3.6191326527046663,170.75914571358788,1.0137461190775814,2012-01-10 13:30:00,2021-05-27 17:30:00,RBB_M,5,50,1.5,1,17,46,27,45,1,0,4,2250,6000,12,282,-14290.564412664724,158663.59673510288,172954.16114776762,0.9173736883933353,0.4645390070921986,-50.675760328598315,1211.1724941610908,-1145.3917956805803,33366.4535956584,31226.08127408495,0.333664535956584,5,2,0.4,56.4,17.3735431043872,0.30804154440402837,31,0.0,0.0,0.0,0.0,False,False,False
618,35212.1635526744,130488.43937033895,95276.27581766457,1.3695795543064868,0.49838187702265374,56.977610926657604,423.6637641894122,-307.3428252182728,7169.7421832379405,5624.4907121297365,0.0716974218323794,10,7,0.7,61.8,12.568213874691981,0.20336915654841395,29,0.07074259996190453,4.9112175379188,125.83437716381151,1.0135748374109623,2012-01-10 13:30:00,2021-05-27 17:30:00,RBB_M,5,50,1.5,1,17,46,27,45,1,0,4,750,2500,12,282,4130.323256530566,122387.63888717447,118257.3156306439,1.0349265771382035,0.3723404255319149,14.646536370675767,1165.596560830233,-668.1204272917735,19857.600260677806,18516.566656517913,0.19857600260677805,5,3,0.6,56.4,17.3735431043872,0.30804154440402837,31,0.6031004948732311,0.20799709946369846,1355.7881370803307,0.15655787109575306,False,False,False
618,47766.38282757504,151613.5092321219,103847.12640454686,1.4599682676003602,0.5194174757281553,77.29188159801787,472.3162281374514,-349.6536242577335,13207.470420799167,11255.791836390039,0.13207470420799167,10,6,0.6,61.8,12.568213874691981,0.20336915654841395,29,0.1044877109078217,3.616618573103324,170.8778483293887,1.013041906581527,2012-01-10 13:30:00,2021-05-27 17:30:00,RBB_M,5,50,1.5,1,17,46,27,45,1,0,4,2250,5000,12,282,-15192.022012032292,157762.1391357353,172954.16114776762,0.9121615697985281,0.4645390070921986,-53.87241848238401,1204.2911384407275,-1145.3917956805803,34366.4535956584,32226.08127408495,0.343664535956584,5,1,0.2,56.4,17.3735431043872,0.30804154440402837,31,0.0,0.0,0.0,0.0,False,False,False
618,44499.1247170267,146872.69772542524,102373.57300839857,1.434673943766484,0.5210355987055016,72.0050561764186,456.1263904516312,-345.8566655689141,11469.236288507636,8838.734513687268,0.11469236288507637,10,6,0.6,61.8,12.568213874691981,0.20336915654841395,29,0.04474245308555886,3.879868161894577,159.28376280142075,1.0127426457600086,2012-01-10 13:30:00,2021-05-27 17:30:00,RBB_M,5,50,1.5,1,17,46,27,45,1,0,4,4000,2000,12,282,-9565.476874852982,159924.07372732458,169489.55060217757,0.9435630288659808,0.49645390070921985,-33.92013076189001,1142.3148123380327,-1193.5883845223773,36606.69501833587,33890.2940800816,0.3660669501833587,5,2,0.4,56.4,17.3735431043872,0.30804154440402837,31,0.0,0.0,0.0,0.0,False,False,False
932,78212.39289260645,310038.8095679599,231826.41667535342,1.337374808334005,0.3969957081545064,83.91887649421294,837.9427285620538,-412.50252077465024,15618.588658700726,14435.93074729888,0.15618588658700727,10,8,0.8,93.2,19.727138667328315,0.21166457797562568,53,0.05742056768633327,5.007647912478717,186.11532126240735,1.0114446509514141,2012-01-10 11:15:00,2021-05-31 19:00:00,RBB_M,5,10,1.5,1,29,46,52,-39,9,18,4,500,4500,48,490,-9842.773269870522,202266.24530929443,212109.01857916493,0.9535956870867474,0.14285714285714285,-20.087292387490862,2889.5177901327775,-505.02147280753553,46371.60850859346,42031.19978337948,0.4637160850859346,5,3,0.6,98.0,29.65805118344764,0.30263317534130246,55,0.0,0.0,0.0,0.0,False,False,False
931,83485.27631594281,319825.19208453107,236339.91576858825,1.3532423883813485,0.38882921589688507,89.67269206868187,883.4950057583732,-415.3601331609635,17909.66073122724,17406.37593649182,0.1790966073122724,10,7,0.7,93.1,19.54712255039089,0.20995835177648647,53,0.05978299671803195,4.661466097477665,199.72257236918816,1.0092990933594916,2012-01-10 11:15:00,2021-05-31 19:00:00,RBB_M,5,10,1.5,1,29,46,52,-39,9,18,4,500,5000,0,490,560.6926497851964,212669.71122895018,212109.01857916493,1.0026434173027678,0.14285714285714285,1.1442707138473396,3038.1387318421453,-505.02147280753553,40343.73849189459,36503.32976668061,0.4034373849189459,5,3,0.6,98.0,29.65805118344764,0.30263317534130246,55,8.901489973004056,0.013897885291365462,35257.16249107548,0.008581121822450497,False,False,False
618,43677.50601243813,148820.07902083668,105142.57300839857,1.415412185213969,0.5194174757281553,70.67557607190635,463.6139533359398,-354.0153973346753,11130.520554671653,8838.734513687268,0.11130520554671654,10,6,0.6,61.8,12.568213874691981,0.20336915654841395,29,0.06847918466654775,3.9241206912021735,157.4875108672238,1.0090553137224343,2012-01-10 13:30:00,2021-05-27 17:30:00,RBB_M,5,50,1.5,1,17,46,27,45,1,0,4,4000,3000,12,282,-11101.37679741253,167265.0304455656,178366.4072429781,0.937760831935748,0.475177304964539,-39.36658438798769,1248.2464958624298,-1205.1784273174196,34105.63213947011,32751.374340597846,0.3410563213947011,5,1,0.2,56.4,17.3735431043872,0.30804154440402837,31,0.0,0.0,0.0,0.0,False,False,False
618,53505.21453511693,184330.78663733078,130825.57210221386,1.4089813151614836,0.5501618122977346,86.57801704711477,542.1493724627376,-470.5955831014887,16862.014845770405,14747.014845770405,0.16862014845770407,10,6,0.6,61.8,12.568213874691981,0.20336915654841395,29,0.027866442793560167,3.173121066758991,194.76092685969337,1.004283333986839,2012-01-10 13:30:00,2021-05-27 16:45:00,RBB_M,5,50,1.5,1,17,46,27,45,1,0,4,4000,1500,24,282,-14317.09732408294,180227.31646907184,194544.41379315476,0.9264070499638953,0.5425531914893617,-50.76984866696078,1177.9563167913193,-1508.096230954688,31893.971227906753,30177.57028965248,0.31893971227906753,5,2,0.4,56.4,17.3735431043872,0.30804154440402837,31,0.0,0.0,0.0,0.0,False,False,False
1136,100465.4631550036,458844.05894419784,358378.5957891943,1.2803333244100867,0.4903169014084507,88.43790770686937,823.7774846394934,-618.961305335396,17621.001008929336,15854.109872971254,0.17621001008929335,10,8,0.8,113.6,21.689628858051027,0.19092983149692805,57,0.03847267199152261,5.701461744658737,199.247149393615,1.0035211406843652,2012-01-10 10:45:00,2021-06-01 23:00:00,RBB_M,5,10,2.5,1,53,46,-48,37,7,6,-1,1250,3000,0,583,21756.91895768913,451832.81042332144,430075.89146563236,1.050588557483529,0.3687821612349914,37.318900442005365,2101.547955457309,-1168.684487678349,24949.99526302013,23267.913268026852,0.2494999526302013,5,3,0.6,116.6,31.077966471440828,0.26653487539829185,73,0.13747350926924093,0.8720209654683322,668.5619074386485,0.35587457393080335,False,False,False
1172,98156.31046969086,398338.5810948766,300182.2706251857,1.32698903324724,0.507679180887372,83.75111814820039,669.4766068821455,-520.2465695410497,15832.04914663975,14984.128418239925,0.1583204914663975,10,6,0.6,117.2,22.35978532991764,0.19078315127916073,60,0.045753553475166034,6.1998487726096965,189.03686896005868,1.0025946987453074,2012-01-10 11:15:00,2021-05-31 18:30:00,RBB_M,5,10,1.5,1,29,46,52,-39,9,18,4,2000,4500,24,465,-117592.31532350008,318524.7248713016,436117.0401948017,0.7303652357381524,0.4,-252.88669962043028,1712.4985208134497,-1563.1435132430167,123594.25691144184,122126.63040700153,1.2359425691144184,5,0,0.0,93.0,27.36421020237931,0.2942388193804227,50,0.0,0.0,0.0,0.0,False,False,False
823,64213.662305185106,364147.53730075026,299933.8749955651,1.214092730626491,0.5321992709599028,78.02389101480571,831.3870714629002,-779.0490259625068,13740.87151135716,12978.373690414912,0.1374087151135716,10,9,0.9,82.3,14.724469430169632,0.17891214374446698,47,0.03100586274829603,4.673187013801197,176.11107742306405,1.0025910420006203,2012-01-10 11:15:00,2021-05-31 19:00:00,RBB_M,5,10,1.5,1,29,46,52,-39,9,18,4,2500,2000,0,427,-68511.8645704475,380502.79071741644,449014.6552878639,0.8474173086254291,0.49414519906323184,-160.44933154671546,1803.3307616939169,-2078.771552258629,82738.98840903488,81101.9882205703,0.8273898840903487,5,1,0.2,85.4,24.368832553078942,0.2853493273194255,53,0.0,0.0,0.0,0.0,False,False,False
618,53806.81800210853,189484.9145606169,135678.09655850832,1.3965770405608948,0.5388349514563107,87.06604854710118,569.0237674493,-476.0634966965204,17125.555009293545,16301.58666840344,0.17125555009293544,10,6,0.6,61.8,12.568213874691981,0.20336915654841395,29,0.04629524830668086,3.141902144071192,196.69613236242054,1.0021433795894163,2012-01-10 13:30:00,2021-05-27 20:30:00,RBB_M,5,50,1.5,1,17,46,27,45,1,0,4,2000,2500,24,282,-10413.87810560366,189576.86693105532,199990.745036659,0.9479281998589746,0.4574468085106383,-36.92864576455199,1469.588115744615,-1307.1290525271831,33770.58301617737,30841.135774332062,0.3377058301617737,5,2,0.4,56.4,17.3735431043872,0.30804154440402837,31,0.0,0.0,0.0,0.0,False,False,False
812,79111.23637057206,387539.56174609857,308428.32537552644,1.2564979603421649,0.5332512315270936,97.42763099824145,895.0105352103893,-813.7950537612835,21469.112607094838,19539.713954343388,0.21469112607094837,10,9,0.9,81.2,15.177615095923338,0.1869164420680214,43,0.04975196254024612,3.684886181296026,220.35958779991634,1.0015634104111195,2012-01-10 11:15:00,2021-05-31 19:00:00,RBB_M,5,10,1.5,1,29,46,52,-39,9,18,4,4000,2500,0,396,-63365.402794480164,428754.87208119326,492120.27487567335,0.8712400077186652,0.5126262626262627,-160.01364342040446,2112.092965917208,-2549.845983811779,103570.73365021546,101012.5581268291,1.0357073365021547,5,1,0.2,79.2,23.633873994755916,0.2984074999337868,48,0.0,0.0,0.0,0.0,False,False,False
1098,107382.69757540271,489181.1617646185,381798.4641892158,1.2812549228123264,0.5063752276867031,97.79844952222469,879.8222333896016,-704.4252106812099,21693.34032375198,20315.436794111563,0.2169334032375198,10,8,0.8,109.8,20.677524029728513,0.188319890981134,52,0.03716613653887371,4.950030561122469,221.81681232913792,1.0001660521482112,2012-01-10 10:45:00,2021-06-01 23:00:00,RBB_M,5,10,2.5,1,53,46,-48,37,7,6,-1,2000,4000,0,526,34400.14040075211,521328.8329750008,486928.6925742487,1.0706471828942523,0.435361216730038,65.39950646530819,2276.5451221615754,-1639.4905473880428,40318.450208349226,38431.89767836759,0.40318450208349227,5,3,0.6,105.2,25.748009631814263,0.2447529432681964,70,0.11601696834681462,0.8532108804526535,616.4947166648199,0.49059815499867027,True,False,False
618,46172.69467649673,149237.57464434963,103064.87996785292,1.447996394997971,0.517799352750809,74.71309818203355,466.3674207635926,-345.8553019055467,12734.512935000443,11514.791836390039,0.12734512935000442,10,6,0.6,61.8,12.568213874691981,0.20336915654841395,29,0.09726527835262022,3.625791964888771,170.44552086400753,0.9972612200900568,2012-01-10 13:30:00,2021-05-27 17:30:00,RBB_M,5,50,1.5,1,17,46,27,45,1,0,4,2000,4500,12,282,-18045.167560001253,157206.7346587604,175251.90221876162,0.8970329717877984,0.4574468085106383,-63.989955886529266,1218.656857819848,-1145.4372694036708,36368.679753656776,33806.7483251604,0.36368679753656774,5,2,0.4,56.4,17.3735431043872,0.30804154440402837,31,0.0,0.0,0.0,0.0,False,False,False
931,82401.3467450109,319250.2625135992,236848.91576858825,1.347906793145385,0.3877551020408163,88.50842829754124,884.3497576553995,-415.5244136291022,17909.66073122724,17406.37593649182,0.1790966073122724,10,7,0.7,93.1,19.54712255039089,0.20995835177648647,53,0.07731596047982062,4.600944036942929,202.34977702936757,0.9961948768858354,2012-01-10 11:15:00,2021-05-31 19:00:00,RBB_M,5,10,1.5,1,29,46,52,-39,9,18,4,500,6000,0,486,-17285.44508719928,195332.57349196565,212618.01857916493,0.9187018804769675,0.1337448559670782,-35.56675943868165,3005.11651526101,-505.0309229908906,52075.129598969776,46375.272405398064,0.5207512959896977,5,3,0.6,97.2,29.130053209700804,0.29969190544959673,55,0.0,0.0,0.0,0.0,False,False,False
618,45141.845366814174,149613.5092321219,104471.66386530774,1.4320965484479526,0.5194174757281553,73.04505722785466,466.0856985424358,-351.75644399093517,12231.458039117257,9939.671998132872,0.12231458039117257,10,6,0.6,61.8,12.568213874691981,0.20336915654841395,29,0.0884102093649447,3.6906348550145585,167.45086530581798,0.9948442025756404,2012-01-10 13:30:00,2021-05-27 17:30:00,RBB_M,5,50,1.5,1,17,46,27,45,1,0,4,3000,4000,12,282,-20231.382456798026,158911.6171197509,179142.99957654893,0.8870657379600646,0.46808510638297873,-71.74249098155329,1203.8758872708402,-1194.2866638436594,35278.05320227329,32581.856813049228,0.35278053202273285,5,1,0.2,56.4,17.3735431043872,0.30804154440402837,31,0.0,0.0,0.0,0.0,False,False,False
1094,114912.07113889176,509357.4685956747,394445.39745678287,1.2913256736668657,0.5073126142595978,105.03845625127217,917.7612046768915,-731.8096427769626,25293.743008984762,23915.839479344344,0.25293743008984765,10,8,0.8,109.4,20.387250918159612,0.18635512722266556,52,0.04343320897912879,4.543102659739725,240.80459587560264,0.9948214346982832,2012-01-10 10:45:00,2021-06-01 23:00:00,RBB_M,5,10,2.5,1,53,46,-48,37,7,6,-1,2250,5000,0,517,43456.83540388872,558181.1031877184,514724.26778382977,1.084427407300989,0.44680851063829785,84.05577447560681,2416.368412068045,-1799.7352020413628,36406.46210414452,35029.40829631835,0.3640646210414452,5,3,0.6,103.4,25.663982543634962,0.24820099171793966,67,0.11484959623989054,1.1936571941425087,433.1226775467968,0.6635622484569117,True,False,False
618,43056.61936726651,149613.5092321219,106556.88986485539,1.4040716599543646,0.5194174757281553,69.67090512502672,466.0856985424358,-358.77740695237503,11130.520554671653,8838.734513687268,0.11130520554671654,10,6,0.6,61.8,12.568213874691981,0.20336915654841395,29,0.09269190332750855,3.8683383365385344,159.75851805997883,0.9947113406862609,2012-01-10 13:30:00,2021-05-27 17:30:00,RBB_M,5,50,1.5,1,17,46,27,45,1,0,4,5000,4000,12,282,-22327.58156141238,162902.6171197509,185230.1986811633,0.8794603594857399,0.4716312056737589,-79.1758211397602,1224.8317076673002,-1243.1556958467336,47000.940528644875,44860.568207071425,0.47000940528644874,5,1,0.2,56.4,17.3735431043872,0.30804154440402837,31,0.0,0.0,0.0,0.0,False,False,False
1118,102476.52768400076,463351.0741472758,360874.5464632751,1.283967181083605,0.5,91.66057932379316,828.8927981167725,-645.5716394691863,19275.34546978779,17038.747011933985,0.19275345469787789,10,8,0.8,111.8,20.6871941064998,0.18503751436940788,56,0.037717659817256936,5.316456083478381,210.2904608719216,0.994454385142994,2012-01-10 10:45:00,2021-06-01 23:00:00,RBB_M,5,10,2.5,1,53,46,-48,37,7,6,-1,1500,3000,0,566,-2101.9562563979925,461235.26145465416,463337.21771105216,0.995463441795628,0.392226148409894,-3.713703633212001,2077.6363128588027,-1346.9105166018958,29530.66635843165,26975.889477444885,0.2953066635843165,5,3,0.6,113.2,29.484911395491764,0.2604674151545209,73,0.0,0.0,0.0,0.0,False,False,False
1173,95931.98421315647,393008.81174357835,297076.82753042184,1.3229197814270206,0.5063938618925832,81.78344775205154,661.6309962013104,-513.0860579109185,15345.704997172383,14747.784268772557,0.15345704997172382,10,5,0.5,117.3,22.436800128360552,0.19127706844297146,60,0.046814417911144254,6.251389833887267,187.63827423486723,0.9944325866198466,2012-01-10 11:15:00,2021-05-31 18:30:00,RBB_M,5,10,1.5,1,29,46,52,-39,9,18,4,1750,4500,24,470,-95216.97624514697,315754.0861012519,410971.06234639883,0.7683122122966153,0.3872340425531915,-202.5893111598872,1734.9125609958894,-1426.9828553694404,110848.48067407697,107697.68259644549,1.1084848067407698,5,1,0.2,94.0,27.437201023428027,0.2918851172705109,51,0.0,0.0,0.0,0.0,False,False,False
618,46387.11227558227,150613.5092321219,104226.39695653964,1.4450610750261739,0.5194174757281553,75.06005222586128,469.2009633399436,-350.93062948329845,12963.707219674106,10325.062388382816,0.12963707219674106,10,6,0.6,61.8,12.568213874691981,0.20336915654841395,29,0.09681568391926003,3.5782289347898737,172.7111404168138,0.9929962533545766,2012-01-10 13:30:00,2021-05-27 17:30:00,RBB_M,5,50,1.5,1,17,46,27,45,1,0,4,2500,4500,12,282,-16242.492283266845,158084.19492465124,174326.6872079181,0.9068272761708909,0.4645390070921986,-57.597490366194485,1206.7495795774903,-1154.481372237868,36745.509494280646,34605.1371727072,0.3674550949428065,5,1,0.2,56.4,17.3735431043872,0.30804154440402837,31,0.0,0.0,0.0,0.0,False,False,False
618,46766.38282757504,150613.5092321219,103847.12640454686,1.4503387281549989,0.5194174757281553,75.67375862067159,469.2009633399436,-349.6536242577335,13207.470420799167,11255.791836390039,0.13207470420799167,10,6,0.6,61.8,12.568213874691981,0.20336915654841395,29,0.0960305186859984,3.540903847411022,174.53170903012764,0.991833645737528,2012-01-10 13:30:00,2021-05-27 17:30:00,RBB_M,5,50,1.5,1,17,46,27,45,1,0,4,2250,4500,12,282,-14869.96622311636,158084.19492465124,172954.16114776762,0.9140236573411387,0.4645390070921986,-52.73037667771759,1206.7495795774903,-1145.3917956805803,34379.75392187729,32239.381600303837,0.3437975392187729,5,1,0.2,56.4,17.3735431043872,0.30804154440402837,31,0.0,0.0,0.0,0.0,False,False,False
618,40043.76949089671,156844.01338336352,116800.24389246682,1.3428397763258384,0.511326860841424,64.79574351277785,496.3418145043149,-386.75577447836696,9687.53311437877,8521.854529969642,0.0968753311437877,10,6,0.6,61.8,12.568213874691981,0.20336915654841395,29,0.03723425688830204,4.133536269565009,149.50878852819042,0.9916153302435785,2012-01-10 13:30:00,2021-05-27 16:45:00,RBB_M,5,50,1.5,1,17,46,27,45,1,0,4,750,1500,24,282,-11902.846313316484,117264.03196744682,129166.87828076328,0.9078490827389676,0.35106382978723405,-42.208674869916614,1184.4851713883518,-705.8299359604551,27822.00984204087,26858.05605288283,0.2782200984204087,5,2,0.4,56.4,17.3735431043872,0.30804154440402837,31,0.0,0.0,0.0,0.0,False,False,False
618,55758.48341816546,189427.57997667382,133669.09655850832,1.4171381781858565,0.540453074433657,90.22408320091498,567.1484430439336,-470.6658329524941,18958.026276020326,17819.586668403448,0.18958026276020326,10,6,0.6,61.8,12.568213874691981,0.20336915654841395,29,0.03570757090124434,2.941154453862815,210.12157290425168,0.9870275433257961,2012-01-10 13:30:00,2021-05-27 20:30:00,RBB_M,5,50,1.5,1,17,46,27,45,1,0,4,2000,2000,24,282,1773.1097198053176,190474.5459006428,188701.4361808375,1.0093963763906177,0.48226950354609927,6.287623119877012,1400.5481316223736,-1292.475590279709,24491.200287174383,21747.79934892011,0.24491200287174383,5,2,0.4,56.4,17.3735431043872,0.30804154440402837,31,1.1228859544115557,0.0723978285675882,3895.1444481063995,0.06051803551698921,False,False,False
1172,98597.93430664705,395674.7618370689,297076.82753042184,1.3318937230018395,0.5059726962457338,84.12793029577394,667.2424314284467,-513.0860579109185,16494.612919974796,14747.784268772557,0.16494612919974797,10,5,0.5,117.2,22.35978532991764,0.19078315127916073,60,0.07597522253054939,5.977584001819529,196.06583523431078,0.9866712984308974,2012-01-10 11:15:00,2021-05-31 18:30:00,RBB_M,5,10,1.5,1,29,46,52,-39,9,18,4,1750,7500,24,467,-119725.2294535311,295572.9843125136,415298.21376604476,0.7117126308639086,0.3747323340471092,-256.3709410139852,1688.9884817857921,-1422.25415673303,126721.50857709053,125302.1971460525,1.2672150857709052,5,1,0.2,93.4,26.971095639591653,0.2887697605951997,51,0.0,0.0,0.0,0.0,False,False,False
618,36139.85763335548,175728.89505073172,139589.03741737627,1.2589018328516441,0.5307443365695793,58.47873403455579,535.758826374182,-481.34150833578025,7983.838825632643,6922.917660756626,0.07983838825632643,10,7,0.7,61.8,12.568213874691981,0.20336915654841395,29,0.027421248031850327,4.526626654501851,136.52550721968257,0.9858150328045023,2012-01-10 13:30:00,2021-05-27 15:30:00,RBB_M,5,50,1.5,1,17,46,27,45,1,0,4,750,1000,48,282,-7075.405268534712,112185.83151252219,119261.2367810569,0.9406730513660198,0.4219858156028369,-25.090089604733024,942.7380799371613,-731.6640293316374,26083.71377018052,25085.605355409905,0.26083713770180517,5,3,0.6,56.4,17.3735431043872,0.30804154440402837,31,0.0,0.0,0.0,0.0,False,False,False
1215,104534.11584560375,456668.45598361007,352134.34013800626,1.2968586244801783,0.43703703703703706,86.03630933794547,860.015924639567,-514.8162867514711,17299.026778937503,16564.622808603628,0.17299026778937504,10,8,0.8,121.5,24.187806845598878,0.19907659955225415,60,0.07166081560458369,6.042774381555364,201.06658353960725,0.985313178662125,2012-01-10 10:45:00,2021-06-01 16:15:00,RBB_M,5,10,2.5,1,53,46,-48,37,7,6,-1,750,7500,0,607,71693.0778839518,403190.6662992017,331497.5884152499,1.216270284881064,0.2602965403624382,118.11050722232586,2551.83966012153,-738.3019786531178,21801.176263966758,21203.590684745286,0.21801176263966757,5,5,1.0,121.4,34.38371707654657,0.2832266645514544,71,0.10448707491852333,3.2884958598516985,184.58286884611553,1.2049025573086038,True,True,True
618,41767.8685342969,143363.75683259795,101595.88829830104,1.411117705980975,0.517799352750809,67.58554779012442,448.0117401018686,-340.92579965872835,10759.237412924544,9789.51631431414,0.10759237412924544,10,6,0.6,61.8,12.568213874691981,0.20336915654841395,29,0.05963914576954202,3.8820472986424863,159.19435093336153,0.9814460861418733,2012-01-10 13:30:00,2021-05-27 17:30:00,RBB_M,5,50,1.5,1,17,46,27,45,1,0,4,1750,2500,12,282,-19624.99872378049,149404.94319601997,169029.94191980048,0.8838963174164021,0.45390070921985815,-69.59219405595918,1167.226118718906,-1097.59702545325,39048.12671945256,36233.67947760725,0.3904812671945256,5,1,0.2,56.4,17.3735431043872,0.30804154440402837,31,0.0,0.0,0.0,0.0,False,False,False
618,43084.80786056988,146872.69772542524,103787.88986485539,1.415123651869901,0.5210355987055016,69.71651757373768,456.1263904516312,-350.6347630569439,11469.236288507636,8838.734513687268,0.11469236288507637,10,6,0.6,61.8,12.568213874691981,0.20336915654841395,29,0.04621118437949708,3.7565542096069264,164.51246688242668,0.9805546194952358,2012-01-10 13:30:00,2021-05-27 17:30:00,RBB_M,5,50,1.5,1,17,46,27,45,1,0,4,5000,2000,12,282,-14780.444153863471,159924.07372732458,174704.51788118805,0.9153974703509656,0.49645390070921985,-52.412922531430745,1142.3148123380327,-1230.3135062055496,41468.19637180057,39751.7954335463,0.4146819637180057,5,1,0.2,56.4,17.3735431043872,0.30804154440402837,31,0.0,0.0,0.0,0.0,False,False,False
618,44348.41515552896,148820.07902083668,104471.66386530774,1.4245018554763909,0.5194174757281553,71.76118957205333,463.6139533359398,-351.75644399093517,12231.458039117257,9939.671998132872,0.12231458039117257,10,6,0.6,61.8,12.568213874691981,0.20336915654841395,29,0.06744322180422065,3.6257668557337075,170.44670123306702,0.9773584432002439,2012-01-10 13:30:00,2021-05-27 17:30:00,RBB_M,5,50,1.5,1,17,46,27,45,1,0,4,3000,3000,12,282,-11859.969130983343,164274.0304455656,176133.99957654893,0.9326650779548731,0.4716312056737589,-42.056628124054406,1235.1430860568842,-1182.107379708382,35452.522168859185,32253.2572081315,0.35452522168859185,5,2,0.4,56.4,17.3735431043872,0.30804154440402837,31,0.0,0.0,0.0,0.0,False,False,False
618,39266.65586261232,158186.90856082487,118920.25269821254,1.3301931754405238,0.5550161812297735,63.53827809484194,461.1863223347664,-432.4372825389547,9590.191202844791,8216.922389135718,0.09590191202844792,10,6,0.6,61.8,12.568213874691981,0.20336915654841395,29,0.02523769794574177,4.094460165816552,150.93564840598546,0.9772938433379814,2012-01-10 13:30:00,2021-05-27 15:30:00,RBB_M,5,50,1.5,1,17,46,27,45,1,0,4,1500,1000,24,282,-21056.345210598018,134111.8018103295,155168.1470209275,0.8642998217426792,0.5354609929078015,-74.66789081772346,888.1576278829767,-1184.4896719154772,35102.02351579598,34035.58131673922,0.3510202351579598,5,2,0.4,56.4,17.3735431043872,0.30804154440402837,31,0.0,0.0,0.0,0.0,False,False,False
618,42263.189155981294,148820.07902083668,106556.88986485539,1.3966255885432008,0.5194174757281553,68.38703746922539,463.6139533359398,-358.77740695237503,11130.520554671653,8838.734513687268,0.11130520554671654,10,6,0.6,61.8,12.568213874691981,0.20336915654841395,29,0.07077080692990484,3.7970541403153666,162.75775302710633,0.9763811967779235,2012-01-10 13:30:00,2021-05-27 17:30:00,RBB_M,5,50,1.5,1,17,46,27,45,1,0,4,5000,3000,12,282,-15719.040384095468,167265.0304455656,182984.07082966107,0.9140961269862213,0.475177304964539,-55.74127795778535,1248.2464958624298,-1236.3788569571693,39967.13349293481,38612.875694062546,0.3996713349293481,5,0,0.0,56.4,17.3735431043872,0.30804154440402837,31,0.0,0.0,0.0,0.0,False,False,False
1171,101832.53574629864,402014.8063714843,300182.2706251857,1.3392356768246616,0.5072587532023911,86.96202881835922,676.7926033189972,-520.2465695410497,18002.16114557196,14984.128418239925,0.1800216114557196,10,6,0.6,117.1,22.286543024883873,0.1903206065318862,60,0.07356195095310959,5.656683934936704,207.01174282828356,0.9762716892409173,2012-01-10 11:15:00,2021-05-31 18:30:00,RBB_M,5,10,1.5,1,29,46,52,-39,9,18,4,2000,7500,24,462,-139441.2077360575,299743.98387839005,439185.1916144475,0.6825002062945913,0.38961038961038963,-301.8207959654924,1665.2443548799447,-1557.394296505133,145944.78661241813,144477.16010797783,1.4594478661241812,5,0,0.0,92.4,26.8968399630886,0.29109134159186795,50,0.0,0.0,0.0,0.0,False,False,False
1172,97554.82047245956,394631.6480028814,297076.82753042184,1.3283824634974921,0.5059726962457338,83.23790142701327,665.4833861768658,-513.0860579109185,16494.612919974796,14747.784268772557,0.16494612919974797,10,5,0.5,117.2,22.35978532991764,0.19078315127916073,60,0.0653062476827562,5.914344334465814,198.16228709751906,0.9762328395683812,2012-01-10 11:15:00,2021-05-31 18:30:00,RBB_M,5,10,1.5,1,29,46,52,-39,9,18,4,1750,6000,24,467,-94933.84878694409,316459.5927770317,411393.44156397576,0.7692383028129025,0.38329764453961457,-203.2844727771822,1767.930685905205,-1428.449449874916,106317.96422929747,104270.53895129697,1.0631796422929747,5,1,0.2,93.4,26.971095639591653,0.2887697605951997,51,0.0,0.0,0.0,0.0,False,False,False
618,45172.69467649673,148237.57464434963,103064.87996785292,1.4382937688433401,0.517799352750809,73.09497520468726,463.2424207635926,-345.8553019055467,12734.512935000443,11514.791836390039,0.12734512935000442,10,6,0.6,61.8,12.568213874691981,0.20336915654841395,29,0.08834983231754182,3.547265208105516,174.21871885639322,0.97566271415322,2012-01-10 13:30:00,2021-05-27 17:30:00,RBB_M,5,50,1.5,1,17,46,27,45,1,0,4,2000,4000,12,282,-19247.779652107463,156004.12256665417,175251.90221876162,0.8901707804113816,0.4574468085106383,-68.25453777343073,1209.3342834624355,-1145.4372694036708,36160.79303502821,33579.83492845407,0.3616079303502821,5,2,0.4,56.4,17.3735431043872,0.30804154440402837,31,0.0,0.0,0.0,0.0,False,False,False
618,41258.970677488964,143505.763137653,102246.79246016404,1.403523374032136,0.517799352750809,66.76208847490123,448.45550980516566,-343.110041812631,10683.362449935412,9320.211612226056,0.10683362449935412,10,6,0.6,61.8,12.568213874691981,0.20336915654841395,29,0.04825617235008474,3.861983609639529,160.02139378775954,0.9729248302205643,2012-01-10 13:30:00,2021-05-27 17:30:00,RBB_M,5,50,1.5,1,17,46,27,45,1,0,4,1500,2000,12,282,-16558.292134786214,143888.51593367656,160446.8080684628,0.8967988685214555,0.45390070921985815,-58.717347995695796,1124.1290307318482,-1041.8623900549533,36324.637823606485,34812.6407349445,0.36324637823606487,5,2,0.4,56.4,17.3735431043872,0.30804154440402837,31,0.0,0.0,0.0,0.0,False,False,False
618,45387.11227558227,149613.5092321219,104226.39695653964,1.435466576615018,0.5194174757281553,73.44192924851501,466.0856985424358,-350.93062948329845,12963.707219674106,10325.062388382816,0.12963707219674106,10,6,0.6,61.8,12.568213874691981,0.20336915654841395,29,0.08793245042265248,3.501090506479616,176.5164307681396,0.9715895262564279,2012-01-10 13:30:00,2021-05-27 17:30:00,RBB_M,5,50,1.5,1,17,46,27,45,1,0,4,2500,4000,12,282,-17445.104375373056,156881.58283254504,174326.6872079181,0.8999286646538152,0.4645390070921986,-61.86207225309594,1197.5693345995805,-1154.481372237868,37745.509494280646,35605.1371727072,0.3774550949428065,5,1,0.2,56.4,17.3735431043872,0.30804154440402837,31,0.0,0.0,0.0,0.0,False,False,False
618,30821.287183107368,119770.74397259824,88949.45678949087,1.3465033772611956,0.4741100323624595,49.872632982374384,408.77387021364586,-273.6906362753565,5981.203105813529,5629.496755302967,0.05981203105813529,10,6,0.6,61.8,12.568213874691981,0.20336915654841395,29,0.08082076472670081,5.153024673773427,119.92956353291717,0.9713402307455422,2012-01-10 13:30:00,2021-05-27 17:30:00,RBB_M,5,50,1.5,1,17,46,27,45,1,0,4,500,2500,12,282,6504.993967938637,99077.67385222332,92572.67988428468,1.0702690467216662,0.3049645390070922,23.0673544962363,1152.0659750258526,-472.3095912463504,12288.8509697751,11426.927598247777,0.122888509697751,5,4,0.8,56.4,17.3735431043872,0.30804154440402837,31,0.3829365580164206,0.5293411063359723,532.737768944426,0.3134335674652849,False,False,False
618,52754.98600266734,182839.78663733078,130084.80063466344,1.4055430438089922,0.5485436893203883,85.36405502049732,539.3504030599728,-466.25376571563953,17542.176648835753,15427.176648835753,0.17542176648835753,10,6,0.6,61.8,12.568213874691981,0.20336915654841395,29,0.02826273141129473,3.007322697674955,205.49839911685999,0.9708153883898454,2012-01-10 13:30:00,2021-05-27 16:45:00,RBB_M,5,50,1.5,1,17,46,27,45,1,0,4,2500,1500,24,282,-10495.614388574184,172772.3164690718,183267.930857646,0.9427307639724122,0.524822695035461,-37.21849073962476,1167.3805166829177,-1367.6711258033283,29336.84756158846,26593.44662333419,0.2933684756158846,5,2,0.4,56.4,17.3735431043872,0.30804154440402837,31,0.0,0.0,0.0,0.0,False,False,False
618,45766.38282757504,149613.5092321219,103847.12640454686,1.4407091887096377,0.5194174757281553,74.05563564332532,466.0856985424358,-349.6536242577335,13207.470420799167,11255.791836390039,0.13207470420799167,10,6,0.6,61.8,12.568213874691981,0.20336915654841395,29,0.08720374548795132,3.46518912171872,178.34524416764717,0.970625384893529,2012-01-10 13:30:00,2021-05-27 17:30:00,RBB_M,5,50,1.5,1,17,46,27,45,1,0,4,2250,4000,12,282,-16072.57831522257,156881.58283254504,172954.16114776762,0.9070702999652575,0.4645390070921986,-56.99495856461905,1197.5693345995805,-1145.3917956805803,35379.75392187729,33239.38160030384,0.3537975392187729,5,1,0.2,56.4,17.3735431043872,0.30804154440402837,31,0.0,0.0,0.0,0.0,False,False,False
618,41116.9643724339,143363.75683259795,102246.79246016404,1.4021345157448664,0.517799352750809,66.53230480976359,448.0117401018686,-343.110041812631,10683.362449935412,9078.54265583319,0.10683362449935412,10,6,0.6,61.8,12.568213874691981,0.20336915654841395,29,0.06058326625080437,3.8486913240206015,160.57406218651894,0.9695761897196676,2012-01-10 13:30:00,2021-05-27 17:30:00,RBB_M,5,50,1.5,1,17,46,27,45,1,0,4,1500,2500,12,282,-20933.934104195512,144699.5401328815,165633.47423707705,0.8736129022190763,0.43617021276595747,-74.23380888012593,1176.4190254705811,-1041.7199637552017,38983.01615594615,37617.19925015096,0.3898301615594615,5,2,0.4,56.4,17.3735431043872,0.30804154440402837,31,0.0,0.0,0.0,0.0,False,False,False
618,53713.651765466435,191975.9145606169,138262.26279515043,1.3884910508447896,0.540453074433657,86.91529411887772,574.7781873072362,-486.8389535040508,18296.185052760717,16344.506468351596,0.18296185052760716,10,6,0.6,61.8,12.568213874691981,0.20336915654841395,29,0.04637554733527749,2.9357842419374505,210.5059326812638,0.9678750321953024,2012-01-10 13:30:00,2021-05-27 20:30:00,RBB_M,5,50,1.5,1,17,46,27,45,1,0,4,2250,2500,24,282,-13373.278980961666,190897.76235898965,204271.04133995133,0.9345316942957879,0.4645390070921986,-47.42297510979314,1457.23482716786,-1352.7883532447108,35628.02441449858,33530.18431282684,0.35628024414498577,5,1,0.2,56.4,17.3735431043872,0.30804154440402837,31,0.0,0.0,0.0,0.0,False,False,False
618,44379.26446521151,147444.14443306444,103064.87996785292,1.4305954121234499,0.517799352750809,71.81110754888594,460.7629513533264,-345.8553019055467,12509.237412924544,11289.51631431414,0.12509237412924543,10,6,0.6,61.8,12.568213874691981,0.20336915654841395,29,0.06739634007103963,3.547719417281093,174.19641389612028,0.9671182129275628,2012-01-10 13:30:00,2021-05-27 17:30:00,RBB_M,5,50,1.5,1,17,46,27,45,1,0,4,2000,3000,12,282,-12837.332039086912,160405.57017967472,173242.90221876162,0.9258998096044557,0.46099290780141844,-45.52245403931529,1233.8890013821133,-1139.7559356497475,36684.0373036484,34119.590061803094,0.36684037303648404,5,2,0.4,56.4,17.3735431043872,0.30804154440402837,31,0.0,0.0,0.0,0.0,False,False,False
1171,100789.42191211117,400971.69253729685,300182.2706251857,1.3357607419725301,0.5072587532023911,86.07123989078666,675.0365194230586,-520.2465695410497,18002.161145571954,14984.128418239925,0.18002161145571954,10,6,0.6,117.1,22.286543024883873,0.1903206065318862,60,0.06321039596771123,5.598740123315841,209.15419794596178,0.9662713244507304,2012-01-10 11:15:00,2021-05-31 18:30:00,RBB_M,5,10,1.5,1,29,46,52,-39,9,18,4,2000,6000,24,462,-122149.82706947046,314639.592342908,436789.4194123786,0.7203461859634761,0.3961038961038961,-264.39356508543386,1719.3420346606997,-1565.553474596339,129638.21092107812,128986.51723382334,1.2963821092107812,5,1,0.2,92.4,26.8968399630886,0.29109134159186795,50,0.0,0.0,0.0,0.0,False,False,False
618,33510.85725612077,128787.13307378534,95276.27581766457,1.3517229968166717,0.49838187702265374,54.22468811670027,418.14004244735503,-307.3428252182728,7169.7421832379405,5624.4907121297365,0.0716974218323794,10,7,0.7,61.8,12.568213874691981,0.20336915654841395,29,0.059413580046101123,4.673927792615113,132.22283856769263,0.9646030879092303,2012-01-10 13:30:00,2021-05-27 17:30:00,RBB_M,5,50,1.5,1,17,46,27,45,1,0,4,750,2000,12,282,5648.7550339875015,120690.68213280865,115041.92709882115,1.0491017073204556,0.3900709219858156,20.031046219813835,1097.1880193891695,-668.8484133652393,16869.206432235835,15177.475808298128,0.16869206432235834,5,2,0.4,56.4,17.3735431043872,0.30804154440402837,31,0.35246704592791256,0.33485600266252824,842.1530381947575,0.23230559048004532,False,False,False
618,44593.682064297056,148820.07902083668,104226.39695653964,1.4278540117134793,0.5194174757281553,72.15806159271368,463.6139533359398,-350.93062948329845,12738.431697598207,10099.786866306917,0.12738431697598207,10,6,0.6,61.8,12.568213874691981,0.20336915654841395,29,0.06707228157763358,3.5007199569712384,176.53511494666452,0.9630087459669258,2012-01-10 13:30:00,2021-05-27 17:30:00,RBB_M,5,50,1.5,1,17,46,27,45,1,0,4,2500,3000,12,282,-10534.656762352504,161283.0304455656,171817.6872079181,0.9386870063638767,0.46808510638297873,-37.356938873590444,1221.8411397391333,-1145.4512480527874,32466.857705861825,30958.234531667127,0.32466857705861824,5,2,0.4,56.4,17.3735431043872,0.30804154440402837,31,0.0,0.0,0.0,0.0,False,False,False
618,44972.952616289826,148820.07902083668,103847.12640454686,1.4330688211929254,0.5194174757281553,72.77176798752399,463.6139533359398,-349.6536242577335,12982.194898723268,11030.51631431414,0.12982194898723268,10,6,0.6,61.8,12.568213874691981,0.20336915654841395,29,0.06650664068066144,3.4642025456506342,178.39603540962395,0.9620379816178214,2012-01-10 13:30:00,2021-05-27 17:30:00,RBB_M,5,50,1.5,1,17,46,27,45,1,0,4,2250,3000,12,282,-9412.13070220202,161283.0304455656,170695.16114776762,0.9448600028324521,0.46808510638297873,-33.376350007808576,1221.8411397391333,-1137.9677409851174,31758.83596676351,29865.881812071835,0.3175883596676351,5,2,0.4,56.4,17.3735431043872,0.30804154440402837,31,0.0,0.0,0.0,0.0,False,False,False
866,83094.16558983548,358290.69019780913,275196.52460797364,1.3019448218258054,0.4780600461893764,95.95169236701557,865.4364497531622,-608.8418686017116,22662.999147516253,21239.119622055878,0.22662999147516252,10,9,0.9,86.6,17.205812971202494,0.19868144308547916,54,0.04736721574231348,3.666512320322889,236.19176054581925,0.9600576278816794,2012-01-10 11:15:00,2021-05-31 19:00:00,RBB_M,5,10,1.5,1,29,46,52,-39,9,18,4,1000,2500,0,465,-32172.62720657138,293445.8071358413,325618.4343424126,0.9011953138600889,0.2860215053763441,-69.18844560552985,2206.3594521491827,-980.7784166940139,53098.86657803827,52082.6027593162,0.5309886657803827,5,2,0.4,93.0,28.55170747958868,0.3070076073074052,54,0.0,0.0,0.0,0.0,False,False,False
618,55415.317181523365,191418.57997667382,136003.26279515043,1.4074557921819166,0.5420711974110033,89.66879802835496,571.3987461990263,-480.5769003362206,19941.936875881293,18112.506468351596,0.19941936875881291,10,6,0.6,61.8,12.568213874691981,0.20336915654841395,29,0.03592869447048552,2.778833246059726,222.39549669858715,0.9564472753877148,2012-01-10 13:30:00,2021-05-27 20:30:00,RBB_M,5,50,1.5,1,17,46,27,45,1,0,4,2250,2000,24,282,63.708844447312,191795.44132857717,191731.73248412984,1.000332281170268,0.48936170212765956,0.22591788811103547,1389.822038612878,-1331.470364473124,23706.529870075305,20963.128931821033,0.23706529870075305,5,3,0.6,56.4,17.3735431043872,0.30804154440402837,31,31.25154783880253,0.0026873964598138644,104934.27531698543,0.002210140997364736,False,False,False
618,41909.87483935196,143505.763137653,101595.88829830104,1.4125154624003895,0.517799352750809,67.81533145526208,448.45550980516566,-340.92579965872835,11430.191927389787,10549.42557124167,0.11430191927389788,10,6,0.6,61.8,12.568213874691981,0.20336915654841395,29,0.047506703554516895,3.6665941486883287,168.5487880410982,0.955442337985266,2012-01-10 13:30:00,2021-05-27 17:30:00,RBB_M,5,50,1.5,1,17,46,27,45,1,0,4,1750,2000,12,282,-12291.578990311617,150801.6967608746,163093.27575118621,0.9246346672865682,0.4716312056737589,-43.58715954011212,1133.8473440667262,-1094.5857432965518,32392.27165784691,29491.131429802917,0.3239227165784691,5,3,0.6,56.4,17.3735431043872,0.30804154440402837,31,0.0,0.0,0.0,0.0,False,False,False
1216,101410.18674580357,454303.5268838099,352893.34013800626,1.2873678112093163,0.43667763157894735,83.39653515279899,855.5621975212993,-515.1727593255566,17299.026778937503,16564.622808603628,0.17299026778937504,10,8,0.8,121.6,23.934076125892137,0.19682628393003404,61,0.05907690531146677,5.862190286292633,207.43100114701716,0.9550817064693754,2012-01-10 10:45:00,2021-06-01 16:15:00,RBB_M,5,10,2.5,1,53,46,-48,37,7,6,-1,750,6000,0,608,75919.91498236265,407417.50339761254,331497.5884152499,1.2290210174538636,0.26151315789473684,124.86828122099121,2562.3742352051104,-738.3019786531178,17574.49116308905,14776.245689311647,0.17574491163089048,5,5,1.0,121.6,34.09164120426003,0.28035889148240156,72,0.07891210101317685,4.319892637450238,140.74423857877736,1.4187768993575827,True,True,True
928,73435.82508699982,304753.2417623533,231317.41667535342,1.3174677728225916,0.3954741379310345,79.13343220581876,830.390304529573,-412.3305110077601,15618.588658700726,14435.93074729888,0.15618588658700727,10,8,0.8,92.8,19.405153954555477,0.20910726244133057,52,0.0974320184917794,4.701822084679242,197.3702924710534,0.9537673770158405,2012-01-10 11:15:00,2021-05-31 19:00:00,RBB_M,5,10,1.5,1,29,46,52,-39,9,18,4,500,0,48,483,-16843.261834943907,195265.75674422103,212109.01857916493,0.920591486643188,0.13043478260869565,-34.87217771209919,3099.4564562574765,-505.02147280753553,56648.60239777436,50478.30786001487,0.5664860239777436,5,3,0.6,96.6,28.555910071296974,0.29560983510659394,55,0.0,0.0,0.0,0.0,False,False,False
1148,86350.06509152801,437034.9525031508,350684.8874116228,1.2462326384489248,0.5017421602787456,75.2178267347805,758.7412369846368,-613.0854675028371,14219.90391464483,13499.297351574121,0.1421990391464483,10,8,0.8,114.8,22.207206037680653,0.19344256130383844,60,0.02305730745992618,6.072478802237025,189.04965128525296,0.9501141913618006,2012-01-10 10:45:00,2021-06-01 23:00:00,RBB_M,5,10,2.5,1,53,46,-48,37,7,6,-1,1250,2000,0,617,10960.808741607863,430718.57317980437,419757.7644381965,1.0261122239305753,0.4165316045380875,17.764681915085678,1675.9477555634412,-1165.9937901061014,26225.449458093186,25054.89243413989,0.26225449458093186,5,3,0.6,123.4,33.48790826552175,0.2713768903202735,77,0.18164718014302042,0.41794550591487967,1476.2690141849748,0.16523396343855257,False,False,False
879,81094.21999326829,333204.44482106774,252110.22482779942,1.3216617653990776,0.4550625711035267,92.25736062942921,833.0111120526693,-526.3261478659696,21574.27949191221,20068.1323171021,0.2157427949191221,10,8,0.8,87.9,18.571214284478007,0.2112766130202276,51,0.04921435831470229,3.7588379266000045,233.84886956141926,0.9460982303620257,2012-01-10 11:15:00,2021-05-31 19:00:00,RBB_M,5,10,1.5,1,29,46,52,-39,9,18,4,750,4000,48,468,-22604.21008589575,256976.5188723277,279580.7289582234,0.9191496131721104,0.202991452991453,-48.299594200631944,2705.015988129765,-749.5461902365239,53187.31812661897,51218.89676891055,0.5318731812661898,5,3,0.6,93.6,28.039971469315013,0.29957234475763905,54,0.0,0.0,0.0,0.0,False,False,False
618,38257.511088130064,136439.64884845796,98182.13776032791,1.3896585668313755,0.5161812297734628,61.90535774778328,427.71049795754845,-328.36835371347127,9762.611580761004,8157.791786658781,0.09762611580761003,10,6,0.6,61.8,12.568213874691981,0.20336915654841395,29,0.038972739145662925,3.918778369050698,157.7022076269414,0.943731795149097,2012-01-10 13:30:00,2021-05-27 16:45:00,RBB_M,5,50,1.5,1,17,46,27,45,1,0,4,1250,1500,12,282,-7429.429155962833,130067.96276945813,137497.39192542096,0.9459667630641854,0.475177304964539,-26.34549346086111,970.6564385780457,-929.03643192852,30593.373550973432,29477.75156938335,0.30593373550973435,5,2,0.4,56.4,17.3735431043872,0.30804154440402837,31,0.0,0.0,0.0,0.0,False,False,False
1139,91784.17810155527,447644.77389074955,355860.5957891943,1.257921723246725,0.4934152765583846,80.58312388196248,796.5209499835402,-616.7428003278931,16560.050893934997,14906.067276103502,0.16560050893934997,10,8,0.8,113.9,22.17859328271295,0.1947198707876466,57,0.042111558771733,5.542505798407333,205.50271689878923,0.9432278607159957,2012-01-10 10:45:00,2021-06-01 17:00:00,RBB_M,5,10,2.5,1,53,46,-48,37,7,6,-1,1250,2500,0,597,21323.402308397955,445929.6500837825,424606.2477753846,1.0502192382239226,0.39028475711892796,35.71759180636173,1913.861159157865,-1166.500680701606,23358.580808537277,21619.0,0.23358580808537277,5,3,0.6,119.4,31.759093186046734,0.26598905515952037,75,0.11682000667496609,0.9128723394275954,653.9797233579682,0.35201591425207673,False,False,False
618,51400.60868667289,182839.78663733078,131439.1779506579,1.3910600285857584,0.5485436893203883,83.1725059654901,539.3504030599728,-471.10816469769856,17781.599222367928,15666.599222367928,0.17781599222367928,10,6,0.6,61.8,12.568213874691981,0.20336915654841395,29,0.029007438590636484,2.8906628725505605,213.7917935254453,0.9395020515259859,2012-01-10 13:30:00,2021-05-27 16:45:00,RBB_M,5,50,1.5,1,17,46,27,45,1,0,4,3000,1500,24,282,-6057.301982751385,178736.31646907184,184793.6184518232,0.9672212599466441,0.5390070921985816,-21.479794265075835,1175.8968188754727,-1421.4893727063322,25826.852702939424,24124.977540508837,0.25826852702939423,5,2,0.4,56.4,17.3735431043872,0.30804154440402837,31,0.0,0.0,0.0,0.0,False,False,False
618,49342.31127794538,178366.78663733078,129024.4753593854,1.3824259787959383,0.5436893203883495,79.84192763421582,530.8535316587225,-457.5336005651964,16409.922455306696,15250.843444651146,0.16409922455306697,10,6,0.6,61.8,12.568213874691981,0.20336915654841395,29,0.03021747383500527,3.006858284207729,205.53013863200258,0.9388173431551055,2012-01-10 13:30:00,2021-05-27 16:45:00,RBB_M,5,50,1.5,1,17,46,27,45,1,0,4,1750,1500,24,282,-10972.590164779147,162505.42104113748,173478.01120591664,0.9367493892251577,0.49645390070921985,-38.90989420134449,1160.7530074366962,-1221.676135252934,27626.380894903967,26906.098705870943,0.2762638089490397,5,3,0.6,56.4,17.3735431043872,0.30804154440402837,31,0.0,0.0,0.0,0.0,False,False,False
618,51063.56032714265,184330.78663733078,133267.22631018813,1.3831666775167129,0.5501618122977346,82.62712027045737,542.1493724627376,-479.3785119071515,17622.77978517917,15507.77978517917,0.17622779785179168,10,6,0.6,61.8,12.568213874691981,0.20336915654841395,29,0.029198904080479173,2.8975882891124427,213.28081781739218,0.9375377517733672,2012-01-10 13:30:00,2021-05-27 16:45:00,RBB_M,5,50,1.5,1,17,46,27,45,1,0,4,5000,1500,24,282,-26866.98643509525,180227.31646907184,207094.30290416707,0.8702668974552722,0.5425531914893617,-95.27300154289095,1177.9563167913193,-1605.3821930555587,43256.25644967641,42345.781828651205,0.4325625644967641,5,0,0.0,56.4,17.3735431043872,0.30804154440402837,31,0.0,0.0,0.0,0.0,False,False,False
855,58394.91454875453,327826.31438095367,269431.3998321991,1.2167338869379096,0.5368421052631579,68.29814567105794,714.2185498495722,-680.3823228085836,12085.015788904719,11183.439502760986,0.12085015788904718,10,8,0.8,85.5,17.13038236584344,0.20035534930811044,51,0.02553304532632115,4.832009785404421,176.94500590264008,0.9358120996320423,2012-01-10 11:15:00,2021-05-31 19:00:00,RBB_M,5,10,1.5,1,29,46,52,-39,9,18,4,1500,1500,48,468,-46503.13600575827,312217.28116592555,358720.4171716838,0.8703638438748196,0.46153846153846156,-99.36567522597922,1445.450375768174,-1423.4937189352531,59921.46038806276,58862.289514398246,0.5992146038806276,5,0,0.0,93.6,27.557938965024217,0.29442242484000236,56,0.0,0.0,0.0,0.0,False,False,False
618,36250.054440812644,133621.43755634478,97371.38311553212,1.3722865310211483,0.511326860841424,58.65704602073244,422.852650494762,-322.4217983958017,8919.74218323794,7709.094215055746,0.0891974218323794,10,6,0.6,61.8,12.568213874691981,0.20336915654841395,29,0.0411309727116254,4.064024911945782,152.0659969832992,0.9355077547630212,2012-01-10 13:30:00,2021-05-27 16:45:00,RBB_M,5,50,1.5,1,17,46,27,45,1,0,4,1000,1500,12,282,2583.2222852561536,124540.39050065482,121957.16821539866,1.0211813895243427,0.4574468085106383,9.160362713674303,965.4293837260063,-797.1056746104488,20822.916742220877,19954.120371388846,0.2082291674222088,5,2,0.4,56.4,17.3735431043872,0.30804154440402837,31,0.5771861014477706,0.12405669759118668,2273.1541744670303,0.09561923034651226,False,False,False
819,69068.70526368094,365284.8165471527,296216.11128347187,1.2331699817555963,0.5506715506715507,84.33297345992789,809.9441608584317,-804.9350850094344,18458.238043478654,17230.773377922793,0.18458238043478653,10,9,0.9,81.9,14.672763884149433,0.17915462618009073,46,0.028826369227554445,3.741890482774606,218.8733218596801,0.9349871595532935,2012-01-10 11:15:00,2021-05-31 19:00:00,RBB_M,5,10,1.5,1,29,46,52,-39,9,18,4,4000,2000,48,416,-73248.32002468532,403407.9127955147,476656.23282020004,0.846328832015262,0.5384615384615384,-176.07769236703203,1800.9281821228335,-2482.584545938542,103088.28168493007,100557.10616154369,1.0308828168493007,5,1,0.2,83.2,23.47253714450144,0.28212184067910384,52,0.0,0.0,0.0,0.0,False,False,False
618,28613.28252154456,110841.99177182619,82228.70925028164,1.347971928325587,0.3883495145631068,46.299809905411905,461.84163238260913,-217.53626785788794,5640.88288398278,4730.522838175224,0.0564088288398278,10,8,0.8,61.8,12.568213874691981,0.20336915654841395,29,0.13948067639547998,5.072482997793064,121.8338238430527,0.9285579680985889,2012-01-10 13:30:00,2021-05-27 20:30:00,RBB_M,5,50,1.5,1,17,46,27,45,1,0,4,250,4000,24,282,-5755.423379796419,57242.420899000776,62997.844278797194,0.9086409472310549,0.12056737588652482,-20.409302765235527,1683.6006146764935,-254.02356564031126,14483.893868253333,12808.999292846318,0.14483893868253334,5,2,0.4,56.4,17.3735431043872,0.30804154440402837,31,0.0,0.0,0.0,0.0,False,False,False
1171,84561.47898513652,432584.9030274687,348023.4240423322,1.2429764008495323,0.47736976942783943,72.21304780968106,773.8549249149709,-568.6657255593664,13776.993330052966,12676.125371841634,0.13776993330052967,10,8,0.8,117.1,23.3085821104588,0.19904852357351666,58,0.02945785752443907,6.137876164944868,190.78260436206085,0.9267056390309536,2012-01-10 10:45:00,2021-06-01 17:00:00,RBB_M,5,10,2.5,1,53,46,-48,37,7,6,-1,1000,2500,0,611,25552.282306169633,407299.558532206,381747.27622603637,1.0669350743213681,0.3486088379705401,41.820429306333274,1912.204500151202,-959.1640106181818,21655.886575355522,18197.26517393114,0.2165588657535552,5,4,0.8,122.2,32.22049037491515,0.2636701340009423,76,0.09748639945945577,1.1799231685692435,517.8303268177106,0.42805922154297116,True,False,False
1088,107114.43968799141,510362.95194958884,403248.51226159744,1.265628852756941,0.5082720588235294,98.45077177205093,922.8986472867791,-753.7355369375653,25658.969226890695,24281.065697250277,0.25658969226890693,10,8,0.8,108.8,20.414700585607424,0.18763511567653882,51,0.04659502504553119,4.174541804108603,260.62740560633154,0.9257695172912127,2012-01-10 10:45:00,2021-06-01 23:00:00,RBB_M,5,10,2.5,1,53,46,-48,37,7,6,-1,2500,5000,0,507,60165.57341211322,575556.0513244739,515390.4779123608,1.1167378443928953,0.46942800788954636,118.66977004361581,2418.3027366574534,-1915.949732016211,40379.28296202634,39377.48911013527,0.40379282962026336,5,4,0.8,101.4,24.630062931304092,0.24290002890832438,67,0.08295441590514543,1.4900109412218734,340.26595776822825,0.8895372806154582,True,False,False
1089,106302.60644533199,508892.8679731798,402590.26152784785,1.2640466414709308,0.509641873278237,97.61488195163635,916.9240864381618,-753.9143474304267,25317.93866370333,23227.229786973563,0.2531793866370333,10,8,0.8,108.9,20.131815616083912,0.18486515717248772,52,0.042247317823853894,4.198707006022219,259.3655614545249,0.9240707347455339,2012-01-10 10:45:00,2021-06-01 23:00:00,RBB_M,5,10,2.5,1,53,46,-48,37,7,6,-1,2500,4500,0,507,52848.99719186239,563221.4751042231,510372.4779123608,1.103549857171055,0.47337278106508873,104.23865323838736,2346.7561462675963,-1911.5074079114636,41879.28296202634,40877.48911013527,0.4187928296202634,5,4,0.8,101.4,24.630062931304092,0.24290002890832438,67,0.08497796057881525,1.261936534104052,401.76346931738465,0.7672422807835679,True,False,False
618,32409.06918422358,128744.1378374431,96335.06865321953,1.3364202635375446,0.3511326860841424,52.441859521397376,593.2909577762355,-240.23707893570955,7308.46827023456,6596.879762604498,0.0730846827023456,10,6,0.6,61.8,12.568213874691981,0.20336915654841395,29,0.07686120159268858,4.434454387141156,139.36325555451657,0.9239920925597639,2012-01-10 13:30:00,2021-05-27 23:00:00,RBB_M,5,50,1.5,1,17,46,27,45,1,0,4,250,2500,48,282,-399.25974075333943,63699.245746879424,64098.50548763276,0.9937711536686238,0.10638297872340426,-1.4158146835224803,2123.3081915626476,-254.35914876044748,15303.933358626171,13629.038783219155,0.1530393335862617,5,2,0.4,56.4,17.3735431043872,0.30804154440402837,31,0.0,0.0,0.0,0.0,False,False,False
812,76830.68335112874,387539.56174609857,310708.87839496974,1.2472754681102562,0.5332512315270936,94.6190681664147,895.0105352103893,-819.812344050052,23915.68707776894,21986.28842501749,0.2391568707776894,10,9,0.9,81.2,15.177615095923338,0.1869164420680214,43,0.05122874217366224,3.212564334919211,252.7575840813224,0.9215960192828493,2012-01-10 11:15:00,2021-05-31 19:00:00,RBB_M,5,10,1.5,1,29,46,52,-39,9,18,4,5000,2500,0,393,-50623.23490259484,438718.87208119326,489342.1069837881,0.896548377545871,0.5267175572519084,-128.81230255113192,2119.4148409719483,-2630.8715429235917,98325.61708289452,95794.44155950815,0.9832561708289452,5,2,0.4,78.6,22.89628790874189,0.2913013728847569,48,0.0,0.0,0.0,0.0,False,False,False
932,76254.2022368684,313103.11800545664,236848.91576858825,1.3219529293153787,0.388412017167382,81.81781355887168,864.9257403465652,-415.5244136291022,17909.66073122724,17406.37593649182,0.1790966073122724,10,7,0.7,93.2,19.727138667328315,0.21166457797562568,53,0.058895114869205616,4.257713386156543,218.8968386247625,0.920889549991169,2012-01-10 11:15:00,2021-05-31 19:00:00,RBB_M,5,10,1.5,1,29,46,52,-39,9,18,4,500,4500,0,490,-11607.590363751806,200501.42821541318,212109.01857916493,0.9452753567881911,0.14285714285714285,-23.688959926024094,2864.3061173630454,-505.02147280753553,46906.425602474745,42566.016877260765,0.46906425602474744,5,3,0.6,98.0,29.65805118344764,0.30263317534130246,55,0.0,0.0,0.0,0.0,False,False,False
1121,92472.16958082121,450328.7160440962,357856.5464632751,1.2584056949488027,0.5031222123104371,82.490784639448,798.4551702909507,-642.4713581028278,18218.327915195754,15960.137010134356,0.18218327915195753,10,8,0.8,112.1,21.12557691519926,0.1884529608849176,56,0.04179824944045104,5.075776987398001,220.85288671728247,0.9205651545558959,2012-01-10 10:45:00,2021-06-01 17:00:00,RBB_M,5,10,2.5,1,53,46,-48,37,7,6,-1,1500,2500,0,582,14705.410650363148,466795.98467116756,452090.57402080443,1.0325275763207715,0.4209621993127148,25.26702860887139,1905.2897333517044,-1341.5150564415562,24297.703499113413,22615.621504120136,0.24297703499113413,5,3,0.6,116.4,30.54570346218925,0.26242013283667737,75,0.16939343342571134,0.6052181289848947,961.6367589255176,0.24416022286490344,False,False,False
618,36091.063954750585,142982.87632244662,106891.81236769605,1.3376410517823507,0.47896440129449835,58.399779862055965,483.0502578461035,-331.9621502102362,9149.87740329339,8763.117617942113,0.09149877403293391,10,6,0.6,61.8,12.568213874691981,0.20336915654841395,29,0.04131216530134305,3.9444314239401757,156.6765735231535,0.9196168647670435,2012-01-10 13:30:00,2021-05-27 16:45:00,RBB_M,5,50,1.5,1,17,46,27,45,1,0,4,500,1500,24,282,-4327.878346456753,96140.92938980108,100468.80773625785,0.9569231640747848,0.2730496453900709,-15.347086334953026,1248.5834985688452,-490.0917450549163,20515.67641732462,19551.72262816658,0.2051567641732462,5,2,0.4,56.4,17.3735431043872,0.30804154440402837,31,0.0,0.0,0.0,0.0,False,False,False
618,39597.118411971634,144739.6914203702,105142.57300839857,1.3766040460966147,0.5194174757281553,64.07300713911268,450.9024654840193,-354.0153973346753,11130.520554671653,8838.734513687268,0.11130520554671654,10,6,0.6,61.8,12.568213874691981,0.20336915654841395,29,0.06290861809900998,3.557526192730681,173.71621922638226,0.9147885579895096,2012-01-10 13:30:00,2021-05-27 17:30:00,RBB_M,5,50,1.5,1,17,46,27,45,1,0,4,4000,2500,12,282,-20330.087080508172,158036.32016246996,178366.4072429781,0.8860206504422458,0.475177304964539,-72.09250737768855,1179.375523600522,-1205.1784273174196,39682.13239737823,38327.874598505965,0.3968213239737823,5,1,0.2,56.4,17.3735431043872,0.30804154440402837,31,0.0,0.0,0.0,0.0,False,False,False
1172,91352.43632068814,388429.26385110995,297076.82753042184,1.3075044158781899,0.5059726962457338,77.94576477874415,655.0240537118211,-513.0860579109185,16494.61291997478,14747.784268772557,0.1649461291997478,10,5,0.5,117.2,22.35978532991764,0.19078315127916073,60,0.07798899760698194,5.538319496425491,211.61653833016044,0.9141654700293531,2012-01-10 11:15:00,2021-05-31 18:30:00,RBB_M,5,10,1.5,1,29,46,52,-39,9,18,4,1750,0,24,467,-120894.70580885507,294403.5079571897,415298.21376604476,0.7088966390860515,0.3747323340471092,-258.8751730382335,1682.3057597553698,-1422.25415673303,127890.9849324145,126471.67350137647,1.278909849324145,5,1,0.2,93.4,26.971095639591653,0.2887697605951997,51,0.0,0.0,0.0,0.0,False,False,False
1094,105838.84049924497,500284.23795602785,394445.39745678287,1.2683231726917061,0.5073126142595978,96.74482678175957,901.4130413622123,-731.8096427769626,25413.89951149815,24035.995981857734,0.2541389951149815,10,8,0.8,109.4,20.387250918159612,0.18635512722266556,52,0.042432437645913534,4.16460450909392,262.6900099664009,0.9141036684773345,2012-01-10 10:45:00,2021-06-01 23:00:00,RBB_M,5,10,2.5,1,53,46,-48,37,7,6,-1,2250,4500,0,517,35412.27947206323,545618.5472558929,510206.2677838297,1.0694077703629212,0.4506769825918762,68.49570497497723,2341.7105032441755,-1796.500942900809,37781.20214820941,36529.40829631835,0.37781202148209414,5,2,0.4,103.4,25.663982543634962,0.24820099171793966,67,0.12682041560027088,0.937298906825323,551.5849813066615,0.5307974261903652,True,False,False
1172,97138.46807487204,388521.4833448664,291383.0152699945,1.333370385315231,0.5034129692832765,82.8826519410171,658.5109887201126,-500.6581018384785,18663.029166366803,17455.33024308412,0.18663029166366804,10,6,0.6,117.2,22.35978532991764,0.19078315127916073,60,0.0513802626180295,5.2048607548622465,225.1741314895212,0.9138521243453037,2012-01-10 11:15:00,2021-05-31 18:30:00,RBB_M,5,10,1.5,1,29,46,52,-39,9,18,4,1500,5000,24,473,-58528.18657262097,323025.4017000884,381553.58827270934,0.846605592578548,0.3763213530655391,-123.73823799708451,1814.7494477533057,-1293.4019941447775,88599.95740633091,87358.27798393766,0.8859995740633091,5,1,0.2,94.6,26.911707489492375,0.28447893752106107,53,0.0,0.0,0.0,0.0,False,False,False
618,28004.388499024106,110233.09774930574,82228.70925028164,1.3405670447019475,0.3883495145631068,45.31454449680276,459.3045739554406,-217.53626785788794,5640.882883982784,4698.20062036928,0.05640882883982784,10,7,0.7,61.8,12.568213874691981,0.20336915654841395,29,0.10680468884740082,4.964539962093915,124.4828331967628,0.908798145159251,2012-01-10 13:30:00,2021-05-27 20:30:00,RBB_M,5,50,1.5,1,17,46,27,45,1,0,4,250,3000,24,282,2465.5815097195155,64945.42578851671,62479.844278797194,1.039462030326414,0.1276595744680851,8.743196842977005,1804.0396052365752,-253.98310682437884,13274.270561503079,11170.270561503079,0.1327427056150308,5,3,0.6,56.4,17.3735431043872,0.30804154440402837,31,1.2131012453691934,0.18574139334405215,1518.239929845074,0.11430580278985969,False,False,False
618,46981.06237033209,175849.67800851006,128868.61563817797,1.364565585947163,0.540453074433657,76.02113652157296,526.4960419416469,-453.762731120345,15909.922455306696,14753.482847689818,0.15909922455306696,10,6,0.6,61.8,12.568213874691981,0.20336915654841395,29,0.03173619166478335,2.9529410028432745,209.28288083133097,0.9078282252853904,2012-01-10 13:30:00,2021-05-27 16:45:00,RBB_M,5,50,1.5,1,17,46,27,45,1,0,4,1500,1500,24,282,-20091.939477837448,151869.8495736748,171961.78905151226,0.8831604416966213,0.46808510638297873,-71.24801233275691,1150.5291634369303,-1146.4119270100816,35736.60296473064,34799.67646936167,0.3573660296473064,5,2,0.4,56.4,17.3735431043872,0.30804154440402837,31,0.0,0.0,0.0,0.0,False,False,False
1392,106887.35376783193,484473.7559581714,377586.40219033946,1.283080516532877,0.5050287356321839,76.7868920745919,689.1518576929892,-548.0209030338744,16249.6004548762,15539.758162682701,0.162496004548762,10,7,0.7,139.2,27.095387061269307,0.194650769118314,62,0.05894219089868525,6.57784504084573,211.61945764247238,0.9073380027887121,2012-01-10 10:45:00,2021-06-01 23:00:00,RBB_M,5,10,2.5,1,53,46,-48,37,7,6,-1,1500,6000,48,597,45549.709504644045,510437.59014716354,464887.88064251957,1.097979989157149,0.3953098827470687,76.29767086205032,2162.871144691371,-1287.778062721661,30867.99592905135,27781.17646989235,0.3086799592905135,5,4,0.8,119.4,30.030651008594532,0.2515129900217297,74,0.1315266346405389,1.475628985093102,404.5732403137456,0.6541245033020021,True,False,False
1171,94587.03776033974,394769.3083855254,300182.2706251857,1.3150986817554033,0.5072587532023911,80.77458391147714,664.5947952618274,-520.2465695410497,18002.161145571932,14984.128418239925,0.18002161145571932,10,6,0.6,117.1,22.286543024883873,0.1903206065318862,60,0.07532200083966904,5.254204592186183,222.86912880047697,0.9068088745687334,2012-01-10 11:15:00,2021-05-31 18:30:00,RBB_M,5,10,1.5,1,29,46,52,-39,9,18,4,2000,0,24,462,-140610.68409138147,298574.50752306613,439185.1916144475,0.6798373743556889,0.38961038961038963,-304.35213006792526,1658.747264017034,-1557.394296505133,147114.2629677421,145646.6364633018,1.471142629677421,5,0,0.0,92.4,26.8968399630886,0.29109134159186795,50,0.0,0.0,0.0,0.0,False,False,False
879,79929.7272563231,337020.79731597257,257091.07005964947,1.310900441768662,0.44368600682593856,90.93256798216507,864.1558905537759,-525.7486095289355,22853.591528465986,21423.1323171021,0.22853591528465986,10,9,0.9,87.9,18.571214284478007,0.2112766130202276,51,0.04993136017093414,3.497468971420277,251.3246027864114,0.9060362632054273,2012-01-10 11:15:00,2021-05-31 19:00:00,RBB_M,5,10,1.5,1,29,46,52,-39,9,18,4,750,4000,0,468,-23542.57792636435,255890.10045490356,279432.67838126794,0.915748658808466,0.20085470085470086,-50.304653688812714,2722.2351112223782,-747.1461988803956,52635.68596708757,50667.26460937915,0.5263568596708758,5,3,0.6,93.6,28.039971469315013,0.29957234475763905,54,0.0,0.0,0.0,0.0,False,False,False
618,29879.89014348127,118829.34693297214,88949.45678949087,1.3359198720481844,0.4741100323624595,48.34933680174962,405.56091103403463,-273.6906362753565,6481.203105813529,6129.496755302967,0.0648120310581353,10,6,0.6,61.8,12.568213874691981,0.20336915654841395,29,0.06663344444840155,4.610238200478475,134.04947274434988,0.9046197397549396,2012-01-10 13:30:00,2021-05-27 17:30:00,RBB_M,5,50,1.5,1,17,46,27,45,1,0,4,500,2000,12,282,7416.16049847634,98282.45185093826,90866.29135246194,1.0816161899874368,0.3191489361702128,26.29844148395865,1092.027242788203,-473.26193412740594,11059.45640374643,10083.670701003437,0.1105945640374643,5,3,0.6,56.4,17.3735431043872,0.30804154440402837,31,0.26846776042792675,0.6705718823543705,420.5365709786416,0.3766747216201698,True,False,False
1172,95807.48831031099,387190.5035803055,291383.0152699945,1.3288025838483966,0.5034129692832765,81.74700367773976,656.2550908140771,-500.6581018384785,18663.029166366803,17455.33024308412,0.18663029166366804,10,6,0.6,117.2,22.35978532991764,0.19078315127916073,60,0.07818804283583128,5.1335443703302195,228.30230255214684,0.9013306309615784,2012-01-10 11:15:00,2021-05-31 18:30:00,RBB_M,5,10,1.5,1,29,46,52,-39,9,18,4,1500,7500,24,470,-84909.56455985062,298539.79591492773,383449.36047477834,0.7785638122991847,0.3659574468085106,-180.6586479996822,1735.6964878774868,-1286.7428203851623,103911.87256233374,101222.82492415485,1.0391187256233374,5,1,0.2,94.0,26.442390209661458,0.28130202350703676,53,0.0,0.0,0.0,0.0,False,False,False
1392,113391.38032859197,490977.78251893143,377586.40219033946,1.3003057834467036,0.5050287356321839,81.45932494870112,698.4036735688925,-548.0209030338744,18651.80784293802,15539.758162682701,0.18651807842938017,10,7,0.7,139.2,27.095387061269307,0.194650769118314,62,0.08811075384255411,6.079377467505083,228.9708127913405,0.8984288619839872,2012-01-10 10:45:00,2021-06-01 23:00:00,RBB_M,5,10,2.5,1,53,46,-48,37,7,6,-1,1500,10000,48,597,56074.14613912896,522471.0267816485,466396.88064251957,1.1202283901682186,0.3936348408710218,93.92654294661467,2223.2809650282916,-1288.3891730456342,30867.99592905135,27781.17646989235,0.3086799592905135,5,4,0.8,119.4,30.030651008594532,0.2515129900217297,74,0.178174804039115,1.8165787720075113,328.63975358484015,0.8052625009079791,True,False,False
1172,94764.37447612348,386147.389746118,291383.0152699945,1.325222712066162,0.5034129692832765,80.85697480897909,654.4871012646067,-500.6581018384785,18663.029166366803,17455.33024308412,0.18663029166366804,10,6,0.6,117.2,22.35978532991764,0.19078315127916073,60,0.0672292652554411,5.077652380616817,230.8153280586784,0.8915173014722613,2012-01-10 11:15:00,2021-05-31 18:30:00,RBB_M,5,10,1.5,1,29,46,52,-39,9,18,4,1500,6000,24,470,-60618.183893263595,319426.40437944577,380044.58827270934,0.8404971791105583,0.37446808510638296,-128.97485934736935,1814.922752155942,-1292.6686675942494,85801.27999696782,83879.8501025722,0.8580127999696782,5,2,0.4,94.0,26.442390209661458,0.28130202350703676,53,0.0,0.0,0.0,0.0,False,False,False
618,40268.027555062465,144739.6914203702,104471.66386530774,1.385444493417649,0.5194174757281553,65.15862063925965,450.9024654840193,-351.75644399093517,12231.458039117257,9939.671998132872,0.12231458039117257,10,6,0.6,61.8,12.568213874691981,0.20336915654841395,29,0.0618604920887622,3.2921690469183513,187.71818554654158,0.887434118760246,2012-01-10 13:30:00,2021-05-27 17:30:00,RBB_M,5,50,1.5,1,17,46,27,45,1,0,4,3000,2500,12,282,-20588.679414078986,155545.32016246996,176133.99957654893,0.8831078641058678,0.4716312056737589,-73.0095014683652,1169.513685432105,-1182.107379708382,37824.103017130416,35914.02115060754,0.37824103017130417,5,2,0.4,56.4,17.3735431043872,0.30804154440402837,31,0.0,0.0,0.0,0.0,False,False,False
618,31768.742342297926,134691.61244559567,102922.87010329774,1.3086655309010862,0.31715210355987056,51.4057319454659,687.2021043142637,-243.89305711681928,7635.625330199247,6991.121212642502,0.07635625330199247,10,7,0.7,61.8,12.568213874691981,0.20336915654841395,29,0.07841040646684343,4.160594708157182,148.5364577300358,0.8861201185752842,2012-01-10 13:30:00,2021-05-27 23:00:00,RBB_M,5,50,1.5,1,17,46,27,45,1,0,4,250,2500,0,282,338.1836018237591,64436.68908945652,64098.50548763276,1.005275998235076,0.10638297872340426,1.199232630580706,2147.8896363152176,-254.35914876044748,15303.933358626171,13629.038783219155,0.1530393335862617,5,2,0.4,56.4,17.3735431043872,0.30804154440402837,31,7.3658213661647585,0.022097822428973103,12761.438413509086,0.014601761773652158,False,False,False
618,38182.8015555148,144739.6914203702,106556.88986485539,1.3583325452154387,0.5194174757281553,61.78446853643172,450.9024654840193,-358.77740695237503,11130.520554671653,8838.734513687268,0.11130520554671654,10,6,0.6,61.8,12.568213874691981,0.20336915654841395,29,0.06523879596362989,3.4304596418438744,180.15078576112458,0.8821144410449989,2012-01-10 13:30:00,2021-05-27 17:30:00,RBB_M,5,50,1.5,1,17,46,27,45,1,0,4,5000,2500,12,282,-24947.75066719111,158036.32016246996,182984.07082966107,0.8636616260963237,0.475177304964539,-88.4672009474862,1179.375523600522,-1236.3788569571693,45543.63375084293,44189.375951970665,0.45543633750842927,5,1,0.2,56.4,17.3735431043872,0.30804154440402837,31,0.0,0.0,0.0,0.0,False,False,False
1172,87656.31046969086,387838.5810948766,300182.2706251857,1.2920102852414643,0.507679180887372,74.7920737795997,651.8295480586161,-520.2465695410497,16332.04914663975,14984.128418239925,0.16332049146639752,10,6,0.6,117.2,22.35978532991764,0.19078315127916073,60,0.04553009336823478,5.367134869767751,218.36604229971869,0.8815330327358027,2012-01-10 11:15:00,2021-05-31 18:30:00,RBB_M,5,10,1.5,1,29,46,52,-39,9,18,4,2000,4000,24,466,-105492.81467902244,328155.8825591373,433648.6972381597,0.756732084401753,0.4055793991416309,-226.37943064167905,1736.2745108949064,-1565.5187625926344,111344.56656650372,109527.12976252387,1.1134456656650373,5,1,0.2,93.2,27.56374430297887,0.29574832943110374,50,0.0,0.0,0.0,0.0,False,False,False
618,40105.413523854324,142403.64884845796,102298.23532460365,1.3920440406092576,0.5226537216828478,64.89549113892285,440.87816980946735,-346.77367906645304,12368.580120884217,9729.935289592926,0.12368580120884216,10,6,0.6,61.8,12.568213874691981,0.20336915654841395,29,0.03717702596715945,3.2425236471676127,190.59228775087922,0.8789374206933588,2012-01-10 13:30:00,2021-05-27 16:45:00,RBB_M,5,50,1.5,1,17,46,27,45,1,0,4,4000,1500,12,282,-16034.660701341461,143869.1088447524,159903.76954609386,0.8997230600200496,0.5177304964539007,-56.860498940927165,985.4048551010438,-1175.7630113683372,37634.59649950235,35918.19556124808,0.37634596499502354,5,3,0.6,56.4,17.3735431043872,0.30804154440402837,31,0.0,0.0,0.0,0.0,False,False,False
618,40410.03386011753,144881.69772542524,104471.66386530774,1.3868037740091608,0.5194174757281553,65.3884043043973,451.34485272718143,-351.75644399093517,12608.65312083155,9970.00828954026,0.1260865312083155,10,6,0.6,61.8,12.568213874691981,0.20336915654841395,29,0.04926994139356579,3.204944530780498,192.8270502233931,0.8771416742764109,2012-01-10 13:30:00,2021-05-27 17:30:00,RBB_M,5,50,1.5,1,17,46,27,45,1,0,4,3000,2000,12,282,-9196.585071071502,157933.07372732458,167129.65879839606,0.9449733510066871,0.4929078014184397,-32.6120037981259,1136.209163505932,-1168.7388727160564,31488.234390698635,28955.639536011193,0.31488234390698633,5,2,0.4,56.4,17.3735431043872,0.30804154440402837,31,0.0,0.0,0.0,0.0,False,False,False
1173,85931.98421315645,383008.8117435783,297076.82753042184,1.2892584552201625,0.5063938618925832,73.2582985619407,644.7959793662934,-513.0860579109185,15845.704997172383,14747.784268772557,0.15845704997172383,10,5,0.5,117.3,22.436800128360552,0.19127706844297146,60,0.04644370820182883,5.4230458176831355,216.2991129772781,0.8766059202583281,2012-01-10 11:15:00,2021-05-31 18:30:00,RBB_M,5,10,1.5,1,29,46,52,-39,9,18,4,1750,4000,24,471,-84773.75989572777,323978.9594940291,408752.7193897569,0.7926038020681798,0.39278131634819535,-179.98675137097192,1751.2376188866438,-1429.2053125515977,101931.6697087764,98450.62207059754,1.019316697087764,5,1,0.2,94.2,27.636208133533803,0.29337800566384076,51,0.0,0.0,0.0,0.0,False,False,False
1373,134927.87389382615,674700.9335158273,539773.0596220011,1.2499714861432971,0.46249089584850694,98.27230436549611,1062.521155143035,-731.3998097859094,28522.69077684086,27568.49416764332,0.2852269077684086,10,7,0.7,137.3,28.527355292771183,0.2077738914258644,74,0.05551855064354322,4.730545057950195,290.24139569129017,0.8764744240664037,2012-01-10 03:00:00,2021-06-01 16:15:00,RBB_M,6,10,2.5,1,53,56,-48,37,7,6,-1,1250,7500,368,736,57293.75445294239,678236.3575804629,620942.6031275205,1.0922690022626393,0.30842391304347827,77.8447750719326,2987.8253637905855,-1219.9265287377614,54625.78675544937,50936.04237982567,0.5462578675544937,5,3,0.6,147.2,39.117259617718624,0.2657422528377624,94,0.13074723539286798,1.0488408104662559,701.7270806547044,0.50168829702066,True,False,False
1392,110567.19670863813,488153.59889897757,377586.40219033946,1.2928262142578475,0.5050287356321839,79.43045740563085,694.3863426727988,-548.0209030338744,18651.80784293802,15539.758162682701,0.18651807842938017,10,7,0.7,139.2,27.095387061269307,0.194650769118314,62,0.08671584252698583,5.9279613879627915,234.81934326133927,0.8760521339791237,2012-01-10 10:45:00,2021-06-01 23:00:00,RBB_M,5,10,2.5,1,53,46,-48,37,7,6,-1,1500,0,48,597,51570.81356005557,519476.69420257513,467905.88064251957,1.1102162116219603,0.39195979899497485,86.38327229490045,2219.9858726605776,-1288.9969163705773,32196.173334401712,29711.813727280416,0.3219617333440171,5,4,0.8,119.4,30.030651008594532,0.2515129900217297,74,0.3162289108409238,1.6017684159052528,372.7130551906909,0.7251550534698107,True,False,False
933,67525.08064526234,299860.4973206158,232335.41667535342,1.2906361914663076,0.3965702036441586,72.37414860156736,810.4337765422049,-412.67391949441105,15618.588658700726,14435.93074729888,0.15618588658700727,10,8,0.8,93.3,19.524599867859006,0.20926687961263674,54,0.05910396495439083,4.32337915549404,215.8034182161348,0.8723001132559982,2012-01-10 11:15:00,2021-05-31 19:00:00,RBB_M,5,10,1.5,1,29,46,52,-39,9,18,4,500,4000,48,491,-10728.72011300033,200362.29846616462,211091.01857916493,0.9491749095474815,0.14867617107942974,-21.850753794298026,2744.689020084447,-505.0024367922606,44069.96485501228,41872.146626509326,0.4406996485501228,5,3,0.6,98.2,29.4713420121989,0.3001154991058951,55,0.0,0.0,0.0,0.0,False,False,False
928,71867.63443126177,308207.55019985005,236339.91576858825,1.3040858933944568,0.38685344827586204,77.44357158541139,858.5168529243734,-415.3601331609635,17909.66073122724,17406.37593649182,0.1790966073122724,10,7,0.7,92.8,19.405153954555477,0.20910726244133057,52,0.09955803783522452,4.0127859209501135,231.26077948864915,0.8716558495624249,2012-01-10 11:15:00,2021-05-31 19:00:00,RBB_M,5,10,1.5,1,29,46,52,-39,9,18,4,500,0,0,483,-12003.261834943907,200105.75674422103,212109.01857916493,0.9434099411927459,0.13043478260869565,-24.851473778351775,3176.2818530828736,-505.02147280753553,60333.60239777436,54163.30786001487,0.6033360239777436,5,4,0.8,96.6,28.555910071296974,0.29560983510659394,55,0.0,0.0,0.0,0.0,False,False,False
848,63055.534970286404,337712.5261449773,274656.9911746909,1.2295792096920666,0.5507075471698113,74.35794218194151,723.1531609100157,-720.8844912721546,16583.408412278644,13989.571147089242,0.16583408412278644,10,8,0.8,84.8,17.325126262166172,0.2043057342236577,48,0.02364582269744603,3.8023266027506737,223.0213468213228,0.8697487610521168,2012-01-10 11:15:00,2021-05-31 19:00:00,RBB_M,5,10,1.5,1,29,46,52,-39,9,18,4,2000,1500,48,453,-82736.27680629265,325131.17239203246,407867.44919832505,0.7971491057476808,0.4988962472406181,-182.64078765186014,1438.6335061594357,-1796.772903957379,87294.73701077283,86477.38950898228,0.8729473701077284,5,0,0.0,90.6,27.717142709882634,0.3059287274821483,53,0.0,0.0,0.0,0.0,False,False,False
1216,92306.15106371582,445199.4912017221,352893.34013800626,1.2615695468427306,0.43667763157894735,75.90966370371366,838.417120907198,-515.1727593255566,17299.026778937503,16564.622808603628,0.17299026778937504,10,8,0.8,121.6,23.934076125892137,0.19682628393003404,61,0.05407006946432943,5.335915843318049,227.88965113135126,0.8693398474507963,2012-01-10 10:45:00,2021-06-01 16:15:00,RBB_M,5,10,2.5,1,53,46,-48,37,7,6,-1,750,5000,0,608,72934.27203744516,401395.86045269505,328461.5884152499,1.2220481012386744,0.2680921052631579,119.95768427211375,2462.5512911208284,-738.1159290230335,17574.49116308905,14583.675891857856,0.17574491163089048,5,5,1.0,121.6,34.09164120426003,0.28035889148240156,72,0.06843147755608738,4.150007608221733,146.50575550644024,1.362981773125382,True,True,True
618,49452.03889272272,179857.78663733078,130405.74774460807,1.37921671205453,0.5453074433656958,80.01948040893643,533.7026309713079,-464.07739410892555,19400.673324481104,18241.594313825553,0.19400673324481105,10,6,0.6,61.8,12.568213874691981,0.20336915654841395,29,0.03015042520763311,2.5489857009406336,242.44937889292356,0.8653477728180596,2012-01-10 13:30:00,2021-05-27 16:45:00,RBB_M,5,50,1.5,1,17,46,27,45,1,0,4,2000,1500,24,282,-7583.4028449310135,168469.42104113748,176052.8238860685,0.9569254120579254,0.5106382978723404,-26.891499450109976,1169.9265350078992,-1275.745100623685,31759.558647494436,30031.930229025755,0.31759558647494435,5,3,0.6,56.4,17.3735431043872,0.30804154440402837,31,0.0,0.0,0.0,0.0,False,False,False
1106,93260.7492888794,463267.5728818905,370006.82359301107,1.2520514307905348,0.5036166365280289,84.32255812737739,831.7191613678465,-673.9650702969236,21599.72074466983,19385.862960844213,0.2159972074466983,10,8,0.8,110.6,20.929405151604286,0.1892351279530225,53,0.0414448183175786,4.317683103004625,256.15589973019274,0.8642175071796279,2012-01-10 10:45:00,2021-06-01 23:00:00,RBB_M,5,10,2.5,1,53,46,-48,37,7,6,-1,1750,3000,0,544,29479.866142760933,488652.6961462656,459172.83000350464,1.0642021134885877,0.43566176470588236,54.19093040948701,2061.825722136142,-1495.6769706954549,33676.74000904222,31484.760031324906,0.3367674000904222,5,3,0.6,108.8,27.45468994543555,0.25234090023378264,73,0.10145907669714671,0.8753776682317105,621.4460566476371,0.44480016547937057,True,False,False
1403,104563.0637432284,464821.91694203037,360258.853198802,1.2902442585790592,0.48823948681397006,74.52819938932886,678.5721415212122,-501.75327743565737,16918.162983399503,16125.409650464506,0.16918162983399504,10,7,0.7,140.3,27.792265110998063,0.19809169715608027,62,0.09554999291656684,6.180521126662991,227.0035117180342,0.8630727031672394,2012-01-10 10:45:00,2021-06-01 23:00:00,RBB_M,5,10,2.5,1,53,46,-48,37,7,6,-1,1000,10000,48,614,55698.16372239211,445559.43614631146,389861.2724239193,1.1428666237507896,0.3273615635179153,90.71362169770703,2216.7136126682162,-943.974025239514,31677.89750683152,29401.85708329914,0.3167789750683152,5,5,1.0,122.8,32.835346807975085,0.26738881765452027,74,0.17937754734243344,1.7582657974816822,349.207725521031,0.7677108637781771,True,False,False
1094,101794.3282935114,493980.7257502943,392186.39745678287,1.2595559890746304,0.5082266910420475,93.04783207816398,888.4545427163566,-728.9709989903027,26413.89951149815,25035.995981857734,0.2641389951149815,10,8,0.8,109.4,20.387250918159612,0.18635512722266556,52,0.039206506559898345,3.8538167470955824,283.8744215911382,0.8623694302060905,2012-01-10 10:45:00,2021-06-01 23:00:00,RBB_M,5,10,2.5,1,53,46,-48,37,7,6,-1,2250,4000,0,519,14654.146897000814,527828.4759536386,513174.3290566378,1.0285558845547462,0.4508670520231214,28.23535047591679,2255.677247665122,-1800.6116809004836,41949.62062816773,40288.40829631835,0.4194962062816773,5,2,0.4,103.8,25.10298786997277,0.24183996021168375,69,0.27234611663520675,0.3493272806181484,1485.712765065497,0.20765027887697715,False,False,False
618,40298.87686474502,143363.75683259795,103064.87996785292,1.3910049366701316,0.517799352750809,65.20853861609227,448.0117401018686,-345.8553019055467,13009.237412924544,11789.51631431414,0.13009237412924543,10,6,0.6,61.8,12.568213874691981,0.20336915654841395,29,0.06181313708470176,3.097712462738861,199.50205431707226,0.8611561397775013,2012-01-10 13:30:00,2021-05-27 17:30:00,RBB_M,5,50,1.5,1,17,46,27,45,1,0,4,2000,2500,12,282,-21066.042322182555,152176.8598965791,173242.90221876162,0.8784017004311006,0.46099290780141844,-74.702277738236,1170.5912299736854,-1139.7559356497475,41822.173938001906,39257.7266961566,0.41822173938001905,5,2,0.4,56.4,17.3735431043872,0.30804154440402837,31,0.0,0.0,0.0,0.0,False,False,False
618,40892.56501582333,144739.6914203702,103847.12640454686,1.3937765678418703,0.5194174757281553,66.16919905473031,450.9024654840193,-349.6536242577335,13482.194898723268,11530.51631431414,0.13482194898723268,10,6,0.6,61.8,12.568213874691981,0.20336915654841395,29,0.06091571900750443,3.03307920728069,203.7533337462916,0.8583786990271933,2012-01-10 13:30:00,2021-05-27 17:30:00,RBB_M,5,50,1.5,1,17,46,27,45,1,0,4,2250,2500,12,282,-17640.840985297662,153054.32016246996,170695.16114776762,0.8966529521593977,0.46808510638297873,-62.5561737067293,1159.5024254732573,-1137.9677409851174,36896.97260111701,34582.525359271705,0.3689697260111701,5,2,0.4,56.4,17.3735431043872,0.30804154440402837,31,0.0,0.0,0.0,0.0,False,False,False
618,40513.29446383056,144739.6914203702,104226.39695653964,1.388704739363904,0.5194174757281553,65.55549265992,450.9024654840193,-350.93062948329845,13238.431697598207,10599.786866306917,0.13238431697598207,10,6,0.6,61.8,12.568213874691981,0.20336915654841395,29,0.061485989549033435,3.0602789959765944,201.9423721864889,0.8582111855961869,2012-01-10 13:30:00,2021-05-27 17:30:00,RBB_M,5,50,1.5,1,17,46,27,45,1,0,4,2500,2500,12,282,-18763.367045448147,153054.32016246996,171817.6872079181,0.8907949038870345,0.46808510638297873,-66.53676257251117,1159.5024254732573,-1145.4512480527874,37543.357963769944,36034.73478957525,0.37543357963769947,5,2,0.4,56.4,17.3735431043872,0.30804154440402837,31,0.0,0.0,0.0,0.0,False,False,False
618,38137.1193336447,159177.90856082487,121040.78922718018,1.3150765917600349,0.5566343042071198,61.71054908356748,462.7264783744909,-441.7547052086868,11739.922455306696,10580.843444651146,0.11739922455306696,10,6,0.6,61.8,12.568213874691981,0.20336915654841395,29,0.025985182345058144,3.2484984018276806,190.24174358599004,0.857887127188796,2012-01-10 13:30:00,2021-05-27 15:30:00,RBB_M,5,50,1.5,1,17,46,27,45,1,0,4,1750,1000,24,282,-16703.702364399876,140256.37327779218,156960.07564219207,0.8935799291886312,0.5602836879432624,-59.23298710780098,887.6985650493176,-1265.807061630581,30882.152245451834,29974.77089922681,0.3088215224545183,5,2,0.4,56.4,17.3735431043872,0.30804154440402837,31,0.0,0.0,0.0,0.0,False,False,False
618,31396.369852136508,123956.40511634994,92560.03526421342,1.3392000636399426,0.5258899676375405,50.80318746300406,381.4043234349229,-315.90455721574546,8136.162638166847,7482.335237846706,0.08136162638166847,10,7,0.7,61.8,12.568213874691981,0.20336915654841395,29,0.03156415868035657,3.8588670419216697,160.15063314859466,0.8483684426203633,2012-01-10 13:30:00,2021-05-27 15:30:00,RBB_M,5,50,1.5,1,17,46,27,45,1,0,4,1250,1000,12,282,-13593.784259889151,114180.54843866457,127774.33269855371,0.8936109939078319,0.5177304964539007,-48.20490872301117,782.0585509497573,-939.517152195248,30825.541543049032,29759.099343992268,0.30825541543049034,5,3,0.6,56.4,17.3735431043872,0.30804154440402837,31,0.0,0.0,0.0,0.0,False,False,False
618,38691.09666739749,142403.64884845796,103712.55218106047,1.373060886592116,0.5226537216828478,62.60695253624189,440.87816980946735,-351.5679734951202,12368.580120884217,9729.935289592926,0.12368580120884216,10,6,0.6,61.8,12.568213874691981,0.20336915654841395,29,0.03853599738506172,3.128176095335954,197.5592105960484,0.8479417046382699,2012-01-10 13:30:00,2021-05-27 16:45:00,RBB_M,5,50,1.5,1,17,46,27,45,1,0,4,5000,1500,12,282,-21249.62798035195,143869.1088447524,165118.73682510434,0.8713069855732981,0.5177304964539007,-75.3532907104679,985.4048551010438,-1214.10835900812,43133.954713585044,41779.69691471278,0.43133954713585043,5,2,0.4,56.4,17.3735431043872,0.30804154440402837,31,0.0,0.0,0.0,0.0,False,False,False
618,48858.87265608061,181348.78663733078,132489.91398125017,1.3687742801538467,0.5469255663430421,79.05966449203981,536.5348717080792,-473.1782642187506,19738.83210122151,17787.15351681238,0.1973883210122151,10,6,0.6,61.8,12.568213874691981,0.20336915654841395,29,0.030516463416894686,2.4752666421969844,249.67007168628865,0.8476129731318935,2012-01-10 13:30:00,2021-05-27 16:45:00,RBB_M,5,50,1.5,1,17,46,27,45,1,0,4,2250,1500,24,282,-7792.803720289019,169790.3164690718,177583.12018936084,0.9561174298999849,0.5177304964539007,-27.63405574570574,1162.9473730758343,-1305.7582366864767,28759.297176355707,26115.404628067445,0.2875929717635571,5,2,0.4,56.4,17.3735431043872,0.30804154440402837,31,0.0,0.0,0.0,0.0,False,False,False
618,39798.64553535632,163141.90856082487,123343.26302546854,1.32266574240977,0.5631067961165048,64.39910280801993,468.7985878184623,-456.8269000943279,13102.493913922692,11113.346643692617,0.13102493913922691,10,6,0.6,61.8,12.568213874691981,0.20336915654841395,29,0.02490034489037109,3.0374862829027025,203.45770892154377,0.8474345929438655,2012-01-10 13:30:00,2021-05-27 15:30:00,RBB_M,5,50,1.5,1,17,46,27,45,1,0,4,4000,1000,24,282,-18614.223890801375,153139.37327779218,171753.59716859358,0.891622509236126,0.6063829787234043,-66.00788613759353,895.5518905134046,-1547.3297042215638,34415.59684178082,33527.38620993946,0.34415596841780816,5,1,0.2,56.4,17.3735431043872,0.30804154440402837,31,0.0,0.0,0.0,0.0,False,False,False
1392,106762.20551815312,484348.60770849255,377586.40219033946,1.282749073851274,0.5050287356321839,76.69698672281115,688.9738374231757,-548.0209030338744,18651.80784293802,15539.758162682701,0.18651807842938017,10,7,0.7,139.2,27.095387061269307,0.194650769118314,62,0.07016527959162741,5.723960187514779,243.18827427141431,0.8459042171337674,2012-01-10 10:45:00,2021-06-01 23:00:00,RBB_M,5,10,2.5,1,53,46,-48,37,7,6,-1,1500,7500,48,597,41905.991587735036,508302.8722302546,466396.88064251957,1.0898504971345526,0.3936348408710218,70.19429076672536,2162.990945660658,-1288.3891730456342,30867.99592905135,27781.17646989235,0.3086799592905135,5,4,0.8,119.4,30.030651008594532,0.2515129900217297,74,0.17875725442068888,1.357587051781852,439.75080582599037,0.6017982602042782,True,False,False
886,80398.23275050955,334026.45757830894,253628.22482779942,1.3169924514714235,0.45711060948081267,90.74292635497692,824.7566853785406,-527.2936067106017,26116.47741751287,24631.132317102114,0.2611647741751287,10,8,0.8,88.6,18.995789007040482,0.2143994244586962,53,0.04895554459057824,3.078448577318359,287.8073086969657,0.8457827742816466,2012-01-10 11:15:00,2021-05-31 19:00:00,RBB_M,5,10,1.5,1,29,46,52,-39,9,18,4,750,3000,48,479,-22018.07886341963,256044.65009480377,278062.7289582234,0.9208161448105198,0.2254697286012526,-45.96676171903889,2370.783797174109,-749.495226302489,45863.11249836198,45764.0794747609,0.4586311249836198,5,3,0.6,95.8,28.763866221354874,0.30024912548387134,55,0.0,0.0,0.0,0.0,False,False,False
618,30093.220888350705,125369.49670601528,95276.27581766457,1.3158521954189495,0.49838187702265374,48.69453218179726,407.0438204740756,-307.3428252182728,7523.570526692114,6330.891942282986,0.07523570526692114,10,6,0.6,61.8,12.568213874691981,0.20336915654841395,29,0.04954604246357612,3.999858947501856,154.50544834486647,0.8456128117557493,2012-01-10 13:30:00,2021-05-27 16:45:00,RBB_M,5,50,1.5,1,17,46,27,45,1,0,4,750,1500,12,282,-4578.1421782549005,107427.78492056625,112005.92709882115,0.9591258936304712,0.40425531914893614,-16.234546731400357,942.3489905312829,-666.7019470167926,20347.55928944679,19611.727589050926,0.20347559289446793,5,2,0.4,56.4,17.3735431043872,0.30804154440402837,31,0.0,0.0,0.0,0.0,False,False,False
1173,89729.92410421814,382621.9393742125,292892.0152699945,1.306358382701225,0.5029838022165388,76.49609898057813,648.5117616512076,-502.38767627786365,18663.029166366803,17455.33024308412,0.18663029166366804,10,6,0.6,117.3,22.436800128360552,0.19127706844297146,60,0.050050192785005165,4.807897115968885,243.97360669470515,0.8434349157562934,2012-01-10 11:15:00,2021-05-31 18:30:00,RBB_M,5,10,1.5,1,29,46,52,-39,9,18,4,1500,4500,24,473,-59914.02910109056,320130.5591716188,380044.58827270934,0.8423500006317735,0.3784355179704017,-126.66813763444092,1788.4388780537363,-1292.6686675942494,89647.14765915333,88441.10005352423,0.8964714765915333,5,1,0.2,94.6,26.911707489492375,0.28447893752106107,53,0.0,0.0,0.0,0.0,False,False,False
618,40440.8831698001,143505.763137653,103064.87996785292,1.3923827707596812,0.517799352750809,65.43832228122994,448.45550980516566,-345.8553019055467,13680.191927389787,12549.42557124167,0.13680191927389787,10,6,0.6,61.8,12.568213874691981,0.20336915654841395,29,0.049232357059076595,2.9561634357505917,209.05474728703058,0.8427318653515025,2012-01-10 13:30:00,2021-05-27 17:30:00,RBB_M,5,50,1.5,1,17,46,27,45,1,0,4,2000,2000,12,282,-13482.622588713682,153073.6134614337,166556.2360501474,0.9190506287338633,0.4787234042553192,-47.81071839969391,1133.8786182328422,-1133.0356193887578,37293.86033424621,34392.720106202214,0.3729386033424621,5,2,0.4,56.4,17.3735431043872,0.30804154440402837,31,0.0,0.0,0.0,0.0,False,False,False
1131,80982.11558901652,437129.7283069057,356147.6127178892,1.2273835698939919,0.5092838196286472,71.60222421663707,758.9057783106002,-641.707410302503,16416.36841543967,15071.94558364545,0.1641636841543967,10,8,0.8,113.1,21.22003770024926,0.18762190716400762,59,0.02458567531261231,4.933010367436228,229.27176627601546,0.8417658892492466,2012-01-10 10:45:00,2021-06-01 23:00:00,RBB_M,5,10,2.5,1,53,46,-48,37,7,6,-1,1500,2000,0,603,6182.604370671332,451839.7475151449,445657.1431444735,1.0138730063363242,0.44776119402985076,10.253075241577665,1673.4805463523885,-1338.309739172593,29452.766234689843,28327.30280844975,0.2945276623468984,5,3,0.6,120.6,32.05994385522221,0.26583701372489393,77,0.3220325740791086,0.20991591490613135,2872.5787669298206,0.08999004187028596,False,False,False
1403,101738.88012327456,461997.7333220765,360258.853198802,1.28240494083606,0.48823948681397006,72.51523886192057,674.4492457256591,-501.75327743565737,16918.162983399503,16125.409650464506,0.16918162983399504,10,7,0.7,140.3,27.792265110998063,0.19809169715608027,62,0.09424054606084781,6.013589077200824,233.30493354112943,0.839761643756243,2012-01-10 10:45:00,2021-06-01 23:00:00,RBB_M,5,10,2.5,1,53,46,-48,37,7,6,-1,1000,0,48,614,62694.83114331872,452556.103567238,389861.2724239193,1.1608131804257462,0.3273615635179153,102.10884551029108,2251.522903319592,-943.974025239514,31677.89750683152,29401.85708329914,0.3167789750683152,5,5,1.0,122.8,32.835346807975085,0.26738881765452027,74,0.2601200434848711,1.9791348567182598,310.23656519198283,0.8641488292389441,True,False,False
1177,75232.65472147866,419046.2855248688,343813.6308033901,1.2188181269767646,0.4842820730671198,63.91899296642197,735.1689219734541,-566.4145482757663,13155.89802360865,12676.125371841634,0.1315589802360865,10,8,0.8,117.7,23.246720198772127,0.197508242980222,60,0.026464571898611688,5.718549549903125,205.82142197577687,0.8394078562336856,2012-01-10 10:45:00,2021-06-01 23:00:00,RBB_M,5,10,2.5,1,53,46,-48,37,7,6,-1,1000,2000,0,626,19927.340516760174,395195.11580053717,375267.775283777,1.0531016565482905,0.3769968051118211,31.83281232709293,1674.555575426005,-962.2250648301974,27539.376360741415,25951.45544513213,0.27539376360741413,5,4,0.8,125.2,33.55830746625938,0.2680375995707618,78,0.09991298127943754,0.7235944727189781,865.1254585289226,0.2889357716096711,False,False,False
618,41034.571320878415,144881.69772542524,103847.12640454686,1.395144023157888,0.5194174757281553,66.39898271986799,451.34485272718143,-349.6536242577335,14242.104155650799,12290.42557124167,0.14242104155650798,10,6,0.6,61.8,12.568213874691981,0.20336915654841395,29,0.0485200633492905,2.881215505266281,214.4928065500205,0.8380649960757066,2012-01-10 13:30:00,2021-05-27 17:30:00,RBB_M,5,50,1.5,1,17,46,27,45,1,0,4,2250,2000,12,282,-10168.180911643693,153951.07372732458,164119.25463896827,0.9380439489929941,0.4858156028368794,-36.057379119303874,1123.7304651629531,-1131.8569285446088,32442.271238938563,29623.832968101036,0.32442271238938564,5,2,0.4,56.4,17.3735431043872,0.30804154440402837,31,0.0,0.0,0.0,0.0,False,False,False
618,40655.30076888563,144881.69772542524,104226.39695653964,1.3900672186321288,0.5194174757281553,65.78527632505765,451.34485272718143,-350.93062948329845,13998.340954525738,11359.696123234447,0.13998340954525737,10,6,0.6,61.8,12.568213874691981,0.20336915654841395,29,0.04897270373962538,2.9042942232194706,212.78835837607878,0.8375172759692552,2012-01-10 13:30:00,2021-05-27 17:30:00,RBB_M,5,50,1.5,1,17,46,27,45,1,0,4,2500,2000,12,282,-12371.272702440663,153951.07372732458,166322.34642976522,0.9256186978599127,0.4858156028368794,-43.86976135617257,1123.7304651629531,-1147.0506650328637,35313.55520940515,32570.15427115088,0.3531355520940515,5,2,0.4,56.4,17.3735431043872,0.30804154440402837,31,0.0,0.0,0.0,0.0,False,False,False
823,57642.258295102554,369472.4315056144,311830.1732105118,1.1848514455853802,0.5358444714459295,70.03919598432874,837.8059671329125,-816.3093539542193,16003.976331685299,14434.062068060412,0.160039763316853,10,9,0.9,82.3,14.724469430169632,0.17891214374446698,47,0.034540631454912325,3.6017460348888517,228.50028625780035,0.8339318412279817,2012-01-10 11:15:00,2021-05-31 19:00:00,RBB_M,5,10,1.5,1,29,46,52,-39,9,18,4,3000,2000,0,424,-67251.50454282355,396160.4758282864,463411.9803711099,0.8548775012485281,0.5188679245283019,-158.61203901609326,1800.72943558312,-2271.6273547603428,93980.38909890459,92097.70472880235,0.9398038909890459,5,1,0.2,84.8,24.40819534500656,0.28783249227602076,53,0.0,0.0,0.0,0.0,False,False,False
1172,88561.99032435208,379945.00559434656,291383.0152699945,1.3039366939157069,0.5034129692832765,75.56483816070997,643.9745857531298,-500.6581018384785,18663.029166366803,17455.33024308412,0.18663029166366804,10,6,0.6,117.2,22.35978532991764,0.19078315127916073,60,0.08044630559355306,4.745317040170106,246.9803366305715,0.8331669687417396,2012-01-10 11:15:00,2021-05-31 18:30:00,RBB_M,5,10,1.5,1,29,46,52,-39,9,18,4,1500,0,24,470,-86079.04091517458,297370.31955960375,383449.36047477834,0.775513927553319,0.3659574468085106,-183.14689556420123,1728.8972067418822,-1286.7428203851623,104972.9357021455,102283.88806396665,1.049729357021455,5,1,0.2,94.0,26.442390209661458,0.28130202350703676,53,0.0,0.0,0.0,0.0,False,False,False
1392,97963.38712031685,475549.7893106563,377586.40219033946,1.2594462791881313,0.5050287356321839,70.3759964944805,676.4577372840062,-548.0209030338744,16249.6004548762,15539.758162682701,0.162496004548762,10,7,0.7,139.2,27.095387061269307,0.194650769118314,62,0.05094760549540967,6.028664359616293,230.89691463410588,0.8315848496842124,2012-01-10 10:45:00,2021-06-01 23:00:00,RBB_M,5,10,2.5,1,53,46,-48,37,7,6,-1,1500,5000,48,599,46182.68790845685,508052.5685509764,461869.88064251957,1.0999906896812819,0.4006677796327212,77.09964592396803,2116.885702295735,-1286.5456285306952,28652.88509469753,26113.700720190158,0.2865288509469753,5,3,0.6,119.8,30.472282487532826,0.25435962009626734,74,0.10807079938467724,1.6117988731614104,371.6344576076735,0.6860749445276254,True,False,False
939,65208.499793577765,298561.91646893125,233353.41667535342,1.2794409472234014,0.39829605963791265,69.44462171840017,798.2938943019552,-413.014896770537,15882.478282079726,14746.628816840843,0.15882478282079726,10,8,0.8,93.9,19.740567367732876,0.21022968442740014,56,0.06035929795779322,4.105687955962944,228.7071034310419,0.8300090660771793,2012-01-10 11:15:00,2021-05-31 19:00:00,RBB_M,5,10,1.5,1,29,46,52,-39,9,18,4,500,3000,48,501,-8872.504341177468,201709.51423798746,210582.01857916493,0.9578667523417153,0.16766467065868262,-17.70958950334824,2401.303740928422,-504.992850309748,30479.295697113324,30380.262673512247,0.30479295697113323,5,2,0.4,100.2,30.577115625905595,0.3051608345898762,55,0.0,0.0,0.0,0.0,False,False,False
819,66528.15420107222,365284.8165471527,298756.6623460805,1.2226834162580307,0.5506715506715507,81.2309575104667,809.9441608584317,-811.8387563752188,21928.11305317372,20700.64838761786,0.21928113053173723,10,9,0.9,81.9,14.672763884149433,0.17915462618009073,46,0.02992717931091964,3.033920613221364,269.9477357551554,0.826274397952281,2012-01-10 11:15:00,2021-05-31 19:00:00,RBB_M,5,10,1.5,1,29,46,52,-39,9,18,4,5000,2000,48,413,-64542.22571406476,409380.9127955147,473923.13850957947,0.8638128834202085,0.549636803874092,-156.2765755788493,1803.440144473633,-2547.9738629547282,101298.091839771,99766.91631638462,1.01298091839771,5,1,0.2,82.6,22.75609808381041,0.2754975554940728,52,0.0,0.0,0.0,0.0,False,False,False
618,35683.85638829392,137930.64884845796,102246.79246016404,1.3489973184459216,0.517799352750809,57.74086794222317,431.03327765143115,-343.110041812631,11080.995052219514,10219.555444602636,0.11080995052219514,10,6,0.6,61.8,12.568213874691981,0.20336915654841395,29,0.041783600510429196,3.2202754554200865,191.9090489479204,0.8262230027933725,2012-01-10 13:30:00,2021-05-27 16:45:00,RBB_M,5,50,1.5,1,17,46,27,45,1,0,4,1500,1500,12,282,-23480.6616473616,130067.96276945813,153548.62441681972,0.8470799609143909,0.475177304964539,-83.26475761475746,970.6564385780457,-1037.4907055190522,40267.87378463989,39317.72309455855,0.40267873784639885,5,2,0.4,56.4,17.3735431043872,0.30804154440402837,31,0.0,0.0,0.0,0.0,False,False,False
1171,86209.61715254743,406072.27074428985,319862.6535917424,1.2695207339290737,0.5098206660973527,73.62050995093718,680.1880581981404,-557.2520097417115,18064.60492644481,17243.331862882733,0.18064604926444808,10,5,0.5,117.1,22.286543024883873,0.1903206065318862,60,0.05789377293218288,4.772294633819809,245.37462370857767,0.8250645776996032,2012-01-10 11:15:00,2021-05-31 18:30:00,RBB_M,5,10,1.5,1,29,46,52,-39,9,18,4,3000,5000,24,459,-110443.11017895286,356019.4660059388,466462.57618489163,0.7632326454091003,0.4531590413943355,-240.61679777549642,1711.6320481054752,-1858.4166381868192,135001.74601836075,134385.6841478701,1.3500174601836075,5,0,0.0,91.8,26.850698314941457,0.29249126704729256,49,0.0,0.0,0.0,0.0,False,False,False
848,58754.420750538964,340694.5261449773,281940.1053944383,1.2083932708627625,0.5530660377358491,69.28587352657897,726.4275610767107,-743.9052912782014,16124.581944298203,13530.7446791088,0.16124581944298202,10,8,0.8,84.8,17.325126262166172,0.2043057342236577,48,0.025376813879767895,3.6437794761751983,232.72539009142466,0.8218713086194098,2012-01-10 11:15:00,2021-05-31 19:00:00,RBB_M,5,10,1.5,1,29,46,52,-39,9,18,4,2250,1500,48,443,-68481.80649384117,334941.3028119061,403423.1093057473,0.8302481813406974,0.5282167042889391,-154.586470640725,1431.3730889397696,-1930.2541115107526,73327.03951408347,72105.73230667278,0.7332703951408347,5,0,0.0,88.6,26.545056036859293,0.29960559861015007,53,0.0,0.0,0.0,0.0,False,False,False
1089,95008.09423959843,497598.3557674462,402590.26152784785,1.2359920328898133,0.509641873278237,87.2434290538094,896.5736139953985,-753.9143474304267,25817.938663703324,23727.229786973563,0.2581793866370332,10,8,0.8,108.9,20.131815616083912,0.18486515717248772,52,0.04200694721794126,3.6799256314435165,295.9298934453793,0.8178530907448731,2012-01-10 10:45:00,2021-06-01 23:00:00,RBB_M,5,10,2.5,1,53,46,-48,37,7,6,-1,2500,4000,0,509,30840.864616799976,544431.4038019688,513590.53918516886,1.0600495185634262,0.47347740667976423,60.59108962043217,2259.0514680579618,-1916.3826088998837,46547.70144198465,44886.48911013527,0.4654770144198465,5,4,0.8,101.8,24.07820591323199,0.23652461604353625,69,0.12940622935149537,0.6625647166539232,768.2268421574665,0.42302204186755316,True,False,False
1403,98379.03718246835,458637.8903812704,360258.853198802,1.2730787496516562,0.48823948681397006,70.12048266747566,669.5443655201027,-501.75327743565737,16918.162983399503,16125.409650464506,0.16918162983399504,10,7,0.7,140.3,27.792265110998063,0.19809169715608027,62,0.0608971196667457,5.8149952378990655,241.27276852369332,0.8120292053087633,2012-01-10 10:45:00,2021-06-01 23:00:00,RBB_M,5,10,2.5,1,53,46,-48,37,7,6,-1,1000,6000,48,614,48102.53384638314,437963.80627030245,389861.2724239193,1.1233837194120642,0.3273615635179153,78.34288900062401,2178.9244093049874,-943.974025239514,31677.89750683152,29401.85708329914,0.3167789750683152,5,5,1.0,122.8,32.835346807975085,0.26738881765452027,74,0.12454645360538459,1.5184888402397778,404.3493661125926,0.6630171506763597,True,False,False
855,52807.08976970156,331283.97712490463,278476.88735520304,1.1896282677935317,0.5251461988304094,61.7626780932182,737.8262296768478,-685.9036634364606,13129.721210870746,11892.519532727048,0.13129721210870746,10,8,0.8,85.5,17.13038236584344,0.20035534930811044,51,0.028234845103232174,4.021950574699176,212.58341795111448,0.8118984673063929,2012-01-10 11:15:00,2021-05-31 19:00:00,RBB_M,5,10,1.5,1,29,46,52,-39,9,18,4,1500,1500,0,468,-48345.59675311767,312487.28116592555,360832.8779190432,0.8660166528285028,0.46153846153846156,-103.30255716478135,1446.700375768174,-1431.8764996787427,60918.80843273254,59859.637559068025,0.6091880843273254,5,0,0.0,93.6,27.557938965024217,0.29442242484000236,56,0.0,0.0,0.0,0.0,False,False,False
1216,86067.19691407164,438960.53705207794,352893.34013800626,1.2438901138809062,0.43667763157894735,70.77894483065101,826.6676780641769,-515.1727593255566,17299.026778937503,16564.622808603628,0.17299026778937504,10,8,0.8,121.6,23.934076125892137,0.19682628393003404,61,0.05218015877156724,4.975262366716669,244.4092211367089,0.810581342343587,2012-01-10 10:45:00,2021-06-01 16:15:00,RBB_M,5,10,2.5,1,53,46,-48,37,7,6,-1,750,4500,0,608,70493.99242767243,397437.5808429223,326943.5884152499,1.2156151548019907,0.2713815789473684,115.9440664928823,2408.7126111692264,-738.0216442782165,16707.501662795912,15583.675891857856,0.16707501662795912,5,5,1.0,121.6,34.09164120426003,0.28035889148240156,72,0.06370755642202862,4.219301835213802,144.09966950591274,1.3511268559849823,True,True,True
886,77743.74001356435,336352.8100732138,258609.07005964947,1.3006226347576764,0.445823927765237,87.74688489115616,851.5261014511742,-526.6987170257627,27000.789454066646,25986.132317102114,0.2700078945406665,10,9,0.9,88.6,18.995789007040482,0.2143994244586962,53,0.050627089303068445,2.8793135899163573,307.7122280472888,0.8043532686452959,2012-01-10 11:15:00,2021-05-31 19:00:00,RBB_M,5,10,1.5,1,29,46,52,-39,9,18,4,750,3000,0,479,-22758.07886341963,255156.59951784826,277914.67838126794,0.9181112743091672,0.22338204592901878,-47.51164689649192,2384.6411169892363,-747.0824687668493,45648.11249836198,45549.0794747609,0.4564811249836198,5,3,0.6,95.8,28.763866221354874,0.30024912548387134,55,0.0,0.0,0.0,0.0,False,False,False
1403,97063.0637432284,457321.91694203037,360258.853198802,1.269425894412832,0.48823948681397006,69.18251157749708,667.6232364117232,-501.75327743565737,16918.162983399503,16125.409650464506,0.16918162983399504,10,7,0.7,140.3,27.792265110998063,0.19809169715608027,62,0.07717662838066565,5.737210584770282,244.54392587999732,0.8011670450693675,2012-01-10 10:45:00,2021-06-01 23:00:00,RBB_M,5,10,2.5,1,53,46,-48,37,7,6,-1,1000,7500,48,614,41926.80874374421,431788.08116766356,389861.2724239193,1.1075428920730417,0.3273615635179153,68.28470479437168,2148.1994087943463,-943.974025239514,31677.89750683152,29401.85708329914,0.3167789750683152,5,5,1.0,122.8,32.835346807975085,0.26738881765452027,74,0.17866849933141438,1.3235350841924547,463.9091228734806,0.5778945732672693,True,False,False
618,38359.207231185894,162150.90856082487,123791.70132963898,1.309868971984164,0.5614886731391586,62.06991461356941,467.29368461332814,-456.79594586582647,13856.910746246605,11867.763476016531,0.13856910746246606,10,6,0.6,61.8,12.568213874691981,0.20336915654841395,29,0.025834736208894343,2.7682365812723573,223.24681502328468,0.7942391538402783,2012-01-10 13:30:00,2021-05-27 15:30:00,RBB_M,5,50,1.5,1,17,46,27,45,1,0,4,3000,1000,24,282,-11512.825000095952,152148.37327779218,163661.19827788815,0.9296545233614397,0.6028368794326241,-40.82562056771614,894.9904310458363,-1461.2606989097155,25159.01022968292,23711.76524507183,0.2515901022968292,5,2,0.4,56.4,17.3735431043872,0.30804154440402837,31,0.0,0.0,0.0,0.0,False,False,False
618,38496.84694842203,160168.90856082487,121672.06161240285,1.3163984109273759,0.558252427184466,62.29263260262465,464.25770597340545,-445.685207371439,13980.673324481104,12821.594313825553,0.13980673324481105,10,6,0.6,61.8,12.568213874691981,0.20336915654841395,29,0.02574236797438863,2.7535760299192065,224.43542262318897,0.7935531063460399,2012-01-10 13:30:00,2021-05-27 15:30:00,RBB_M,5,50,1.5,1,17,46,27,45,1,0,4,2000,1000,24,282,-14314.502621676009,144220.37327779218,158534.8758994682,0.9097075483204511,0.574468085106383,-50.760647594595774,890.2492177641493,-1321.1239658289016,34027.84285582017,31737.325298096628,0.34027842855820173,5,2,0.4,56.4,17.3735431043872,0.30804154440402837,31,0.0,0.0,0.0,0.0,False,False,False
871,69851.34807000874,335713.9975604184,265862.6494904097,1.2627347173583643,0.49598163030998854,80.19672568313288,777.115735093561,-605.6096799325961,23258.03222833149,21334.1196220559,0.23258032228331488,10,9,0.9,87.1,17.380736463107656,0.19954921312408333,55,0.028503386906785447,3.0033214927323115,290.0122421484742,0.7920881347023483,2012-01-10 11:15:00,2021-05-31 19:00:00,RBB_M,5,10,1.5,1,29,46,52,-39,9,18,4,1000,2000,48,478,-29660.984873182962,288228.63584698003,317889.62072016305,0.9066940757424305,0.3263598326359833,-62.05226960916938,1847.6194605575643,-987.2348469570281,46707.83974402194,45578.49800180317,0.4670783974402194,5,1,0.2,95.6,28.485785929126124,0.29796847206198873,56,0.0,0.0,0.0,0.0,False,False,False
618,38153.68071177993,161159.90856082487,123006.22784904492,1.310176820954161,0.5598705501618123,61.73734743006462,465.7800825457366,-452.2287788567828,13806.334540160293,13099.153516812381,0.13806334540160292,10,6,0.6,61.8,12.568213874691981,0.20336915654841395,29,0.025973902950181926,2.7634909613987206,223.63018682977847,0.7914292996296848,2012-01-10 13:30:00,2021-05-27 15:30:00,RBB_M,5,50,1.5,1,17,46,27,45,1,0,4,2250,1000,24,282,-9362.798924968345,147193.37327779218,156556.17220276053,0.9401952743655337,0.5851063829787234,-33.20141462754732,892.0810501684375,-1338.0869419039361,28276.645396039326,26417.702663244752,0.28276645396039324,5,3,0.6,56.4,17.3735431043872,0.30804154440402837,31,0.0,0.0,0.0,0.0,False,False,False
933,65566.8899895243,302924.8057581126,237357.91576858825,1.276236373989097,0.3879957127545552,70.2753376093508,836.8088556853938,-415.6881186840425,17909.66073122724,17406.37593649182,0.1790966073122724,10,7,0.7,93.3,19.524599867859006,0.20926687961263674,54,0.060869136856081585,3.660978897004008,254.84987109964717,0.7909747426822463,2012-01-10 11:15:00,2021-05-31 19:00:00,RBB_M,5,10,1.5,1,29,46,52,-39,9,18,4,500,4000,0,491,-12968.72011300033,198122.29846616462,211091.01857916493,0.9385633732771218,0.14867617107942974,-26.41287192057094,2714.0040885775975,-505.0024367922606,45079.96485501228,42882.146626509326,0.4507996485501228,5,3,0.6,98.2,29.4713420121989,0.3001154991058951,55,0.0,0.0,0.0,0.0,False,False,False
618,36334.76055015692,137930.64884845796,101595.88829830104,1.3576400694826598,0.517799352750809,58.79411092258401,431.03327765143115,-340.92579965872835,12560.209011235129,11448.769403618251,0.1256020901123513,10,6,0.6,61.8,12.568213874691981,0.20336915654841395,29,0.041035085340436095,2.8928468083337955,213.6303928087889,0.7902031359294809,2012-01-10 13:30:00,2021-05-27 16:45:00,RBB_M,5,50,1.5,1,17,46,27,45,1,0,4,1750,1500,12,282,-18448.360221240735,136746.7318783024,155195.09209954314,0.8811279405059548,0.4929078014184397,-65.41971709659835,983.7894379733987,-1085.2803643324694,35319.919337234045,32980.625507770696,0.35319919337234046,5,3,0.6,56.4,17.3735431043872,0.30804154440402837,31,0.0,0.0,0.0,0.0,False,False,False
1109,82762.32479361635,450270.264660559,367507.93986694264,1.225198739443781,0.5067628494138864,74.62788529631773,801.1926417447669,-671.8609503966045,20427.068780560214,18591.855854249967,0.20427068780560215,10,8,0.8,110.9,21.33752562974442,0.19240329693187033,53,0.04670210533690788,4.051600632606603,273.7189818450895,0.786504957481891,2012-01-10 10:45:00,2021-06-01 17:00:00,RBB_M,5,10,2.5,1,53,46,-48,37,7,6,-1,1750,2500,0,561,43544.773033931975,491061.43325074704,447516.6602168151,1.09730313283272,0.46524064171123,77.61991628151867,1881.4614300794906,-1491.722200722717,27661.09505956681,26304.01492915576,0.2766109505956681,5,4,0.8,112.2,28.582512135919753,0.25474609746809046,75,0.05720548820082128,1.574224481719196,356.365948131703,0.7029781720328777,True,False,False
618,27991.683060479907,155442.4062767096,127450.7232162297,1.2196274948788632,0.47896440129449835,45.293985534757134,525.1432644483433,-395.80969942928476,7564.877203337564,7183.758051645818,0.07564877203337564,10,6,0.6,61.8,12.568213874691981,0.20336915654841395,29,0.03540337313261254,3.7002164487389426,167.0172565744413,0.7844096906917963,2012-01-10 13:30:00,2021-05-27 15:30:00,RBB_M,5,50,1.5,1,17,46,27,45,1,0,4,500,1000,48,282,-2553.0170271485695,89922.1638848661,92475.18091201466,0.9723924084065579,0.33687943262411346,-9.05325186932117,946.5490935249063,-494.5196840214688,18695.494161844355,17959.66246144849,0.18695494161844356,5,2,0.4,56.4,17.3735431043872,0.30804154440402837,31,0.0,0.0,0.0,0.0,False,False,False
618,38098.62980471806,161159.90856082487,123061.2787561068,1.3095907192726735,0.5598705501618123,61.64826829242405,465.7800825457366,-452.43117189745146,14117.488172714431,12128.340902484357,0.14117488172714432,10,6,0.6,61.8,12.568213874691981,0.20336915654841395,29,0.026011434140271274,2.6986833166507034,229.00056341808596,0.7815297597503776,2012-01-10 13:30:00,2021-05-27 15:30:00,RBB_M,5,50,1.5,1,17,46,27,45,1,0,4,2500,1000,24,282,-12433.696512841678,149175.37327779218,161609.06979063386,0.9230631267852129,0.5921985815602837,-44.091122385963395,893.2657082502526,-1405.2962590489901,28351.69447526906,27024.533138296276,0.2835169447526906,5,2,0.4,56.4,17.3735431043872,0.30804154440402837,31,0.0,0.0,0.0,0.0,False,False,False
618,29072.715152300378,124947.40511634994,95874.68996404957,1.303236601476384,0.5275080906148867,47.043228401780546,383.2742488231593,-328.33797932893685,8268.979013815871,7823.198759236599,0.08268979013815872,10,6,0.6,61.8,12.568213874691981,0.20336915654841395,29,0.034086943541686614,3.5158772447874727,175.77405494353567,0.7792459035899262,2012-01-10 13:30:00,2021-05-27 15:30:00,RBB_M,5,50,1.5,1,17,46,27,45,1,0,4,1500,1000,12,282,-26885.79255657555,115171.54843866457,142057.3409952401,0.8107398578051915,0.5212765957446809,-95.33968991693457,783.4799213514597,-1052.2765999647415,40479.39855019941,39522.713201692975,0.4047939855019941,5,3,0.6,56.4,17.3735431043872,0.30804154440402837,31,0.0,0.0,0.0,0.0,False,False,False
1171,83424.19546456807,403286.8490563105,319862.6535917424,1.260812553537578,0.5098206660973527,71.24184070415718,675.5223602283257,-557.2520097417115,19179.76989034275,17243.331862882733,0.19179769890342752,10,5,0.5,117.1,22.286543024883873,0.1903206065318862,60,0.08979409340760833,4.349593135972563,269.22058302774246,0.7748484889412891,2012-01-10 11:15:00,2021-05-31 18:30:00,RBB_M,5,10,1.5,1,29,46,52,-39,9,18,4,3000,7500,24,456,-126792.27433489391,338720.4532696437,465512.7276045376,0.7276287697065793,0.4473684210526316,-278.0532331905568,1660.3943787727633,-1847.272728589435,149768.86160448563,148349.55017344758,1.4976886160448564,5,0,0.0,91.2,26.38484413446477,0.28930750147439444,49,0.0,0.0,0.0,0.0,False,False,False
618,37356.99132738204,163141.90856082487,125784.91723344283,1.296991023638006,0.5631067961165048,60.44820603136253,468.7985878184623,-465.870063827566,13863.258853331456,11874.111583101381,0.13863258853331456,10,6,0.6,61.8,12.568213874691981,0.20336915654841395,29,0.026527832268805163,2.6946760298286465,229.34111305368992,0.7733108523657247,2012-01-10 13:30:00,2021-05-27 15:30:00,RBB_M,5,50,1.5,1,17,46,27,45,1,0,4,5000,1000,24,282,-29164.113001813683,153139.37327779218,182303.4862796059,0.8400243813380311,0.6063829787234043,-103.41884043196342,895.5518905134046,-1642.3737502667198,45261.76431170944,44373.553679868084,0.4526176431170944,5,1,0.2,56.4,17.3735431043872,0.30804154440402837,31,0.0,0.0,0.0,0.0,False,False,False
618,29176.592246233784,141357.246644162,112180.65439792823,1.2600857732808215,0.5226537216828478,47.21131431429415,437.6385345020495,-380.27340473873977,8474.68478352291,7836.98704386548,0.0847468478352291,10,6,0.6,61.8,12.568213874691981,0.20336915654841395,29,0.03396558417914353,3.442793801954854,179.50537718787956,0.7724807554445041,2012-01-10 13:30:00,2021-05-27 15:30:00,RBB_M,5,50,1.5,1,17,46,27,45,1,0,4,750,1000,24,282,-9302.055836158877,105561.12912271719,114863.18495887608,0.9190162118568341,0.4219858156028369,-32.986013603400274,887.0683119556066,-704.6821163121232,27333.542755445713,26335.4343406751,0.2733354275544571,5,3,0.6,56.4,17.3735431043872,0.30804154440402837,31,0.0,0.0,0.0,0.0,False,False,False
1392,91436.2975781387,469022.69976847817,377586.40219033946,1.2421599322637846,0.5050287356321839,65.68699538659389,667.1731148911496,-548.0209030338744,16630.70522431226,15539.758162682701,0.1663070522431226,10,7,0.7,139.2,27.095387061269307,0.194650769118314,62,0.04911616195047844,5.4980409035492315,253.18109203250958,0.7672332553302957,2012-01-10 10:45:00,2021-06-01 23:00:00,RBB_M,5,10,2.5,1,53,46,-48,37,7,6,-1,1500,4500,48,599,30868.01312932503,492737.89377184457,461869.88064251957,1.0668327042377903,0.4006677796327212,51.53257617583478,2053.0745573826857,-1286.5456285306952,28652.88509469753,26113.700720190158,0.2865288509469753,5,3,0.6,119.8,30.472282487532826,0.25435962009626734,74,0.14549041369084714,1.0773090747164387,556.0149951931523,0.4585651324010889,True,False,False
618,36516.322666945154,140912.64884845796,104396.32618151282,1.34978551451566,0.5210355987055016,59.08790075557469,437.616921889621,-352.6902911537595,13507.99695320813,10869.35212191684,0.13507996953208132,10,6,0.6,61.8,12.568213874691981,0.20336915654841395,29,0.040831055569285575,2.703311437916232,228.60851004143532,0.7657842652108703,2012-01-10 13:30:00,2021-05-27 16:45:00,RBB_M,5,50,1.5,1,17,46,27,45,1,0,4,3000,1500,12,282,-14990.264168014335,142378.10884475237,157368.3730127667,0.9047441116596011,0.5141843971631206,-53.156965134802604,981.9179920327749,-1148.67425556764,33147.73429453794,31538.10455561638,0.33147734294537945,5,2,0.4,56.4,17.3735431043872,0.30804154440402837,31,0.0,0.0,0.0,0.0,False,False,False
1395,97581.58273775993,476161.6717229183,378580.0889851583,1.2577567747932605,0.4946236559139785,69.95095536756985,690.0893793085772,-536.9930340215011,18956.22796804104,17489.49980131453,0.1895622796804104,10,7,0.7,139.5,27.21855984434151,0.1951151243321972,62,0.10238612368944398,5.147732075298741,270.99312466044444,0.765281198273268,2012-01-10 10:45:00,2021-06-01 23:00:00,RBB_M,5,10,2.5,1,53,46,-48,37,7,6,-1,1250,10000,48,607,38584.61022247341,481453.70365319005,442869.0934307166,1.0871241881513451,0.3624382207578254,63.56607944394302,2188.4259256963182,-1144.3645825083117,35193.42528978367,33639.844718288994,0.3519342528978367,5,3,0.6,121.4,31.796855190411524,0.2619180822933404,74,0.2589374349615897,1.0963584790274499,553.6510289394154,0.510385129252847,True,False,False
1171,82381.08163038056,402243.735222123,319862.6535917424,1.2575514231040175,0.5098206660973527,70.3510517765846,673.7751008745779,-557.2520097417115,19179.76989034275,17243.331862882733,0.19179769890342752,10,5,0.5,117.1,22.286543024883873,0.1903206065318862,60,0.07733497961347205,4.29520698639145,272.629469012807,0.7651599906139994,2012-01-10 11:15:00,2021-05-31 18:30:00,RBB_M,5,10,1.5,1,29,46,52,-39,9,18,4,3000,6000,24,456,-109855.80533175656,352261.15007071197,462116.95540246856,0.7622770511935002,0.45394736842105265,-240.91185379771176,1701.744686331942,-1855.8913871585082,135552.80449970512,134936.74262921448,1.3555280449970513,5,1,0.2,91.2,26.38484413446477,0.28930750147439444,49,0.0,0.0,0.0,0.0,False,False,False
618,27990.407948758828,120647.19382423675,92656.78587547792,1.3020869727380284,0.5194174757281553,45.29192224718257,375.84795583874376,-311.97571001844415,7989.069104170903,7637.362753660342,0.07989069104170904,10,7,0.7,61.8,12.568213874691981,0.20336915654841395,29,0.03540498594426323,3.5035881632499213,176.39059478575942,0.7632661790810505,2012-01-10 13:30:00,2021-05-27 15:30:00,RBB_M,5,50,1.5,1,17,46,27,45,1,0,4,1000,1000,12,282,-1426.602547583796,110763.96374698554,112190.56629456932,0.9872841131415803,0.5035460992907801,-5.0588742822120425,780.0279137111658,-801.3611878183523,21727.408261164244,20862.060857080585,0.21727408261164244,5,3,0.6,56.4,17.3735431043872,0.30804154440402837,31,0.0,0.0,0.0,0.0,False,False,False
618,30310.164607824885,127920.40511634994,97610.24050852505,1.3105223842285039,0.5323624595469255,49.045573799069395,388.81582102234023,-337.75169726133237,9486.923159536498,7888.074809018704,0.09486923159536498,10,6,0.6,61.8,12.568213874691981,0.20336915654841395,29,0.032695302477643524,3.1949415103416676,193.43077111102136,0.758473624481383,2012-01-10 13:30:00,2021-05-27 15:30:00,RBB_M,5,50,1.5,1,17,46,27,45,1,0,4,4000,1000,12,282,-19155.08575927034,125248.92540511457,144404.0111643849,0.8673507362793075,0.5638297872340425,-67.92583602578135,787.7290905982048,-1174.0163509299584,38718.34263082418,37830.131998982826,0.3871834263082418,5,1,0.2,56.4,17.3735431043872,0.30804154440402837,31,0.0,0.0,0.0,0.0,False,False,False
1381,90142.2723510595,485220.23152298457,395077.9591719251,1.2281632529944109,0.5104996379435192,65.27318779946378,688.2556475503327,-584.434850846043,16805.63711712716,15437.84450518898,0.1680563711712716,10,7,0.7,138.1,27.19724250728371,0.19693875819901313,60,0.06989145764933453,5.3638116616949105,257.46616158472983,0.7584215891093323,2012-01-10 10:45:00,2021-06-01 23:00:00,RBB_M,5,10,2.5,1,53,46,-48,37,7,6,-1,2000,6000,48,577,61697.26998524609,550389.0497002953,488691.7797150493,1.1262498624822808,0.45233968804159447,106.9276776174109,2108.770305365116,-1546.4929737818015,34232.14632145663,32933.68752448683,0.3423214632145663,5,3,0.6,115.4,28.06136133547337,0.2431660427684001,72,0.09710316196215249,1.8023196502456633,320.14298902048404,0.8705153312040486,True,False,False
1172,80223.21365054639,400085.8672422888,319862.6535917424,1.2508051901330735,0.5102389078498294,68.44984099875971,669.0399117764026,-557.2520097417115,18564.60492644481,17243.331862882733,0.18564604926444808,10,5,0.5,117.2,22.35978532991764,0.19078315127916073,60,0.055981302613516186,4.321299266448189,271.2147268067605,0.7567160449900969,2012-01-10 11:15:00,2021-05-31 18:30:00,RBB_M,5,10,1.5,1,29,46,52,-39,9,18,4,3000,4500,24,459,-107427.12403474073,356026.452150151,463453.57618489163,0.7682030530024796,0.4553376906318083,-234.04602186218023,1703.475847608378,-1853.8143047395665,129485.7598741486,128869.69800365798,1.294857598741486,5,0,0.0,91.8,26.850698314941457,0.29249126704729256,49,0.0,0.0,0.0,0.0,False,False,False
1173,80229.92410421814,373121.9393742125,292892.0152699945,1.2739232205775917,0.5029838022165388,68.39720724997284,632.4100667359535,-502.38767627786365,18663.029166366803,17455.33024308412,0.18663029166366804,10,6,0.6,117.3,22.436800128360552,0.19127706844297146,60,0.04974453166396764,4.298869352291581,272.86244448780786,0.7541377077214532,2012-01-10 11:15:00,2021-05-31 18:30:00,RBB_M,5,10,1.5,1,29,46,52,-39,9,18,4,1500,4000,24,474,-50220.81275167134,327855.43256439606,378076.24531606736,0.8671675002758047,0.38396624472573837,-105.9510817545809,1801.4034756285498,-1294.7816620413266,80400.08713330535,79194.03952767626,0.8040008713330535,5,1,0.2,94.8,27.110145702301196,0.28597200107912657,53,0.0,0.0,0.0,0.0,False,False,False
1171,83830.55102642326,411063.27074428985,327232.71971786657,1.2561802227439245,0.5106746370623398,71.58885655544258,687.3967738198827,-571.0867708863291,20520.705879904548,18253.49784775984,0.2052070587990455,10,5,0.5,117.1,22.286543024883873,0.1903206065318862,60,0.05953676719155579,4.0851689760105465,286.6466495942999,0.752753238397826,2012-01-10 11:15:00,2021-05-31 18:30:00,RBB_M,5,10,1.5,1,29,46,52,-39,9,18,4,4000,5000,24,457,-98286.31734936222,373177.0000676813,471463.3174170435,0.7915292373374176,0.47702407002188185,-215.06852811676634,1711.821101227896,-1972.649863669638,119844.95318877007,119228.89131827943,1.1984495318877006,5,0,0.0,91.4,26.469605210505122,0.2896018075547606,49,0.0,0.0,0.0,0.0,False,False,False
1174,75658.13424104449,374914.579969451,299256.4457284065,1.252820399764117,0.5059625212947189,64.4447480758471,631.1693265478973,-515.9593891869077,16845.704997172383,14887.959012224885,0.16845704997172384,10,5,0.5,117.4,22.517548712060112,0.19180194814361254,60,0.05202268477678126,4.491241788559399,261.39763906511246,0.747904746536616,2012-01-10 11:15:00,2021-05-31 18:30:00,RBB_M,5,10,1.5,1,29,46,52,-39,9,18,4,1750,3000,24,479,-84964.71652497913,322130.88935866934,407095.6058836485,0.7912905094110428,0.40501043841336115,-177.37936644045746,1660.468501848811,-1428.4056346794684,90513.02736833674,88249.03160848061,0.9051302736833674,5,1,0.2,95.8,27.938503896951964,0.29163365236901845,52,0.0,0.0,0.0,0.0,False,False,False
1403,90107.08024321157,450365.9334420136,360258.853198802,1.2501176013944832,0.48823948681397006,64.22457608211802,657.4685159737425,-501.75327743565737,16918.162983399503,16125.409650464506,0.16918162983399504,10,7,0.7,140.3,27.792265110998063,0.19809169715608027,62,0.05538965402639388,5.326055809465055,263.42194865977496,0.7437517468978367,2012-01-10 10:45:00,2021-06-01 23:00:00,RBB_M,5,10,2.5,1,53,46,-48,37,7,6,-1,1000,5000,48,615,53091.1289154187,440934.40133933804,387843.2724239193,1.1368881006588385,0.33170731707317075,86.32703888685968,2161.4431438202846,-943.6575971384898,30175.513511273108,28016.329136765737,0.30175513511273105,5,5,1.0,123.0,33.03331651530013,0.2685635489048791,74,0.09400817240016375,1.7594109507228328,349.5488076548203,0.7485535327692868,True,False,False
1395,94757.3991178061,473337.48810296436,378580.0889851583,1.2502968377756414,0.4946236559139785,67.92645098050616,685.9963595695135,-536.9930340215011,18956.22796804104,17489.499801314538,0.1895622796804104,10,7,0.7,139.5,27.21855984434151,0.1951151243321972,62,0.10118394666485563,4.9987476030337294,279.069901259543,0.7431326066621824,2012-01-10 10:45:00,2021-06-01 23:00:00,RBB_M,5,10,2.5,1,53,46,-48,37,7,6,-1,1250,0,48,607,45581.27764340002,488450.3710741167,442869.0934307166,1.1029226882605456,0.3624382207578254,75.0927144042834,2220.228959427803,-1144.3645825083117,35193.42528978367,33639.844718288994,0.3519342528978367,5,3,0.6,121.4,31.796855190411524,0.2619180822933404,74,0.3577824722435808,1.2951645731576984,468.6663089618743,0.6029348527145836,True,False,False
1392,89457.57928708103,465534.9814774204,376077.40219033946,1.2378701266443148,0.5057471264367817,64.26550236140878,661.2712805076994,-546.6241310906097,17130.70522431226,15539.758162682701,0.1713070522431226,10,7,0.7,139.2,27.095387061269307,0.194650769118314,62,0.04461332434664212,5.222060511561482,266.56144579676067,0.7395944447148441,2012-01-10 10:45:00,2021-06-01 23:00:00,RBB_M,5,10,2.5,1,53,46,-48,37,7,6,-1,1500,4000,48,600,3497.707811184191,468385.5884537037,464887.88064251957,1.007523766389328,0.3983333333333333,5.829513018640318,1959.7723366263751,-1287.778062721661,34250.59041964858,32086.59041964858,0.3425059041964858,5,2,0.4,120.0,30.172835465033774,0.25144029554194813,75,1.1410329894448317,0.10212109538344358,5875.377636198714,0.04744621800465706,False,False,False
848,55373.330460008074,341565.83221362764,286192.5017536195,1.1934828135632936,0.5389150943396226,65.29873875000952,747.4088232245681,-731.9501323621982,17859.275191523688,15265.437926334278,0.17859275191523688,10,8,0.8,84.8,17.325126262166172,0.2043057342236577,48,0.026926319721311244,3.1005362684757323,273.5010741922038,0.735997320001105,2012-01-10 11:15:00,2021-05-31 19:00:00,RBB_M,5,10,1.5,1,29,46,52,-39,9,18,4,2000,1500,0,453,-83216.38950898228,325834.0979217512,409050.48743073345,0.7965620575795703,0.5011037527593819,-183.7006390926761,1435.3925018579348,-1809.9579089855463,87644.4704841641,85617.38950898228,0.876444704841641,5,0,0.0,90.6,27.717142709882634,0.3059287274821483,53,0.0,0.0,0.0,0.0,False,False,False
618,37140.86012770602,140912.64884845796,103771.78872075194,1.3579090288946587,0.5210355987055016,60.09847917104534,437.616921889621,-350.58036729983763,15141.44798802738,13189.769403618251,0.1514144798802738,10,6,0.6,61.8,12.568213874691981,0.20336915654841395,29,0.04014446609134279,2.4529265732758176,251.94394595133667,0.7356701455972767,2012-01-10 13:30:00,2021-05-27 16:45:00,RBB_M,5,50,1.5,1,17,46,27,45,1,0,4,2250,1500,12,282,-16156.77947081437,139396.10884475237,155552.88831556676,0.8961332081598029,0.5070921985815603,-57.29354422274599,974.7979639493172,-1119.0855274501205,34869.9189183257,33494.042634087746,0.348699189183257,5,3,0.6,56.4,17.3735431043872,0.30804154440402837,31,0.0,0.0,0.0,0.0,False,False,False
618,36761.58957571325,140912.64884845796,104151.05927274472,1.3529641448911636,0.5210355987055016,59.48477277623504,437.616921889621,-351.8616867322457,14897.684786902319,12259.039955611028,0.14897684786902318,10,6,0.6,61.8,12.568213874691981,0.20336915654841395,29,0.04055863789374977,2.4676042016967057,250.44535082857612,0.7340907828280259,2012-01-10 13:30:00,2021-05-27 16:45:00,RBB_M,5,50,1.5,1,17,46,27,45,1,0,4,2500,1500,12,282,-18164.951799383496,139396.10884475237,157561.06064413587,0.8847116684469998,0.5070921985815603,-64.41472269284928,974.7979639493172,-1133.5328103894667,35964.21692175367,33611.347087618364,0.3596421692175367,5,2,0.4,56.4,17.3735431043872,0.30804154440402837,31,0.0,0.0,0.0,0.0,False,False,False
939,62020.30913783971,300396.224906428,238375.91576858825,1.2601785878320364,0.38977635782747605,66.04931750568659,820.7547128590929,-416.01381460486607,18368.55035460624,17865.26555987082,0.1836855035460624,10,7,0.7,93.9,19.740567367732876,0.21022968442740014,56,0.06346210335188204,3.376440053272196,278.10356031347,0.7340645435054389,2012-01-10 11:15:00,2021-05-31 19:00:00,RBB_M,5,10,1.5,1,29,46,52,-39,9,18,4,500,3000,0,501,-9782.504341177468,200799.51423798746,210582.01857916493,0.9535453957219054,0.16766467065868262,-19.525956768817302,2390.470407595089,-504.992850309748,30694.295697113324,30595.262673512247,0.3069429569711332,5,2,0.4,100.2,30.577115625905595,0.3051608345898762,55,0.0,0.0,0.0,0.0,False,False,False
1099,82487.53077598181,464038.4878758539,381550.95709987206,1.2161900769505618,0.5077343039126478,75.05689788533377,831.6101933259031,-705.269791312148,23803.292378911705,22428.222282445728,0.23803292378911706,10,8,0.8,109.9,20.79639391817726,0.18923015394155832,52,0.046857685932384464,3.465383252993222,317.13663966337333,0.7327831090037861,2012-01-10 10:45:00,2021-06-01 23:00:00,RBB_M,5,10,2.5,1,53,46,-48,37,7,6,-1,2000,3000,0,536,25115.68668372996,503348.18032782973,478232.4936440998,1.0525177335658438,0.457089552238806,46.85762440994396,2054.482368685019,-1643.4106310793807,36327.450208349226,34440.89767836759,0.36327450208349227,5,3,0.6,107.2,26.513392842109063,0.24732642576594274,72,0.11908891991145842,0.6913693787943741,775.2729820558283,0.37031061685862804,True,False,False
1385,92979.75345794315,480789.64173718117,387809.88827923813,1.2397560151715215,0.5075812274368231,67.13339599851491,683.9112969234441,-568.6361998229298,19118.044738740675,17750.252126802494,0.19118044738740675,10,7,0.7,138.5,27.379737033068817,0.1976876320077171,60,0.06775856652801908,4.863455166496688,284.77696464459495,0.7313415279334098,2012-01-10 10:45:00,2021-06-01 23:00:00,RBB_M,5,10,2.5,1,53,46,-48,37,7,6,-1,1750,6000,48,584,61031.69812782517,530670.2736707093,469638.57554288424,1.1299546104305311,0.4332191780821918,104.50633241065954,2097.5109631253335,-1418.8476602504056,29482.146321456632,27933.687524486828,0.2948214632145663,5,5,1.0,116.8,28.88875213642846,0.24733520664750397,73,0.09816210565618562,2.07012398155718,282.10870711265613,0.9167827069689132,True,True,True
618,36432.106564399975,139421.64884845796,102989.542284058,1.3537456887022148,0.5194174757281553,58.95162874498378,434.3353546680933,-346.76613563655894,14810.209011235129,13651.130000579578,0.1481020901123513,10,6,0.6,61.8,12.568213874691981,0.20336915654841395,29,0.040925440239487736,2.4599319656300813,251.22646017639227,0.729656691055187,2012-01-10 13:30:00,2021-05-27 16:45:00,RBB_M,5,50,1.5,1,17,46,27,45,1,0,4,2000,1500,12,282,-19139.4038196428,138518.6485788615,157658.0523985043,0.8786017997275197,0.5,-67.87022631079007,982.4017629706489,-1118.1422155922291,39971.50801363334,38107.78875042405,0.39971508013633344,5,3,0.6,56.4,17.3735431043872,0.30804154440402837,31,0.0,0.0,0.0,0.0,False,False,False
1216,77286.09169924259,430179.4318372489,352893.34013800626,1.2190069431999435,0.43667763157894735,63.55764120003503,810.1307567556477,-515.1727593255566,17299.026778937503,16564.622808603628,0.17299026778937504,10,8,0.8,121.6,23.934076125892137,0.19682628393003404,61,0.05163930420405916,4.467655474893106,272.17855244961436,0.7278808442734255,2012-01-10 10:45:00,2021-06-01 16:15:00,RBB_M,5,10,2.5,1,53,46,-48,37,7,6,-1,750,4000,0,610,55452.55305199629,383155.1414672462,327702.5884152499,1.1692160971939878,0.2721311475409836,90.90582467540376,2308.163502814736,-738.0688928271394,14622.58287153895,13488.773311146942,0.1462258287153895,5,5,1.0,122.0,33.51417610504546,0.27470636151676603,74,0.07197143828991585,3.7922543191687312,160.85419084807398,1.132356089570033,True,True,True
1171,81002.01550425639,408234.735222123,327232.71971786657,1.2475364186506004,0.5106746370623398,69.17336934607718,682.666781307898,-571.0867708863291,20520.705879904555,17510.84107262433,0.20520705879904555,10,5,0.5,117.1,22.286543024883873,0.1903206065318862,60,0.07865161414516268,3.947330855883459,296.6561564644716,0.7273545114639746,2012-01-10 11:15:00,2021-05-31 18:30:00,RBB_M,5,10,1.5,1,29,46,52,-39,9,18,4,4000,6000,24,454,-96962.8415775141,373163.85505710635,470126.6966346204,0.7937516795544308,0.47577092511013214,-213.5745409196346,1727.610440079196,-1975.3222547673126,119659.84074546261,119043.77887497199,1.196598407454626,5,0,0.0,90.8,26.003076741032014,0.2863774971479297,49,0.0,0.0,0.0,0.0,False,False,False
1395,91077.55617699992,469657.6451621582,378580.0889851583,1.2405767202948976,0.4946236559139785,65.28857073620065,680.6632538582003,-536.9930340215011,18308.27465864511,17489.499801314538,0.1830827465864511,10,7,0.7,139.5,27.21855984434151,0.1951151243321972,62,0.06917373582351187,4.97466625747792,280.42082177935765,0.726803159393592,2012-01-10 10:45:00,2021-06-01 23:00:00,RBB_M,5,10,2.5,1,53,46,-48,37,7,6,-1,1250,6000,48,607,36017.39598441028,477627.48941512685,441610.0934307166,1.0815592680516053,0.3640856672158155,59.33673144054412,2161.2103593444654,-1144.067599561442,35193.42528978367,33639.844718288994,0.3519342528978367,5,3,0.6,121.4,31.796855190411524,0.2619180822933404,74,0.1663362893473236,1.0234126314174312,593.113648753096,0.4764268240332586,True,False,False
1381,92253.73291443322,487331.6920863583,395077.9591719251,1.233507667974683,0.5104996379435192,66.80212376135643,691.2506270728487,-584.434850846043,19207.84450518898,15437.84450518898,0.19207844505188978,10,7,0.7,138.1,27.19724250728371,0.19693875819901313,60,0.10829914068915573,4.802919603472996,287.5334409098577,0.7260295692811626,2012-01-10 10:45:00,2021-06-01 23:00:00,RBB_M,5,10,2.5,1,53,46,-48,37,7,6,-1,2000,10000,48,577,77717.82445339317,566409.6041684424,488691.7797150493,1.1590323956312698,0.45233968804159447,134.69293666099335,2170.151740108975,-1546.4929737818015,34232.14632145663,32933.68752448683,0.3423214632145663,5,4,0.8,115.4,28.06136133547337,0.2431660427684001,72,0.12855480798991656,2.2703170208372185,254.14952832764357,1.096556747335533,True,False,False
618,28895.847751368063,127920.40511634994,99024.55736498188,1.2918048665934911,0.5323624595469255,46.75703519638845,388.81582102234023,-342.6455272144702,9486.923159536498,7888.074809018704,0.09486923159536498,10,6,0.6,61.8,12.568213874691981,0.20336915654841395,29,0.034295584906419,3.0458608408060326,202.8983043875561,0.7230821297085375,2012-01-10 13:30:00,2021-05-27 15:30:00,RBB_M,5,50,1.5,1,17,46,27,45,1,0,4,5000,1000,12,282,-22370.05303828083,125248.92540511457,147618.97844339538,0.8484608600183572,0.5638297872340425,-79.3264292137618,787.7290905982048,-1200.1542962877672,41933.30990983467,41045.099277993315,0.4193330990983467,5,1,0.2,56.4,17.3735431043872,0.30804154440402837,31,0.0,0.0,0.0,0.0,False,False,False
618,28102.156465418782,124947.40511634994,96845.24865093116,1.2901758925387259,0.5275080906148867,45.472745089674405,383.2742488231593,-331.66181044839436,9018.979013815871,7888.074809018704,0.09018979013815871,10,6,0.6,61.8,12.568213874691981,0.20336915654841395,29,0.03526419765043579,3.1158911027922374,198.33812531066727,0.7212334139202907,2012-01-10 13:30:00,2021-05-27 15:30:00,RBB_M,5,50,1.5,1,17,46,27,45,1,0,4,1750,1000,12,282,-22994.094810207578,120126.54843866457,143120.64324887213,0.839337678421252,0.5390070921985816,-81.53934329860843,790.3062397280564,-1100.928024991324,41092.55243423802,38863.015455325,0.4109255243423802,5,2,0.4,56.4,17.3735431043872,0.30804154440402837,31,0.0,0.0,0.0,0.0,False,False,False
1173,75219.59878953392,376270.16539149254,301050.5666019586,1.2498570244811642,0.5072463768115942,64.12583017010564,632.3868325907438,-520.848731145257,17952.559098373975,16243.218282927162,0.17952559098373974,10,6,0.6,117.3,22.436800128360552,0.19127706844297146,60,0.05232598061888235,4.1899095486808235,279.95831088270495,0.7208969243603278,2012-01-10 11:15:00,2021-05-31 18:30:00,RBB_M,5,10,1.5,1,29,46,52,-39,9,18,4,2000,3000,24,474,-107341.45870410031,324400.12502795097,431741.5837320513,0.7513756776073742,0.4177215189873418,-226.45877363734243,1638.3844698381363,-1564.2811004784467,111843.40029204205,110375.77378760173,1.1184340029204205,5,1,0.2,94.8,27.888348821685373,0.2941808947435166,51,0.0,0.0,0.0,0.0,False,False,False
1381,90689.55214944434,485767.51132136944,395077.9591719251,1.2295484980724505,0.5104996379435192,65.66948019510814,689.0319309522971,-584.434850846043,19207.84450518898,15437.84450518898,0.19207844505188978,10,7,0.7,138.1,27.19724250728371,0.19693875819901313,60,0.105722515892866,4.721485126816007,292.49271424292186,0.7137195905821316,2012-01-10 10:45:00,2021-06-01 23:00:00,RBB_M,5,10,2.5,1,53,46,-48,37,7,6,-1,2000,0,48,577,72714.49187431979,563415.271589369,490700.7797150493,1.1481849935444266,0.4506065857885615,126.02164969552824,2166.9818138052656,-1547.9519864828053,36733.01017057533,32933.68752448683,0.3673301017057533,5,4,0.8,115.4,28.06136133547337,0.2431660427684001,72,0.2242769189869866,1.979540787337029,291.48174348870447,0.9904219474569247,True,False,False
1395,90952.40792732108,469532.4969124794,378580.0889851583,1.2402461475750954,0.4946236559139785,65.19885872926243,680.4818795833035,-536.9930340215011,18956.22796804104,17489.499801314538,0.1895622796804104,10,7,0.7,139.5,27.21855984434151,0.1951151243321972,62,0.08236175567760629,4.798022480034577,290.7447820023442,0.7132920554436294,2012-01-10 10:45:00,2021-06-01 23:00:00,RBB_M,5,10,2.5,1,53,46,-48,37,7,6,-1,1250,7500,48,607,24813.255243825508,467682.34867454215,442869.0934307166,1.056028419259533,0.3624382207578254,40.87850946264499,2125.828857611555,-1144.3645825083117,35193.42528978367,33639.844718288994,0.3519342528978367,5,3,0.6,121.4,31.796855190411524,0.2619180822933404,74,0.3018950930214627,0.7050537149911512,860.9273124780544,0.32822196237782647,True,False,False
1385,95483.7800187032,483293.6682979412,387809.88827923813,1.246212855588538,0.5075812274368231,68.94135741422613,687.4732123726048,-568.6361998229298,21520.252126802494,17750.252126802494,0.21520252126802494,10,7,0.7,138.5,27.379737033068817,0.1976876320077171,60,0.10463557263907002,4.436926642684752,312.15300849823075,0.7078797800282116,2012-01-10 10:45:00,2021-06-01 23:00:00,RBB_M,5,10,2.5,1,53,46,-48,37,7,6,-1,1750,10000,48,584,74014.42768620049,545412.0032290847,471397.57554288424,1.157010624420293,0.4315068493150685,126.73703370924741,2164.333346147161,-1419.8722154906152,29482.146321456632,27933.687524486828,0.2948214632145663,5,5,1.0,116.8,28.88875213642846,0.24733520664750397,73,0.1349871952311638,2.5104830184067697,232.62455699486247,1.1118017268140488,True,True,True
1171,76178.69747860916,396041.35107035155,319862.6535917424,1.2381606499639688,0.5098206660973527,65.05439579727512,663.385847689031,-557.2520097417115,19179.76989034275,17243.331862882733,0.19179769890342752,10,5,0.5,117.1,22.286543024883873,0.1903206065318862,60,0.09352332309969805,3.9718254136597366,294.8266547599865,0.7075519074785185,2012-01-10 11:15:00,2021-05-31 18:30:00,RBB_M,5,10,1.5,1,29,46,52,-39,9,18,4,3000,0,24,456,-126571.47077886286,338941.25682567473,465512.7276045376,0.728103093055733,0.4473684210526316,-277.56901486592733,1661.4767491454643,-1847.272728589435,149548.0580484545,148128.74661741644,1.495480580484545,5,0,0.0,91.2,26.38484413446477,0.28930750147439444,49,0.0,0.0,0.0,0.0,False,False,False
1102,72060.98870857018,450863.0620823738,378802.0733738036,1.1902338814219218,0.5108892921960072,65.39109683173338,800.8224903772182,-702.7867780590047,19594.62343954551,18009.410513235263,0.1959462343954551,10,8,0.8,110.2,21.17451298141235,0.1921462158022899,52,0.05363754896661819,3.6775898720838907,299.65277214980915,0.7036448538607293,2012-01-10 10:45:00,2021-06-01 17:00:00,RBB_M,5,10,2.5,1,53,46,-48,37,7,6,-1,2000,2500,0,553,36878.108401139914,502351.09030181007,465472.98190067016,1.0792271728652332,0.484629294755877,66.68735696408665,1874.4443667977987,-1633.2385329848075,32387.73054104387,31274.095716203316,0.3238773054104387,5,4,0.8,110.6,27.623178672991273,0.24975749252252508,74,0.06754684846913142,1.1386444120993764,485.6652297449086,0.5581572898439737,True,False,False
1381,83218.3057035444,478296.2648754695,395077.9591719251,1.2106376824411267,0.5104996379435192,60.2594538041596,678.4344182630773,-584.434850846043,16805.63711712716,15437.84450518898,0.1680563711712716,10,7,0.7,138.1,27.19724250728371,0.19693875819901313,60,0.05997478508850998,4.95180903428731,278.8879761795501,0.7001660598134072,2012-01-10 10:45:00,2021-06-01 23:00:00,RBB_M,5,10,2.5,1,53,46,-48,37,7,6,-1,2000,5000,48,579,65834.60694054072,550141.7678272806,484307.16088673985,1.1359356463365133,0.45768566493955093,113.70398435326548,2076.0066710463416,-1542.3794932698722,35919.240054468464,34032.68752448683,0.35919240054468465,5,3,0.6,115.8,28.463309716194285,0.2457971478082408,72,0.07581119158967074,1.8328507741452256,315.90133150366506,0.9036816592035153,True,False,False
1403,84579.99070103343,444838.84389983537,360258.853198802,1.2347756063453617,0.48823948681397006,60.28509672204806,649.399772116548,-501.75327743565737,16918.162983399503,16125.409650464506,0.16918162983399504,10,7,0.7,140.3,27.792265110998063,0.19809169715608027,62,0.053097664858753967,4.9993602014607195,280.63591008906894,0.6981306648345826,2012-01-10 10:45:00,2021-06-01 23:00:00,RBB_M,5,10,2.5,1,53,46,-48,37,7,6,-1,1000,4500,48,615,41276.454136286884,429119.7265602062,387843.2724239193,1.106425602997623,0.33170731707317075,67.11618558745835,2103.5280713735597,-943.6575971384898,29328.51654052394,27169.332166016567,0.2932851654052394,5,5,1.0,123.0,33.03331651530013,0.2685635489048791,74,0.10880295059191822,1.407382950285064,436.9812778216706,0.590317383857686,True,False,False
1385,93919.5992537143,481729.48753295233,387809.88827923813,1.24217948559911,0.5075812274368231,67.81198502073235,685.2482041720517,-568.6361998229298,21520.252126802494,17750.252126802494,0.21520252126802494,10,7,0.7,138.5,27.379737033068817,0.1976876320077171,60,0.10208654737267045,4.364242514461144,317.35175014008286,0.6962835493843493,2012-01-10 10:45:00,2021-06-01 23:00:00,RBB_M,5,10,2.5,1,53,46,-48,37,7,6,-1,1750,0,48,584,69261.0951071271,542417.6706500114,473156.57554288424,1.146380920581436,0.4297945205479452,118.59776559439571,2161.026576294866,-1420.8906172458985,30483.010170575333,27933.687524486828,0.3048301017057533,5,5,1.0,116.8,28.88875213642846,0.24733520664750397,73,0.2354594910469236,2.2721212478544364,257.0285369020122,1.0231773934781005,True,False,False
1172,77344.14752442221,404576.8672422888,327232.71971786657,1.23635823334264,0.5110921501706485,65.99329993551383,675.4204795363753,-571.0867708863291,20520.705879904555,19253.49784775984,0.20520705879904555,10,5,0.5,117.2,22.35978532991764,0.19078315127916073,60,0.058065156107408394,3.769078314219372,310.95135263665577,0.693916241008048,2012-01-10 11:15:00,2021-05-31 18:30:00,RBB_M,5,10,1.5,1,29,46,52,-39,9,18,4,4000,4500,24,457,-95270.33120515008,372183.98621189344,467454.3174170435,0.7961932799517738,0.47921225382932164,-208.4689960725385,1699.4702566753126,-1964.0937706598465,114328.96704455795,113712.90517406733,1.1432896704455795,5,0,0.0,91.4,26.469605210505122,0.2896018075547606,49,0.0,0.0,0.0,0.0,False,False,False
1381,88124.55810399436,483202.51727591944,395077.9591719251,1.2230561236286164,0.5104996379435192,63.81213476031453,685.3936415261269,-584.434850846043,19207.84450518898,15437.84450518898,0.19207844505188978,10,7,0.7,138.1,27.19724250728371,0.19693875819901313,60,0.08500468156855881,4.5879462466591505,301.0061421285431,0.693533290654799,2012-01-10 10:45:00,2021-06-01 23:00:00,RBB_M,5,10,2.5,1,53,46,-48,37,7,6,-1,2000,7500,48,577,63549.66990199925,552241.4496170485,488691.7797150493,1.1300403905689886,0.45233968804159447,110.13807608665381,2115.867623053826,-1546.4929737818015,34232.14632145663,32933.68752448683,0.3423214632145663,5,3,0.6,115.4,28.06136133547337,0.2431660427684001,72,0.1178763007196098,1.8564325270532762,310.8111884442548,0.896651698784662,True,False,False
1403,83101.27240997576,442351.12560877774,359249.853198802,1.2313188764589116,0.488952245188881,59.23112787596277,644.8267137154195,-501.04582036095115,16918.162983399503,16125.409650464506,0.16918162983399504,10,7,0.7,140.3,27.792265110998063,0.19809169715608027,62,0.04802573876739951,4.911956013871995,285.62959359524956,0.6859251943080114,2012-01-10 10:45:00,2021-06-01 23:00:00,RBB_M,5,10,2.5,1,53,46,-48,37,7,6,-1,1000,4000,48,616,21425.224920743764,410277.49734466313,388852.2724239193,1.055098623410863,0.33116883116883117,34.781209286921694,2011.1642026699174,-943.8161952036876,29828.51654052394,27669.332166016567,0.29828516540523936,5,4,0.8,123.2,32.737745799000876,0.2657284561607214,75,0.18627575741974947,0.7182799349621102,857.604354536918,0.30334176175353444,True,False,False
871,61948.63760818126,337522.7662605924,275574.1286524111,1.2247984522753177,0.48105625717566014,71.12357934349168,805.5435948940152,-609.6772757796706,24398.03222833148,22649.119622055892,0.24398032228331482,10,9,0.9,87.1,17.380736463107656,0.19954921312408333,55,0.03213952843632929,2.5390833583802412,343.03718195200867,0.6858664495238836,2012-01-10 11:15:00,2021-05-31 19:00:00,RBB_M,5,10,1.5,1,29,46,52,-39,9,18,4,1000,2000,0,478,-29755.984873182962,287838.63584698003,317594.62072016305,0.9063082844233643,0.3263598326359833,-62.25101437904385,1845.1194605575643,-986.3186978887051,46397.83974402194,45268.49800180317,0.4639783974402194,5,1,0.2,95.6,28.485785929126124,0.29796847206198873,56,0.0,0.0,0.0,0.0,False,False,False
1174,72878.94650147186,365941.57996945106,293062.63346797915,1.2486804463573309,0.5034071550255537,62.07746720738659,619.1904906420492,-502.68033184902083,18663.029166366803,17455.33024308412,0.18663029166366804,10,6,0.6,117.4,22.517548712060112,0.19180194814361254,60,0.0540065335376626,3.904990227031803,300.6409572738833,0.6844571686945711,2012-01-10 11:15:00,2021-05-31 18:30:00,RBB_M,5,10,1.5,1,29,46,52,-39,9,18,4,1500,3000,24,482,-54242.7887427191,321928.3095630572,376171.0983057763,0.855802880691735,0.3962655601659751,-112.53690610522635,1685.488531743755,-1292.684186617788,71302.65235439222,69794.97316250962,0.7130265235439223,5,1,0.2,96.4,27.42699400225989,0.284512385915559,54,0.0,0.0,0.0,0.0,False,False,False
1385,91354.60520826434,479164.4934875024,387809.88827923813,1.2355654354601846,0.5075812274368231,65.96000376047967,681.5995639936023,-568.6361998229298,21520.252126802494,17750.252126802494,0.21520252126802494,10,7,0.7,138.5,27.379737033068817,0.1976876320077171,60,0.08199915026639873,4.245052737764459,326.2621422058875,0.6772676765281308,2012-01-10 10:45:00,2021-06-01 23:00:00,RBB_M,5,10,2.5,1,53,46,-48,37,7,6,-1,1750,7500,48,584,59846.273134806564,531243.8486776908,471397.57554288424,1.1269549871271287,0.4315068493150685,102.47649509384685,2108.1105106257573,-1419.8722154906152,29482.146321456632,27933.687524486828,0.2948214632145663,5,5,1.0,116.8,28.88875213642846,0.24733520664750397,73,0.12517070165967006,2.0299157490868094,287.6966693138481,0.8989759415118543,True,True,True
618,28408.256042967885,126929.40511634994,98521.14907338205,1.2883467794494399,0.5307443365695793,45.9680518494626,386.97989364740835,-339.7281002530416,10655.260917558022,9948.07989421011,0.10655260917558022,10,6,0.6,61.8,12.568213874691981,0.20336915654841395,29,0.03488422515275484,2.6661248619595983,231.7970957840927,0.6707758353032549,2012-01-10 13:30:00,2021-05-27 15:30:00,RBB_M,5,50,1.5,1,17,46,27,45,1,0,4,2250,1000,12,282,-18027.20452874325,123266.92540511455,141294.1299338578,0.8724136343301587,0.5567375886524822,-63.92625719412499,785.1396522618761,-1130.3530394708623,36926.841998477285,36138.86321011678,0.36926841998477283,5,2,0.4,56.4,17.3735431043872,0.30804154440402837,31,0.0,0.0,0.0,0.0,False,False,False
618,27949.50247966183,125938.40511634994,97988.90263668812,1.2852313040313326,0.529126213592233,45.22573216773759,385.1327373588683,-336.7316241810588,10336.519501826988,9177.440491171437,0.10336519501826988,10,6,0.6,61.8,12.568213874691981,0.20336915654841395,29,0.035456802879447545,2.7039568275106274,228.5539449862282,0.670041646196377,2012-01-10 13:30:00,2021-05-27 15:30:00,RBB_M,5,50,1.5,1,17,46,27,45,1,0,4,2000,1000,12,282,-24228.225328197812,121398.46513922368,145626.6904674215,0.8336278518008485,0.5460992907801419,-85.91569265318373,788.3017216832707,-1137.7085192767304,43366.59965278737,41137.06267387435,0.43366599652787374,5,2,0.4,56.4,17.3735431043872,0.30804154440402837,31,0.0,0.0,0.0,0.0,False,False,False
848,49761.209741514234,344547.83221362764,294786.6224721134,1.16880416527796,0.5412735849056604,58.6806718649932,750.6488719251147,-757.8062274347388,17439.58194429821,14845.7446791088,0.1743958194429821,10,8,0.8,84.8,17.325126262166172,0.2043057342236577,48,0.029963097917937172,2.8533487729494245,297.1946535380765,0.6693147522950941,2012-01-10 11:15:00,2021-05-31 19:00:00,RBB_M,5,10,1.5,1,29,46,52,-39,9,18,4,2250,1500,0,443,-68456.9191965308,336164.9274108337,404621.8466073645,0.8308125975635721,0.5327313769751693,-154.5302916400244,1424.4276585204818,-1954.6949111466884,72250.70580972472,70540.73230667278,0.7225070580972472,5,0,0.0,88.6,26.545056036859293,0.29960559861015007,53,0.0,0.0,0.0,0.0,False,False,False
845,47983.06759104073,339512.89614302915,291529.8285519884,1.1645905937974506,0.5538461538461539,56.7846953740127,725.4549062885238,-773.2886698991734,16331.060861404112,13417.306175204161,0.16331060861404112,10,8,0.8,84.5,16.818144963104583,0.19903130133851576,48,0.03107346142826424,2.9381476193283405,287.59616924665164,0.6693102197566656,2012-01-10 11:15:00,2021-05-31 19:00:00,RBB_M,5,10,1.5,1,29,46,52,-39,9,18,4,2500,1500,48,441,-71646.12058103847,342714.64024290454,414360.760823943,0.827092409912144,0.546485260770975,-162.4628584604047,1422.0524491406827,-2071.803804119715,79428.84332890133,78207.53612149064,0.7942884332890133,5,0,0.0,88.2,26.209921785461322,0.2971646460936658,53,0.0,0.0,0.0,0.0,False,False,False
1385,85055.78681042808,472865.6750896661,387809.88827923813,1.2193234091782221,0.5075812274368231,61.41212044074229,672.6396516211466,-568.6361998229298,19118.044738740675,17750.252126802494,0.19118044738740675,10,7,0.7,138.5,27.379737033068817,0.1976876320077171,60,0.058679135037853644,4.448979379050809,311.3073543387585,0.6690147776489155,2012-01-10 10:45:00,2021-06-01 23:00:00,RBB_M,5,10,2.5,1,53,46,-48,37,7,6,-1,1750,5000,48,586,63164.676531637975,529285.2520745222,466120.57554288424,1.135511453142936,0.43856655290102387,107.78955039528665,2059.475689005923,-1416.7798648719886,29482.146321456632,27933.687524486828,0.2948214632145663,5,5,1.0,117.2,29.3011945148999,0.2500101921066544,73,0.0790156820877584,2.142472120005311,273.51581125758,0.9455847651991038,True,True,True
1381,79265.29199782168,472334.2511697468,393068.9591719251,1.2016574703960576,0.5112237509051412,57.39702534237631,669.0286843764119,-582.3243839584076,16805.63711712716,15437.84450518898,0.1680563711712716,10,7,0.7,138.1,27.19724250728371,0.19693875819901313,60,0.0503499059854555,4.7165895256086365,292.7963081166775,0.6669069588580943,2012-01-10 10:45:00,2021-06-01 23:00:00,RBB_M,5,10,2.5,1,53,46,-48,37,7,6,-1,2000,4000,48,580,32734.9433825101,517042.10426924995,484307.16088673985,1.0675912850897646,0.4586206896551724,56.439557556051895,1943.7673092828945,-1542.3794932698722,40228.450208349226,38341.89767836759,0.40228450208349226,5,4,0.8,116.0,28.156704352604905,0.2427302099362492,73,0.12191864679174552,0.8137261866408196,712.7704742971646,0.42385792169751757,True,False,False
891,67333.59259042628,323238.8174182257,255905.22482779942,1.2631192568879184,0.4567901234567901,75.57081098813275,794.1985685951491,-528.7298033632219,29236.829897597323,27675.18558232917,0.2923682989759732,10,8,0.8,89.1,18.75339969178922,0.21047586635004736,55,0.0584543185206619,2.3030401321300484,386.87992778307654,0.665721061580076,2012-01-10 11:15:00,2021-05-31 19:00:00,RBB_M,5,10,1.5,1,29,46,52,-39,9,18,4,750,2500,48,487,-15403.875267182491,258863.85369104092,274267.7289582234,0.9438363553536084,0.24845995893223818,-31.63013401885522,2139.370691661495,-749.3653796672771,31835.91300426548,31418.44776215587,0.3183591300426548,5,2,0.4,97.4,28.83470131629596,0.2960441613582747,56,0.0,0.0,0.0,0.0,False,False,False
1379,86369.41647176864,490069.98754354176,403700.5710717732,1.2139442514100707,0.5119651921682379,62.631919123835125,694.150123999351,-599.8522601363643,20253.026190842815,18885.233578904634,0.20253026190842816,10,7,0.7,137.9,27.1346641770264,0.19677058866589123,60,0.07294451054324509,4.2645190727507,323.3658887379574,0.6629092999273206,2012-01-10 10:45:00,2021-06-01 23:00:00,RBB_M,5,10,2.5,1,53,46,-48,37,7,6,-1,2250,6000,48,574,63363.436969352464,572171.0730640277,508807.6360946752,1.1245331879365943,0.4651567944250871,110.38926301280917,2142.9628204645232,-1657.3538635005707,37089.25850279222,35837.46465090115,0.37089258502792216,5,4,0.8,114.8,28.00285699709942,0.24392732575870577,71,0.09454979537959278,1.7084039834493383,335.9861049030513,0.8633882085292033,True,False,False
1381,78071.05965885289,473149.01883077796,395077.9591719251,1.197609251152578,0.5104996379435192,56.53226622654083,671.1333600436567,-584.434850846043,16805.63711712716,15437.84450518898,0.1680563711712716,10,7,0.7,138.1,27.19724250728371,0.19693875819901313,60,0.05752451701852547,4.645528111474464,297.27513575667047,0.6568591581463583,2012-01-10 10:45:00,2021-06-01 23:00:00,RBB_M,5,10,2.5,1,53,46,-48,37,7,6,-1,2000,4500,48,579,56032.50919782828,538330.6700845681,482298.16088673985,1.116178152317248,0.459412780656304,96.7746272846775,2023.7995115961207,-1540.8886929288813,36219.450208349226,34332.89767836759,0.36219450208349224,5,3,0.6,115.8,28.463309716194285,0.2457971478082408,72,0.08014989984018177,1.5470281540858892,374.26597471467517,0.7659385621759961,True,False,False
1171,77890.5770449343,411063.27074428985,333172.6936993556,1.233784396254335,0.5106746370623398,66.51629124247164,687.3967738198827,-581.4532176254024,23520.705879904548,19492.939280272454,0.2352070587990455,10,5,0.5,117.1,22.286543024883873,0.1903206065318862,60,0.06407707054372883,3.3115748074330495,353.6081979400293,0.6532902930846434,2012-01-10 11:15:00,2021-05-31 18:30:00,RBB_M,5,10,1.5,1,29,46,52,-39,9,18,4,5000,5000,24,456,-86843.4290948867,380783.8554464234,467627.28454131004,0.8142892171485026,0.48464912280701755,-190.44611643615505,1723.003870798296,-1989.9033384736597,111413.99069975657,110797.92882926593,1.1141399069975657,5,0,0.0,91.2,26.286118009321957,0.28822497817238985,49,0.0,0.0,0.0,0.0,False,False,False
1395,81496.42442730429,460076.51341246255,378580.0889851583,1.2152686493517604,0.4946236559139785,58.42037593355146,666.7775556702355,-536.9930340215011,18308.27465864511,17489.499801314538,0.1830827465864511,10,7,0.7,139.5,27.21855984434151,0.1951151243321972,62,0.06124195061406684,4.451343774702545,313.38851156092045,0.6503452797738095,2012-01-10 10:45:00,2021-06-01 23:00:00,RBB_M,5,10,2.5,1,53,46,-48,37,7,6,-1,1250,5000,48,609,40150.374388223085,479242.46781893965,439092.0934307166,1.0914395294037749,0.3694581280788177,65.92836516949603,2129.966523639732,-1143.468993309158,30090.569307121215,28653.84478465155,0.3009056930712122,5,3,0.6,121.8,32.214282546721414,0.26448507838030716,74,0.12430768270653937,1.3343175391075477,456.41309669610354,0.5724801847291303,True,False,False
1172,69723.21365054639,389585.8672422888,319862.6535917424,1.2179786007138482,0.5102389078498294,59.49079663015903,651.481383348309,-557.2520097417115,19064.60492644481,18116.77568539833,0.1906460492644481,10,5,0.5,117.2,22.35978532991764,0.19078315127916073,60,0.05724062031912272,3.6572073703888948,320.4630969217842,0.6489918369449839,2012-01-10 11:15:00,2021-05-31 18:30:00,RBB_M,5,10,1.5,1,29,46,52,-39,9,18,4,3000,4000,24,461,-102248.819538384,361933.246788627,464182.066327011,0.7797225981876886,0.4598698481561822,-221.79787318521477,1707.2322961727689,-1864.1850053293613,118798.45537779186,118182.39350730123,1.1879845537779186,5,0,0.0,92.2,26.731255114565798,0.28992684506036653,50,0.0,0.0,0.0,0.0,False,False,False
1095,80149.16149409051,469829.0518615296,389679.89036743913,1.2056794909753126,0.5105022831050229,73.19558127314203,840.4813092335055,-727.0147208347745,28885.821722715693,27255.780399240626,0.28885821722715693,10,8,0.8,109.5,20.5,0.1872146118721461,52,0.04822476914775755,2.774688643565973,394.6388732801128,0.6487029238912513,2012-01-10 10:45:00,2021-06-01 23:00:00,RBB_M,5,10,2.5,1,53,46,-48,37,7,6,-1,2250,3000,0,529,-2041.8899235392528,503865.8233064675,505907.7132300068,0.9959639082976167,0.46880907372400754,-3.859905337503313,2031.7170294615626,-1800.383321103227,41958.62062816773,40297.40829631835,0.4195862062816773,5,2,0.4,105.8,25.87199257884866,0.24453679186057334,71,0.0,0.0,0.0,0.0,False,False,False
1171,72045.12933844389,403286.8490563105,331241.7197178666,1.2175001669469894,0.5098206660973527,61.52444862377787,675.5223602283257,-577.0761667558652,20520.705879904555,16764.755519636034,0.20520705879904555,10,5,0.5,117.1,22.286543024883873,0.1903206065318862,60,0.10397649457758332,3.510850443453604,333.53742030893625,0.6469264934595259,2012-01-10 11:15:00,2021-05-31 18:30:00,RBB_M,5,10,1.5,1,29,46,52,-39,9,18,4,4000,7500,24,454,-115305.79446308108,355207.6743736083,470513.4688366894,0.7549362513507502,0.4713656387665198,-253.97752084379093,1659.848945671067,-1960.4727868195394,136282.38173267277,134863.07030163473,1.3628238173267277,5,0,0.0,90.8,26.003076741032014,0.2863774971479297,49,0.0,0.0,0.0,0.0,False,False,False
618,28345.269423027483,156928.85469445182,128583.58527142434,1.2204423633327228,0.6229773462783171,45.86613175247165,407.60741479078393,-551.8608809932375,11405.464548644195,10476.572024202367,0.11405464548644195,10,8,0.8,61.8,12.568213874691981,0.20336915654841395,29,0.0175488886125572,2.4852358535801136,248.66855156211363,0.646902723341364,2012-01-10 13:30:00,2021-05-27 14:45:00,RBB_M,5,50,1.5,1,17,46,27,45,1,0,4,1250,500,0,282,-26404.73470271009,88829.4940142601,115234.22871697019,0.7708603164467438,0.648936170212766,-93.63381100251806,485.4070711161754,-1163.9821082522242,32400.64415518978,31389.194674951505,0.3240064415518978,5,1,0.2,56.4,17.3735431043872,0.30804154440402837,31,0.0,0.0,0.0,0.0,False,False,False
1120,67717.7157458539,434804.76214890217,367087.04640304827,1.1844731826126664,0.5116071428571428,60.46224620165527,758.8215744308939,-671.0914925101431,20120.435373709115,18776.012541914897,0.20120435373709114,10,8,0.8,112.0,21.090282122342508,0.1883060903780581,57,0.029401464270771734,3.365618809339434,332.77684237206324,0.6420501401395147,2012-01-10 10:45:00,2021-06-01 23:00:00,RBB_M,5,10,2.5,1,53,46,-48,37,7,6,-1,1750,2000,0,583,22821.065766390282,468985.3150746145,446164.2493082242,1.0511494719753416,0.4854202401372213,39.14419513960597,1657.1919260587083,-1487.2141643607472,40188.51022104129,38831.43009063024,0.4018851022104129,5,3,0.6,116.6,29.863690327888147,0.2561208432923512,77,0.08724395347619045,0.5678505035611391,1026.678670431486,0.2941167570737638,True,False,False
618,27466.340659683818,126929.40511634994,99463.06445666612,1.2761461333382735,0.5307443365695793,44.44391692505472,386.97989364740835,-342.97608433333147,10974.142547724252,9579.995277494178,0.10974142547724251,10,6,0.6,61.8,12.568213874691981,0.20336915654841395,29,0.0360805253338545,2.502823390550874,246.9211380767772,0.6390434432619455,2012-01-10 13:30:00,2021-05-27 15:30:00,RBB_M,5,50,1.5,1,17,46,27,45,1,0,4,2500,1000,12,282,-19285.376857312374,123266.92540511455,142552.30226242694,0.8647136766559574,0.5567375886524822,-68.38786119614318,785.1396522618761,-1140.4184180994155,37713.773517211805,36825.56288537045,0.37713773517211807,5,2,0.4,56.4,17.3735431043872,0.30804154440402837,31,0.0,0.0,0.0,0.0,False,False,False
1379,86982.31520589523,490682.88627766835,403700.5710717732,1.2154624527158044,0.5119651921682379,63.07637070768327,695.0182525179439,-599.8522601363643,22655.233578904634,18885.233578904634,0.22655233578904635,10,7,0.7,137.9,27.1346641770264,0.19677058866589123,60,0.11486242894719892,3.839391675347307,359.1714825175416,0.6312273087882406,2012-01-10 10:45:00,2021-06-01 23:00:00,RBB_M,5,10,2.5,1,53,46,-48,37,7,6,-1,2250,10000,48,574,77863.84498283523,586671.4810775104,508807.6360946752,1.1530319898114636,0.4651567944250871,135.6512978795039,2197.271464709777,-1657.3538635005707,36374.65693940739,35326.198142437584,0.3637465693940739,5,4,0.8,114.8,28.00285699709942,0.24392732575870577,71,0.12831372509542105,2.1406069921852513,268.1482411743543,1.0713413192071541,True,False,False
1179,65007.40584252209,367806.72724576417,302799.32140324207,1.2146880829892972,0.5055131467345207,55.13774880621042,617.1253812848392,-519.3813403143089,17345.704997172383,15387.959012224885,0.17345704997172381,10,5,0.5,117.9,22.174083972060718,0.18807535175624018,62,0.060546013448927925,3.7477523025509365,314.5885599743357,0.6306035440756413,2012-01-10 11:15:00,2021-05-31 18:30:00,RBB_M,5,10,1.5,1,29,46,52,-39,9,18,4,1750,2500,24,484,-78324.75823718918,325578.33846535685,403903.096702546,0.8060803225411483,0.4152892561983471,-161.8280128867545,1619.7927286833674,-1427.2194229771944,82576.69982513096,81109.07332069066,0.8257669982513096,5,1,0.2,96.8,28.392956873140214,0.29331567017706833,53,0.0,0.0,0.0,0.0,False,False,False
1385,80095.75451460878,466146.64279384684,386050.88827923813,1.2074746023033986,0.5083032490974729,57.830869685638106,662.1401176048961,-566.8882353586463,19118.044738740675,17750.252126802494,0.19118044738740675,10,7,0.7,138.5,27.379737033068817,0.1976876320077171,60,0.049827859468782154,4.189536932733675,330.5854614095231,0.6300011487359896,2012-01-10 10:45:00,2021-06-01 23:00:00,RBB_M,5,10,2.5,1,53,46,-48,37,7,6,-1,1750,4000,48,587,30025.180141089797,497904.755683974,467879.57554288424,1.0641728806098265,0.43781942078364566,51.15022170543406,1937.3725902100157,-1417.8168955844976,32978.450208349226,31091.89767836759,0.32978450208349225,5,4,0.8,117.4,29.00068964697219,0.24702461368800843,74,0.13292176703840347,0.9104484883734244,644.737189963063,0.42426358154404703,True,False,False
1171,75062.04152276745,408234.735222123,333172.6936993556,1.2252946983419386,0.5106746370623398,64.10080403310629,682.666781307898,-581.4532176254024,23520.705879904548,19492.939280272454,0.2352070587990455,10,5,0.5,117.1,22.286543024883873,0.1903206065318862,60,0.0848756460545888,3.191317552544136,366.9330866389251,0.6295665658973267,2012-01-10 11:15:00,2021-05-31 18:30:00,RBB_M,5,10,1.5,1,29,46,52,-39,9,18,4,5000,6000,24,453,-90734.25355606887,375779.7104358484,466513.9639919173,0.8055058142747449,0.48123620309050774,-200.2963654659357,1723.7601396139835,-1985.1658042209247,116443.17848947938,115827.11661898874,1.1644317848947938,5,0,0.0,90.6,25.819372571772536,0.28498203721603244,49,0.0,0.0,0.0,0.0,False,False,False
1173,68204.947441508,376461.6022907612,308256.6548492532,1.2212602594901392,0.5080988917306053,58.14573524425235,631.6469837093308,-534.2403030316347,19452.559098373975,17743.218282927162,0.19452559098373975,10,5,0.5,117.3,22.436800128360552,0.19127706844297146,60,0.057707533193199614,3.506219777901058,334.54833818266735,0.6279612560196062,2012-01-10 11:15:00,2021-05-31 18:30:00,RBB_M,5,10,1.5,1,29,46,52,-39,9,18,4,2250,3000,24,470,-81475.20710783819,343004.1263290282,424479.3334368664,0.8080584832053875,0.451063829787234,-173.3515044847621,1617.9439921180576,-1645.2687342514203,87214.56702361841,85795.25559258036,0.8721456702361841,5,1,0.2,94.0,27.22498852157701,0.2896275374635852,51,0.0,0.0,0.0,0.0,False,False,False
819,49182.71412814111,368597.3205920437,319414.6064639025,1.1539776614245079,0.5372405372405372,60.052154002614294,837.7211831637356,-842.7826028071306,20844.11260709483,19599.073916943744,0.2084411260709483,10,9,0.9,81.9,14.672763884149433,0.17915462618009073,46,0.0404817024699497,2.3595494351436437,347.1001657357271,0.6265276455122014,2012-01-10 11:15:00,2021-05-31 19:00:00,RBB_M,5,10,1.5,1,29,46,52,-39,9,18,4,4000,2000,0,416,-69842.25083886067,409051.827971048,478894.0788099087,0.8541592934027824,0.5480769230769231,-167.89002605495352,1794.0869647852983,-2547.30892983994,100238.3917357618,97707.21621237542,1.0023839173576181,5,2,0.4,83.2,23.47253714450144,0.28212184067910384,52,0.0,0.0,0.0,0.0,False,False,False
1090,72242.22177464084,472075.97621314484,399833.7544385041,1.180680647825975,0.5119266055045871,66.27726768315674,846.01429428879,-751.5672075911731,25574.461136503793,23483.75225977403,0.2557446113650379,10,8,0.8,109.0,20.243517480912253,0.1857203438615803,52,0.053502989186797745,2.8247798219109166,385.8707824040718,0.6242588455616385,2012-01-10 10:45:00,2021-06-01 23:00:00,RBB_M,5,10,2.5,1,53,46,-48,37,7,6,-1,2500,3000,0,520,17828.238064687503,523618.5004436595,505790.262378972,1.035248282520966,0.49230769230769234,34.28507320132212,2045.3847673580449,-1915.8722059809547,46556.70144198465,44895.48911013527,0.46556701441984655,5,4,0.8,104.0,24.883729623993265,0.23926663099993523,71,0.16776756004421386,0.3829360223662681,1357.9291830180287,0.23934112844780883,True,False,False
1379,85821.2068224698,489521.7778942429,403700.5710717732,1.2125862903652216,0.5119651921682379,62.23437768126889,693.3736230796642,-599.8522601363643,22655.233578904634,18885.233578904634,0.22655233578904635,10,7,0.7,137.9,27.1346641770264,0.19677058866589123,60,0.10288705954508591,3.788140454326722,364.0308527697118,0.6228011900036785,2012-01-10 10:45:00,2021-06-01 23:00:00,RBB_M,5,10,2.5,1,53,46,-48,37,7,6,-1,2250,0,48,574,72610.51240376185,583677.1484984371,511066.6360946752,1.1420764089759732,0.4634146341463415,126.49915052920183,2194.274994355027,-1659.3072600476469,40375.52078852609,35326.198142437584,0.4037552078852609,5,4,0.8,114.8,28.00285699709942,0.24392732575870577,71,0.22459808729337394,1.7983795870788197,319.1762207067593,0.9482697467674838,True,False,False
1385,79028.69726824993,466838.58554748795,387809.88827923813,1.2037820583144752,0.5075812274368231,57.06043124061367,664.066266781633,-568.6361998229298,19118.044738740675,17750.252126802494,0.19118044738740675,10,7,0.7,138.5,27.379737033068817,0.1976876320077171,60,0.05682745831879321,4.133722791646508,335.04907556908023,0.6216081034984854,2012-01-10 10:45:00,2021-06-01 23:00:00,RBB_M,5,10,2.5,1,53,46,-48,37,7,6,-1,1750,4500,48,586,55112.578788925544,519474.1543318097,464361.57554288424,1.1186846235597627,0.4402730375426621,94.04876926437807,2013.4657144643788,-1415.7365108014762,29219.450208349226,27332.89767836759,0.29219450208349224,5,4,0.8,117.2,29.3011945148999,0.2500101921066544,73,0.08148774923416272,1.8861607044603996,310.6840252870421,0.8287441033490667,True,False,False
1379,84351.7022247035,488052.27329647663,403700.5710717732,1.208946204858617,0.5119651921682379,61.16874708100327,691.2921718080405,-599.8522601363643,22655.233578904634,18885.233578904634,0.22655233578904635,10,7,0.7,137.9,27.1346641770264,0.19677058866589123,60,0.08880674369848297,3.7232766517687725,370.37269291952697,0.6121370517785202,2012-01-10 10:45:00,2021-06-01 23:00:00,RBB_M,5,10,2.5,1,53,46,-48,37,7,6,-1,2250,7500,48,574,63695.69043144131,572503.3265261166,508807.6360946752,1.1251861920161697,0.4651567944250871,110.96810179693608,2144.20721545362,-1657.3538635005707,36374.65693940739,35326.198142437584,0.3637465693940739,5,4,0.8,114.8,28.00285699709942,0.24392732575870577,71,0.11760607270695837,1.7511007880444092,327.7938105670266,0.8763993741854647,True,False,False
1379,79445.44982425356,483146.0208960267,403700.5710717732,1.1967930082767435,0.5119651921682379,57.61091357813891,684.3428058017375,-599.8522601363643,20253.026190842815,18885.233578904634,0.20253026190842816,10,7,0.7,137.9,27.1346641770264,0.19677058866589123,60,0.0628229811907531,3.9226458839111142,351.5484295067323,0.6097659296172452,2012-01-10 10:45:00,2021-06-01 23:00:00,RBB_M,5,10,2.5,1,53,46,-48,37,7,6,-1,2250,5000,48,576,60143.919081134314,566075.9363475001,505932.0172663657,1.118877471732471,0.46875,104.41652618252485,2096.5775420277782,-1653.3726054456395,37890.99199432865,36639.198142437584,0.3789099199432865,5,4,0.8,115.2,28.400000000000002,0.2465277777777778,71,0.08298428297077094,1.5872880575450856,362.8830931235298,0.80798743595587,True,False,False
1403,73590.88958826619,431107.9212671836,357517.03167891747,1.2058388358246312,0.4903777619387028,52.45252287118046,626.610350679046,-500.0238205299545,16918.162983399503,16125.409650464506,0.16918162983399504,10,7,0.7,140.3,27.792265110998063,0.19809169715608027,62,0.04064361793605637,4.349815618898771,322.54240706303614,0.6074256599959276,2012-01-10 10:45:00,2021-06-01 23:00:00,RBB_M,5,10,2.5,1,53,46,-48,37,7,6,-1,1000,3000,48,622,10632.5604314815,395448.83285540086,384816.2724239193,1.0276302256256165,0.3440514469453376,17.094148603668003,1847.8917423149574,-943.1771382939198,23133.908221700025,21697.183699230358,0.23133908221700025,5,3,0.6,124.4,33.10951524864114,0.26615365955499304,76,0.2813057136401571,0.45960934614186655,1353.3232194281984,0.16928805901961874,False,False,False
1098,68472.6194266789,455153.6260680495,386681.0066413707,1.177077793454138,0.5136612021857924,62.361219878578225,807.0099752979602,-724.1217352834658,24098.429806806955,22706.799586950918,0.24098429806806954,10,8,0.8,109.8,20.86048896838231,0.18998623832770775,52,0.05644847302179987,2.8413726527251915,386.4329442837765,0.6050950270832661,2012-01-10 10:45:00,2021-06-01 17:00:00,RBB_M,5,10,2.5,1,53,46,-48,37,7,6,-1,2250,2500,0,547,8821.923442960499,502729.1249295377,493907.20148657716,1.0178614999263182,0.4954296160877514,16.127830791518278,1855.0890218802128,-1789.5188459658593,35282.818666003455,33621.60633415407,0.35282818666003457,5,2,0.4,109.4,27.229395880188015,0.24889758574212079,73,0.2823647264801087,0.2500345430582282,2187.697720920962,0.12932952325192854,False,False,False
841,44646.64339609606,342997.0301721094,298350.3867760133,1.1496449992190376,0.5600475624256838,53.08756646384787,728.231486564988,-806.3523966919279,17492.50937376551,16707.637102513247,0.1749250937376551,10,8,0.8,84.1,16.676030702778164,0.19828811775003763,47,0.03339556765269334,2.55232925374647,329.5029427592569,0.604602745163564,2012-01-10 11:15:00,2021-05-31 19:00:00,RBB_M,5,10,1.5,1,29,46,52,-39,9,18,4,4000,1500,48,431,-86491.4730925425,361652.1595478925,448143.632640435,0.8070005534097628,0.5916473317865429,-200.6762716764327,1418.2437629329117,-2546.2706400024717,102359.28612218116,101209.71197434404,1.0235928612218117,5,1,0.2,86.2,25.59218630754317,0.2968931126165101,52,0.0,0.0,0.0,0.0,False,False,False
1395,75469.33488512614,454049.42387028446,378580.0889851583,1.1993483996673815,0.4946236559139785,54.099881638083254,658.0426432902673,-536.9930340215011,18308.27465864511,17489.499801314538,0.1830827465864511,10,7,0.7,139.5,27.21855984434151,0.1951151243321972,62,0.059507613348333724,4.122143472950891,338.4161684700826,0.602248823247351,2012-01-10 10:45:00,2021-06-01 23:00:00,RBB_M,5,10,2.5,1,53,46,-48,37,7,6,-1,1250,4500,48,609,26835.699609091265,465927.7930398079,439092.0934307166,1.061116335298635,0.3694581280788177,44.06518819226809,2070.790191288035,-1143.468993309158,29743.572336372046,28306.84781390238,0.2974357233637205,5,2,0.4,121.8,32.214282546721414,0.26448507838030716,74,0.16735170185310025,0.902235256263254,674.9902486877614,0.3848596848461644,True,False,False
1172,71404.17354293328,404576.8672422888,333172.6936993556,1.2143158034654726,0.5110921501706485,60.925062749943066,675.4204795363753,-581.4532176254024,23520.705879904563,19492.93928027247,0.23520705879904563,10,5,0.5,117.2,22.35978532991764,0.19078315127916073,60,0.06289548323529984,3.0358006221207425,386.05960861200003,0.598375997167692,2012-01-10 11:15:00,2021-05-31 18:30:00,RBB_M,5,10,1.5,1,29,46,52,-39,9,18,4,5000,4500,24,456,-83327.44295067454,379290.84159063554,462618.2845413101,0.8198786218895467,0.4868421052631579,-182.7356205058652,1708.5173044623223,-1977.0012159885048,105398.00455554442,104781.9426850538,1.0539800455554442,5,0,0.0,91.2,26.286118009321957,0.28822497817238985,49,0.0,0.0,0.0,0.0,False,False,False
1379,79525.25960050797,495524.0985051777,415998.83890466974,1.1911670229895328,0.5126903553299492,57.66878868782304,700.8827418743673,-619.0458912271871,21221.37235998149,19853.57974804331,0.2122137235998149,10,7,0.7,137.9,27.1346641770264,0.19677058866589123,60,0.07922231052231121,3.7474136098037594,367.9871355519291,0.5962898969764159,2012-01-10 10:45:00,2021-06-01 23:00:00,RBB_M,5,10,2.5,1,53,46,-48,37,7,6,-1,2500,6000,48,572,55179.08523771689,575078.1599463284,519899.0747086114,1.1061342247409138,0.4737762237762238,96.46693223377079,2122.0596307982596,-1727.2394508591742,41187.33931660914,40185.545464718074,0.4118733931660914,5,4,0.8,114.4,28.323841547360768,0.24758602751189482,71,0.10857374626980833,1.3397098757351744,426.9581126183095,0.7159784544223808,True,False,False
1178,62166.49973859107,369186.5247377371,307020.024999146,1.2024835342214697,0.5067911714770797,52.772919981826035,618.4028890079348,-528.4337779675491,17832.04914663975,15874.303161692253,0.1783204914663975,10,6,0.6,117.8,22.085289221561034,0.18748123278065396,62,0.0633128660125921,3.4862229925104065,337.90150616605564,0.5952698045981931,2012-01-10 11:15:00,2021-05-31 18:30:00,RBB_M,5,10,1.5,1,29,46,52,-39,9,18,4,2000,2500,24,479,-103423.17380714163,326884.9007438072,430308.0745509488,0.7596531882069152,0.42588726513569936,-215.9147678645963,1602.3769644304275,-1564.756634730723,107425.11539508337,105957.48889064306,1.0742511539508337,5,1,0.2,95.8,28.3365488371467,0.2957886099910929,52,0.0,0.0,0.0,0.0,False,False,False
1379,77420.494087409,478862.0651591821,401441.5710717732,1.1928561954376344,0.5126903553299492,56.1424902736831,677.3155094189281,-597.3832902853768,20253.026190842815,18885.233578904634,0.20253026190842816,10,7,0.7,137.9,27.1346641770264,0.19677058866589123,60,0.05154965809820454,3.8226630113387117,360.7432818194112,0.5942238309817378,2012-01-10 10:45:00,2021-06-01 23:00:00,RBB_M,5,10,2.5,1,53,46,-48,37,7,6,-1,2250,4000,48,577,24678.19233511581,530610.2096014814,505932.0172663657,1.0487776845364642,0.4696707105719237,42.76983073676917,1957.971253141998,-1653.3726054456395,41859.62062816772,40198.40829631835,0.4185962062816772,5,3,0.6,115.4,28.089855820206694,0.24341296204685176,72,0.16172173171375467,0.5895464881138849,978.718407510111,0.31487866986749613,True,False,False
1172,66344.14752442221,393576.8672422888,327232.71971786657,1.2027430129286056,0.5110921501706485,56.60763440650359,657.0565396365422,-571.0867708863291,20791.09950869371,20253.49784775984,0.2079109950869371,10,5,0.5,117.2,22.35978532991764,0.19078315127916073,60,0.060156022029386344,3.190987927150302,367.2843729768196,0.5913432346537273,2012-01-10 11:15:00,2021-05-31 18:30:00,RBB_M,5,10,1.5,1,29,46,52,-39,9,18,4,4000,4000,24,459,-96991.71138380302,374605.2439574414,471596.9553412444,0.7943334657162482,0.48148148148148145,-211.31091804750113,1695.0463527486038,-1981.4998123581697,109966.02366140437,108925.2853527203,1.0996602366140438,5,0,0.0,91.8,26.339324213046925,0.2869207430615134,50,0.0,0.0,0.0,0.0,False,False,False
1216,63270.37064191834,413921.8892600401,350651.51861812174,1.180436608092444,0.43914473684210525,52.031554804209165,775.1346240824721,-514.1517868300905,17626.269804231986,16891.86583389811,0.17626269804231987,10,8,0.8,121.6,23.934076125892137,0.19682628393003404,61,0.047273312447112185,3.5895496520044996,338.7611588882615,0.5903233359232563,2012-01-10 10:45:00,2021-06-01 16:15:00,RBB_M,5,10,2.5,1,53,46,-48,37,7,6,-1,750,3000,0,616,48809.07878965192,372716.6672049018,323907.5884152499,1.1506882843605337,0.28733766233766234,79.2355175156687,2105.7438825135696,-737.830497529043,18609.913123255254,15605.153804623209,0.18609913123255253,5,4,0.8,123.2,33.89041162334857,0.27508450992977734,75,0.06127958310563579,2.622746192654671,234.86832302919169,0.8748852216901557,True,True,True
1395,73740.61659406846,451061.70557922684,377321.0889851583,1.1954320040589332,0.4953405017921147,52.8606570566799,652.7665782622674,-535.9674559448272,18308.27465864511,17489.499801314538,0.1830827465864511,10,7,0.7,139.5,27.21855984434151,0.1951151243321972,62,0.054122140339155064,4.027720687446011,346.34973679979123,0.5884535704059106,2012-01-10 10:45:00,2021-06-01 23:00:00,RBB_M,5,10,2.5,1,53,46,-48,37,7,6,-1,1250,4000,48,610,2263.604056922013,443873.6974876387,441610.0934307166,1.0051257978261705,0.36721311475409835,3.7108263228229723,1981.5790066412442,-1144.067599561442,34710.55218084794,33649.01203288564,0.34710552180847937,5,2,0.4,122.0,31.918646587848926,0.2616282507200732,75,1.76311753276626,0.06521371498581317,9353.860612490818,0.030001517484860213,False,False,False
943,48710.306293877205,284099.72296923073,235389.41667535345,1.2069349887597454,0.39660657476139977,51.654619611746774,759.6249277252159,-413.68966023787954,17559.147153622383,17292.61612179462,0.17559147153622384,10,8,0.8,94.3,19.308288375720927,0.20475385340107027,58,0.08080300798510885,2.774070167971026,339.9337229777849,0.5871658830101242,2012-01-10 11:15:00,2021-05-31 19:00:00,RBB_M,5,10,1.5,1,29,46,52,-39,9,18,4,500,2500,48,509,6996.149858767516,214426.87576170615,207430.72590293863,1.033727644871865,0.1944990176817289,13.744891667519678,2165.928037997032,-505.92859976326497,23078.680059648526,21455.299877374506,0.23078680059648526,5,2,0.4,101.8,30.72718665937381,0.3018387687561278,56,0.3560529791794463,0.3031434137778009,1679.0732599359344,0.13628221784431452,False,False,False
1393,73099.52953663049,449176.9317269699,376077.40219033946,1.1943736292339986,0.5061019382627423,52.47633132565003,637.1303996127233,-546.6241310906097,18191.99004957034,16505.031569955827,0.18191990049570342,10,7,0.7,139.3,27.16633946633223,0.19502038382148046,62,0.052875508706276934,4.018226116958378,346.6703862485569,0.5860392653072959,2012-01-10 10:45:00,2021-06-01 23:00:00,RBB_M,5,10,2.5,1,53,46,-48,37,7,6,-1,1500,3000,48,606,-4776.989453095761,451092.64710634004,455869.63655943575,0.9895211501929612,0.4158415841584158,-7.882820879695975,1790.0501869299208,-1287.7673349136603,29471.72894940611,27030.16811948875,0.2947172894940611,5,3,0.6,121.2,30.642454209805063,0.25282552978387013,76,0.0,0.0,0.0,0.0,False,False,False
1171,64799.63135248499,396041.35107035155,331241.7197178666,1.1956264187001495,0.5098206660973527,55.33700371689581,663.385847689031,-577.0761667558652,20520.705879904555,16764.755519636034,0.20520705879904555,10,5,0.5,117.1,22.286543024883873,0.1903206065318862,60,0.10994638069546521,3.1577681455851745,370.83153227609716,0.5818658203999348,2012-01-10 11:15:00,2021-05-31 18:30:00,RBB_M,5,10,1.5,1,29,46,52,-39,9,18,4,4000,0,24,454,-115084.99090705003,355428.47792963934,470513.4688366894,0.7554055334662588,0.4713656387665198,-253.4911693987886,1660.8807379889688,-1960.4727868195394,136061.5781766417,134642.26674560367,1.3606157817664168,5,0,0.0,90.8,26.003076741032014,0.2863774971479297,49,0.0,0.0,0.0,0.0,False,False,False
1113,58681.604303369684,435673.0743451832,376991.4700418135,1.1556576447123885,0.5157232704402516,52.72381339026926,759.0123246431763,-699.4275882037356,19037.99003269441,17693.567200900194,0.19037990032694413,10,8,0.8,111.3,20.86168737183069,0.18743654422130002,56,0.033928861073855655,3.0823424217889763,361.08901857633987,0.5755719506979136,2012-01-10 10:45:00,2021-06-01 23:00:00,RBB_M,5,10,2.5,1,53,46,-48,37,7,6,-1,2000,2000,0,577,14314.884082795717,479205.8974551414,464891.0133723457,1.0307919139562511,0.5043327556325823,24.80915785579847,1646.7556613578743,-1625.4930537494606,34318.07236219061,33032.99223177956,0.34318072362190605,5,3,0.6,115.4,28.73743203558731,0.24902454103628519,77,0.13908600226758908,0.41712378048852516,1383.2824379473923,0.20172231069673613,False,False,False
1379,74521.80706060224,478222.3781323753,403700.5710717732,1.1845967343141386,0.5119651921682379,54.04046922451214,677.3688075529395,-599.8522601363643,20253.026190842815,18885.233578904634,0.20253026190842816,10,7,0.7,137.9,27.1346641770264,0.19677058866589123,60,0.060264239115241154,3.679539361594094,374.7751727821096,0.5719756016183153,2012-01-10 10:45:00,2021-06-01 23:00:00,RBB_M,5,10,2.5,1,53,46,-48,37,7,6,-1,2250,4500,48,576,51832.53008583373,555505.5473521994,503673.0172663657,1.1029090864687363,0.4704861111111111,89.98703139901689,2049.835968089297,-1651.3869418569368,37691.20214820941,36439.40829631835,0.37691202148209413,5,4,0.8,115.2,28.400000000000002,0.2465277777777778,71,0.08664442952259875,1.3751890927229586,418.85148962277236,0.6981733784424486,True,False,False
1379,80138.15833463454,496136.9972393043,415998.83890466974,1.192640341366431,0.5126903553299492,58.11324027167117,701.7496424884077,-619.0458912271871,23623.57974804331,19853.57974804331,0.2362357974804331,10,7,0.7,137.9,27.1346641770264,0.19677058866589123,60,0.12467219371676072,3.3922952909485367,406.509422596407,0.5695155572708187,2012-01-10 10:45:00,2021-06-01 23:00:00,RBB_M,5,10,2.5,1,53,46,-48,37,7,6,-1,2500,10000,48,572,69679.49325119966,589578.5679598111,519899.0747086114,1.134025038013874,0.4737762237762238,121.8172958937057,2175.5666714384174,-1727.2394508591742,39546.39545423408,38544.60160234301,0.3954639545423408,5,4,0.8,114.4,28.323841547360768,0.24758602751189482,71,0.14338508410188514,1.7619682514892605,324.63695047656563,0.9226964655272321,True,False,False
1405,68416.61716288487,424924.6488418023,356508.03167891747,1.191907646065329,0.4918149466192171,48.69510118354795,614.941604691465,-499.31096873797964,16659.922181349983,16125.409650464506,0.16659922181349981,10,7,0.7,140.5,27.954427198567316,0.19896389465172468,62,0.0364092833480714,4.106658867799162,342.12727310193327,0.5682666156790898,2012-01-10 10:45:00,2021-06-01 17:00:00,RBB_M,5,10,2.5,1,53,46,-48,37,7,6,-1,1000,2500,48,632,9010.070407202431,392370.1782097684,383360.1078025659,1.0235028899038257,0.3575949367088608,14.256440517725366,1736.1512310166743,-944.2367187255318,21642.30397612103,20054.383060511747,0.2164230397612103,5,4,0.8,126.4,33.672540741678525,0.2663966830828997,78,0.2764684278170337,0.4163175241020394,1518.0720565706881,0.14596969977135818,False,False,False
1179,60228.218102949424,357842.72724576417,297614.5091428147,1.2023698988211897,0.5021204410517388,51.08415445542784,604.4640662935205,-507.00938525181385,18410.40255238905,17202.703629106367,0.1841040255238905,10,6,0.6,117.9,22.174083972060718,0.18807535175624018,62,0.06535041866411306,3.2714232038958775,360.39360440922184,0.5670977467058008,2012-01-10 11:15:00,2021-05-31 18:30:00,RBB_M,5,10,1.5,1,29,46,52,-39,9,18,4,1500,2500,24,487,-47213.61476818217,325375.75866974465,372589.3734379268,0.8732824440682876,0.406570841889117,-96.94787426731452,1643.3119124734578,-1289.2365862904041,59558.65996774873,58640.966511004604,0.5955865996774873,5,1,0.2,97.4,27.882611068549515,0.28626910747997447,55,0.0,0.0,0.0,0.0,False,False,False
1379,78977.04995120912,494975.88885587885,415998.83890466974,1.1898492076544172,0.5126903553299492,57.271247245256795,700.1073392586688,-619.0458912271871,23623.57974804331,19853.57974804331,0.2362357974804331,10,7,0.7,137.9,27.1346641770264,0.19677058866589123,60,0.11180325958021428,3.3431448913982065,412.48586130625637,0.5612639415389339,2012-01-10 10:45:00,2021-06-01 23:00:00,RBB_M,5,10,2.5,1,53,46,-48,37,7,6,-1,2500,0,48,572,64176.16067212627,586584.2353807376,522408.0747086114,1.1228468007657084,0.47202797202797203,112.19608509112985,2172.5342051138427,-1729.8280619490445,44723.60160234301,38544.60160234301,0.4472360160234301,5,4,0.8,114.4,28.323841547360768,0.24758602751189482,71,0.25411589026951364,1.4349506384289983,398.6199836297036,0.7991212376796478,True,False,False
845,41044.56841514082,342494.89614302915,301450.32772788825,1.1361569872041766,0.5562130177514792,48.573453745728784,728.7125449851684,-803.867540607702,17017.09282999154,14309.750573669036,0.1701709282999154,10,8,0.8,84.5,16.818144963104583,0.19903130133851576,48,0.03632636564525281,2.411961245389835,350.3373039741467,0.5608666993063417,2012-01-10 11:15:00,2021-05-31 19:00:00,RBB_M,5,10,1.5,1,29,46,52,-39,9,18,4,3000,1500,48,438,-77224.46669200217,353151.6402429044,430376.1069349066,0.8205651627782343,0.5662100456621004,-176.3115677899593,1423.9985493665502,-2265.137404920561,91483.57372324384,88931.65480803727,0.9148357372324384,5,0,0.0,87.6,26.257189491642094,0.2997396060689737,53,0.0,0.0,0.0,0.0,False,False,False
1162,53293.14482921097,409341.5778160987,356048.43298688775,1.1496794814742903,0.5034423407917383,45.86329159140359,699.729192848032,-617.068341398419,15189.437060476019,14045.673888164412,0.1518943706047602,10,6,0.6,116.2,22.92509541964875,0.19728997779387908,63,0.027977331883457458,3.5085661579837923,331.1894225952823,0.5605285475782357,2012-01-10 10:45:00,2021-06-01 23:00:00,RBB_M,5,10,2.5,1,53,46,-48,37,7,6,-1,1250,1500,0,631,-15367.098200751374,385598.6623351973,400965.76053594874,0.9616747869438751,0.4548335974643423,-24.353562917197106,1343.5493461156702,-1165.5981410928741,30781.614432380564,30112.889964249305,0.30781614432380566,5,2,0.4,126.2,34.15494107739025,0.2706413714531715,79,0.0,0.0,0.0,0.0,False,False,False
1173,62109.91599387472,384192.9316885142,322083.0156946395,1.1928382217234323,0.5123614663256607,52.949630003303255,639.2561259376276,-563.0821952703488,20578.64504964296,20041.04338870909,0.2057864504964296,10,5,0.5,117.3,22.436800128360552,0.19127706844297146,60,0.06337054567598224,3.0181732492126505,388.6456817235392,0.5559783703764567,2012-01-10 11:15:00,2021-05-31 18:30:00,RBB_M,5,10,1.5,1,29,46,52,-39,9,18,4,4000,3000,24,467,-101675.29475272822,371335.61994905944,473010.91470178764,0.7850466202945233,0.4925053533190578,-217.7201172435294,1614.5026954306932,-1995.8266443113403,111494.40510796102,110878.3432374704,1.1149440510796103,5,1,0.2,93.4,26.687824939473806,0.2857368837202763,51,0.0,0.0,0.0,0.0,False,False,False
1379,77507.54535344284,493506.3842581126,415998.83890466974,1.1863167348195518,0.5126903553299492,56.20561664499118,698.0288320482498,-619.0458912271871,23623.57974804331,19853.57974804331,0.2362357974804331,10,7,0.7,137.9,27.1346641770264,0.19677058866589123,60,0.09664865486115223,3.280939899037216,420.30638854575307,0.5508206552530898,2012-01-10 10:45:00,2021-06-01 23:00:00,RBB_M,5,10,2.5,1,53,46,-48,37,7,6,-1,2500,7500,48,572,55511.33869980574,575410.4134084171,519899.0747086114,1.106773297742294,0.4737762237762238,97.04779492973032,2123.2856583336425,-1727.2394508591742,39687.33931660914,38685.545464718074,0.39687339316609144,5,4,0.8,114.4,28.323841547360768,0.24758602751189482,71,0.13494540350593662,1.3987165593782767,408.94632737761503,0.7337752085793999,True,False,False
1377,78612.35886849195,498902.741782023,420290.3829135311,1.187042963780271,0.5156136528685549,57.08958523492517,702.6799180028493,-630.12051411324,24377.181345617108,22806.91186971753,0.24377181345617108,10,7,0.7,137.7,27.011293934204634,0.19616044977635902,60,0.08014229443207792,3.224833821184419,426.99874671193277,0.5507677449627583,2012-01-10 10:45:00,2021-06-01 23:00:00,RBB_M,5,10,2.5,1,53,46,-48,37,7,6,-1,3000,6000,48,567,49638.58460642815,594545.3923960688,544906.8077896406,1.0910955486274472,0.49206349206349204,87.54600459687505,2130.9870695199597,-1892.0375270473633,48719.622089698736,47891.774572845374,0.4871962208969874,5,3,0.6,113.4,28.422526277584826,0.25063956153073036,70,0.1206924018382299,1.0188622669329719,556.5030901642972,0.5974309669637976,True,False,False
1175,67883.88141510398,369780.5686765512,301896.6872614472,1.2248579871176777,0.49361702127659574,57.77351609796084,637.5527046147434,-507.38939035537345,25303.23620687737,24619.63142490471,0.25303236206877366,10,5,0.5,117.5,22.610838109190027,0.19243266475906406,60,0.07352260795873578,2.6828142005271753,437.9729314721502,0.5470715362863809,2012-01-10 11:15:00,2021-05-31 18:30:00,RBB_M,5,10,1.5,1,29,46,52,-39,9,18,4,1250,5000,24,479,-32867.383828232174,317020.9094452894,349888.2932735216,0.9060632080006791,0.35490605427974947,-68.6166676998584,1864.8288790899376,-1132.324573700717,63485.05201468226,62080.7729765725,0.6348505201468226,5,1,0.2,95.8,27.621730575762268,0.28832704150064997,53,0.0,0.0,0.0,0.0,False,False,False
1171,65105.15535695494,403286.8490563105,338181.6936993556,1.19251531519868,0.5098206660973527,55.597912345819765,675.5223602283257,-589.1667137619436,23520.705879904555,19492.93928027247,0.23520705879904555,10,5,0.5,117.1,22.286543024883873,0.1903206065318862,60,0.11506001266610547,2.7679932604649844,423.05016299183046,0.5460553463345088,2012-01-10 11:15:00,2021-05-31 18:30:00,RBB_M,5,10,1.5,1,29,46,52,-39,9,18,4,5000,7500,24,453,-102499.63379292977,364401.1024010565,466900.73619398626,0.7804680398911524,0.4768211920529801,-226.26850726916064,1687.042140745632,-1970.0453003965665,125975.02391162272,121456.40851929935,1.2597502391162272,5,0,0.0,90.6,25.819372571772536,0.28498203721603244,49,0.0,0.0,0.0,0.0,False,False,False
1379,72601.29295299288,488600.13185766264,415998.83890466974,1.174522825939017,0.5126903553299492,52.64778314212682,691.08929541395,-619.0458912271871,21221.37235998149,19853.57974804331,0.2122137235998149,10,7,0.7,137.9,27.1346641770264,0.19677058866589123,60,0.06874533216965599,3.4211403353866885,403.0819740822274,0.5443731678810916,2012-01-10 10:45:00,2021-06-01 23:00:00,RBB_M,5,10,2.5,1,53,46,-48,37,7,6,-1,2500,5000,48,574,44959.56734949874,563992.0232298006,519032.45588030195,1.086621880462649,0.47560975609756095,78.32677238588631,2065.904846995607,-1724.3603185392092,41989.072808145575,40987.27895625451,0.4198907280814557,5,3,0.6,114.8,28.72211691362599,0.2501926560420382,71,0.11101085473536357,1.0707444661835188,536.0756166650316,0.5757652413629584,True,False,False
1377,79225.25760261853,499515.6405161496,420290.3829135311,1.1885012382472666,0.5156136528685549,57.53468235484279,703.5431556565487,-630.12051411324,25730.15188138991,22806.91186971753,0.25730151881389907,10,7,0.7,137.7,27.011293934204634,0.19616044977635902,60,0.12610877266077555,3.0790823920445076,447.2111573103029,0.5402713021170709,2012-01-10 10:45:00,2021-06-01 23:00:00,RBB_M,5,10,2.5,1,53,46,-48,37,7,6,-1,3000,10000,48,567,57916.139087267904,605831.9468769084,547915.8077896406,1.1057026248629485,0.49029982363315694,102.14486611511094,2179.2516074708938,-1895.9024490991026,47078.678227323675,46250.83071047031,0.4707867822732367,5,3,0.6,113.4,28.422526277584826,0.25063956153073036,70,0.17250804624502997,1.2301989195111758,460.9010713692543,0.7091004608162039,True,False,False
874,43339.22288844666,323639.1059222649,280299.8830338182,1.1546173420386971,0.5194508009153318,49.58721154284515,712.8614667891297,-667.3806738900433,19681.437041565274,18748.64134226177,0.19681437041565275,10,8,0.8,87.4,18.260339536821323,0.20892836998651398,54,0.034403016497037135,2.2020354914592084,396.9055010193465,0.5324080815915255,2012-01-10 11:15:00,2021-05-31 19:00:00,RBB_M,5,10,1.5,1,29,46,52,-39,9,18,4,1250,1500,48,475,-30233.15494990391,295816.28116592555,326049.43611582945,0.9072743222314191,0.43157894736842106,-63.6487472629556,1443.0062495898808,-1207.5905041327017,48926.73307242235,48403.25001686246,0.4892673307242235,5,0,0.0,95.0,28.52367437761131,0.3002492039748559,56,0.0,0.0,0.0,0.0,False,False,False
1377,78064.1492191931,498354.5321327241,420290.3829135311,1.185738604528702,0.5156136528685549,56.69146639011845,701.9077917362312,-630.12051411324,25730.15188138991,22806.91186971753,0.25730151881389907,10,7,0.7,137.7,27.011293934204634,0.19616044977635902,60,0.11311071349514737,3.033956020899173,453.8628742521781,0.5323532017890314,2012-01-10 10:45:00,2021-06-01 23:00:00,RBB_M,5,10,2.5,1,53,46,-48,37,7,6,-1,3000,0,48,567,51912.80650819451,602837.6142978352,550924.8077896406,1.0942284786856364,0.48853615520282184,91.55697796859702,2176.3090768874918,-1899.740716516002,52429.83071047031,46250.83071047031,0.5242983071047032,5,3,0.6,113.4,28.422526277584826,0.25063956153073036,70,0.31414564729230054,0.9901387398114838,572.6470212729513,0.6022898944293754,True,False,False
819,44796.01674652857,368597.3205920437,323801.3038455151,1.1383441518441217,0.5372405372405372,54.695991143502525,837.7211831637356,-854.3570022309107,24273.113053173693,23045.64838761784,0.24273113053173692,10,9,0.9,81.9,14.672763884149433,0.17915462618009073,46,0.0444459160569068,1.8454994482329707,443.78230553478426,0.5288056807027272,2012-01-10 11:15:00,2021-05-31 19:00:00,RBB_M,5,10,1.5,1,29,46,52,-39,9,18,4,5000,2000,0,413,-62862.87687005944,415024.82797104795,477887.7048411075,0.868456802229384,0.559322033898305,-152.21035561757733,1796.6442769309435,-2625.756620006085,100964.92223242208,99433.7467090357,1.0096492223242208,5,1,0.2,82.6,22.75609808381041,0.2754975554940728,52,0.0,0.0,0.0,0.0,False,False,False
943,45302.11563813916,285714.03140672744,240411.91576858825,1.1884354005220996,0.38812301166489926,48.04041955263962,780.6394300730258,-416.65843287450303,18912.47702500731,18443.350368182288,0.1891247702500731,10,7,0.7,94.3,19.308288375720927,0.20475385340107027,58,0.08688201892954532,2.395356016995434,393.6784316440914,0.5261819420527882,2012-01-10 11:15:00,2021-05-31 19:00:00,RBB_M,5,10,1.5,1,29,46,52,-39,9,18,4,500,2500,0,509,6746.149858767516,214176.87576170615,207430.72590293863,1.032522423230222,0.1944990176817289,13.253732531959756,2163.402785471779,-505.92859976326497,23078.680059648526,21455.299877374506,0.23078680059648526,5,2,0.4,101.8,30.72718665937381,0.3018387687561278,56,0.3692476526833527,0.29231090518745445,1741.2966501321127,0.1314123172348555,False,False,False
1395,67459.68492790671,442028.0871182461,374568.4021903394,1.180099774923424,0.5075268817204301,48.35819708093671,624.3334563817035,-545.223292853478,19191.99004957034,17505.031569955827,0.1919199004957034,10,7,0.7,139.5,27.31757675929547,0.19582492300570228,62,0.05729606971288875,3.514991658169235,396.8714966244268,0.5257913664152766,2012-01-10 10:45:00,2021-06-01 17:00:00,RBB_M,5,10,2.5,1,53,46,-48,37,7,6,-1,1500,2500,48,616,8800.24861380714,455241.7273421042,446441.47872829717,1.0197119869750337,0.43506493506493504,14.286117879557045,1698.6631617242695,-1282.8778124376356,24118.667917059356,22349.667917059356,0.24118667917059355,5,3,0.6,123.2,31.237157361066004,0.2535483552034578,78,0.28306018492384233,0.36487291271930666,1688.259058226893,0.1385609732111347,False,False,False
1410,63238.4764612642,415536.7149012395,352298.2384399753,1.179502675747948,0.4971631205673759,44.84998330586114,592.7770540673887,-496.8945535119539,16659.922181349983,16125.409650464506,0.16659922181349981,10,7,0.7,141.0,27.5826032128949,0.19562129938223333,64,0.03148399694954001,3.7958446487857413,371.45882681237947,0.5233945018497322,2012-01-10 10:45:00,2021-06-01 23:00:00,RBB_M,5,10,2.5,1,53,46,-48,37,7,6,-1,1000,2000,48,637,-556.4527019656525,374501.52079304465,375057.9734950103,0.998516355493578,0.3783359497645212,-0.8735521223950589,1553.9482190582767,-947.1160946843694,28344.969542427083,26630.242873576768,0.28344969542427084,5,2,0.4,127.4,34.15611219093883,0.2681013515772278,78,0.0,0.0,0.0,0.0,False,False,False
1377,76594.64462142682,496885.02753495786,420290.3829135311,1.1822422014285896,0.5156136528685549,55.6242880329897,699.8380669506448,-630.12051411324,25730.15188138991,22806.91186971753,0.25730151881389907,10,7,0.7,137.7,27.011293934204634,0.19616044977635902,60,0.09780057126741266,2.9768438590844912,462.5704488321693,0.5223320142722366,2012-01-10 10:45:00,2021-06-01 23:00:00,RBB_M,5,10,2.5,1,53,46,-48,37,7,6,-1,3000,7500,48,567,39992.37827765893,587908.1860672996,547915.8077896406,1.0729900063277844,0.49029982363315694,70.53329502232616,2114.777647724099,-1895.9024490991026,47219.622089698736,46391.774572845374,0.4721962208969874,5,3,0.6,113.4,28.422526277584826,0.25063956153073036,70,0.18731069075191065,0.8469440564706154,669.4657051645204,0.48891827850124664,True,False,False
1173,61877.14740304406,380599.09697155945,318721.9495685153,1.1941414687216028,0.5106564364876386,52.75119130694293,635.3908129742227,-555.2647205026399,23329.923234640417,20445.582419193604,0.23329923234640418,10,5,0.5,117.3,22.436800128360552,0.19127706844297146,60,0.06360893211162524,2.6522653667016134,442.2634381637143,0.5202103298409063,2012-01-10 11:15:00,2021-05-31 18:30:00,RBB_M,5,10,1.5,1,29,46,52,-39,9,18,4,3000,3000,24,469,-108855.56230291986,355458.19400582486,464313.7563087448,0.7655560258039468,0.4690831556503198,-232.10141215974383,1615.7190636628402,-1864.713880758011,122674.67265815263,122058.61078766201,1.2267467265815264,5,1,0.2,93.8,27.065845636151845,0.28854846093978515,51,0.0,0.0,0.0,0.0,False,False,False
1093,59796.6156065043,456381.48631893983,396584.8707124356,1.150778862287621,0.515096065873742,54.708705952885914,810.6243096251152,-748.2733409668596,25114.264158518417,22989.115810210154,0.2511426415851842,10,8,0.8,109.3,20.601213556487394,0.18848319813803655,52,0.0646386885149805,2.380982187217383,459.0542532690563,0.5199954793364586,2012-01-10 10:45:00,2021-06-01 17:00:00,RBB_M,5,10,2.5,1,53,46,-48,37,7,6,-1,2500,2500,0,538,25579.102078722324,518118.85271426477,492539.75063554244,1.051933071484518,0.5185873605947955,47.5447994028296,1857.0568197643897,-1901.6978789017082,39380.89947982038,37755.687147970995,0.3938089947982038,5,4,0.8,107.6,26.157981573508305,0.24310391796940806,73,0.09738418464939429,0.6495306713811757,828.290369808073,0.3608806184538528,True,False,False
1375,79046.37747706629,504263.3662906177,425216.9888135513,1.1858965647106976,0.5178181818181818,57.48827452877548,708.2350650149125,-641.352924303999,28071.938950030402,25042.34708446142,0.280719389500304,10,7,0.7,137.5,26.92675249635574,0.19583092724622356,60,0.07970225849080462,2.8158502915588834,488.3072101247208,0.5168284627636968,2012-01-10 10:45:00,2021-06-01 23:00:00,RBB_M,5,10,2.5,1,53,46,-48,37,7,6,-1,5000,6000,48,548,70432.79771526014,607519.4886331958,537086.6909179355,1.1311386018426253,0.5237226277372263,128.52700313003675,2116.7926433212397,-2057.80341347868,42257.699949808964,38655.217785415865,0.42257699949808963,5,5,1.0,109.6,28.786107760515318,0.2626469686178405,64,0.08505980444252573,1.6667447068561654,328.7846049522752,0.9417699054691132,True,False,False
1375,78967.4864651244,504184.47527867573,425216.9888135513,1.185711033525403,0.5178181818181818,57.4308992473632,708.1242630318479,-641.352924303999,28071.938950030402,25042.34708446142,0.280719389500304,10,7,0.7,137.5,26.92675249635574,0.19583092724622356,60,0.1265204256490103,2.8130399758168068,488.79504444324465,0.5163126501264937,2012-01-10 10:45:00,2021-06-01 23:00:00,RBB_M,5,10,2.5,1,53,46,-48,37,7,6,-1,5000,10000,48,548,82848.79847583828,624944.4893937738,542095.6909179355,1.1528305792941276,0.5218978102189781,151.18393882452241,2185.1205922859226,-2069.0675225875398,43760.96737681187,40158.48521241877,0.43760967376811866,5,4,0.8,109.6,28.786107760515318,0.2626469686178405,64,0.12059317918670527,1.8932122263763835,289.45513469922724,1.088593040821038,True,False,False
1426,69194.78879516336,425685.92942107824,356491.1406259149,1.1940996027942616,0.4579242636746143,48.52369480726743,651.8926943661229,-461.1787071486609,20217.890172277966,19994.607281101038,0.20217890172277966,10,7,0.7,142.6,27.66297164080533,0.19398998345585788,65,0.1443894861732472,3.422453490722822,416.66015443757834,0.514030987726298,2012-01-10 10:45:00,2021-06-01 16:15:00,RBB_M,5,10,2.5,1,53,46,-48,37,7,6,-1,750,10000,48,629,64222.24676911547,394095.77680185705,329873.5300327416,1.1946874814803754,0.28139904610492844,102.10214112736958,2226.5298124398705,-729.8086947627027,21515.3560328359,19837.378597209463,0.21515356032835903,5,5,1.0,125.8,34.87922017476882,0.27725930186620684,75,0.15556914469091232,2.984949292547238,210.7238476614912,1.0484891379136894,True,True,True
1178,55367.54337626903,369377.96163700585,314010.41826073674,1.1763239056937753,0.5076400679117148,47.00131016661208,617.6888990585383,-541.3972728633393,19082.04914663975,17124.303161692253,0.1908204914663975,10,5,0.5,117.8,22.085289221561034,0.18748123278065396,62,0.07108748245652223,2.9015512406862745,405.98972835006,0.5125081945319439,2012-01-10 11:15:00,2021-05-31 18:30:00,RBB_M,5,10,1.5,1,29,46,52,-39,9,18,4,2250,2500,24,475,-73400.00902314324,347386.8152326207,420786.82425576396,0.8255648589925215,0.4610526315789474,-154.52633478556473,1586.2411654457567,-1643.698532249078,78374.1056396484,77720.77997971693,0.7837410563964841,5,1,0.2,95.0,27.66224864323217,0.2911815646656018,52,0.0,0.0,0.0,0.0,False,False,False
1175,62773.36011580196,365929.04737724917,303155.6872614472,1.2070664109351346,0.4927659574468085,53.424136268767626,632.0018089417084,-508.65048198229397,24888.4849266778,23876.9746497692,0.248884849266778,10,5,0.5,117.5,22.610838109190027,0.19243266475906406,60,0.10149113026080468,2.522184869859861,465.8659299884255,0.5100839214104754,2012-01-10 11:15:00,2021-05-31 18:30:00,RBB_M,5,10,1.5,1,29,46,52,-39,9,18,4,1250,6000,24,476,-43809.07853799674,306079.21473552485,349888.2932735216,0.8747912422901516,0.35084033613445376,-92.03587928150576,1832.809669074999,-1132.324573700717,71428.1681744281,65936.83482496216,0.714281681744281,5,1,0.2,95.2,27.15437349673161,0.2852350157219707,53,0.0,0.0,0.0,0.0,False,False,False
1375,77806.37808169899,503023.36689525034,425216.9888135513,1.1829804079531157,0.5178181818181818,56.58645678669017,706.4934928304078,-641.352924303999,28071.938950030402,25042.34708446142,0.280719389500304,10,7,0.7,137.5,26.92675249635574,0.19583092724622356,60,0.11348544726375692,2.7716780882217873,496.08935678463024,0.5087209820442732,2012-01-10 10:45:00,2021-06-01 23:00:00,RBB_M,5,10,2.5,1,53,46,-48,37,7,6,-1,5000,0,48,548,68430.38891036742,615535.079828303,547104.6909179355,1.125077320751088,0.5200729927007299,124.87297246417411,2159.77220992387,-2080.245973071998,43760.96737681187,40158.48521241877,0.43760967376811866,5,5,1.0,109.6,28.786107760515318,0.2626469686178405,64,0.23831783602220585,1.5637311744307423,350.44386718164196,0.8991421302292987,True,False,False
1172,60404.17354293327,393576.8672422888,333172.6936993556,1.181299892473901,0.5110921501706485,51.53939722093283,657.0565396365422,-581.4532176254024,23520.705879904555,19612.124007991355,0.23520705879904555,10,5,0.5,117.2,22.35978532991764,0.19078315127916073,60,0.06607159349946788,2.568127583047622,456.36361983588694,0.5061946071697115,2012-01-10 11:15:00,2021-05-31 18:30:00,RBB_M,5,10,1.5,1,29,46,52,-39,9,18,4,5000,4000,24,458,-86548.8231293275,381212.0993361835,467760.92246551096,0.8149720958451614,0.4890829694323144,-188.97122954001637,1701.8397291793906,-1998.9783011346622,101110.38473419736,100494.32286370674,1.0111038473419736,5,0,0.0,91.6,26.150334605889842,0.2854840022477057,50,0.0,0.0,0.0,0.0,False,False,False
1379,67428.09118704264,483426.93009171233,415998.83890466974,1.1620872100618878,0.5126903553299492,48.89636779335942,683.7721783475422,-619.0458912271871,21221.372359981488,19853.57974804331,0.21221372359981489,10,7,0.7,137.9,27.1346641770264,0.19677058866589123,60,0.06660428793011741,3.1773671392805936,434.00713217932616,0.5055838830230138,2012-01-10 10:45:00,2021-06-01 23:00:00,RBB_M,5,10,2.5,1,53,46,-48,37,7,6,-1,2500,4500,48,574,37398.17835419816,553921.6342345001,516523.45588030195,1.0724036400059724,0.47735191637630664,65.1536208261292,2021.611803775548,-1721.7448529343399,41789.28296202634,40787.48911013527,0.41789282962026336,5,3,0.6,114.8,28.72211691362599,0.2501926560420382,71,0.12008606294846069,0.8949227099249741,641.3961715734326,0.48007539843624597,True,False,False
1377,71688.39222097686,491978.7751345079,420290.3829135311,1.1705687189985636,0.5156136528685549,52.06128701595996,692.9278523021238,-630.12051411324,24377.1813456171,22806.91186971752,0.243771813456171,10,7,0.7,137.7,27.011293934204634,0.19616044977635902,60,0.06962075512330397,2.940799069612947,468.24008284973837,0.5022575927228451,2012-01-10 10:45:00,2021-06-01 23:00:00,RBB_M,5,10,2.5,1,53,46,-48,37,7,6,-1,3000,5000,48,569,42100.45704034803,585640.6460016792,543540.1889613312,1.0774560150203414,0.4938488576449912,73.99025841888934,2084.130412817364,-1887.2923227823999,51886.84079125074,48957.08190940584,0.5188684079125074,5,3,0.6,113.8,28.833314065504158,0.2533683134051332,70,0.11854978189943995,0.8113898706942877,701.2658409367616,0.4892707851808391,True,False,False
1375,76336.87348393271,501553.8622974841,425216.9888135513,1.1795245145235835,0.5178181818181818,55.51772617013288,704.429581878489,-641.352924303999,28071.938950030402,25042.34708446142,0.280719389500304,10,7,0.7,137.5,26.92675249635574,0.19583092724622356,60,0.09813082011508759,2.7193302756826503,505.6392054675393,0.49911292881617836,2012-01-10 10:45:00,2021-06-01 23:00:00,RBB_M,5,10,2.5,1,53,46,-48,37,7,6,-1,5000,7500,48,548,62425.0376662293,604520.7285841648,542095.6909179355,1.1151550154558956,0.5218978102189781,113.91430231063741,2113.708841203373,-2069.0675225875398,44617.131269603786,41014.64910521069,0.4461713126960379,5,4,0.8,109.6,28.786107760515318,0.2626469686178405,64,0.11999992759399618,1.3991271040941502,391.67277826041163,0.8123268114141706,True,False,False
1175,61300.7571412449,364456.44440269214,303155.6872614472,1.2022088310300378,0.4927659574468085,52.17085714148502,629.4584531998137,-508.65048198229397,24888.4849266778,23680.78600339512,0.248884849266778,10,5,0.5,117.5,22.610838109190027,0.19243266475906406,60,0.12220077449842526,2.463016825726384,477.0572363643815,0.49811784059917114,2012-01-10 11:15:00,2021-05-31 18:30:00,RBB_M,5,10,1.5,1,29,46,52,-39,9,18,4,1250,7500,24,476,-65841.15325708251,286951.9122185081,352793.06547559064,0.8133717476324998,0.34243697478991597,-138.3217505400893,1760.4411792546507,-1127.1343944907048,85152.15751615522,80672.46392582078,0.8515215751615521,5,1,0.2,95.2,27.15437349673161,0.2852350157219707,53,0.0,0.0,0.0,0.0,False,False,False
985,56113.67576463992,440911.0600644088,384797.38429976883,1.1458265519833308,0.5025380710659898,56.96819874582733,890.729414271533,-785.3007842852426,29751.910733256664,28533.8904575215,0.29751910733256665,10,8,0.8,98.5,20.460938394902616,0.20772526289241233,38,0.2008552162078528,1.8860528410337052,522.2547208487237,0.4974831910626546,2012-01-10 13:30:00,2021-05-27 23:00:00,RBB_M,6,50,1.5,1,17,56,27,45,1,0,4,2000,0,368,432,-21028.020393391533,451417.70033016393,472445.7207235554,0.955491140101371,0.38425925925925924,-48.67597313285077,2719.3837369286985,-1776.1117320434414,57713.17185896939,54495.6792731398,0.5771317185896939,5,2,0.4,86.4,27.57245001808871,0.31912557891306376,48,0.0,0.0,0.0,0.0,False,False,False
1426,66370.60517520952,422861.74580112443,356491.1406259149,1.1861774322320557,0.4579242636746143,46.543201385139916,647.5677577352594,-461.1787071486609,20217.890172277966,19994.607281101038,0.20217890172277966,10,7,0.7,142.6,27.66297164080533,0.19398998345585788,65,0.14446045192936968,3.2827661348271877,434.38976199718473,0.4930508254776233,2012-01-10 10:45:00,2021-06-01 16:15:00,RBB_M,5,10,2.5,1,53,46,-48,37,7,6,-1,750,0,48,629,64901.73198676536,394775.26201950695,329873.5300327416,1.1967473170106238,0.28139904610492844,103.18240379453952,2230.3687119746155,-729.8086947627027,21515.3560328359,19837.378597209463,0.21515356032835903,5,5,1.0,125.8,34.87922017476882,0.27725930186620684,75,0.16878936052112986,3.016530699641449,208.5176855898613,1.0595823790555026,True,True,True
1386,62737.70476415825,448788.59304339625,386050.88827923813,1.162511489207554,0.5086580086580087,45.26529925263943,636.5795646005621,-566.8882353586463,19565.10824052983,17811.536952060575,0.1956510824052983,10,7,0.7,138.6,27.441574298862665,0.1979911565574507,60,0.06160848288869837,3.2066116881579436,432.2319428693269,0.48744724830478514,2012-01-10 10:45:00,2021-06-01 23:00:00,RBB_M,5,10,2.5,1,53,46,-48,37,7,6,-1,1750,3000,48,595,16121.999209151727,479010.3306689522,462888.3314598005,1.034829132888937,0.45210084033613446,27.09579699017097,1780.7075489552126,-1419.9028572386517,32033.450220109604,29591.889390192242,0.32033450220109605,5,4,0.8,119.0,29.34620929523948,0.24660680080033176,76,0.1855228970797955,0.5032863802797876,1182.2294886446696,0.22803600589634024,True,False,False
1171,57859.65737099604,396041.35107035155,338181.6936993556,1.1710904476764297,0.5098206660973527,49.410467438937694,663.385847689031,-589.1667137619436,23520.705879904555,19492.93928027247,0.23520705879904555,10,5,0.5,117.1,22.286543024883873,0.1903206065318862,60,0.12313389434582943,2.459945618402114,476.0267833728116,0.48528530607584397,2012-01-10 11:15:00,2021-05-31 18:30:00,RBB_M,5,10,1.5,1,29,46,52,-39,9,18,4,5000,0,24,453,-108573.87492296747,358326.8612710188,466900.73619398626,0.767458334274595,0.4768211920529801,-239.6774280860209,1658.9206540324944,-1970.0453003965665,132049.2650416604,127530.64964933702,1.320492650416604,5,0,0.0,90.6,25.819372571772536,0.28498203721603244,49,0.0,0.0,0.0,0.0,False,False,False
1375,69997.97083261843,498272.3662906176,428274.39545799926,1.1634418764581107,0.517090909090909,50.90761515099523,700.8050158799123,-644.9915594246977,24980.23913867643,23612.446526738247,0.24980239138676427,10,6,0.6,137.5,26.92675249635574,0.19583092724622356,60,0.09000510636949818,2.802133736351703,490.69749318610684,0.48516315451203856,2012-01-10 10:45:00,2021-06-01 23:00:00,RBB_M,5,10,2.5,1,53,46,-48,37,7,6,-1,4000,6000,48,554,69346.66488734407,600744.4009676964,531397.7360803524,1.1304986080649355,0.5144404332129964,125.17448535621673,2107.8750911147245,-1975.4562679567005,35319.759535642734,29746.99172419685,0.35319759535642736,5,5,1.0,110.8,28.680306832389366,0.2588475345883517,65,0.08639204220898836,1.9633957251991843,282.16420810623765,1.0032526143108629,True,False,False
1173,57169.94201238577,384192.9316885142,327022.9896761285,1.1748193363072263,0.5123614663256607,48.73822848455735,639.2561259376276,-571.718513419805,23520.705879904555,20612.124007991355,0.23520705879904555,10,5,0.5,117.3,22.436800128360552,0.19127706844297146,60,0.06884630506654255,2.4306218658696888,482.59254821617213,0.47868290574162875,2012-01-10 11:15:00,2021-05-31 18:30:00,RBB_M,5,10,1.5,1,29,46,52,-39,9,18,4,5000,3000,24,466,-85159.04732696048,381043.69522724126,466202.74255420174,0.8173347353977445,0.5021459227467812,-182.74473675313408,1628.3918599454755,-2009.4945799750076,96990.0834476553,96374.02157716468,0.969900834476553,5,1,0.2,93.2,26.5058484112469,0.2843975151421341,51,0.0,0.0,0.0,0.0,False,False,False
1109,54048.303233958795,438168.7065433394,384120.40330938064,1.1407066710549787,0.5184851217312895,48.73607144631091,762.0325331188511,-719.3265979576416,23643.228628968463,21996.574717904514,0.23643228628968463,10,7,0.7,110.9,20.50585282303567,0.18490399299400964,56,0.036837419139349514,2.2859950340173523,485.12791300822306,0.47741986107370665,2012-01-10 10:45:00,2021-06-01 23:00:00,RBB_M,5,10,2.5,1,53,46,-48,37,7,6,-1,2250,2000,0,572,-9454.189436224486,483587.9238992487,493042.1133354732,0.9808247831564204,0.5157342657342657,-16.528303210182667,1639.2810979635549,-1779.9354272038743,36193.41670086775,35600.58855215742,0.3619341670086775,5,2,0.4,114.4,28.408449447303525,0.24832560705684897,76,0.0,0.0,0.0,0.0,False,False,False
1379,63576.77821384939,479575.61711851915,415998.83890466974,1.1528292203440949,0.5126903553299492,46.10353750097853,678.3247766881459,-619.0458912271871,21357.151036512565,19853.57974804331,0.21357151036512564,10,6,0.6,137.9,27.1346641770264,0.19677058866589123,60,0.06277449270196915,2.9768379736209853,463.2432172056052,0.4751885254641109,2012-01-10 10:45:00,2021-06-01 23:00:00,RBB_M,5,10,2.5,1,53,46,-48,37,7,6,-1,2500,4000,48,575,10493.84060348024,529526.2964837821,519032.45588030195,1.0202180817106747,0.4765217391304348,18.25015757126998,1932.5777243933653,-1724.3603185392092,46457.70144198465,44796.48911013527,0.4645770144198465,5,3,0.6,115.0,28.41830396065184,0.24711568661436384,72,0.38031833632735357,0.22587946191407499,2545.605497407866,0.12753844389271266,False,False,False
1375,70610.86956674501,498885.2650247442,428274.39545799926,1.1648729653595875,0.517090909090909,51.35335968490546,701.6670394159553,-644.9915594246977,27382.44652673825,23612.446526738247,0.2738244652673825,10,6,0.6,137.5,26.92675249635574,0.19583092724622356,60,0.14149379637020326,2.578691042007343,533.2162626700917,0.4674509989483889,2012-01-10 10:45:00,2021-06-01 23:00:00,RBB_M,5,10,2.5,1,53,46,-48,37,7,6,-1,4000,10000,48,554,74762.6656479222,610169.4017282746,535406.7360803524,1.1396371405321692,0.5126353790613718,134.9506600143,2148.4838089023756,-1982.9879114087128,38154.70645138108,35674.8261286589,0.38154706451381076,5,4,0.8,110.8,28.680306832389366,0.2588475345883517,65,0.13363621954105204,1.9594611674758682,282.73078803273745,1.0406490912376707,True,False,False
1380,62312.444336958455,461495.0154087316,399182.5710717731,1.1561001127119717,0.513768115942029,45.153945171709026,650.909753749974,-594.9069613588273,21200.08969263197,19076.571564179743,0.21200089692631968,10,7,0.7,138.0,27.184554438136374,0.19698952491403168,60,0.06202893902761506,2.939253806959834,469.506919318199,0.46712187642875574,2012-01-10 10:45:00,2021-06-01 23:00:00,RBB_M,5,10,2.5,1,53,46,-48,37,7,6,-1,2250,3000,48,585,-312.0115559471378,501887.7616273348,502199.773183282,0.9993787102810313,0.48205128205128206,-0.5333530870891244,1779.743835557925,-1657.424994004231,41868.62062816773,40549.45470925757,0.4186862062816773,5,3,0.6,117.0,28.39013913315678,0.24265076182185283,74,0.0,0.0,0.0,0.0,False,False,False
1375,71122.41082955121,496339.39964310254,425216.9888135513,1.1672614516837587,0.5178181818181818,51.72538969421906,697.1058983751441,-641.352924303999,28071.938950030402,25042.34708446142,0.280719389500304,10,7,0.7,137.5,26.92675249635574,0.19583092724622356,60,0.07017478656567488,2.5335767136054628,542.7110190175673,0.46501923845592635,2012-01-10 10:45:00,2021-06-01 23:00:00,RBB_M,5,10,2.5,1,53,46,-48,37,7,6,-1,5000,5000,48,550,71482.46143099997,600193.5335206259,528711.072089626,1.1352013702843022,0.5272727272727272,129.96811169272723,2069.632874209055,-2033.5041234216385,39285.59121443702,34609.6724847039,0.3928559121443702,5,5,1.0,110.0,29.202739597510366,0.26547945088645786,64,0.06982132260257536,1.8195592638741034,302.2710009615025,0.987696505311758,True,False,False
1183,57122.116576162494,351284.97767531883,294162.8610991563,1.1941853446853299,0.4801352493660186,48.285812828539726,618.4594677382374,-478.31359528318103,24593.20992967664,23385.511006393957,0.2459320992967664,10,5,0.5,118.3,22.89563277133873,0.1935387385573857,61,0.08737421333723448,2.3226783628286443,509.3257934169148,0.46378349899397553,2012-01-10 11:15:00,2021-05-31 18:30:00,RBB_M,5,10,1.5,1,29,46,52,-39,9,18,4,1000,5000,24,489,-41391.18350506507,279706.24836043996,321097.43186550506,0.871094629238884,0.3047034764826176,-84.64454704512285,1877.2231433586574,-944.4042113691326,63467.69603435295,61259.03456640012,0.6346769603435295,5,1,0.2,97.8,28.992412800593193,0.29644593865637214,53,0.0,0.0,0.0,0.0,False,False,False
1377,66155.79570131596,486446.178614847,420290.3829135311,1.157404971397898,0.5156136528685549,48.043424619692054,685.1354628378127,-630.12051411324,24377.181345617108,22806.91186971753,0.24377181345617108,10,6,0.6,137.7,27.011293934204634,0.19616044977635902,60,0.06788520873176748,2.7138410615799287,507.39891126798193,0.4634955487798569,2012-01-10 10:45:00,2021-06-01 23:00:00,RBB_M,5,10,2.5,1,53,46,-48,37,7,6,-1,3000,4500,48,569,33903.02423741529,574434.2131987463,540531.1889613312,1.0627216799507206,0.4956063268892794,59.58352238561562,2037.000756023923,-1883.3839336631747,54750.97956429739,51821.22068245249,0.5475097956429739,5,2,0.4,113.8,28.833314065504158,0.2533683134051332,70,0.13246605873713604,0.6192222405372841,918.8946435552645,0.38356023988098076,True,False,False
841,37409.71701531254,342997.0301721094,305587.31315679685,1.1224190776405616,0.5600475624256838,44.48242213473548,728.231486564988,-825.9116571805321,21159.96879139095,20267.157616413446,0.2115996879139095,10,8,0.8,84.1,16.676030702778164,0.19828811775003763,47,0.03985595505546605,1.767947646053849,475.6928192286439,0.46061096307217136,2012-01-10 11:15:00,2021-05-31 19:00:00,RBB_M,5,10,1.5,1,29,46,52,-39,9,18,4,5000,1500,48,429,-71159.48418686037,370598.1595478925,441757.6437347529,0.8389173674839975,0.6083916083916084,-165.87292351249502,1419.916320106868,-2629.509784135434,99131.34667503848,96744.5487873015,0.9913134667503848,5,1,0.2,85.8,25.118917174114017,0.2927612724255713,52,0.0,0.0,0.0,0.0,False,False,False
1375,69449.76118331958,497724.15664131875,428274.39545799926,1.1621618334410337,0.517090909090909,50.50891722423243,700.0339755855398,-644.9915594246977,27382.44652673825,23612.446526738247,0.2738244652673825,10,6,0.6,137.5,26.92675249635574,0.19583092724622356,60,0.12714070525407858,2.5362876584275873,542.1309351213156,0.4597643456462861,2012-01-10 10:45:00,2021-06-01 23:00:00,RBB_M,5,10,2.5,1,53,46,-48,37,7,6,-1,4000,0,48,554,67342.75233382624,606758.4884141786,539415.7360803524,1.1248438779765124,0.5108303249097473,121.55731468199683,2144.0229272585816,-1990.4639707762083,38154.70645138108,35674.8261286589,0.38154706451381076,5,5,1.0,110.8,28.680306832389366,0.2588475345883517,65,0.24216685000391827,1.764992017947727,313.8824393348659,0.9373685837750417,True,False,False
1176,56985.58136983533,361400.26863128255,304414.6872614472,1.1871972140453695,0.4923469387755102,48.457127015166094,624.1800839918524,-509.9073488466452,26303.23620687737,25619.63142490471,0.2630323620687737,10,5,0.5,117.6,22.694492724006853,0.19298038030618073,60,0.07880940918815053,2.1664855579609483,542.814603900165,0.45004550020915884,2012-01-10 11:15:00,2021-05-31 18:30:00,RBB_M,5,10,1.5,1,29,46,52,-39,9,18,4,1250,4500,24,479,-41918.156803116195,307970.13647040544,349888.2932735216,0.8801956006846247,0.35490605427974947,-87.51180960984591,1811.5890380612084,-1132.324573700717,65535.82498956628,64131.54595145652,0.6553582498956628,5,1,0.2,95.8,27.621730575762268,0.28832704150064997,53,0.0,0.0,0.0,0.0,False,False,False
1375,67980.2565855533,496254.65204355255,428274.39545799926,1.1587306112775078,0.517090909090909,49.44018660767513,697.9671618052779,-644.9915594246977,27382.44652673825,23612.446526738247,0.2738244652673825,10,6,0.6,137.5,26.92675249635574,0.19583092724622356,60,0.11019375883897349,2.4826217233428114,553.8499832945084,0.45003607864716944,2012-01-10 10:45:00,2021-06-01 23:00:00,RBB_M,5,10,2.5,1,53,46,-48,37,7,6,-1,4000,7500,48,554,59338.90483831323,594745.6409186656,535406.7360803524,1.1108295821466985,0.5126353790613718,107.10993653125132,2094.1747919671325,-1982.9879114087128,38154.70645138108,35819.218340964086,0.38154706451381076,5,4,0.8,110.8,28.680306832389366,0.2588475345883517,65,0.1262409547397528,1.5552184869755525,356.22004537598366,0.8259600812768164,True,False,False
1178,52214.422954527676,378518.64674802247,326304.22379349475,1.1600176128506758,0.5118845500848896,44.324637482621114,627.725782335029,-567.4856065973821,22401.41350684918,21863.811845915312,0.22401413506849183,10,6,0.6,117.8,22.085289221561034,0.18748123278065396,62,0.07538030769484852,2.3308539409159708,505.3941730630593,0.44607803153936576,2012-01-10 11:15:00,2021-05-31 18:30:00,RBB_M,5,10,1.5,1,29,46,52,-39,9,18,4,4000,2500,24,472,-78347.92038521319,378663.2686725975,457011.1890578107,0.8285645466432936,0.5084745762711864,-165.99135674833303,1577.763619469156,-1969.8758149043565,88293.76695818374,86328.69134178688,0.8829376695818374,5,1,0.2,94.4,27.10424321024293,0.28712122044748867,52,0.0,0.0,0.0,0.0,False,False,False
1183,54665.35605861271,349837.2171577691,295171.8610991563,1.1851983988414436,0.47928994082840237,46.20909218817643,616.9968556574411,-479.1750991869421,24593.20992967664,23385.511006393957,0.2459320992967664,10,5,0.5,118.3,22.89563277133873,0.1935387385573857,61,0.13703377312622053,2.222782475932432,532.2158208502813,0.443836671787384,2012-01-10 11:15:00,2021-05-31 18:30:00,RBB_M,5,10,1.5,1,29,46,52,-39,9,18,4,1000,7500,24,487,-69687.26688714062,254492.96305599588,324180.2299431365,0.7850354202680272,0.2936344969199179,-143.09500387503206,1779.6710703216495,-942.3843893695829,80776.63098178696,78961.23114236738,0.8077663098178697,5,1,0.2,97.4,28.639832401744254,0.2940434538166761,53,0.0,0.0,0.0,0.0,False,False,False
1175,54421.77421767991,357577.4614791271,303155.6872614472,1.179517576296517,0.4927659574468085,46.31640358951481,617.5776536772489,-508.65048198229397,24888.4849266778,23680.78600339512,0.248884849266778,10,5,0.5,117.5,22.610838109190027,0.19243266475906406,60,0.1237939345020404,2.1866246329580945,537.3578904626372,0.44222058452597834,2012-01-10 11:15:00,2021-05-31 18:30:00,RBB_M,5,10,1.5,1,29,46,52,-39,9,18,4,1250,0,24,476,-67010.62961240647,285782.43586318416,352793.06547559064,0.81005684019874,0.34243697478991597,-140.7786336395094,1753.2664776882464,-1127.1343944907048,86080.79076157138,81709.51038674914,0.8608079076157138,5,1,0.2,95.2,27.15437349673161,0.2852350157219707,53,0.0,0.0,0.0,0.0,False,False,False
1375,63074.004185103346,491348.3996431026,428274.39545799926,1.1472747492122466,0.517090909090909,45.87200304371152,691.0666661647012,-644.9915594246977,24980.23913867643,23612.446526738247,0.24980239138676427,10,6,0.6,137.5,26.92675249635574,0.19583092724622356,60,0.0791292714721727,2.524955979602576,544.5639492758297,0.43717242763115044,2012-01-10 10:45:00,2021-06-01 23:00:00,RBB_M,5,10,2.5,1,53,46,-48,37,7,6,-1,4000,5000,48,556,70136.02628955277,595158.1435415957,525022.117252043,1.1335868032696288,0.5179856115107914,126.14393217545462,2066.5213317416515,-1959.0377509404589,35754.72541503426,30678.99009023806,0.3575472541503426,5,5,1.0,111.2,29.081953166869653,0.26152835581717315,65,0.07116171622548058,1.96158760766379,283.44387873768454,1.0048540699073367,True,False,False
1183,53641.35190815611,348813.21300731244,295171.8610991563,1.1817292194059668,0.47928994082840237,45.34349273724101,615.1908518647485,-479.1750991869421,24593.20992967664,23385.511006393957,0.2459320992967664,10,5,0.5,118.3,22.89563277133873,0.1935387385573857,61,0.11876917791575203,2.181144798159392,542.3757290200546,0.4355226201319294,2012-01-10 11:15:00,2021-05-31 18:30:00,RBB_M,5,10,1.5,1,29,46,52,-39,9,18,4,1000,6000,24,487,-54477.16629249241,267629.26557301264,322106.43186550506,0.8308721562094132,0.2997946611909651,-111.86276446097004,1833.0771614589908,-944.5936418343257,66318.63028464187,63751.13054771918,0.6631863028464187,5,1,0.2,97.4,28.639832401744254,0.2940434538166761,53,0.0,0.0,0.0,0.0,False,False,False
1377,62106.32190606558,482396.70481959666,420290.3829135311,1.147770028606253,0.5156136528685549,45.102630287629324,679.4319786191502,-630.12051411324,24377.181345617108,22806.91186971753,0.24377181345617108,10,6,0.6,137.7,27.011293934204634,0.19616044977635902,60,0.06426076891232262,2.547723669341779,540.4824771894343,0.4351244429817614,2012-01-10 10:45:00,2021-06-01 23:00:00,RBB_M,5,10,2.5,1,53,46,-48,37,7,6,-1,3000,4000,48,570,5057.689237593768,548597.8781989249,543540.1889613312,1.0093050879039114,0.49473684210526314,8.8731390133224,1945.3825468046984,-1887.2923227823999,62995.3561786632,60065.597296818305,0.629953561786632,5,3,0.6,114.0,28.53068523537421,0.25026916873135274,71,0.7890955360275919,0.0802866995981337,7099.556998270856,0.05325082889480681,False,False,False
889,42248.72813992061,311555.5501132772,269306.8219733566,1.1568795317932956,0.5016872890888638,47.523878672576615,698.5550450970342,-607.9160766892925,28142.29429234736,26338.64149296403,0.2814229429234736,10,8,0.8,88.9,19.490767044936945,0.21924372379006685,56,0.03529100320042917,1.5012538672587603,592.1716635596646,0.4267126157915364,2012-01-10 11:15:00,2021-05-31 19:00:00,RBB_M,5,10,1.5,1,29,46,52,-39,9,18,4,1000,1500,48,486,-36798.61148138922,264407.0484817339,301205.65996312315,0.8778289508706625,0.37448559670781895,-75.71730757487494,1452.7859806688675,-990.8080919839578,46602.724136255914,46278.062668303086,0.46602724136255913,5,0,0.0,97.2,29.687707894008927,0.3054290935597626,56,0.0,0.0,0.0,0.0,False,False,False
1375,65089.814309890295,490306.8031234417,425216.9888135513,1.1530743503252427,0.5178181818181818,47.33804677082931,688.633150454272,-641.352924303999,28071.938950030402,25042.34708446142,0.280719389500304,10,7,0.7,137.5,26.92675249635574,0.19583092724622356,60,0.06899697053395341,2.3186789635640683,593.0100810016716,0.42557634827876994,2012-01-10 10:45:00,2021-06-01 23:00:00,RBB_M,5,10,2.5,1,53,46,-48,37,7,6,-1,5000,4500,48,550,64785.02862806723,588487.1007176932,523702.072089626,1.1237058856184552,0.5290909090909091,117.79096114194041,2022.2924423288428,-2022.0157223537683,38544.88246702518,33868.963737292055,0.38544882467025177,5,5,1.0,110.0,29.202739597510366,0.26547945088645786,64,0.06932157158998824,1.6807686126294528,327.23124162793647,0.9037159707208878,True,False,False
1375,60686.910734459,485903.8995480104,425216.9888135513,1.1427198638130354,0.5178181818181818,44.13593507960655,682.449297117992,-641.352924303999,28071.938950030402,25042.34708446142,0.280719389500304,10,7,0.7,137.5,26.92675249635574,0.19583092724622356,60,0.06576376934826979,2.161835377402503,636.0336288196446,0.3967888698488172,2012-01-10 10:45:00,2021-06-01 23:00:00,RBB_M,5,10,2.5,1,53,46,-48,37,7,6,-1,5000,4000,48,551,33740.89825478686,562451.9703444128,528711.072089626,1.063817271920243,0.5281306715063521,61.23575000868758,1932.824640358807,-2033.5041234216385,40544.88246702518,35868.963737292055,0.4054488246702518,5,5,1.0,110.2,28.88875213642846,0.2621483859929987,65,0.11828375077221985,0.8321863624152335,662.1113068962662,0.45807899005015246,True,False,False
