n_trades,net_profit,gross_profit,gross_loss,profit_factor,win_rate,avg_trade,avg_win,avg_loss,max_dd,max_dd_closed,max_dd_pct,n_years,profitable_years,profitable_years_ratio,yearly_trades_mean,yearly_trades_std,yearly_trades_cv,min_yearly_trades,unger_score,top_trade_pct,np_dd,recovery_trades,first_trade,last_trade,engine,phase,p_le_day,p_lx_day,p_le_time,p_lx_time,p_se_day,p_sx_day,p_se_time,p_sx_time,p_ptn_ly_yes,p_ptn_ly_no,p_ptn_sy_yes,p_ptn_sy_no,p_stop_loss,p_take_profit,oos_n_trades,oos_net_profit,oos_gross_profit,oos_gross_loss,oos_profit_factor,oos_win_rate,oos_avg_trade,oos_avg_win,oos_avg_loss,oos_max_dd,oos_max_dd_closed,oos_max_dd_pct,oos_n_years,oos_profitable_years,oos_profitable_years_ratio,oos_yearly_trades_mean,oos_yearly_trades_std,oos_yearly_trades_cv,oos_min_yearly_trades,oos_top_trade_pct,oos_np_dd,oos_recovery_trades,oos_unger_score,passes_oos_gate,passes_oos_hard,overall_pass
156,166266.0,286197.0,119931.0,2.3863471496110265,0.5897435897435898,1065.8076923076924,3110.836956521739,-1873.921875,13986.0,12274.0,0.13986,10,8,0.8,15.6,3.4698703145794947,0.22242758426791634,9,13.574862618203046,0.06757845861450928,11.888030888030888,13.122442351412795,2012-03-26 07:00:00,2021-05-28 01:00:00,BIASW,7,0,4,700,100,3,0,0,100,144,20,29,62,4000,10000,66,-18939.0,156926.0,175865.0,0.8923094419014586,0.3181818181818182,-286.95454545454544,7472.666666666667,-3908.1111111111113,51284.0,47698.0,0.51284,5,3,0.6,13.2,5.114684741017769,0.3874761167437704,7,0.0,0.0,0.0,0.0,False,False,False
156,201476.0,321407.0,119931.0,2.679932627927725,0.5897435897435898,1291.5128205128206,3493.554347826087,-1873.921875,20715.0,12274.0,0.20715,10,8,0.8,15.6,3.4698703145794947,0.22242758426791634,9,13.516355552158789,0.11438583255573864,9.726092203717114,16.039329746471044,2012-03-26 07:00:00,2021-05-28 01:00:00,BIASW,7,0,4,700,100,3,0,0,100,144,20,29,62,4000,0,66,-13004.0,162861.0,175865.0,0.9260569186591988,0.3181818181818182,-197.03030303030303,7755.285714285715,-3908.1111111111113,45843.0,40043.0,0.45843,5,3,0.6,13.2,5.114684741017769,0.3874761167437704,7,0.0,0.0,0.0,0.0,False,False,False
156,194621.0,321407.0,126786.0,2.535035414004701,0.5897435897435898,1247.570512820513,3493.554347826087,-1981.03125,20715.0,14557.0,0.20715,10,7,0.7,15.6,3.4698703145794947,0.22242758426791634,9,13.056476373943775,0.11841476510756804,9.395172580255853,16.604271892550134,2012-03-26 07:00:00,2021-05-28 01:00:00,BIASW,7,0,4,700,100,3,0,0,100,144,20,29,62,5000,0,66,22416.0,205046.0,182630.0,1.1227399660515798,0.3939393939393939,339.6363636363636,7886.384615384615,-4565.75,44577.0,39593.0,0.44577,5,4,0.8,13.2,5.114684741017769,0.3874761167437704,7,0.894941113490364,0.5028602193956525,131.24919700214133,2.42304856275946,False,False,False
157,188942.0,310984.0,122042.0,2.548171940807263,0.5668789808917197,1203.4522292993631,3494.2022471910113,-1794.735294117647,20715.0,9981.0,0.20715,10,7,0.7,15.7,3.4365680554879163,0.2188896850629246,9,12.594755516859268,0.1219739390924199,9.121023412985759,17.2129807030729,2012-03-26 07:00:00,2021-05-28 01:00:00,BIASW,7,0,4,700,100,3,0,0,100,144,20,29,62,3000,0,67,4777.0,149623.0,144846.0,1.0329798544661226,0.26865671641791045,71.29850746268657,8312.388888888889,-2956.0408163265306,39531.0,34323.0,0.39531,5,3,0.6,13.4,5.314132102234569,0.3965770225548186,7,3.6583629893238436,0.1208418709367332,554.4435838392296,0.5401506374135006,False,False,False
165,193875.0,324022.0,130147.0,2.489661690242572,0.5878787878787879,1175.0,3340.4329896907216,-1913.9264705882354,20715.0,14557.0,0.20715,10,7,0.7,16.5,3.4132096331752027,0.20686118988940622,9,12.296988091438713,0.11887040618955512,9.359160028964519,17.629787234042553,2012-03-15 00:00:00,2021-05-28 01:00:00,BIASW,8,0,4,700,100,3,0,0,100,144,20,29,153,5000,0,66,22416.0,205046.0,182630.0,1.1227399660515798,0.3939393939393939,339.6363636363636,7886.384615384615,-4565.75,44577.0,39593.0,0.44577,5,4,0.8,13.2,5.114684741017769,0.3874761167437704,7,0.894941113490364,0.5028602193956525,131.24919700214133,2.42304856275946,False,False,False
156,159411.0,286197.0,126786.0,2.257323363778335,0.5897435897435898,1021.8653846153846,3110.836956521739,-1981.03125,15931.0,14557.0,0.15931,10,7,0.7,15.6,3.4698703145794947,0.22242758426791634,9,12.194823630987187,0.07048447095871678,10.006339840562426,15.590116114948152,2012-03-26 07:00:00,2021-05-28 01:00:00,BIASW,7,0,4,700,100,3,0,0,100,144,20,29,62,5000,10000,66,18991.0,199982.0,180991.0,1.1049278693415694,0.4090909090909091,287.74242424242425,7406.740740740741,-4640.794871794872,37162.0,33434.0,0.37162,5,4,0.8,13.2,5.114684741017769,0.3874761167437704,7,0.5260913064082987,0.5110327754157473,129.15022905586858,2.248317875544594,False,False,False
163,188063.0,322585.0,134522.0,2.3980092475580204,0.5828220858895705,1153.760736196319,3395.6315789473683,-1978.264705882353,20715.0,16325.0,0.20715,10,7,0.7,16.3,3.7960505792204615,0.2328865386024823,9,12.07470811351123,0.12254404109261258,9.078590393434709,17.95432913438582,2012-03-26 07:00:00,2021-05-28 01:00:00,BIASW,8,0,4,700,100,3,0,0,100,144,20,152,62,5000,0,70,13030.0,207747.0,194717.0,1.0669176291746483,0.38571428571428573,186.14285714285714,7694.333333333333,-4528.302325581395,49586.0,44602.0,0.49586,5,3,0.6,14.0,5.403702434442518,0.38597874531732274,7,1.5396009209516501,0.26277578348727465,266.38679969301614,1.2591289005752737,False,False,False
160,123830.0,191881.0,68051.0,2.8196646632672553,0.4125,773.9375,2907.287878787879,-723.9468085106383,9485.0,5313.0,0.09485,10,9,0.9,16.0,3.3763886032268267,0.21102428770167667,9,11.969901519340414,0.09073730113865784,13.055350553505535,12.25551158846806,2012-03-26 07:00:00,2021-05-28 01:00:00,BIASW,7,0,4,700,100,3,0,0,100,144,20,29,62,750,10000,68,2128.0,49186.0,47058.0,1.045220791363849,0.08823529411764706,31.294117647058822,8197.666666666666,-759.0,17439.0,15180.0,0.17439,5,2,0.4,13.6,5.083306010855534,0.373772500798201,7,4.695018796992481,0.12202534548999369,557.2612781954888,0.3569482661516352,False,False,False
157,152977.0,275019.0,122042.0,2.253478310745481,0.5668789808917197,974.375796178344,3090.1011235955057,-1794.735294117647,15396.0,9981.0,0.15396,10,7,0.7,15.7,3.4365680554879163,0.2188896850629246,9,11.828396956612439,0.07344894984213313,9.93615224733697,15.800885100374565,2012-03-26 07:00:00,2021-05-28 01:00:00,BIASW,7,0,4,700,100,3,0,0,100,144,20,29,62,3000,10000,67,-2618.0,142228.0,144846.0,0.9819256313602033,0.26865671641791045,-39.07462686567164,7901.555555555556,-2956.0408163265306,35001.0,29793.0,0.35001,5,2,0.4,13.4,5.314132102234569,0.3965770225548186,7,0.0,0.0,0.0,0.0,False,False,False
156,143336.0,263267.0,119931.0,2.1951538801477515,0.5897435897435898,918.8205128205128,2861.5978260869565,-1873.921875,13986.0,12274.0,0.13986,10,8,0.8,15.6,3.4698703145794947,0.22242758426791634,9,11.702732418189838,0.052261818384774235,10.248534248534249,15.221688898811186,2012-03-26 07:00:00,2021-05-28 01:00:00,BIASW,7,0,4,700,100,3,0,0,100,144,20,29,62,4000,7500,67,-23748.0,149053.0,172801.0,0.862570239755557,0.34328358208955223,-354.44776119402985,6480.565217391304,-3927.2954545454545,71945.0,67480.0,0.71945,5,2,0.4,13.4,4.882622246293481,0.3643747944995135,7,0.0,0.0,0.0,0.0,False,False,False
160,125065.0,206786.0,81721.0,2.5303899854382594,0.44375,781.65625,2912.478873239437,-918.2134831460675,10735.0,7063.0,0.10735,10,8,0.8,16.0,3.3763886032268267,0.21102428770167667,9,11.363657485161808,0.0898412825330828,11.65020959478342,13.733658497581258,2012-03-26 07:00:00,2021-05-28 01:00:00,BIASW,7,0,4,700,100,3,0,0,100,144,20,29,62,1000,10000,68,5543.0,66083.0,60540.0,1.091559299636604,0.11764705882352941,81.51470588235294,8260.375,-1009.0,22095.0,17835.0,0.22095,5,3,0.6,13.6,5.083306010855534,0.373772500798201,7,1.8024535450117265,0.25087123783661464,271.0553851704853,0.826023337619792,False,False,False
160,128430.0,222285.0,93855.0,2.368387406105162,0.46875,802.6875,2963.8,-1104.1764705882354,11985.0,8813.0,0.11985,10,7,0.7,16.0,3.3763886032268267,0.21102428770167667,9,11.044112842939647,0.08748734719302344,10.715894868585732,14.931090866619948,2012-03-26 07:00:00,2021-05-28 01:00:00,BIASW,7,0,4,700,100,3,0,0,100,144,20,29,62,1250,10000,68,-9457.0,66083.0,75540.0,0.8748080487159121,0.11764705882352941,-139.0735294117647,8260.375,-1259.0,28095.0,23916.0,0.28095,5,2,0.4,13.6,5.083306010855534,0.373772500798201,7,0.0,0.0,0.0,0.0,False,False,False
156,131551.0,247473.0,115922.0,2.13482341574507,0.5961538461538461,843.275641025641,2661.0,-1840.031746031746,13242.0,12274.0,0.13242,10,8,0.8,15.6,3.4698703145794947,0.22242758426791634,9,11.038145598340485,0.04554127296637806,9.934375471983085,15.703050527932133,2012-03-26 07:00:00,2021-05-25 08:15:00,BIASW,7,0,4,700,100,3,0,0,100,144,20,29,62,4000,6000,67,-30748.0,134035.0,164783.0,0.813403081628566,0.373134328358209,-458.92537313432837,5361.4,-3923.404761904762,69945.0,66165.0,0.69945,5,2,0.4,13.4,4.882622246293481,0.3643747944995135,7,0.0,0.0,0.0,0.0,False,False,False
160,101190.0,179884.0,78694.0,2.2858667751035657,0.4625,632.4375,2430.864864864865,-915.046511627907,7813.0,7063.0,0.07813,10,8,0.8,16.0,3.3763886032268267,0.21102428770167667,9,10.77735170593836,0.04932305563790888,12.951491104569307,12.353789900187765,2012-03-26 07:00:00,2021-05-24 18:15:00,BIASW,7,0,4,700,100,3,0,0,100,144,20,29,62,1000,5000,68,9388.0,64883.0,55495.0,1.1691683935489683,0.19117647058823528,138.05882352941177,4991.0,-1009.0,15023.0,13171.0,0.15023,5,3,0.6,13.6,5.083306010855534,0.373772500798201,7,0.5316361312313592,0.6249084736737003,108.81593523647209,1.6966379980347752,False,False,False
156,142756.0,248677.0,105921.0,2.3477591790107724,0.6217948717948718,915.1025641025641,2563.680412371134,-1795.2711864406779,16365.0,13920.0,0.16365,10,7,0.7,15.6,3.4698703145794947,0.22242758426791634,9,10.774946490481128,0.034961752921068116,8.723250840207761,17.883241334865083,2012-03-26 07:00:00,2021-05-24 18:15:00,BIASW,7,0,4,700,100,3,0,0,100,144,20,29,62,5000,5000,67,15217.0,165901.0,150684.0,1.1009861697326857,0.5373134328358209,227.11940298507463,4608.361111111111,-4860.774193548387,40022.0,37152.0,0.40022,5,3,0.6,13.4,4.882622246293481,0.3643747944995135,7,0.3279884339883026,0.3802158812653041,176.2156798317671,1.7100475976903375,False,False,False
156,130791.0,238695.0,107904.0,2.2121052046263343,0.6089743589743589,838.4038461538462,2512.5789473684213,-1768.9180327868853,13755.0,12274.0,0.13755,10,8,0.8,15.6,3.4698703145794947,0.22242758426791634,9,10.767783607613168,0.03816011805093623,9.508615049073065,16.406174736793815,2012-03-26 07:00:00,2021-05-24 18:15:00,BIASW,7,0,4,700,100,3,0,0,100,144,20,29,62,4000,5000,67,-21958.0,130798.0,152756.0,0.8562544188116997,0.417910447761194,-327.7313432835821,4671.357142857143,-3916.8205128205127,65945.0,61480.0,0.65945,5,2,0.4,13.4,4.882622246293481,0.3643747944995135,7,0.0,0.0,0.0,0.0,False,False,False
158,161768.0,277254.0,115486.0,2.400758533501896,0.5316455696202531,1023.8481012658228,3300.6428571428573,-1560.6216216216217,20715.0,15813.0,0.20715,10,7,0.7,15.8,3.4583232931581165,0.21888122108595673,9,10.715104603155712,0.1424632807477375,7.80922037171132,20.23249344740616,2012-03-26 07:00:00,2021-05-28 01:00:00,BIASW,7,0,4,700,100,3,0,0,100,144,20,29,62,2250,0,68,8283.0,130334.0,122051.0,1.067865072797437,0.20588235294117646,121.80882352941177,9309.57142857143,-2260.203703703704,33757.0,30683.0,0.33757,5,3,0.6,13.6,5.083306010855534,0.373772500798201,7,2.109863575999034,0.24537133039073378,277.1309911867681,0.9986198201020579,False,False,False
160,89755.0,157047.0,67292.0,2.3338138263092194,0.41875,560.96875,2343.9850746268658,-723.5698924731183,6379.0,5313.0,0.06379,10,9,0.9,16.0,3.3763886032268267,0.21102428770167667,9,10.579514111703793,0.0556069299760459,14.070387208026336,11.371399922009916,2012-03-26 07:00:00,2021-05-24 18:15:00,BIASW,7,0,4,700,100,3,0,0,100,144,20,29,62,750,5000,68,11638.0,54901.0,43263.0,1.2690058479532165,0.16176470588235295,171.14705882352942,4991.0,-759.0,12255.0,9867.0,0.12255,5,3,0.6,13.6,5.083306010855534,0.373772500798201,7,0.4288537549407115,0.9496532027743778,71.6050867846709,2.3287139083368125,False,False,False
156,136696.0,253464.0,116768.0,2.1706631953959987,0.6025641025641025,876.2564102564103,2696.425531914894,-1883.3548387096773,15700.0,14557.0,0.157,10,7,0.7,15.6,3.4698703145794947,0.22242758426791634,9,10.533791951389336,0.04382717855679757,8.706751592356689,17.917129981857553,2012-03-26 07:00:00,2021-05-25 08:15:00,BIASW,7,0,4,700,100,3,0,0,100,144,20,29,62,5000,6000,67,8742.0,174453.0,165711.0,1.052754494270145,0.4925373134328358,130.47761194029852,5286.454545454545,-4873.85294117647,49049.0,47134.0,0.49049,5,3,0.6,13.4,4.882622246293481,0.3643747944995135,7,0.685312285518188,0.17822993333197415,375.91889727751084,0.8874099121466325,False,False,False
159,159874.0,269415.0,109541.0,2.4594900539524014,0.5031446540880503,1005.496855345912,3367.6875,-1386.5949367088608,20715.0,12313.0,0.20715,10,6,0.6,15.9,3.419064199455752,0.21503548424250013,9,10.523049239291705,0.14415101892740534,7.717789041757181,20.60175513216658,2012-03-26 07:00:00,2021-05-28 01:00:00,BIASW,7,0,4,700,100,3,0,0,100,144,20,29,62,1750,0,68,17073.0,116142.0,99069.0,1.1723344335765982,0.17647058823529413,251.0735294117647,9678.5,-1769.0892857142858,32977.0,29903.0,0.32977,5,3,0.6,13.6,5.083306010855534,0.373772500798201,7,1.0236045217595033,0.5177244746338358,131.3439934399344,2.0825656947773608,False,False,False
156,136481.0,263267.0,126786.0,2.076467433312826,0.5897435897435898,874.8782051282051,2861.5978260869565,-1981.03125,15931.0,14557.0,0.15931,10,7,0.7,15.6,3.4698703145794947,0.22242758426791634,9,10.4406955855039,0.05488676079454283,8.567007720795932,18.209391783471695,2012-03-26 07:00:00,2021-05-28 01:00:00,BIASW,7,0,4,700,100,3,0,0,100,144,20,29,62,5000,7500,67,22742.0,198471.0,175729.0,1.1294151790541118,0.4626865671641791,339.43283582089555,6402.290322580645,-4881.361111111111,48900.0,45231.0,0.489,5,3,0.6,13.4,4.882622246293481,0.3643747944995135,7,0.3293905549204116,0.4650715746421268,144.06384662738543,2.312079577421231,False,False,False
158,157043.0,271031.0,113988.0,2.377715198091027,0.5126582278481012,993.9430379746835,3346.061728395062,-1480.3636363636363,20715.0,14063.0,0.20715,10,7,0.7,15.8,3.4583232931581165,0.21888122108595673,9,10.402132511951574,0.1467496163471151,7.581124788800386,20.841234566328968,2012-03-26 07:00:00,2021-05-28 01:00:00,BIASW,7,0,4,700,100,3,0,0,100,144,20,29,62,2000,0,68,21533.0,130334.0,108801.0,1.197911783899045,0.20588235294117646,316.6617647058824,9309.57142857143,-2014.8333333333333,29757.0,26683.0,0.29757,5,4,0.8,13.6,5.083306010855534,0.373772500798201,7,0.8115915107045001,0.7236280539032832,93.970928342544,2.7650590463885987,False,False,False
160,106945.0,174996.0,68051.0,2.571541931786454,0.4125,668.40625,2651.4545454545455,-723.9468085106383,9485.0,5313.0,0.09485,10,9,0.9,16.0,3.3763886032268267,0.21102428770167667,9,10.337730097600424,0.07004535041376408,11.275171323141803,14.190471737809155,2012-03-26 07:00:00,2021-05-28 01:00:00,BIASW,7,0,4,700,100,3,0,0,100,144,20,29,62,750,7500,68,1488.0,47787.0,46299.0,1.0321389230868918,0.10294117647058823,21.88235294117647,6826.714285714285,-759.0,18625.0,16236.0,0.18625,5,2,0.4,13.6,5.083306010855534,0.373772500798201,7,5.034274193548387,0.07989261744966443,851.1424731182796,0.24151784918510352,False,False,False
160,96690.0,174375.0,77685.0,2.2446418227457037,0.46875,604.3125,2325.0,-913.9411764705883,7793.0,7063.0,0.07793,10,8,0.8,16.0,3.3763886032268267,0.21102428770167667,9,10.311280331458839,0.046447409246044055,12.407288592326447,12.895645878581032,2012-03-26 07:00:00,2021-05-24 16:30:00,BIASW,7,0,4,700,100,3,0,0,100,144,20,29,62,1000,4500,68,8388.0,62874.0,54486.0,1.153947803105385,0.20588235294117646,123.3529411764706,4491.0,-1009.0,10315.0,9081.0,0.10315,5,3,0.6,13.6,5.083306010855534,0.373772500798201,7,0.5354077253218884,0.8131846825012118,83.62184072484501,1.8294403246432656,False,False,False
160,157170.0,251025.0,93855.0,2.674604443023813,0.46875,982.3125,3347.0,-1104.1764705882354,20715.0,8813.0,0.20715,10,7,0.7,16.0,3.3763886032268267,0.21102428770167667,9,10.280412863465013,0.1466310364573392,7.587255611875452,21.087993891964114,2012-03-26 07:00:00,2021-05-28 01:00:00,BIASW,7,0,4,700,100,3,0,0,100,144,20,29,62,1250,0,68,-2752.0,72788.0,75540.0,0.9635689700820758,0.11764705882352941,-40.470588235294116,9098.5,-1259.0,28095.0,23835.0,0.28095,5,2,0.4,13.6,5.083306010855534,0.373772500798201,7,0.0,0.0,0.0,0.0,False,False,False
158,159193.0,278495.0,119302.0,2.3343699183584516,0.5379746835443038,1007.5506329113924,3276.4117647058824,-1634.2739726027398,21803.0,17563.0,0.21803,10,7,0.7,15.8,3.4583232931581165,0.21888122108595673,9,10.278082691373836,0.1447676719453745,7.301426409209742,21.639607269163843,2012-03-26 07:00:00,2021-05-28 01:00:00,BIASW,7,0,4,700,100,3,0,0,100,144,20,29,62,2500,0,67,15482.0,141346.0,125864.0,1.1230057840208478,0.23880597014925373,231.07462686567163,8834.125,-2467.921568627451,37757.0,34683.0,0.37757,5,3,0.6,13.4,5.314132102234569,0.3965770225548186,7,1.1287947293631313,0.41004317080276503,163.3974292727038,1.7912527705169585,False,False,False
157,132547.0,254589.0,122042.0,2.0860769243375232,0.5668789808917197,844.2484076433121,2860.550561797753,-1794.735294117647,15396.0,9981.0,0.15396,10,7,0.7,15.7,3.4365680554879163,0.2188896850629246,9,10.248720601189127,0.056515801941952666,8.60918420368927,18.23633880812089,2012-03-26 07:00:00,2021-05-28 01:00:00,BIASW,7,0,4,700,100,3,0,0,100,144,20,29,62,3000,7500,68,-13872.0,130974.0,144846.0,0.904229319415103,0.27941176470588236,-204.0,6893.368421052632,-2956.0408163265306,46417.0,40659.0,0.46417,5,1,0.2,13.6,5.083306010855534,0.373772500798201,7,0.0,0.0,0.0,0.0,False,False,False
160,153805.0,235526.0,81721.0,2.882074375007648,0.44375,961.28125,3317.2676056338028,-918.2134831460675,20715.0,7063.0,0.20715,10,8,0.8,16.0,3.3763886032268267,0.21102428770167667,9,10.060309858530484,0.1498390819544228,7.424812937484914,21.54936445499171,2012-03-26 07:00:00,2021-05-28 01:00:00,BIASW,7,0,4,700,100,3,0,0,100,144,20,29,62,1000,0,68,12248.0,72788.0,60540.0,1.2023125206475058,0.11764705882352941,180.11764705882354,9098.5,-1009.0,22095.0,17835.0,0.22095,5,2,0.4,13.6,5.083306010855534,0.373772500798201,7,1.3905127367733507,0.5543335596288753,122.66982364467668,1.8252090635336844,False,False,False
157,136482.0,238268.0,101786.0,2.3408720256223843,0.6242038216560509,869.312101910828,2431.3061224489797,-1725.1864406779662,17045.0,14920.0,0.17045,10,7,0.7,15.7,3.4365680554879163,0.2188896850629246,9,10.02952990117759,0.03290543807974678,8.007157524200645,19.60745739364898,2012-03-26 07:00:00,2021-05-24 16:30:00,BIASW,7,0,4,700,100,3,0,0,100,144,20,29,62,5000,4500,67,4122.0,154392.0,150270.0,1.0274306248752245,0.5522388059701493,61.52238805970149,4172.756756756757,-5009.0,41617.0,38747.0,0.41617,5,3,0.6,13.4,4.882622246293481,0.3643747944995135,7,1.0895196506550218,0.09904606290698513,676.4529354682194,0.4542565039576704,False,False,False
160,152570.0,220621.0,68051.0,3.241994974357467,0.4125,953.5625,3342.742424242424,-723.9468085106383,20715.0,5313.0,0.20715,10,9,0.9,16.0,3.3763886032268267,0.21102428770167667,9,9.979529112291512,0.1510519761420987,7.365194303644702,21.723798911974832,2012-03-26 07:00:00,2021-05-28 01:00:00,BIASW,7,0,4,700,100,3,0,0,100,144,20,29,62,750,0,68,7818.0,54876.0,47058.0,1.166135407369629,0.08823529411764706,114.97058823529412,9146.0,-759.0,18875.0,16666.0,0.18875,5,2,0.4,13.6,5.083306010855534,0.373772500798201,7,2.1784343821949346,0.41419867549668876,164.17242261447942,1.2605109650461384,False,False,False
160,102580.0,192658.0,90078.0,2.1387908257288126,0.4875,641.125,2469.974358974359,-1098.5121951219512,9543.0,8813.0,0.09543,10,7,0.7,16.0,3.3763886032268267,0.21102428770167667,9,9.885613001039399,0.04865470852017937,10.749240280834119,14.884772860206668,2012-03-26 07:00:00,2021-05-24 18:15:00,BIASW,7,0,4,700,100,3,0,0,100,144,20,29,62,1250,5000,68,1888.0,69874.0,67986.0,1.0277704233224487,0.20588235294117646,27.764705882352942,4991.0,-1259.0,19023.0,17716.0,0.19023,5,3,0.6,13.6,5.083306010855534,0.373772500798201,7,2.64353813559322,0.09924827839983179,685.1504237288135,0.30321936085214746,False,False,False
160,108630.0,190351.0,81721.0,2.329278887923545,0.44375,678.9375,2681.0,-918.2134831460675,10735.0,7063.0,0.10735,10,8,0.8,16.0,3.3763886032268267,0.21102428770167667,9,9.870340323936569,0.06895885114609224,10.119236143455986,15.811470127957286,2012-03-26 07:00:00,2021-05-28 01:00:00,BIASW,7,0,4,700,100,3,0,0,100,144,20,29,62,1000,7500,68,3238.0,62769.0,59531.0,1.0543918294670005,0.1323529411764706,47.61764705882353,6974.333333333333,-1009.0,20227.0,17153.0,0.20227,5,2,0.4,13.6,5.083306010855534,0.373772500798201,7,2.3134651019147623,0.16008305729964897,424.77949351451514,0.5043192541077535,False,False,False
159,133829.0,243370.0,109541.0,2.221725198784017,0.5031446540880503,841.6918238993711,3042.125,-1386.5949367088608,16553.0,12313.0,0.16553,10,6,0.6,15.9,3.419064199455752,0.21503548424250013,9,9.854125876584922,0.08395788655672537,8.084878873920136,19.666342870379363,2012-03-26 07:00:00,2021-05-28 01:00:00,BIASW,7,0,4,700,100,3,0,0,100,144,20,29,62,1750,10000,68,4168.0,103237.0,99069.0,1.042071687409785,0.17647058823529413,61.294117647058826,8603.083333333334,-1769.0892857142858,32977.0,29903.0,0.32977,5,3,0.6,13.6,5.083306010855534,0.373772500798201,7,2.3970729366602685,0.12639112108439216,538.0124760076775,0.5084129219136672,False,False,False
157,121382.0,229286.0,107904.0,2.124907325029656,0.6114649681528662,773.1337579617834,2388.3958333333335,-1768.9180327868853,14255.0,12274.0,0.14255,10,8,0.8,15.7,3.4365680554879163,0.2188896850629246,9,9.753811999110074,0.036998896047189866,8.515047351806384,18.437947965925755,2012-03-26 07:00:00,2021-05-24 16:30:00,BIASW,7,0,4,700,100,3,0,0,100,144,20,29,62,4000,4500,67,-29553.0,122789.0,152342.0,0.8060088485119008,0.43283582089552236,-441.089552238806,4234.103448275862,-4009.0,69040.0,64575.0,0.6904,5,2,0.4,13.4,4.882622246293481,0.3643747944995135,7,0.0,0.0,0.0,0.0,False,False,False
160,111770.0,205625.0,93855.0,2.1908795482393053,0.46875,698.5625,2741.6666666666665,-1104.1764705882354,11985.0,8813.0,0.11985,10,7,0.7,16.0,3.3763886032268267,0.21102428770167667,9,9.611465330961337,0.06702156213653038,9.325823946599916,17.156661000268407,2012-03-26 07:00:00,2021-05-28 01:00:00,BIASW,7,0,4,700,100,3,0,0,100,144,20,29,62,1250,7500,68,-11512.0,62769.0,74281.0,0.8450209340208129,0.1323529411764706,-169.2941176470588,6974.333333333333,-1259.0,27907.0,25558.0,0.27907,5,2,0.4,13.6,5.083306010855534,0.373772500798201,7,0.0,0.0,0.0,0.0,False,False,False
160,81255.0,148547.0,67292.0,2.207498662545325,0.41875,507.84375,2217.1194029850744,-723.5698924731183,6379.0,5313.0,0.06379,10,9,0.9,16.0,3.3763886032268267,0.21102428770167667,9,9.577610374313316,0.055270444895698725,12.73788995140304,12.560950095378747,2012-03-26 07:00:00,2021-05-24 16:30:00,BIASW,7,0,4,700,100,3,0,0,100,144,20,29,62,750,4500,68,11388.0,53892.0,42504.0,1.2679277244494636,0.17647058823529413,167.47058823529412,4491.0,-759.0,11042.0,9867.0,0.11042,5,3,0.6,13.6,5.083306010855534,0.373772500798201,7,0.39436248682824027,1.031334903097265,65.93396557780119,2.4005902011216222,False,False,False
160,144155.0,251506.0,107351.0,2.3428379800840236,0.475,900.96875,3309.2894736842104,-1277.9880952380952,20715.0,10563.0,0.20715,10,6,0.6,16.0,3.40587727318528,0.21286732957408,9,9.42910807617738,0.1598695848218931,6.958966932174753,22.991918421143907,2012-03-26 07:00:00,2021-05-28 01:00:00,BIASW,7,0,4,700,100,3,0,0,100,144,20,29,62,1500,0,68,26623.0,113451.0,86828.0,1.3066176809324181,0.16176470588235295,391.5147058823529,10313.727272727272,-1523.298245614035,28727.0,25653.0,0.28727,5,3,0.6,13.6,5.083306010855534,0.373772500798201,7,0.6564248957668182,0.9267587983430222,73.37399992487698,3.4794155249191814,False,False,False
160,97830.0,186649.0,88819.0,2.1014535178283924,0.49375,611.4375,2362.6455696202534,-1096.530864197531,9543.0,8813.0,0.09543,10,7,0.7,16.0,3.3763886032268267,0.21102428770167667,9,9.42785650118624,0.045906163753449865,10.251493241119144,15.607482367371972,2012-03-26 07:00:00,2021-05-24 16:30:00,BIASW,7,0,4,700,100,3,0,0,100,144,20,29,62,1250,4500,68,638.0,67365.0,66727.0,1.0095613469809823,0.22058823529411764,9.382352941176471,4491.0,-1259.0,14869.0,12966.0,0.14869,5,3,0.6,13.6,5.083306010855534,0.373772500798201,7,7.039184952978056,0.04290806375680947,1584.783699059561,0.11589754589122436,False,False,False
157,121262.0,240295.0,119033.0,2.0187258995404638,0.5732484076433121,772.3694267515923,2669.9444444444443,-1776.6119402985075,15396.0,9981.0,0.15396,10,7,0.7,15.7,3.4365680554879163,0.2188896850629246,9,9.376148517442083,0.049405419669805876,7.876201610808002,19.933466378585212,2012-03-26 07:00:00,2021-05-25 08:15:00,BIASW,7,0,4,700,100,3,0,0,100,144,20,29,62,3000,6000,68,-19872.0,118956.0,138828.0,0.856858846918489,0.3088235294117647,-292.2352941176471,5664.571428571428,-2953.7872340425533,46417.0,40659.0,0.46417,5,1,0.2,13.6,5.083306010855534,0.373772500798201,7,0.0,0.0,0.0,0.0,False,False,False
160,102845.0,183557.0,80712.0,2.274221924868669,0.45,642.78125,2549.402777777778,-917.1818181818181,10735.0,7063.0,0.10735,10,8,0.8,16.0,3.3763886032268267,0.21102428770167667,9,9.344703586626682,0.058252710389420974,9.580344666977178,16.700860518255627,2012-03-26 07:00:00,2021-05-25 08:15:00,BIASW,7,0,4,700,100,3,0,0,100,144,20,29,62,1000,6000,68,5238.0,62751.0,57513.0,1.091075061290491,0.16176470588235295,77.02941176470588,5704.636363636364,-1009.0,19410.0,17216.0,0.1941,5,3,0.6,13.6,5.083306010855534,0.373772500798201,7,1.1437571592210767,0.2698608964451314,251.98167239404353,0.8328123721244122,False,False,False
160,87210.0,164895.0,77685.0,2.122610542575787,0.46875,545.0625,2198.6,-913.9411764705883,7793.0,7063.0,0.07793,10,8,0.8,16.0,3.3763886032268267,0.21102428770167667,9,9.300307764055491,0.04576310056186217,11.19081226741948,14.297442953789703,2012-03-26 07:00:00,2021-05-24 16:15:00,BIASW,7,0,4,700,100,3,0,0,100,144,20,29,62,1000,4000,68,16388.0,67847.0,51459.0,1.3184671291707961,0.25,241.0,3991.0,-1009.0,10186.0,9081.0,0.10186,5,4,0.8,13.6,5.083306010855534,0.373772500798201,7,0.2435318525750549,1.6088749263695268,42.2655601659751,3.5968188147180133,False,False,False
160,95660.0,163711.0,68051.0,2.405710423065054,0.4125,597.875,2480.469696969697,-723.9468085106383,9485.0,5313.0,0.09485,10,9,0.9,16.0,3.3763886032268267,0.21102428770167667,9,9.246877003473344,0.06262805770436965,10.085397996837111,15.864520175621994,2012-03-26 07:00:00,2021-05-25 08:15:00,BIASW,7,0,4,700,100,3,0,0,100,144,20,29,62,750,6000,68,12738.0,56760.0,44022.0,1.2893553223388305,0.14705882352941177,187.3235294117647,5676.0,-759.0,15660.0,11547.0,0.1566,5,3,0.6,13.6,5.083306010855534,0.373772500798201,7,0.470325011775789,0.8134099616858238,83.59868111163449,2.254757331048679,False,False,False
157,119502.0,232517.0,113015.0,2.0573994602486394,0.5859872611464968,761.1592356687898,2527.358695652174,-1738.6923076923076,15396.0,9981.0,0.15396,10,7,0.7,15.7,3.4365680554879163,0.2188896850629246,9,9.240062840224999,0.04176499138089739,7.761886204208886,20.227042225234722,2012-03-26 07:00:00,2021-05-24 18:15:00,BIASW,7,0,4,700,100,3,0,0,100,144,20,29,62,3000,5000,68,-20082.0,112728.0,132810.0,0.8487915066636549,0.3382352941176471,-295.3235294117647,4901.217391304348,-2951.3333333333335,45638.0,42983.0,0.45638,5,2,0.4,13.6,5.083306010855534,0.373772500798201,7,0.0,0.0,0.0,0.0,False,False,False
158,130998.0,244986.0,113988.0,2.149226234340457,0.5126582278481012,829.1012658227849,3024.5185185185187,-1480.3636363636363,18303.0,14063.0,0.18303,10,7,0.7,15.8,3.4583232931581165,0.21888122108595673,9,9.231022148903017,0.08577230186720408,7.157187346336666,22.075711079558467,2012-03-26 07:00:00,2021-05-28 01:00:00,BIASW,7,0,4,700,100,3,0,0,100,144,20,29,62,2000,10000,68,14418.0,123219.0,108801.0,1.1325171643642982,0.20588235294117646,212.02941176470588,8801.357142857143,-2014.8333333333333,25486.0,24231.0,0.25486,5,3,0.6,13.6,5.083306010855534,0.373772500798201,7,0.6929532528783465,0.5657223573726752,120.20030517408794,2.000546377213986,False,False,False
158,135723.0,251209.0,115486.0,2.1752333616195902,0.5316455696202531,859.006329113924,2990.5833333333335,-1560.6216216216217,20053.0,15813.0,0.20053,10,7,0.7,15.8,3.4583232931581165,0.21888122108595673,9,9.137134997063601,0.08278626319783677,6.768214232284446,23.344414727054367,2012-03-26 07:00:00,2021-05-28 01:00:00,BIASW,7,0,4,700,100,3,0,0,100,144,20,29,62,2250,10000,68,1168.0,123219.0,122051.0,1.0095697700141744,0.20588235294117646,17.176470588235293,8801.357142857143,-2260.203703703704,32736.0,31481.0,0.32736,5,3,0.6,13.6,5.083306010855534,0.373772500798201,7,8.553938356164384,0.03567937438905181,1905.8630136986303,0.14299619410765474,False,False,False
160,104735.0,197331.0,92596.0,2.131096375653376,0.475,654.59375,2596.4605263157896,-1102.3333333333333,11985.0,8813.0,0.11985,10,7,0.7,16.0,3.3763886032268267,0.21102428770167667,9,9.00650283115537,0.05720150856924619,8.738840216937838,18.30906573733709,2012-03-26 07:00:00,2021-05-25 08:15:00,BIASW,7,0,4,700,100,3,0,0,100,144,20,29,62,1250,6000,68,-1762.0,68742.0,70504.0,0.9750085101554522,0.17647058823529413,-25.91176470588235,5728.5,-1259.0,23928.0,22966.0,0.23928,5,3,0.6,13.6,5.083306010855534,0.373772500798201,7,0.0,0.0,0.0,0.0,False,False,False
160,115415.0,222766.0,107351.0,2.0751180706281263,0.475,721.34375,2931.1315789473683,-1277.9880952380952,14803.0,10563.0,0.14803,10,6,0.6,16.0,3.40587727318528,0.21286732957408,9,8.930396846002614,0.09735303036866959,7.796730392488009,20.521422692024434,2012-03-26 07:00:00,2021-05-28 01:00:00,BIASW,7,0,4,700,100,3,0,0,100,144,20,29,62,1500,10000,68,6418.0,93246.0,86828.0,1.0739162482148616,0.16176470588235295,94.38235294117646,8476.90909090909,-1523.298245614035,28727.0,25653.0,0.28727,5,2,0.4,13.6,5.083306010855534,0.373772500798201,7,1.5567154876908695,0.2234135134194312,304.3683390464319,0.8387818367175489,False,False,False
157,113602.0,223608.0,110006.0,2.03268912604767,0.5923566878980892,723.5796178343949,2404.3870967741937,-1718.84375,15396.0,9981.0,0.15396,10,7,0.7,15.7,3.4365680554879163,0.2188896850629246,9,8.783866535917728,0.0395327547050228,7.378669784359574,21.277547930494183,2012-03-26 07:00:00,2021-05-24 16:30:00,BIASW,7,0,4,700,100,3,0,0,100,144,20,29,62,3000,4500,68,-26177.0,106219.0,132396.0,0.8022825463004924,0.35294117647058826,-384.95588235294116,4425.791666666667,-3009.0,48233.0,45578.0,0.48233,5,2,0.4,13.6,5.083306010855534,0.373772500798201,7,0.0,0.0,0.0,0.0,False,False,False
160,73775.0,141067.0,67292.0,2.0963413184330975,0.41875,461.09375,2105.4776119402986,-723.5698924731183,6379.0,5313.0,0.06379,10,9,0.9,16.0,3.3763886032268267,0.21102428770167667,9,8.695935085409696,0.05409691629955947,11.56529236557454,13.834496780752287,2012-03-26 07:00:00,2021-05-24 16:15:00,BIASW,7,0,4,700,100,3,0,0,100,144,20,29,62,750,4000,68,14888.0,55874.0,40986.0,1.3632459864343922,0.20588235294117646,218.94117647058823,3991.0,-759.0,11092.0,9867.0,0.11092,5,3,0.6,13.6,5.083306010855534,0.373772500798201,7,0.26806824288017195,1.3422286332491886,50.662009672219234,3.1313086062212387,False,False,False
160,76860.0,151518.0,74658.0,2.029494494896729,0.4875,480.375,1942.5384615384614,-910.4634146341464,6939.0,6054.0,0.06939,10,8,0.8,16.0,3.40587727318528,0.21286732957408,9,8.68630967686415,0.038914910226385636,11.076523994811932,14.44496487119438,2012-03-26 07:00:00,2021-05-24 15:45:00,BIASW,7,0,4,700,100,3,0,0,100,144,20,29,62,1000,3000,68,15388.0,62811.0,47423.0,1.3244839002171942,0.3088235294117647,226.2941176470588,2991.0,-1009.0,10292.0,9117.0,0.10292,5,4,0.8,13.6,5.083306010855534,0.373772500798201,7,0.19437223810761634,1.495141857753595,45.4806342604627,3.359902932600035,False,False,False
157,121502.0,223288.0,101786.0,2.1937005089108523,0.6242038216560509,773.8980891719746,2278.4489795918366,-1725.1864406779662,18045.0,15920.0,0.18045,10,7,0.7,15.7,3.4365680554879163,0.2188896850629246,9,8.677781002369946,0.032847195930931175,6.7332779163203105,23.317023588089082,2012-03-26 07:00:00,2021-05-24 16:15:00,BIASW,7,0,4,700,100,3,0,0,100,144,20,29,62,5000,4000,67,5622.0,145874.0,140252.0,1.0400849898753672,0.582089552238806,83.91044776119404,3740.358974358974,-5009.0,34590.0,29540.0,0.3459,5,2,0.4,13.4,4.882622246293481,0.3643747944995135,7,0.7098897189612238,0.16253252385082395,412.2251867662753,0.6795855129510983,False,False,False
158,133148.0,252450.0,119302.0,2.1160584063972103,0.5379746835443038,842.7088607594936,2970.0,-1634.2739726027398,21803.0,17563.0,0.21803,10,7,0.7,15.8,3.4583232931581165,0.21888122108595673,9,8.59652217240107,0.08438729834469913,6.106866027610879,25.872517799741644,2012-03-26 07:00:00,2021-05-28 01:00:00,BIASW,7,0,4,700,100,3,0,0,100,144,20,29,62,2500,10000,67,8087.0,133951.0,125864.0,1.0642518909298926,0.23880597014925373,120.70149253731343,8371.9375,-2467.921568627451,33227.0,30153.0,0.33227,5,4,0.8,13.4,5.314132102234569,0.3965770225548186,7,1.2354395944107828,0.24338640262437175,275.2824285890936,0.9974024469519523,False,False,False
157,107402.0,215306.0,107904.0,1.9953477164887308,0.6114649681528662,684.0891719745223,2242.7708333333335,-1768.9180327868853,14755.0,12310.0,0.14755,10,8,0.8,15.7,3.4365680554879163,0.2188896850629246,9,8.482941344078862,0.03715945699335208,7.2790240596408,21.568825533975158,2012-03-26 07:00:00,2021-05-24 16:15:00,BIASW,7,0,4,700,100,3,0,0,100,144,20,29,62,4000,4000,67,-26553.0,117771.0,144324.0,0.8160181258834289,0.4626865671641791,-396.3134328358209,3799.064516129032,-4009.0,61540.0,57075.0,0.6154,5,2,0.4,13.4,4.882622246293481,0.3643747944995135,7,0.0,0.0,0.0,0.0,False,False,False
160,87850.0,176669.0,88819.0,1.9890901721478513,0.49375,549.0625,2236.3164556962024,-1096.530864197531,9543.0,8813.0,0.09543,10,7,0.7,16.0,3.3763886032268267,0.21102428770167667,9,8.46608600254739,0.045429709732498574,9.205700513465366,17.38053500284576,2012-03-26 07:00:00,2021-05-24 16:15:00,BIASW,7,0,4,700,100,3,0,0,100,144,20,29,62,1250,4000,68,8888.0,71838.0,62950.0,1.1411914217633041,0.2647058823529412,130.7058823529412,3991.0,-1259.0,13146.0,11331.0,0.13146,5,4,0.8,13.6,5.083306010855534,0.373772500798201,7,0.449032403240324,0.6760991936710786,100.57695769576956,1.7171240616322891,False,False,False
159,112169.0,221710.0,109541.0,2.0239910170621047,0.5031446540880503,705.4654088050314,2771.375,-1386.5949367088608,16553.0,12313.0,0.16553,10,6,0.6,15.9,3.419064199455752,0.21503548424250013,9,8.259252071304829,0.06678315755690074,6.776354739322177,23.463942800595532,2012-03-26 07:00:00,2021-05-28 01:00:00,BIASW,7,0,4,700,100,3,0,0,100,144,20,29,62,1750,7500,68,4673.0,100224.0,95551.0,1.0489058199286245,0.20588235294117646,68.72058823529412,7158.857142857143,-1769.462962962963,32977.0,29903.0,0.32977,5,2,0.4,13.6,5.083306010855534,0.373772500798201,7,1.6030387331478708,0.14170482457470357,479.87074684356946,0.5700128560706733,False,False,False
160,92080.0,148907.0,56827.0,2.6203565206679924,0.29375,575.5,3168.2340425531916,-502.8938053097345,11125.0,4720.0,0.11125,10,8,0.8,16.0,3.794733192202055,0.23717082451262844,8,8.21861568800099,0.25028236316246744,8.27685393258427,19.331016507384884,2012-03-26 07:00:00,2021-05-28 01:00:00,BIASW,7,0,4,700,100,3,0,0,100,144,20,29,62,500,0,68,7383.0,39959.0,32576.0,1.2266392436149312,0.058823529411764705,108.57352941176471,9989.75,-509.0,14678.0,12216.0,0.14678,5,2,0.4,13.6,5.083306010855534,0.373772500798201,7,2.3067858594067454,0.502997683608121,135.1894893674658,1.3498759776003317,False,False,False
160,77095.0,133922.0,56827.0,2.3566614461435584,0.29375,481.84375,2849.404255319149,-502.8938053097345,8235.0,4720.0,0.08235,10,8,0.8,16.0,3.794733192202055,0.23717082451262844,8,7.997933393705551,0.12959335884298592,9.3618700667881,17.09060250340489,2012-03-26 07:00:00,2021-05-28 01:00:00,BIASW,7,0,4,700,100,3,0,0,100,144,20,29,62,500,10000,68,3778.0,36354.0,32576.0,1.1159749508840864,0.058823529411764705,55.55882352941177,9088.5,-509.0,14678.0,12216.0,0.14678,5,3,0.6,13.6,5.083306010855534,0.373772500798201,7,2.6445209105346743,0.25739201526093475,264.1884595023822,0.6907532769028922,False,False,False
160,77115.0,162157.0,85042.0,1.9067872345429318,0.5125,481.96875,1977.5243902439024,-1090.2820512820513,8439.0,7554.0,0.08439,10,8,0.8,16.0,3.40587727318528,0.21286732957408,9,7.902722669451007,0.0387862283602412,9.137931034482758,17.50943396226415,2012-03-26 07:00:00,2021-05-24 15:45:00,BIASW,7,0,4,700,100,3,0,0,100,144,20,29,62,1250,3000,68,7888.0,65802.0,57914.0,1.1362019546223712,0.3235294117647059,116.0,2991.0,-1259.0,13292.0,12117.0,0.13292,5,3,0.6,13.6,5.083306010855534,0.373772500798201,7,0.37918356997971603,0.593439662955161,114.58620689655173,1.515535722739534,False,False,False
157,100122.0,210128.0,110006.0,1.910150355435158,0.5923566878980892,637.71974522293,2259.440860215054,-1718.84375,15396.0,9981.0,0.15396,10,7,0.7,15.7,3.4365680554879163,0.2188896850629246,9,7.7415739626868785,0.03986136912966181,6.5031176929072485,24.14226643494936,2012-03-26 07:00:00,2021-05-24 16:15:00,BIASW,7,0,4,700,100,3,0,0,100,144,20,29,62,3000,4000,68,-23677.0,102701.0,126378.0,0.8126493535267214,0.38235294117647056,-348.19117647058823,3950.0384615384614,-3009.0,42261.0,40371.0,0.42261,5,1,0.2,13.6,5.083306010855534,0.373772500798201,7,0.0,0.0,0.0,0.0,False,False,False
161,64981.0,139269.0,74288.0,1.8747173163902648,0.4906832298136646,403.60869565217394,1762.8987341772151,-905.9512195121952,6217.0,6054.0,0.06217,10,8,0.8,16.1,3.8845849199110063,0.24127856645409976,8,7.710338331600793,0.03833428232868069,10.452147337944346,15.403533340514919,2012-03-26 07:00:00,2021-05-24 15:45:00,BIASW,7,0,4,700,100,3,0,0,100,144,20,29,62,1000,2500,68,4888.0,52311.0,47423.0,1.1030723488602576,0.3088235294117647,71.88235294117646,2491.0,-1009.0,10792.0,9617.0,0.10792,5,3,0.6,13.6,5.083306010855534,0.373772500798201,7,0.5096153846153846,0.45292809488510005,150.1342062193126,1.0422566406213307,False,False,False
158,109338.0,223326.0,113988.0,1.9592062322349721,0.5126582278481012,692.0126582278481,2757.1111111111113,-1480.3636363636363,18303.0,14063.0,0.18303,10,7,0.7,15.8,3.4583232931581165,0.21888122108595673,9,7.704709230039833,0.0685123195961148,5.973774791017866,26.448938155078746,2012-03-26 07:00:00,2021-05-28 01:00:00,BIASW,7,0,4,700,100,3,0,0,100,144,20,29,62,2000,7500,68,10423.0,115206.0,104783.0,1.0994722426347785,0.23529411764705882,153.27941176470588,7200.375,-2015.0576923076924,27727.0,24653.0,0.27727,5,3,0.6,13.6,5.083306010855534,0.373772500798201,7,0.7186990309891585,0.37591517293612725,180.89187374076562,1.3865506492242627,False,False,False
158,114063.0,229549.0,115486.0,1.987678160123305,0.5316455696202531,721.9177215189874,2732.7261904761904,-1560.6216216216217,20053.0,15813.0,0.20053,10,7,0.7,15.8,3.4583232931581165,0.21888122108595673,9,7.678941882879584,0.06567423266089792,5.688076597017902,27.77740371549056,2012-03-26 07:00:00,2021-05-28 01:00:00,BIASW,7,0,4,700,100,3,0,0,100,144,20,29,62,2250,7500,68,-2327.0,115206.0,117533.0,0.9802013051653579,0.23529411764705882,-34.220588235294116,7200.375,-2260.25,34238.0,31094.0,0.34238,5,2,0.4,13.6,5.083306010855534,0.373772500798201,7,0.0,0.0,0.0,0.0,False,False,False
160,98755.0,206106.0,107351.0,1.9199262233234902,0.475,617.21875,2711.9210526315787,-1277.9880952380952,14803.0,10563.0,0.14803,10,6,0.6,16.0,3.40587727318528,0.21286732957408,9,7.641306073967754,0.07585438711963952,6.671282848071337,23.9833932459116,2012-03-26 07:00:00,2021-05-28 01:00:00,BIASW,7,0,4,700,100,3,0,0,100,144,20,29,62,1500,7500,68,8923.0,92733.0,83810.0,1.1064670087101778,0.19117647058823528,131.22058823529412,7133.307692307692,-1523.8181818181818,28727.0,25653.0,0.28727,5,2,0.4,13.6,5.083306010855534,0.373772500798201,7,0.8395158578953267,0.31061370835799074,218.92143897792224,1.1661655233765487,False,False,False
159,102634.0,210416.0,107782.0,1.952236922677256,0.5094339622641509,645.496855345912,2597.7283950617284,-1381.820512820513,16553.0,12313.0,0.16553,10,6,0.6,15.9,3.419064199455752,0.21503548424250013,9,7.5571688887865625,0.05837246916226592,6.200326224853501,25.643811992127365,2012-03-26 07:00:00,2021-05-25 08:15:00,BIASW,7,0,4,700,100,3,0,0,100,144,20,29,62,1750,6000,68,673.0,92706.0,92033.0,1.0073125943954886,0.23529411764705882,9.897058823529411,5794.125,-1769.8653846153845,31908.0,29754.0,0.31908,5,2,0.4,13.6,5.083306010855534,0.373772500798201,7,8.901931649331353,0.021091889181396515,3223.9881129271917,0.08345641298525239,False,False,False
157,83167.0,187155.0,103988.0,1.7997749740354656,0.6050955414012739,529.7261146496816,1970.0526315789473,-1677.225806451613,11755.0,9170.0,0.11755,10,7,0.7,15.7,3.4942810419312296,0.2225656714605879,9,7.359417165489725,0.03596378371228973,7.075031901318588,22.190712662474297,2012-03-26 07:00:00,2021-05-24 15:45:00,BIASW,7,0,4,700,100,3,0,0,100,144,20,29,62,3000,3000,68,-24612.0,89730.0,114342.0,0.7847510101275122,0.4411764705882353,-361.94117647058823,2991.0,-3009.0,36168.0,33549.0,0.36168,5,1,0.2,13.6,5.083306010855534,0.373772500798201,7,0.0,0.0,0.0,0.0,False,False,False
159,99479.0,203743.0,104264.0,1.954106882528965,0.5220125786163522,625.6540880503145,2454.734939759036,-1371.8947368421052,16553.0,12313.0,0.16553,10,6,0.6,15.9,3.419064199455752,0.21503548424250013,9,7.324859246327712,0.050171392957307576,6.009726333595118,26.457111551181654,2012-03-26 07:00:00,2021-05-24 18:15:00,BIASW,7,0,4,700,100,3,0,0,100,144,20,29,62,1750,5000,68,1323.0,89838.0,88515.0,1.014946619217082,0.2647058823529412,19.455882352941178,4991.0,-1770.3,27831.0,27236.0,0.27831,5,2,0.4,13.6,5.083306010855534,0.373772500798201,7,3.7724867724867726,0.047536919262692684,1430.4671201814058,0.175666876999952,False,False,False
160,66445.0,131460.0,65015.0,2.0219949242482502,0.4375,415.28125,1878.0,-722.3888888888889,7348.0,5703.0,0.07348,10,9,0.9,16.0,3.40587727318528,0.21286732957408,9,7.2972815677384855,0.04501467379035292,9.042596624931955,17.694032658589812,2012-03-26 07:00:00,2021-05-24 15:45:00,BIASW,7,0,4,700,100,3,0,0,100,144,20,29,62,750,3000,68,15888.0,53838.0,37950.0,1.4186561264822135,0.2647058823529412,233.64705882352942,2991.0,-759.0,11042.0,9867.0,0.11042,5,4,0.8,13.6,5.083306010855534,0.373772500798201,7,0.18825528700906344,1.4388697699692086,47.259315206445116,3.349190122534276,True,False,False
157,107952.0,200065.0,92113.0,2.171951841759578,0.6369426751592356,687.5923566878981,2000.65,-1616.017543859649,20180.0,18055.0,0.2018,10,8,0.8,15.7,3.4942810419312296,0.2225656714605879,9,7.2907769877334285,0.027706758559359716,5.349454905847374,29.34878464502742,2012-03-26 07:00:00,2021-05-24 15:45:00,BIASW,7,0,4,700,100,3,0,0,100,144,20,29,62,5000,3000,68,8193.0,128409.0,120216.0,1.0681523258135357,0.6470588235294118,120.48529411764706,2918.3863636363635,-5009.0,27956.0,24951.0,0.27956,5,4,0.8,13.6,5.083306010855534,0.373772500798201,7,0.36506774075430243,0.2930676777793676,232.02831685585255,1.0854251516962674,False,False,False
159,78294.0,173763.0,95469.0,1.8200986707727116,0.5534591194968553,492.41509433962267,1974.5795454545455,-1344.6338028169014,10580.0,8795.0,0.1058,10,6,0.6,15.9,3.448187929913334,0.21686716540335432,9,7.210939934673304,0.03820216108514062,7.400189035916824,21.485937619740977,2012-03-26 07:00:00,2021-05-24 15:45:00,BIASW,7,0,4,700,100,3,0,0,100,144,20,29,62,1750,3000,68,-862.0,74775.0,75637.0,0.9886034612689557,0.36764705882352944,-12.676470588235293,2991.0,-1759.0,19844.0,18644.0,0.19844,5,2,0.4,13.6,5.083306010855534,0.373772500798201,7,0.0,0.0,0.0,0.0,False,False,False
158,111488.0,230790.0,119302.0,1.9345023553670517,0.5379746835443038,705.620253164557,2715.176470588235,-1634.2739726027398,21803.0,17563.0,0.21803,10,7,0.7,15.8,3.4583232931581165,0.21888122108595673,9,7.198073301564052,0.06719108783008036,5.113424758060817,30.899056400688863,2012-03-26 07:00:00,2021-05-28 01:00:00,BIASW,7,0,4,700,100,3,0,0,100,144,20,29,62,2500,7500,68,-3167.0,122697.0,125864.0,0.9748379202949216,0.25,-46.5735294117647,7217.470588235294,-2467.921568627451,35727.0,32653.0,0.35727,5,1,0.2,13.6,5.083306010855534,0.373772500798201,7,0.0,0.0,0.0,0.0,False,False,False
160,68955.0,125782.0,56827.0,2.213419677266088,0.29375,430.96875,2676.2127659574467,-502.8938053097345,8235.0,4720.0,0.08235,10,8,0.8,16.0,3.794733192202055,0.23717082451262844,8,7.15347943657781,0.10863606700021754,8.373406193078324,19.108113987383074,2012-03-26 07:00:00,2021-05-28 01:00:00,BIASW,7,0,4,700,100,3,0,0,100,144,20,29,62,500,7500,68,5388.0,37455.0,32067.0,1.1680232014220226,0.07352941176470588,79.23529411764706,7491.0,-509.0,14678.0,12216.0,0.14678,5,1,0.2,13.6,5.083306010855534,0.373772500798201,7,1.3903118040089086,0.3670799836489985,185.24573125463994,0.985118754884273,False,False,False
160,70295.0,162885.0,92590.0,1.7592072578032185,0.5625,439.34375,1809.8333333333333,-1322.7142857142858,8633.0,7763.0,0.08633,10,6,0.6,16.0,3.924283374069717,0.2452677108793573,8,7.122409453856364,0.035436375275624155,8.142592378084096,19.649761718472153,2012-03-26 07:00:00,2021-05-24 15:45:00,BIASW,7,0,4,700,100,3,0,0,100,144,20,29,62,1750,2500,68,-13362.0,62275.0,75637.0,0.8233404286262015,0.36764705882352944,-196.5,2491.0,-1759.0,24314.0,22299.0,0.24314,5,2,0.4,13.6,5.083306010855534,0.373772500798201,7,0.0,0.0,0.0,0.0,False,False,False
160,91970.0,197812.0,105842.0,1.868936716993254,0.48125,574.8125,2568.987012987013,-1275.2048192771085,14803.0,10563.0,0.14803,10,6,0.6,16.0,3.40587727318528,0.21286732957408,9,7.116307221131227,0.06514080678482113,6.212929811524691,25.75274546047624,2012-03-26 07:00:00,2021-05-25 08:15:00,BIASW,7,0,4,700,100,3,0,0,100,144,20,29,62,1500,6000,68,5923.0,86715.0,80792.0,1.0733117140310922,0.22058823529411764,87.1029411764706,5781.0,-1524.377358490566,26711.0,25004.0,0.26711,5,3,0.6,13.6,5.083306010855534,0.373772500798201,7,1.0114806685801114,0.22174385084796525,306.6601384433564,0.8027699383793623,False,False,False
158,105028.0,218255.0,113227.0,1.9275879428051612,0.5379746835443038,664.7341772151899,2567.705882352941,-1551.054794520548,20053.0,15813.0,0.20053,10,7,0.7,15.8,3.4583232931581165,0.21888122108595673,9,7.0706881992852795,0.05704193167536276,5.237520570488206,30.16694595726854,2012-03-26 07:00:00,2021-05-25 08:15:00,BIASW,7,0,4,700,100,3,0,0,100,144,20,29,62,2250,6000,68,-8327.0,104688.0,113015.0,0.9263195151086139,0.2647058823529412,-122.45588235294117,5816.0,-2260.3,36408.0,32774.0,0.36408,5,2,0.4,13.6,5.083306010855534,0.373772500798201,7,0.0,0.0,0.0,0.0,False,False,False
158,100053.0,212032.0,111979.0,1.8934978879968565,0.5189873417721519,633.246835443038,2585.756097560976,-1473.407894736842,18303.0,14063.0,0.18303,10,7,0.7,15.8,3.4583232931581165,0.21888122108595673,9,7.050424121468981,0.059878264519804505,5.46648090476971,28.903421186771013,2012-03-26 07:00:00,2021-05-25 08:15:00,BIASW,7,0,4,700,100,3,0,0,100,144,20,29,62,2000,6000,68,3923.0,104688.0,100765.0,1.038932168907855,0.2647058823529412,57.69117647058823,5816.0,-2015.3,29019.0,26504.0,0.29019,5,2,0.4,13.6,5.083306010855534,0.373772500798201,7,1.5271475911292378,0.1351872910851511,503.0058628600561,0.5101190342860983,False,False,False
157,94197.0,194083.0,99886.0,1.9430450713813747,0.6242038216560509,599.9808917197453,1980.438775510204,-1692.9830508474577,16570.0,14445.0,0.1657,10,8,0.8,15.7,3.4942810419312296,0.2225656714605879,9,7.0206855138828015,0.03175260358610147,5.684791792395896,27.617546206354763,2012-03-26 07:00:00,2021-05-24 15:45:00,BIASW,7,0,4,700,100,3,0,0,100,144,20,29,62,4000,3000,68,-20982.0,107306.0,128288.0,0.8364461212272387,0.5294117647058824,-308.55882352941177,2980.722222222222,-4009.0,47575.0,45495.0,0.47575,5,2,0.4,13.6,5.083306010855534,0.373772500798201,7,0.0,0.0,0.0,0.0,False,False,False
159,74944.0,168479.0,93535.0,1.801240177473673,0.5911949685534591,471.34591194968556,1792.3297872340424,-1439.0,10244.0,7504.0,0.10244,10,7,0.7,15.9,3.961060464067672,0.2491232996268976,8,7.014687278119426,0.0332381511528608,7.3158922295978135,21.733507685738683,2012-03-26 07:00:00,2021-05-24 15:45:00,BIASW,7,0,4,700,100,3,0,0,100,144,20,29,62,2250,2500,68,-30112.0,64766.0,94878.0,0.682624001349101,0.38235294117647056,-442.8235294117647,2491.0,-2259.0,40064.0,38049.0,0.40064,5,1,0.2,13.6,5.083306010855534,0.373772500798201,7,0.0,0.0,0.0,0.0,False,False,False
160,90315.0,193139.0,102824.0,1.8783455224461216,0.49375,564.46875,2444.7974683544303,-1269.432098765432,14803.0,10563.0,0.14803,10,6,0.6,16.0,3.40587727318528,0.21286732957408,9,6.9882492842934285,0.0552621380723025,6.101128149699385,26.224658140951117,2012-03-26 07:00:00,2021-05-24 18:15:00,BIASW,7,0,4,700,100,3,0,0,100,144,20,29,62,1500,5000,68,7073.0,84847.0,77774.0,1.0909429886594493,0.25,104.01470588235294,4991.0,-1524.9803921568628,23838.0,22986.0,0.23838,5,3,0.6,13.6,5.083306010855534,0.373772500798201,7,0.7056411706489467,0.29671113348435274,229.1791319100806,1.014759655450135,False,False,False
159,94229.0,196734.0,102505.0,1.9192624750012195,0.5283018867924528,592.6352201257862,2342.0714285714284,-1366.7333333333333,16553.0,12313.0,0.16553,10,6,0.6,15.9,3.419064199455752,0.21503548424250013,9,6.938290110698881,0.04766048668668881,5.692563281580378,27.931178299674198,2012-03-26 07:00:00,2021-05-24 16:30:00,BIASW,7,0,4,700,100,3,0,0,100,144,20,29,62,1750,4500,68,-1427.0,85329.0,86756.0,0.9835515699202361,0.27941176470588236,-20.985294117647058,4491.0,-1770.530612244898,25426.0,24256.0,0.25426,5,2,0.4,13.6,5.083306010855534,0.373772500798201,7,0.0,0.0,0.0,0.0,False,False,False
158,102873.0,211582.0,108709.0,1.9463153924698047,0.5506329113924051,651.0949367088608,2431.977011494253,-1531.112676056338,20053.0,15813.0,0.20053,10,7,0.7,15.8,3.4583232931581165,0.21888122108595673,9,6.925609429152936,0.0485161315408319,5.130055353313718,30.798887949218937,2012-03-26 07:00:00,2021-05-24 18:15:00,BIASW,7,0,4,700,100,3,0,0,100,144,20,29,62,2250,5000,68,-8677.0,99820.0,108497.0,0.9200254384913868,0.29411764705882354,-127.6029411764706,4991.0,-2260.3541666666665,32176.0,31006.0,0.32176,5,1,0.2,13.6,5.083306010855534,0.373772500798201,7,0.0,0.0,0.0,0.0,False,False,False
161,64356.0,148778.0,84422.0,1.7623131411243516,0.515527950310559,399.72670807453414,1792.5060240963855,-1082.3333333333333,7607.0,6672.0,0.07607,10,8,0.8,16.1,3.8845849199110063,0.24127856645409976,8,6.903348741617102,0.038706569706010316,8.460102537136848,19.030502206476477,2012-03-26 07:00:00,2021-05-24 15:45:00,BIASW,7,0,4,700,100,3,0,0,100,144,20,29,62,1250,2500,68,-3112.0,54802.0,57914.0,0.9462651517767725,0.3235294117647059,-45.76470588235294,2491.0,-1259.0,13844.0,12644.0,0.13844,5,2,0.4,13.6,5.083306010855534,0.373772500798201,7,0.0,0.0,0.0,0.0,False,False,False
158,82518.0,179932.0,97414.0,1.8470856345083868,0.5822784810126582,522.2658227848101,1955.7826086956522,-1475.969696969697,13080.0,11295.0,0.1308,10,7,0.7,15.8,3.4871191548325386,0.22070374397674294,9,6.87845798863513,0.036246637097360576,6.308715596330275,25.044717516178288,2012-03-26 07:00:00,2021-05-24 15:45:00,BIASW,7,0,4,700,100,3,0,0,100,144,20,29,62,2250,3000,68,-17112.0,77766.0,94878.0,0.8196420666540188,0.38235294117647056,-251.64705882352942,2991.0,-2259.0,29564.0,27549.0,0.29564,5,2,0.4,13.6,5.083306010855534,0.373772500798201,7,0.0,0.0,0.0,0.0,False,False,False
158,97398.0,205359.0,107961.0,1.9021591130130324,0.5316455696202531,616.4430379746835,2444.75,-1458.9324324324325,18303.0,14063.0,0.18303,10,7,0.7,15.8,3.4583232931581165,0.21888122108595673,9,6.863334518533535,0.05124335201954865,5.32142271758728,29.691307829729563,2012-03-26 07:00:00,2021-05-24 18:15:00,BIASW,7,0,4,700,100,3,0,0,100,144,20,29,62,2000,5000,68,3073.0,99820.0,96747.0,1.0317632588090586,0.29411764705882354,45.19117647058823,4991.0,-2015.5625,26146.0,24486.0,0.26146,5,1,0.2,13.6,5.083306010855534,0.373772500798201,7,1.6241457858769932,0.11753231851908513,578.5642694435405,0.42097312743776083,False,False,False
160,70350.0,165629.0,95279.0,1.738357875292562,0.525,439.6875,1971.7738095238096,-1253.671052631579,9330.0,7772.0,0.0933,10,7,0.7,16.0,3.4351128074635335,0.21469455046647085,9,6.856565859643097,0.042515991471215354,7.540192926045016,21.21961620469083,2012-03-26 07:00:00,2021-05-24 15:45:00,BIASW,7,0,4,700,100,3,0,0,100,144,20,29,62,1500,3000,68,888.0,68793.0,67905.0,1.01307709299757,0.3382352941176471,13.058823529411764,2991.0,-1509.0,16344.0,15144.0,0.16344,5,2,0.4,13.6,5.083306010855534,0.373772500798201,7,3.3682432432432434,0.05433186490455213,1251.5675675675675,0.15386088669375056,False,False,False
269,178224.0,422928.0,244704.0,1.7283248332679482,0.5687732342007435,662.542750929368,2764.235294117647,-2109.5172413793102,21448.0,19804.0,0.21448,10,9,0.9,26.9,5.008991914547278,0.18620787786421109,14,6.814340972518018,0.1293091839482898,8.309585975382321,32.37225065086633,2012-01-16 07:00:00,2021-05-28 01:00:00,BIASW,8,0,4,700,100,3,0,0,100,152,20,29,62,5000,0,128,116373.0,434028.0,317655.0,1.3663502856873022,0.453125,909.1640625,7483.241379310345,-4537.928571428572,80237.0,74923.0,0.80237,5,4,0.8,25.6,9.243376006633074,0.36106937525910443,13,0.3171783833019687,1.450365791343146,88.25359834325832,4.834574689512631,True,False,False
158,77463.0,175379.0,97916.0,1.7911168756893665,0.5632911392405063,490.2721518987342,1970.5505617977528,-1419.072463768116,11830.0,10045.0,0.1183,10,7,0.7,15.8,3.4871191548325386,0.22070374397674294,9,6.789662826188115,0.03861198249486852,6.548013524936602,24.129455352878146,2012-03-26 07:00:00,2021-05-24 15:45:00,BIASW,7,0,4,700,100,3,0,0,100,144,20,29,62,2000,3000,68,-6612.0,77766.0,84378.0,0.921638341747849,0.38235294117647056,-97.23529411764706,2991.0,-2009.0,19564.0,17549.0,0.19564,5,2,0.4,13.6,5.083306010855534,0.373772500798201,7,0.0,0.0,0.0,0.0,False,False,False
160,58325.0,114643.0,56318.0,2.035636918924678,0.3,364.53125,2388.3958333333335,-502.8392857142857,6569.0,4720.0,0.06569,10,8,0.8,16.0,3.794733192202055,0.23717082451262844,8,6.774675355870627,0.08557222460351478,8.878824783072005,18.0204029147021,2012-03-26 07:00:00,2021-05-24 18:15:00,BIASW,7,0,4,700,100,3,0,0,100,144,20,29,62,500,5000,68,-1612.0,29946.0,31558.0,0.9489194499017681,0.08823529411764706,-23.705882352941178,4991.0,-509.0,18179.0,16995.0,0.18179,5,1,0.2,13.6,5.083306010855534,0.373772500798201,7,0.0,0.0,0.0,0.0,False,False,False
159,72394.0,169720.0,97326.0,1.7438300145901404,0.5974842767295597,455.30817610062894,1786.5263157894738,-1520.71875,10255.0,7670.0,0.10255,10,7,0.7,15.9,3.961060464067672,0.2491232996268976,8,6.772374588116689,0.034408928916761054,7.05938566552901,22.523206343067105,2012-03-26 07:00:00,2021-05-24 15:45:00,BIASW,7,0,4,700,100,3,0,0,100,144,20,29,62,2500,2500,68,-25612.0,72239.0,97851.0,0.7382551021450982,0.4264705882352941,-376.6470588235294,2491.0,-2509.0,35064.0,33049.0,0.35064,5,1,0.2,13.6,5.083306010855534,0.373772500798201,7,0.0,0.0,0.0,0.0,False,False,False
159,69889.0,164426.0,94537.0,1.7392766853189756,0.5723270440251572,439.55345911949684,1806.8791208791208,-1390.25,9633.0,8763.0,0.09633,10,7,0.7,15.9,3.961060464067672,0.2491232996268976,8,6.745812668792665,0.03564223268325487,7.2551645385653485,21.915423027944314,2012-03-26 07:00:00,2021-05-24 15:45:00,BIASW,7,0,4,700,100,3,0,0,100,144,20,29,62,2000,2500,68,-19612.0,64766.0,84378.0,0.7675697456683022,0.38235294117647056,-288.4117647058824,2491.0,-2009.0,30064.0,28049.0,0.30064,5,1,0.2,13.6,5.083306010855534,0.373772500798201,7,0.0,0.0,0.0,0.0,False,False,False
160,85815.0,187130.0,101315.0,1.847011794897103,0.5,536.34375,2339.125,-1266.4375,14803.0,10563.0,0.14803,10,6,0.6,16.0,3.40587727318528,0.21286732957408,9,6.640055498329631,0.05233350812794966,5.7971357157332974,27.599836858358096,2012-03-26 07:00:00,2021-05-24 16:30:00,BIASW,7,0,4,700,100,3,0,0,100,144,20,29,62,1500,4500,68,4573.0,80838.0,76265.0,1.059961974693503,0.2647058823529412,67.25,4491.0,-1525.3,18338.0,17486.0,0.18338,5,2,0.4,13.6,5.083306010855534,0.373772500798201,7,0.9820686638967855,0.249372886901516,272.6840148698885,0.7480311082016531,False,False,False
158,102703.0,219496.0,116793.0,1.8793592081717225,0.5443037974683544,650.0189873417721,2552.279069767442,-1622.125,21803.0,17563.0,0.21803,10,7,0.7,15.8,3.4583232931581165,0.21888122108595673,9,6.630881550395853,0.05833325219321733,4.710498555244691,33.542097114982035,2012-03-26 07:00:00,2021-05-25 08:15:00,BIASW,7,0,4,700,100,3,0,0,100,144,20,29,62,2500,6000,68,-10167.0,110679.0,120846.0,0.9158681296857157,0.27941176470588236,-149.51470588235293,5825.210526315789,-2466.2448979591836,35998.0,32927.0,0.35998,5,1,0.2,13.6,5.083306010855534,0.373772500798201,7,0.0,0.0,0.0,0.0,False,False,False
158,97953.0,204403.0,106450.0,1.9201784875528418,0.5569620253164557,619.9556962025316,2322.7613636363635,-1520.7142857142858,20053.0,15813.0,0.20053,10,7,0.7,15.8,3.4583232931581165,0.21888122108595673,9,6.594385508479557,0.04584851918777373,4.884705530344587,32.34585974906333,2012-03-26 07:00:00,2021-05-24 16:30:00,BIASW,7,0,4,700,100,3,0,0,100,144,20,29,62,2250,4500,68,-18677.0,89820.0,108497.0,0.8278569914375513,0.29411764705882354,-274.6617647058824,4491.0,-2260.3541666666665,38629.0,36614.0,0.38629,5,1,0.2,13.6,5.083306010855534,0.373772500798201,7,0.0,0.0,0.0,0.0,False,False,False
158,81943.0,181173.0,99230.0,1.8257885720044342,0.5886075949367089,518.626582278481,1948.0967741935483,-1526.6153846153845,14330.0,12545.0,0.1433,10,7,0.7,15.8,3.4871191548325386,0.22070374397674294,9,6.525819124184558,0.03650098239019806,5.718283321702722,27.630670099947526,2012-03-26 07:00:00,2021-05-24 15:45:00,BIASW,7,0,4,700,100,3,0,0,100,144,20,29,62,2500,3000,68,-11112.0,86739.0,97851.0,0.8864395867185824,0.4264705882352941,-163.41176470588235,2991.0,-2509.0,23064.0,21049.0,0.23064,5,1,0.2,13.6,5.083306010855534,0.373772500798201,7,0.0,0.0,0.0,0.0,False,False,False
158,101048.0,212823.0,111775.0,1.9040304182509507,0.5569620253164557,639.5443037974684,2418.443181818182,-1596.7857142857142,21803.0,17563.0,0.21803,10,7,0.7,15.8,3.4583232931581165,0.21888122108595673,9,6.524028693459784,0.04939236798353258,4.634591569967435,34.09146148365133,2012-03-26 07:00:00,2021-05-24 18:15:00,BIASW,7,0,4,700,100,3,0,0,100,144,20,29,62,2500,5000,68,-11017.0,104811.0,115828.0,0.9048848292295473,0.3088235294117647,-162.01470588235293,4991.0,-2464.425531914894,32969.0,30954.0,0.32969,5,1,0.2,13.6,5.083306010855534,0.373772500798201,7,0.0,0.0,0.0,0.0,False,False,False
158,92398.0,198350.0,105952.0,1.8720741467834492,0.5379746835443038,584.7974683544304,2333.529411764706,-1451.3972602739725,18303.0,14063.0,0.18303,10,7,0.7,15.8,3.4583232931581165,0.21888122108595673,9,6.511000049728553,0.04860494815905106,5.048243457356717,31.298015108552132,2012-03-26 07:00:00,2021-05-24 16:30:00,BIASW,7,0,4,700,100,3,0,0,100,144,20,29,62,2000,4500,68,-6927.0,89820.0,96747.0,0.928400880647462,0.29411764705882354,-101.86764705882354,4491.0,-2015.5625,28426.0,27256.0,0.28426,5,1,0.2,13.6,5.083306010855534,0.373772500798201,7,0.0,0.0,0.0,0.0,False,False,False
160,62170.0,118997.0,56827.0,2.0940222077533566,0.29375,388.5625,2531.851063829787,-502.8938053097345,8235.0,4720.0,0.08235,10,8,0.8,16.0,3.794733192202055,0.23717082451262844,8,6.449594903517402,0.09636480617661251,7.549483910139648,21.193501688917486,2012-03-26 07:00:00,2021-05-25 08:15:00,BIASW,7,0,4,700,100,3,0,0,100,144,20,29,62,500,6000,68,4388.0,35946.0,31558.0,1.1390455668927055,0.08823529411764706,64.52941176470588,5991.0,-509.0,16179.0,14995.0,0.16179,5,1,0.2,13.6,5.083306010855534,0.373772500798201,7,1.3653144940747493,0.27121577353359294,250.72288058340928,0.7641616233295655,False,False,False
158,96378.0,205644.0,109266.0,1.882049310856076,0.5632911392405063,609.9873417721519,2310.6067415730336,-1583.5652173913043,21803.0,17563.0,0.21803,10,7,0.7,15.8,3.4583232931581165,0.21888122108595673,9,6.222516402286706,0.046597771275602315,4.420400862266661,35.743364668285295,2012-03-26 07:00:00,2021-05-24 16:30:00,BIASW,7,0,4,700,100,3,0,0,100,144,20,29,62,2500,4500,68,-16612.0,98802.0,115414.0,0.8560659885282548,0.3235294117647059,-244.2941176470588,4491.0,-2509.0,36064.0,34049.0,0.36064,5,1,0.2,13.6,5.083306010855534,0.373772500798201,7,0.0,0.0,0.0,0.0,False,False,False
161,63351.0,156251.0,92900.0,1.6819268030139936,0.5341614906832298,393.48447204968943,1816.8720930232557,-1238.6666666666667,9107.0,7772.0,0.09107,10,7,0.7,16.1,3.9102429592034302,0.24287223349089626,8,6.210739087918203,0.03932061056652618,6.956297353683979,23.14449653517703,2012-03-26 07:00:00,2021-05-24 15:45:00,BIASW,7,0,4,700,100,3,0,0,100,144,20,29,62,1500,2500,68,-10612.0,57293.0,67905.0,0.8437228480966056,0.3382352941176471,-156.05882352941177,2491.0,-1509.0,18064.0,16432.0,0.18064,5,1,0.2,13.6,5.083306010855534,0.373772500798201,7,0.0,0.0,0.0,0.0,False,False,False
159,83249.0,185754.0,102505.0,1.8121457489878543,0.5283018867924528,523.5786163522013,2211.3571428571427,-1366.7333333333333,16553.0,12313.0,0.16553,10,6,0.6,15.9,3.419064199455752,0.21503548424250013,9,6.1298083756122965,0.047940515801991615,5.029239412795263,31.61511849992192,2012-03-26 07:00:00,2021-05-24 16:15:00,BIASW,7,0,4,700,100,3,0,0,100,144,20,29,62,1750,4000,68,1138.0,83811.0,82673.0,1.0137650744499414,0.3088235294117647,16.735294117647058,3991.0,-1759.0,22092.0,21182.0,0.22092,5,2,0.4,13.6,5.083306010855534,0.373772500798201,7,3.507029876977153,0.051511859496650374,1320.084358523726,0.169597398708613,False,False,False
160,52325.0,108643.0,56318.0,1.9290990447103946,0.3,327.03125,2263.3958333333335,-502.8392857142857,6569.0,4720.0,0.06569,10,8,0.8,16.0,3.794733192202055,0.23717082451262844,8,6.077752044508025,0.08582895365504062,7.965443750951438,20.08676540850454,2012-03-26 07:00:00,2021-05-24 16:30:00,BIASW,7,0,4,700,100,3,0,0,100,144,20,29,62,500,4500,68,388.0,31437.0,31049.0,1.0124963766949016,0.10294117647058823,5.705882352941177,4491.0,-509.0,14179.0,12995.0,0.14179,5,2,0.4,13.6,5.083306010855534,0.373772500798201,7,11.574742268041238,0.027364412158826432,2484.9793814432987,0.07217775442860944,False,False,False
161,56531.0,121546.0,65015.0,1.869507036837653,0.4409937888198758,351.12422360248445,1711.9154929577464,-722.3888888888889,8048.0,6403.0,0.08048,10,9,0.9,16.1,3.8845849199110063,0.24127856645409976,8,5.8954934707477,0.04406431869239886,7.024229622266402,22.92066299906246,2012-03-26 07:00:00,2021-05-24 15:45:00,BIASW,7,0,4,700,100,3,0,0,100,144,20,29,62,750,2500,68,6888.0,44838.0,37950.0,1.181501976284585,0.2647058823529412,101.29411764705883,2491.0,-759.0,11042.0,9867.0,0.11042,5,3,0.6,13.6,5.083306010855534,0.373772500798201,7,0.36164343786295006,0.6238000362253215,109.00929152148665,1.4519902797089685,False,False,False
160,75835.0,177150.0,101315.0,1.7485071312243992,0.5,473.96875,2214.375,-1266.4375,14803.0,10563.0,0.14803,10,6,0.6,16.0,3.40587727318528,0.21286732957408,9,5.867839057458808,0.0526274147820927,5.122948051070729,31.232016878749917,2012-03-26 07:00:00,2021-05-24 16:15:00,BIASW,7,0,4,700,100,3,0,0,100,144,20,29,62,1500,4000,68,7388.0,79820.0,72432.0,1.1019991164126353,0.29411764705882354,108.6470588235294,3991.0,-1509.0,16072.0,14653.0,0.16072,5,3,0.6,13.6,5.083306010855534,0.373772500798201,7,0.5402003248511099,0.45968143354902935,147.92853275582027,1.2908814703227152,False,False,False
158,90403.0,183121.0,92718.0,1.975031816907181,0.6392405063291139,572.1708860759494,1813.079207920792,-1626.6315789473683,21680.0,19555.0,0.2168,10,7,0.7,15.8,3.9698866482558417,0.25125864862378744,8,5.85328231463299,0.027554395318739423,4.169880073800738,37.89077796090837,2012-03-26 07:00:00,2021-05-24 15:45:00,BIASW,7,0,4,700,100,3,0,0,100,144,20,29,62,5000,2500,68,-12937.0,107279.0,120216.0,0.8923853729952752,0.6470588235294118,-190.25,2438.159090909091,-5009.0,35546.0,32676.0,0.35546,5,2,0.4,13.6,5.083306010855534,0.373772500798201,7,0.0,0.0,0.0,0.0,False,False,False
158,86473.0,192923.0,106450.0,1.812334429309535,0.5569620253164557,547.2974683544304,2192.306818181818,-1520.7142857142858,20053.0,15813.0,0.20053,10,7,0.7,15.8,3.4583232931581165,0.21888122108595673,9,5.821529693575008,0.04615313450441178,4.312222610083279,36.64003793091485,2012-03-26 07:00:00,2021-05-24 16:15:00,BIASW,7,0,4,700,100,3,0,0,100,144,20,29,62,2250,4000,68,-16112.0,87802.0,103914.0,0.8449487075851184,0.3235294117647059,-236.94117647058823,3991.0,-2259.0,34142.0,33432.0,0.34142,5,1,0.2,13.6,5.083306010855534,0.373772500798201,7,0.0,0.0,0.0,0.0,False,False,False
158,81418.0,187370.0,105952.0,1.768442313500453,0.5379746835443038,515.3037974683544,2204.3529411764707,-1451.3972602739725,18303.0,14063.0,0.18303,10,7,0.7,15.8,3.4583232931581165,0.21888122108595673,9,5.737273556232812,0.04901864452578054,4.4483418018904,35.518853324817606,2012-03-26 07:00:00,2021-05-24 16:15:00,BIASW,7,0,4,700,100,3,0,0,100,144,20,29,62,2000,4000,68,-4612.0,87802.0,92414.0,0.95009414158028,0.3235294117647059,-67.82352941176471,3991.0,-2009.0,25142.0,24432.0,0.25142,5,1,0.2,13.6,5.083306010855534,0.373772500798201,7,0.0,0.0,0.0,0.0,False,False,False
158,67618.0,172211.0,104593.0,1.6464868585851826,0.6075949367088608,427.9620253164557,1793.8645833333333,-1686.983870967742,12795.0,10670.0,0.12795,10,6,0.6,15.8,3.9698866482558417,0.25125864862378744,8,5.69886597850579,0.036839303144133216,5.2847205939820245,29.897512496672483,2012-03-26 07:00:00,2021-05-24 15:45:00,BIASW,7,0,4,700,100,3,0,0,100,144,20,29,62,3000,2500,68,-39612.0,74730.0,114342.0,0.6535656189326756,0.4411764705882353,-582.5294117647059,2491.0,-3009.0,48477.0,46049.0,0.48477,5,1,0.2,13.6,5.083306010855534,0.373772500798201,7,0.0,0.0,0.0,0.0,False,False,False
501,291076.0,679677.0,388601.0,1.7490356432433267,0.592814371257485,580.9900199600798,2288.4747474747473,-1904.9068627450981,23743.0,20874.0,0.23743,10,10,1.0,50.1,8.34805366537614,0.16662781767217844,26,5.679423193986124,0.07965617227115943,12.259444889019921,40.866450686418666,2012-01-16 08:00:00,2021-06-02 13:15:00,BIASW,7,0,0,800,100,3,0,2000,200,148,91,54,115,4000,0,258,72293.0,644298.0,572005.0,1.1263852588701149,0.4186046511627907,280.20542635658916,5965.722222222223,-3813.366666666667,97158.0,91935.0,0.97158,5,4,0.8,51.6,16.572265988693278,0.3211679455173116,28,0.2781182133816552,0.7440766586385064,346.7384670715007,1.354068430915131,False,False,False
277,176462.0,409533.0,233071.0,1.7571169300341956,0.5884476534296029,637.0469314079422,2512.472392638037,-2044.482456140351,28888.0,27902.0,0.28888,10,9,0.9,27.7,7.000714249274855,0.25273336639981425,13,5.645677225618997,0.13060035588398636,6.108487953475492,45.34673754122701,2012-02-13 07:00:00,2021-05-28 01:00:00,BIASW,8,0,4,700,100,3,0,0,100,144,153,29,62,5000,0,103,16558.0,294012.0,277454.0,1.0596783610976954,0.4077669902912621,160.75728155339806,7000.285714285715,-4548.426229508197,75159.0,69102.0,0.75159,5,3,0.6,20.6,7.657675887630659,0.3717318392053718,10,1.211559367073318,0.22030628401122954,467.53092160888997,0.8832497265658869,False,False,False
511,290276.0,679649.0,389373.0,1.7454959640242134,0.5949119373776908,568.054794520548,2235.6875,-1881.0289855072465,23743.0,20874.0,0.23743,10,9,0.9,51.1,8.263776376451627,0.161717737308251,29,5.552975893934801,0.02640934834433436,12.225750747588762,41.797024211440146,2012-01-16 08:00:00,2021-06-02 13:15:00,BIASW,7,0,0,800,100,3,0,2000,200,148,91,54,115,4000,7500,287,33897.0,629737.0,595840.0,1.056889433404941,0.4250871080139373,118.10801393728222,5161.7786885245905,-3611.151515151515,88704.0,85549.0,0.88704,5,4,0.8,57.4,19.08507270093567,0.3324925557654298,29,0.22099300823081688,0.3821360930735931,751.041331091247,0.5973255878421204,False,False,False
161,48441.0,121720.0,73279.0,1.6610488680249458,0.4968944099378882,300.87577639751555,1521.5,-904.679012345679,6717.0,6054.0,0.06717,10,8,0.8,16.1,3.8845849199110063,0.24127856645409976,8,5.529716986559416,0.04110154621085444,7.211701652523448,22.32482814145042,2012-03-26 07:00:00,2021-05-24 14:30:00,BIASW,7,0,4,700,100,3,0,0,100,144,20,29,62,1000,2000,68,388.0,45793.0,45405.0,1.0085453143926881,0.3382352941176471,5.705882352941177,1991.0,-1009.0,11344.0,10144.0,0.11344,5,3,0.6,13.6,5.083306010855534,0.373772500798201,7,5.131443298969073,0.0342031029619182,1988.1237113402062,0.0806943371748786,False,False,False
158,77648.0,178139.0,100491.0,1.7726861111940373,0.6265822784810127,491.44303797468353,1799.3838383838383,-1703.2372881355932,18070.0,15945.0,0.1807,10,7,0.7,15.8,3.9698866482558417,0.25125864862378744,8,5.506776690170582,0.03208067174943334,4.297066961815164,36.76926643313414,2012-03-26 07:00:00,2021-05-24 15:45:00,BIASW,7,0,4,700,100,3,0,0,100,144,20,29,62,4000,2500,68,-38612.0,89676.0,128288.0,0.6990209528560738,0.5294117647058824,-567.8235294117648,2491.0,-4009.0,60075.0,57995.0,0.60075,5,2,0.4,13.6,5.083306010855534,0.373772500798201,7,0.0,0.0,0.0,0.0,False,False,False
160,47345.0,103663.0,56318.0,1.8406726091125396,0.3,295.90625,2159.6458333333335,-502.8392857142857,6569.0,4720.0,0.06569,10,8,0.8,16.0,3.794733192202055,0.23717082451262844,8,5.499305696077066,0.08429612419474074,7.207337494291369,22.199598690463617,2012-03-26 07:00:00,2021-05-24 16:15:00,BIASW,7,0,4,700,100,3,0,0,100,144,20,29,62,500,4000,68,5888.0,35919.0,30031.0,1.1960640671306317,0.1323529411764706,86.58823529411765,3991.0,-509.0,12589.0,11360.0,0.12589,5,2,0.4,13.6,5.083306010855534,0.373772500798201,7,0.6778192934782609,0.46770990547303204,145.3892663043478,1.162429509678161,False,False,False
158,84898.0,194164.0,109266.0,1.7769846063734374,0.5632911392405063,537.3291139240506,2181.61797752809,-1583.5652173913043,21803.0,17563.0,0.21803,10,7,0.7,15.8,3.4583232931581165,0.21888122108595673,9,5.4813255880111305,0.04700935239934981,3.8938678163555474,40.57662135739358,2012-03-26 07:00:00,2021-05-24 16:15:00,BIASW,7,0,4,700,100,3,0,0,100,144,20,29,62,2500,4000,68,-14612.0,95784.0,110396.0,0.8676401318888366,0.35294117647058826,-214.88235294117646,3991.0,-2509.0,38092.0,36842.0,0.38092,5,2,0.4,13.6,5.083306010855534,0.373772500798201,7,0.0,0.0,0.0,0.0,False,False,False
160,53710.0,142782.0,89072.0,1.6029953296209807,0.575,335.6875,1551.9782608695652,-1309.8823529411766,8630.0,6880.0,0.0863,10,7,0.7,16.0,3.924283374069717,0.2452677108793573,8,5.442934731366048,0.03706944703034817,6.223638470451912,25.708434183578476,2012-03-26 07:00:00,2021-05-24 14:30:00,BIASW,7,0,4,700,100,3,0,0,100,144,20,29,62,1750,2000,68,-10862.0,57739.0,68601.0,0.8416641156834449,0.4264705882352941,-159.73529411764707,1991.0,-1759.0,19314.0,17299.0,0.19314,5,1,0.2,13.6,5.083306010855534,0.373772500798201,7,0.0,0.0,0.0,0.0,False,False,False
159,53304.0,143823.0,90519.0,1.5888708447950155,0.5849056603773585,335.24528301886795,1546.483870967742,-1371.5,8755.0,6170.0,0.08755,10,8,0.8,15.9,3.961060464067672,0.2491232996268976,8,5.396820274694971,0.03735179348641753,6.088406624785836,26.11520711391265,2012-03-26 07:00:00,2021-05-24 14:30:00,BIASW,7,0,4,700,100,3,0,0,100,144,20,29,62,2000,2000,68,-16612.0,59730.0,76342.0,0.7824002514998297,0.4411764705882353,-244.2941176470588,1991.0,-2009.0,24564.0,22549.0,0.24564,5,1,0.2,13.6,5.083306010855534,0.373772500798201,7,0.0,0.0,0.0,0.0,False,False,False
161,45651.0,109148.0,63497.0,1.7189473518433942,0.453416149068323,283.54658385093165,1495.1780821917807,-721.5568181818181,6298.0,5126.0,0.06298,10,9,0.9,16.1,3.8845849199110063,0.24127856645409976,8,5.381786263087085,0.04361350244244376,7.248491584630041,22.21151781998204,2012-03-26 07:00:00,2021-05-24 14:30:00,BIASW,7,0,4,700,100,3,0,0,100,144,20,29,62,750,2000,68,3388.0,39820.0,36432.0,1.0929951690821256,0.29411764705882354,49.8235294117647,1991.0,-759.0,11042.0,9867.0,0.11042,5,2,0.4,13.6,5.083306010855534,0.373772500798201,7,0.5876623376623377,0.3068284731026988,221.62219598583235,0.71419034083246,False,False,False
161,49771.0,131675.0,81904.0,1.60767483883571,0.5279503105590062,309.1366459627329,1549.1176470588234,-1077.6842105263158,7607.0,6667.0,0.07607,10,8,0.8,16.1,3.8845849199110063,0.24127856645409976,8,5.3388428463394995,0.04000321472343332,6.542789535953727,24.607241164533562,2012-03-26 07:00:00,2021-05-24 14:30:00,BIASW,7,0,4,700,100,3,0,0,100,144,20,29,62,1250,2000,68,-7612.0,47784.0,55396.0,0.8625893566322478,0.35294117647058826,-111.94117647058823,1991.0,-1259.0,14844.0,13644.0,0.14844,5,1,0.2,13.6,5.083306010855534,0.373772500798201,7,0.0,0.0,0.0,0.0,False,False,False
159,54109.0,145385.0,91276.0,1.5928064332354617,0.5974842767295597,340.30817610062894,1530.3684210526317,-1426.1875,9795.0,7670.0,0.09795,10,8,0.8,15.9,3.961060464067672,0.2491232996268976,8,5.179329224981377,0.0367960967676357,5.524144971924451,28.782734850024948,2012-03-26 07:00:00,2021-05-24 14:30:00,BIASW,7,0,4,700,100,3,0,0,100,144,20,29,62,2250,2000,68,-26112.0,59730.0,85842.0,0.6958132382749703,0.4411764705882353,-384.0,1991.0,-2259.0,33727.0,31549.0,0.33727,5,1,0.2,13.6,5.083306010855534,0.373772500798201,7,0.0,0.0,0.0,0.0,False,False,False
512,275447.0,665125.0,389678.0,1.706857969913621,0.56640625,537.982421875,2293.5344827586205,-1755.3063063063064,25374.0,22165.0,0.25374,10,8,0.8,51.2,8.6,0.16796874999999997,27,5.087178454061113,0.08417590316830462,10.855481989438008,47.16510980333785,2012-01-16 08:00:00,2021-06-02 13:15:00,BIASW,7,0,0,800,100,3,0,2000,200,148,91,54,115,3000,0,269,59004.0,565885.0,506881.0,1.1164060203479713,0.35315985130111527,219.3457249070632,5956.684210526316,-2913.109195402299,88047.0,85153.0,0.88047,5,4,0.8,53.8,16.4730082255792,0.30618974396987364,29,0.3407565588773642,0.6701420832055607,401.4074130567419,1.1134616087868527,False,False,False
161,57301.0,91628.0,34327.0,2.669269088472631,0.17391304347826086,355.90683229813664,3272.4285714285716,-258.09774436090225,11125.0,5837.0,0.11125,10,8,0.8,16.1,3.8845849199110063,0.24127856645409976,8,5.082643745251439,0.40219193382314444,5.1506516853932585,31.25818048550636,2012-03-26 07:00:00,2021-05-28 01:00:00,BIASW,7,0,4,700,100,3,0,0,100,144,20,29,62,250,0,68,23383.0,39959.0,16576.0,2.4106539575289574,0.058823529411764705,343.86764705882354,9989.75,-259.0,10361.0,6216.0,0.10361,5,4,0.8,13.6,5.083306010855534,0.373772500798201,7,0.7283496557327973,2.2568284914583536,30.130778770901937,5.0885475222169,True,True,True
161,37181.0,96883.0,59702.0,1.6227764564001206,0.484472049689441,230.93788819875778,1242.0897435897436,-719.3012048192771,4689.0,4554.0,0.04689,10,9,0.9,16.1,3.8845849199110063,0.24127856645409976,8,5.079938194201682,0.04010112691966327,7.929409255704841,20.304160727253166,2012-03-26 07:00:00,2021-05-24 11:15:00,BIASW,7,0,4,700,100,3,0,0,100,144,20,29,62,750,1500,68,138.0,34293.0,34155.0,1.004040404040404,0.3382352941176471,2.0294117647058822,1491.0,-759.0,9252.0,8592.0,0.09252,5,2,0.4,13.6,5.083306010855534,0.373772500798201,7,10.804347826086957,0.014915693904020753,4558.956521739131,0.03178013343288201,False,False,False
504,261144.0,658138.0,396994.0,1.657803392494597,0.5912698412698413,518.1428571428571,2208.51677852349,-1927.1553398058252,23743.0,20874.0,0.23743,10,10,1.0,50.4,8.604649905719581,0.17072718066903933,26,5.0650655941690355,0.03825858530159605,10.99877858737312,45.82326992004412,2012-01-16 08:00:00,2021-06-02 13:15:00,BIASW,7,0,0,800,100,3,0,2000,200,148,91,54,115,4000,10000,274,78859.0,659340.0,580481.0,1.1358511303556877,0.4197080291970803,287.8065693430657,5733.391304347826,-3650.8238993710693,90503.0,85280.0,0.90503,5,4,0.8,54.8,18.093092604637828,0.33016592344229617,28,0.12669448002130385,0.8713412815044805,314.45772835060046,1.4410284982849797,True,False,False
161,44246.0,78573.0,34327.0,2.2889562152241676,0.17391304347826086,274.8198757763975,2806.1785714285716,-258.09774436090225,6720.0,5837.0,0.0672,10,8,0.8,16.1,3.8845849199110063,0.24127856645409976,8,5.049714876439226,0.22580572255119108,6.5842261904761905,24.452379876146995,2012-03-26 07:00:00,2021-05-28 01:00:00,BIASW,7,0,4,700,100,3,0,0,100,144,20,29,62,250,10000,68,19778.0,36354.0,16576.0,2.1931708494208495,0.058823529411764705,290.8529411764706,9088.5,-259.0,9178.0,6216.0,0.09178,5,4,0.8,13.6,5.083306010855534,0.373772500798201,7,0.5051572454242087,2.1549357158422313,31.555465668925066,4.573016704998037,True,True,True
493,268253.0,678253.0,410000.0,1.6542756097560976,0.5943204868154158,544.1237322515213,2314.8566552901025,-2050.0,26648.0,23779.0,0.26648,10,9,0.9,49.3,8.295179322956196,0.16825921547578493,25,5.020751343397848,0.08643332972977003,10.066534073851697,48.97415499547069,2012-01-16 08:00:00,2021-06-02 13:15:00,BIASW,7,0,0,800,100,3,0,2000,200,148,91,54,115,5000,0,245,56125.0,667542.0,611417.0,1.09179496154016,0.45714285714285713,229.08163265306123,5960.196428571428,-4597.12030075188,88180.0,81511.0,0.8818,5,3,0.6,49.0,14.953260514014994,0.30516858191867335,27,0.3582360801781737,0.6364821955091857,384.928285077951,1.1620065526173102,False,False,False
497,269877.0,681970.0,412093.0,1.654893434249065,0.5935613682092555,543.0120724346076,2311.762711864407,-2040.0643564356435,26648.0,23779.0,0.26648,10,9,0.9,49.7,7.772387020729217,0.15638605675511502,27,5.010493809700364,0.0859132123152399,10.1274767337136,49.07441538182209,2012-01-12 20:00:00,2021-06-02 13:15:00,BIASW,8,0,0,800,100,3,0,2000,200,148,91,152,115,5000,0,247,56732.0,670078.0,613346.0,1.0924959158452163,0.4574898785425101,229.68421052631578,5929.8938053097345,-4577.20895522388,87573.0,80904.0,0.87573,5,3,0.6,49.4,14.840485167271316,0.30041467949941936,28,0.35440315871113304,0.6478252429401756,381.275664527956,1.1690938658568288,False,False,False
515,263930.0,655196.0,391266.0,1.6745538840584155,0.5941747572815534,512.4854368932039,2141.1633986928105,-1872.0861244019138,23743.0,20874.0,0.23743,10,9,0.9,51.5,8.674675786448736,0.16844030653298517,29,5.009761918236332,0.026184973288371917,11.116118434907131,46.32912135793582,2012-01-16 08:00:00,2021-06-02 13:15:00,BIASW,7,0,0,800,100,3,0,2000,200,148,91,54,115,4000,6000,292,83252.0,644610.0,561358.0,1.148304646945443,0.4623287671232877,285.1095890410959,4774.888888888889,-3575.5286624203823,76450.0,73901.0,0.7645,5,3,0.6,58.4,19.24162155328911,0.32947982111796426,29,0.0719622351414981,1.088973185088293,268.14250708691685,1.5531966096962935,True,False,False
496,268706.0,693099.0,424393.0,1.6331537042316908,0.592741935483871,541.7459677419355,2357.4795918367345,-2100.9554455445545,26648.0,23779.0,0.26648,10,10,1.0,49.6,8.534635317340747,0.172069260430257,25,4.998811178600425,0.08628761546076381,10.083533473431402,49.189106309498115,2012-01-16 08:00:00,2021-06-02 13:15:00,BIASW,8,0,0,800,100,3,0,2000,200,148,153,54,115,5000,0,253,-2337.0,654161.0,656498.0,0.9964402024073188,0.43873517786561267,-9.237154150197629,5893.342342342342,-4623.225352112676,114627.0,108103.0,1.14627,5,3,0.6,50.6,15.02797391533536,0.2969955319236237,30,0.0,0.0,0.0,0.0,False,False,False
522,271057.0,663132.0,392075.0,1.6913396671555188,0.5689655172413793,519.2662835249042,2232.7676767676767,-1742.5555555555557,24499.0,21789.0,0.24499,10,8,0.8,52.2,8.506468127254696,0.16295915952595202,30,4.997114494437236,0.02828187429212306,11.064002612351524,47.18003224414053,2012-01-16 08:00:00,2021-06-02 13:15:00,BIASW,7,0,0,800,100,3,0,2000,200,148,91,54,115,3000,7500,295,36575.0,561424.0,524849.0,1.0696867098917975,0.3694915254237288,123.98305084745763,5150.678899082569,-2821.7688172043013,72189.0,69034.0,0.72189,5,4,0.8,59.0,19.40103090044444,0.3288310322109227,29,0.20481203007518797,0.5066561387469005,582.2489405331511,0.6950725868587179,False,False,False
519,252049.0,637775.0,385726.0,1.653440525139607,0.5973025048169557,485.64354527938343,2057.3387096774195,-1845.578947368421,22499.0,20874.0,0.22499,10,10,1.0,51.9,9.12633551870629,0.17584461500397475,29,4.876849660099293,0.027419271649560206,11.20267567447442,46.32821792587949,2012-01-16 08:00:00,2021-06-02 13:15:00,BIASW,7,0,0,800,100,3,0,2000,200,148,91,54,115,4000,5000,296,74961.0,611585.0,536624.0,1.1396899877754256,0.48986486486486486,253.2466216216216,4217.827586206897,-3553.801324503311,70416.0,67901.0,0.70416,5,3,0.6,59.2,19.260321908005587,0.32534327547306735,29,0.06658128893691387,1.0645449897750512,278.0530675951495,1.437511539129229,True,False,False
504,266319.0,678861.0,412542.0,1.6455560888345915,0.5972222222222222,528.4107142857143,2255.3521594684385,-2032.2266009852217,26648.0,23779.0,0.26648,10,9,0.9,50.4,8.002499609497022,0.15877975415668694,29,4.875763813200962,0.02878502848088195,9.993958270789554,50.43046872359839,2012-01-16 08:00:00,2021-06-02 13:15:00,BIASW,7,0,0,800,100,3,0,2000,200,148,91,54,115,5000,7500,278,22123.0,663033.0,640910.0,1.0345181070665148,0.460431654676259,79.57913669064749,5179.9453125,-4272.733333333334,82559.0,78999.0,0.82559,5,3,0.6,55.6,17.6022725805505,0.31658763634083636,29,0.3386068797179406,0.26796593950992625,1037.4452831894407,0.41717700907978683,False,False,False
160,37605.0,93414.0,55809.0,1.6738160511745417,0.30625,235.03125,1906.408163265306,-502.7837837837838,5499.0,4720.0,0.05499,10,9,0.9,16.0,3.82099463490856,0.238812164681785,8,4.774051560965783,0.07953729557239729,6.838516093835243,23.3968887116075,2012-03-26 07:00:00,2021-05-24 15:45:00,BIASW,7,0,4,700,100,3,0,0,100,144,20,29,62,500,3000,68,3888.0,32901.0,29013.0,1.1340088925654017,0.16176470588235295,57.1764705882353,2991.0,-509.0,11743.0,10689.0,0.11743,5,3,0.6,13.6,5.083306010855534,0.373772500798201,7,0.7692901234567902,0.3310908626415737,205.38168724279834,0.794751155065318,False,False,False
161,47766.0,137648.0,89882.0,1.5314300972386017,0.546583850931677,296.6832298136646,1564.1818181818182,-1231.2602739726028,9107.0,7772.0,0.09107,10,7,0.7,16.1,3.9102429592034302,0.24287223349089626,8,4.6828331561222525,0.0416823682116987,5.244976391786538,30.696039023573256,2012-03-26 07:00:00,2021-05-24 14:30:00,BIASW,7,0,4,700,100,3,0,0,100,144,20,29,62,1500,2000,68,-8112.0,53757.0,61869.0,0.868884255442952,0.39705882352941174,-119.29411764705883,1991.0,-1509.0,14844.0,13644.0,0.14844,5,1,0.2,13.6,5.083306010855534,0.373772500798201,7,0.0,0.0,0.0,0.0,False,False,False
161,41016.0,75343.0,34327.0,2.1948611879861333,0.17391304347826086,254.75776397515529,2690.8214285714284,-258.09774436090225,6720.0,5837.0,0.0672,10,8,0.8,16.1,3.8845849199110063,0.24127856645409976,8,4.681080897076149,0.18263604447045056,6.103571428571429,26.377998829724984,2012-03-26 07:00:00,2021-05-28 01:00:00,BIASW,7,0,4,700,100,3,0,0,100,144,20,29,62,250,7500,68,21138.0,37455.0,16317.0,2.2954587240301527,0.07352941176470588,310.8529411764706,7491.0,-259.0,9178.0,6216.0,0.09178,5,4,0.8,13.6,5.083306010855534,0.373772500798201,7,0.3543854669315924,2.303116147308782,29.52521525215252,4.887472298020452,True,True,True
159,51809.0,146626.0,94817.0,1.5464104538215722,0.6037735849056604,325.84276729559747,1527.3541666666667,-1505.031746031746,11295.0,9170.0,0.11295,10,8,0.8,15.9,3.961060464067672,0.2491232996268976,8,4.618153057747217,0.03842961647590187,4.586896857016379,34.663957999575366,2012-03-26 07:00:00,2021-05-24 14:30:00,BIASW,7,0,4,700,100,3,0,0,100,144,20,29,62,2500,2000,68,-22112.0,65703.0,87815.0,0.7481979160735638,0.4852941176470588,-325.1764705882353,1991.0,-2509.0,29477.0,27049.0,0.29477,5,1,0.2,13.6,5.083306010855534,0.373772500798201,7,0.0,0.0,0.0,0.0,False,False,False
160,42015.0,123227.0,81212.0,1.5173496527606758,0.60625,262.59375,1270.381443298969,-1289.079365079365,7435.0,6492.0,0.07435,10,7,0.7,16.0,3.924283374069717,0.2452677108793573,8,4.587195541197052,0.035487325955016066,5.650975117686618,28.313697488992027,2012-03-26 07:00:00,2021-05-24 11:15:00,BIASW,7,0,4,700,100,3,0,0,100,144,20,29,62,1750,1500,68,-15612.0,47712.0,63324.0,0.7534584043964374,0.47058823529411764,-229.58823529411765,1491.0,-1759.0,21727.0,19549.0,0.21727,5,1,0.2,13.6,5.083306010855534,0.373772500798201,7,0.0,0.0,0.0,0.0,False,False,False
515,247890.0,643586.0,395696.0,1.62646577170353,0.5650485436893203,481.3398058252427,2211.635738831615,-1766.5,25215.0,22165.0,0.25215,10,8,0.8,51.5,8.845903006477066,0.17176510692188476,27,4.565892128574554,0.040304167170922583,9.831052944675788,52.38502965024809,2012-01-16 08:00:00,2021-06-02 13:15:00,BIASW,7,0,0,800,100,3,0,2000,200,148,91,54,115,3000,10000,284,68104.0,584972.0,516868.0,1.1317628485416005,0.3591549295774648,239.80281690140845,5735.019607843137,-2839.934065934066,82463.0,78498.0,0.82463,5,4,0.8,56.8,18.22525719983123,0.3208672042223808,29,0.14670210266651004,0.8258734220195724,343.878362504405,1.2578477284955718,False,False,False
161,32111.0,83325.0,51214.0,1.6269965243878628,0.5590062111801242,199.4472049689441,925.8333333333334,-721.3239436619718,4334.0,3858.0,0.04334,10,9,0.9,16.1,3.8845849199110063,0.24127856645409976,8,4.5633823225097485,0.030861698483385755,7.409090909090909,21.73006134969325,2012-03-26 07:00:00,2021-05-24 09:30:00,BIASW,7,0,4,700,100,3,0,0,100,144,20,29,62,750,1000,68,-862.0,28739.0,29601.0,0.97087936218371,0.4264705882352941,-12.676470588235293,991.0,-759.0,7796.0,6831.0,0.07796,5,3,0.6,13.6,5.083306010855534,0.373772500798201,7,0.0,0.0,0.0,0.0,False,False,False
535,235030.0,630645.0,395615.0,1.5940876862606321,0.5514018691588785,439.30841121495325,2137.7796610169494,-1648.3958333333333,21415.0,18886.0,0.21415,10,8,0.8,53.5,9.211405973031479,0.17217581258002765,30,4.521825866703386,0.03187252691145811,10.975017511090357,48.747074841509594,2012-01-16 08:00:00,2021-06-02 13:15:00,BIASW,7,0,0,800,100,3,0,2000,200,148,91,54,115,2500,7500,300,56345.0,532478.0,476133.0,1.1183387834911673,0.3433333333333333,187.81666666666666,5169.689320388349,-2416.9187817258885,51189.0,48034.0,0.51189,5,4,0.8,60.0,19.859506539690255,0.33099177566150423,29,0.13294879758629868,1.100724765086249,272.54769722246874,1.2504005626336767,False,False,False
526,245951.0,639919.0,393968.0,1.6242918206554846,0.5684410646387833,467.5874524714829,2140.1973244147157,-1735.5418502202642,24499.0,21789.0,0.24499,10,7,0.7,52.6,8.879189152169246,0.16880587741766628,30,4.499787701024817,0.025618924094636737,10.03922609086085,52.394476948660504,2012-01-16 08:00:00,2021-06-02 13:15:00,BIASW,7,0,0,800,100,3,0,2000,200,148,91,54,115,3000,6000,298,65673.0,569459.0,503786.0,1.1303589222407928,0.39932885906040266,220.3791946308725,4785.36974789916,-2814.4469273743016,59901.0,57386.0,0.59901,5,4,0.8,59.6,19.365949499056327,0.3249320385747706,29,0.09122470421634461,1.0963589923373567,271.808779863871,1.3563035858419754,False,False,False
497,239832.0,659850.0,420018.0,1.5710040998242933,0.5935613682092555,482.55935613682095,2236.7796610169494,-2079.29702970297,26648.0,23779.0,0.26648,10,9,0.9,49.7,8.295179322956196,0.16690501655847476,26,4.452683079210373,0.041658327495913805,9.0,55.22222222222222,2012-01-16 08:00:00,2021-06-02 13:15:00,BIASW,7,0,0,800,100,3,0,2000,200,148,91,54,115,5000,10000,262,68702.0,690994.0,622292.0,1.1104015478264224,0.4541984732824427,262.22137404580155,5806.672268907563,-4351.692307692308,80719.0,74050.0,0.80719,5,4,0.8,52.4,16.156732342896568,0.3083345866964994,28,0.1454251695729382,0.8511255094835168,307.8276906058048,1.3902200797136919,True,False,False
158,69818.0,157527.0,87709.0,1.796018652589814,0.6455696202531646,441.88607594936707,1544.3823529411766,-1566.232142857143,23180.0,21055.0,0.2318,10,8,0.8,15.8,3.9698866482558417,0.25125864862378744,8,4.37176647947966,0.028517001346357672,3.011993097497843,52.456959523332095,2012-03-26 07:00:00,2021-05-24 14:30:00,BIASW,7,0,4,700,100,3,0,0,100,144,20,29,62,5000,2000,68,-25612.0,89595.0,115207.0,0.7776871197062678,0.6617647058823529,-376.6470588235294,1991.0,-5009.0,41564.0,39549.0,0.41564,5,1,0.2,13.6,5.083306010855534,0.373772500798201,7,0.0,0.0,0.0,0.0,False,False,False
539,235119.0,619281.0,384162.0,1.612030861980102,0.5398886827458256,436.21335807050093,2128.1134020618556,-1549.0403225806451,22713.0,20184.0,0.22713,10,9,0.9,53.9,9.256889326334198,0.1717419170006345,30,4.359784920994925,0.03186046214895436,10.351736890767402,52.06855677337859,2012-01-16 08:00:00,2021-06-02 13:15:00,BIASW,7,0,0,800,100,3,0,2000,200,148,91,54,115,2250,7500,301,41701.0,493935.0,452234.0,1.0922111119464701,0.31561461794019935,138.54152823920265,5199.315789473684,-2195.3106796116504,52977.0,50354.0,0.52977,5,3,0.6,60.2,19.701776569639602,0.3272720360405249,29,0.17963597995251912,0.787152915416124,382.39075801539536,0.9066499627029,False,False,False
508,239928.0,652908.0,412980.0,1.5809676013366265,0.5964566929133859,472.2992125984252,2154.8118811881186,-2014.5365853658536,26648.0,23779.0,0.26648,10,8,0.8,50.8,8.435638683585257,0.16605587959813498,29,4.358010440616393,0.028804474675736054,9.003602521765236,56.42185989130073,2012-01-16 08:00:00,2021-06-02 13:15:00,BIASW,7,0,0,800,100,3,0,2000,200,148,91,54,115,5000,6000,285,90265.0,686319.0,596054.0,1.1514376214235622,0.5052631578947369,316.719298245614,4766.104166666667,-4227.333333333333,65762.0,62006.0,0.65762,5,4,0.8,57.0,18.033302526159762,0.3163737285291186,29,0.06637124023707971,1.3726011982603936,207.63496371794162,1.860331649682016,True,False,False
161,36586.0,105829.0,69243.0,1.5283710988836416,0.5217391304347826,227.24223602484471,1259.8690476190477,-899.2597402597403,6189.0,6054.0,0.06189,10,8,0.8,16.1,3.8845849199110063,0.24127856645409976,8,4.350930712677902,0.04075329360957743,5.911455808692842,27.235253922265347,2012-03-26 07:00:00,2021-05-24 11:15:00,BIASW,7,0,4,700,100,3,0,0,100,144,20,29,62,1000,1500,68,-3612.0,38766.0,42378.0,0.9147670961347869,0.38235294117647056,-53.11764705882353,1491.0,-1009.0,9844.0,8644.0,0.09844,5,2,0.4,13.6,5.083306010855534,0.373772500798201,7,0.0,0.0,0.0,0.0,False,False,False
161,37601.0,71928.0,34327.0,2.0953768170827627,0.17391304347826086,233.54658385093168,2568.8571428571427,-258.09774436090225,6720.0,5837.0,0.0672,10,8,0.8,16.1,3.8845849199110063,0.24127856645409976,8,4.2913332068207595,0.15933086885987074,5.595386904761905,28.77370282705247,2012-03-26 07:00:00,2021-05-25 08:15:00,BIASW,7,0,4,700,100,3,0,0,100,144,20,29,62,250,6000,68,19888.0,35946.0,16058.0,2.2385103998007225,0.08823529411764706,292.47058823529414,5991.0,-259.0,9178.0,6216.0,0.09178,5,4,0.8,13.6,5.083306010855534,0.373772500798201,7,0.3012369267900241,2.1669208977990846,31.380933226065967,4.598450613257203,True,True,True
524,225379.0,618378.0,392999.0,1.5734849198089562,0.5973282442748091,430.1125954198473,1975.6485623003196,-1862.5545023696682,23178.0,20874.0,0.23178,10,10,1.0,52.4,9.361623790774761,0.17865694257203743,30,4.255470027759019,0.030663903912964384,9.723832945034085,53.88821496235231,2012-01-16 08:00:00,2021-06-02 13:15:00,BIASW,7,0,0,800,100,3,0,2000,200,148,91,54,115,4000,4500,298,46778.0,576434.0,529656.0,1.0883177005452596,0.5,156.9731543624161,3868.6845637583892,-3554.738255033557,77416.0,74901.0,0.77416,5,3,0.6,59.6,19.26239860453521,0.3231946074586445,29,0.0960066698020437,0.6042420171540767,493.1798708794733,0.8497934437179231,False,False,False
538,222323.0,617687.0,395364.0,1.5623248449530054,0.5520446096654275,413.23977695167287,2079.754208754209,-1640.5145228215767,21430.0,18886.0,0.2143,10,8,0.8,53.8,9.421252570651102,0.17511621878533648,30,4.252011080590702,0.028341647063056905,10.37438170788614,51.85851216473329,2012-01-16 08:00:00,2021-06-02 13:15:00,BIASW,7,0,0,800,100,3,0,2000,200,148,91,54,115,2500,6000,303,81138.0,542217.0,461079.0,1.1759741822984782,0.3696369636963696,267.7821782178218,4841.223214285715,-2414.026178010471,41249.0,39200.0,0.41249,5,4,0.8,60.6,19.825236442474022,0.3271491162124426,29,0.07383716630925091,1.9670295037455454,154.0393773570953,1.98599573904578,True,False,False
530,233820.0,622498.0,388678.0,1.6015776555400614,0.5716981132075472,441.1698113207547,2054.4488448844886,-1712.2378854625551,24499.0,21789.0,0.24499,10,8,0.8,53.0,9.327379053088816,0.1759882840205437,30,4.245559799673286,0.021345479428620306,9.544063022980529,55.53190488409888,2012-01-16 08:00:00,2021-06-02 13:15:00,BIASW,7,0,0,800,100,3,0,2000,200,148,91,54,115,3000,5000,301,70861.0,552425.0,481564.0,1.1471476273143342,0.4318936877076412,235.41860465116278,4249.423076923077,-2816.1637426900584,53901.0,51386.0,0.53901,5,4,0.8,60.2,19.56936381183609,0.3250724885687058,29,0.07043366590931542,1.3146509341199606,228.9581151832461,1.5273751648125076,True,False,False
158,62233.0,136467.0,74234.0,1.8383355335829943,0.6772151898734177,393.87974683544303,1275.392523364486,-1455.5686274509803,19652.0,19037.0,0.19652,10,8,0.8,15.8,3.9698866482558417,0.25125864862378744,8,4.232175093688927,0.02395835007150547,3.166751475676776,49.89340060739479,2012-03-26 07:00:00,2021-05-24 11:15:00,BIASW,7,0,4,700,100,3,0,0,100,144,20,29,62,5000,1500,68,-22112.0,73059.0,95171.0,0.7676603166931103,0.7205882352941176,-325.1764705882353,1491.0,-5009.0,35721.0,32851.0,0.35721,5,2,0.4,13.6,5.083306010855534,0.373772500798201,7,0.0,0.0,0.0,0.0,False,False,False
159,39309.0,123227.0,83918.0,1.4684215543745085,0.610062893081761,247.22641509433961,1270.381443298969,-1353.516129032258,7767.0,7152.0,0.07767,10,7,0.7,15.9,3.961060464067672,0.2491232996268976,8,4.225436441756326,0.037930244982065174,5.0610274237157205,31.41654582919942,2012-03-26 07:00:00,2021-05-24 11:15:00,BIASW,7,0,4,700,100,3,0,0,100,144,20,29,62,2000,1500,68,-21112.0,49203.0,70315.0,0.6997511199601792,0.4852941176470588,-310.47058823529414,1491.0,-2009.0,26977.0,24549.0,0.26977,5,1,0.2,13.6,5.083306010855534,0.373772500798201,7,0.0,0.0,0.0,0.0,False,False,False
512,228047.0,634487.0,406440.0,1.561084046845783,0.599609375,445.404296875,2066.732899022801,-1982.6341463414635,25404.0,23779.0,0.25404,10,9,0.9,51.2,8.874683092933516,0.17333365415885774,29,4.209269233968358,0.030305156393199646,8.976814674854353,57.035821563098835,2012-01-16 08:00:00,2021-06-02 13:15:00,BIASW,7,0,0,800,100,3,0,2000,200,148,91,54,115,5000,5000,290,76845.0,646583.0,569738.0,1.134877785929673,0.5275862068965518,264.98275862068965,4226.032679738562,-4158.671532846715,64911.0,61155.0,0.64911,5,3,0.6,58.0,18.19890106572372,0.3137741563055814,29,0.06494892315700436,1.183851735453159,244.9631075541675,1.566613345354416,True,False,False
159,40614.0,124789.0,84175.0,1.4824948024948026,0.6226415094339622,255.43396226415095,1260.4949494949494,-1402.9166666666667,9017.0,8402.0,0.09017,10,8,0.8,15.9,3.961060464067672,0.2491232996268976,8,4.05182761471231,0.03671147880041365,4.504158811134523,35.30070911508347,2012-03-26 07:00:00,2021-05-24 11:15:00,BIASW,7,0,4,700,100,3,0,0,100,144,20,29,62,2250,1500,68,-29862.0,49203.0,79065.0,0.6223107569721116,0.4852941176470588,-439.1470588235294,1491.0,-2259.0,35477.0,32799.0,0.35477,5,1,0.2,13.6,5.083306010855534,0.373772500798201,7,0.0,0.0,0.0,0.0,False,False,False
526,212291.0,607518.0,395227.0,1.5371368858908931,0.5475285171102662,403.59505703422053,2109.4375,-1660.6176470588234,23759.0,20550.0,0.23759,10,8,0.8,52.6,9.361623790774761,0.17797763860788518,27,3.943983728688276,0.060346411293931444,8.935182457174124,58.868411755561944,2012-01-16 08:00:00,2021-06-02 13:15:00,BIASW,7,0,0,800,100,3,0,2000,200,148,91,54,115,2500,0,275,66860.0,523025.0,456165.0,1.1465697719027106,0.32727272727272727,243.12727272727273,5811.388888888889,-2465.7567567567567,67547.0,64653.0,0.67547,5,4,0.8,55.0,17.099707599839242,0.31090377454253165,29,0.3007179180376907,0.9898293040401498,277.8256805264732,1.409074645751354,True,False,False
542,213257.0,604331.0,391074.0,1.5453111175889984,0.5553505535055351,393.4630996309963,2007.7441860465117,-1622.713692946058,22687.0,18821.0,0.22687,10,8,0.8,54.2,9.856977224281286,0.1818630484184739,30,3.9347652574372267,0.02340368663162288,9.399964737514876,57.6597907688845,2012-01-16 08:00:00,2021-06-02 13:15:00,BIASW,7,0,0,800,100,3,0,2000,200,148,91,54,115,2500,5000,304,70869.0,514385.0,443516.0,1.159789049324038,0.39473684210526316,233.12171052631578,4286.541666666667,-2410.413043478261,43152.0,42207.0,0.43152,5,4,0.8,60.8,20.033971149025845,0.3295061044247672,29,0.07042571505171513,1.6423109010011123,185.1050247640012,1.690384925758881,True,False,False
526,208311.0,601525.0,393214.0,1.5297649625903451,0.5988593155893536,396.02851711026614,1909.6031746031747,-1863.5734597156397,23178.0,20874.0,0.23178,10,9,0.9,52.6,9.614572273377531,0.18278654512124584,30,3.918247227927659,0.03317635650541738,8.987444990939684,58.52608839667613,2012-01-16 08:00:00,2021-06-02 13:15:00,BIASW,7,0,0,800,100,3,0,2000,200,148,91,54,115,4000,4000,298,29768.0,544334.0,514566.0,1.0578506935942134,0.5167785234899329,99.89261744966443,3534.6363636363635,-3573.375,67445.0,65065.0,0.67445,5,2,0.4,59.6,19.26239860453521,0.3231946074586445,29,0.13793335124966408,0.44136703981021574,675.1750201558721,0.579377823699056,False,False,False
542,222807.0,607218.0,384411.0,1.579606202736134,0.540590405904059,411.0830258302583,2072.4163822525597,-1543.8192771084337,25050.0,22809.0,0.2505,10,9,0.9,54.2,9.474175425861608,0.17480028460999275,30,3.912271934295464,0.02828008096693551,8.894491017964071,60.93659534933822,2012-01-16 08:00:00,2021-06-02 13:15:00,BIASW,7,0,0,800,100,3,0,2000,200,148,91,54,115,2250,6000,304,62264.0,503203.0,440939.0,1.1412077407532562,0.33881578947368424,204.81578947368422,4885.466019417476,-2193.726368159204,45537.0,43045.0,0.45537,5,3,0.6,60.8,19.681463360228072,0.32370827895111964,29,0.09621932416805859,1.3673276676109538,222.33149171270716,1.4457213035709982,False,False,False
158,57063.0,153545.0,96482.0,1.5914367446777637,0.6329113924050633,361.15822784810126,1535.45,-1663.4827586206898,19570.0,17445.0,0.1957,10,8,0.8,15.8,3.9698866482558417,0.25125864862378744,8,3.8887090891054945,0.0348912605365999,2.915840572304548,54.18677601948723,2012-03-26 07:00:00,2021-05-24 14:30:00,BIASW,7,0,4,700,100,3,0,0,100,144,20,29,62,4000,2000,68,-32612.0,79640.0,112252.0,0.7094751095748851,0.5882352941176471,-479.5882352941176,1991.0,-4009.0,48575.0,46549.0,0.48575,5,2,0.4,13.6,5.083306010855534,0.373772500798201,7,0.0,0.0,0.0,0.0,False,False,False
161,36276.0,113284.0,77008.0,1.4710679409931435,0.5527950310559007,225.3167701863354,1272.8539325842696,-1069.5555555555557,7676.0,7105.0,0.07676,10,8,0.8,16.1,3.8845849199110063,0.24127856645409976,8,3.8737303731328767,0.041101554746940126,4.725898905680042,34.06759289888632,2012-03-26 07:00:00,2021-05-24 11:15:00,BIASW,7,0,4,700,100,3,0,0,100,144,20,29,62,1250,1500,68,-11362.0,40257.0,51619.0,0.7798872508184971,0.39705882352941174,-167.08823529411765,1491.0,-1259.0,15548.0,14808.0,0.15548,5,1,0.2,13.6,5.083306010855534,0.373772500798201,7,0.0,0.0,0.0,0.0,False,False,False
528,207993.0,605729.0,397736.0,1.522942353722067,0.5473484848484849,393.9261363636364,2095.9480968858134,-1664.1673640167364,23705.0,20550.0,0.23705,10,8,0.8,52.8,9.537295214053092,0.18063059117524796,27,3.8538798548097017,0.04803527041775445,8.774224847078676,60.17625593169001,2012-01-16 08:00:00,2021-06-02 13:15:00,BIASW,7,0,0,800,100,3,0,2000,200,148,91,54,115,2500,10000,289,80399.0,549591.0,469192.0,1.1713562891097888,0.33217993079584773,278.19723183391005,5724.90625,-2431.0466321243525,69963.0,63562.0,0.69963,5,4,0.8,57.8,18.69117438792972,0.32337671951435504,29,0.1242677147725718,1.149164558409445,251.4870458587793,1.5842435481080563,True,False,False
159,49324.0,108632.0,59308.0,1.8316584609158966,0.7358490566037735,310.2138364779874,928.4786324786324,-1412.095238095238,14962.0,14347.0,0.14962,10,8,0.8,15.9,3.9357337308308855,0.2475304233226972,8,3.8200556898593665,0.02009163895872192,3.296618099184601,48.23124645203147,2012-03-26 07:00:00,2021-05-24 09:30:00,BIASW,7,0,4,700,100,3,0,0,100,144,20,29,62,5000,1000,68,-22612.0,52523.0,75135.0,0.6990483795834165,0.7794117647058824,-332.52941176470586,991.0,-5009.0,31564.0,29549.0,0.31564,5,0,0.0,13.6,5.083306010855534,0.373772500798201,7,0.0,0.0,0.0,0.0,False,False,False
555,202115.0,581612.0,379497.0,1.532586555361439,0.4990990990990991,364.1711711711712,2099.682310469314,-1365.0971223021584,20626.0,18996.0,0.20626,10,9,0.9,55.5,9.489467845985885,0.1709814026303763,31,3.8194551157609693,0.03706305815995844,9.799040046543197,56.638201024169405,2012-01-16 08:00:00,2021-06-01 17:00:00,BIASW,7,0,0,800,100,3,0,2000,200,148,91,54,115,1750,7500,303,58678.0,441972.0,383294.0,1.1530887517153934,0.2706270627062706,193.65676567656766,5389.90243902439,-1734.3619909502263,31096.0,30321.0,0.31096,5,3,0.6,60.6,19.458674158328463,0.3211002336357832,29,0.1276628378608678,1.8869951119114998,160.5727529908995,1.6541838069790014,True,False,False
161,33256.0,67583.0,34327.0,1.9688000699158097,0.17391304347826086,206.55900621118013,2413.6785714285716,-258.09774436090225,6720.0,5837.0,0.0672,10,8,0.8,16.1,3.8845849199110063,0.24127856645409976,8,3.7954463212688805,0.15007818138080348,4.9488095238095235,32.533076738032236,2012-03-26 07:00:00,2021-05-24 18:15:00,BIASW,7,0,4,700,100,3,0,0,100,144,20,29,62,250,5000,68,13888.0,29946.0,16058.0,1.864864864864865,0.08823529411764706,204.23529411764707,4991.0,-259.0,9178.0,6216.0,0.09178,5,4,0.8,13.6,5.083306010855534,0.373772500798201,7,0.359375,1.5131837001525388,44.93836405529954,3.211146526393606,True,False,False
547,211702.0,601084.0,389382.0,1.5436871760892903,0.5191956124314442,387.0237659963437,2116.492957746479,-1480.5399239543726,23851.0,22221.0,0.23851,10,8,0.8,54.7,9.274157643689264,0.16954584357750024,31,3.7747456477954766,0.03538464445305193,8.876021969728733,61.626706408064166,2012-01-16 08:00:00,2021-06-01 17:00:00,BIASW,7,0,0,800,100,3,0,2000,200,148,91,54,115,2000,7500,302,50967.0,469769.0,418802.0,1.1216971265657758,0.2947019867549669,168.76490066225165,5278.303370786517,-1966.206572769953,40622.0,38249.0,0.40622,5,3,0.6,60.4,19.5509590557599,0.3236913750953626,29,0.14697745600094178,1.2546649598739599,240.70170894892775,1.2612606077488588,False,False,False
535,209220.0,603171.0,393951.0,1.5310812766054662,0.5719626168224299,391.06542056074767,1971.1470588235295,-1720.3100436681223,24499.0,21789.0,0.24499,10,8,0.8,53.5,9.562949335848225,0.17874671655791075,31,3.7633844972404833,0.022277984896281425,8.539940405730846,62.646807188605294,2012-01-16 08:00:00,2021-06-02 13:15:00,BIASW,7,0,0,800,100,3,0,2000,200,148,91,54,115,3000,4500,303,39198.0,517753.0,478555.0,1.081909080460971,0.4389438943894389,129.36633663366337,3892.8796992481202,-2815.029411764706,59901.0,57386.0,0.59901,5,2,0.4,60.6,19.571407716360106,0.322960523372279,29,0.11457217204959437,0.6543797265488055,463.03390479106076,0.7961732801382053,False,False,False
530,213675.0,596154.0,382479.0,1.5586581224067204,0.5358490566037736,403.16037735849056,2099.1338028169016,-1554.7926829268292,26678.0,20452.0,0.26678,10,9,0.9,53.0,9.444575162494075,0.17819953136781275,27,3.717958720367227,0.059955539955539955,8.009408501386911,66.17217737217737,2012-01-16 08:00:00,2021-06-02 13:15:00,BIASW,7,0,0,800,100,3,0,2000,200,148,91,54,115,2250,0,277,28192.0,463682.0,435490.0,1.0647362740820685,0.296028880866426,101.77617328519855,5654.658536585366,-2233.2820512820513,82538.0,74831.0,0.82538,5,2,0.4,55.4,17.09502851708648,0.30857452196907004,29,0.5810513620885358,0.34156388572536284,810.9756668558457,0.5336082085473153,False,False,False
158,47033.0,148617.0,101584.0,1.4629961411245866,0.6139240506329114,297.67721518987344,1532.1340206185566,-1665.311475409836,14697.0,12170.0,0.14697,10,7,0.7,15.8,3.9698866482558417,0.25125864862378744,8,3.6985764643368313,0.042331979673846026,3.2001769068517385,49.37227053345523,2012-03-26 07:00:00,2021-05-24 14:30:00,BIASW,7,0,4,700,100,3,0,0,100,144,20,29,62,3000,2000,68,-34612.0,67694.0,102306.0,0.6616816218012629,0.5,-509.0,1991.0,-3009.0,41477.0,38549.0,0.41477,5,1,0.2,13.6,5.083306010855534,0.373772500798201,7,0.0,0.0,0.0,0.0,False,False,False
161,36521.0,119248.0,82727.0,1.4414640927387672,0.577639751552795,226.8385093167702,1282.236559139785,-1216.5735294117646,8681.0,7977.0,0.08681,10,7,0.7,16.1,3.9102429592034302,0.24287223349089626,8,3.66720561730076,0.04082582623695956,4.207003801405368,38.2695161687796,2012-03-26 07:00:00,2021-05-24 11:15:00,BIASW,7,0,4,700,100,3,0,0,100,144,20,29,62,1500,1500,68,-12612.0,44730.0,57342.0,0.7800565030867427,0.4411764705882353,-185.47058823529412,1491.0,-1509.0,19064.0,17049.0,0.19064,5,1,0.2,13.6,5.083306010855534,0.373772500798201,7,0.0,0.0,0.0,0.0,False,False,False
532,209627.0,594365.0,384738.0,1.5448564997478804,0.5357142857142857,394.0357142857143,2085.4912280701756,-1557.6437246963562,26678.0,20452.0,0.26678,10,9,0.9,53.2,9.61041102138717,0.18064682371028515,27,3.6338107669792503,0.04766084521554952,7.857672988979684,67.70452279525061,2012-01-16 08:00:00,2021-06-02 13:15:00,BIASW,7,0,0,800,100,3,0,2000,200,148,91,54,115,2250,10000,290,57210.0,503003.0,445793.0,1.1283331052753183,0.30344827586206896,197.27586206896552,5715.943181818182,-2206.8960396039606,76558.0,70104.0,0.76558,5,3,0.6,58.0,18.525657883055057,0.319407894535432,29,0.17463730117112394,0.7472765746231615,388.0758608634854,1.0739449367968252,True,False,False
159,38814.0,126030.0,87216.0,1.4450330214639515,0.6289308176100629,244.11320754716982,1260.3,-1478.2372881355932,10267.0,9724.0,0.10267,10,6,0.6,15.9,3.961060464067672,0.2491232996268976,8,3.628882036289004,0.03841397433915598,3.7804616733222947,42.05835523264801,2012-03-26 07:00:00,2021-05-24 11:15:00,BIASW,7,0,4,700,100,3,0,0,100,144,20,29,62,2500,1500,68,-22612.0,55167.0,77779.0,0.7092788541894341,0.5441176470588235,-332.52941176470586,1491.0,-2509.0,31977.0,29049.0,0.31977,5,1,0.2,13.6,5.083306010855534,0.373772500798201,7,0.0,0.0,0.0,0.0,False,False,False
517,200132.0,614590.0,414458.0,1.482876431387499,0.5996131528046421,387.1025145067698,1982.5483870967741,-2002.2125603864733,26083.0,23779.0,0.26083,10,8,0.8,51.7,9.1,0.1760154738878143,30,3.610360560900229,0.034532208742230126,7.672890388375571,67.38008414446466,2012-01-16 08:00:00,2021-06-02 13:15:00,BIASW,7,0,0,800,100,3,0,2000,200,148,91,54,115,5000,4500,292,47922.0,608432.0,560510.0,1.0854971365363686,0.5376712328767124,164.1164383561644,3875.3630573248406,-4151.925925925926,71911.0,68155.0,0.71911,5,4,0.8,58.4,18.216476058777122,0.31192595991056715,29,0.09371478652810818,0.6664070865375256,438.17061057551854,0.9218447230346084,False,False,False
588,164153.0,482077.0,317924.0,1.5163278016129642,0.4200680272108844,279.171768707483,1951.7287449392713,-932.3284457478006,13646.0,11202.0,0.13646,10,9,0.9,58.8,9.957911427603683,0.16935223516332795,32,3.5997485816725194,0.04563425584667962,12.02938590063022,48.88030069508324,2012-01-16 08:00:00,2021-06-01 16:30:00,BIASW,7,0,0,800,100,3,0,2000,200,148,91,54,115,1000,7500,306,40541.0,294704.0,254163.0,1.159507874867703,0.17647058823529413,132.48692810457516,5457.481481481482,-1008.5833333333334,36000.0,32595.0,0.36,5,4,0.8,61.2,19.73220717507294,0.3224216858672049,29,0.18477590587306678,1.1261388888888888,271.72492045090155,1.051780548514762,False,False,False
545,208170.0,588791.0,380621.0,1.5469220037780365,0.5431192660550459,381.9633027522936,1989.1587837837837,-1528.5983935742972,25807.0,21291.0,0.25807,10,9,0.9,54.5,9.851395840184273,0.18075955670062885,30,3.5814280745749505,0.023975596867944468,8.066416088658116,67.56408224047652,2012-01-16 08:00:00,2021-06-02 13:15:00,BIASW,7,0,0,800,100,3,0,2000,200,148,91,54,115,2250,5000,305,48995.0,476380.0,427385.0,1.1146390257028207,0.36065573770491804,160.63934426229508,4330.727272727273,-2191.7179487179487,43037.0,40630.0,0.43037,5,3,0.6,61.0,19.88969582472291,0.3260605872905395,29,0.10186753750382692,1.138439017589516,267.91070517399737,1.1663644716980652,False,False,False
550,200390.0,590521.0,390131.0,1.5136479797811504,0.52,364.3454545454546,2064.7587412587413,-1477.7689393939395,23851.0,22221.0,0.23851,10,8,0.8,55.0,9.476286192385707,0.17229611258883104,31,3.553558049074723,0.03144368481461151,8.40174416167037,65.46259793402864,2012-01-16 08:00:00,2021-06-01 17:00:00,BIASW,7,0,0,800,100,3,0,2000,200,148,91,54,115,2000,6000,305,73280.0,482037.0,408757.0,1.179275217305147,0.3180327868852459,240.2622950819672,4969.453608247422,-1965.1778846153845,33027.0,30725.0,0.33027,5,3,0.6,61.0,19.544820285692065,0.3204068899293781,29,0.08175491266375545,2.21879068640809,137.46226801310044,1.9913812457898932,True,False,False
159,40949.0,106650.0,65701.0,1.623262964034033,0.7232704402515723,257.54088050314465,927.3913043478261,-1493.2045454545455,11973.0,11347.0,0.11973,10,7,0.7,15.9,3.9357337308308855,0.2475304233226972,8,3.5452595827388658,0.024200835185230408,3.420111918483254,46.48970670834453,2012-03-26 07:00:00,2021-05-24 09:30:00,BIASW,7,0,4,700,100,3,0,0,100,144,20,29,62,4000,1000,68,-22612.0,49550.0,72162.0,0.6866494831074527,0.7352941176470589,-332.52941176470586,991.0,-4009.0,31564.0,29549.0,0.31564,5,0,0.0,13.6,5.083306010855534,0.373772500798201,7,0.0,0.0,0.0,0.0,False,False,False
540,192745.0,574394.0,381649.0,1.5050321106566504,0.6092592592592593,356.93518518518516,1745.8784194528876,-1808.7630331753555,23178.0,20874.0,0.23178,10,8,0.8,54.0,10.705138952858109,0.19824331394181682,30,3.5314636180916654,0.01601079146021946,8.315859867115368,64.93615917403824,2012-01-16 08:00:00,2021-06-02 13:15:00,BIASW,7,0,0,800,100,3,0,2000,200,148,91,54,115,4000,3000,305,65955.0,507261.0,441306.0,1.1494541202702886,0.5934426229508196,216.24590163934425,2802.546961325967,-3558.9193548387098,50284.0,47379.0,0.50284,5,3,0.6,61.0,19.544820285692065,0.3204068899293781,29,0.04534910166022288,1.3116498289714422,232.53157455841105,1.4525675273791865,True,False,False
161,27911.0,84229.0,56318.0,1.4955964345324764,0.30434782608695654,173.36024844720498,1718.9591836734694,-502.8392857142857,5499.0,4720.0,0.05499,10,9,0.9,16.1,3.8845849199110063,0.24127856645409976,8,3.521364774721638,0.08924796675146,5.07565011820331,31.72007452258966,2012-03-26 07:00:00,2021-05-24 15:45:00,BIASW,7,0,4,700,100,3,0,0,100,144,20,29,62,500,2500,68,1388.0,29892.0,28504.0,1.0486949200112266,0.17647058823529413,20.41176470588235,2491.0,-509.0,11743.0,10689.0,0.11743,5,3,0.6,13.6,5.083306010855534,0.373772500798201,7,1.7946685878962536,0.11819807544920378,575.3054755043228,0.2837228917774335,False,False,False
537,192652.0,586818.0,394166.0,1.4887585433548303,0.5735567970204841,358.756052141527,1905.2532467532467,-1721.2489082969432,24419.0,21709.0,0.24419,10,7,0.7,53.7,9.798469268207151,0.1824668392589786,31,3.458108803580944,0.024193883271390902,7.88943036160367,68.06575067998256,2012-01-16 08:00:00,2021-06-02 13:15:00,BIASW,7,0,0,800,100,3,0,2000,200,148,91,54,115,3000,4000,303,25368.0,492633.0,467265.0,1.0542903919617348,0.45544554455445546,83.72277227722772,3569.804347826087,-2831.909090909091,56775.0,53545.0,0.56775,5,2,0.4,60.6,19.571407716360106,0.322960523372279,29,0.1618574582150741,0.44681638044914135,678.130912961211,0.5292591606793902,False,False,False
567,179742.0,549378.0,369636.0,1.4862675713404538,0.48148148148148145,317.005291005291,2012.3736263736264,-1257.265306122449,19102.0,15455.0,0.19102,10,9,0.9,56.7,9.767804256842988,0.1722716800148675,31,3.4548599355666534,0.04167640284407651,9.409590618783373,60.257669326033984,2012-01-16 08:00:00,2021-06-01 17:00:00,BIASW,7,0,0,800,100,3,0,2000,200,148,91,54,115,1500,7500,303,95963.0,433137.0,337174.0,1.2846097267286327,0.25412541254125415,316.7095709570957,5625.1558441558445,-1491.9203539823009,29587.0,26573.0,0.29587,5,4,0.8,60.6,19.458674158328463,0.3211002336357832,29,0.07806133613997061,3.24341771724068,93.41997436511988,2.773409997498416,True,True,True
161,30256.0,64583.0,34327.0,1.8814053077752206,0.17391304347826086,187.92546583850933,2306.535714285714,-258.09774436090225,6720.0,5837.0,0.0672,10,8,0.8,16.1,3.8845849199110063,0.24127856645409976,8,3.453061820312463,0.14843336858804865,4.502380952380952,35.758857747223686,2012-03-26 07:00:00,2021-05-24 16:30:00,BIASW,7,0,4,700,100,3,0,0,100,144,20,29,62,250,4500,68,10888.0,26946.0,16058.0,1.678042097396936,0.08823529411764706,160.11764705882354,4491.0,-259.0,9178.0,6216.0,0.09178,5,3,0.6,13.6,5.083306010855534,0.373772500798201,7,0.41247244673034533,1.1863151013292657,57.320352681851574,2.517494482961807,True,False,False
558,183138.0,566558.0,383420.0,1.477643315424339,0.4982078853046595,328.2043010752688,2037.978417266187,-1369.357142857143,20626.0,18996.0,0.20626,10,9,0.9,55.8,9.713907555664713,0.17408436479685868,31,3.442231829403865,0.034405748670401554,8.878987685445555,62.84500212954166,2012-01-16 08:00:00,2021-06-01 17:00:00,BIASW,7,0,0,800,100,3,0,2000,200,148,91,54,115,1750,6000,306,73421.0,449679.0,376258.0,1.1951347213879837,0.2908496732026144,239.93790849673204,5052.573033707865,-1733.9078341013824,30264.0,29594.0,0.30264,5,3,0.6,61.2,19.415457759218555,0.31724604181729665,29,0.08159790795548957,2.426017710811525,126.13263235314146,2.0774905615736503,True,False,False
539,187474.0,574448.0,386974.0,1.4844614883687277,0.5157699443413729,347.8181818181818,2066.359712230216,-1482.6590038314175,24150.0,22221.0,0.2415,10,8,0.8,53.9,9.523129737644028,0.17668144225684654,28,3.371297415768189,0.06833480909352764,7.762898550724637,69.43282801881861,2012-01-16 08:00:00,2021-06-01 17:00:00,BIASW,7,0,0,800,100,3,0,2000,200,148,91,54,115,2000,0,280,28050.0,433776.0,405726.0,1.0691353277827893,0.2714285714285714,100.17857142857143,5707.578947368421,-1988.8529411764705,68933.0,61476.0,0.68933,5,2,0.4,56.0,16.946976131451887,0.30262457377592655,29,0.5839928698752228,0.406916861300103,688.101247771836,0.5747309685623232,False,False,False
158,46113.0,131994.0,85881.0,1.5369406504349041,0.6582278481012658,291.8544303797468,1269.173076923077,-1590.388888888889,17042.0,16427.0,0.17042,10,8,0.8,15.8,3.9698866482558417,0.25125864862378744,8,3.3675136479163927,0.0323336152494958,2.7058443844619178,58.39212369613775,2012-03-26 07:00:00,2021-05-24 11:15:00,BIASW,7,0,4,700,100,3,0,0,100,144,20,29,62,4000,1500,68,-25112.0,67095.0,92207.0,0.7276562516945568,0.6617647058823529,-369.29411764705884,1491.0,-4009.0,37564.0,35549.0,0.37564,5,2,0.4,13.6,5.083306010855534,0.373772500798201,7,0.0,0.0,0.0,0.0,False,False,False
540,184685.0,573668.0,388983.0,1.4747893866827084,0.5148148148148148,342.00925925925924,2063.5539568345325,-1484.6679389312976,24150.0,22221.0,0.2415,10,8,0.8,54.0,9.612491872558333,0.17800910875108025,28,3.3149932699960445,0.0540975173944825,7.647412008281574,70.61212334515527,2012-01-16 08:00:00,2021-06-01 17:00:00,BIASW,7,0,0,800,100,3,0,2000,200,148,91,54,115,2000,10000,291,60976.0,473837.0,412861.0,1.1476913537485982,0.281786941580756,209.53951890034364,5778.5,-1975.4114832535886,62953.0,61183.0,0.62953,5,3,0.6,58.2,18.36736235827017,0.3155904185269789,29,0.16385135135135134,0.9685956189538227,300.43497441616375,1.2579433441204337,True,False,False
547,178432.0,555771.0,377339.0,1.472869223695404,0.4954296160877514,326.20109689213893,2050.8154981549815,-1367.1702898550725,22109.0,18996.0,0.22109,10,9,0.9,54.7,9.747307320486001,0.17819574626117005,28,3.304488325660119,0.07179765961262553,8.070559500655841,67.77720924497848,2012-01-16 08:00:00,2021-06-01 17:00:00,BIASW,7,0,0,800,100,3,0,2000,200,148,91,54,115,1750,0,283,33853.0,403786.0,369933.0,1.0915111655353806,0.2508833922261484,119.62190812720848,5687.12676056338,-1744.9669811320755,57439.0,55055.0,0.57439,5,3,0.6,56.6,16.788091017146648,0.296609381928386,29,0.48388621392491066,0.5893730740437682,480.1712403627448,0.7518144093775748,False,False,False
546,189761.0,585108.0,395347.0,1.479985936405234,0.554945054945055,347.54761904761904,1931.049504950495,-1626.9423868312758,25187.0,19817.0,0.25187,10,8,0.8,54.6,9.92169340384997,0.1817159964075086,31,3.298598454880134,0.024562475956598037,7.534085043871839,72.4706446530109,2012-01-16 08:00:00,2021-06-02 13:15:00,BIASW,7,0,0,800,100,3,0,2000,200,148,91,54,115,2500,4500,305,30715.0,474231.0,443516.0,1.0692534203952055,0.39672131147540984,100.70491803278688,3919.2644628099174,-2410.413043478261,48583.0,45886.0,0.48583,5,4,0.8,61.0,19.88969582472291,0.3260605872905395,29,0.14621520429757448,0.6322170306485808,482.42926908676543,0.6881955665170023,False,False,False
519,182139.0,596812.0,414673.0,1.4392352528377783,0.6011560693641619,350.9421965317919,1912.8589743589744,-2003.2512077294687,26083.0,23779.0,0.26083,10,7,0.7,51.9,9.364293886887575,0.18042955466064692,30,3.2731067818778548,0.037943548608480336,6.983054096537975,74.32278095300842,2012-01-16 08:00:00,2021-06-02 13:15:00,BIASW,7,0,0,800,100,3,0,2000,200,148,91,54,115,5000,4000,292,34517.0,577693.0,543176.0,1.0635466220893413,0.5582191780821918,118.20890410958904,3544.128834355828,-4210.666666666667,59109.0,56324.0,0.59109,5,3,0.6,58.4,18.216476058777122,0.31192595991056715,29,0.12634354086392213,0.5839550660643895,500.03847379552104,0.732363581302086,False,False,False
576,160031.0,515549.0,355518.0,1.4501347329811711,0.4496527777777778,277.83159722222223,1990.5366795366795,-1121.5078864353313,16352.0,13497.0,0.16352,10,9,0.9,57.6,10.041912168506554,0.174338752925461,31,3.2726499228924038,0.04680968062437903,9.786631604696673,58.85579668939143,2012-01-16 08:00:00,2021-06-01 16:30:00,BIASW,7,0,0,800,100,3,0,2000,200,148,91,54,115,1250,7500,303,75963.0,373245.0,297282.0,1.2555250570165701,0.2145214521452145,250.7029702970297,5742.2307692307695,-1249.0840336134454,30181.0,29435.0,0.30181,5,4,0.8,60.6,19.458674158328463,0.3211002336357832,29,0.09861379882311125,2.51691461515523,120.38549030449035,2.173682062086325,True,False,False
161,26531.0,87289.0,60758.0,1.4366667763915864,0.5838509316770186,164.7888198757764,928.6063829787234,-906.8358208955224,5857.0,5284.0,0.05857,10,8,0.8,16.1,3.8845849199110063,0.24127856645409976,8,3.2433475277972006,0.03735253100146998,4.529793409595356,35.5424597640496,2012-03-26 07:00:00,2021-05-24 09:30:00,BIASW,7,0,4,700,100,3,0,0,100,144,20,29,62,1000,1000,68,-4612.0,31712.0,36324.0,0.8730316044488492,0.47058823529411764,-67.82352941176471,991.0,-1009.0,7341.0,6576.0,0.07341,5,2,0.4,13.6,5.083306010855534,0.373772500798201,7,0.0,0.0,0.0,0.0,False,False,False
591,154631.0,474573.0,319942.0,1.4833094748423152,0.4196277495769882,261.6429780033841,1913.600806451613,-932.7755102040817,14826.0,11202.0,0.14826,10,9,0.9,59.1,10.18282868362225,0.17229828567888747,32,3.236685039025376,0.038743848258111245,10.42971806286254,56.6650024897983,2012-01-16 08:00:00,2021-06-01 16:30:00,BIASW,7,0,0,800,100,3,0,2000,200,148,91,54,115,1000,6000,307,75237.0,323346.0,248109.0,1.3032417203729005,0.1986970684039088,245.071661237785,5300.754098360656,-1008.5731707317074,26222.0,22681.0,0.26222,5,4,0.8,61.4,19.622436138257655,0.3195836504602224,29,0.07962837433709478,2.869231942643582,106.99727527679201,2.2796256913999686,True,True,True
161,28346.0,62673.0,34327.0,1.8257639758790456,0.17391304347826086,176.06211180124222,2238.3214285714284,-258.09774436090225,6720.0,5837.0,0.0672,10,8,0.8,16.1,3.8845849199110063,0.24127856645409976,8,3.2350770213702087,0.14079587948916955,4.218154761904762,38.16834826783321,2012-03-26 07:00:00,2021-05-24 16:15:00,BIASW,7,0,4,700,100,3,0,0,100,144,20,29,62,250,4000,68,16388.0,31928.0,15540.0,2.0545688545688545,0.11764705882352941,241.0,3991.0,-259.0,6243.0,5439.0,0.06243,5,3,0.6,13.6,5.083306010855534,0.373772500798201,7,0.2435318525750549,2.625020022425116,25.904564315352697,4.594346327830927,True,True,True
553,182903.0,571753.0,388850.0,1.4703690369036904,0.5207956600361664,330.746835443038,1985.2534722222222,-1467.3584905660377,23786.0,22156.0,0.23786,10,8,0.8,55.3,9.859513172565876,0.1782913774424209,31,3.230266436585634,0.02728768800949137,7.689523248969983,71.91603199510122,2012-01-16 08:00:00,2021-06-01 17:00:00,BIASW,7,0,0,800,100,3,0,2000,200,148,91,54,115,2000,5000,306,53511.0,452223.0,398712.0,1.1342096550893879,0.3366013071895425,174.87254901960785,4390.514563106796,-1964.0985221674878,35793.0,34825.0,0.35793,5,3,0.6,61.2,19.75246820020222,0.3227527483693173,29,0.09327054250527929,1.4950129913670271,204.6804955990357,1.3922779496573268,True,False,False
561,171011.0,537629.0,366618.0,1.466455547736336,0.47950089126559714,304.83244206773617,1998.6208178438662,-1255.541095890411,20401.0,16891.0,0.20401,10,9,0.9,56.1,9.873702446397704,0.1760018261389965,29,3.214687874097709,0.07491330967013818,8.382481250919072,66.92529135552684,2012-01-16 08:00:00,2021-06-01 17:00:00,BIASW,7,0,0,800,100,3,0,2000,200,148,91,54,115,1500,0,283,74088.0,397427.0,323339.0,1.229134128577128,0.23674911660777384,261.79505300353355,5931.746268656716,-1496.9398148148148,41955.0,36158.0,0.41955,5,4,0.8,56.6,16.788091017146648,0.296609381928386,29,0.2211019328366267,1.76589202717197,160.2589488176223,1.925187032018506,True,False,False
548,172598.0,551696.0,379098.0,1.4552859682720563,0.49452554744525545,314.95985401459853,2035.7785977859778,-1368.5848375451264,22109.0,18996.0,0.22109,10,9,0.9,54.8,9.836666101886351,0.17950120623880203,28,3.1906120811941934,0.057885954646056156,7.80668506038265,70.19624792871296,2012-01-16 08:00:00,2021-06-01 17:00:00,BIASW,7,0,0,800,100,3,0,2000,200,148,91,54,115,1750,10000,293,70118.0,447881.0,377763.0,1.1856137313606678,0.2593856655290102,239.31058020477815,5893.171052631579,-1740.8433179723502,56888.0,56113.0,0.56888,5,3,0.6,58.6,18.380424369420854,0.31365911893209647,29,0.1424883767363587,1.2325622275348052,237.716192703728,1.5113147521105876,True,False,False
160,31905.0,101695.0,69790.0,1.457157185843244,0.6875,199.40625,924.5,-1395.8,8937.0,8322.0,0.08937,10,8,0.8,16.0,3.924283374069717,0.2452677108793573,8,3.1772123499799303,0.031060962231625137,3.569989929506546,44.81805359661495,2012-03-26 07:00:00,2021-05-24 09:30:00,BIASW,7,0,4,700,100,3,0,0,100,144,20,29,62,2250,1000,68,-17112.0,41622.0,58734.0,0.7086525692103381,0.6176470588235294,-251.64705882352942,991.0,-2259.0,20727.0,17826.0,0.20727,5,1,0.2,13.6,5.083306010855534,0.373772500798201,7,0.0,0.0,0.0,0.0,False,False,False
161,19261.0,54618.0,35357.0,1.5447577565969963,0.7018633540372671,119.63354037267081,483.34513274336285,-736.6041666666666,3271.0,3036.0,0.03271,10,9,0.9,16.1,3.8845849199110063,0.24127856645409976,8,3.150765183660024,0.026011110534240173,5.888413329257108,27.341830642230413,2012-03-26 07:00:00,2021-05-24 08:15:00,BIASW,7,0,4,700,100,3,0,0,100,144,20,29,62,750,500,68,2138.0,21113.0,18975.0,1.1126745718050066,0.6323529411764706,31.441176470588236,491.0,-759.0,3731.0,3171.0,0.03731,5,4,0.8,13.6,5.083306010855534,0.373772500798201,7,0.2296538821328344,0.5730367193781828,118.66604303086997,0.7753352304409187,False,False,False
560,166880.0,549170.0,382290.0,1.4365272437155039,0.5,298.0,1961.3214285714287,-1365.3214285714287,20561.0,18931.0,0.20561,10,9,0.9,56.0,9.9498743710662,0.17767632805475356,31,3.130383186001416,0.02990771812080537,8.116336754048927,68.99664429530202,2012-01-16 08:00:00,2021-06-01 17:00:00,BIASW,7,0,0,800,100,3,0,2000,200,148,91,54,115,1750,5000,307,59922.0,425626.0,365704.0,1.1638538271388883,0.3127035830618892,195.185667752443,4433.604166666667,-1733.1943127962086,31998.0,30575.0,0.31998,5,3,0.6,61.4,19.622436138257655,0.3195836504602224,29,0.08329161242949168,1.8726795424714044,163.93621708220687,1.6435762705285972,True,False,False
160,29145.0,100178.0,71033.0,1.4103022538819985,0.675,182.15625,927.574074074074,-1366.0192307692307,7687.0,7072.0,0.07687,10,6,0.6,16.0,3.924283374069717,0.2452677108793573,8,3.1294570186282433,0.03400240178418253,3.791466111617016,42.20003431120261,2012-03-26 07:00:00,2021-05-24 09:30:00,BIASW,7,0,4,700,100,3,0,0,100,144,20,29,62,2000,1000,68,-13612.0,40631.0,54243.0,0.7490551776266062,0.6029411764705882,-200.1764705882353,991.0,-2009.0,17477.0,14576.0,0.17477,5,1,0.2,13.6,5.083306010855534,0.373772500798201,7,0.0,0.0,0.0,0.0,False,False,False
562,165427.0,533554.0,368127.0,1.449374808150448,0.4786476868327402,294.3540925266904,1983.4721189591078,-1256.4061433447098,20401.0,16891.0,0.20401,10,9,0.9,56.2,9.96794863550169,0.17736563408365996,29,3.1041857799581614,0.06039521964370991,8.108769177981472,69.307682542753,2012-01-16 08:00:00,2021-06-01 17:00:00,BIASW,7,0,0,800,100,3,0,2000,200,148,91,54,115,1500,10000,293,110638.0,441522.0,330884.0,1.334370957797899,0.24573378839590443,377.60409556313994,6132.25,-1497.212669683258,36418.0,35733.0,0.36418,5,4,0.8,58.6,18.380424369420854,0.31365911893209647,29,0.09030351235561018,3.038003185238069,96.44492850557674,2.980451128679887,True,False,False
549,186174.0,570568.0,384394.0,1.4843311810277997,0.5428051001821493,339.11475409836066,1914.6577181208054,-1531.4501992031871,27807.0,22791.0,0.27807,10,8,0.8,54.9,9.904039579888602,0.1804014495425975,31,3.0631832007433544,0.025035719273367923,6.69522062789945,81.99879145315673,2012-01-16 08:00:00,2021-06-02 13:15:00,BIASW,7,0,0,800,100,3,0,2000,200,148,91,54,115,2250,4500,306,12341.0,439726.0,427385.0,1.0288756039636393,0.3627450980392157,40.330065359477125,3961.4954954954956,-2191.7179487179487,53348.0,52130.0,0.53348,5,3,0.6,61.2,19.75246820020222,0.3227527483693173,29,0.3639089214812414,0.2313301342130914,1322.7848634632526,0.26301057409849005,False,False,False
570,152610.0,505610.0,353000.0,1.4323229461756375,0.4473684210526316,267.7368421052632,1982.7843137254902,-1120.6349206349207,17401.0,13891.0,0.17401,10,9,0.9,57.0,10.198039027185569,0.1789129653892205,29,3.057203779671782,0.08394600615949152,8.770185621516005,64.99292313740908,2012-01-16 08:00:00,2021-06-01 16:30:00,BIASW,7,0,0,800,100,3,0,2000,200,148,91,54,115,1250,0,287,57252.0,344208.0,286956.0,1.199514908208924,0.20209059233449478,199.4843205574913,5934.620689655172,-1253.0829694323145,40631.0,38035.0,0.40631,5,4,0.8,57.4,17.41952927033334,0.30347611969221844,29,0.2861210088730525,1.4090718909207256,203.68016837839727,1.4906763624385226,True,False,False
570,164755.0,538314.0,373559.0,1.4410414419141286,0.4807017543859649,289.0438596491228,1964.6496350364964,-1262.0236486486488,20366.0,16431.0,0.20366,10,9,0.9,57.0,9.979979959899719,0.17508736771753894,31,3.050803477520312,0.036636217413735545,8.08970833742512,70.45989499559953,2012-01-16 08:00:00,2021-06-01 17:00:00,BIASW,7,0,0,800,100,3,0,2000,200,148,91,54,115,1500,6000,306,109706.0,440844.0,331138.0,1.3312999414141535,0.27450980392156865,358.51633986928107,5248.142857142857,-1491.6126126126126,23744.0,22194.0,0.23744,5,4,0.8,61.2,19.415457759218555,0.31724604181729665,29,0.054609592911964704,4.620367250673854,66.22850163163363,3.5045750670207174,True,True,True
550,176785.0,561157.0,384372.0,1.4599320449980748,0.5854545454545454,321.42727272727274,1742.723602484472,-1685.842105263158,26115.0,23662.0,0.26115,10,7,0.7,55.0,11.036303729057115,0.20066006780103846,31,2.995994853164629,0.01714511977826173,6.769481141106644,81.24699493735328,2012-01-16 08:00:00,2021-06-02 13:15:00,BIASW,7,0,0,800,100,3,0,2000,200,148,91,54,115,3000,3000,306,63261.0,464950.0,401689.0,1.157487508993276,0.5392156862745098,206.73529411764707,2817.878787878788,-2848.8581560283687,49396.0,46031.0,0.49396,5,5,1.0,61.2,19.75246820020222,0.3227527483693173,29,0.047280314885948686,1.280690744189813,238.93356096172997,1.401109539423589,True,False,False
161,19241.0,65749.0,46508.0,1.4137137696740345,0.42857142857142855,119.50931677018633,952.8840579710145,-505.5217391304348,3633.0,2918.0,0.03633,10,10,1.0,16.1,3.8845849199110063,0.24127856645409976,8,2.986568081302208,0.05150459955303779,5.296173960913845,30.399303570500496,2012-03-26 07:00:00,2021-05-24 09:30:00,BIASW,7,0,4,700,100,3,0,0,100,144,20,29,62,500,1000,68,-6112.0,18829.0,24941.0,0.7549416623230825,0.27941176470588236,-89.88235294117646,991.0,-509.0,7945.0,6671.0,0.07945,5,1,0.2,13.6,5.083306010855534,0.373772500798201,7,0.0,0.0,0.0,0.0,False,False,False
583,150253.0,468177.0,317924.0,1.472606660711365,0.41509433962264153,257.7238421955403,1934.6157024793388,-932.3284457478006,17026.0,11202.0,0.17026,10,9,0.9,58.3,9.889893831583835,0.1696379730974929,31,2.975100475793282,0.08526285664845294,8.824914836132972,66.06296047333497,2012-01-16 08:00:00,2021-06-01 16:30:00,BIASW,7,0,0,800,100,3,0,2000,200,148,91,54,115,1000,0,295,15460.0,265587.0,250127.0,1.061808601230575,0.15932203389830507,52.40677966101695,5650.787234042553,-1008.5766129032259,51799.0,47144.0,0.51799,5,3,0.6,59.0,18.46076921474292,0.312894393470219,29,0.9845407503234153,0.29846136025792,988.4026520051747,0.34684076901770133,False,False,False
160,31355.0,102686.0,71331.0,1.4395704532391247,0.69375,195.96875,925.0990990990991,-1455.734693877551,10187.0,9635.0,0.10187,10,7,0.7,16.0,3.924283374069717,0.2452677108793573,8,2.9246036929182653,0.03160580449689045,3.077942475704329,51.982777866369,2012-03-26 07:00:00,2021-05-24 09:30:00,BIASW,7,0,4,700,100,3,0,0,100,144,20,29,62,2500,1000,68,-16612.0,43604.0,60216.0,0.7241264780124884,0.6470588235294118,-244.2941176470588,991.0,-2509.0,23477.0,20049.0,0.23477,5,2,0.4,13.6,5.083306010855534,0.373772500798201,7,0.0,0.0,0.0,0.0,False,False,False
579,148989.0,506815.0,357826.0,1.4163727621805011,0.44905008635578586,257.32124352331607,1949.2884615384614,-1121.7115987460816,17616.0,13681.0,0.17616,10,9,0.9,57.9,10.261091559868278,0.17722092504090292,31,2.920285723772635,0.040211022290236195,8.45759536784741,68.45917483841089,2012-01-16 08:00:00,2021-06-01 16:30:00,BIASW,7,0,0,800,100,3,0,2000,200,148,91,54,115,1250,6000,306,93506.0,385752.0,292246.0,1.3199564750244657,0.23529411764705882,305.57516339869284,5357.666666666667,-1248.91452991453,20784.0,19189.0,0.20784,5,5,1.0,61.2,19.415457759218555,0.31724604181729665,29,0.06407075481787265,4.498941493456505,68.01599897332791,3.1926906505043466,True,True,True
548,175128.0,570690.0,395562.0,1.4427321127914208,0.5565693430656934,319.57664233576645,1871.1147540983607,-1627.8271604938273,27687.0,22317.0,0.27687,10,8,0.8,54.8,10.137060717979349,0.1849828598171414,31,2.8929467104475624,0.026614818875336895,6.325279011810597,86.63649444977388,2012-01-16 08:00:00,2021-06-02 13:15:00,BIASW,7,0,0,800,100,3,0,2000,200,148,91,54,115,2500,4000,305,32885.0,461593.0,428708.0,1.0767072226317214,0.419672131147541,107.81967213114754,3606.1953125,-2422.0790960451977,45432.0,44487.0,0.45432,5,3,0.6,61.0,19.88969582472291,0.3260605872905395,29,0.12485935837007754,0.7238290191935199,421.370229587958,0.7619394036739621,False,False,False
160,28040.0,98196.0,70156.0,1.3996807115571013,0.6625,175.25,926.377358490566,-1299.1851851851852,8392.0,7782.0,0.08392,10,7,0.7,16.0,3.924283374069717,0.2452677108793573,8,2.881566481113973,0.035342368045649074,3.3412774070543376,47.885877318116975,2012-03-26 07:00:00,2021-05-24 09:30:00,BIASW,7,0,4,700,100,3,0,0,100,144,20,29,62,1750,1000,68,-9612.0,39640.0,49252.0,0.8048404125720783,0.5882352941176471,-141.35294117647058,991.0,-1759.0,14748.0,12833.0,0.14748,5,1,0.2,13.6,5.083306010855534,0.373772500798201,7,0.0,0.0,0.0,0.0,False,False,False
571,142966.0,497225.0,354259.0,1.4035634945054325,0.44658493870402804,250.3782837127846,1949.9019607843138,-1121.0727848101267,17401.0,13891.0,0.17401,10,9,0.9,57.1,10.280564186852782,0.18004490695013628,29,2.858991796928389,0.06988374858357932,8.215964599735647,69.49883888476981,2012-01-16 08:00:00,2021-06-01 16:30:00,BIASW,7,0,0,800,100,3,0,2000,200,148,91,54,115,1250,10000,296,80946.0,375456.0,294510.0,1.2748497504329226,0.20608108108108109,273.4662162162162,6155.016393442623,-1253.2340425531916,35006.0,33426.0,0.35006,5,3,0.6,59.2,18.89338508579127,0.31914501834106873,29,0.12342796432189361,2.3123464548934467,128.0084994934895,2.2015866954762857,True,False,False
550,147325.0,534851.0,387526.0,1.3801680403379386,0.610909090909091,267.8636363636364,1591.8184523809523,-1810.8691588785048,20460.0,18156.0,0.2046,10,9,0.9,55.0,11.34019400186787,0.20618534548850673,31,2.8207480738396478,0.018367554725946037,7.200635386119257,76.38214831155608,2012-01-16 08:00:00,2021-06-02 13:15:00,BIASW,7,0,0,800,100,3,0,2000,200,148,91,54,115,4000,2500,306,70381.0,468490.0,398109.0,1.1767882665300207,0.6372549019607843,230.0032679738562,2402.5128205128203,-3586.5675675675675,40937.0,37632.0,0.40937,5,5,1.0,61.2,19.415457759218555,0.31724604181729665,29,0.03589036813912846,1.7192515328431492,177.98442761540758,1.7122980215508017,True,False,False
593,134703.0,455654.0,320951.0,1.419699580309767,0.41989881956155145,227.15514333895447,1829.9357429718875,-932.9970930232558,14826.0,11202.0,0.14826,10,9,0.9,59.3,10.373523991392702,0.17493295095097305,32,2.8100492495286815,0.03705188451630624,9.08559287737758,65.26816774682078,2012-01-16 08:00:00,2021-06-01 16:30:00,BIASW,7,0,0,800,100,3,0,2000,200,148,91,54,115,1000,5000,307,68882.0,310937.0,242055.0,1.2845716882526699,0.2182410423452769,224.371335504886,4640.850746268657,-1008.5625,19160.0,15189.0,0.1916,5,4,0.8,61.4,19.622436138257655,0.3195836504602224,29,0.07245724572457246,3.5950939457202504,85.39415231845766,2.4415913364434076,True,True,True
584,140609.0,459542.0,318933.0,1.4408731614477022,0.4143835616438356,240.76883561643837,1898.9338842975208,-932.5526315789474,17026.0,11202.0,0.17026,10,9,0.9,58.4,9.961927524329816,0.1705809507590722,31,2.7793760611995695,0.07105519561336757,8.25848701985199,70.71513203280017,2012-01-16 08:00:00,2021-06-01 16:30:00,BIASW,7,0,0,800,100,3,0,2000,200,148,91,54,115,1000,10000,302,44482.0,298645.0,254163.0,1.1750136723283877,0.16556291390728478,147.2913907284768,5972.9,-1008.5833333333334,49214.0,45568.0,0.49214,5,3,0.6,60.4,19.683495624507348,0.3258856891474727,29,0.22460770648801762,0.9038484983947657,334.1267928600333,1.0000837831083262,True,False,False
557,161082.0,553205.0,392123.0,1.4107945721113018,0.5206463195691203,289.1956912028725,1907.603448275862,-1468.625468164794,24681.0,23051.0,0.24681,10,8,0.8,55.7,9.910095862301233,0.17791913576842427,32,2.772769681564877,0.02831477135868688,6.5265588914549655,85.34359518754424,2012-01-16 08:00:00,2021-06-01 17:00:00,BIASW,7,0,0,800,100,3,0,2000,200,148,91,54,115,2000,4500,307,17517.0,416229.0,398712.0,1.0439339673749473,0.33876221498371334,57.0586319218241,4002.201923076923,-1964.0985221674878,46793.0,45825.0,0.46793,5,2,0.4,61.4,19.622436138257655,0.3195836504602224,29,0.25637951704058914,0.3743508644455367,820.0862590626249,0.3973143622362012,False,False,False
158,34538.0,127521.0,92983.0,1.37144424249594,0.6392405063291139,218.59493670886076,1262.5841584158416,-1631.280701754386,14149.0,13724.0,0.14149,10,6,0.6,15.8,3.9698866482558417,0.25125864862378744,8,2.7680923786135234,0.043169841913254965,2.4410205668245104,64.72702530546066,2012-03-26 07:00:00,2021-05-24 11:15:00,BIASW,7,0,4,700,100,3,0,0,100,144,20,29,62,3000,1500,68,-33612.0,56658.0,90270.0,0.627650382186773,0.5588235294117647,-494.29411764705884,1491.0,-3009.0,42977.0,39549.0,0.42977,5,1,0.2,13.6,5.083306010855534,0.373772500798201,7,0.0,0.0,0.0,0.0,False,False,False
551,172541.0,557150.0,384609.0,1.44861404699318,0.5444646098003629,313.1415607985481,1857.1666666666667,-1532.3067729083666,29807.0,24437.0,0.29807,10,8,0.8,55.1,10.113851887386922,0.18355448071482616,31,2.732026658566235,0.027013869167328345,5.788606703123428,95.18698164494236,2012-01-16 08:00:00,2021-06-02 13:15:00,BIASW,7,0,0,800,100,3,0,2000,200,148,91,54,115,2250,4000,306,16721.0,430473.0,413752.0,1.0404130977010384,0.38562091503267976,54.6437908496732,3648.076271186441,-2200.808510638298,55159.0,54519.0,0.55159,5,3,0.6,61.2,19.75246820020222,0.3227527483693173,29,0.23868189701572873,0.3031418263565329,1009.4285030799593,0.3504580039031537,False,False,False
572,146057.0,520245.0,374188.0,1.3903305290388788,0.4807692307692308,255.3444055944056,1891.8,-1259.892255892256,20366.0,16431.0,0.20366,10,9,0.9,57.2,10.196077677224707,0.17825310624518717,31,2.6951120895576985,0.03417159054341798,7.171609545320632,79.75894342619662,2012-01-16 08:00:00,2021-06-01 17:00:00,BIASW,7,0,0,800,100,3,0,2000,200,148,91,54,115,1500,5000,307,94707.0,416791.0,322084.0,1.294044410774829,0.2964169381107492,308.4918566775244,4580.120879120879,-1491.1296296296296,24744.0,23149.0,0.24744,5,4,0.8,61.4,19.622436138257655,0.3195836504602224,29,0.05269937808187357,3.8274733268671195,80.20957268206152,2.9540109819691898,True,True,True
559,162894.0,548153.0,385259.0,1.422816858269372,0.5688729874776386,291.4025044722719,1723.751572327044,-1598.585062240664,26578.0,24083.0,0.26578,10,7,0.7,55.9,11.175419455215094,0.19991805823282816,31,2.6923746086323495,0.018607192407332374,6.128903604484912,91.2071776738247,2012-01-16 08:00:00,2021-06-02 13:15:00,BIASW,7,0,0,800,100,3,0,2000,200,148,91,54,115,2500,3000,306,45081.0,425850.0,380769.0,1.118394617208859,0.49019607843137253,147.3235294117647,2839.0,-2440.826923076923,37751.0,34386.0,0.37751,5,4,0.8,61.2,19.75246820020222,0.3227527483693173,29,0.06634724163172956,1.194167041932664,256.2455579956079,1.1421186916772448,True,False,False
564,147059.0,532122.0,385063.0,1.381908934382166,0.5,260.7429078014184,1886.9574468085107,-1365.4716312056737,21456.0,19826.0,0.21456,10,9,0.9,56.4,10.00199980003999,0.17734042198652464,32,2.68127574088486,0.031014762782284662,6.85398023862789,82.28795245445706,2012-01-16 08:00:00,2021-06-01 17:00:00,BIASW,7,0,0,800,100,3,0,2000,200,148,91,54,115,1750,4500,308,32678.0,396623.0,363945.0,1.0897882921870063,0.3181818181818182,106.09740259740259,4047.173469387755,-1733.0714285714287,41350.0,40575.0,0.4135,5,2,0.4,61.6,19.499743588057765,0.31655427902691174,29,0.1374319113776853,0.7902781136638453,389.736213966583,0.7859055390086931,False,False,False
533,160263.0,563820.0,403557.0,1.3971260565421986,0.6097560975609756,300.68105065666043,1734.8307692307692,-1940.1778846153845,28735.0,24101.0,0.28735,10,8,0.8,53.3,10.218121158021175,0.19170959020677628,30,2.6717991850546734,0.019255848199522037,5.577275100052201,95.56638151039229,2012-01-16 08:00:00,2021-06-02 13:15:00,BIASW,7,0,0,800,100,3,0,2000,200,148,91,54,115,5000,3000,302,68112.0,533250.0,465138.0,1.1464339615339965,0.6291390728476821,225.53642384105962,2806.5789473684213,-4153.017857142857,51865.0,45420.0,0.51865,5,4,0.8,60.4,18.958902921846505,0.31388912122262425,29,0.04391296687808316,1.313255567338282,229.9628552971576,1.4917046840016994,True,False,False
562,161057.0,536613.0,375556.0,1.4288494924858077,0.5569395017793595,286.5782918149466,1714.4185303514378,-1508.2570281124497,27773.0,25244.0,0.27773,10,7,0.7,56.2,11.124747188138704,0.1979492382231086,31,2.5902116195970093,0.018819424179017368,5.799049436503078,96.91243472807764,2012-01-16 08:00:00,2021-06-02 13:15:00,BIASW,7,0,0,800,100,3,0,2000,200,148,91,54,115,2250,3000,307,27687.0,397750.0,370063.0,1.074816990620516,0.4560260586319218,90.185667752443,2841.0714285714284,-2215.946107784431,44023.0,42858.0,0.44023,5,3,0.6,61.4,19.622436138257655,0.3195836504602224,29,0.10802903889912233,0.6289212457124684,488.1374291183588,0.6474422885731389,False,False,False
161,19836.0,75645.0,55809.0,1.3554265441057893,0.3105590062111801,123.20496894409938,1512.9,-502.7837837837838,5460.0,4720.0,0.0546,10,9,0.9,16.1,3.8845849199110063,0.24127856645409976,8,2.51151199621479,0.10037305908449284,3.632967032967033,44.31639443436177,2012-03-26 07:00:00,2021-05-24 14:30:00,BIASW,7,0,4,700,100,3,0,0,100,144,20,29,62,500,2000,68,-2112.0,25883.0,27995.0,0.9245579567779961,0.19117647058823528,-31.058823529411764,1991.0,-509.0,11868.0,10734.0,0.11868,5,3,0.6,13.6,5.083306010855534,0.373772500798201,7,0.0,0.0,0.0,0.0,False,False,False
581,128161.0,487246.0,359085.0,1.3569099238341897,0.44922547332185886,220.58691910499138,1866.8429118773947,-1122.140625,17616.0,13681.0,0.17616,10,9,0.9,58.1,10.454185764563398,0.17993435050883647,31,2.50339545189912,0.03894320425090316,7.275261126248864,79.85967650065153,2012-01-16 08:00:00,2021-06-01 16:30:00,BIASW,7,0,0,800,100,3,0,2000,200,148,91,54,115,1250,5000,307,83642.0,368334.0,284692.0,1.2937982099953633,0.25732899022801303,272.4495114006515,4662.455696202532,-1248.6491228070176,21784.0,20189.0,0.21784,5,4,0.8,61.4,19.622436138257655,0.3195836504602224,29,0.059670978694914036,3.83960705104664,79.9560986107458,2.7804851113144533,True,True,True
161,18276.0,71031.0,52755.0,1.3464316178561273,0.34782608695652173,113.51552795031056,1268.4107142857142,-502.42857142857144,4684.0,4180.0,0.04684,10,9,0.9,16.1,3.8845849199110063,0.24127856645409976,8,2.498332196364238,0.08158240315167432,3.901793339026473,41.263077259794265,2012-03-26 07:00:00,2021-05-24 11:15:00,BIASW,7,0,4,700,100,3,0,0,100,144,20,29,62,500,1500,68,-4612.0,22365.0,26977.0,0.8290395522111428,0.22058823529411764,-67.82352941176471,1491.0,-509.0,8915.0,7851.0,0.08915,5,2,0.4,13.6,5.083306010855534,0.373772500798201,7,0.0,0.0,0.0,0.0,False,False,False
594,117534.0,439494.0,321960.0,1.3650577711516958,0.41919191919191917,197.86868686868686,1765.0361445783133,-933.2173913043479,14826.0,11202.0,0.14826,10,9,0.9,59.4,10.489995233554685,0.1765992463561395,32,2.44775771689616,0.038763251484676776,7.927559692432213,74.92848026953902,2012-01-16 08:00:00,2021-06-01 16:30:00,BIASW,7,0,0,800,100,3,0,2000,200,148,91,54,115,1000,4500,308,54373.0,294410.0,240037.0,1.2265192449497369,0.22727272727272727,176.53571428571428,4205.857142857143,-1008.5588235294117,18672.0,16763.0,0.18672,5,4,0.8,61.6,19.499743588057765,0.31655427902691174,29,0.08259614146727236,2.9120072836332476,105.76896621484929,1.9459895978019397,True,True,True
161,24551.0,92244.0,67693.0,1.3626815180299292,0.6149068322981367,152.49068322981367,931.7575757575758,-1091.8225806451612,8872.0,8262.0,0.08872,10,8,0.8,16.1,3.8845849199110063,0.24127856645409976,8,2.438573771540933,0.04036495458433465,2.76724526600541,58.180603641399536,2012-03-26 07:00:00,2021-05-24 09:30:00,BIASW,7,0,4,700,100,3,0,0,100,144,20,29,62,1250,1000,68,-9112.0,33694.0,42806.0,0.7871326449563145,0.5,-134.0,991.0,-1259.0,12775.0,12110.0,0.12775,5,1,0.2,13.6,5.083306010855534,0.373772500798201,7,0.0,0.0,0.0,0.0,False,False,False
559,143714.0,536296.0,392582.0,1.3660738393507599,0.5205724508050089,257.0912343470483,1842.9415807560138,-1464.858208955224,25666.0,24036.0,0.25666,10,8,0.8,55.9,10.113851887386922,0.18092758295862113,32,2.4171941199404845,0.031736643611617515,5.599392192004987,99.83226408004786,2012-01-16 08:00:00,2021-06-01 17:00:00,BIASW,7,0,0,800,100,3,0,2000,200,148,91,54,115,2000,4000,307,28897.0,412967.0,384070.0,1.0752388887442392,0.36482084690553745,94.1270358306189,3687.2053571428573,-1969.5897435897436,43104.0,42464.0,0.43104,5,2,0.4,61.4,19.622436138257655,0.3195836504602224,29,0.13811122261826486,0.6704018188567187,457.9343184413607,0.682902889193606,False,False,False
161,21021.0,55348.0,34327.0,1.6123750983191074,0.17391304347826086,130.56521739130434,1976.7142857142858,-258.09774436090225,6720.0,5837.0,0.0672,10,7,0.7,16.1,3.8845849199110063,0.24127856645409976,8,2.399088198201622,0.142286285143428,3.128125,51.46853146853147,2012-03-26 07:00:00,2021-05-24 15:45:00,BIASW,7,0,4,700,100,3,0,0,100,144,20,29,62,250,3000,68,14888.0,29910.0,15022.0,1.9910797497004393,0.14705882352941177,218.94117647058823,2991.0,-259.0,6243.0,5439.0,0.06243,5,3,0.6,13.6,5.083306010855534,0.373772500798201,7,0.2009000537345513,2.3847509210315554,28.514508328855456,4.17382402543,True,True,True
576,129236.0,505697.0,376461.0,1.3432918682147685,0.4809027777777778,224.36805555555554,1825.620938628159,-1259.066889632107,20366.0,16467.0,0.20366,10,9,0.9,57.6,10.219589032832975,0.1774234207089058,32,2.3681625514006543,0.03529202389427095,6.345674162820387,90.77049738462968,2012-01-16 08:00:00,2021-06-01 17:00:00,BIASW,7,0,0,800,100,3,0,2000,200,148,91,54,115,1500,4500,308,65198.0,385773.0,320575.0,1.203378304608906,0.30194805194805197,211.6818181818182,4148.096774193548,-1491.046511627907,25345.0,23685.0,0.25345,5,3,0.6,61.6,19.499743588057765,0.31655427902691174,29,0.06888248105770116,2.57242059577826,119.73158685849259,2.0028146708693693,True,True,True
566,131191.0,516713.0,385522.0,1.3402944579038292,0.5,231.7862190812721,1825.8409893992932,-1362.268551236749,22441.0,20811.0,0.22441,10,8,0.8,56.6,10.209799214480176,0.1803851451321586,32,2.3306113820061727,0.034766104382160365,5.8460407290227705,96.81766279699065,2012-01-16 08:00:00,2021-06-01 17:00:00,BIASW,7,0,0,800,100,3,0,2000,200,148,91,54,115,1750,4000,308,39348.0,391370.0,352022.0,1.1117771048400384,0.3409090909090909,127.75324675324676,3727.3333333333335,-1734.0985221674878,38346.0,37214.0,0.38346,5,2,0.4,61.6,19.499743588057765,0.31655427902691174,29,0.10142828097997357,1.0261304960100142,300.1567551082647,0.9826871269983976,True,False,False
161,24546.0,96208.0,71662.0,1.342524629510759,0.639751552795031,152.45962732919256,934.0582524271845,-1235.551724137931,9877.0,9267.0,0.09877,10,7,0.7,16.1,3.9102429592034302,0.24287223349089626,8,2.3107112652492052,0.04037317689236535,2.4851675610003037,64.78436405116923,2012-03-26 07:00:00,2021-05-24 09:30:00,BIASW,7,0,4,700,100,3,0,0,100,144,20,29,62,1500,1000,68,-10112.0,36667.0,46779.0,0.7838346266487098,0.5441176470588235,-148.7058823529412,991.0,-1509.0,17748.0,15833.0,0.17748,5,2,0.4,13.6,5.083306010855534,0.373772500798201,7,0.0,0.0,0.0,0.0,False,False,False
606,96676.0,418405.0,321729.0,1.3004889207998036,0.429042904290429,159.53135313531354,1609.25,-929.8526011560693,11413.0,10256.0,0.11413,10,9,0.9,60.6,11.447270417003349,0.18889885176573182,32,2.2493109367238806,0.03135214531010799,8.470691316919302,71.54079606106997,2012-01-16 08:00:00,2021-06-01 16:30:00,BIASW,7,0,0,800,100,3,0,2000,200,148,91,54,115,1000,3000,308,49418.0,266826.0,217408.0,1.2273053429496614,0.29545454545454547,160.44805194805195,2932.153846153846,-1001.8801843317972,17830.0,14270.0,0.1783,5,4,0.8,61.6,19.499743588057765,0.31655427902691174,29,0.0605245052410053,2.7716208637128434,111.12631025132542,1.809931471174416,True,True,True
596,107666.0,430085.0,322419.0,1.3339319332917725,0.41946308724832215,180.6476510067114,1720.34,-931.8468208092486,14826.0,11202.0,0.14826,10,9,0.9,59.6,10.678951259369995,0.17917703455318784,32,2.23472288004969,0.037068340980439506,7.261972210980709,82.07136886296509,2012-01-16 08:00:00,2021-06-01 16:30:00,BIASW,7,0,0,800,100,3,0,2000,200,148,91,54,115,1000,4000,308,47453.0,282129.0,234676.0,1.2022064463345208,0.24025974025974026,154.0681818181818,3812.554054054054,-1002.8888888888889,18992.0,16122.0,0.18992,5,4,0.8,61.6,19.499743588057765,0.31655427902691174,29,0.08410427159505195,2.498578348778433,123.27009883463639,1.6839568593745755,True,True,True
560,129765.0,523023.0,393258.0,1.3299742154005767,0.5857142857142857,231.72321428571428,1594.5823170731708,-1695.0775862068965,24903.0,23771.0,0.24903,10,7,0.7,56.0,11.679041056525147,0.2085543045808062,32,2.2118061660383472,0.02085308056872038,5.210817973738104,107.46873193850422,2012-01-16 08:00:00,2021-06-02 13:15:00,BIASW,7,0,0,800,100,3,0,2000,200,148,91,54,115,3000,2500,307,71252.0,433045.0,361793.0,1.1969413449126987,0.5863192182410424,232.0912052117264,2405.8055555555557,-2848.763779527559,33775.0,31115.0,0.33775,5,5,1.0,61.4,19.622436138257655,0.3195836504602224,29,0.03545163644529276,2.10960769800148,145.52468702632908,1.9022358383567395,True,False,False
615,117470.0,345106.0,227636.0,1.5160431566184611,0.26991869918699185,191.0081300813008,2078.9518072289156,-506.98440979955456,17905.0,16310.0,0.17905,10,9,0.9,61.5,11.560709320798617,0.18797901334631897,31,2.150146467527424,0.10905763173576233,6.560737224239039,93.73946539542011,2012-01-16 08:00:00,2021-05-31 11:00:00,BIASW,7,0,0,800,100,3,0,2000,200,148,91,54,115,500,0,300,12225.0,150673.0,138448.0,1.088300300473824,0.09333333333333334,40.75,5381.178571428572,-509.0,27115.0,20934.0,0.27115,5,3,0.6,60.0,18.65475810617763,0.3109126351029605,29,1.1694069529652351,0.45085745897104923,665.398773006135,0.3727573051671884,False,False,False
569,129249.0,517761.0,388512.0,1.3326769829503335,0.5729349736379613,227.1511423550088,1588.223926380368,-1598.8148148148148,25544.0,23015.0,0.25544,10,7,0.7,56.9,11.827510304370909,0.20786485596433935,32,2.1407888155841293,0.02093633219599378,5.059857500782963,112.45375979698102,2012-01-16 08:00:00,2021-06-02 13:15:00,BIASW,7,0,0,800,100,3,0,2000,200,148,91,54,115,2500,2500,307,53462.0,399945.0,346483.0,1.1542990565193674,0.5374592833876222,174.14332247557005,2423.909090909091,-2440.021126760563,29630.0,27581.0,0.2963,5,4,0.8,61.4,19.622436138257655,0.3195836504602224,29,0.04724851296247802,1.804319946000675,170.1472073622386,1.5238574935546767,True,False,False
584,109039.0,469707.0,360668.0,1.3023251300364878,0.4486301369863014,186.71061643835617,1792.7748091603053,-1120.0869565217392,17616.0,13681.0,0.17616,10,9,0.9,58.4,10.403845442911962,0.17814803840602675,32,2.118940279457784,0.04182907033263328,6.189770663033606,94.3492145012335,2012-01-16 08:00:00,2021-06-01 16:30:00,BIASW,7,0,0,800,100,3,0,2000,200,148,91,54,115,1250,4500,308,64133.0,346307.0,282174.0,1.227281748141218,0.2662337662337662,208.22402597402598,4223.256097560976,-1248.5575221238937,22284.0,20689.0,0.22284,5,3,0.6,61.6,19.499743588057765,0.31655427902691174,29,0.07002635148831335,2.8779842039131216,107.01935041242417,2.101055956836897,True,True,True
578,115868.0,492788.0,376920.0,1.3074074074074074,0.4809688581314879,200.4636678200692,1772.6187050359713,-1256.4,20366.0,17154.0,0.20366,10,9,0.9,57.8,10.419213022104884,0.18026320107447896,32,2.1158562428703704,0.03936375875996824,5.689286065010311,101.5944695688197,2012-01-16 08:00:00,2021-06-01 17:00:00,BIASW,7,0,0,800,100,3,0,2000,200,148,91,54,115,1500,4000,308,59238.0,371443.0,312205.0,1.189740715235182,0.3181818181818182,192.33116883116884,3790.234693877551,-1486.6904761904761,22702.0,20772.0,0.22702,5,3,0.6,61.6,19.499743588057765,0.31655427902691174,29,0.06737229481076336,2.6093736234692977,118.03599041156015,1.9227417912376417,True,True,True
570,135290.0,520069.0,384779.0,1.3516044274765515,0.5333333333333333,237.35087719298247,1710.7532894736842,-1446.5375939849623,28911.0,27281.0,0.28911,10,8,0.8,57.0,11.126544836560898,0.19520254099229645,32,2.1026289462833128,0.022403725330770938,4.679533741482481,121.80700716978342,2012-01-16 08:00:00,2021-06-01 17:00:00,BIASW,7,0,0,800,100,3,0,2000,200,148,91,54,115,2000,3000,308,35358.0,380253.0,344895.0,1.1025181577001697,0.4318181818181818,114.7987012987013,2859.0451127819547,-1970.8285714285714,34323.0,33158.0,0.34323,5,4,0.8,61.6,19.499743588057765,0.31655427902691174,29,0.08459188868148651,1.0301547067564023,298.9842185643984,0.9333568292226297,False,False,False
159,25579.0,102686.0,77107.0,1.331733824425798,0.6981132075471698,160.874213836478,925.0990990990991,-1606.3958333333333,13485.0,13135.0,0.13485,10,6,0.6,15.9,3.9357337308308855,0.2475304233226972,8,2.0867206647306373,0.03874271863638141,1.8968483500185391,83.82325345009578,2012-03-26 07:00:00,2021-05-24 09:30:00,BIASW,7,0,4,700,100,3,0,0,100,144,20,29,62,3000,1000,68,-20612.0,45586.0,66198.0,0.688631076467567,0.6764705882352942,-303.11764705882354,991.0,-3009.0,27477.0,23549.0,0.27477,5,0,0.0,13.6,5.083306010855534,0.373772500798201,7,0.0,0.0,0.0,0.0,False,False,False
572,127702.0,506261.0,378559.0,1.3373371125769036,0.5611888111888111,223.25524475524475,1577.1370716510903,-1508.203187250996,26842.0,24313.0,0.26842,10,7,0.7,57.2,11.76265276202609,0.20564078255290366,32,2.0525681653904853,0.019506350722776462,4.7575441472319495,120.23009819736575,2012-01-16 08:00:00,2021-06-02 13:15:00,BIASW,7,0,0,800,100,3,0,2000,200,148,91,54,115,2250,2500,307,35932.0,374959.0,339027.0,1.105985658959316,0.501628664495114,117.04234527687296,2434.7987012987014,-2215.8627450980393,39181.0,38201.0,0.39181,5,4,0.8,61.4,19.622436138257655,0.3195836504602224,29,0.0702994545252143,0.9170771547433705,334.7591840142491,0.8906531580380664,True,False,False
561,112456.0,489963.0,377507.0,1.297891164932041,0.6203208556149733,200.45632798573976,1407.9396551724137,-1772.3333333333333,21886.0,19576.0,0.21886,10,7,0.7,56.1,11.835962149314266,0.21097971745658228,31,2.0409855398262975,0.022195347513694244,5.1382619025861285,109.18088852528989,2012-01-16 08:00:00,2021-06-02 13:15:00,BIASW,7,0,0,800,100,3,0,2000,200,148,91,54,115,4000,2000,308,77863.0,418198.0,340335.0,1.2287834045866572,0.6915584415584416,252.80194805194805,1963.3708920187794,-3582.4736842105262,27815.0,25086.0,0.27815,5,4,0.8,61.6,19.499743588057765,0.31655427902691174,29,0.02646956834439978,2.799316915333453,110.02684201738953,2.2832014877450075,True,True,True
601,126191.0,415760.0,289569.0,1.4357890520048762,0.34941763727121466,209.9683860232945,1979.8095238095239,-740.5856777493606,24075.0,20606.0,0.24075,10,9,0.9,60.1,10.444615837837215,0.17378728515536132,32,2.0383282177137683,0.05936239509949204,5.241578400830737,114.66011839196139,2012-01-16 08:00:00,2021-05-31 12:45:00,BIASW,7,0,0,800,100,3,0,2000,200,148,91,54,115,750,7500,307,47197.0,247429.0,200232.0,1.2357115745734948,0.14332247557003258,153.73615635179152,5623.386363636364,-761.3384030418251,20676.0,19497.0,0.20676,5,4,0.8,61.4,19.865548066942427,0.32354312812609815,29,0.15871771510901117,2.282694911975237,134.4901582727716,1.6104457949492625,True,True,True
577,124632.0,503491.0,378859.0,1.3289667132099277,0.512998266897747,216.0,1700.9831081081081,-1348.252669039146,25686.0,24056.0,0.25686,10,8,0.8,57.7,11.234322409473569,0.19470229479156964,32,2.030059965866433,0.02431959689325374,4.852137351086195,118.91666666666667,2012-01-16 08:00:00,2021-06-01 17:00:00,BIASW,7,0,0,800,100,3,0,2000,200,148,91,54,115,1750,3000,308,52818.0,366647.0,313829.0,1.1683018459097152,0.41233766233766234,171.48701298701297,2886.984251968504,-1733.8618784530386,25389.0,24719.0,0.25389,5,3,0.6,61.6,19.499743588057765,0.31655427902691174,29,0.05662842212881972,2.080349757769113,148.05202771782348,1.6211074162841046,True,True,True
616,109541.0,337686.0,228145.0,1.4801376317692696,0.2694805194805195,177.8262987012987,2034.2530120481927,-506.9888888888889,17905.0,16310.0,0.17905,10,9,0.9,61.6,11.629273408085306,0.1887869059754108,31,2.0017608037067802,0.0912078582448581,6.1179000279251605,100.68814416519842,2012-01-16 08:00:00,2021-05-31 11:00:00,BIASW,7,0,0,800,100,3,0,2000,200,148,91,54,115,500,10000,306,40116.0,180600.0,140484.0,1.2855556504655334,0.09803921568627451,131.09803921568627,6020.0,-509.0,20211.0,18901.0,0.20211,5,2,0.4,61.2,19.661129163911212,0.32126028045606553,29,0.24905274703360256,1.9848597298500816,154.16706551002093,1.3890108871976636,True,False,False
596,122166.0,410217.0,288051.0,1.424112396763073,0.34731543624161076,204.9765100671141,1981.7246376811595,-740.491002570694,24075.0,20606.0,0.24075,10,9,0.9,59.6,10.365326815879952,0.173914879461073,31,1.9898681527796094,0.10486551086226938,5.0743925233644855,117.45248268749079,2012-01-16 08:00:00,2021-05-31 12:45:00,BIASW,7,0,0,800,100,3,0,2000,200,148,91,54,115,750,0,297,25902.0,223098.0,197196.0,1.1313515487129557,0.12794612794612795,87.21212121212122,5871.0,-761.3745173745174,29884.0,27822.0,0.29884,5,3,0.6,59.4,18.48891559827131,0.31126120535810287,29,0.587638020230098,0.8667514388970686,342.6587908269631,0.759907691894762,False,False,False
588,114883.0,484746.0,369863.0,1.310609604096652,0.49489795918367346,195.37925170068027,1665.7938144329896,-1245.3299663299663,22138.0,20208.0,0.22138,10,8,0.8,58.8,11.22319027727856,0.19087058294691428,32,1.977937685141324,0.026383363944186694,5.189402836751287,113.30783492770907,2012-01-16 08:00:00,2021-06-01 17:00:00,BIASW,7,0,0,800,100,3,0,2000,200,148,91,54,115,1500,3000,308,70828.0,350720.0,279892.0,1.2530547496891657,0.38961038961038963,229.96103896103895,2922.6666666666665,-1488.787234042553,15419.0,13700.0,0.15419,5,4,0.8,61.6,19.499743588057765,0.31655427902691174,29,0.042229061952899986,4.5935534081328235,67.05048850736996,2.7895202122848572,True,True,True
572,114372.0,451910.0,337538.0,1.3388418489177514,0.6555944055944056,199.95104895104896,1205.0933333333332,-1713.3908629441623,24434.0,22745.0,0.24434,10,8,0.8,57.2,12.031624994156026,0.21034309430342701,32,1.92676947210996,0.01710208792361767,4.6808545469427845,122.19990906865316,2012-01-16 08:00:00,2021-06-01 15:45:00,BIASW,7,0,0,800,100,3,0,2000,200,148,91,54,115,4000,1500,308,57578.0,338974.0,281396.0,1.2046155595673003,0.7435064935064936,186.94155844155844,1480.235807860262,-3561.974683544304,35185.0,33656.0,0.35185,5,4,0.8,61.6,19.499743588057765,0.31655427902691174,29,0.025895307235402412,1.6364359812420066,188.2139011427976,1.5011719327507833,True,False,False
618,105753.0,334407.0,228654.0,1.4625022960455536,0.2702265372168285,171.12135922330097,2002.437125748503,-506.99334811529934,17905.0,16310.0,0.17905,10,9,0.9,61.8,11.443775600735973,0.18517436247145588,32,1.9262844251491469,0.07083486993276787,5.906339011449316,104.63334373492951,2012-01-16 08:00:00,2021-05-31 11:00:00,BIASW,7,0,0,800,100,3,0,2000,200,148,91,54,115,500,7500,307,56507.0,194955.0,138448.0,1.4081460187218307,0.11400651465798045,184.06188925081435,5570.142857142857,-509.0,15213.0,14761.0,0.15213,5,4,0.8,61.4,19.865548066942427,0.32354312812609815,29,0.13256764648627603,3.7143890093998553,82.65154759587307,2.2478110272848912,True,True,True
586,97671.0,458798.0,361127.0,1.2704616381494598,0.44880546075085326,166.6740614334471,1744.4790874524715,-1118.0402476780187,17616.0,14512.0,0.17616,10,9,0.9,58.6,10.594338110519223,0.18079075273923587,32,1.8915495489714402,0.046697586796490255,5.544448228882834,105.69131062444329,2012-01-16 08:00:00,2021-06-01 16:30:00,BIASW,7,0,0,800,100,3,0,2000,200,148,91,54,115,1250,4000,308,57713.0,332517.0,274804.0,1.210015138062037,0.2824675324675325,187.37987012987014,3822.0344827586205,-1243.4570135746606,19853.0,17504.0,0.19853,5,4,0.8,61.6,19.499743588057765,0.31655427902691174,29,0.06915253062568226,2.90701657180275,105.950548403306,2.0031488266495816,True,True,True
543,114813.0,524247.0,409434.0,1.2804188220812145,0.6114180478821363,211.44198895027625,1579.0572289156626,-1940.4454976303318,29074.0,25939.0,0.29074,10,7,0.7,54.3,10.798611021793496,0.19886944791516567,31,1.8678508612775566,0.023568759635232944,3.948992226731788,137.50343602205325,2012-01-16 08:00:00,2021-06-02 13:15:00,BIASW,7,0,0,800,100,3,0,2000,200,148,91,54,115,5000,2500,305,74745.0,493695.0,418950.0,1.1784103114930182,0.6721311475409836,245.0655737704918,2408.268292682927,-4189.5,31301.0,29171.0,0.31301,5,5,1.0,61.0,19.21457779916072,0.3149930786747659,29,0.03379490266907485,2.38794287722437,127.72499832764734,2.0864431472640455,True,False,False
162,11617.0,42438.0,30821.0,1.3769183349015282,0.2654320987654321,71.70987654320987,986.9302325581396,-259.0,3370.0,3153.0,0.0337,10,8,0.8,16.2,3.9446165846632044,0.2434948509051361,8,1.8606615323823155,0.08530601704398726,3.4471810089020773,46.99492123611948,2012-03-26 07:00:00,2021-05-24 09:30:00,BIASW,7,0,4,700,100,3,0,0,100,144,20,29,62,250,1000,68,2388.0,15856.0,13468.0,1.1773091773091773,0.23529411764705882,35.11764705882353,991.0,-259.0,4655.0,3671.0,0.04655,5,4,0.8,13.6,5.083306010855534,0.373772500798201,7,0.41499162479061974,0.5129967776584318,132.55443886097152,0.7752984607933571,False,False,False
604,115649.0,406736.0,291087.0,1.3973004634353303,0.34933774834437087,191.47185430463577,1927.6587677725117,-740.6793893129772,24075.0,20606.0,0.24075,10,9,0.9,60.4,10.678951259369995,0.1768038287975165,32,1.8587678408111377,0.05180330136879696,4.803696780893042,125.73649577601189,2012-01-16 08:00:00,2021-05-31 12:45:00,BIASW,7,0,0,800,100,3,0,2000,200,148,91,54,115,750,6000,307,68672.0,264350.0,195678.0,1.3509438976277353,0.16286644951140064,223.68729641693812,5287.0,-761.3929961089494,16672.0,16202.0,0.16672,5,4,0.8,61.4,19.622436138257655,0.3195836504602224,29,0.08724079683131407,4.119001919385797,74.53261882572227,2.6094610834616208,True,True,True
597,113987.0,402797.0,288810.0,1.3946781621135003,0.34673366834170855,190.93299832495813,1945.87922705314,-740.5384615384615,24075.0,20606.0,0.24075,10,9,0.9,59.7,10.440785411069418,0.17488752782360834,31,1.8535367421230766,0.08765034609209822,4.73466251298027,126.09135252265608,2012-01-16 08:00:00,2021-05-31 12:45:00,BIASW,7,0,0,800,100,3,0,2000,200,148,91,54,115,750,10000,304,45719.0,246710.0,200991.0,1.2274678965724835,0.13157894736842105,150.39144736842104,6167.75,-761.3295454545455,29891.0,28697.0,0.29891,5,3,0.6,60.8,19.681463360228072,0.32370827895111964,29,0.21853058903300598,1.5295239369709945,198.75465342636542,1.3102563447578952,True,False,False
162,16152.0,50738.0,34586.0,1.4670097727404152,0.1728395061728395,99.70370370370371,1812.0714285714287,-258.1044776119403,6720.0,5837.0,0.0672,10,7,0.7,16.2,3.9446165846632044,0.2434948509051361,8,1.8320191522039888,0.15422238732045568,2.4035714285714285,67.3997028231798,2012-03-26 07:00:00,2021-05-24 15:45:00,BIASW,7,0,4,700,100,3,0,0,100,144,20,29,62,250,2500,68,12638.0,27401.0,14763.0,1.8560590665853824,0.16176470588235295,185.85294117647058,2491.0,-259.0,6243.0,5439.0,0.06243,5,3,0.6,13.6,5.083306010855534,0.373772500798201,7,0.1971039721474917,2.0243472689412143,33.5910745371103,3.5430405718286098,True,True,True
621,100086.0,329758.0,229672.0,1.435777979030966,0.27053140096618356,161.16908212560386,1962.845238095238,-507.00220750551875,17905.0,16310.0,0.17905,10,8,0.8,62.1,11.631422956801115,0.18730149688890685,32,1.814253311937582,0.05985852167136263,5.589835241552639,111.09450872249865,2012-01-16 08:00:00,2021-05-31 11:00:00,BIASW,7,0,0,800,100,3,0,2000,200,148,91,54,115,500,6000,307,83982.0,219376.0,135394.0,1.6202785943247116,0.13355048859934854,273.557003257329,5350.634146341464,-509.0,10996.0,9671.0,0.10996,5,5,1.0,61.4,19.622436138257655,0.3195836504602224,29,0.07133671501035936,7.63750454710804,40.196375413779144,3.9294686350536874,True,True,True
162,13657.0,46689.0,33032.0,1.4134475659966093,0.20987654320987653,84.30246913580247,1373.2058823529412,-258.0625,5093.0,4207.0,0.05093,10,8,0.8,16.2,3.9446165846632044,0.2434948509051361,8,1.7793312713450842,0.10917478216299334,2.681523659925388,60.41341436625906,2012-03-26 07:00:00,2021-05-24 11:15:00,BIASW,7,0,4,700,100,3,0,0,100,144,20,29,62,250,1500,68,6888.0,20874.0,13986.0,1.4924924924924925,0.20588235294117646,101.29411764705883,1491.0,-259.0,4155.0,3171.0,0.04155,5,4,0.8,13.6,5.083306010855534,0.373772500798201,7,0.21646341463414634,1.6577617328519856,41.0191637630662,2.3670207568116943,True,False,False
161,11826.0,55600.0,43774.0,1.270160369168913,0.7142857142857143,73.45341614906832,483.4782608695652,-951.6086956521739,3983.0,3783.0,0.03983,10,6,0.6,16.1,3.8845849199110063,0.24127856645409976,8,1.7531141701598394,0.042364282090309485,2.969118754707507,54.22484356502622,2012-03-26 07:00:00,2021-05-24 08:15:00,BIASW,7,0,4,700,100,3,0,0,100,144,20,29,62,1000,500,68,388.0,22586.0,22198.0,1.017479052166862,0.6764705882352942,5.705882352941177,491.0,-1009.0,5231.0,4608.0,0.05231,5,3,0.6,13.6,5.083306010855534,0.373772500798201,7,1.2654639175257731,0.07417319824125407,916.7731958762886,0.1188321097143658,False,False,False
598,97748.0,378183.0,280435.0,1.348558489489543,0.6989966555183946,163.4581939799331,904.744019138756,-1557.9722222222222,20158.0,18322.0,0.20158,10,8,0.8,59.8,12.253978945632312,0.204916035880139,32,1.7341486829488022,0.01351434300446045,4.849092171842445,123.32205262511766,2012-01-16 08:00:00,2021-06-01 11:45:00,BIASW,7,0,0,800,100,3,0,2000,200,148,91,54,115,4000,1000,308,41628.0,245784.0,204156.0,1.2039028977840476,0.8084415584415584,135.15584415584416,987.0843373493976,-3460.271186440678,19583.0,17268.0,0.19583,5,3,0.6,61.6,19.499743588057765,0.31655427902691174,29,0.023806092053425577,2.125721288873002,144.89199577207648,1.4547841880836487,True,True,True
159,20709.0,63947.0,43238.0,1.478953698135899,0.8301886792452831,130.24528301886792,484.4469696969697,-1601.4074074074074,12864.0,10847.0,0.12864,10,7,0.7,15.9,3.9102429592034307,0.24592723013858053,8,1.7297261166428277,0.024192380124583513,1.6098414179104477,98.76749239461104,2012-03-26 07:00:00,2021-05-24 08:15:00,BIASW,7,0,4,700,100,3,0,0,100,144,20,29,62,5000,500,68,-16112.0,28969.0,45081.0,0.6425988775759189,0.8676470588235294,-236.94117647058823,491.0,-5009.0,22248.0,20824.0,0.22248,5,1,0.2,13.6,5.083306010855534,0.373772500798201,7,0.0,0.0,0.0,0.0,False,False,False
596,88306.0,445474.0,357168.0,1.247239394346638,0.4597315436241611,148.16442953020135,1625.8175182481752,-1109.2173913043478,18088.0,17403.0,0.18088,10,8,0.8,59.6,11.368377192897851,0.19074458377345388,32,1.6594036201784332,0.03432382850542432,4.882021229544449,122.08058342581478,2012-01-16 08:00:00,2021-06-01 16:30:00,BIASW,7,0,0,800,100,3,0,2000,200,148,91,54,115,1250,3000,308,60423.0,311691.0,251268.0,1.2404723243707914,0.34415584415584416,196.17857142857142,2940.4811320754716,-1243.90099009901,17603.0,14003.0,0.17603,5,5,1.0,61.6,19.499743588057765,0.31655427902691174,29,0.04950101782433841,3.4325399079702326,89.72947387584199,2.2272121025082536,True,True,True
571,94741.0,479595.0,384854.0,1.2461738737287387,0.5954465849387041,165.92119089316986,1410.5735294117646,-1666.034632034632,23444.0,20915.0,0.23444,10,7,0.7,57.1,12.202049008260868,0.2136961297418716,32,1.6322600621053416,0.026345510391488372,4.041161917761474,141.295996453489,2012-01-16 08:00:00,2021-06-02 13:15:00,BIASW,7,0,0,800,100,3,0,2000,200,148,91,54,115,3000,2000,308,75743.0,389753.0,314010.0,1.2412120633100856,0.6428571428571429,245.91883116883116,1968.449494949495,-2854.6363636363635,27818.0,26333.0,0.27818,5,5,1.0,61.6,19.499743588057765,0.31655427902691174,29,0.027210435287749364,2.722805377812927,113.11862482341603,2.2209162884156726,True,True,True
578,105513.0,489856.0,384343.0,1.2745282208860316,0.5380622837370242,182.5484429065744,1575.0996784565916,-1439.4868913857679,28413.0,26708.0,0.28413,10,7,0.7,57.8,11.830469136936202,0.20467939683280628,32,1.6312590792411579,0.02360846530759243,3.7135466159856403,155.64635637314834,2012-01-16 08:00:00,2021-06-01 17:00:00,BIASW,7,0,0,800,100,3,0,2000,200,148,91,54,115,2000,2500,308,32748.0,353875.0,321127.0,1.1019783450161462,0.4707792207792208,106.32467532467533,2440.5172413793102,-1970.1042944785277,36943.0,35859.0,0.36943,5,4,0.8,61.6,19.499743588057765,0.31655427902691174,29,0.07713448149505313,0.8864466881411904,347.4546231830951,0.833242359262443,True,False,False
585,99385.0,476534.0,377149.0,1.2635165412078515,0.5196581196581197,169.88888888888889,1567.546052631579,-1342.167259786477,24755.0,23125.0,0.24755,10,8,0.8,58.5,11.968709203585824,0.2045933197194158,32,1.6264355759675013,0.02506414448860492,4.014744496061402,145.7128842380641,2012-01-16 08:00:00,2021-06-01 17:00:00,BIASW,7,0,0,800,100,3,0,2000,200,148,91,54,115,1750,2500,308,39138.0,335377.0,296239.0,1.1321162979891237,0.4448051948051948,127.07142857142857,2448.007299270073,-1732.391812865497,31991.0,30528.0,0.31991,5,3,0.6,61.6,19.499743588057765,0.31655427902691174,29,0.06454085543461598,1.2234065831014973,251.75604272062958,1.0701320203786746,True,False,False
629,70954.0,209833.0,138879.0,1.510905176448563,0.16375198728139906,112.80445151033386,2037.2135922330096,-264.02851711026614,11018.0,8946.0,0.11018,10,9,0.9,62.9,11.776671855834312,0.1872284873741544,32,1.6187441385213281,0.15680581785382078,6.439825739698675,97.67345040448741,2012-01-16 08:00:00,2021-05-31 10:15:00,BIASW,7,0,0,800,100,3,0,2000,200,148,91,54,115,250,0,304,6274.0,80866.0,74592.0,1.0841108966108965,0.05263157894736842,20.638157894736842,5054.125,-259.0,27153.0,19128.0,0.27153,5,2,0.4,60.8,19.103926298015285,0.3142093141120935,29,2.2786101370736374,0.23106102456450484,1315.6697481670385,0.1886537209926891,False,False,False
631,67791.0,206929.0,139138.0,1.4872213198407336,0.1648177496038035,107.43423137876387,1989.701923076923,-264.0189753320683,10068.0,7511.0,0.10068,10,9,0.9,63.1,11.911758896149637,0.18877589375831438,32,1.6127774123235126,0.08837456299508785,6.73331346841478,93.71314776297739,2012-01-16 08:00:00,2021-05-31 10:15:00,BIASW,7,0,0,800,100,3,0,2000,200,148,91,54,115,250,6000,307,45027.0,118583.0,73556.0,1.612145848061341,0.0749185667752443,146.66775244299674,5155.782608695652,-259.0,12635.0,8883.0,0.12635,5,5,1.0,61.4,19.622436138257655,0.3195836504602224,29,0.13305350123259377,3.5636723387415907,86.14708952406333,1.9653973601458934,True,True,True
629,69614.0,208493.0,138879.0,1.5012564894620497,0.16375198728139906,110.67408585055644,2024.2038834951456,-264.02851711026614,11018.0,8946.0,0.11018,10,9,0.9,62.9,11.776671855834312,0.1872284873741544,32,1.5881733864056111,0.14351998161289395,6.318206571065529,99.5535668112736,2012-01-16 08:00:00,2021-05-31 10:15:00,BIASW,7,0,0,800,100,3,0,2000,200,148,91,54,115,250,10000,306,7986.0,83096.0,75110.0,1.106324058048196,0.05228758169934641,26.098039215686274,5193.5,-259.0,21607.0,19912.0,0.21607,5,3,0.6,61.2,19.415457759218555,0.31724604181729665,29,1.2510643626346105,0.36960244365252004,827.9166040570999,0.26743238538921754,False,False,False
580,99285.0,444613.0,345328.0,1.2875092665523793,0.6344827586206897,171.18103448275863,1208.1875,-1628.9056603773586,28145.0,25920.0,0.28145,10,8,0.8,58.0,12.465953633797938,0.21493023506548167,32,1.5369451710091535,0.019700861157274513,3.5276248001421213,164.41657853653624,2012-01-16 08:00:00,2021-06-01 15:45:00,BIASW,7,0,0,800,100,3,0,2000,200,148,91,54,115,3000,1500,308,65538.0,322573.0,257035.0,1.2549769486645788,0.7077922077922078,212.78571428571428,1479.6926605504586,-2855.9444444444443,32130.0,30441.0,0.3213,5,4,0.8,61.6,19.499743588057765,0.31655427902691174,29,0.022750160212395863,2.0397759103641455,150.99697885196375,1.788094467447405,True,False,False
605,94980.0,386826.0,291846.0,1.3254456117267326,0.3487603305785124,156.9917355371901,1833.2985781990521,-740.725888324873,24075.0,20606.0,0.24075,10,8,0.8,60.5,10.754068997360953,0.17775320656794963,32,1.524042216802153,0.0525479048220678,3.945171339563863,153.35202147820593,2012-01-16 08:00:00,2021-05-31 12:45:00,BIASW,7,0,0,800,100,3,0,2000,200,148,91,54,115,750,5000,307,58387.0,251029.0,192642.0,1.3030855161387445,0.1758957654723127,190.185667752443,4648.685185185185,-761.4308300395257,16900.0,15225.0,0.169,5,4,0.8,61.4,19.622436138257655,0.3195836504602224,29,0.08548135715142069,3.454852071005917,88.86053402298457,2.203625493801117,True,True,True
588,85683.0,431458.0,345775.0,1.2477998698575663,0.3622448979591837,145.71938775510205,2025.6244131455398,-922.0666666666667,20766.0,19236.0,0.20766,10,7,0.7,58.8,14.218298069740976,0.24180779030171728,34,1.5231555865488542,0.056148827655427565,4.126119618607339,142.5067749728651,2012-01-11 17:00:00,2021-06-02 13:15:00,BIASW,7,2,2,1700,100,1,0,1900,1600,152,120,152,137,1000,4500,339,-74386.0,217215.0,291601.0,0.7449048528640162,0.14749262536873156,-219.42772861356931,4344.3,-1009.0,77368.0,74841.0,0.77368,5,1,0.2,67.8,22.301569451498253,0.328931702824458,35,0.0,0.0,0.0,0.0,False,False,False
621,83801.0,313473.0,229672.0,1.3648725138458324,0.27053140096618356,134.9452495974235,1865.9107142857142,-507.00220750551875,17905.0,16310.0,0.17905,10,8,0.8,62.1,11.631422956801115,0.18730149688890685,32,1.519056029751227,0.05955776184055083,4.680312761798381,132.6834405317359,2012-01-16 08:00:00,2021-05-31 11:00:00,BIASW,7,0,0,800,100,3,0,2000,200,148,91,54,115,500,5000,307,77132.0,210490.0,133358.0,1.5783829991451581,0.1465798045602606,251.2442996742671,4677.555555555556,-509.0,10738.0,9671.0,0.10738,5,5,1.0,61.4,19.622436138257655,0.3195836504602224,29,0.06470725509516154,7.183088098342336,42.739278120624384,3.6520597307150786,True,True,True
612,72832.0,394895.0,322063.0,1.2261420902121634,0.43300653594771243,119.00653594771242,1490.1698113207547,-928.135446685879,14033.0,13348.0,0.14033,10,8,0.8,61.2,12.064824905484539,0.19713766185432252,32,1.5132089662461155,0.034201999121265377,5.19005202023801,117.9178932337434,2012-01-16 08:00:00,2021-06-01 16:30:00,BIASW,7,0,0,800,100,3,0,2000,200,148,91,54,115,1000,2500,308,34833.0,244169.0,209336.0,1.1663975618144993,0.32142857142857145,113.09415584415585,2466.3535353535353,-1001.6076555023924,17781.0,15261.0,0.17781,5,4,0.8,61.6,19.499743588057765,0.31655427902691174,29,0.07251744035828094,1.9590011810359373,157.2229782103178,1.2775132904806803,True,False,False
162,13327.0,47654.0,34327.0,1.3882366650158766,0.17901234567901234,82.26543209876543,1643.2413793103449,-258.09774436090225,6720.0,5837.0,0.0672,10,9,0.9,16.2,3.9446165846632044,0.2434948509051361,8,1.5115972784436948,0.14939596308246417,1.9831845238095238,81.68680123058454,2012-03-26 07:00:00,2021-05-24 14:30:00,BIASW,7,0,4,700,100,3,0,0,100,144,20,29,62,250,2000,68,9388.0,23892.0,14504.0,1.64726971869829,0.17647058823529413,138.05882352941177,1991.0,-259.0,6243.0,5439.0,0.06243,5,3,0.6,13.6,5.083306010855534,0.373772500798201,7,0.21207925010651896,1.5037642159218325,45.21985513421389,2.6319089166266014,True,False,False
160,11550.0,61001.0,49451.0,1.2335645386342036,0.7875,72.1875,484.13492063492066,-1454.4411764705883,5201.0,4745.0,0.05201,10,8,0.8,16.0,3.8987177379235853,0.24366985862022408,8,1.507724282431145,0.043376623376623374,2.220726783310902,72.04848484848485,2012-03-26 07:00:00,2021-05-24 08:15:00,BIASW,7,0,4,700,100,3,0,0,100,144,20,29,62,2000,500,68,-4112.0,26023.0,30135.0,0.8635473701675792,0.7794117647058824,-60.470588235294116,491.0,-2009.0,9931.0,9243.0,0.09931,5,2,0.4,13.6,5.083306010855534,0.373772500798201,7,0.0,0.0,0.0,0.0,False,False,False
160,12775.0,61492.0,48717.0,1.2622287907711887,0.79375,79.84375,484.18897637795277,-1476.2727272727273,6436.0,5993.0,0.06436,10,7,0.7,16.0,3.8987177379235853,0.24366985862022408,8,1.4991195337019276,0.03921722113502935,1.9849285270354258,80.60743639921722,2012-03-26 07:00:00,2021-05-24 08:15:00,BIASW,7,0,4,700,100,3,0,0,100,144,20,29,62,2250,500,68,-5112.0,26514.0,31626.0,0.838360842344906,0.7941176470588235,-75.17647058823529,491.0,-2259.0,11958.0,11493.0,0.11958,5,1,0.2,13.6,5.083306010855534,0.373772500798201,7,0.0,0.0,0.0,0.0,False,False,False
629,64659.0,203538.0,138879.0,1.4655779491499794,0.16375198728139906,102.79650238473768,1976.0970873786407,-264.02851711026614,11018.0,8946.0,0.11018,10,9,0.9,62.9,11.776671855834312,0.1872284873741544,32,1.475130045559807,0.11585394144666636,5.86848792884371,107.18263505467144,2012-01-16 08:00:00,2021-05-31 10:15:00,BIASW,7,0,0,800,100,3,0,2000,200,148,91,54,115,250,7500,307,25212.0,99804.0,74592.0,1.337998712998713,0.06188925081433225,82.12377850162866,5252.8421052631575,-259.0,19258.0,13780.0,0.19258,5,5,1.0,61.4,19.622436138257655,0.3195836504602224,29,0.29712041884816753,1.3091702149755946,234.49968269078218,0.8913878013375722,True,False,False
579,88954.0,471851.0,382897.0,1.2323183519327652,0.5803108808290155,153.63385146804836,1404.3184523809523,-1575.7078189300412,25304.0,22775.0,0.25304,10,7,0.7,57.9,12.332477447779906,0.2129961562656288,32,1.4547745112917148,0.028059446455471367,3.5154125829908316,164.70328484385186,2012-01-16 08:00:00,2021-06-02 13:15:00,BIASW,7,0,0,800,100,3,0,2000,200,148,91,54,115,2500,2000,308,58273.0,362448.0,304175.0,1.1915772170625463,0.5941558441558441,189.19805194805195,1980.5901639344263,-2433.4,22318.0,20833.0,0.22318,5,5,1.0,61.6,19.499743588057765,0.31655427902691174,29,0.035368009198084874,2.6110314544314006,117.96104542412438,1.9076222464613086,True,True,True
594,88614.0,377192.0,288578.0,1.3070712251107153,0.702020202020202,149.1818181818182,904.537170263789,-1630.3841807909605,24149.0,21322.0,0.24149,10,8,0.8,59.4,12.026637102698327,0.20246863809256443,32,1.4460046009372896,0.014907350982914664,3.669468715060665,161.87629494210847,2012-01-16 08:00:00,2021-06-01 11:45:00,BIASW,7,0,0,800,100,3,0,2000,200,148,91,54,115,5000,1000,308,18813.0,248757.0,229944.0,1.0818155724872143,0.8181818181818182,61.08116883116883,987.1309523809524,-4106.142857142857,29622.0,27367.0,0.29622,5,2,0.4,61.6,19.499743588057765,0.31655427902691174,29,0.052676340828150744,0.6351022888393761,484.96125019933027,0.5345686734791391,False,False,False
582,91697.0,463382.0,371685.0,1.2467062162852953,0.570446735395189,157.55498281786942,1395.7289156626507,-1486.74,27067.0,24750.0,0.27067,10,7,0.7,58.2,12.294714311442947,0.21124938679455235,32,1.4424987180777271,0.0249844596878851,3.3877784756345366,171.79399544150846,2012-01-16 08:00:00,2021-06-02 13:15:00,BIASW,7,0,0,800,100,3,0,2000,200,148,91,54,115,2250,2000,308,36043.0,338486.0,302443.0,1.1191728689372873,0.5551948051948052,117.02272727272727,1979.4502923976609,-2207.6131386861316,25506.0,24236.0,0.25506,5,3,0.6,61.6,19.499743588057765,0.31655427902691174,29,0.0552395749521405,1.4131184819258213,217.95766168187998,1.1037034302974,True,False,False
631,60301.0,199439.0,139138.0,1.433389871925714,0.1648177496038035,95.56418383518225,1917.6826923076924,-264.0189753320683,10068.0,7511.0,0.10068,10,9,0.9,63.1,11.911758896149637,0.18877589375831438,32,1.434587050501101,0.08276811329828693,5.989372268573699,105.35327772342085,2012-01-16 08:00:00,2021-05-31 10:15:00,BIASW,7,0,0,800,100,3,0,2000,200,148,91,54,115,250,5000,307,41932.0,114970.0,73038.0,1.5741121060269996,0.08143322475570032,136.58631921824104,4598.8,-259.0,11946.0,9520.0,0.11946,5,5,1.0,61.4,19.622436138257655,0.3195836504602224,29,0.11902604216350282,3.5101289134438307,87.46117523609654,1.8823453309350087,True,True,True
160,12185.0,61983.0,49798.0,1.2446885417085023,0.8,76.15625,484.2421875,-1556.1875,6416.0,6108.0,0.06416,10,8,0.8,16.0,3.8987177379235853,0.24366985862022408,8,1.4321111561099076,0.04111612638489947,1.8991583541147132,84.24784571194091,2012-03-26 07:00:00,2021-05-24 08:15:00,BIASW,7,0,4,700,100,3,0,0,100,144,20,29,62,2500,500,68,-5612.0,27005.0,32617.0,0.8279424839807462,0.8088235294117647,-82.52941176470588,491.0,-2509.0,13931.0,12707.0,0.13931,5,2,0.4,13.6,5.083306010855534,0.373772500798201,7,0.0,0.0,0.0,0.0,False,False,False
160,11945.0,60510.0,48565.0,1.245959023988469,0.78125,74.65625,484.08,-1387.5714285714287,6203.0,5423.0,0.06203,10,7,0.7,16.0,3.8987177379235853,0.24366985862022408,8,1.427804135498362,0.04194223524487233,1.9256811220377237,83.08748430305567,2012-03-26 07:00:00,2021-05-24 08:15:00,BIASW,7,0,4,700,100,3,0,0,100,144,20,29,62,1750,500,68,-2612.0,25532.0,28144.0,0.907191586128482,0.7647058823529411,-38.411764705882355,491.0,-1759.0,8498.0,7608.0,0.08498,5,1,0.2,13.6,5.083306010855534,0.373772500798201,7,0.0,0.0,0.0,0.0,False,False,False
555,87140.0,484555.0,397415.0,1.2192670130719776,0.6216216216216216,157.00900900900902,1404.5072463768115,-1892.452380952381,28201.0,26561.0,0.28201,10,7,0.7,55.5,11.403946685248927,0.20547651685133203,31,1.408301600552672,0.028643562084002754,3.0899613488883375,179.6138971769566,2012-01-16 08:00:00,2021-06-02 13:15:00,BIASW,7,0,0,800,100,3,0,2000,200,148,91,54,115,5000,2000,307,49632.0,429408.0,379776.0,1.1306875631951465,0.7100977198697068,161.66775244299674,1969.7614678899083,-4267.146067415731,34736.0,33261.0,0.34736,5,4,0.8,61.4,19.293522228976233,0.3142267464002644,29,0.04384268214055448,1.4288346384154766,214.86041263700838,1.3065825457187865,True,False,False
631,59156.0,198035.0,138879.0,1.425953527891186,0.1664025356576862,93.74960380348652,1886.047619047619,-264.02851711026614,10068.0,7511.0,0.10068,10,9,0.9,63.1,11.911758896149637,0.18877589375831438,32,1.4073470018646974,0.07701670160254243,5.875645609853,107.39245385083508,2012-01-16 08:00:00,2021-05-31 10:15:00,BIASW,7,0,0,800,100,3,0,2000,200,148,91,54,115,250,4500,308,35423.0,108461.0,73038.0,1.4849941126536872,0.08441558441558442,115.00974025974025,4171.576923076923,-259.0,12946.0,10520.0,0.12946,5,5,1.0,61.6,19.499743588057765,0.31655427902691174,29,0.12678203427151852,2.736211957361347,112.56437907574175,1.5225451351634665,True,True,True
662,73857.0,322031.0,248174.0,1.2976016826903705,0.25075528700906347,111.56646525679758,1939.94578313253,-500.3508064516129,14392.0,13772.0,0.14392,10,7,0.7,66.2,16.35726138447387,0.24708854055096477,34,1.400801032265489,0.06365002640237215,5.131809338521401,128.9993365557767,2012-01-11 17:00:00,2021-06-02 13:15:00,BIASW,7,2,2,1700,100,1,0,1900,1600,152,120,152,137,500,4500,355,-40695.0,125748.0,166443.0,0.7555018835276942,0.07887323943661972,-114.63380281690141,4491.0,-509.0,50670.0,48417.0,0.5067,5,0,0.0,71.0,23.469128658729534,0.33055110786943004,35,0.0,0.0,0.0,0.0,False,False,False
622,77397.0,307069.0,229672.0,1.3369892716569718,0.2717041800643087,124.43247588424437,1816.9763313609467,-507.00220750551875,17905.0,16310.0,0.17905,10,8,0.8,62.2,11.720068259186888,0.18842553471361556,32,1.4007155001953064,0.05886533069757226,4.322647305222005,143.8933033580113,2012-01-16 08:00:00,2021-05-31 11:00:00,BIASW,7,0,0,800,100,3,0,2000,200,148,91,54,115,500,4500,308,61623.0,194981.0,133358.0,1.462087013902428,0.14935064935064934,200.07467532467533,4238.717391304348,-509.0,11400.0,9761.0,0.114,5,5,1.0,61.6,19.499743588057765,0.31655427902691174,29,0.07287863297794654,5.405526315789474,56.97872547587751,2.822559136810129,True,True,True
161,8591.0,44221.0,35630.0,1.241117036205445,0.5652173913043478,53.36024844720497,485.94505494505495,-509.0,3546.0,3126.0,0.03546,10,7,0.7,16.1,3.8845849199110063,0.24127856645409976,8,1.3497453253860916,0.05715283436154115,2.4227298364354204,66.45396345012222,2012-03-26 07:00:00,2021-05-24 08:15:00,BIASW,7,0,4,700,100,3,0,0,100,144,20,29,62,500,500,68,-612.0,16694.0,17306.0,0.9646365422396856,0.5,-9.0,491.0,-509.0,4019.0,3797.0,0.04019,5,2,0.4,13.6,5.083306010855534,0.373772500798201,7,0.0,0.0,0.0,0.0,False,False,False
623,69178.0,299359.0,230181.0,1.300537403174024,0.2712680577849117,111.04012841091493,1771.3550295857988,-507.00660792951544,15390.0,14945.0,0.1539,10,8,0.8,62.3,11.781765572273112,0.18911341207500984,32,1.3482300420028879,0.05769175171297233,4.494996751137102,138.59854288935787,2012-01-16 08:00:00,2021-05-31 11:00:00,BIASW,7,0,0,800,100,3,0,2000,200,148,91,54,115,500,4000,308,57878.0,189709.0,131831.0,1.4390317907017318,0.1590909090909091,187.91558441558442,3871.612244897959,-509.0,11383.0,9752.0,0.11383,5,5,1.0,61.6,19.499743588057765,0.31655427902691174,29,0.06895538892152459,5.084599841869454,60.57507170254674,2.6530032726416612,True,True,True
159,14709.0,62965.0,48256.0,1.3048118368700266,0.8176100628930818,92.50943396226415,484.34615384615387,-1664.0,10864.0,8847.0,0.10864,10,6,0.6,15.9,3.9102429592034307,0.24592723013858053,8,1.3368863832727296,0.034060779114827654,1.3539212076583211,117.43667142565775,2012-03-26 07:00:00,2021-05-24 08:15:00,BIASW,7,0,4,700,100,3,0,0,100,144,20,29,62,4000,500,68,-11612.0,28478.0,40090.0,0.7103517086555251,0.8529411764705882,-170.76470588235293,491.0,-4009.0,19748.0,18324.0,0.19748,5,1,0.2,13.6,5.083306010855534,0.373772500798201,7,0.0,0.0,0.0,0.0,False,False,False
595,86665.0,455942.0,369277.0,1.2346883233995076,0.4991596638655462,145.65546218487395,1535.1582491582492,-1239.1845637583892,27078.0,25114.0,0.27078,10,7,0.7,59.5,11.926860441876563,0.20045143599792545,32,1.3332814547504865,0.02874286043962384,3.200568727380161,185.90445970114808,2012-01-16 08:00:00,2021-06-01 17:00:00,BIASW,7,0,0,800,100,3,0,2000,200,148,91,54,115,1500,2500,308,58243.0,321536.0,263293.0,1.2212098308728299,0.4253246753246753,189.10064935064935,2454.4732824427483,-1487.5310734463276,16988.0,16589.0,0.16988,5,4,0.8,61.6,19.499743588057765,0.31655427902691174,29,0.04337001871469533,3.4284789263009183,89.83575708668853,2.1853713673907915,True,True,True
606,80826.0,373431.0,292605.0,1.276229045983493,0.3481848184818482,133.37623762376236,1769.8151658767772,-740.7721518987341,24075.0,20606.0,0.24075,10,8,0.8,60.6,10.864621484432856,0.17928418291143328,32,1.2947880100904818,0.05636800039591221,3.357258566978193,180.50441689555342,2012-01-16 08:00:00,2021-05-31 12:45:00,BIASW,7,0,0,800,100,3,0,2000,200,148,91,54,115,750,4500,308,38878.0,231520.0,192642.0,1.2018147652121551,0.17857142857142858,126.22727272727273,4209.454545454545,-761.4308300395257,18900.0,17225.0,0.189,5,4,0.8,61.6,19.499743588057765,0.31655427902691174,29,0.11551520139924894,2.057037037037037,149.72992437882607,1.3830110546362075,True,True,True
585,78235.0,427037.0,348802.0,1.2242963056404492,0.35384615384615387,133.73504273504273,2062.9806763285023,-922.7566137566138,24344.0,22000.0,0.24344,10,7,0.7,58.5,14.150971698084906,0.2418969521040155,33,1.2910783716388192,0.08130632070045377,3.2137282287216564,182.03157154726148,2012-01-11 17:00:00,2021-06-02 13:15:00,BIASW,7,2,2,1700,100,1,0,1900,1600,152,120,152,137,1000,5000,335,-64175.0,226417.0,290592.0,0.7791577194141615,0.14029850746268657,-191.56716417910448,4817.382978723404,-1009.0,68297.0,65186.0,0.68297,5,1,0.2,67.0,22.108821768696767,0.32998241445816073,34,0.0,0.0,0.0,0.0,False,False,False
631,53076.0,191955.0,138879.0,1.3821744108180503,0.1664025356576862,84.11410459587955,1828.142857142857,-264.02851711026614,10068.0,7511.0,0.10068,10,9,0.9,63.1,11.911758896149637,0.18877589375831438,32,1.2627011540836208,0.07519406134599442,5.271752085816448,119.69455120958627,2012-01-16 08:00:00,2021-05-31 10:15:00,BIASW,7,0,0,800,100,3,0,2000,200,148,91,54,115,250,4000,308,31428.0,104207.0,72779.0,1.4318278624328447,0.08766233766233766,102.03896103896103,3859.5185185185187,-259.0,13946.0,11520.0,0.13946,5,4,0.8,61.6,19.499743588057765,0.31655427902691174,29,0.12698867252131857,2.253549404847268,136.67328496881763,1.301501138077126,True,True,True
659,68064.0,317256.0,249192.0,1.273138784551671,0.24430955993930198,103.28376327769348,1970.5341614906831,-500.3855421686747,15180.0,14363.0,0.1518,10,7,0.7,65.9,16.464810961562847,0.24984538636665926,33,1.2626980870306082,0.09345615890926187,4.483794466403162,146.973730606488,2012-01-11 17:00:00,2021-06-02 13:15:00,BIASW,7,2,2,1700,100,1,0,1900,1600,152,120,152,137,500,5000,351,-35714.0,129711.0,165425.0,0.7841076016321595,0.07407407407407407,-101.74928774928775,4988.884615384615,-509.0,48218.0,46564.0,0.48218,5,2,0.4,70.2,23.318662054243163,0.332174673137367,34,0.0,0.0,0.0,0.0,False,False,False
616,66696.0,358861.0,292165.0,1.228281963958722,0.3587662337662338,108.27272727272727,1623.8054298642535,-739.6582278481013,17105.0,16071.0,0.17105,10,7,0.7,61.6,11.586198686368192,0.18808764101247064,32,1.246984030532178,0.04544500419815281,3.8992107570885706,157.9806884970613,2012-01-16 08:00:00,2021-05-31 12:45:00,BIASW,7,0,0,800,100,3,0,2000,200,148,91,54,115,750,3000,308,37598.0,215963.0,178365.0,1.2107924761023743,0.237012987012987,122.07142857142857,2958.3972602739727,-759.0,15080.0,13083.0,0.1508,5,5,1.0,61.6,19.499743588057765,0.31655427902691174,29,0.07955210383531039,2.493236074270557,123.53423054417789,1.4973271897373976,True,True,True
607,73387.0,365992.0,292605.0,1.2508056936826097,0.34925864909390447,120.9011532125206,1726.377358490566,-740.7721518987341,21640.0,20606.0,0.2164,10,8,0.8,60.7,10.93663568013491,0.1801752171356657,32,1.2379558881881192,0.05438292885660948,3.3912661737523107,178.98919427146495,2012-01-16 08:00:00,2021-05-31 12:45:00,BIASW,7,0,0,800,100,3,0,2000,200,148,91,54,115,750,4000,308,31883.0,222248.0,190365.0,1.1674835185039267,0.18831168831168832,103.51623376623377,3831.862068965517,-761.46,16830.0,14984.0,0.1683,5,4,0.8,61.6,19.499743588057765,0.31655427902691174,29,0.12517642630869116,1.8944147355912062,162.58319480600946,1.201903941367552,True,False,False
161,10561.0,58055.0,47494.0,1.2223649303069861,0.7453416149068323,65.59627329192547,483.7916666666667,-1158.3902439024391,6498.0,6298.0,0.06498,10,6,0.6,16.1,3.8845849199110063,0.24127856645409976,8,1.225723937833526,0.04743868951803806,1.6252693136349645,99.06050563393617,2012-03-26 07:00:00,2021-05-24 08:15:00,BIASW,7,0,4,700,100,3,0,0,100,144,20,29,62,1250,500,68,-3362.0,23077.0,26439.0,0.8728393660879761,0.6911764705882353,-49.44117647058823,491.0,-1259.0,7275.0,6610.0,0.07275,5,1,0.2,13.6,5.083306010855534,0.373772500798201,7,0.0,0.0,0.0,0.0,False,False,False
634,45454.0,184333.0,138879.0,1.3272921031977476,0.17034700315457413,71.69400630914826,1706.787037037037,-264.02851711026614,7781.0,7091.0,0.07781,10,8,0.8,63.4,12.109500402576483,0.19100158363685305,32,1.2242454447497793,0.0658027896334756,5.841665595681789,108.53069036828443,2012-01-16 08:00:00,2021-05-31 10:15:00,BIASW,7,0,0,800,100,3,0,2000,200,148,91,54,115,250,3000,308,33978.0,104685.0,70707.0,1.4805464805464805,0.11363636363636363,110.31818181818181,2991.0,-259.0,9871.0,7603.0,0.09871,5,5,1.0,61.6,19.499743588057765,0.31655427902691174,29,0.08802754723644711,3.442204437240401,89.4775442933663,1.672514433059103,True,True,True
614,80914.0,441915.0,361001.0,1.2241378832745615,0.3501628664495114,131.78175895765472,2055.4186046511627,-904.7644110275689,26579.0,25122.0,0.26579,10,8,0.8,61.4,14.242190842703941,0.23195750558149741,41,1.2175570958999054,0.0594581901772252,3.044283080627563,201.68952220876488,2012-01-10 19:00:00,2021-06-02 13:15:00,BIASW,8,2,2,1700,100,1,0,1900,1600,152,120,152,153,1000,4500,382,-86818.0,242116.0,328934.0,0.7360625535821775,0.14659685863874344,-227.27225130890054,4323.5,-1009.0,94997.0,92789.0,0.94997,5,0,0.0,76.4,24.154502685834785,0.31615841211825635,41,0.0,0.0,0.0,0.0,False,False,False
602,80027.0,371770.0,291743.0,1.2743064957856745,0.6810631229235881,132.93521594684384,906.7560975609756,-1519.4947916666667,28365.0,26140.0,0.28365,10,8,0.8,60.2,12.448293055676348,0.2067822766723646,32,1.1889182843521229,0.016506928911492372,2.821329102767495,213.37461106876432,2012-01-16 08:00:00,2021-06-01 11:45:00,BIASW,7,0,0,800,100,3,0,2000,200,148,91,54,115,3000,1000,308,42028.0,235874.0,193846.0,1.216811283183558,0.775974025974026,136.45454545454547,986.9205020920502,-2809.3623188405795,17818.0,15539.0,0.17818,5,4,0.8,61.6,19.499743588057765,0.31655427902691174,29,0.0235795184162939,2.358738354473005,130.5782811459027,1.5397913814377067,True,True,True
648,73648.0,319786.0,246138.0,1.299214261918111,0.24074074074074073,113.65432098765432,2049.9102564102564,-500.280487804878,20978.0,20448.0,0.20978,10,7,0.7,64.8,15.695859326586742,0.24222005133621516,31,1.1819722102247914,0.10171355637627634,3.5107255219754028,184.5772322398436,2012-01-11 17:00:00,2021-06-02 13:15:00,BIASW,7,2,2,1700,100,1,0,1900,1600,152,120,152,137,500,7500,349,-23501.0,143960.0,167461.0,0.8596628468718089,0.05730659025787966,-67.3381088825215,7198.0,-509.0,40274.0,38356.0,0.40274,5,1,0.2,69.8,22.95560933628206,0.3288769245885682,34,0.0,0.0,0.0,0.0,False,False,False
603,64838.0,421670.0,356832.0,1.1817045556452337,0.46434494195688225,107.52570480928689,1505.9642857142858,-1104.7430340557275,21573.0,20888.0,0.21573,10,7,0.7,60.3,12.050311199301037,0.19983932337149315,32,1.1027076332212873,0.03841882846478917,3.005516154452325,200.6310959622444,2012-01-16 08:00:00,2021-06-01 16:30:00,BIASW,7,0,0,800,100,3,0,2000,200,148,91,54,115,1250,2500,308,47838.0,286516.0,238678.0,1.200429029906401,0.37662337662337664,155.3181818181818,2469.9655172413795,-1243.1145833333333,16773.0,15672.0,0.16773,5,4,0.8,61.6,19.499743588057765,0.31655427902691174,29,0.05280321083657344,2.8520837059560007,107.99122036874452,1.8064264313510272,True,True,True
628,58203.0,287685.0,229482.0,1.2536277355086674,0.2786624203821656,92.67993630573248,1643.9142857142858,-506.5827814569536,16406.0,15836.0,0.16406,10,8,0.8,62.8,12.1309521472966,0.19316802782319428,32,1.0899026981331401,0.052076353452571174,3.547665488236011,177.01781695101627,2012-01-16 08:00:00,2021-05-31 11:00:00,BIASW,7,0,0,800,100,3,0,2000,200,148,91,54,115,500,3000,308,49728.0,176469.0,126741.0,1.3923592207730726,0.19155844155844157,161.45454545454547,2991.0,-509.0,11951.0,9797.0,0.11951,5,5,1.0,61.6,19.499743588057765,0.31655427902691174,29,0.06014720077220077,4.1609907120743035,74.02083333333333,2.224597822339977,True,True,True
161,9746.0,59528.0,49782.0,1.1957735727773091,0.7639751552795031,60.53416149068323,483.9674796747967,-1310.0526315789473,7323.0,6863.0,0.07323,10,6,0.6,16.1,3.8845849199110063,0.24127856645409976,8,1.0655145109167206,0.05140570490457624,1.3308753243206337,120.97301457008003,2012-03-26 07:00:00,2021-05-24 08:15:00,BIASW,7,0,4,700,100,3,0,0,100,144,20,29,62,1500,500,68,-2612.0,24550.0,27162.0,0.9038362418084088,0.7352941176470589,-38.411764705882355,491.0,-1509.0,9748.0,8360.0,0.09748,5,1,0.2,13.6,5.083306010855534,0.373772500798201,7,0.0,0.0,0.0,0.0,False,False,False
575,59290.0,410279.0,350989.0,1.1689226727903155,0.3373913043478261,103.11304347826086,2114.840206185567,-921.2309711286089,21844.0,19500.0,0.21844,10,6,0.6,57.5,13.245754036671524,0.23036093976820043,31,1.0508745546919576,0.12634508348794063,2.714246475004578,211.84516781919382,2012-01-11 17:00:00,2021-06-02 13:15:00,BIASW,7,2,2,1700,100,1,0,1900,1600,152,120,152,137,1000,7500,327,-45058.0,249237.0,294295.0,0.8468951222412885,0.11314984709480122,-137.79204892966362,6736.135135135135,-1014.8103448275862,61522.0,55067.0,0.61522,5,2,0.4,65.4,21.133859089148864,0.32314769249463093,34,0.0,0.0,0.0,0.0,False,False,False
593,64868.0,435574.0,370706.0,1.1749850285671124,0.5295109612141653,109.38954468802699,1387.1783439490446,-1328.695340501792,25480.0,23850.0,0.2548,10,6,0.6,59.3,12.247856955402442,0.20654058946715756,32,1.0322370842280038,0.03531787630264537,2.545839874411303,232.9290250971203,2012-01-16 08:00:00,2021-06-01 17:00:00,BIASW,7,0,0,800,100,3,0,2000,200,148,91,54,115,1750,2000,308,38303.0,304639.0,266336.0,1.1438145800792983,0.5,124.3603896103896,1978.1753246753246,-1729.4545454545455,22497.0,21513.0,0.22497,5,3,0.6,61.6,19.499743588057765,0.31655427902691174,29,0.05198026264261285,1.7025825665644307,180.90165261206695,1.2488869411865864,True,False,False
621,54921.0,239921.0,185000.0,1.2968702702702704,0.8067632850241546,88.43961352657004,478.88423153692617,-1541.6666666666667,17251.0,14521.0,0.17251,10,7,0.7,62.1,12.613088440187836,0.20310931465680895,32,1.0142454151335791,0.010851950984140856,3.1836415280273607,195.05964931446988,2012-01-16 08:00:00,2021-06-01 10:15:00,BIASW,7,0,0,800,100,3,0,2000,200,148,91,54,115,5000,500,308,38743.0,139935.0,101192.0,1.3828662344849396,0.9253246753246753,125.78896103896103,491.0,-4399.652173913043,26383.0,25243.0,0.26383,5,5,1.0,61.6,19.499743588057765,0.31655427902691174,29,0.012673257104509202,1.4684834931584732,209.74018532380043,1.166497456033287,True,False,False
592,58077.0,407958.0,349881.0,1.1659907225599562,0.3597972972972973,98.10304054054055,1915.2957746478874,-923.1688654353562,21353.0,19009.0,0.21353,10,6,0.6,59.2,14.517575555167607,0.2452293168102636,34,1.011244965452786,0.06871911427931883,2.719852011426966,217.65890111403826,2012-01-11 17:00:00,2021-06-02 13:15:00,BIASW,7,2,2,1700,100,1,0,1900,1600,152,120,152,137,1000,4000,342,-58973.0,227583.0,286556.0,0.7942007844888958,0.1695906432748538,-172.43567251461988,3923.844827586207,-1009.0,64634.0,62829.0,0.64634,5,0,0.0,68.4,22.747307532980688,0.3325629756283726,35,0.0,0.0,0.0,0.0,False,False,False
588,67743.0,446896.0,379153.0,1.1786692970911479,0.5459183673469388,115.20918367346938,1392.1993769470405,-1420.0486891385767,29553.0,27848.0,0.29553,10,7,0.7,58.8,12.367699866992245,0.2103350317515688,32,1.0094612842923163,0.033818992368215166,2.29225459344229,256.51600903414374,2012-01-16 08:00:00,2021-06-01 17:00:00,BIASW,7,0,0,800,100,3,0,2000,200,148,91,54,115,2000,2000,308,37293.0,322558.0,285265.0,1.1307310746148318,0.5292207792207793,121.08116883116882,1978.8834355828221,-1967.344827586207,24891.0,24486.0,0.24891,5,3,0.6,61.6,19.499743588057765,0.31655427902691174,29,0.053388035288123775,1.49825238037845,205.57284208832758,1.1560025362960151,True,False,False
666,53761.0,303971.0,250210.0,1.214863514647696,0.24924924924924924,80.72222222222223,1831.1506024096386,-500.42,14641.0,13986.0,0.14641,10,6,0.6,66.6,16.493635136015346,0.24765217921944965,34,1.0048728062264303,0.07423597031305221,3.6719486373881565,181.37508602890568,2012-01-11 17:00:00,2021-06-02 13:15:00,BIASW,7,2,2,1700,100,1,0,1900,1600,152,120,152,137,500,4000,355,-41195.0,123721.0,164916.0,0.7502061655630745,0.08732394366197183,-116.04225352112677,3991.0,-509.0,52670.0,49917.0,0.5267,5,1,0.2,71.0,23.469128658729534,0.33055110786943004,35,0.0,0.0,0.0,0.0,False,False,False
635,37855.0,176216.0,138361.0,1.2735958832329919,0.17480314960629922,59.61417322834646,1587.5315315315315,-264.0477099236641,8012.0,7374.0,0.08012,10,8,0.8,63.5,12.175795661885921,0.19174481357300663,32,1.003188187199706,0.06580372473913618,4.724787818272591,134.3975696737551,2012-01-16 08:00:00,2021-05-31 10:15:00,BIASW,7,0,0,800,100,3,0,2000,200,148,91,54,115,250,2500,308,32978.0,102131.0,69153.0,1.4768845892441398,0.1331168831168831,107.07142857142857,2491.0,-259.0,8332.0,8067.0,0.08332,5,5,1.0,61.6,19.499743588057765,0.31655427902691174,29,0.07553520528837407,3.957993278924628,77.81721147431621,1.7668607418826845,True,True,True
641,69866.0,313459.0,243593.0,1.2868144815327205,0.24024960998439937,108.99531981279252,2035.448051948052,-500.19096509240245,27479.0,25365.0,0.27479,10,7,0.7,64.1,15.03628943589475,0.2345754982198869,30,0.9904002530780177,0.20469183866258267,2.542523381491321,252.11174247845875,2012-01-11 17:00:00,2021-06-02 13:15:00,BIASW,7,2,2,1700,100,1,0,1900,1600,152,120,152,137,500,0,343,-34297.0,132146.0,166443.0,0.7939414694520046,0.04664723032069971,-99.99125364431487,8259.125,-509.0,47563.0,45149.0,0.47563,5,2,0.4,68.6,23.000869548780106,0.33528964356822316,34,0.0,0.0,0.0,0.0,False,False,False
643,69728.0,313830.0,244102.0,1.2856510802861099,0.2410575427682737,108.44167962674962,2024.7096774193549,-500.2090163934426,27479.0,25365.0,0.27479,10,7,0.7,64.3,14.993665329064806,0.2331829755686595,31,0.9853695289945174,0.14328533731069298,2.537501364678482,253.3988784993116,2012-01-11 17:00:00,2021-06-02 13:15:00,BIASW,7,2,2,1700,100,1,0,1900,1600,152,120,152,137,500,10000,346,-24844.0,142108.0,166952.0,0.851190761416455,0.05202312138728324,-71.80346820809248,7894.888888888889,-509.0,37794.0,36016.0,0.37794,5,2,0.4,69.2,23.146490014686893,0.334486849923221,34,0.0,0.0,0.0,0.0,False,False,False
622,48642.0,238448.0,189806.0,1.2562721937135812,0.8006430868167203,78.20257234726688,478.8112449799197,-1530.6935483870968,15744.0,14779.0,0.15744,10,7,0.7,62.2,12.615863030328127,0.2028273799088123,32,0.9387865370391641,0.012252785658484438,3.089557926829268,201.32330085111633,2012-01-16 08:00:00,2021-06-01 10:15:00,BIASW,7,0,0,800,100,3,0,2000,200,148,91,54,115,4000,500,308,52983.0,139444.0,86461.0,1.6127965209747748,0.922077922077922,172.02272727272728,491.0,-3602.5416666666665,19383.0,18243.0,0.19383,5,5,1.0,61.6,19.499743588057765,0.31655427902691174,29,0.009267123416945059,2.733477789815818,112.67697185889813,1.8611384674090612,True,True,True
625,50235.0,237466.0,187231.0,1.2683049281369003,0.7936,80.376,478.76209677419354,-1451.4031007751937,17878.0,16152.0,0.17878,10,7,0.7,62.5,12.808200498118383,0.20493120796989414,32,0.9054621014982775,0.01186423808101921,2.8098780624230897,222.4295809694436,2012-01-16 08:00:00,2021-06-01 10:15:00,BIASW,7,0,0,800,100,3,0,2000,200,148,91,54,115,3000,500,308,36003.0,134534.0,98531.0,1.3653976920969035,0.8896103896103896,116.89285714285714,491.0,-2897.970588235294,15035.0,12940.0,0.15035,5,5,1.0,61.6,19.499743588057765,0.31655427902691174,29,0.013637752409521428,2.3946125706684405,128.62205927283838,1.43595097356258,True,True,True
618,47683.0,365435.0,317752.0,1.1500635715904228,0.4449838187702265,77.15695792880258,1328.8545454545454,-926.3906705539358,17113.0,16394.0,0.17113,10,6,0.6,61.8,12.253978945632312,0.19828444895845165,32,0.8884139634424223,0.04804647358597404,2.7863612458364986,221.7946437933855,2012-01-16 08:00:00,2021-06-01 16:30:00,BIASW,7,0,0,800,100,3,0,2000,200,148,91,54,115,1000,2000,308,33798.0,226990.0,193192.0,1.174945132303615,0.37337662337662336,109.73376623376623,1973.8260869565217,-1000.9948186528497,13397.0,12243.0,0.13397,5,4,0.8,61.6,19.499743588057765,0.31655427902691174,29,0.05890881117225871,2.522803612749123,122.08639564471271,1.4280383188216985,True,True,True
654,56914.0,306106.0,249192.0,1.228394169957302,0.23853211009174313,87.02446483180428,1962.2179487179487,-500.3855421686747,22298.0,21583.0,0.22298,10,7,0.7,65.4,15.793669617919706,0.24149341923424625,33,0.8778327114813459,0.11176511930280775,2.5524262265674054,256.22679832730086,2012-01-11 17:00:00,2021-06-02 13:15:00,BIASW,7,2,2,1700,100,1,0,1900,1600,152,120,152,137,500,6000,349,-30321.0,135613.0,165934.0,0.8172707220943266,0.0659025787965616,-86.87965616045845,5896.217391304348,-509.0,43561.0,42456.0,0.43561,5,1,0.2,69.8,22.95560933628206,0.3288769245885682,34,0.0,0.0,0.0,0.0,False,False,False
613,58483.0,367513.0,309030.0,1.1892469986732679,0.29853181076672103,95.40456769983687,2008.2677595628415,-718.6744186046511,28822.0,27346.0,0.28822,10,6,0.6,61.3,14.184851074297537,0.2314005069216564,35,0.8464678462459568,0.08038233332763367,2.02910970786205,302.10293589590134,2012-01-11 17:00:00,2021-06-02 13:15:00,BIASW,7,2,2,1700,100,1,0,1900,1600,152,120,152,137,750,4500,345,-48690.0,181287.0,229977.0,0.7882831761437014,0.12173913043478261,-141.1304347826087,4316.357142857143,-759.0,57983.0,54417.0,0.57983,5,2,0.4,69.0,22.565460332109335,0.3270356569870918,35,0.0,0.0,0.0,0.0,False,False,False
580,49410.0,401408.0,351998.0,1.140370115739294,0.3413793103448276,85.1896551724138,2027.3131313131314,-921.4607329842931,23344.0,21000.0,0.23344,10,6,0.6,58.0,13.379088160259652,0.23067393379758022,33,0.8398516460174072,0.1287391216352965,2.1166038382453736,274.02388180530255,2012-01-11 17:00:00,2021-06-02 13:15:00,BIASW,7,2,2,1700,100,1,0,1900,1600,152,120,152,137,1000,6000,331,-49049.0,241543.0,290592.0,0.8312100814888228,0.1299093655589124,-148.18429003021149,5617.279069767442,-1009.0,61382.0,57876.0,0.61382,5,2,0.4,66.2,21.40467238712146,0.32333341974503715,34,0.0,0.0,0.0,0.0,False,False,False
625,47635.0,348785.0,301150.0,1.1581769882118547,0.48,76.216,1162.6166666666666,-926.6153846153846,19007.0,18637.0,0.19007,10,7,0.7,62.5,12.690547663517126,0.20304876261627403,32,0.8327079664164241,0.04106224414821035,2.506181932972063,249.38333158391941,2012-01-16 08:00:00,2021-06-01 15:45:00,BIASW,7,0,0,800,100,3,0,2000,200,148,91,54,115,1000,1500,308,13448.0,192355.0,178907.0,1.0751675451491558,0.42207792207792205,43.66233766233766,1479.6538461538462,-1005.0955056179776,20092.0,19004.0,0.20092,5,3,0.6,61.6,19.499743588057765,0.31655427902691174,29,0.11087150505651398,0.6693211228349591,460.167757287329,0.46397945866021956,True,False,False
159,7944.0,61492.0,53548.0,1.148352879659371,0.7987421383647799,49.9622641509434,484.18897637795277,-1673.375,8416.0,8108.0,0.08416,10,7,0.7,15.9,3.9102429592034307,0.24592723013858053,8,0.820337570965316,0.06306646525679759,0.9439163498098859,168.44712990936554,2012-03-26 07:00:00,2021-05-24 08:15:00,BIASW,7,0,4,700,100,3,0,0,100,144,20,29,62,3000,500,68,-12112.0,27005.0,39117.0,0.690364803026817,0.8088235294117647,-178.11764705882354,491.0,-3009.0,18748.0,17324.0,0.18748,5,2,0.4,13.6,5.083306010855534,0.373772500798201,7,0.0,0.0,0.0,0.0,False,False,False
602,55372.0,418076.0,362704.0,1.152664431602629,0.5083056478405316,91.98006644518273,1366.2614379084966,-1225.3513513513512,28788.0,26824.0,0.28788,10,5,0.5,60.2,12.139192724394814,0.20164771967433245,32,0.8165660634110611,0.04137470201545908,1.9234403223565375,312.98085675070433,2012-01-16 08:00:00,2021-06-01 17:00:00,BIASW,7,0,0,800,100,3,0,2000,200,148,91,54,115,1500,2000,308,51553.0,290702.0,239149.0,1.2155685367699636,0.4772727272727273,167.37987012987014,1977.5646258503402,-1485.3975155279504,14078.0,12513.0,0.14078,5,4,0.8,61.6,19.499743588057765,0.31655427902691174,29,0.03862044885845635,3.6619548231282852,84.1080829437666,2.1248882782984233,True,True,True
611,53891.0,394512.0,340621.0,1.1582139680172392,0.5433715220949263,88.2013093289689,1188.289156626506,-1220.863799283154,29670.0,29110.0,0.2967,10,7,0.7,61.1,12.644761761298628,0.20695191098688426,32,0.7712933975131248,0.03629548533150248,1.8163464779238288,336.3895641201685,2012-01-16 08:00:00,2021-06-01 15:45:00,BIASW,7,0,0,800,100,3,0,2000,200,148,91,54,115,1500,1500,308,16203.0,237085.0,220882.0,1.073355909490135,0.5194805194805194,52.607142857142854,1481.78125,-1492.445945945946,23993.0,23013.0,0.23993,5,3,0.6,61.6,19.499743588057765,0.31655427902691174,29,0.09201999629698204,0.6753219689075981,456.0787508486083,0.5115708539346431,True,False,False
620,42800.0,335724.0,292924.0,1.1461129849380727,0.36129032258064514,69.03225806451613,1498.767857142857,-739.7070707070707,20228.0,19538.0,0.20228,10,7,0.7,62.0,12.016655108639842,0.19381701788128777,32,0.7311036661606621,0.05820093457943925,2.115878979632193,293.0224299065421,2012-01-16 08:00:00,2021-05-31 12:45:00,BIASW,7,0,0,800,100,3,0,2000,200,148,91,54,115,750,2500,308,26263.0,199315.0,173052.0,1.1517636317407485,0.2597402597402597,85.26948051948052,2491.4375,-759.0,14781.0,12261.0,0.14781,5,5,1.0,61.6,19.499743588057765,0.31655427902691174,29,0.0961809389635609,1.776808064407009,173.34455317366636,1.0564405517065154,True,False,False
670,39355.0,288038.0,248683.0,1.1582536803882855,0.2582089552238806,58.73880597014925,1664.9595375722542,-500.3682092555332,16016.0,15396.0,0.16016,10,7,0.7,67.0,16.92926460304759,0.2526755910902625,34,0.6991195368557397,0.07701689747173167,2.4572302697302697,272.66471858721894,2012-01-11 17:00:00,2021-06-02 13:15:00,BIASW,7,2,2,1700,100,1,0,1900,1600,152,120,152,137,500,3000,362,-40758.0,122631.0,163389.0,0.7505462424030993,0.1132596685082873,-112.59116022099448,2991.0,-509.0,47633.0,45596.0,0.47633,5,0,0.0,72.4,23.913176284216195,0.33029249011348333,35,0.0,0.0,0.0,0.0,False,False,False
617,46617.0,346068.0,299451.0,1.1556748850396226,0.6207455429497569,75.55429497568882,903.5718015665797,-1279.7051282051282,28013.0,26687.0,0.28013,10,8,0.8,61.7,12.641598000252975,0.20488813614672569,32,0.6799589606916325,0.028337301842675418,1.6641202298932638,370.7664800394706,2012-01-16 08:00:00,2021-06-01 11:45:00,BIASW,7,0,0,800,100,3,0,2000,200,148,91,54,115,1750,1000,308,-797.0,193261.0,194058.0,0.9958929804491441,0.6363636363636364,-2.5876623376623376,986.0255102040817,-1732.6607142857142,27638.0,26318.0,0.27638,5,1,0.2,61.6,19.499743588057765,0.31655427902691174,29,0.0,0.0,0.0,0.0,False,False,False
629,36969.0,265942.0,228973.0,1.1614557174863411,0.28139904610492844,58.774244833068366,1502.497175141243,-506.5774336283186,17220.0,16650.0,0.1722,10,8,0.8,62.9,12.202049008260868,0.19399124019492636,32,0.6746427208866953,0.0673807784900863,2.1468641114982576,292.9854743163191,2012-01-16 08:00:00,2021-05-31 11:00:00,BIASW,7,0,0,800,100,3,0,2000,200,148,91,54,115,500,2500,308,44263.0,166932.0,122669.0,1.3608328102454572,0.21753246753246752,143.71103896103895,2491.5223880597014,-509.0,11422.0,8761.0,0.11422,5,5,1.0,61.6,19.499743588057765,0.31655427902691174,29,0.05706798002846621,3.8752407634389776,79.47893274292299,2.025454100278087,True,True,True
626,39496.0,231574.0,192078.0,1.2056247982590407,0.7731629392971247,63.0926517571885,478.4586776859504,-1352.661971830986,20348.0,19773.0,0.20348,10,6,0.6,62.6,12.69803134347998,0.2028439511738016,32,0.6662255303026233,0.01509013570994531,1.9410261450756832,322.5098237796233,2012-01-16 08:00:00,2021-06-01 10:15:00,BIASW,7,0,0,800,100,3,0,2000,200,148,91,54,115,2250,500,308,20218.0,127660.0,107442.0,1.1881759460918448,0.8441558441558441,65.64285714285714,491.0,-2238.375,13285.0,11493.0,0.13285,5,4,0.8,61.6,19.499743588057765,0.31655427902691174,29,0.024285290335344743,1.5218667670304855,202.3830250272035,0.8578474230667306,True,False,False
688,33928.0,280300.0,246372.0,1.137710454110045,0.28343023255813954,49.31395348837209,1437.4358974358975,-499.74036511156186,14435.0,13609.0,0.14435,10,7,0.7,68.8,17.116074316267735,0.24878014994575198,35,0.6182509349236721,0.0597146899316199,2.350398337374437,292.7163404857345,2012-01-11 17:00:00,2021-06-02 13:15:00,BIASW,7,2,2,1700,100,1,0,1900,1600,152,120,152,137,500,2000,366,-16294.0,135388.0,151682.0,0.8925778932239817,0.18579234972677597,-44.51912568306011,1991.0,-509.0,29568.0,28282.0,0.29568,5,2,0.4,73.2,24.194214184387143,0.3305220516992779,35,0.0,0.0,0.0,0.0,False,False,False
610,37220.0,388325.0,351105.0,1.1060081741929053,0.47540983606557374,61.01639344262295,1339.051724137931,-1097.203125,22683.0,21964.0,0.22683,10,6,0.6,61.0,12.353137253345807,0.20251044677616076,32,0.610238553697031,0.06155292853304675,1.640876427280342,371.7525523911875,2012-01-16 08:00:00,2021-06-01 16:30:00,BIASW,7,0,0,800,100,3,0,2000,200,148,91,54,115,1250,2000,308,42303.0,260837.0,218534.0,1.1935762856123076,0.42857142857142855,137.3474025974026,1976.0378787878788,-1241.6704545454545,12694.0,10716.0,0.12694,5,4,0.8,61.6,19.499743588057765,0.31655427902691174,29,0.04706521996075928,3.3325193004569087,92.42257050327399,1.8362193450684514,True,True,True
626,35366.0,233047.0,197681.0,1.1789043964771526,0.7779552715654952,56.49520766773163,478.5359342915811,-1422.1654676258993,21098.0,20523.0,0.21098,10,7,0.7,62.6,12.69803134347998,0.2028439511738016,32,0.5858606377952824,0.016852344059265962,1.676272632477012,373.44760504439296,2012-01-16 08:00:00,2021-06-01 10:15:00,BIASW,7,0,0,800,100,3,0,2000,200,148,91,54,115,2500,500,308,29468.0,131097.0,101629.0,1.2899566068740222,0.8668831168831169,95.67532467532467,491.0,-2478.756097560976,15042.0,13797.0,0.15042,5,4,0.8,61.6,19.499743588057765,0.31655427902691174,29,0.016662141984525588,1.9590479989363117,157.2192208497353,1.175034200042134,True,False,False
618,37643.0,368556.0,330913.0,1.1137549748725495,0.511326860841424,60.91100323624595,1166.3164556962026,-1095.7384105960266,24782.0,24412.0,0.24782,10,6,0.6,61.8,12.859237924542807,0.20807828356865385,32,0.5828152821127356,0.05196185213718354,1.5189653780970058,406.85588289987516,2012-01-16 08:00:00,2021-06-01 15:45:00,BIASW,7,0,0,800,100,3,0,2000,200,148,91,54,115,1250,1500,308,14203.0,216211.0,202008.0,1.0703090966694389,0.474025974025974,46.11363636363637,1480.8972602739725,-1246.962962962963,18592.0,17391.0,0.18592,5,3,0.6,61.6,19.499743588057765,0.31655427902691174,29,0.10497782158698866,0.7639307228915663,403.1779201577131,0.5094125848691767,True,False,False
637,33747.0,304657.0,270910.0,1.1245690450703185,0.5368916797488226,52.97802197802198,890.8099415204679,-918.3389830508474,18879.0,18286.0,0.18879,10,8,0.8,63.7,12.712592182556632,0.19956973598990002,32,0.5807772561536739,0.03914422022698314,1.7875417130144604,356.35532047293094,2012-01-16 08:00:00,2021-06-01 11:45:00,BIASW,7,0,0,800,100,3,0,2000,200,148,91,54,115,1000,1000,308,948.0,153621.0,152673.0,1.0062093493938025,0.5064935064935064,3.0779220779220777,984.75,-1004.4276315789474,16465.0,14900.0,0.16465,5,2,0.4,61.6,19.499743588057765,0.31655427902691174,29,1.0453586497890295,0.0575766778013969,5349.388185654008,0.036131010503543,False,False,False
602,30652.0,381901.0,351249.0,1.0872657288704024,0.36710963455149503,50.91694352159468,1728.0588235294117,-921.9133858267717,20789.0,20504.0,0.20789,10,6,0.6,60.2,15.124814048443705,0.25124275827979575,35,0.5319231363698207,0.09757927704554352,1.4744335946894993,408.2923789638523,2012-01-11 17:00:00,2021-06-02 13:15:00,BIASW,7,2,2,1700,100,1,0,1900,1600,152,120,152,137,1000,3000,355,-36885.0,239581.0,276466.0,0.8665839560741646,0.22816901408450704,-103.90140845070422,2957.7901234567903,-1009.0,41537.0,40813.0,0.41537,5,1,0.2,71.0,23.435016535091243,0.3300706554238203,35,0.0,0.0,0.0,0.0,False,False,False
661,32276.0,321281.0,289005.0,1.1116797287244164,0.5234493192133132,48.829046898638424,928.5578034682081,-917.4761904761905,20954.0,20279.0,0.20954,10,7,0.7,66.1,17.03789893149974,0.25775943920574496,36,0.5080987566798697,0.05843351096790185,1.5403264293213705,429.1298178212914,2012-01-11 17:00:00,2021-06-02 01:15:00,BIASW,7,2,2,1700,100,1,0,1900,1600,152,120,152,137,1000,1000,366,-31204.0,167569.0,198773.0,0.8430169087350897,0.46174863387978143,-85.2568306010929,991.5325443786983,-1009.0,39706.0,38521.0,0.39706,5,0,0.0,73.2,24.5144855136713,0.3348973430829412,35,0.0,0.0,0.0,0.0,False,False,False
626,34596.0,336404.0,301808.0,1.1146291682129035,0.597444089456869,55.26517571884984,899.475935828877,-1197.6507936507937,29012.0,28642.0,0.29012,10,7,0.7,62.6,12.753038853543888,0.2037226653920749,32,0.4887267107487042,0.038183605041045204,1.1924720805184061,524.9598797548849,2012-01-16 08:00:00,2021-06-01 11:45:00,BIASW,7,0,0,800,100,3,0,2000,200,148,91,54,115,1500,1000,308,1703.0,183351.0,181648.0,1.0093752752576413,0.6038961038961039,5.529220779220779,985.758064516129,-1488.9180327868853,19696.0,18586.0,0.19696,5,2,0.4,61.6,19.499743588057765,0.31655427902691174,29,0.5819142689371697,0.0864642567018684,3562.165590135056,0.05934419845659722,False,False,False
602,30277.0,343102.0,312825.0,1.0967857428274594,0.27740863787375414,50.294019933554814,2054.502994011976,-719.1379310344828,29359.0,27732.0,0.29359,10,5,0.5,60.2,13.738995596476476,0.22822251821389494,32,0.442129074133232,0.24741552994021865,1.0312680949623625,583.7473329590118,2012-01-11 17:00:00,2021-06-02 13:15:00,BIASW,7,2,2,1700,100,1,0,1900,1600,152,120,152,137,750,7500,336,-42589.0,190424.0,233013.0,0.8172247900331742,0.08630952380952381,-126.75297619047619,6566.3448275862065,-759.0,58041.0,55117.0,0.58041,5,2,0.4,67.2,21.62775993948518,0.32184166576614853,34,0.0,0.0,0.0,0.0,False,False,False
