n_trades,net_profit,gross_profit,gross_loss,profit_factor,win_rate,avg_trade,avg_win,avg_loss,max_dd,max_dd_closed,max_dd_pct,n_years,profitable_years,profitable_years_ratio,yearly_trades_mean,yearly_trades_std,yearly_trades_cv,min_yearly_trades,top_trade_pct,np_dd,recovery_trades,unger_score,first_trade,last_trade,engine,phase,p_entry_type,p_le_bar,p_lx_bar,p_se_bar,p_sx_bar,p_end_long,p_end_short,p_nhigh,p_nlow,p_ptn_ly_yes,p_ptn_ly_no,p_ptn_sy_yes,p_ptn_sy_no,p_not_le_day,p_not_se_day,p_stop_loss,p_take_profit,oos_n_trades,oos_net_profit,oos_gross_profit,oos_gross_loss,oos_profit_factor,oos_win_rate,oos_avg_trade,oos_avg_win,oos_avg_loss,oos_max_dd,oos_max_dd_closed,oos_max_dd_pct,oos_n_years,oos_profitable_years,oos_profitable_years_ratio,oos_yearly_trades_mean,oos_yearly_trades_std,oos_yearly_trades_cv,oos_min_yearly_trades,oos_top_trade_pct,oos_np_dd,oos_recovery_trades,oos_unger_score,passes_oos_gate,passes_oos_hard,overall_pass
1860,283120.0,978388.0,695268.0,1.4072098816571452,0.5688172043010753,152.21505376344086,924.7523629489604,-866.9177057356609,19548.0,15891.0,0.19548,10,10,1.0,186.0,37.49133233162033,0.2015663028581738,77,0.03528892342469624,14.483323102107633,128.42356597909014,1.639871412209045,2012-01-10 02:45:00,2021-06-02 13:15:00,BIAS,7,2,5,91,18,69,46,46,3,5,152,103,3,82,4,4,2500,10000,757,88377.0,1009033.0,920656.0,1.0959935089762083,0.43989431968295906,116.74636723910172,3030.129129129129,-2171.3584905660377,45261.0,40515.0,0.45261,5,3,0.6,151.4,45.4954942824012,0.3004986412311836,78,0.11304977539405049,1.9526082057400411,387.68658135035133,0.8265795526038185,True,False,False
1860,279635.0,974903.0,695268.0,1.4021974260285242,0.5688172043010753,150.34139784946237,921.4584120982987,-866.9177057356609,19548.0,15891.0,0.19548,10,10,1.0,186.0,37.49133233162033,0.2015663028581738,77,0.03774920879002986,14.305043994270514,130.0240670874533,1.6196857952566979,2012-01-10 02:45:00,2021-06-02 13:15:00,BIAS,7,2,5,91,18,69,46,46,3,5,152,103,3,82,4,4,2500,0,757,83942.0,1004598.0,920656.0,1.0911762916876662,0.43989431968295906,110.887714663144,3016.810810810811,-2171.3584905660377,52653.0,41735.0,0.52653,5,3,0.6,151.4,45.4954942824012,0.3004986412311836,78,0.19312144099497272,1.5942491405997758,474.8316813990612,0.7279058792898769,True,False,False
1860,273585.0,968853.0,695268.0,1.3934957455254664,0.5688172043010753,147.08870967741936,915.7400756143667,-866.9177057356609,18751.0,15891.0,0.18751,10,10,1.0,186.0,37.49133233162033,0.2015663028581738,77,0.02738088711003893,14.590421844168311,127.48089259279566,1.6179700415887277,2012-01-10 02:45:00,2021-06-02 13:15:00,BIAS,7,2,5,91,18,69,46,46,3,5,152,103,3,82,4,4,2500,7500,757,100417.0,1016055.0,915638.0,1.109668886612395,0.4425363276089828,132.65125495376486,3033.0,-2169.7582938388628,45919.0,43015.0,0.45919,5,4,0.8,151.4,45.4954942824012,0.3004986412311836,78,0.07459892249320334,2.1868289814673663,346.16332891841023,0.932434871085762,True,False,False
1878,260943.0,947194.0,686251.0,1.3802442546531808,0.553248136315229,138.94728434504793,911.6400384985564,-817.9392133492253,17418.0,14614.0,0.17418,10,10,1.0,187.8,35.96887543418615,0.19152755822250347,82,0.038288055245781646,14.98122631760248,125.35689403432933,1.5858214018700034,2012-01-10 02:45:00,2021-06-02 13:15:00,BIAS,7,2,5,91,18,69,46,46,3,5,152,103,3,82,4,4,1750,10000,794,72544.0,906621.0,834077.0,1.0869751833463817,0.36649874055415615,91.36523929471032,3115.536082474227,-1658.2047713717693,60147.0,58297.0,0.60147,5,4,0.8,158.8,49.09745410914908,0.30917792260169447,82,0.13772331274812527,1.2061116930187707,658.3138233348037,0.5611479302647605,True,False,False
1838,271908.0,946488.0,674580.0,1.403077470426043,0.5647442872687704,147.93688792165398,911.8381502890173,-843.225,19965.0,16959.0,0.19965,10,10,1.0,183.8,39.37207131965501,0.21421148704926551,72,0.03674404578019036,13.619233658903081,134.95619842005382,1.5770489580622569,2012-01-10 01:30:00,2021-06-02 13:15:00,BIAS,8,1,5,91,5,14,28,28,3,1,152,103,52,141,4,4,2250,10000,694,54774.0,863241.0,808467.0,1.0677504462148733,0.41210374639769454,78.9250720461095,3018.3251748251746,-1981.5367647058824,59960.0,55843.0,0.5996,5,3,0.6,138.8,45.28752587633818,0.3262790048727534,64,0.18240406032059006,0.9135090060040026,759.7078906050316,0.4854980943600396,True,False,False
1878,257458.0,943709.0,686251.0,1.375165937827413,0.553248136315229,137.0915867944622,908.2858517805582,-817.9392133492253,17418.0,14614.0,0.17418,10,10,1.0,187.8,35.96887543418615,0.19152755822250347,82,0.0410008622765655,14.781145940980595,127.05374857258272,1.564642111429114,2012-01-10 02:45:00,2021-06-02 13:15:00,BIAS,7,2,5,91,18,69,46,46,3,5,152,103,3,82,4,4,1750,0,794,68314.0,902391.0,834077.0,1.0819037091299724,0.36649874055415615,86.03778337531486,3101.0,-1658.2047713717693,60147.0,58297.0,0.60147,5,4,0.8,158.8,49.09745410914908,0.30917792260169447,82,0.23730128524167812,1.1357839958767686,699.0765875223234,0.5284277088126771,True,False,False
1878,251408.0,937659.0,686251.0,1.366349921530169,0.553248136315229,133.87007454739083,902.4629451395573,-817.9392133492253,16738.0,14614.0,0.16738,10,10,1.0,187.8,35.96887543418615,0.19152755822250347,82,0.02979618786991663,15.02019357151392,125.03167759180297,1.5586014579048229,2012-01-10 02:45:00,2021-06-02 13:15:00,BIAS,7,2,5,91,18,69,46,46,3,5,152,103,3,82,4,4,1750,7500,794,77019.0,907578.0,830559.0,1.0927315217823177,0.3690176322418136,97.00125944584383,3097.5358361774743,-1657.802395209581,51968.0,49047.0,0.51968,5,4,0.8,158.8,49.09745410914908,0.30917792260169447,82,0.09726171464184162,1.48204664408867,535.7456212103507,0.6409331376705492,True,False,False
1860,270575.0,951334.0,680759.0,1.3974607753992234,0.5639784946236559,145.47043010752688,906.8960915157293,-839.4069050554871,19965.0,16800.0,0.19965,10,10,1.0,186.0,38.04471053904866,0.2045414545110143,75,0.03692506698697219,13.552466816929627,137.2443869537097,1.5507558219788913,2012-01-10 01:30:00,2021-06-02 13:15:00,BIAS,8,1,5,91,5,14,28,28,3,1,152,103,152,141,4,4,2250,10000,723,62973.0,876334.0,813361.0,1.077423186014574,0.42047026279391425,87.09958506224066,2882.6776315789475,-1941.1957040572793,57252.0,53135.0,0.57252,5,3,0.6,144.6,44.11621017267916,0.30509135665753223,72,0.15865529671446493,1.0999266401173757,657.3165642418179,0.5483074028121345,True,False,False
1836,265221.0,921590.0,656369.0,1.404073013807782,0.5610021786492375,144.4558823529412,894.747572815534,-814.3535980148883,19701.0,17896.0,0.19701,10,10,1.0,183.6,39.49734168270062,0.21512713334804262,72,0.028244369789722532,13.462311557788945,136.3807390817469,1.5502239797012194,2012-01-10 01:30:00,2021-06-02 13:15:00,BIAS,7,1,5,91,5,14,28,28,3,1,142,103,52,141,4,4,2000,7500,692,71627.0,829934.0,758307.0,1.0944564668399475,0.3959537572254335,103.50722543352602,3028.956204379562,-1814.1315789473683,39311.0,34676.0,0.39311,5,4,0.8,138.4,45.95040805041888,0.33201161886140806,62,0.10458346712831754,1.8220599832108062,379.7899116255043,0.7863519645135506,True,False,False
1836,265981.0,940561.0,674580.0,1.394291262711613,0.5642701525054467,144.869825708061,907.8774131274131,-843.225,19965.0,16959.0,0.19965,10,10,1.0,183.6,39.49734168270062,0.21512713334804262,72,0.037562833435470955,13.32236413724017,137.81337764727556,1.5443532096508092,2012-01-10 01:30:00,2021-06-02 13:15:00,BIAS,7,1,5,91,5,14,28,28,3,1,142,103,52,141,4,4,2250,10000,692,47042.0,853250.0,806208.0,1.0583497062792728,0.41184971098265893,67.97976878612717,2993.8596491228072,-1980.8550368550368,59960.0,55843.0,0.5996,5,3,0.6,138.4,45.95040805041888,0.33201161886140806,62,0.21238467752221418,0.7845563709139426,882.0271246970792,0.4181693769176322,False,False,False
1836,263601.0,938181.0,674580.0,1.390763141510273,0.5642701525054467,143.5735294117647,905.5801158301158,-843.225,19759.0,16959.0,0.19759,10,10,1.0,183.6,39.49734168270062,0.21512713334804262,72,0.028417949856032413,13.340806720987905,137.62286182525864,1.538492029603109,2012-01-10 01:30:00,2021-06-02 13:15:00,BIAS,7,1,5,91,5,14,28,28,3,1,142,103,52,141,4,4,2250,7500,692,59097.0,860787.0,801690.0,1.0737155259514277,0.4147398843930636,85.40028901734104,2999.257839721254,-1979.4814814814815,54032.0,49400.0,0.54032,5,3,0.6,138.4,45.95040805041888,0.33201161886140806,62,0.12675770343672269,1.0937407462244595,632.6910672284549,0.5533974753057804,True,False,False
1836,262651.0,937231.0,674580.0,1.3893548578374693,0.5642701525054467,143.05610021786492,904.6631274131274,-843.225,19965.0,16959.0,0.19965,10,10,1.0,183.6,39.49734168270062,0.21512713334804262,72,0.03645902737853654,13.15557225144002,139.56063369261872,1.5250183842755485,2012-01-10 01:30:00,2021-06-02 13:15:00,BIAS,7,1,5,91,5,14,28,28,3,1,142,103,52,141,4,4,2250,0,692,46842.0,853050.0,806208.0,1.0581016313407954,0.41184971098265893,67.6907514450867,2993.157894736842,-1980.8550368550368,59375.0,55258.0,0.59375,5,3,0.6,138.4,45.95040805041888,0.33201161886140806,62,0.35205584731651085,0.7889178947368422,877.1508475299945,0.418437769730871,False,False,False
1861,259661.0,956283.0,696622.0,1.3727430371133844,0.5685115529285331,139.527673293928,903.859168241966,-867.5242839352428,19197.0,15891.0,0.19197,10,10,1.0,186.1,37.45784297046481,0.20127803853017093,77,0.023072390539973273,13.526123873521904,137.5856096987996,1.5168653276887802,2012-01-10 02:45:00,2021-06-02 13:15:00,BIAS,7,2,5,91,18,69,46,46,3,5,152,103,3,82,4,4,2500,6000,758,83313.0,998951.0,915638.0,1.0909890153095436,0.44327176781002636,109.91160949868073,2973.0684523809523,-2169.7582938388628,46099.0,43195.0,0.46099,5,4,0.8,151.6,45.692887849204716,0.3014042734116406,78,0.07190954592920673,1.8072626304258226,419.4188421974962,0.7710830737480485,True,False,False
1836,265101.0,921470.0,656369.0,1.4038901898170084,0.5610021786492375,144.390522875817,894.6310679611651,-814.3535980148883,20600.0,17896.0,0.206,10,10,1.0,183.6,39.49734168270062,0.21512713334804262,72,0.03768752286864252,12.868980582524271,142.6686432718096,1.5153342297371506,2012-01-10 01:30:00,2021-06-02 13:15:00,BIAS,7,1,5,91,5,14,28,28,3,1,142,103,52,141,4,4,2000,10000,692,60072.0,822397.0,762325.0,1.078801036303414,0.3930635838150289,86.8092485549133,3023.518382352941,-1815.0595238095239,48811.0,44176.0,0.48811,5,4,0.8,138.4,45.95040805041888,0.33201161886140806,62,0.16631708616327073,1.2307061932761059,562.2787987748036,0.5918484286767602,True,False,False
1890,257165.0,954592.0,697427.0,1.3687339320100884,0.5513227513227513,136.06613756613757,916.1151631477927,-822.4375,18497.0,16118.0,0.18497,10,10,1.0,189.0,35.65950083778515,0.18867460760732885,83,0.03885054342542726,13.903065361950587,135.94124394843777,1.506963603518601,2012-01-10 02:45:00,2021-06-02 13:15:00,BIAS,8,2,5,91,18,69,46,46,3,5,152,103,3,153,4,4,1750,10000,806,59486.0,910363.0,850877.0,1.0699113972994923,0.36352357320099254,73.80397022332507,3107.0409556313994,-1658.6296296296296,61906.0,60056.0,0.61906,5,4,0.8,161.2,48.74997435896761,0.30241919577523335,86,0.16795548532427798,0.9609084741382096,838.789563931009,0.4468036455506964,True,False,False
1836,262186.0,918555.0,656369.0,1.3994490903744692,0.5610021786492375,142.80283224400873,891.8009708737864,-814.3535980148883,20600.0,17896.0,0.206,10,10,1.0,183.6,39.49734168270062,0.21512713334804262,72,0.03520782955611665,12.72747572815534,144.25484198240943,1.498671903756925,2012-01-10 01:30:00,2021-06-02 13:15:00,BIAS,7,1,5,91,5,14,28,28,3,1,142,103,52,141,4,4,2000,0,692,59872.0,822197.0,762325.0,1.078538681008756,0.3930635838150289,86.52023121387283,3022.783088235294,-1815.0595238095239,48811.0,44176.0,0.48811,5,4,0.8,138.4,45.95040805041888,0.33201161886140806,62,0.27543760021378944,1.2266087562229826,564.1570684126136,0.5898779651374183,True,False,False
1861,252641.0,949019.0,696378.0,1.3627929084491468,0.569048898441698,135.75550779150993,896.1463644948064,-868.3017456359103,18943.0,15495.0,0.18943,10,10,1.0,186.1,37.45784297046481,0.20127803853017093,77,0.01975530495841926,13.33690545320171,139.53761661804697,1.4857181661674206,2012-01-10 02:45:00,2021-06-02 13:15:00,BIAS,7,2,5,91,18,69,46,46,3,5,152,103,3,82,4,4,2500,5000,759,93389.0,995698.0,902309.0,1.1035000205029541,0.4519104084321476,123.0421607378129,2902.9096209912536,-2169.012019230769,49688.0,47186.0,0.49688,5,4,0.8,151.8,45.805676504119006,0.30175017459893944,78,0.05344312499330756,1.8795081307357913,403.8290590968958,0.8314412088348766,True,False,False
1852,261002.0,946902.0,685900.0,1.3805248578509988,0.562634989200864,140.92980561555075,908.7351247600768,-846.7901234567901,20958.0,18158.0,0.20958,10,10,1.0,185.2,38.519605397771144,0.20798923000956343,74,0.038279400157853194,12.453573814295257,148.71233170627045,1.466328546707277,2012-01-10 01:30:00,2021-06-02 13:15:00,BIAS,8,1,5,91,5,14,28,28,3,1,152,103,52,153,4,4,2250,10000,713,56678.0,871777.0,815099.0,1.0695351116858198,0.4165497896213184,79.49228611500702,2935.276094276094,-1959.3725961538462,54635.0,50518.0,0.54635,5,3,0.6,142.6,45.230962846262734,0.31718767774377793,69,0.17627650940400155,1.0373936121533816,687.2993930625639,0.5122628577740513,True,False,False
1836,244366.0,874806.0,630440.0,1.387611826660745,0.5479302832244008,133.09694989106754,869.5884691848906,-759.566265060241,18706.0,17122.0,0.18706,10,10,1.0,183.6,39.49734168270062,0.21512713334804262,72,0.030654837416007136,13.063509034534373,140.54416735552408,1.465821180475205,2012-01-10 01:30:00,2021-06-02 13:15:00,BIAS,7,1,5,91,5,14,28,28,3,1,142,103,52,141,4,4,1500,7500,692,73097.0,736466.0,663369.0,1.1101905575931343,0.3338150289017341,105.63150289017341,3188.164502164502,-1438.9783080260304,42276.0,36686.0,0.42276,5,4,0.8,138.4,45.95040805041888,0.33201161886140806,62,0.10248026594798693,1.7290424827325197,400.22151387881854,0.7738376731478827,True,False,False
1879,234014.0,921619.0,687605.0,1.3403320220184554,0.5529536987759447,124.54177754124534,887.0250240615977,-818.577380952381,16474.0,14614.0,0.16474,10,10,1.0,187.9,35.94843529279126,0.19131684562422172,82,0.02560103241686395,14.205050382420785,132.27689796336972,1.4615675218836952,2012-01-10 02:45:00,2021-06-02 13:15:00,BIAS,7,2,5,91,18,69,46,46,3,5,152,103,3,82,4,4,1750,6000,795,59580.0,890139.0,830559.0,1.0717348195612835,0.36981132075471695,74.94339622641509,3027.683673469388,-1657.802395209581,50815.0,47686.0,0.50815,5,4,0.8,159.0,49.282857060036605,0.30995507584928683,82,0.10055387713997986,1.1724884384532126,678.0450654582075,0.5007728325766378,True,False,False
1836,249291.0,905660.0,656369.0,1.379803129032602,0.5610021786492375,135.77941176470588,879.2815533980582,-814.3535980148883,19596.0,17791.0,0.19596,10,10,1.0,183.6,39.49734168270062,0.21512713334804262,72,0.024834430444741287,12.721524800979791,144.32232210549117,1.461011256908325,2012-01-10 01:30:00,2021-06-02 13:15:00,BIAS,7,1,5,91,5,14,28,28,3,1,142,103,52,141,4,4,2000,6000,692,47427.0,803725.0,756298.0,1.06270940819624,0.39739884393063585,68.53612716763006,2922.6363636363635,-1813.6642685851318,40811.0,36176.0,0.40811,5,4,0.8,138.4,45.95040805041888,0.33201161886140806,62,0.12632045037636788,1.1621131557668276,595.4669702911843,0.5110157622586522,True,False,False
1885,252765.0,931317.0,678552.0,1.3725064549216568,0.5421750663129974,134.09283819628646,911.2690802348336,-786.2711471610661,19140.0,17981.0,0.1914,10,10,1.0,188.5,35.75262228144951,0.18966908372121757,83,0.03952683322453662,13.206112852664576,142.73692955907663,1.4599499617699163,2012-01-10 02:45:00,2021-06-02 13:15:00,BIAS,7,2,5,91,18,69,46,46,3,5,152,103,3,82,4,4,1500,10000,807,83107.0,861195.0,778088.0,1.1068092555083744,0.3345724907063197,102.98265179677819,3189.6111111111113,-1448.953445065177,51156.0,49306.0,0.51156,5,4,0.8,161.4,50.122250548035055,0.31054678158633864,84,0.12021851348261879,1.624579716944249,496.74386032464173,0.685834196910655,True,False,False
1836,262136.0,945790.0,683654.0,1.3834337252469817,0.5664488017429193,142.7755991285403,909.4134615384615,-858.8618090452261,21759.0,18959.0,0.21759,10,10,1.0,183.6,39.49734168270062,0.21512713334804262,72,0.03811380352183599,12.047244818236132,152.39999084444716,1.4579340528097133,2012-01-10 01:30:00,2021-06-02 13:15:00,BIAS,7,1,5,91,5,14,28,28,3,1,142,103,52,141,4,4,2500,10000,692,56617.0,886620.0,830003.0,1.0682130064590127,0.43352601156069365,81.81647398843931,2955.4,-2117.3545918367345,60950.0,57583.0,0.6095,5,3,0.6,138.4,45.95040805041888,0.33201161886140806,62,0.17646643234364237,0.9289089417555373,744.9599943479873,0.4991800941784217,True,False,False
1836,248521.0,878961.0,630440.0,1.3942024617727302,0.5479302832244008,135.36002178649238,873.7186878727634,-759.566265060241,19605.0,17122.0,0.19605,10,10,1.0,183.6,39.49734168270062,0.21512713334804262,72,0.04020183405024123,12.676409079316501,144.8359695961307,1.4561641909152045,2012-01-10 01:30:00,2021-06-02 13:15:00,BIAS,7,1,5,91,5,14,28,28,3,1,142,103,52,141,4,4,1500,10000,692,71407.0,736285.0,664878.0,1.1073986505795048,0.33236994219653176,103.1893063583815,3201.2391304347825,-1439.1298701298701,42276.0,36686.0,0.42276,5,4,0.8,138.4,45.95040805041888,0.33201161886140806,62,0.1399162547089221,1.6890670829785221,409.69361547187253,0.7559465740929293,True,False,False
1862,245662.0,942420.0,696758.0,1.3525786571521246,0.569280343716434,131.9344790547798,889.0754716981132,-868.7755610972569,18741.0,15881.0,0.18741,10,10,1.0,186.2,37.16665171898055,0.19960607797519095,78,0.018281215654028706,13.108265300677658,142.04778109760565,1.4516612393229624,2012-01-10 02:45:00,2021-06-02 13:15:00,BIAS,7,2,5,91,18,69,46,46,3,5,152,103,3,82,4,4,2500,4500,761,86156.0,982912.0,896756.0,1.096075186561339,0.4559789750328515,113.21419185282522,2832.599423631124,-2166.07729468599,38896.0,37616.0,0.38896,5,4,0.8,152.2,45.16370223974115,0.29673917371709035,80,0.05212637541204327,2.215034965034965,343.56116811365433,0.8646727146739455,True,False,False
1836,259756.0,943410.0,683654.0,1.379952432078215,0.5664488017429193,141.479302832244,907.125,-858.8618090452261,21759.0,18959.0,0.21759,10,10,1.0,183.6,39.49734168270062,0.21512713334804262,72,0.02883860238069573,11.937864791580495,153.79634734135112,1.4446970954834126,2012-01-10 01:30:00,2021-06-02 13:15:00,BIAS,7,1,5,91,5,14,28,28,3,1,142,103,52,141,4,4,2500,7500,692,69172.0,894157.0,824985.0,1.0838463729643568,0.43641618497109824,99.95953757225433,2960.7847682119204,-2115.346153846154,54522.0,51177.0,0.54522,5,3,0.6,138.4,45.95040805041888,0.33201161886140806,62,0.10829526397964494,1.2686988738490885,545.4406985485457,0.6448247579656432,True,False,False
1836,226616.0,842141.0,615525.0,1.3681670119004101,0.5343137254901961,123.42919389978213,858.4515800203874,-719.9122807017544,16571.0,15584.0,0.16571,10,10,1.0,183.6,39.49734168270062,0.21512713334804262,72,0.03305591838175592,13.675457123891135,134.25510996575704,1.444265006365273,2012-01-10 01:30:00,2021-06-02 13:15:00,BIAS,7,1,5,91,5,14,28,28,3,1,142,103,52,141,4,4,1250,7500,692,54607.0,652382.0,597775.0,1.09135042449082,0.29190751445086704,78.91184971098266,3229.6138613861385,-1219.9489795918366,38543.0,33713.0,0.38543,5,3,0.6,138.4,45.95040805041888,0.33201161886140806,62,0.13718021499075211,1.4167812572970448,488.4310802644349,0.6054423842084278,True,False,False
1885,249280.0,927832.0,678552.0,1.3673705183980005,0.5421750663129974,132.24403183023873,907.8590998043053,-786.2711471610661,19140.0,17981.0,0.1914,10,10,1.0,188.5,35.75262228144951,0.18966908372121757,83,0.042345956354300385,13.02403343782654,144.73242939666238,1.4398208868712232,2012-01-10 02:45:00,2021-06-02 13:15:00,BIAS,7,2,5,91,18,69,46,46,3,5,152,103,3,82,4,4,1500,0,807,78877.0,856965.0,778088.0,1.101372852428003,0.3345724907063197,97.74101610904584,3173.9444444444443,-1448.953445065177,51156.0,49306.0,0.51156,5,4,0.8,161.4,50.122250548035055,0.31054678158633864,84,0.2055225224083066,1.5418914692313708,523.383140839535,0.6509264436175259,True,False,False
1836,258806.0,942460.0,683654.0,1.3785628402671526,0.5664488017429193,140.96187363834423,906.2115384615385,-858.8618090452261,21759.0,18959.0,0.21759,10,10,1.0,183.6,39.49734168270062,0.21512713334804262,72,0.03700068777385378,11.894204696907027,154.36088807832894,1.4394134360464441,2012-01-10 01:30:00,2021-06-02 13:15:00,BIAS,7,1,5,91,5,14,28,28,3,1,142,103,52,141,4,4,2500,0,692,56417.0,886420.0,830003.0,1.0679720434745417,0.43352601156069365,81.52745664739885,2954.733333333333,-2117.3545918367345,60365.0,56998.0,0.60365,5,3,0.6,138.4,45.95040805041888,0.33201161886140806,62,0.29230551075030575,0.9345978630000829,740.4254036903769,0.4998211694994291,True,False,False
1836,245606.0,876046.0,630440.0,1.389578706934839,0.5479302832244008,133.77233115468408,870.8210735586481,-759.566265060241,19605.0,17122.0,0.19605,10,10,1.0,183.6,39.49734168270062,0.21512713334804262,72,0.03758458669576476,12.527722519765366,146.55497015545225,1.439084271646741,2012-01-10 01:30:00,2021-06-02 13:15:00,BIAS,7,1,5,91,5,14,28,28,3,1,142,103,52,141,4,4,1500,0,692,71207.0,736085.0,664878.0,1.1070978435141485,0.33236994219653176,102.90028901734104,3200.3695652173915,-1439.1298701298701,42276.0,36686.0,0.42276,5,4,0.8,138.4,45.95040805041888,0.33201161886140806,62,0.2315923996236325,1.6843362664395876,410.8443271026725,0.7538292842639408,True,False,False
1836,246171.0,920751.0,674580.0,1.3649248421239883,0.5642701525054467,134.08006535947712,888.7557915057915,-843.225,19759.0,16959.0,0.19759,10,10,1.0,183.6,39.49734168270062,0.21512713334804262,72,0.025149184916176154,12.458677058555596,147.3671716002291,1.4367628401236223,2012-01-10 01:30:00,2021-06-02 13:15:00,BIAS,7,1,5,91,5,14,28,28,3,1,142,103,52,141,4,4,2250,6000,692,36437.0,835868.0,799431.0,1.0455786678274923,0.4161849710982659,52.65462427745665,2902.3194444444443,-1978.789603960396,59420.0,55303.0,0.5942,5,3,0.6,138.4,45.95040805041888,0.33201161886140806,62,0.16442078107418284,0.613211040053854,1128.4858797376294,0.32536703454938204,False,False,False
1836,228466.0,843991.0,615525.0,1.3711725762560416,0.5343137254901961,124.43681917211329,860.3374108053007,-719.9122807017544,17470.0,15584.0,0.1747,10,10,1.0,183.6,39.49734168270062,0.21512713334804262,72,0.04373079582957639,13.07761877504293,140.3925310549491,1.4180965596538149,2012-01-10 01:30:00,2021-06-02 13:15:00,BIAS,7,1,5,91,5,14,28,28,3,1,142,103,52,141,4,4,1250,10000,692,54927.0,653961.0,599034.0,1.0916926251264536,0.2904624277456647,79.3742774566474,3253.5373134328356,-1220.0285132382892,39462.0,34562.0,0.39462,5,3,0.6,138.4,45.95040805041888,0.33201161886140806,62,0.18189597101607588,1.3918960012163601,497.16358075263526,0.6018573845101747,True,False,False
1836,238566.0,894791.0,656225.0,1.3635429921139852,0.5615468409586056,129.93790849673204,867.8865179437439,-815.1863354037267,19142.0,17492.0,0.19142,10,10,1.0,183.6,39.49734168270062,0.21512713334804262,72,0.020920835324396602,12.462961028105736,147.3165161842006,1.414638816965629,2012-01-10 01:30:00,2021-06-02 13:15:00,BIAS,7,1,5,91,5,14,28,28,3,1,142,103,52,141,4,4,2000,5000,692,57612.0,801856.0,744244.0,1.0774100966887203,0.4060693641618497,83.25433526011561,2853.5800711743773,-1810.8126520681265,40924.0,37321.0,0.40924,5,4,0.8,138.4,45.95040805041888,0.33201161886140806,62,0.08663125737693536,1.4077802756328806,491.55398180934526,0.6198993403843125,True,False,False
1836,227706.0,843231.0,615525.0,1.3699378579261605,0.5343137254901961,124.02287581699346,859.5626911314985,-719.9122807017544,17470.0,15584.0,0.1747,10,10,1.0,183.6,39.49734168270062,0.21512713334804262,72,0.04053911622882137,13.03411562678878,140.86111037917314,1.413379212716691,2012-01-10 01:30:00,2021-06-02 13:15:00,BIAS,7,1,5,91,5,14,28,28,3,1,142,103,52,141,4,4,1250,0,692,54727.0,653761.0,599034.0,1.091358754261027,0.2904624277456647,79.08526011560694,3252.542288557214,-1220.0285132382892,39462.0,34562.0,0.39462,5,3,0.6,138.4,45.95040805041888,0.33201161886140806,62,0.3013320664388693,1.3868278343723075,498.98046668006646,0.5996659035099009,True,False,False
1885,243230.0,921782.0,678552.0,1.358454473643877,0.5421750663129974,129.0344827586207,901.9393346379647,-786.2711471610661,19140.0,17981.0,0.1914,10,10,1.0,188.5,35.75262228144951,0.18966908372121757,83,0.03079801011388398,12.707941483803554,148.33244254409405,1.4048765818103646,2012-01-10 02:45:00,2021-06-02 13:15:00,BIAS,7,2,5,91,18,69,46,46,3,5,152,103,3,82,4,4,1500,7500,807,87392.0,862462.0,775070.0,1.1127536867637762,0.33705080545229243,108.29244114002478,3170.8161764705883,-1448.728971962617,42477.0,40306.0,0.42477,5,4,0.8,161.4,50.122250548035055,0.31054678158633864,84,0.0857172281215672,2.0573957671210303,392.2434433357745,0.7914519986771308,True,False,False
1895,236050.0,896468.0,660418.0,1.35742514589245,0.529287598944591,124.5646437994723,893.7866400797607,-740.3789237668161,17907.0,15341.0,0.17907,10,10,1.0,189.5,35.73583635512117,0.1885796113726711,84,0.04232577843677187,13.181995867537834,143.75668290616395,1.4021249852940874,2012-01-10 02:45:00,2021-06-02 13:15:00,BIAS,7,2,5,91,18,69,46,46,3,5,152,103,3,82,4,4,1250,10000,829,96739.0,811617.0,714878.0,1.1353223906736534,0.29794933655006034,116.69360675512665,3285.8987854251013,-1228.3127147766322,49929.0,48079.0,0.49929,5,4,0.8,165.8,51.92456066256122,0.313175878543795,84,0.10327789206007919,1.937531294438102,427.86405689535763,0.7866363008661579,True,False,False
1870,249920.0,946796.0,696876.0,1.3586290817878648,0.5566844919786096,133.64705882352942,909.5062439961575,-840.6224366706875,20876.0,19016.0,0.20876,10,10,1.0,187.0,36.56227564033727,0.19552019059003886,80,0.03997679257362356,11.97164207702625,156.20246478873239,1.3932822880945075,2012-01-10 02:45:00,2021-06-02 13:15:00,BIAS,7,2,5,91,18,69,46,46,3,5,152,103,3,82,4,4,2000,10000,776,77931.0,942865.0,864934.0,1.090100516339975,0.39304123711340205,100.42654639175258,3091.3606557377047,-1836.3779193205944,57140.0,55290.0,0.5714,5,3,0.6,155.2,47.91826374150048,0.3087516993653382,79,0.12820315407219207,1.3638606930346517,568.9730659172858,0.6328222848826216,True,False,False
1860,233450.0,881575.0,648125.0,1.3601928640308583,0.553763440860215,125.51075268817205,855.8980582524272,-780.8734939759037,18562.0,15762.0,0.18562,10,10,1.0,186.0,38.04471053904866,0.2045414545110143,75,0.04279717284215035,12.576769744639586,147.89171128721352,1.387624325474144,2012-01-10 01:30:00,2021-06-02 13:15:00,BIAS,8,1,5,83,5,14,28,28,3,1,152,103,152,141,4,4,2250,10000,723,49743.0,830735.0,780992.0,1.063692073670409,0.4426002766251729,68.80082987551867,2596.046875,-1937.9454094292803,72986.0,70026.0,0.72986,5,3,0.6,144.6,44.11621017267916,0.30509135665753223,72,0.2008523812395714,0.6815416655248951,1060.830227368675,0.38359880891649695,True,False,False
1836,230166.0,860606.0,630440.0,1.3650878751348265,0.5479302832244008,125.36274509803921,855.4731610337972,-759.566265060241,18601.0,17122.0,0.18601,10,10,1.0,183.6,39.49734168270062,0.21512713334804262,72,0.026897977981109288,12.373850868232891,148.37741456166418,1.384534243961106,2012-01-10 01:30:00,2021-06-02 13:15:00,BIAS,7,1,5,91,5,14,28,28,3,1,142,103,52,141,4,4,1500,6000,692,49877.0,711737.0,661860.0,1.0753588372163296,0.3352601156069364,72.07658959537572,3067.831896551724,-1438.8260869565217,42276.0,36686.0,0.42276,5,4,0.8,138.4,45.95040805041888,0.33201161886140806,62,0.12011548409086352,1.1797946825622103,586.5427351284159,0.5280203240023112,True,False,False
1895,232565.0,892983.0,660418.0,1.3521481849374184,0.529287598944591,122.72559366754618,890.3120638085743,-740.3789237668161,17907.0,15341.0,0.17907,10,10,1.0,189.5,35.73583635512117,0.1885796113726711,84,0.045389461010900176,12.987379237169822,145.91088512888868,1.3814242626770576,2012-01-10 02:45:00,2021-06-02 13:15:00,BIAS,7,2,5,91,18,69,46,46,3,5,152,103,3,82,4,4,1250,0,829,93354.0,808232.0,714878.0,1.1305873169967462,0.29794933655006034,112.61037394451147,3272.1943319838056,-1228.3127147766322,49929.0,48079.0,0.49929,5,4,0.8,165.8,51.92456066256122,0.313175878543795,84,0.17365083445808427,1.8697350237337018,443.37833408316726,0.7591110641112614,True,False,False
1836,201291.0,788704.0,587413.0,1.342673723598218,0.5277777777777778,109.63562091503267,813.9360165118679,-677.5236447520184,14342.0,13417.0,0.14342,10,10,1.0,183.6,39.49734168270062,0.21512713334804262,72,0.03721477860411047,14.035071817040858,130.81514821825118,1.3789552611143931,2012-01-10 01:30:00,2021-06-02 13:15:00,BIAS,7,1,5,83,5,14,28,28,3,1,142,103,52,141,4,4,1250,7500,692,26412.0,613368.0,586956.0,1.0449982622206775,0.3078034682080925,38.16763005780347,2879.6619718309857,-1225.3778705636744,49258.0,44480.0,0.49258,5,3,0.6,138.4,45.95040805041888,0.33201161886140806,62,0.2836210813266697,0.536197165942588,1290.5700439194304,0.2590360217528985,False,False,False
1836,201096.0,788509.0,587413.0,1.3423417595456688,0.5277777777777778,109.52941176470588,813.734778121775,-677.5236447520184,14342.0,13417.0,0.14342,10,10,1.0,183.6,39.49734168270062,0.21512713334804262,72,0.04488403548553924,14.021475386975316,130.9419978517723,1.377619402700866,2012-01-10 01:30:00,2021-06-02 13:15:00,BIAS,7,1,5,83,5,14,28,28,3,1,142,103,52,141,4,4,1250,0,692,24937.0,613152.0,588215.0,1.0423943626055099,0.3063583815028902,36.036127167630056,2892.2264150943397,-1225.4479166666667,51403.0,46625.0,0.51403,5,3,0.6,138.4,45.95040805041888,0.33201161886140806,62,0.5412038336608253,0.48512732719880164,1426.4296426996032,0.23941272642390665,False,False,False
1836,215416.0,830941.0,615525.0,1.3499711628284798,0.5343137254901961,117.32897603485839,847.0346585117227,-719.9122807017544,16534.0,15584.0,0.16534,10,10,1.0,183.6,39.49734168270062,0.21512713334804262,72,0.02873974078062911,13.028668198862949,140.92000594199132,1.374420640172807,2012-01-10 01:30:00,2021-06-02 13:15:00,BIAS,7,1,5,91,5,14,28,28,3,1,142,103,52,141,4,4,1250,6000,692,33572.0,630088.0,596516.0,1.056280133307405,0.29335260115606937,48.51445086705202,3103.881773399015,-1219.8691206543967,36964.0,32454.0,0.36964,5,2,0.4,138.4,45.95040805041888,0.33201161886140806,62,0.17845228166329083,0.9082350394978899,761.9173120457525,0.38008873116120573,False,False,False
1870,246435.0,943311.0,696876.0,1.3536281921030426,0.5566844919786096,131.78342245989305,906.1585014409222,-840.6224366706875,20876.0,19016.0,0.20876,10,10,1.0,187.0,36.56227564033727,0.19552019059003886,80,0.04283482459877858,11.804703966277065,158.41142694828253,1.3738537158553534,2012-01-10 02:45:00,2021-06-02 13:15:00,BIAS,7,2,5,91,18,69,46,46,3,5,152,103,3,82,4,4,2000,0,776,73496.0,938430.0,864934.0,1.084972957474212,0.39304123711340205,94.71134020618557,3076.8196721311474,-1836.3779193205944,57140.0,55290.0,0.5714,5,3,0.6,155.2,47.91826374150048,0.3087516993653382,79,0.2205698269293567,1.2862443122156109,603.3068466311091,0.5968088007305585,True,False,False
1836,234446.0,908882.0,674436.0,1.3476178614427463,0.5648148148148148,127.69389978213508,876.4532304725169,-844.1001251564455,19759.0,16959.0,0.19759,10,10,1.0,183.6,39.49734168270062,0.21512713334804262,72,0.021288484341810056,11.865276582823018,154.73722733593237,1.3683305540279835,2012-01-10 01:30:00,2021-06-02 13:15:00,BIAS,7,1,5,91,5,14,28,28,3,1,142,103,52,141,4,4,2250,5000,692,59017.0,841981.0,782964.0,1.0753763902299467,0.4277456647398844,85.28468208092485,2844.5304054054054,-1977.1818181818182,49575.0,45458.0,0.49575,5,3,0.6,138.4,45.95040805041888,0.33201161886140806,62,0.08456885304234373,1.1904589006555724,581.2884423132318,0.5769564436808273,True,False,False
1838,234783.0,876729.0,641946.0,1.3657363703489078,0.5544069640914037,127.73830250272034,860.3817468105987,-783.8168498168499,20174.0,17374.0,0.20174,10,10,1.0,183.8,39.37207131965501,0.21421148704926551,72,0.04255418833561203,11.63790026767126,157.93226937214365,1.3546543221806147,2012-01-10 01:30:00,2021-06-02 13:15:00,BIAS,8,1,5,83,5,14,28,28,3,1,152,103,52,141,4,4,2250,10000,694,41544.0,817642.0,776098.0,1.0535293223278503,0.43515850144092216,59.861671469740635,2707.4238410596026,-1979.841836734694,76695.0,73733.0,0.76695,5,3,0.6,138.8,45.28752587633818,0.3262790048727534,64,0.24049200847294436,0.5416780754938393,1281.203783939919,0.32558820836057506,False,False,False
1862,233657.0,930415.0,696758.0,1.3353488585706945,0.569280343716434,125.48711063372717,877.75,-868.7755610972569,19553.0,16381.0,0.19553,10,10,1.0,186.2,37.16665171898055,0.19960607797519095,78,0.017080592492414094,11.949930956886412,155.81679983908037,1.3517481199819843,2012-01-10 02:45:00,2021-06-02 13:15:00,BIAS,7,2,5,91,18,69,46,46,3,5,152,103,3,82,4,4,2500,4000,762,73542.0,960178.0,886636.0,1.082944974036696,0.463254593175853,96.51181102362204,2720.0509915014163,-2167.8141809290955,46756.0,45181.0,0.46756,5,3,0.6,152.4,45.36342138772163,0.2976602453262574,80,0.05426830926545376,1.572889040978698,484.4588398466183,0.672303148039555,True,False,False
1879,227559.0,914920.0,687361.0,1.3310618437764143,0.5534858967535924,121.10643959552954,879.7307692307693,-819.2622169249106,18220.0,16285.0,0.1822,10,10,1.0,187.9,35.94843529279126,0.19131684562422172,82,0.021932773478526447,12.489517014270033,150.44617000426263,1.351438866699314,2012-01-10 02:45:00,2021-06-02 13:15:00,BIAS,7,2,5,91,18,69,46,46,3,5,152,103,3,82,4,4,1750,5000,796,65631.0,887395.0,821764.0,1.0798659955899748,0.3768844221105528,82.45100502512562,2957.983333333333,-1656.782258064516,38688.0,37761.0,0.38688,5,4,0.8,159.2,49.3939267521828,0.3102633589961231,82,0.07604638052139995,1.696417493796526,469.2241166521918,0.6314095828608521,True,False,False
1836,242326.0,925980.0,683654.0,1.3544570791657768,0.5664488017429193,131.98583877995642,890.3653846153846,-858.8618090452261,21759.0,18959.0,0.21759,10,10,1.0,183.6,39.49734168270062,0.21512713334804262,72,0.02554822841956703,11.136816949308333,164.8585954458044,1.3477558491819766,2012-01-10 01:30:00,2021-06-02 13:15:00,BIAS,7,1,5,91,5,14,28,28,3,1,142,103,52,141,4,4,2500,6000,692,46892.0,869368.0,822476.0,1.0570132137594288,0.43786127167630057,67.76300578034682,2869.2013201320133,-2114.3341902313623,59780.0,57201.0,0.5978,5,3,0.6,138.4,45.95040805041888,0.33201161886140806,62,0.12776166510278938,0.7844095015055202,882.1922716028321,0.4174630686657609,True,False,False
1895,226785.0,887203.0,660418.0,1.3433961521339515,0.529287598944591,119.6754617414248,884.5493519441675,-740.3789237668161,17907.0,15341.0,0.17907,10,10,1.0,189.5,35.73583635512117,0.1885796113726711,84,0.033031285137905944,12.66460043558385,149.6296712745552,1.3470913568732032,2012-01-10 02:45:00,2021-06-02 13:15:00,BIAS,7,2,5,91,18,69,46,46,3,5,152,103,3,82,4,4,1250,7500,829,96559.0,808919.0,712360.0,1.1355480375091247,0.30036188178528345,116.47647768395657,3248.6706827309235,-1228.2068965517242,41179.0,39329.0,0.41179,5,4,0.8,165.8,51.92456066256122,0.313175878543795,84,0.07757951097256599,2.3448602442992788,353.5391936536211,0.8645770150911564,True,False,False
1880,220500.0,908266.0,687766.0,1.3206032284236209,0.5537234042553192,117.2872340425532,872.4937560038425,-819.7449344457688,17247.0,14614.0,0.17247,10,10,1.0,188.0,35.65389179318297,0.18964836060203707,83,0.02036734693877551,12.784832144720822,147.04925170068026,1.3452323961297887,2012-01-10 02:45:00,2021-06-02 13:15:00,BIAS,7,2,5,91,18,69,46,46,3,5,152,103,3,82,4,4,1750,4500,798,58168.0,876414.0,818246.0,1.071088645712903,0.38095238095238093,72.89223057644111,2882.940789473684,-1656.3684210526317,38369.0,34779.0,0.38369,5,4,0.8,159.6,48.77130303774956,0.30558460549968397,84,0.07720739925732362,1.516015533373296,526.3798308348232,0.5605241835007722,True,False,False
1836,261291.0,972913.0,711622.0,1.3671766752573697,0.5735294117647058,142.3153594771242,923.9439696106363,-908.8403575989782,25457.0,23662.0,0.25457,10,10,1.0,183.6,39.49734168270062,0.21512713334804262,72,0.038237061360705114,10.264013827238088,178.87738957713813,1.3435428359106283,2012-01-10 01:30:00,2021-06-02 13:15:00,BIAS,7,1,5,91,5,14,28,28,3,1,142,103,52,141,4,4,4000,10000,692,63747.0,993460.0,929713.0,1.068566321004439,0.4985549132947977,92.1199421965318,2879.5942028985505,-2679.2881844380404,58510.0,54628.0,0.5851,5,3,0.6,138.4,45.95040805041888,0.33201161886140806,62,0.15672894410717367,1.0895060673389165,635.1502031468148,0.5736433487236672,True,False,False
1870,240385.0,937261.0,696876.0,1.344946590211171,0.5566844919786096,128.548128342246,900.3467819404419,-840.6224366706875,20876.0,19016.0,0.20876,10,10,1.0,187.0,36.56227564033727,0.19552019059003886,80,0.031162510139983775,11.514897489940601,162.398319362689,1.3401254914516574,2012-01-10 02:45:00,2021-06-02 13:15:00,BIAS,7,2,5,91,18,69,46,46,3,5,152,103,3,82,4,4,2000,7500,776,88586.0,949502.0,860916.0,1.1028973790706642,0.3956185567010309,114.15721649484536,3092.840390879479,-1835.641791044776,46646.0,43114.0,0.46646,5,4,0.8,155.2,47.91826374150048,0.3087516993653382,79,0.08456189465604046,1.8991124640912405,408.61192513489715,0.796158473207174,True,False,False
1836,260176.0,971798.0,711622.0,1.3656098321861887,0.5735294117647058,141.70806100217865,922.8850902184236,-908.8403575989782,25457.0,23662.0,0.25457,10,10,1.0,183.6,39.49734168270062,0.21512713334804262,72,0.028792048459504335,10.220214479318066,179.6439794600578,1.3378095719939977,2012-01-10 01:30:00,2021-06-02 13:15:00,BIAS,7,1,5,91,5,14,28,28,3,1,142,103,52,141,4,4,4000,7500,692,89592.0,1009763.0,920171.0,1.0973645115962143,0.5028901734104047,129.46820809248555,2901.617816091954,-2674.9156976744184,49592.0,45818.0,0.49592,5,3,0.6,138.4,45.95040805041888,0.33201161886140806,62,0.08361237610500938,1.8065817067268914,383.0438432002857,0.8757107482881068,True,False,False
1836,231446.0,873392.0,641946.0,1.3605381137977337,0.553921568627451,126.0599128540305,858.7925270403147,-783.8168498168499,20174.0,17374.0,0.20174,10,10,1.0,183.6,39.49734168270062,0.21512713334804262,72,0.04316773675068915,11.472489342718351,160.0350146470451,1.3368551362876246,2012-01-10 01:30:00,2021-06-02 13:15:00,BIAS,7,1,5,83,5,14,28,28,3,1,142,103,52,141,4,4,2250,10000,692,33812.0,807651.0,773839.0,1.0436938432929848,0.434971098265896,48.861271676300575,2683.2259136212624,-1979.1278772378516,76695.0,73733.0,0.76695,5,3,0.6,138.4,45.95040805041888,0.33201161886140806,62,0.29548680941677513,0.44086315926722736,1569.648053945345,0.2657569278089345,False,False,False
1836,221441.0,851737.0,630296.0,1.3513285821264929,0.5484749455337691,120.61056644880175,845.8162859980139,-760.3088057901085,18502.0,17122.0,0.18502,10,10,1.0,183.6,39.49734168270062,0.21512713334804262,72,0.02253873492262047,11.968489892984541,153.40281158412398,1.3356091125883962,2012-01-10 01:30:00,2021-06-02 13:15:00,BIAS,7,1,5,91,5,14,28,28,3,1,142,103,52,141,4,4,1500,5000,692,40387.0,697720.0,657333.0,1.0614407005277386,0.33959537572254334,58.36271676300578,2969.021276595745,-1438.3654266958424,40773.0,38736.0,0.40773,5,4,0.8,138.4,45.95040805041888,0.33201161886140806,62,0.12357936959912844,0.9905329507271969,698.6138113749474,0.4353640064019655,False,False,False
1836,241271.0,896768.0,655497.0,1.3680733855379963,0.5544662309368191,131.411220043573,880.9115913555992,-801.341075794621,22002.0,20352.0,0.22002,10,10,1.0,183.6,39.49734168270062,0.21512713334804262,72,0.031048074571747124,10.965866739387328,167.428625901994,1.3344574232003181,2012-01-10 01:30:00,2021-06-02 13:15:00,BIAS,7,1,5,91,5,14,28,28,3,1,142,103,52,141,4,4,1750,7500,692,74287.0,790127.0,715840.0,1.103775983459991,0.36416184971098264,107.35115606936417,3135.4246031746034,-1626.909090909091,39116.0,33756.0,0.39116,5,4,0.8,138.4,45.95040805041888,0.33201161886140806,62,0.10083863933124235,1.89914612946109,364.3742781374938,0.8175848996391074,True,False,False
1836,241151.0,896648.0,655497.0,1.3678903183386042,0.5544662309368191,131.3458605664488,880.7937131630648,-801.341075794621,22002.0,20352.0,0.22002,10,10,1.0,183.6,39.49734168270062,0.21512713334804262,72,0.041430473023126586,10.960412689755477,167.51194065129317,1.3337937094063517,2012-01-10 01:30:00,2021-06-02 13:15:00,BIAS,7,1,5,91,5,14,28,28,3,1,142,103,52,141,4,4,1750,10000,692,63232.0,782590.0,719358.0,1.0879006002574518,0.36127167630057805,91.3757225433526,3130.36,-1627.5067873303167,47801.0,42551.0,0.47801,5,4,0.8,138.4,45.95040805041888,0.33201161886140806,62,0.1580054402834008,1.322817514277944,523.125822368421,0.6295289224511931,True,False,False
1836,212986.0,819392.0,606406.0,1.3512267358832202,0.5375816993464052,116.00544662309368,830.1843971631206,-714.2591283863369,17177.0,15527.0,0.17177,10,10,1.0,183.6,39.49734168270062,0.21512713334804262,72,0.04690918651930174,12.399487687023345,148.07063375057515,1.3332392091045042,2012-01-10 01:30:00,2021-06-02 13:15:00,BIAS,7,1,5,83,5,14,28,28,3,1,142,103,52,141,4,4,1500,10000,692,42152.0,690847.0,648695.0,1.064979689992986,0.34971098265895956,60.91329479768786,2854.7396694214876,-1441.5444444444445,45436.0,40966.0,0.45436,5,3,0.6,138.4,45.95040805041888,0.33201161886140806,62,0.23702315429872842,0.9277225107844,745.9126969064339,0.43044275297441187,True,False,False
1836,208691.0,824072.0,615381.0,1.3391248673585958,0.5348583877995643,113.6661220043573,839.1771894093687,-720.5866510538642,16534.0,15584.0,0.16534,10,10,1.0,183.6,39.49734168270062,0.21512713334804262,72,0.023915741455069937,12.621930567315834,145.46110757052293,1.331513062253051,2012-01-10 01:30:00,2021-06-02 13:15:00,BIAS,7,1,5,91,5,14,28,28,3,1,142,103,52,141,4,4,1250,5000,692,27092.0,619831.0,592739.0,1.0457064576483073,0.2976878612716763,39.15028901734104,3008.8883495145633,-1219.6275720164608,37532.0,32458.0,0.37532,5,2,0.4,138.4,45.95040805041888,0.33201161886140806,62,0.18422412520301196,0.7218373654481509,958.6646980658497,0.30439497118982745,False,False,False
1986,268406.0,1044381.0,775975.0,1.3458951641483294,0.5468277945619335,135.14904330312186,961.6767955801105,-862.1944444444445,23440.0,21361.0,0.2344,10,10,1.0,198.6,34.10923628579215,0.17174842037156168,98,0.03722345998226567,11.450767918088737,173.43814966878534,1.329650578161603,2012-01-10 02:45:00,2021-06-02 13:15:00,BIAS,8,2,5,91,18,69,46,46,3,5,152,153,3,82,4,4,1750,10000,913,80113.0,1050961.0,970848.0,1.0825185816935299,0.36254107338444685,87.74698795180723,3175.1087613293053,-1668.1237113402062,56052.0,55087.0,0.56052,5,3,0.6,182.6,55.79462339688296,0.3055565355798629,103,0.12471134522486987,1.4292621137515165,638.7911574900453,0.55826450463633,True,False,False
1836,257961.0,969583.0,711622.0,1.3624972246501654,0.5735294117647058,140.5016339869281,920.7815764482431,-908.8403575989782,25457.0,23662.0,0.25457,10,10,1.0,183.6,39.49734168270062,0.21512713334804262,72,0.037121890518334165,10.133205012373807,181.18650493679277,1.3264201732717225,2012-01-10 01:30:00,2021-06-02 13:15:00,BIAS,7,1,5,91,5,14,28,28,3,1,142,103,52,141,4,4,4000,0,692,67172.0,996885.0,929713.0,1.0722502535728768,0.4985549132947977,97.0693641618497,2889.521739130435,-2679.2881844380404,57925.0,54043.0,0.57925,5,3,0.6,138.4,45.95040805041888,0.33201161886140806,62,0.2455040790805693,1.1596374622356496,596.7382242601084,0.6075087231367777,True,False,False
1836,227966.0,857611.0,629645.0,1.3620548086620239,0.5506535947712419,124.16448801742919,848.2799208704254,-763.2060606060606,20012.0,18362.0,0.20012,10,10,1.0,183.6,39.49734168270062,0.21512713334804262,72,0.04382671100076327,11.391465120927444,161.17329777247485,1.3220732243703832,2012-01-10 01:30:00,2021-06-02 13:15:00,BIAS,7,1,5,83,5,14,28,28,3,1,142,103,52,141,4,4,2000,10000,692,34007.0,771524.0,737517.0,1.0461101235632535,0.41040462427745666,49.14306358381503,2716.6338028169016,-1807.639705882353,55960.0,52248.0,0.5596,5,3,0.6,138.4,45.95040805041888,0.33201161886140806,62,0.29379245449466285,0.6077019299499643,1138.7161466756845,0.31291524971446694,False,False,False
1859,255554.0,979279.0,723725.0,1.3531092611143736,0.5696611081226466,137.46853146853147,924.7204910292729,-904.65625,24571.0,21711.0,0.24571,10,10,1.0,185.9,37.52719014261526,0.2018676177655474,77,0.03909545536364134,10.400634894794676,178.73908841184252,1.3209769268467484,2012-01-10 02:45:00,2021-06-02 13:15:00,BIAS,7,2,5,91,18,69,46,46,3,5,152,103,3,82,4,4,3000,10000,747,58842.0,1024826.0,965984.0,1.0609140524066651,0.46318607764390896,78.7710843373494,2961.9248554913293,-2408.937655860349,71150.0,68000.0,0.7115,5,3,0.6,149.4,44.34681499273651,0.2968327643422792,77,0.16979368478297815,0.827013352073085,903.2502294279597,0.44481838228682274,True,False,False
1836,210681.0,817087.0,606406.0,1.3474256521208563,0.5375816993464052,114.75,827.8490374873354,-714.2591283863369,17177.0,15527.0,0.17177,10,10,1.0,183.6,39.49734168270062,0.21512713334804262,72,0.03555612513705555,12.265296617570007,149.69063180827888,1.3188104843198427,2012-01-10 01:30:00,2021-06-02 13:15:00,BIAS,7,1,5,83,5,14,28,28,3,1,142,103,52,141,4,4,1500,7500,692,44052.0,691238.0,647186.0,1.0680669853797826,0.3511560693641618,63.65895953757225,2844.6008230452676,-1441.3942093541202,47536.0,43066.0,0.47536,5,3,0.6,138.4,45.95040805041888,0.33201161886140806,62,0.17004903296104604,0.9267081790642882,746.7291382911105,0.43979630223558025,True,False,False
1836,238236.0,893733.0,655497.0,1.3634433109533681,0.5544662309368191,129.75816993464053,877.9302554027505,-801.341075794621,22002.0,20352.0,0.22002,10,10,1.0,183.6,39.49734168270062,0.21512713334804262,72,0.03874729260061452,10.827924734115081,169.56157759532562,1.3176709951612544,2012-01-10 01:30:00,2021-06-02 13:15:00,BIAS,7,1,5,91,5,14,28,28,3,1,142,103,52,141,4,4,1750,0,692,63032.0,782390.0,719358.0,1.0876225745734391,0.36127167630057805,91.08670520231213,3129.56,-1627.5067873303167,47801.0,42551.0,0.47801,5,4,0.8,138.4,45.95040805041888,0.33201161886140806,62,0.2616290138342429,1.3186335013911843,524.7856961543343,0.6275377505051809,True,False,False
1836,192321.0,779734.0,587413.0,1.3274033771809612,0.5277777777777778,104.75,804.6790505675955,-677.5236447520184,14342.0,13417.0,0.14342,10,10,1.0,183.6,39.49734168270062,0.21512713334804262,72,0.03115104434773114,13.409636034025938,136.9164677804296,1.3175057740921412,2012-01-10 01:30:00,2021-06-02 13:15:00,BIAS,7,1,5,83,5,14,28,28,3,1,142,103,52,141,4,4,1250,6000,692,15827.0,601524.0,585697.0,1.0270225048105077,0.3092485549132948,22.871387283236995,2810.8598130841124,-1225.307531380753,47398.0,42620.0,0.47398,5,3,0.6,138.4,45.95040805041888,0.33201161886140806,62,0.37853035951222597,0.33391704291320307,2072.3710115625195,0.15823984697071097,False,False,False
1836,222026.0,878251.0,656225.0,1.3383382224084728,0.5615468409586056,120.92919389978213,851.8438409311348,-815.1863354037267,19142.0,17492.0,0.19142,10,10,1.0,183.6,39.49734168270062,0.21512713334804262,72,0.020227360759550683,11.598892487723331,158.29097493086394,1.316560607863697,2012-01-10 01:30:00,2021-06-02 13:15:00,BIAS,7,1,5,91,5,14,28,28,3,1,142,103,52,141,4,4,2000,4500,692,46882.0,788403.0,741521.0,1.0632241028912195,0.40895953757225434,67.7485549132948,2785.8763250883394,-1813.0097799511002,35651.0,30731.0,0.35651,5,4,0.8,138.4,45.95040805041888,0.33201161886140806,62,0.09579369480824197,1.3150262264733108,526.2252463632097,0.5404649476726675,True,False,False
1836,227336.0,869282.0,641946.0,1.3541357061185832,0.553921568627451,123.82135076252723,854.7512291052115,-783.8168498168499,20174.0,17374.0,0.20174,10,10,1.0,183.6,39.49734168270062,0.21512713334804262,72,0.032951226378576205,11.268761772578566,162.92828236618925,1.3131153671399958,2012-01-10 01:30:00,2021-06-02 13:15:00,BIAS,7,1,5,83,5,14,28,28,3,1,142,103,52,141,4,4,2250,7500,692,44197.0,816477.0,772280.0,1.0572292432796395,0.43641618497109824,63.86849710982659,2703.566225165563,-1980.2051282051282,70360.0,67398.0,0.7036,5,3,0.6,138.4,45.95040805041888,0.33201161886140806,62,0.16949114193271037,0.6281552018192155,1101.6385727538068,0.36268294717700444,True,False,False
1836,226356.0,856001.0,629645.0,1.359497812259289,0.5506535947712419,123.2875816993464,846.6874381800197,-763.2060606060606,20012.0,18362.0,0.20012,10,10,1.0,183.6,39.49734168270062,0.21512713334804262,72,0.03309388750463871,11.31101339196482,162.3196734347665,1.3127361394926547,2012-01-10 01:30:00,2021-06-02 13:15:00,BIAS,7,1,5,83,5,14,28,28,3,1,142,103,52,141,4,4,2000,7500,692,44842.0,780350.0,735508.0,1.0609673858068165,0.41184971098265893,64.80057803468208,2738.0701754385964,-1807.1449631449632,49625.0,45913.0,0.49625,5,4,0.8,138.4,45.95040805041888,0.33201161886140806,62,0.16705320904509166,0.9036171284634761,765.8110699790376,0.4381592400446037,True,False,False
1848,272833.0,995817.0,722984.0,1.3773707301959657,0.5773809523809523,147.63690476190476,933.2867853795689,-925.7157490396927,28730.0,26960.0,0.2873,10,10,1.0,184.8,38.43383925657181,0.20797532065244484,75,0.036619470518595626,9.496449704142012,194.59904043865663,1.3119898440081574,2012-01-10 02:45:00,2021-06-02 13:15:00,BIAS,7,2,5,91,18,69,46,46,3,5,152,103,3,82,4,4,5000,10000,727,73117.0,1091366.0,1018249.0,1.0718066013322871,0.517193947730399,100.57359009628611,2902.56914893617,-2900.994301994302,59671.0,56082.0,0.59671,5,3,0.6,145.4,45.2442261509687,0.3111707438168411,72,0.13664400891721487,1.2253355901526706,593.3068506640043,0.6201627112670894,True,False,False
1886,225681.0,905742.0,680061.0,1.3318540542686612,0.5418875927889714,119.66118769883352,886.2446183953033,-787.1076388888889,18911.0,17981.0,0.18911,10,10,1.0,188.6,35.73569643927483,0.18947877221248585,83,0.02654631980538902,11.933848024959019,158.0378764716569,1.310688281311615,2012-01-10 02:45:00,2021-06-02 13:15:00,BIAS,7,2,5,91,18,69,46,46,3,5,152,103,3,82,4,4,1500,6000,808,68318.0,843388.0,775070.0,1.0881442966441741,0.3378712871287129,84.5519801980198,3089.3333333333335,-1448.728971962617,41824.0,39879.0,0.41824,5,4,0.8,161.6,50.305466899731684,0.3112962060626961,84,0.08769284815129248,1.633464039785769,494.6542931584648,0.6227508871649723,True,False,False
1864,259579.0,962748.0,703169.0,1.369155921265016,0.5622317596566524,139.25912017167383,918.6526717557252,-861.7267156862745,25681.0,21751.0,0.25681,10,10,1.0,186.4,36.89227561428002,0.19791993355300438,79,0.038489246048409156,10.10782290409252,184.41162035449707,1.3089439082109249,2012-01-10 02:45:00,2021-06-02 13:15:00,BIAS,7,2,5,91,18,69,46,46,3,5,152,103,3,82,4,4,2250,10000,767,44922.0,962183.0,917261.0,1.0489740651788313,0.40808344198174706,58.56844850065189,3074.0670926517573,-2020.3986784140968,46671.0,44498.0,0.46671,5,3,0.6,153.4,47.008935320851506,0.30644677523371255,78,0.2224077289524064,0.9625249084013627,796.8624949913183,0.40836030641329063,False,False,False
1836,208906.0,815312.0,606406.0,1.344498570264806,0.5375816993464052,113.78322440087146,826.0506585612968,-714.2591283863369,17177.0,15527.0,0.17177,10,10,1.0,183.6,39.49734168270062,0.21512713334804262,72,0.04320603525030396,12.161960761483378,150.96249988032895,1.3076994272730864,2012-01-10 01:30:00,2021-06-02 13:15:00,BIAS,7,1,5,83,5,14,28,28,3,1,142,103,52,141,4,4,1500,0,692,39397.0,688092.0,648695.0,1.0607327018090165,0.34971098265895956,56.93208092485549,2843.3553719008264,-1441.5444444444445,49681.0,45211.0,0.49681,5,3,0.6,138.4,45.95040805041888,0.33201161886140806,62,0.34256415463106327,0.7929993357621626,872.6362921034597,0.38473814632034004,True,False,False
1836,226321.0,868267.0,641946.0,1.3525545762416153,0.553921568627451,123.26851851851852,853.7531956735496,-783.8168498168499,20174.0,17374.0,0.20174,10,10,1.0,183.6,39.49734168270062,0.21512713334804262,72,0.039881407381550986,11.218449489441856,163.65897994441522,1.3072526260974549,2012-01-10 01:30:00,2021-06-02 13:15:00,BIAS,7,1,5,83,5,14,28,28,3,1,142,103,52,141,4,4,2250,0,692,31057.0,804896.0,773839.0,1.0401336712158473,0.434971098265896,44.880057803468205,2674.0730897009967,-1979.1278772378516,80940.0,77978.0,0.8094,5,3,0.6,138.4,45.95040805041888,0.33201161886140806,62,0.43455581672408794,0.3837039782554979,1803.4736130340987,0.23761571631131007,False,False,False
1859,252069.0,975794.0,723725.0,1.3482938961622164,0.5696611081226466,135.59386767079076,921.4296506137866,-904.65625,24571.0,21711.0,0.24571,10,10,1.0,185.9,37.52719014261526,0.2018676177655474,77,0.04187742245178899,10.258801025599285,181.21025988915733,1.302962712277378,2012-01-10 02:45:00,2021-06-02 13:15:00,BIAS,7,2,5,91,18,69,46,46,3,5,152,103,3,82,4,4,3000,0,747,53272.0,1019256.0,965984.0,1.055147911352569,0.46318607764390896,71.31459170013387,2945.826589595376,-2408.937655860349,70720.0,67570.0,0.7072,5,3,0.6,149.4,44.34681499273651,0.2968327643422792,77,0.3043062021324523,0.7532805429864253,991.6624117735395,0.40393420324374646,True,False,False
1836,223886.0,853531.0,629645.0,1.3555749668463977,0.5506535947712419,121.94226579520698,844.2443125618199,-763.2060606060606,20012.0,18362.0,0.20012,10,10,1.0,183.6,39.49734168270062,0.21512713334804262,72,0.040315160394129156,11.187587447531481,164.11044906782917,1.2984115434380024,2012-01-10 01:30:00,2021-06-02 13:15:00,BIAS,7,1,5,83,5,14,28,28,3,1,142,103,52,141,4,4,2000,0,692,31252.0,768769.0,737517.0,1.0423746164495191,0.41040462427745666,45.16184971098266,2706.9330985915494,-1807.639705882353,60205.0,56493.0,0.60205,5,3,0.6,138.4,45.95040805041888,0.33201161886140806,62,0.43184436196083453,0.5190930985798522,1333.094201971074,0.27724185466516876,False,False,False
1848,269348.0,992332.0,722984.0,1.372550429885032,0.5773809523809523,145.75108225108224,930.020618556701,-925.7157490396927,28730.0,26960.0,0.2873,10,10,1.0,184.8,38.43383925657181,0.20797532065244484,75,0.03919093514709595,9.375147928994084,197.11688967432468,1.2952312971814597,2012-01-10 02:45:00,2021-06-02 13:15:00,BIAS,7,2,5,91,18,69,46,46,3,5,152,103,3,82,4,4,5000,0,727,104227.0,1122476.0,1018249.0,1.1023590497019884,0.517193947730399,143.36588720770288,2985.308510638298,-2900.994301994302,56654.0,50999.0,0.56654,5,4,0.8,145.4,45.2442261509687,0.3111707438168411,72,0.4651961583850634,1.8397112295689624,395.1707139224961,0.9072644463898698,True,False,False
1864,256094.0,959263.0,703169.0,1.3641997869644424,0.5622317596566524,137.38948497854076,915.3272900763359,-861.7267156862745,25681.0,21751.0,0.25681,10,10,1.0,186.4,36.89227561428002,0.19791993355300438,79,0.04121923981038213,9.972119465752892,186.92114614165112,1.2913705701515474,2012-01-10 02:45:00,2021-06-02 13:15:00,BIAS,7,2,5,91,18,69,46,46,3,5,152,103,3,82,4,4,2250,0,767,40487.0,957748.0,917261.0,1.0441390182292718,0.40808344198174706,52.78617992177314,3059.897763578275,-2020.3986784140968,55457.0,45718.0,0.55457,5,3,0.6,153.4,47.008935320851506,0.30644677523371255,78,0.4004001284362882,0.7300611284418559,1050.5969570479413,0.33763340005815307,False,False,False
1836,230601.0,914111.0,683510.0,1.3373776535822446,0.5669934640522876,125.59967320261438,878.1085494716618,-859.7610062893082,21759.0,18959.0,0.21759,10,10,1.0,183.6,39.49734168270062,0.21512713334804262,72,0.02164344473788058,10.597959465048945,173.24089661363132,1.2825443682362312,2012-01-10 01:30:00,2021-06-02 13:15:00,BIAS,7,1,5,91,5,14,28,28,3,1,142,103,52,141,4,4,2500,5000,692,66387.0,874630.0,808243.0,1.0821374264917853,0.4479768786127168,95.93497109826589,2821.3870967741937,-2115.8193717277486,51775.0,48408.0,0.51775,5,3,0.6,138.4,45.95040805041888,0.33201161886140806,62,0.07518038170123668,1.2822211492032833,539.6884932290961,0.6350680292629615,True,False,False
1855,259535.0,989945.0,730410.0,1.35532782957517,0.5741239892183289,139.911051212938,929.5258215962441,-924.5696202531645,27023.0,23093.0,0.27023,10,10,1.0,185.5,37.937448517263256,0.20451454726287469,76,0.0384957712832566,9.604226029678422,193.14414240853836,1.2820016782142665,2012-01-10 02:45:00,2021-06-02 13:15:00,BIAS,7,2,5,91,18,69,46,46,3,5,152,103,3,82,4,4,4000,10000,732,98992.0,1079175.0,980183.0,1.100993385928954,0.505464480874317,135.23497267759564,2916.689189189189,-2707.6878453038676,54632.0,48977.0,0.54632,5,3,0.6,146.4,45.053745682240454,0.307744164496178,72,0.10092734766445774,1.8119783277200177,403.9783416841765,0.8715028715680164,True,False,False
1886,220316.0,900133.0,679817.0,1.3240813336530273,0.5424178154825027,116.81654294803818,879.8954056695992,-787.7369640787949,18911.0,17981.0,0.18911,10,10,1.0,188.6,35.73569643927483,0.18947877221248585,83,0.022653824506617768,11.650150705938342,161.88631783438333,1.279529953276748,2012-01-10 02:45:00,2021-06-02 13:15:00,BIAS,7,2,5,91,18,69,46,46,3,5,152,103,3,82,4,4,1500,5000,809,73989.0,841514.0,767525.0,1.0963994658154457,0.34487021013597036,91.45735475896169,3016.179211469534,-1448.1603773584907,33655.0,30553.0,0.33655,5,4,0.8,161.8,50.423803902522074,0.3116427929698521,84,0.0674559731852032,2.1984549101173676,367.98571409263536,0.7509260893767817,True,False,False
1864,250044.0,953213.0,703169.0,1.3555958809333175,0.5622317596566524,134.14377682403435,909.5543893129772,-861.7267156862745,25096.0,21166.0,0.25096,10,10,1.0,186.4,36.89227561428002,0.19791993355300438,79,0.029958727264001537,9.96350015938795,187.08284941850232,1.275474063013432,2012-01-10 02:45:00,2021-06-02 13:15:00,BIAS,7,2,5,91,18,69,46,46,3,5,152,103,3,82,4,4,2250,7500,767,56462.0,969205.0,912743.0,1.0618596910630922,0.4106910039113429,73.61408083441982,3076.84126984127,-2019.3429203539822,40203.0,38939.0,0.40203,5,4,0.8,153.4,47.008935320851506,0.30644677523371255,78,0.13267330239807304,1.4044225555306817,546.1319294392688,0.5530125884651902,True,False,False
1859,246019.0,969744.0,723725.0,1.3399343673356592,0.5696611081226466,132.33942980096828,915.7167138810198,-904.65625,24571.0,21711.0,0.24571,10,10,1.0,185.9,37.52719014261526,0.2018676177655474,77,0.03044886777037546,10.012575800740711,185.66650949723393,1.2716898290220864,2012-01-10 02:45:00,2021-06-02 13:15:00,BIAS,7,2,5,91,18,69,46,46,3,5,152,103,3,82,4,4,3000,7500,747,76722.0,1036688.0,959966.0,1.079921580555978,0.46586345381526106,102.70682730923694,2978.9885057471265,-2405.9298245614036,59485.0,56335.0,0.59485,5,3,0.6,149.4,44.34681499273651,0.2968327643422792,77,0.09763822632360991,1.2897705303858116,579.1727926800658,0.6343061693896156,True,False,False
1836,217406.0,891842.0,674436.0,1.322352306223274,0.5648148148148148,118.4128540305011,860.0212150433944,-844.1001251564455,19759.0,16959.0,0.19759,10,10,1.0,183.6,39.49734168270062,0.21512713334804262,72,0.020657203573038463,11.002884761374563,166.86533030367147,1.2688775770497593,2012-01-10 01:30:00,2021-06-02 13:15:00,BIAS,7,1,5,91,5,14,28,28,3,1,142,103,52,141,4,4,2250,4500,692,44072.0,826322.0,782250.0,1.0563400447427294,0.4291907514450867,63.6878612716763,2782.228956228956,-1980.379746835443,48955.0,44838.0,0.48955,5,3,0.6,138.4,45.95040805041888,0.33201161886140806,62,0.10190143401706299,0.9002553365335513,768.6708113995281,0.43357226390832043,True,False,False
1836,185216.0,772629.0,587413.0,1.315307969009879,0.5277777777777778,100.880174291939,797.3467492260062,-677.5236447520184,14342.0,13417.0,0.14342,10,10,1.0,183.6,39.49734168270062,0.21512713334804262,72,0.02694691603317208,12.914237902663507,142.16866793365583,1.268832573947983,2012-01-10 01:30:00,2021-06-02 13:15:00,BIAS,7,1,5,83,5,14,28,28,3,1,142,103,52,141,4,4,1250,5000,692,13712.0,596891.0,583179.0,1.023512506451707,0.31213872832369943,19.815028901734102,2763.384259259259,-1225.1659663865546,45361.0,40891.0,0.45361,5,3,0.6,138.4,45.95040805041888,0.33201161886140806,62,0.363987747957993,0.302286104803686,2289.2219953325557,0.1401382709224342,False,False,False
1848,263298.0,986282.0,722984.0,1.3641823332189924,0.5773809523809523,142.47727272727272,924.3505154639175,-925.7157490396927,28730.0,26960.0,0.2873,10,10,1.0,184.8,38.43383925657181,0.20797532065244484,75,0.028450652872410727,9.164566655064393,201.64619556548095,1.266138267539703,2012-01-10 02:45:00,2021-06-02 13:15:00,BIAS,7,2,5,91,18,69,46,46,3,5,152,103,3,82,4,4,5000,7500,727,88057.0,1100743.0,1012686.0,1.086953902789216,0.5199449793672627,121.12379642365887,2912.0185185185187,-2901.679083094556,59109.0,55629.0,0.59109,5,3,0.6,145.4,45.2442261509687,0.3111707438168411,72,0.08506989790703749,1.4897392952003925,488.00484913181236,0.7504228044234087,True,False,False
1855,256050.0,986460.0,730410.0,1.3505565367396395,0.5741239892183289,138.03234501347708,926.2535211267606,-924.5696202531645,27023.0,23093.0,0.27023,10,10,1.0,185.5,37.937448517263256,0.20451454726287469,76,0.04122632298379223,9.475261814010288,195.77295450107403,1.2647871374063726,2012-01-10 02:45:00,2021-06-02 13:15:00,BIAS,7,2,5,91,18,69,46,46,3,5,152,103,3,82,4,4,4000,0,732,131117.0,1111300.0,980183.0,1.133767878039101,0.505464480874317,179.12158469945356,3003.5135135135133,-2707.6878453038676,54517.0,48862.0,0.54517,5,4,0.8,146.4,45.053745682240454,0.307744164496178,72,0.36979186528062724,2.4050663095915037,304.357512755783,1.1555408497316788,True,False,False
1896,212486.0,874163.0,661677.0,1.321132516318385,0.5290084388185654,112.07067510548524,871.5483549351944,-740.959686450168,17907.0,15341.0,0.17907,10,10,1.0,189.6,35.71890255872932,0.18839083628021794,84,0.02819479871615071,11.866085888200145,159.78310100430144,1.2614903305719778,2012-01-10 02:45:00,2021-06-02 13:15:00,BIAS,7,2,5,91,18,69,46,46,3,5,152,103,3,82,4,4,1250,6000,830,85885.0,796986.0,711101.0,1.1207774985550576,0.3024096385542169,103.47590361445783,3175.2430278884462,-1228.153713298791,40842.0,38311.0,0.40842,5,4,0.8,166.0,52.09606511052442,0.31383171753327965,84,0.06975606916225185,2.1028598011850548,394.70058799557546,0.7712391757059474,True,False,False
1836,200211.0,806617.0,606406.0,1.3301599918206615,0.5375816993464052,109.04738562091504,817.2411347517731,-714.2591283863369,17177.0,15527.0,0.17177,10,10,1.0,183.6,39.49734168270062,0.21512713334804262,72,0.029923430780526544,11.65576061011818,157.51867779492633,1.2532708971201012,2012-01-10 01:30:00,2021-06-02 13:15:00,BIAS,7,1,5,83,5,14,28,28,3,1,142,103,52,141,4,4,1500,6000,692,31977.0,677654.0,645677.0,1.0495247623811905,0.35260115606936415,46.209537572254334,2777.2704918032787,-1441.2433035714287,45006.0,40742.0,0.45006,5,3,0.6,138.4,45.95040805041888,0.33201161886140806,62,0.18735341026362698,0.7105052659645381,973.9547799981236,0.32809511876505565,False,False,False
1855,250000.0,980410.0,730410.0,1.3422735176133953,0.5741239892183289,134.77088948787062,920.5727699530516,-924.5696202531645,26438.0,22679.0,0.26438,10,10,1.0,185.5,37.937448517263256,0.20451454726287469,76,0.029964,9.456085936908995,196.16996,1.2484902360826349,2012-01-10 02:45:00,2021-06-02 13:15:00,BIAS,7,2,5,91,18,69,46,46,3,5,152,103,3,82,4,4,4000,7500,732,116337.0,1088502.0,972165.0,1.11966795759979,0.5081967213114754,158.93032786885246,2926.0806451612902,-2700.4583333333335,56972.0,51317.0,0.56972,5,3,0.6,146.4,45.053745682240454,0.307744164496178,72,0.06439052064261584,2.042003089236818,358.47154387684054,1.0029502736275604,True,False,False
1836,225571.0,881068.0,655497.0,1.3441220936175147,0.5544662309368191,122.86002178649237,865.4891944990177,-801.341075794621,22002.0,20352.0,0.22002,10,10,1.0,183.6,39.49734168270062,0.21512713334804262,72,0.027445903950419157,10.252295245886737,179.08185006051312,1.2476215351563964,2012-01-10 01:30:00,2021-06-02 13:15:00,BIAS,7,1,5,91,5,14,28,28,3,1,142,103,52,141,4,4,1750,6000,692,46817.0,760898.0,714081.0,1.0655625902383623,0.36560693641618497,67.65462427745665,3007.501976284585,-1626.6082004555808,40051.0,34801.0,0.40051,5,4,0.8,138.4,45.95040805041888,0.33201161886140806,62,0.1279663370143324,1.1689346083743228,591.9920541683576,0.5092067583815778,True,False,False
1836,210346.0,866571.0,656225.0,1.3205394491218714,0.5615468409586056,114.56753812636165,840.5150339476237,-815.1863354037267,19142.0,17492.0,0.19142,10,10,1.0,183.6,39.49734168270062,0.21512713334804262,72,0.018973500803438143,10.988715912652806,167.08048643663298,1.247301026103687,2012-01-10 01:30:00,2021-06-02 13:15:00,BIAS,7,1,5,91,5,14,28,28,3,1,142,103,52,141,4,4,2000,4000,692,32357.0,765842.0,733485.0,1.0441140582288664,0.4147398843930636,46.75867052023121,2668.439024390244,-1811.0740740740741,35996.0,33356.0,0.35996,5,3,0.6,138.4,45.95040805041888,0.33201161886140806,62,0.12334270791482523,0.8989054339371041,769.8251383008313,0.37122600148843327,False,False,False
1836,225876.0,876290.0,650414.0,1.347280347593994,0.5555555555555556,123.02614379084967,859.1078431372549,-797.0759803921569,22174.0,19374.0,0.22174,10,10,1.0,183.6,39.49734168270062,0.21512713334804262,72,0.044232233614903756,10.186524758726437,180.23811294692663,1.244453703464364,2012-01-10 01:30:00,2021-06-02 13:15:00,BIAS,7,1,5,83,5,14,28,28,3,1,142,103,52,141,4,4,2500,10000,692,42027.0,838675.0,796648.0,1.052754792580914,0.4552023121387283,60.732658959537574,2662.4603174603176,-2113.124668435013,73184.0,71149.0,0.73184,5,3,0.6,138.4,45.95040805041888,0.33201161886140806,62,0.23772812715635186,0.5742648666375164,1205.0188688224237,0.3381563746109175,False,False,False
1836,214386.0,844031.0,629645.0,1.3404870998737384,0.5506535947712419,116.76797385620915,834.8476755687439,-763.2060606060606,20012.0,18362.0,0.20012,10,10,1.0,183.6,39.49734168270062,0.21512713334804262,72,0.027944921776608546,10.71287227663402,171.38260893901654,1.2433169432278017,2012-01-10 01:30:00,2021-06-02 13:15:00,BIAS,7,1,5,83,5,14,28,28,3,1,142,103,52,141,4,4,2000,6000,692,33792.0,767291.0,733499.0,1.0460695924602488,0.41329479768786126,48.83236994219653,2682.835664335664,-1806.6477832512314,49625.0,45913.0,0.49625,5,3,0.6,138.4,45.95040805041888,0.33201161886140806,62,0.17729048295454544,0.6809471032745592,1016.2316524621212,0.33018770437507805,False,False,False
1871,222991.0,921221.0,698230.0,1.319366111453246,0.5563869588455371,119.18278995189738,884.938520653218,-841.2409638554217,20876.0,19016.0,0.20876,10,10,1.0,187.1,36.53614648536433,0.19527603680045072,80,0.026866555152450098,10.681691894999043,175.15951764869436,1.2424910188628226,2012-01-10 02:45:00,2021-06-02 13:15:00,BIAS,7,2,5,91,18,69,46,46,3,5,152,103,3,82,4,4,2000,6000,777,67637.0,928553.0,860916.0,1.0785639946289767,0.3963963963963964,87.04890604890605,3014.7824675324673,-1835.641791044776,46493.0,42806.0,0.46493,5,4,0.8,155.4,48.10654841079331,0.3095659485894035,79,0.08857577952895604,1.454778138644527,534.1020595236336,0.6080970368660761,True,False,False
1836,205901.0,836197.0,630296.0,1.326673499435186,0.5484749455337691,112.14651416122004,830.3843098311818,-760.3088057901085,18502.0,17122.0,0.18502,10,10,1.0,183.6,39.49734168270062,0.21512713334804262,72,0.021811453076964173,11.12858069397903,164.9806071850064,1.2418804642819683,2012-01-10 01:30:00,2021-06-02 13:15:00,BIAS,7,1,5,91,5,14,28,28,3,1,142,103,52,141,4,4,1500,4500,692,33967.0,686773.0,652806.0,1.0520323036246604,0.3439306358381503,49.085260115606935,2885.6008403361343,-1437.8986784140968,36251.0,30661.0,0.36251,5,4,0.8,138.4,45.95040805041888,0.33201161886140806,62,0.1322165631348073,0.9369948415216132,738.5312803603498,0.38832419963525305,False,False,False
1896,209141.0,870574.0,661433.0,1.316193779264113,0.5295358649789029,110.30643459915612,867.105577689243,-741.5168161434977,17907.0,15341.0,0.17907,10,10,1.0,189.6,35.71890255872932,0.18839083628021794,84,0.023864282947867705,11.679287429496846,162.3386710401117,1.241631680327899,2012-01-10 02:45:00,2021-06-02 13:15:00,BIAS,7,2,5,91,18,69,46,46,3,5,152,103,3,82,4,4,1250,5000,831,100121.0,802409.0,702288.0,1.1425640193197093,0.31167268351383876,120.48255114320096,3098.104247104247,-1227.7762237762238,31352.0,29686.0,0.31352,5,4,0.8,166.2,52.2203025651901,0.3142015798146216,84,0.04984968188491925,3.193448583822404,260.22025349327316,1.0249316025767365,True,False,False
1948,225563.0,902132.0,676569.0,1.3333924551671743,0.5503080082135524,115.79209445585215,841.5410447761194,-772.3390410958904,19761.0,17821.0,0.19761,10,10,1.0,194.8,35.96331464145094,0.18461660493557977,87,0.044293611984235,11.414553919336067,170.6593191259205,1.240731490848345,2012-01-10 01:30:00,2021-06-02 13:15:00,BIAS,8,1,5,83,5,14,28,28,3,1,152,103,152,153,4,4,2250,10000,827,48402.0,860881.0,812479.0,1.059573232046613,0.44256348246674726,58.52720677146312,2352.1338797814205,-1762.4273318872017,69963.0,67301.0,0.69963,5,2,0.4,165.4,52.20957766540542,0.31565645505081874,85,0.20641709020288418,0.6918228206337635,1195.392773025908,0.33329357414970007,True,False,False
1836,241246.0,952868.0,711622.0,1.3390086309866756,0.5735294117647058,131.39760348583877,904.9078822412156,-908.8403575989782,25457.0,23662.0,0.25457,10,10,1.0,183.6,39.49734168270062,0.21512713334804262,72,0.02566260165971664,9.476607612837334,193.74021538180946,1.2404726339295857,2012-01-10 01:30:00,2021-06-02 13:15:00,BIAS,7,1,5,91,5,14,28,28,3,1,142,103,52,141,4,4,4000,6000,692,61602.0,979439.0,917837.0,1.0671164923619336,0.5043352601156069,89.02023121387283,2806.41547277937,-2675.9096209912536,55281.0,49233.0,0.55281,5,3,0.6,138.4,45.95040805041888,0.33201161886140806,62,0.09725333593065161,1.1143430835187496,620.9936690367196,0.5703009924271881,True,False,False
1836,242501.0,950864.0,708363.0,1.342340014935845,0.5686274509803921,132.08115468409585,910.7892720306513,-894.3977272727273,25759.0,22959.0,0.25759,10,10,1.0,183.6,39.49734168270062,0.21512713334804262,72,0.04119983010379338,9.414224154664389,195.02403701428037,1.2395947039585784,2012-01-10 01:30:00,2021-06-02 13:15:00,BIAS,7,1,5,91,5,14,28,28,3,1,142,103,52,141,4,4,3000,10000,692,68772.0,941972.0,873200.0,1.0787585890975722,0.4653179190751445,99.38150289017341,2925.3788819875776,-2360.0,60078.0,56978.0,0.60078,5,3,0.6,138.4,45.95040805041888,0.33201161886140806,62,0.14527714767637992,1.144711874563068,604.5189321235387,0.6107327108612276,True,False,False
1836,215806.0,840371.0,624565.0,1.3455300889419035,0.5452069716775599,117.54139433551198,839.5314685314685,-747.9820359281437,20427.0,18777.0,0.20427,10,10,1.0,183.6,39.49734168270062,0.21512713334804262,72,0.04629621048534332,10.56474274244872,173.7855852015236,1.2387734776056245,2012-01-10 01:30:00,2021-06-02 13:15:00,BIAS,7,1,5,83,5,14,28,28,3,1,142,103,52,141,4,4,1750,10000,692,27812.0,730713.0,702901.0,1.0395674497546596,0.3800578034682081,40.190751445086704,2778.3764258555134,-1638.4638694638695,40846.0,35826.0,0.40846,5,4,0.8,138.4,45.95040805041888,0.33201161886140806,62,0.35923342442111317,0.6808989864368604,1016.3034661297282,0.29953992341841384,False,False,False
1836,194151.0,809532.0,615381.0,1.3154972285462176,0.5348583877995643,105.74673202614379,824.3706720977597,-720.5866510538642,16534.0,15584.0,0.16534,10,10,1.0,183.6,39.49734168270062,0.21512713334804262,72,0.02313148013659471,11.74253054312326,156.35471359920888,1.2387433696205974,2012-01-10 01:30:00,2021-06-02 13:15:00,BIAS,7,1,5,91,5,14,28,28,3,1,142,103,52,141,4,4,1250,4500,692,18672.0,608893.0,590221.0,1.0316356076791575,0.30057803468208094,26.982658959537574,2927.3701923076924,-1219.4648760330579,34849.0,29759.0,0.34849,5,3,0.6,138.4,45.95040805041888,0.33201161886140806,62,0.24052056555269924,0.5357972969095239,1291.533204798629,0.21771729943834162,False,False,False
1836,213866.0,855812.0,641946.0,1.3331526327759655,0.553921568627451,116.48474945533769,841.5063913470993,-783.8168498168499,20174.0,17374.0,0.20174,10,10,1.0,183.6,39.49734168270062,0.21512713334804262,72,0.028012867870535755,10.60107068504015,173.19005358495505,1.2353113062109051,2012-01-10 01:30:00,2021-06-02 13:15:00,BIAS,7,1,5,83,5,14,28,28,3,1,142,103,52,141,4,4,2250,6000,692,33302.0,803323.0,770021.0,1.0432481711537738,0.43786127167630057,48.1242774566474,2651.2310231023102,-1979.4884318766067,70110.0,67148.0,0.7011,5,3,0.6,138.4,45.95040805041888,0.33201161886140806,62,0.17989910515884933,0.4749964341748681,1456.8530418593477,0.2737647913348497,False,False,False
1887,211882.0,891699.0,679817.0,1.3116750537276944,0.5426603073661898,112.28510863804982,870.7998046875,-787.7369640787949,18911.0,17981.0,0.18911,10,10,1.0,188.7,35.44023137621988,0.18781256691160508,84,0.021455338348703525,11.204166886996985,168.4194834860913,1.2298956653187902,2012-01-10 02:45:00,2021-06-02 13:15:00,BIAS,7,2,5,91,18,69,46,46,3,5,152,103,3,82,4,4,1500,4500,811,74251.0,837249.0,762998.0,1.097314802922157,0.35018495684340323,91.55487053020961,2948.0598591549297,-1447.8140417457305,31868.0,29502.0,0.31868,5,4,0.8,162.2,49.80923609131142,0.3070853026591333,86,0.06048403388506552,2.3299548136061254,348.0754198596652,0.7725158579561188,True,False,False
1836,214196.0,838761.0,624565.0,1.3429522947971788,0.5452069716775599,116.66448801742919,837.9230769230769,-747.9820359281437,20427.0,18777.0,0.20427,10,10,1.0,183.6,39.49734168270062,0.21512713334804262,72,0.034972641879400176,10.485925490772017,175.09184111748118,1.2295317266860715,2012-01-10 01:30:00,2021-06-02 13:15:00,BIAS,7,1,5,83,5,14,28,28,3,1,142,103,52,141,4,4,1750,7500,692,38397.0,739539.0,701142.0,1.0547635143808245,0.3815028901734104,55.48699421965318,2801.284090909091,-1638.1822429906542,39740.0,37127.0,0.3974,5,4,0.8,138.4,45.95040805041888,0.33201161886140806,62,0.19509336666927105,0.96620533467539,716.2038700940178,0.4192572898094635,False,False,False
1836,240121.0,948484.0,708363.0,1.3389801556546572,0.5686274509803921,130.78485838779957,908.5095785440614,-894.3977272727273,25759.0,22959.0,0.25759,10,10,1.0,183.6,39.49734168270062,0.21512713334804262,72,0.03119677162763773,9.321829263558367,196.95705082021146,1.2274288349707334,2012-01-10 01:30:00,2021-06-02 13:15:00,BIAS,7,1,5,91,5,14,28,28,3,1,142,103,52,141,4,4,3000,7500,692,84097.0,951279.0,867182.0,1.0969773357841837,0.4682080924855491,121.52745664739885,2936.046296296296,-2356.4728260869565,52190.0,48753.0,0.5219,5,3,0.6,138.4,45.95040805041888,0.33201161886140806,62,0.08907571019180233,1.611362329948266,429.4502776555644,0.8012796538271281,True,False,False
1880,206455.0,894221.0,687766.0,1.3001820386584972,0.5537234042553192,109.81648936170212,859.001921229587,-819.7449344457688,18247.0,15322.0,0.18247,10,10,1.0,188.0,35.65389179318297,0.18964836060203707,83,0.019331089099319465,11.31446265139475,166.1590177036158,1.224546199068618,2012-01-10 02:45:00,2021-06-02 13:15:00,BIAS,7,2,5,91,18,69,46,46,3,5,152,103,3,82,4,4,1750,4000,799,35674.0,848559.0,812885.0,1.0438856664841891,0.3867334167709637,44.64831038798498,2746.145631067961,-1658.9489795918366,44979.0,43459.0,0.44979,5,3,0.6,159.8,48.95875815418524,0.30637520747299896,84,0.11187419409093458,0.7931256808732964,1007.4065425800303,0.31710528884837214,False,False,False
1836,239171.0,947534.0,708363.0,1.337639035353343,0.5686274509803921,130.26742919389977,907.5996168582376,-894.3977272727273,25759.0,22959.0,0.25759,10,10,1.0,183.6,39.49734168270062,0.21512713334804262,72,0.04003829895764955,9.284948949881596,197.73937475697306,1.2225727107949127,2012-01-10 01:30:00,2021-06-02 13:15:00,BIAS,7,1,5,91,5,14,28,28,3,1,142,103,52,141,4,4,3000,0,692,72197.0,945397.0,873200.0,1.08268094365552,0.4653179190751445,104.33092485549133,2936.0155279503106,-2360.0,59493.0,56393.0,0.59493,5,3,0.6,138.4,45.95040805041888,0.33201161886140806,62,0.2284166932143995,1.2135377271275611,570.2336108148538,0.6442930955052059,True,False,False
1836,221766.0,872180.0,650414.0,1.3409612954210703,0.5555555555555556,120.7875816993464,855.0784313725491,-797.0759803921569,22174.0,19374.0,0.22174,10,10,1.0,183.6,39.49734168270062,0.21512713334804262,72,0.03377884797489245,10.001172544421394,183.57847460837098,1.2218098425794603,2012-01-10 01:30:00,2021-06-02 13:15:00,BIAS,7,1,5,83,5,14,28,28,3,1,142,103,52,141,4,4,2500,7500,692,52412.0,847501.0,795089.0,1.065919664339464,0.45664739884393063,75.73988439306359,2681.965189873418,-2114.598404255319,66849.0,64814.0,0.66849,5,3,0.6,138.4,45.95040805041888,0.33201161886140806,62,0.14292528428604137,0.7840356624631633,882.6129130733419,0.4412457496883699,True,False,False
1836,220751.0,871165.0,650414.0,1.3394007509063457,0.5555555555555556,120.23474945533769,854.0833333333334,-797.0759803921569,22174.0,19374.0,0.22174,10,10,1.0,183.6,39.49734168270062,0.21512713334804262,72,0.04088769699797509,9.955398214124651,184.42255754220818,1.2162177455482737,2012-01-10 01:30:00,2021-06-02 13:15:00,BIAS,7,1,5,83,5,14,28,28,3,1,142,103,52,141,4,4,2500,0,692,39272.0,835920.0,796648.0,1.0492965525552063,0.4552023121387283,56.7514450867052,2653.714285714286,-2113.124668435013,77429.0,75394.0,0.77429,5,3,0.6,138.4,45.95040805041888,0.33201161886140806,62,0.34365451212059483,0.5072001446486458,1364.3529232022815,0.307205123242006,False,False,False
1836,211726.0,836291.0,624565.0,1.3389975422894334,0.5452069716775599,115.31917211328977,835.4555444555444,-747.9820359281437,20427.0,18777.0,0.20427,10,10,1.0,183.6,39.49734168270062,0.21512713334804262,72,0.042630569698572686,10.365007098448132,177.13446624410795,1.2153533883188068,2012-01-10 01:30:00,2021-06-02 13:15:00,BIAS,7,1,5,83,5,14,28,28,3,1,142,103,52,141,4,4,1750,0,692,25057.0,727958.0,702901.0,1.0356479788761148,0.3800578034682081,36.209537572254334,2767.9011406844106,-1638.4638694638695,41406.0,37001.0,0.41406,5,4,0.8,138.4,45.95040805041888,0.33201161886140806,62,0.5386119647204374,0.605153842438294,1143.5108752045337,0.26803696657765164,False,False,False
1836,207801.0,882237.0,674436.0,1.3081107770047862,0.5648148148148148,113.18137254901961,850.7589199614272,-844.1001251564455,19759.0,16959.0,0.19759,10,10,1.0,183.6,39.49734168270062,0.21512713334804262,72,0.01920587485142035,10.516777164836277,174.57819741002209,1.2128185486532894,2012-01-10 01:30:00,2021-06-02 13:15:00,BIAS,7,1,5,91,5,14,28,28,3,1,142,103,52,141,4,4,2250,4000,692,34512.0,805467.0,770955.0,1.0447652586726852,0.43641618497109824,49.872832369942195,2667.109271523179,-1976.8076923076924,52386.0,50444.0,0.52386,5,3,0.6,138.4,45.95040805041888,0.33201161886140806,62,0.11564093648585999,0.6588019699919826,1050.3915159944368,0.32821601532767214,False,False,False
1871,216536.0,914522.0,697986.0,1.3102297180745746,0.5569214323890967,115.73276322822021,877.6602687140115,-841.9613992762364,20876.0,19016.0,0.20876,10,10,1.0,187.1,36.53614648536433,0.19527603680045072,80,0.023049285107326265,10.372485150411956,180.38107289319098,1.2065241882429343,2012-01-10 02:45:00,2021-06-02 13:15:00,BIAS,7,2,5,91,18,69,46,46,3,5,152,103,3,82,4,4,2000,5000,778,72533.0,923404.0,850871.0,1.0852455895194453,0.40359897172236503,93.23007712082263,2940.7770700636943,-1833.7737068965516,38078.0,33716.0,0.38078,5,4,0.8,155.6,48.22281617657766,0.30991527105769706,79,0.06881005886975583,1.9048531960712223,408.4304247721726,0.7196516631049363,True,False,False
1948,243623.0,1042172.0,798549.0,1.3050820926455358,0.555441478439425,125.06314168377824,963.1903881700555,-922.1120092378753,24515.0,21936.0,0.24515,10,10,1.0,194.8,35.96331464145094,0.18461660493557977,87,0.04101008525467628,9.937711605139711,196.02098324049862,1.2031415913937962,2012-01-10 01:30:00,2021-06-02 13:15:00,BIAS,8,1,5,91,5,14,28,28,3,1,152,153,52,141,4,4,2250,10000,827,36747.0,1038858.0,1002111.0,1.0366695904944663,0.4026602176541717,44.43409915356711,3119.6936936936936,-2028.5647773279352,68185.0,64748.0,0.68185,5,3,0.6,165.4,52.20957766540542,0.31565645505081874,85,0.27188614036519987,0.5389308498936717,1534.5196886820693,0.2563157610260932,False,False,False
1836,192061.0,798467.0,606406.0,1.3167201511858393,0.5375816993464052,104.60838779956427,808.983789260385,-714.2591283863369,17177.0,15527.0,0.17177,10,10,1.0,183.6,39.49734168270062,0.21512713334804262,72,0.02598653552777503,11.181288932875356,164.20289387225932,1.2022539309617541,2012-01-10 01:30:00,2021-06-02 13:15:00,BIAS,7,1,5,83,5,14,28,28,3,1,142,103,52,141,4,4,1500,5000,692,27212.0,669871.0,642659.0,1.042342828778559,0.3554913294797688,39.323699421965316,2723.0528455284552,-1440.939461883408,48449.0,46147.0,0.48449,5,3,0.6,138.4,45.95040805041888,0.33201161886140806,62,0.18341173011906511,0.5616627794175318,1232.0560047038073,0.26910100130048387,False,False,False
1860,232095.0,957174.0,725079.0,1.3200961550396577,0.5693548387096774,124.78225806451613,903.8470254957507,-905.2172284644195,24571.0,21711.0,0.24571,10,10,1.0,186.0,37.49133233162033,0.2015663028581738,77,0.02581270600400698,9.445891498107525,196.9110062689847,1.199070667462505,2012-01-10 02:45:00,2021-06-02 13:15:00,BIAS,7,2,5,91,18,69,46,46,3,5,152,103,3,82,4,4,3000,6000,748,56678.0,1016644.0,959966.0,1.0590416743926347,0.46657754010695185,75.77272727272727,2913.0200573065904,-2405.9298245614036,59673.0,57148.0,0.59673,5,3,0.6,149.6,44.53133728061622,0.29766936684903894,77,0.10570238893397792,0.9498097967254873,787.5260947810439,0.46722636083548225,True,False,False
1836,174816.0,762229.0,587413.0,1.2976032195405958,0.5277777777777778,95.2156862745098,786.6140350877193,-677.5236447520184,14342.0,13417.0,0.14342,10,10,1.0,183.6,39.49734168270062,0.21512713334804262,72,0.025689868204283362,12.189094965834611,150.62644151565073,1.1975867918931982,2012-01-10 01:30:00,2021-06-02 13:15:00,BIAS,7,1,5,83,5,14,28,28,3,1,142,103,52,141,4,4,1250,4500,692,9572.0,589504.0,579932.0,1.0165053833897768,0.31647398843930635,13.832369942196532,2691.799086757991,-1226.0718816067654,41206.0,36736.0,0.41206,5,3,0.6,138.4,45.95040805041888,0.33201161886140806,62,0.4691809444212286,0.2322962675338543,2978.954450480568,0.10264072737526267,False,False,False
1897,201687.0,863120.0,661433.0,1.304924308282169,0.5297838692672641,106.3189246178176,858.8258706467661,-741.5168161434977,17907.0,15341.0,0.17907,10,10,1.0,189.7,35.423297418506934,0.1867332494386238,85,0.022440712589309176,11.263025632434244,168.4272114712401,1.1967474563345737,2012-01-10 02:45:00,2021-06-02 13:15:00,BIAS,7,2,5,91,18,69,46,46,3,5,152,103,3,82,4,4,1250,4500,833,90383.0,790153.0,699770.0,1.129161010046158,0.3157262905162065,108.5030012004802,3004.384030418251,-1227.6666666666667,32352.0,30686.0,0.32352,5,4,0.8,166.6,51.593022784093584,0.3096820095083649,86,0.049688547625106494,2.7937376360039563,298.1668676631667,0.9086456225274427,True,False,False
1959,234024.0,987273.0,753249.0,1.3106861077810923,0.5451761102603369,119.46094946401224,924.4129213483146,-845.3973063973064,22651.0,18506.0,0.22651,10,10,1.0,195.9,33.377986757742,0.17038278079500765,96,0.042692202509144364,10.331729283475344,189.61007845349195,1.1955992303241572,2012-01-10 02:45:00,2021-06-02 13:15:00,BIAS,8,2,5,91,18,69,46,46,3,5,152,103,152,82,4,4,1750,10000,935,110065.0,1087296.0,977231.0,1.1126294601788114,0.36470588235294116,117.71657754010695,3188.551319648094,-1645.1700336700337,69244.0,66760.0,0.69244,5,4,0.8,187.0,58.45682167206835,0.31260332444956335,101,0.09077363376186799,1.5895240020796026,588.2264116658338,0.6738293255431225,True,False,False
1836,215846.0,871199.0,655353.0,1.3293583763254306,0.5550108932461874,117.56318082788671,854.954857703631,-802.1456548347613,22002.0,20352.0,0.22002,10,10,1.0,183.6,39.49734168270062,0.21512713334804262,72,0.023122967300760727,9.81028997363876,187.15043132603802,1.1938330631037126,2012-01-10 01:30:00,2021-06-02 13:15:00,BIAS,7,1,5,91,5,14,28,28,3,1,142,103,52,141,4,4,1750,5000,692,49527.0,754813.0,705286.0,1.0702225763732727,0.37283236994219654,71.57080924855491,2925.6317829457366,-1625.0829493087558,34913.0,30662.0,0.34913,5,4,0.8,138.4,45.95040805041888,0.33201161886140806,62,0.10077331556524724,1.4185833357202189,487.8106083550387,0.5769599909800573,True,False,False
1860,227880.0,952715.0,724835.0,1.314388791931957,0.5698924731182796,122.51612903225806,898.7877358490566,-906.04375,24061.0,21201.0,0.24061,10,10,1.0,186.0,37.49133233162033,0.2015663028581738,77,0.021901878181499034,9.470928057852957,196.39046866771986,1.1897063638767407,2012-01-10 02:45:00,2021-06-02 13:15:00,BIAS,7,2,5,91,18,69,46,46,3,5,152,103,3,82,4,4,3000,5000,749,71479.0,1017656.0,946177.0,1.0755450618647462,0.4753004005340454,95.43257676902537,2858.5842696629215,-2407.5750636132316,65128.0,63603.0,0.65128,5,3,0.6,149.8,44.64258057057186,0.29801455654587355,77,0.06982470375914604,1.0975156614666504,682.4503980189985,0.5632693683766707,True,False,False
1836,205136.0,834781.0,629645.0,1.3257962820319387,0.5506535947712419,111.72984749455338,825.698318496538,-763.2060606060606,20012.0,18362.0,0.20012,10,10,1.0,183.6,39.49734168270062,0.21512713334804262,72,0.024330200452382808,10.25064961023386,179.1105997972077,1.1896722009178693,2012-01-10 01:30:00,2021-06-02 13:15:00,BIAS,7,1,5,83,5,14,28,28,3,1,142,103,52,141,4,4,2000,5000,692,47607.0,771091.0,723484.0,1.065802422721166,0.42052023121387283,68.79624277456648,2649.7972508591065,-1804.1995012468828,51144.0,48342.0,0.51144,5,4,0.8,138.4,45.95040805041888,0.33201161886140806,62,0.10483752389354507,0.9308423275457531,743.4126914109269,0.4582165059479941,True,False,False
1836,213561.0,897071.0,683510.0,1.3124475135696625,0.5669934640522876,116.31862745098039,861.7396733909702,-859.7610062893082,21759.0,18959.0,0.21759,10,10,1.0,183.6,39.49734168270062,0.21512713334804262,72,0.0210291204854819,9.814835240590101,187.06376164187282,1.18777220317734,2012-01-10 01:30:00,2021-06-02 13:15:00,BIAS,7,1,5,91,5,14,28,28,3,1,142,103,52,141,4,4,2500,4500,692,49442.0,856971.0,807529.0,1.061226284133449,0.44942196531791906,71.44797687861272,2755.533762057878,-2119.498687664042,52155.0,48788.0,0.52155,5,3,0.6,138.4,45.95040805041888,0.33201161886140806,62,0.0908337041381821,0.9479819767999234,729.9716839933659,0.4712434378378067,True,False,False
1849,249724.0,974062.0,724338.0,1.3447616996485066,0.5770686857760952,135.05895078420767,912.8978444236176,-926.2634271099744,29435.0,26960.0,0.29435,10,10,1.0,184.9,38.38085460226231,0.20757628232700004,75,0.02399048549598757,8.483913708170546,217.94186782207558,1.18575429425956,2012-01-10 02:45:00,2021-06-02 13:15:00,BIAS,7,2,5,91,18,69,46,46,3,5,152,103,3,82,4,4,5000,6000,728,71838.0,1079480.0,1007642.0,1.0712931775372603,0.521978021978022,98.67857142857143,2840.7368421052633,-2895.522988505747,69639.0,62867.0,0.69639,5,4,0.8,145.6,45.433908042342125,0.31204607171938276,72,0.0833959742754531,1.0315771335027786,705.7155266015201,0.5632483720778483,True,False,False
1836,195221.0,825517.0,630296.0,1.3097290796705041,0.5484749455337691,106.32952069716775,819.7785501489573,-760.3088057901085,18502.0,17122.0,0.18502,10,10,1.0,183.6,39.49734168270062,0.21512713334804262,72,0.020443497369647734,10.551345800454005,174.00623908288557,1.1774646364883614,2012-01-10 01:30:00,2021-06-02 13:15:00,BIAS,7,1,5,91,5,14,28,28,3,1,142,103,52,141,4,4,1500,4000,692,19972.0,666742.0,646770.0,1.0308796017131283,0.34971098265895956,28.86127167630058,2755.1322314049585,-1437.2666666666667,34731.0,32091.0,0.34731,5,3,0.6,138.4,45.95040805041888,0.33201161886140806,62,0.19982976166633287,0.5750482278080101,1203.3773282595635,0.23327068979044147,False,False,False
1836,184471.0,799852.0,615381.0,1.2997671361319247,0.5348583877995643,100.4744008714597,814.5132382892057,-720.5866510538642,16534.0,15584.0,0.16534,10,10,1.0,183.6,39.49734168270062,0.21512713334804262,72,0.021634836912034956,11.157070279424216,164.55932910864038,1.1769819786520865,2012-01-10 01:30:00,2021-06-02 13:15:00,BIAS,7,1,5,91,5,14,28,28,3,1,142,103,52,141,4,4,1250,4000,692,8657.0,593842.0,585185.0,1.0147936122764596,0.3063583815028902,12.510115606936417,2801.1415094339623,-1219.1354166666667,35939.0,34449.0,0.35939,5,2,0.4,138.4,45.95040805041888,0.33201161886140806,62,0.46101420815525007,0.24088038064498177,2872.7951946401754,0.09939892404789817,False,False,False
1836,203616.0,845562.0,641946.0,1.3171855576637288,0.553921568627451,110.90196078431373,831.4277286135693,-783.8168498168499,20174.0,17374.0,0.20174,10,10,1.0,183.6,39.49734168270062,0.21512713334804262,72,0.02451182618261826,10.092990978487162,181.90841584158414,1.1761062858305653,2012-01-10 01:30:00,2021-06-02 13:15:00,BIAS,7,1,5,83,5,14,28,28,3,1,142,103,52,141,4,4,2250,5000,692,52157.0,810114.0,757957.0,1.0688126107417704,0.44653179190751446,75.371387283237,2621.7281553398057,-1979.0,61576.0,58914.0,0.61576,5,3,0.6,138.4,45.95040805041888,0.33201161886140806,62,0.09569185344249094,0.8470345589190593,816.9678470770941,0.45751372479698615,True,False,False
1836,228521.0,939999.0,711478.0,1.3211919412827944,0.5740740740740741,124.46677559912854,891.8396584440228,-909.8184143222506,25457.0,23662.0,0.25457,10,10,1.0,183.6,39.49734168270062,0.21512713334804262,72,0.021840443547857746,8.976745099579684,204.52847659514882,1.1750414381097423,2012-01-10 01:30:00,2021-06-02 13:15:00,BIAS,7,1,5,91,5,14,28,28,3,1,142,103,52,141,4,4,4000,5000,692,80402.0,979236.0,898834.0,1.089451444871912,0.5144508670520231,116.1878612716763,2750.6629213483147,-2675.1011904761904,60301.0,55450.0,0.60301,5,3,0.6,138.4,45.95040805041888,0.33201161886140806,62,0.06207557025944628,1.3333443889819405,518.9956966244621,0.7126919526851575,True,False,False
1836,202226.0,826791.0,624565.0,1.3237869557211819,0.5452069716775599,110.14488017429194,825.965034965035,-747.9820359281437,20427.0,18777.0,0.20427,10,10,1.0,183.6,39.49734168270062,0.21512713334804262,72,0.029625270736700522,9.899936358740883,185.45573764006605,1.1608213176754816,2012-01-10 01:30:00,2021-06-02 13:15:00,BIAS,7,1,5,83,5,14,28,28,3,1,142,103,52,141,4,4,1750,6000,692,23712.0,723095.0,699383.0,1.033904169818254,0.3829479768786127,34.26589595375722,2728.6603773584907,-1637.8992974238877,38160.0,35547.0,0.3816,5,4,0.8,138.4,45.95040805041888,0.33201161886140806,62,0.2526568825910931,0.6213836477987421,1113.6437246963565,0.26421730805696064,False,False,False
1872,208667.0,907033.0,698366.0,1.2987931829441868,0.5571581196581197,111.46741452991454,869.6385426653883,-842.4197828709289,21202.0,18656.0,0.21202,10,10,1.0,187.2,36.24306830278032,0.19360613409604874,81,0.021522329836533807,9.841854542024338,190.20805398074444,1.1530891015999223,2012-01-10 02:45:00,2021-06-02 13:15:00,BIAS,7,2,5,91,18,69,46,46,3,5,152,103,3,82,4,4,2000,4500,780,68450.0,914414.0,845964.0,1.080913608616915,0.40897435897435896,87.75641025641026,2866.5015673981193,-1835.062906724512,39623.0,35261.0,0.39623,5,4,0.8,156.0,47.58991489801174,0.3050635570385368,81,0.06560993425858291,1.7275319889962901,451.51117604090575,0.6640618442770244,True,False,False
1849,241704.0,965798.0,724094.0,1.333801964938254,0.5776095186587344,130.72147106544077,904.3052434456929,-927.1370038412292,29181.0,26450.0,0.29181,10,10,1.0,184.9,38.38085460226231,0.20757628232700004,75,0.020649223844040644,8.282923820294027,223.23035200079437,1.1526572755868114,2012-01-10 02:45:00,2021-06-02 13:15:00,BIAS,7,2,5,91,18,69,46,46,3,5,152,103,3,82,4,4,5000,5000,730,84585.0,1077447.0,992862.0,1.085193108407815,0.5301369863013699,115.86986301369863,2784.1007751937987,-2894.6413994169097,73899.0,67127.0,0.73899,5,4,0.8,146.0,45.21504174497686,0.30969206674641686,73,0.059005733877164984,1.1446027686436893,637.7758467813442,0.6420288848666692,True,False,False
1865,232670.0,937193.0,704523.0,1.3302518157675476,0.5619302949061662,124.75603217158177,894.2681297709923,-862.329253365973,26596.0,22666.0,0.26596,10,10,1.0,186.5,36.85986977730659,0.1976400524252364,79,0.02574891477199467,8.748308016243044,213.18408045730004,1.1522766099299704,2012-01-10 02:45:00,2021-06-02 13:15:00,BIAS,7,2,5,91,18,69,46,46,3,5,152,103,3,82,4,4,2250,6000,768,35453.0,948196.0,912743.0,1.0388422589929476,0.4114583333333333,46.162760416666664,3000.6202531645567,-2019.3429203539822,42893.0,41408.0,0.42893,5,4,0.8,153.6,47.20423709795552,0.3073192519398146,78,0.16898428905875384,0.8265451239129928,929.168871463628,0.3357390939362622,False,False,False
1836,208296.0,858710.0,650414.0,1.3202514091025102,0.5555555555555556,113.45098039215686,841.8725490196078,-797.0759803921569,22174.0,19374.0,0.22174,10,10,1.0,183.6,39.49734168270062,0.21512713334804262,72,0.02876195414218228,9.39370433841436,195.45005184929138,1.1475974809931697,2012-01-10 01:30:00,2021-06-02 13:15:00,BIAS,7,1,5,83,5,14,28,28,3,1,142,103,52,141,4,4,2500,6000,692,41222.0,833802.0,792580.0,1.0520098917459437,0.45809248554913296,59.56936416184971,2630.2902208201895,-2113.5466666666666,66951.0,65001.0,0.66951,5,3,0.6,138.4,45.95040805041888,0.33201161886140806,62,0.14533501528310125,0.6157040223446999,1123.9166464509242,0.3467750037486366,True,False,False
1856,236076.0,967840.0,731764.0,1.3226122083075964,0.5738146551724138,127.19612068965517,908.7699530516431,-925.1125158027813,27938.0,24008.0,0.27938,10,10,1.0,185.6,37.89511841913151,0.20417628458583786,76,0.02537742083057998,8.449996420645716,219.64506345414188,1.14625056904593,2012-01-10 02:45:00,2021-06-02 13:15:00,BIAS,7,2,5,91,18,69,46,46,3,5,152,103,3,82,4,4,4000,6000,733,100618.0,1068739.0,968121.0,1.103931223473099,0.5102319236016372,137.268758526603,2857.590909090909,-2696.715877437326,67502.0,60730.0,0.67502,5,4,0.8,146.6,45.239805481456266,0.3085934889594561,72,0.059542030253036234,1.490592871322331,491.7506410383828,0.795823464999253,True,False,False
1950,198105.0,796759.0,598654.0,1.3309173579396445,0.4764102564102564,101.5923076923077,857.6523143164693,-586.3408423114594,17839.0,16242.0,0.17839,10,9,0.9,195.0,35.634253184260785,0.18273975991928607,90,0.050432851265742915,11.105162845450979,175.59400318013175,1.145721142657103,2012-01-10 02:45:00,2021-06-02 13:15:00,BIAS,7,2,5,91,18,69,46,46,3,5,152,103,3,82,4,4,750,10000,894,94954.0,628797.0,533843.0,1.1778687741527003,0.20917225950782997,106.21252796420582,3362.5508021390374,-755.0820367751061,43003.0,41873.0,0.43003,5,4,0.8,178.8,56.84505255516965,0.3179253498611278,89,0.10521936937885713,2.2080785061507338,404.8769088190071,0.7714889733436509,True,False,False
1887,196952.0,876769.0,679817.0,1.2897132610687876,0.5426603073661898,104.37307896131425,856.2197265625,-787.7369640787949,18911.0,17981.0,0.18911,10,10,1.0,188.7,35.44023137621988,0.18781256691160508,84,0.02308176611560177,10.41467928718735,181.1865683009058,1.143232606242467,2012-01-10 02:45:00,2021-06-02 13:15:00,BIAS,7,2,5,91,18,69,46,46,3,5,152,103,3,82,4,4,1500,4000,812,58607.0,815569.0,756962.0,1.0774239658001326,0.35591133004926107,72.17610837438424,2822.038062283737,-1447.3460803059274,35102.0,33642.0,0.35102,5,4,0.8,162.4,49.99439968636487,0.3078472887091433,86,0.06809766751411947,1.6696199646743775,486.33821898408036,0.5802710254689749,True,False,False
1950,197210.0,795864.0,598654.0,1.3294223374436653,0.4764102564102564,101.13333333333334,856.6889128094725,-586.3408423114594,17839.0,16242.0,0.17839,10,9,0.9,195.0,35.634253184260785,0.18273975991928607,90,0.053526697429136454,11.05499187174169,176.39090309822015,1.1405449965594372,2012-01-10 02:45:00,2021-06-02 13:15:00,BIAS,7,2,5,91,18,69,46,46,3,5,152,103,3,82,4,4,750,0,894,87384.0,621227.0,533843.0,1.163688575105415,0.20917225950782997,97.74496644295301,3322.0695187165775,-755.0820367751061,44198.0,41873.0,0.44198,5,4,0.8,178.8,56.84505255516965,0.3179253498611278,89,0.1553030303030303,1.9771030363364859,452.17673716012087,0.7003198685206835,True,False,False
1836,222691.0,931054.0,708363.0,1.3143741273894882,0.5686274509803921,121.29139433551198,891.8141762452108,-894.3977272727273,25759.0,22959.0,0.25759,10,10,1.0,183.6,39.49734168270062,0.21512713334804262,72,0.02780085409827968,8.645172561046625,212.37285745719404,1.1383317356185738,2012-01-10 01:30:00,2021-06-02 13:15:00,BIAS,7,1,5,91,5,14,28,28,3,1,142,103,52,141,4,4,3000,6000,692,61002.0,925850.0,864848.0,1.0705349379312896,0.46965317919075145,88.15317919075144,2848.769230769231,-2356.534059945504,55763.0,52663.0,0.55763,5,3,0.6,138.4,45.95040805041888,0.33201161886140806,62,0.09820989475754893,1.093951186270466,632.5693583816924,0.562300240117378,True,False,False
1861,220401.0,945616.0,725215.0,1.3039112539040147,0.570123589468028,118.43148844707147,891.2497643732328,-906.51875,24561.0,21701.0,0.24561,10,10,1.0,186.1,37.200672036940404,0.19989614205771308,78,0.02037649556943934,8.973616709417369,207.38572420270324,1.1382758442753789,2012-01-10 02:45:00,2021-06-02 13:15:00,BIAS,7,2,5,91,18,69,46,46,3,5,152,103,3,82,4,4,3000,4500,751,61431.0,1004064.0,942633.0,1.0651695834964403,0.4780292942743009,81.79893475366178,2796.8356545961,-2404.6760204081634,56700.0,54643.0,0.567,5,3,0.6,150.2,43.992726671576065,0.29289431871888194,79,0.07310641207208086,1.0834391534391534,693.163060995263,0.5174393744896341,True,False,False
1836,166311.0,753724.0,587413.0,1.2831244797101868,0.5277777777777778,90.58333333333333,777.8369453044376,-677.5236447520184,14382.0,13417.0,0.14382,10,10,1.0,183.6,39.49734168270062,0.21512713334804262,72,0.023997210046238674,11.563829787234043,158.77092916283348,1.1377373369616606,2012-01-10 01:30:00,2021-06-02 13:15:00,BIAS,7,1,5,83,5,14,28,28,3,1,142,103,52,141,4,4,1250,4000,692,4982.0,580718.0,575736.0,1.0086532716383898,0.3222543352601156,7.199421965317919,2604.116591928251,-1227.5820895522388,41959.0,40469.0,0.41959,5,3,0.6,138.4,45.95040805041888,0.33201161886140806,62,0.8010839020473706,0.11873495555184824,5828.106784423926,0.052940546335176135,False,False,False
1836,203956.0,887466.0,683510.0,1.2983950490848708,0.5669934640522876,111.0871459694989,852.5129682997118,-859.7610062893082,21759.0,18959.0,0.21759,10,10,1.0,183.6,39.49734168270062,0.21512713334804262,72,0.019567946027574574,9.373408704444138,195.87324717095845,1.1343516253961983,2012-01-10 01:30:00,2021-06-02 13:15:00,BIAS,7,1,5,91,5,14,28,28,3,1,142,103,52,141,4,4,2500,4000,692,39132.0,834116.0,794984.0,1.0492236321737294,0.45664739884393063,56.54913294797688,2639.6075949367087,-2114.31914893617,57198.0,55089.0,0.57198,5,3,0.6,138.4,45.95040805041888,0.33201161886140806,62,0.10198814269651436,0.6841497954473933,1011.474394357559,0.3561548668629018,True,False,False
1836,180661.0,787067.0,606406.0,1.297920864899094,0.5375816993464052,98.39923747276688,797.4336372847011,-714.2591283863369,17177.0,15527.0,0.17177,10,10,1.0,183.6,39.49734168270062,0.21512713334804262,72,0.024858713280674856,10.51761075857251,174.56436087478758,1.1308927758445573,2012-01-10 01:30:00,2021-06-02 13:15:00,BIAS,7,1,5,83,5,14,28,28,3,1,142,103,52,141,4,4,1500,4500,692,25572.0,662975.0,637403.0,1.0401190455645801,0.36127167630057805,36.95375722543353,2651.9,-1442.0882352941176,39026.0,34667.0,0.39026,5,3,0.6,138.4,45.95040805041888,0.33201161886140806,62,0.17562177381511027,0.6552554707118331,1056.0766463319255,0.28176363138323013,False,False,False
1913,191828.0,842551.0,650723.0,1.2947921004790057,0.5049660219550445,100.27600627286984,872.2060041407867,-687.1414994720169,17982.0,15383.0,0.17982,10,9,0.9,191.3,35.91392487601431,0.18773614676431946,85,0.052083116124861856,10.667778890001113,179.32505160873282,1.1263708091582276,2012-01-10 02:45:00,2021-06-02 13:15:00,BIAS,7,2,5,91,18,69,46,46,3,5,152,103,3,82,4,4,1000,10000,851,116381.0,739878.0,623497.0,1.1866584763038155,0.2620446533490012,136.75793184488836,3317.8385650224213,-992.8296178343949,48751.0,47541.0,0.48751,5,4,0.8,170.2,53.38688977642357,0.3136715027991985,85,0.08584734621630678,2.3872535947980555,356.47658122889476,0.9329623432137997,True,False,False
1850,233915.0,958389.0,724474.0,1.3228756311475636,0.5778378378378378,126.44054054054054,896.5285313376988,-927.6235595390525,28720.0,26950.0,0.2872,10,10,1.0,185.0,38.0946190425892,0.20591685968967136,76,0.019199281790393947,8.14467270194986,227.14233802877115,1.123821873397684,2012-01-10 02:45:00,2021-06-02 13:15:00,BIAS,7,2,5,91,18,69,46,46,3,5,152,103,3,82,4,4,5000,4500,732,76462.0,1063780.0,987318.0,1.0774441466680442,0.5327868852459017,104.45628415300547,2727.641025641026,-2886.8947368421054,60789.0,55131.0,0.60789,5,4,0.8,146.4,44.571739925652444,0.30445177544844565,75,0.058735057937276035,1.257826251459968,581.9563704846852,0.6381538998468115,True,False,False
1913,190933.0,841656.0,650723.0,1.293416707262537,0.5049660219550445,99.80815473078934,871.27950310559,-687.1414994720169,17982.0,15383.0,0.17982,10,9,0.9,191.3,35.91392487601431,0.18773614676431946,85,0.05528640936873144,10.618006895784674,180.16563925565512,1.1211155707457092,2012-01-10 02:45:00,2021-06-02 13:15:00,BIAS,7,2,5,91,18,69,46,46,3,5,152,103,3,82,4,4,1000,0,851,106866.0,730363.0,623497.0,1.1713977773750315,0.2620446533490012,125.57696827262045,3275.170403587444,-992.8296178343949,48751.0,47541.0,0.48751,5,4,0.8,170.2,53.38688977642357,0.3136715027991985,85,0.12699081092208936,2.1920781112182315,388.21609305111076,0.8566858316210199,True,False,False
1865,224870.0,929149.0,704279.0,1.3192910764057995,0.5624664879356568,120.57372654155496,885.7473784556721,-863.0870098039215,26342.0,22812.0,0.26342,10,10,1.0,186.5,36.85986977730659,0.1976400524252364,79,0.022195046026593144,8.536557588641713,218.47213945835372,1.1190040689141898,2012-01-10 02:45:00,2021-06-02 13:15:00,BIAS,7,2,5,91,18,69,46,46,3,5,152,103,3,82,4,4,2250,5000,769,38729.0,940177.0,901448.0,1.042963099369015,0.4187256176853056,50.3628088426528,2919.804347826087,-2016.662192393736,38662.0,37595.0,0.38662,5,4,0.8,153.8,47.32187654774481,0.3076845029112146,78,0.12886983913862995,1.0017329677719724,767.6696532314286,0.3858079211791472,False,False,False
1836,192736.0,822381.0,629645.0,1.3061026451413098,0.5506535947712419,104.9760348583878,813.433234421365,-763.2060606060606,20012.0,18362.0,0.20012,10,10,1.0,183.6,39.49734168270062,0.21512713334804262,72,0.023301303337207372,9.6310213871677,190.63398638552215,1.1177592490645547,2012-01-10 01:30:00,2021-06-02 13:15:00,BIAS,7,1,5,83,5,14,28,28,3,1,142,103,52,141,4,4,2000,4500,692,40517.0,761039.0,720522.0,1.0562328423004432,0.42485549132947975,58.55057803468208,2588.5680272108843,-1810.356783919598,41246.0,37834.0,0.41246,5,3,0.6,138.4,45.95040805041888,0.33201161886140806,62,0.1108423624651381,0.9823255588420695,704.4507737492904,0.43425379541632153,True,False,False
1856,229056.0,960576.0,731520.0,1.3131233595800524,0.5743534482758621,123.41379310344827,901.1031894934334,-925.9746835443038,27684.0,24154.0,0.27684,10,10,1.0,185.6,37.89511841913151,0.20417628458583786,76,0.021789431405420508,8.273948851322062,224.31852472757754,1.1172558437050122,2012-01-10 02:45:00,2021-06-02 13:15:00,BIAS,7,2,5,91,18,69,46,46,3,5,152,103,3,82,4,4,4000,5000,735,103725.0,1063075.0,959350.0,1.1081200813050502,0.5170068027210885,141.12244897959184,2797.565789473684,-2702.394366197183,71762.0,64990.0,0.71762,5,4,0.8,147.0,45.01999555752977,0.3062584731804746,73,0.048117618703302,1.4454028594520778,508.5087490961678,0.7935096124752897,True,False,False
1897,188172.0,849605.0,661433.0,1.2844913997336087,0.5297838692672641,99.1945176594623,845.3781094527363,-741.5168161434977,17907.0,15341.0,0.17907,10,10,1.0,189.7,35.423297418506934,0.1867332494386238,85,0.024052462640562888,10.508292846372926,180.52408966264906,1.1165536814638,2012-01-10 02:45:00,2021-06-02 13:15:00,BIAS,7,2,5,91,18,69,46,46,3,5,152,103,3,82,4,4,1250,4000,834,75904.0,770638.0,694734.0,1.109256204532958,0.3213429256594724,91.01199040767386,2875.5149253731342,-1227.4452296819788,33352.0,31686.0,0.33352,5,5,1.0,166.8,51.76639836805338,0.31035011012022407,86,0.0525795741989882,2.275845526505157,366.4572091062395,0.7506561135868703,True,False,False
1836,193076.0,817641.0,624565.0,1.3091367591843923,0.5452069716775599,105.16122004357298,816.8241758241758,-747.9820359281437,20427.0,18777.0,0.20427,10,10,1.0,183.6,39.49734168270062,0.21512713334804262,72,0.025849924382108598,9.45199980418074,194.24460834075703,1.1082983233190158,2012-01-10 01:30:00,2021-06-02 13:15:00,BIAS,7,1,5,83,5,14,28,28,3,1,142,103,52,141,4,4,1750,5000,692,29647.0,721994.0,692347.0,1.0428210131624749,0.38872832369942195,42.842485549132945,2683.992565055762,-1636.7541371158393,43865.0,41252.0,0.43865,5,4,0.8,138.4,45.95040805041888,0.33201161886140806,62,0.16834755624515127,0.6758691439644363,1023.8668330691133,0.3081193313563593,False,False,False
1836,186231.0,788462.0,602231.0,1.3092351605945227,0.5130718954248366,101.43300653594771,837.0084925690021,-673.6364653243847,19033.0,16424.0,0.19033,10,10,1.0,183.6,39.49734168270062,0.21512713334804262,72,0.05364842587968705,9.784637209057951,187.64109090323308,1.107462499698343,2012-01-10 01:30:00,2021-06-02 13:15:00,BIAS,7,1,5,91,5,14,28,28,3,1,142,103,52,141,4,4,1000,10000,692,79522.0,589855.0,510333.0,1.1558237464557455,0.25289017341040465,114.91618497109826,3370.6,-987.1044487427466,38746.0,34041.0,0.38746,5,3,0.6,138.4,45.95040805041888,0.33201161886140806,62,0.1256381881743417,2.0523925050327776,337.167475667111,0.8793689306163764,True,False,False
1836,217186.0,898320.0,681134.0,1.3188594314775066,0.5610021786492375,118.2930283224401,872.1553398058253,-845.0794044665013,25897.0,24102.0,0.25897,10,8,0.8,183.6,39.49734168270062,0.21512713334804262,72,0.04600204433066588,8.386531258446924,218.92245356514692,1.107229826382097,2012-01-10 01:30:00,2021-06-02 13:15:00,BIAS,7,1,5,83,5,14,28,28,3,1,142,103,52,141,4,4,4000,10000,692,43857.0,925977.0,882120.0,1.0497177254795267,0.5158959537572254,63.377167630057805,2593.7731092436975,-2633.194029850746,56146.0,53679.0,0.56146,5,3,0.6,138.4,45.95040805041888,0.33201161886140806,62,0.22780855963700208,0.78112421187618,885.9026381193424,0.4028809851262436,True,False,False
1950,191340.0,789994.0,598654.0,1.3196170074867954,0.4764102564102564,98.12307692307692,850.3702906350915,-586.3408423114594,17839.0,16242.0,0.17839,10,9,0.9,195.0,35.634253184260785,0.18273975991928607,90,0.039150203825650674,10.725937552553395,181.80228911884603,1.106596418242902,2012-01-10 02:45:00,2021-06-02 13:15:00,BIAS,7,2,5,91,18,69,46,46,3,5,152,103,3,82,4,4,750,7500,894,96949.0,629274.0,532325.0,1.182123702625276,0.21140939597315436,108.4440715883669,3329.4920634920636,-755.0709219858156,36965.0,33904.0,0.36965,5,4,0.8,178.8,56.84505255516965,0.3179253498611278,89,0.07726742926693417,2.6227241985662113,340.8669506647825,0.8495986515186849,True,False,False
1836,199806.0,855159.0,655353.0,1.3048830172441417,0.5550108932461874,108.82679738562092,839.2139352306183,-802.1456548347613,22002.0,20352.0,0.22002,10,10,1.0,183.6,39.49734168270062,0.21512713334804262,72,0.02247680249842347,9.081265339514589,202.17446923515809,1.1051166526435534,2012-01-10 01:30:00,2021-06-02 13:15:00,BIAS,7,1,5,91,5,14,28,28,3,1,142,103,52,141,4,4,1750,4500,692,37482.0,740295.0,702813.0,1.0533313982524513,0.37572254335260113,54.164739884393065,2847.2884615384614,-1626.8819444444443,38186.0,36134.0,0.38186,5,3,0.6,138.4,45.95040805041888,0.33201161886140806,62,0.11981751240595485,0.9815639239511863,704.9973854116643,0.41751100987647033,False,False,False
1836,185471.0,787702.0,602231.0,1.3079731863686859,0.5130718954248366,101.01906318082789,836.2016985138005,-673.6364653243847,19033.0,16424.0,0.19033,10,10,1.0,183.6,39.49734168270062,0.21512713334804262,72,0.04977058408053011,9.744706562286554,188.40998323187992,1.1029429970389,2012-01-10 01:30:00,2021-06-02 13:15:00,BIAS,7,1,5,91,5,14,28,28,3,1,142,103,52,141,4,4,1000,0,692,79322.0,589655.0,510333.0,1.1554318454812837,0.25289017341040465,114.6271676300578,3369.457142857143,-987.1044487427466,38456.0,33751.0,0.38456,5,3,0.6,138.4,45.95040805041888,0.33201161886140806,62,0.20789944782027683,2.0626690243395047,335.48765790070854,0.8804584411468712,True,False,False
1836,190716.0,832662.0,641946.0,1.2970904094736941,0.553921568627451,103.87581699346406,818.7433628318585,-783.8168498168499,20174.0,17374.0,0.20174,10,10,1.0,183.6,39.49734168270062,0.21512713334804262,72,0.023548102938400553,9.453554079508278,194.21267224564272,1.1015946016445766,2012-01-10 01:30:00,2021-06-02 13:15:00,BIAS,7,1,5,83,5,14,28,28,3,1,142,103,52,141,4,4,2250,4500,692,41107.0,798111.0,757004.0,1.0543022229737227,0.44942196531791906,59.403179190751445,2566.273311897106,-1986.8871391076116,57106.0,54444.0,0.57106,5,3,0.6,138.4,45.95040805041888,0.33201161886140806,62,0.10925146568710925,0.7198367947326025,961.3290193884253,0.3744313232525093,True,False,False
1836,184966.0,787197.0,602231.0,1.3071346377054651,0.5130718954248366,100.74400871459694,835.6656050955414,-673.6364653243847,19033.0,16424.0,0.19033,10,10,1.0,183.6,39.49734168270062,0.21512713334804262,72,0.04049933501292129,9.718173698313455,188.92438610339198,1.0999399064559805,2012-01-10 01:30:00,2021-06-02 13:15:00,BIAS,7,1,5,91,5,14,28,28,3,1,142,103,52,141,4,4,1000,7500,692,69377.0,579710.0,510333.0,1.135944569526172,0.25289017341040465,100.25578034682081,3312.6285714285714,-987.1044487427466,36246.0,31541.0,0.36246,5,2,0.4,138.4,45.95040805041888,0.33201161886140806,62,0.10797526557792929,1.914059482425647,361.53526384824943,0.7932000507274187,True,False,False
1857,221767.0,953667.0,731900.0,1.3030017761989343,0.5745826602046311,119.42218632202477,893.7835051546392,-926.4556962025316,26794.0,23264.0,0.26794,10,10,1.0,185.7,37.60598356644857,0.20250933530666976,77,0.020250984141012864,8.276741061431665,224.36366997794983,1.0989289029397211,2012-01-10 02:45:00,2021-06-02 13:15:00,BIAS,7,2,5,91,18,69,46,46,3,5,152,103,3,82,4,4,4000,4500,737,93167.0,1047973.0,954806.0,1.097576889965082,0.519674355495251,126.41383989145183,2736.2219321148823,-2697.19209039548,59802.0,53794.0,0.59802,5,4,0.8,147.4,44.36485095207692,0.30098270659482307,75,0.04820376313501562,1.5579244841309656,473.06529135852827,0.7786461199417679,True,False,False
1836,198046.0,848460.0,650414.0,1.3044922157272136,0.5555555555555556,107.8681917211329,831.8235294117648,-797.0759803921569,22174.0,19374.0,0.22174,10,10,1.0,183.6,39.49734168270062,0.21512713334804262,72,0.02520121587913919,8.931451249210788,205.56569685830564,1.0911255651609886,2012-01-10 01:30:00,2021-06-02 13:15:00,BIAS,7,1,5,83,5,14,28,28,3,1,142,103,52,141,4,4,2500,5000,692,56732.0,838757.0,782025.0,1.0725449953645982,0.4653179190751445,81.98265895953757,2604.835403726708,-2113.5810810810813,60509.0,58474.0,0.60509,5,3,0.6,138.4,45.95040805041888,0.33201161886140806,62,0.08797504054149334,0.9375795336230974,738.0707184657689,0.502013465778282,True,False,False
1836,213371.0,894505.0,681134.0,1.31325847777383,0.5610021786492375,116.21514161220044,868.4514563106796,-845.0794044665013,25897.0,24102.0,0.25897,10,8,0.8,183.6,39.49734168270062,0.21512713334804262,72,0.0351078637678035,8.23921689771016,222.8367116431005,1.0877806823873288,2012-01-10 01:30:00,2021-06-02 13:15:00,BIAS,7,1,5,83,5,14,28,28,3,1,142,103,52,141,4,4,4000,7500,692,61807.0,942368.0,880561.0,1.070190480841191,0.5173410404624278,89.31647398843931,2632.3128491620114,-2636.4101796407185,58426.0,53831.0,0.58426,5,3,0.6,138.4,45.95040805041888,0.33201161886140806,62,0.1211998640930639,1.0578680724335057,654.1458410859611,0.55658544774814,True,False,False
1913,185063.0,835786.0,650723.0,1.2843959718651408,0.5049660219550445,96.73967590172504,865.2028985507246,-687.1414994720169,17982.0,15383.0,0.17982,10,9,0.9,191.3,35.91392487601431,0.18773614676431946,85,0.040478107455299006,10.291569347124902,185.88030022208653,1.0866482528893024,2012-01-10 02:45:00,2021-06-02 13:15:00,BIAS,7,2,5,91,18,69,46,46,3,5,152,103,3,82,4,4,1000,7500,851,120916.0,742395.0,621479.0,1.1945616826956342,0.26439482961222094,142.08695652173913,3299.5333333333333,-992.7779552715655,40251.0,39041.0,0.40251,5,4,0.8,170.2,53.38688977642357,0.3136715027991985,85,0.06195209897780277,3.004049588830091,283.2842717258262,1.0667661568947981,True,False,False
1836,210706.0,922184.0,711478.0,1.2961525163111158,0.5740740740740741,114.76361655773421,874.9373814041745,-909.8184143222506,25457.0,23662.0,0.25457,10,8,0.8,183.6,39.49734168270062,0.21512713334804262,72,0.021314058451111974,8.276937581018974,221.821172629161,1.0834377639619615,2012-01-10 01:30:00,2021-06-02 13:15:00,BIAS,7,1,5,91,5,14,28,28,3,1,142,103,52,141,4,4,4000,4500,692,69017.0,963128.0,894111.0,1.0771906396409394,0.5173410404624278,99.73554913294798,2690.3016759776538,-2676.9790419161677,44027.0,41298.0,0.44027,5,4,0.8,138.4,45.95040805041888,0.33201161886140806,62,0.06507092455481983,1.5676062416244578,441.4373849921034,0.7159682950558558,True,False,False
1836,212061.0,893195.0,681134.0,1.3113352145099202,0.5610021786492375,115.5016339869281,867.1796116504854,-845.0794044665013,25897.0,24102.0,0.25897,10,8,0.8,183.6,39.49734168270062,0.21512713334804262,72,0.04256322473250621,8.188631887863458,224.21327825484178,1.0811022083026245,2012-01-10 01:30:00,2021-06-02 13:15:00,BIAS,7,1,5,83,5,14,28,28,3,1,142,103,52,141,4,4,4000,0,692,43437.0,925557.0,882120.0,1.0492415997823425,0.5158959537572254,62.77023121387283,2592.5966386554624,-2633.194029850746,60391.0,57924.0,0.60391,5,3,0.6,138.4,45.95040805041888,0.33201161886140806,62,0.31070285701130373,0.7192628040602076,962.0961852798306,0.3847432174757597,True,False,False
1836,210966.0,919185.0,708219.0,1.2978824346706315,0.5691721132897604,114.90522875816994,879.6028708133971,-895.346396965866,25759.0,22959.0,0.25759,10,10,1.0,183.6,39.49734168270062,0.21512713334804262,72,0.023657840599907096,8.189991847509608,224.1760473251614,1.0783969398696314,2012-01-10 01:30:00,2021-06-02 13:15:00,BIAS,7,1,5,91,5,14,28,28,3,1,142,103,52,141,4,4,3000,5000,692,79802.0,929647.0,849845.0,1.0939018291570817,0.4797687861271676,115.32080924855491,2800.14156626506,-2360.6805555555557,57845.0,52185.0,0.57845,5,3,0.6,138.4,45.95040805041888,0.33201161886140806,62,0.0625422921731285,1.3795833693491226,501.60071176161,0.7222343223056787,True,False,False
1836,171156.0,777562.0,606406.0,1.28224654769247,0.5375816993464052,93.22222222222223,787.8034447821682,-714.2591283863369,17177.0,15527.0,0.17177,10,10,1.0,183.6,39.49734168270062,0.21512713334804262,72,0.023317908808338592,9.964254526401584,184.2586412395709,1.0713938478279819,2012-01-10 01:30:00,2021-06-02 13:15:00,BIAS,7,1,5,83,5,14,28,28,3,1,142,103,52,141,4,4,1500,4000,692,17847.0,650304.0,632457.0,1.028218519203677,0.3670520231213873,25.790462427745666,2560.251968503937,-1443.9657534246576,38581.0,36897.0,0.38581,5,3,0.6,138.4,45.95040805041888,0.33201161886140806,62,0.2236230178741525,0.46258521033669425,1495.9406062643582,0.1977769812454311,False,False,False
1836,179001.0,830080.0,651079.0,1.2749297704272446,0.5637254901960784,97.49509803921569,802.0096618357488,-812.832709113608,19007.0,17762.0,0.19007,10,10,1.0,183.6,39.49734168270062,0.21512713334804262,72,0.016709403858079005,9.417635607933919,194.9533913218362,1.0651955602997427,2012-01-10 01:30:00,2021-06-02 13:15:00,BIAS,7,1,5,91,5,14,28,28,3,1,142,103,52,141,4,4,2000,3000,692,18397.0,716909.0,698512.0,1.026337414389445,0.44653179190751446,26.585260115606935,2320.0938511326863,-1823.7911227154048,40205.0,38427.0,0.40205,5,2,0.4,138.4,45.95040805041888,0.33201161886140806,62,0.16258085557427843,0.4575799029971397,1512.3041800293527,0.19971203423122172,False,False,False
1861,207896.0,933111.0,725215.0,1.2866680915314768,0.570123589468028,111.71198280494357,879.4637134778511,-906.51875,25061.0,22201.0,0.25061,10,10,1.0,186.1,37.200672036940404,0.19989614205771308,78,0.01919709854927464,8.295598739076652,224.33582656712971,1.0629281693019466,2012-01-10 02:45:00,2021-06-02 13:15:00,BIAS,7,2,5,91,18,69,46,46,3,5,152,103,3,82,4,4,3000,4000,752,51997.0,981191.0,929194.0,1.05595925070545,0.4867021276595745,69.14494680851064,2680.8497267759562,-2407.2383419689118,69409.0,66833.0,0.69409,5,3,0.6,150.4,44.17963331672186,0.293747561946289,79,0.076754428140085,0.7491391606275843,1003.8188357020597,0.39532648212680255,True,False,False
1836,152341.0,620196.0,467855.0,1.3256158425153093,0.42538126361655776,82.9744008714597,794.1049935979513,-443.46445497630333,13862.0,11707.0,0.13862,10,10,1.0,183.6,39.49734168270062,0.21512713334804262,72,0.049172579935801916,10.98982830760352,167.06357448093422,1.0615355248003804,2012-01-10 01:30:00,2021-06-02 13:15:00,BIAS,7,1,5,91,5,14,28,28,3,1,142,103,52,141,4,4,500,7500,692,19407.0,321086.0,301679.0,1.0643299666201493,0.13872832369942195,28.044797687861273,3344.6458333333335,-506.1728187919463,47211.0,45770.0,0.47211,5,3,0.6,138.4,45.95040805041888,0.33201161886140806,62,0.3859947441644767,0.4110694541526339,1683.4138197557581,0.19441692342594183,False,False,False
1866,217001.0,921660.0,704659.0,1.3079517894470942,0.5627009646302251,116.29206859592712,877.7714285714286,-863.5526960784314,27342.0,23812.0,0.27342,10,10,1.0,186.6,36.568292276232974,0.19597155560682195,80,0.02069575716240939,7.936544510277229,235.114916521122,1.0593471706080142,2012-01-10 02:45:00,2021-06-02 13:15:00,BIAS,7,2,5,91,18,69,46,46,3,5,152,103,3,82,4,4,2250,4500,771,33546.0,929941.0,896395.0,1.0374232341768974,0.42282749675745784,43.509727626459146,2852.579754601227,-2014.370786516854,39653.0,38465.0,0.39653,5,4,0.8,154.2,46.68361596963114,0.30274718527646655,80,0.13387587193704167,0.8459889541774898,911.3594169200501,0.3291180447376099,False,False,False
1836,182231.0,811876.0,629645.0,1.2894186406625956,0.5506535947712419,99.25435729847494,803.0425321463897,-763.2060606060606,20012.0,18362.0,0.20012,10,9,0.9,183.6,39.49734168270062,0.21512713334804262,72,0.02190077429197008,9.106086348191086,201.62339009279432,1.0568362200952743,2012-01-10 01:30:00,2021-06-02 13:15:00,BIAS,7,1,5,83,5,14,28,28,3,1,142,103,52,141,4,4,2000,4000,692,28992.0,743068.0,714076.0,1.040600720371501,0.430635838150289,41.895953757225435,2493.51677852349,-1812.3756345177665,41827.0,40252.0,0.41827,5,2,0.4,138.4,45.95040805041888,0.33201161886140806,62,0.13765866445916114,0.6931407942238267,998.3541666666666,0.30856529470715194,False,False,False
1836,181641.0,823587.0,641946.0,1.2829537063865184,0.553921568627451,98.93300653594771,809.8200589970502,-783.8168498168499,20174.0,17374.0,0.20174,10,10,1.0,183.6,39.49734168270062,0.21512713334804262,72,0.021971911627881372,9.003717656389412,203.91576791583398,1.0491764982346656,2012-01-10 01:30:00,2021-06-02 13:15:00,BIAS,7,1,5,83,5,14,28,28,3,1,142,103,52,141,4,4,2250,4000,692,31332.0,781620.0,750288.0,1.0417599641737574,0.4552023121387283,45.27745664739884,2481.3333333333335,-1990.1538461538462,57167.0,55592.0,0.57167,5,3,0.6,138.4,45.95040805041888,0.33201161886140806,62,0.12737776075577684,0.5480784368604265,1262.5930039576153,0.285241477331244,False,False,False
1836,161006.0,735849.0,574843.0,1.280086910686918,0.5087145969498911,87.69389978213508,787.8468950749465,-637.2982261640798,15932.0,15236.0,0.15932,10,9,0.9,183.6,39.49734168270062,0.21512713334804262,72,0.04652621641429512,10.10582475520964,181.6774033265841,1.0464960406513908,2012-01-10 01:30:00,2021-06-02 13:15:00,BIAS,7,1,5,83,5,14,28,28,3,1,142,103,52,141,4,4,1000,7500,692,45667.0,548791.0,503124.0,1.0907668884807722,0.26878612716763006,65.99277456647398,2950.489247311828,-994.3162055335969,43858.0,39473.0,0.43858,5,3,0.6,138.4,45.95040805041888,0.33201161886140806,62,0.16403529901241598,1.041246750877833,664.587908117459,0.47465201737556534,True,False,False
1836,150061.0,617916.0,467855.0,1.3207425377520814,0.42538126361655776,81.73257080610021,791.1856594110116,-443.46445497630333,13862.0,11707.0,0.13862,10,10,1.0,183.6,39.49734168270062,0.21512713334804262,72,0.052218764369156546,10.825349877362575,169.60190855718676,1.0456481340352883,2012-01-10 01:30:00,2021-06-02 13:15:00,BIAS,7,1,5,91,5,14,28,28,3,1,142,103,52,141,4,4,500,0,692,25492.0,327171.0,301679.0,1.08450041269031,0.13872832369942195,36.83815028901734,3408.03125,-506.1728187919463,47408.0,46037.0,0.47408,5,3,0.6,138.4,45.95040805041888,0.33201161886140806,62,0.4629295465243998,0.5377151535605805,1286.926722108897,0.2548445515083028,False,False,False
1836,188626.0,843979.0,655353.0,1.2878235088570587,0.5550108932461874,102.73747276688454,828.2423945044161,-802.1456548347613,22002.0,20352.0,0.22002,10,10,1.0,183.6,39.49734168270062,0.21512713334804262,72,0.02115827086403783,8.57312971548041,214.1574968456098,1.0432806508390282,2012-01-10 01:30:00,2021-06-02 13:15:00,BIAS,7,1,5,91,5,14,28,28,3,1,142,103,52,141,4,4,1750,4000,692,20987.0,716764.0,695777.0,1.0301634000549027,0.3815028901734104,30.328034682080926,2715.0151515151515,-1625.6471962616822,42346.0,40704.0,0.42346,5,3,0.6,138.4,45.95040805041888,0.33201161886140806,62,0.19016534044884928,0.4956076134699854,1396.2658788774002,0.22199409688471888,False,False,False
1872,193027.0,891393.0,698366.0,1.276398049160469,0.5571581196581197,103.11271367521367,854.6433365292426,-842.4197828709289,22202.0,19277.0,0.22202,10,10,1.0,187.2,36.24306830278032,0.19360613409604874,81,0.020675863998300757,8.694126655256284,215.31777419739208,1.0423642839419,2012-01-10 02:45:00,2021-06-02 13:15:00,BIAS,7,2,5,91,18,69,46,46,3,5,152,103,3,82,4,4,2000,4000,781,45296.0,885149.0,839853.0,1.053933247842182,0.4148527528809219,57.997439180537775,2731.9413580246915,-1837.7527352297593,43454.0,42030.0,0.43454,5,3,0.6,156.2,47.78033068114954,0.3058920017999331,81,0.08810932532673967,1.042389653426612,749.2399770399152,0.4190803450359122,True,False,False
1836,175266.0,777497.0,602231.0,1.29102786140202,0.5130718954248366,95.46078431372548,825.3683651804671,-673.6364653243847,19033.0,16424.0,0.19033,10,10,1.0,183.6,39.49734168270062,0.21512713334804262,72,0.035323451211301676,9.208532548731151,199.38030194104962,1.0422567804078255,2012-01-10 01:30:00,2021-06-02 13:15:00,BIAS,7,1,5,91,5,14,28,28,3,1,142,103,52,141,4,4,1000,6000,692,51092.0,560416.0,509324.0,1.1003133565274756,0.2543352601156069,73.83236994219654,3184.181818181818,-987.062015503876,37851.0,33353.0,0.37851,5,2,0.4,138.4,45.95040805041888,0.33201161886140806,62,0.11725906208408361,1.349819027238382,512.6613168402098,0.5716253559546629,True,False,False
1836,180336.0,846867.0,666531.0,1.2705590587684594,0.5675381263616558,98.22222222222223,812.732245681382,-839.4596977329975,20162.0,18982.0,0.20162,10,10,1.0,183.6,39.49734168270062,0.21512713334804262,72,0.01658570668086239,8.944350758853288,205.26923076923075,1.0419486229753563,2012-01-10 01:30:00,2021-06-02 13:15:00,BIAS,7,1,5,91,5,14,28,28,3,1,142,103,52,141,4,4,2250,3000,692,17477.0,750799.0,733322.0,1.0238326410499072,0.4682080924855491,25.25578034682081,2317.2808641975307,-1992.7228260869565,48782.0,47177.0,0.48782,5,3,0.6,138.4,45.95040805041888,0.33201161886140806,62,0.17113921153516048,0.35826739371079497,1931.518223951479,0.17224013036168995,False,False,False
1836,181176.0,805741.0,624565.0,1.2900834981146878,0.5452069716775599,98.6797385620915,804.936063936064,-747.9820359281437,20427.0,18777.0,0.20427,10,10,1.0,183.6,39.49734168270062,0.21512713334804262,72,0.024788051397536096,8.869437509179027,207.00298052722215,1.039989729565798,2012-01-10 01:30:00,2021-06-02 13:15:00,BIAS,7,1,5,83,5,14,28,28,3,1,142,103,52,141,4,4,1750,4500,692,23297.0,712932.0,689635.0,1.0337816381129148,0.3930635838150289,33.66618497109827,2621.073529411765,-1641.9880952380952,43826.0,41526.0,0.43826,5,3,0.6,138.4,45.95040805041888,0.33201161886140806,62,0.19277160149375455,0.5315794277369598,1301.7810018457312,0.24223190391551022,False,False,False
1836,202081.0,913559.0,711478.0,1.2840298645917372,0.5740740740740741,110.06590413943356,866.7542694497154,-909.8184143222506,25457.0,23662.0,0.25457,10,9,0.9,183.6,39.49734168270062,0.21512713334804262,72,0.019749506386053117,7.93813096594257,231.28870106541436,1.039088525144975,2012-01-10 01:30:00,2021-06-02 13:15:00,BIAS,7,1,5,91,5,14,28,28,3,1,142,103,52,141,4,4,4000,4000,692,56697.0,937293.0,880596.0,1.064384803019773,0.5245664739884393,81.9320809248555,2582.0743801652893,-2676.58358662614,56398.0,52298.0,0.56398,5,3,0.6,138.4,45.95040805041888,0.33201161886140806,62,0.07039173148491101,1.0053016064399447,688.3506358361112,0.5196674179810745,True,False,False
1836,159276.0,734119.0,574843.0,1.2770773933056505,0.5087145969498911,86.7516339869281,785.9946466809422,-637.2982261640798,15932.0,15236.0,0.15932,10,9,0.9,183.6,39.49734168270062,0.21512713334804262,72,0.05409477887440669,9.997238262616118,183.6507195057636,1.035251502247065,2012-01-10 01:30:00,2021-06-02 13:15:00,BIAS,7,1,5,83,5,14,28,28,3,1,142,103,52,141,4,4,1000,0,692,52942.0,556066.0,503124.0,1.1052265445496539,0.26878612716763006,76.50578034682081,2989.6021505376343,-994.3162055335969,46781.0,42076.0,0.46781,5,4,0.8,138.4,45.95040805041888,0.33201161886140806,62,0.2549204790147709,1.131698766593275,611.4701371312002,0.5327983280737286,True,False,False
1951,178896.0,778309.0,599413.0,1.2984519855258394,0.4761660686827268,91.69451563300872,837.7922497308934,-586.5097847358121,17839.0,16242.0,0.17839,10,9,0.9,195.1,35.62709642954362,0.1826094127603466,90,0.033488730882747515,10.028364818655755,194.5481676504785,1.034097439194158,2012-01-10 02:45:00,2021-06-02 13:15:00,BIAS,7,2,5,91,18,69,46,46,3,5,152,103,3,82,4,4,750,6000,895,86100.0,616907.0,530807.0,1.1622058488301774,0.21452513966480447,96.20111731843575,3213.0572916666665,-755.0597439544808,34715.0,31654.0,0.34715,5,4,0.8,179.0,57.0087712549569,0.31848475561428435,89,0.06958188153310105,2.4801958807431945,360.8585946573752,0.7777228983790201,True,False,False
1836,203801.0,880014.0,676213.0,1.301385805951675,0.5577342047930284,111.00272331154684,859.388671875,-832.7746305418719,26174.0,23374.0,0.26174,10,9,0.9,183.6,39.49734168270062,0.21512713334804262,72,0.04902331195627107,7.786391075112707,235.7960167025677,1.0334796736915213,2012-01-10 01:30:00,2021-06-02 13:15:00,BIAS,7,1,5,83,5,14,28,28,3,1,142,103,52,141,4,4,3000,10000,692,63337.0,892354.0,829017.0,1.0764001220722856,0.48988439306358383,91.52745664739885,2632.312684365782,-2348.490084985836,57854.0,55819.0,0.57854,5,3,0.6,138.4,45.95040805041888,0.33201161886140806,62,0.15774349906058072,1.0947730494002144,632.0944787407044,0.5731760740515986,True,False,False
1836,156476.0,709406.0,552930.0,1.282994230734451,0.48257080610021785,85.22657952069717,800.6839729119639,-582.0315789473684,15473.0,13838.0,0.15473,10,10,1.0,183.6,39.49734168270062,0.21512713334804262,72,0.047873156266775733,10.112841724293931,181.55134333699735,1.0320272168206939,2012-01-10 01:30:00,2021-06-02 13:15:00,BIAS,7,1,5,91,5,14,28,28,3,1,142,103,52,141,4,4,750,7500,692,57892.0,472829.0,414937.0,1.1395199753215548,0.20086705202312138,83.65895953757226,3401.6474820143885,-750.3381555153707,50521.0,46771.0,0.50521,5,3,0.6,138.4,45.95040805041888,0.33201161886140806,62,0.1293961169073447,1.145899724866887,603.8922821806121,0.5606345321410068,True,False,False
1836,155241.0,708171.0,552930.0,1.2807606749498128,0.48257080610021785,84.55392156862744,799.2900677200903,-582.0315789473684,15473.0,13838.0,0.15473,10,10,1.0,183.6,39.49734168270062,0.21512713334804262,72,0.053632738773906376,10.033025269824856,182.99565192185057,1.0238818551500632,2012-01-10 01:30:00,2021-06-02 13:15:00,BIAS,7,1,5,91,5,14,28,28,3,1,142,103,52,141,4,4,750,0,692,55002.0,469939.0,414937.0,1.1325550625757645,0.20086705202312138,79.48265895953757,3380.856115107914,-750.3381555153707,55521.0,51771.0,0.55521,5,3,0.6,138.4,45.95040805041888,0.33201161886140806,62,0.21455583433329697,0.9906521856594802,698.5297261917748,0.5080975515416617,True,False,False
1836,146776.0,614631.0,467855.0,1.3137211315471673,0.42538126361655776,79.94335511982571,786.9795134443021,-443.46445497630333,13862.0,11707.0,0.13862,10,10,1.0,183.6,39.49734168270062,0.21512713334804262,72,0.04217992042295743,10.588371086423315,173.39777620319398,1.0227577486566364,2012-01-10 01:30:00,2021-06-02 13:15:00,BIAS,7,1,5,91,5,14,28,28,3,1,142,103,52,141,4,4,500,6000,692,17677.0,318847.0,301170.0,1.0586944250755388,0.14017341040462428,25.544797687861273,3287.082474226804,-506.16806722689074,41866.0,40425.0,0.41866,5,3,0.6,138.4,45.95040805041888,0.33201161886140806,62,0.3389149742603383,0.42222806095638465,1638.9247044181704,0.18805075767607432,False,False,False
1836,185146.0,835560.0,650414.0,1.284658694308548,0.5555555555555556,100.84204793028323,819.1764705882352,-797.0759803921569,22174.0,19374.0,0.22174,10,10,1.0,183.6,39.49734168270062,0.21512713334804262,72,0.024256532682315576,8.349688824749707,219.88843399263283,1.0200535930404875,2012-01-10 01:30:00,2021-06-02 13:15:00,BIAS,7,1,5,83,5,14,28,28,3,1,142,103,52,141,4,4,2500,4500,692,44682.0,825754.0,781072.0,1.0572059938136305,0.4682080924855491,64.5693641618497,2548.6234567901233,-2122.478260869565,57039.0,55004.0,0.57039,5,3,0.6,138.4,45.95040805041888,0.33201161886140806,62,0.10051027259299046,0.7833587545363698,883.3755874848933,0.4072338901551865,True,False,False
1914,173149.0,824881.0,651732.0,1.2656751548182381,0.5047021943573667,90.4644723092999,853.9140786749482,-687.4810126582279,17982.0,15383.0,0.17982,10,9,0.9,191.4,35.903203199714646,0.18758204388565644,85,0.034600257581620456,9.629017906795685,198.77416560303553,1.0161607413623814,2012-01-10 02:45:00,2021-06-02 13:15:00,BIAS,7,2,5,91,18,69,46,46,3,5,152,103,3,82,4,4,1000,6000,852,108617.0,728078.0,619461.0,1.1753411433488146,0.2676056338028169,127.48474178403755,3193.3245614035086,-992.7259615384615,35072.0,33541.0,0.35072,5,4,0.8,170.4,53.5522175077746,0.31427357692355984,85,0.055157111686016,3.096971943430657,275.10743253818464,1.025371629716779,True,False,False
1836,199691.0,875904.0,676213.0,1.2953078393938005,0.5577342047930284,108.76416122004358,855.375,-832.7746305418719,26174.0,23374.0,0.26174,10,9,0.9,183.6,39.49734168270062,0.21512713334804262,72,0.037512957519367424,7.629365018720868,240.64912289487256,1.0126377668369317,2012-01-10 01:30:00,2021-06-02 13:15:00,BIAS,7,1,5,83,5,14,28,28,3,1,142,103,52,141,4,4,3000,7500,692,76702.0,904160.0,827458.0,1.0926959434799108,0.4913294797687861,110.84104046242774,2659.294117647059,-2350.7329545454545,54266.0,49671.0,0.54266,5,3,0.6,138.4,45.95040805041888,0.33201161886140806,62,0.09766368543193137,1.4134448826152655,489.58400041719904,0.7167043547235213,True,False,False
1836,198401.0,879535.0,681134.0,1.2912804235289972,0.5610021786492375,108.0615468409586,853.9174757281553,-845.0794044665013,25897.0,24102.0,0.25897,10,8,0.8,183.6,39.49734168270062,0.21512713334804262,72,0.030196420380945662,7.661157663049774,239.65046547144422,1.011462547236168,2012-01-10 01:30:00,2021-06-02 13:15:00,BIAS,7,1,5,83,5,14,28,28,3,1,142,103,52,141,4,4,4000,6000,692,45047.0,923274.0,878227.0,1.0512931166998964,0.5187861271676301,65.09682080924856,2571.7938718662954,-2637.3183183183182,61989.0,54711.0,0.61989,5,3,0.6,138.4,45.95040805041888,0.33201161886140806,62,0.132994428041823,0.7266934456113181,952.2584855817257,0.39382730045916686,True,False,False
1836,198676.0,874889.0,676213.0,1.2938068330540822,0.5577342047930284,108.21132897603486,854.3837890625,-832.7746305418719,26174.0,23374.0,0.26174,10,9,0.9,183.6,39.49734168270062,0.21512713334804262,72,0.04543075157542934,7.590586077787117,241.87855604099136,1.0074906779178545,2012-01-10 01:30:00,2021-06-02 13:15:00,BIAS,7,1,5,83,5,14,28,28,3,1,142,103,52,141,4,4,3000,0,692,62917.0,891934.0,829017.0,1.0758934979620443,0.48988439306358383,90.92052023121387,2631.0737463126843,-2348.490084985836,62099.0,60064.0,0.62099,5,3,0.6,138.4,45.95040805041888,0.33201161886140806,62,0.21450482381550295,1.0131725148553117,683.0031311092391,0.5495699316503219,True,False,False
1857,208907.0,940807.0,731900.0,1.2854310698182811,0.5745826602046311,112.49703823371028,881.7310215557638,-926.4556962025316,28294.0,24764.0,0.28294,10,9,0.9,185.7,37.60598356644857,0.20250933530666976,77,0.019104194689502984,7.383438184774157,251.50884364813052,1.0073891494568192,2012-01-10 02:45:00,2021-06-02 13:15:00,BIAS,7,2,5,91,18,69,46,46,3,5,152,103,3,82,4,4,4000,4000,738,93708.0,1032066.0,938358.0,1.099863804645988,0.5298102981029811,126.97560975609755,2639.554987212276,-2704.201729106628,63077.0,56262.0,0.63077,5,5,1.0,147.6,44.553787717768735,0.3018549303371866,75,0.04258974687326589,1.4856128224233873,496.7646945831733,0.7615319816211275,True,False,False
1904,141519.0,728572.0,587053.0,1.241066820201924,0.6129201680672269,74.32720588235294,624.3119108826049,-796.5440976933514,12356.0,11734.0,0.12356,10,9,0.9,190.4,34.71368606184022,0.18231977973655578,87,0.007002593291360171,11.45346390417611,166.23791858337043,1.0071918709281653,2012-01-10 02:45:00,2021-06-02 13:15:00,BIAS,7,2,5,91,18,69,46,46,3,5,152,103,3,82,4,4,2500,1000,847,-45588.0,566344.0,611932.0,0.9255015263133812,0.6835891381345927,-53.82290436835891,978.1416234887738,-2283.3283582089553,78575.0,77640.0,0.78575,5,2,0.4,169.4,52.32437290594126,0.30888059566671344,88,0.0,0.0,0.0,0.0,False,False,False
1836,177241.0,852096.0,674855.0,1.262635677293641,0.5697167755991286,96.53649237472767,814.6233269598471,-854.246835443038,21012.0,19832.0,0.21012,10,10,1.0,183.6,39.49734168270062,0.21512713334804262,72,0.01687532794330883,8.435227489053874,217.65862300483522,1.0031391343982397,2012-01-10 01:30:00,2021-06-02 13:15:00,BIAS,7,1,5,91,5,14,28,28,3,1,142,103,52,141,4,4,2500,3000,692,33032.0,784065.0,751033.0,1.043982088669872,0.4913294797687861,47.73410404624278,2306.073529411765,-2133.6164772727275,54347.0,52742.0,0.54347,5,3,0.6,138.4,45.95040805041888,0.33201161886140806,62,0.09054855897311698,0.6077980385301857,1138.5360862194236,0.30842128498507376,False,False,False
1862,193972.0,886843.0,692871.0,1.279953988549095,0.5708915145005371,104.17400644468313,834.2831608654751,-867.1727158948686,24511.0,20966.0,0.24511,10,9,0.9,186.2,37.16665171898055,0.19960607797519095,78,0.016914812447157323,7.913671412835054,235.28902109582828,1.0022641740482003,2012-01-10 02:45:00,2021-06-02 13:15:00,BIAS,7,2,5,91,18,69,46,46,3,5,152,103,3,82,4,4,2500,3000,768,39413.0,893757.0,854344.0,1.0461324712293878,0.4908854166666667,51.319010416666664,2370.708222811671,-2185.023017902813,44610.0,41930.0,0.4461,5,3,0.6,153.6,45.09811525995294,0.29360752122365197,82,0.07588866617613478,0.8835014570724052,869.2685154644407,0.3659868794758126,False,False,False
1836,165591.0,791741.0,626150.0,1.264458995448375,0.5506535947712419,90.19117647058823,783.1266073194856,-758.969696969697,18412.0,17122.0,0.18412,10,10,1.0,183.6,39.49734168270062,0.21512713334804262,72,0.018062575864630323,8.993645448620464,204.14413826838415,1.0011909690778131,2012-01-10 01:30:00,2021-06-02 13:15:00,BIAS,7,1,5,91,5,14,28,28,3,1,142,103,52,141,4,4,1500,3000,692,2147.0,622288.0,620141.0,1.003462115873648,0.3800578034682081,3.102601156069364,2366.114068441065,-1445.5501165501166,40171.0,37871.0,0.40171,5,2,0.4,138.4,45.95040805041888,0.33201161886140806,62,1.3931066604564508,0.0534465161434866,12947.523055426176,0.023317016667236585,False,False,False
1836,156486.0,768076.0,611590.0,1.255867492928269,0.5370370370370371,85.23202614379085,778.9817444219067,-719.5176470588235,16534.0,15584.0,0.16534,10,10,1.0,183.6,39.49734168270062,0.21512713334804262,72,0.01911353092289406,9.464497399298416,193.98811395268586,0.9984290317250429,2012-01-10 01:30:00,2021-06-02 13:15:00,BIAS,7,1,5,91,5,14,28,28,3,1,142,103,52,141,4,4,1250,3000,692,-10168.0,553897.0,564065.0,0.9819737087037841,0.3352601156069364,-14.693641618497109,2387.487068965517,-1226.2282608695652,38380.0,36665.0,0.3838,5,2,0.4,138.4,45.95040805041888,0.33201161886140806,62,0.0,0.0,0.0,0.0,False,False,False
1836,153536.0,728379.0,574843.0,1.2670920581793637,0.5087145969498911,83.62527233115469,779.8490364025696,-637.2982261640798,15932.0,15236.0,0.15932,10,9,0.9,183.6,39.49734168270062,0.21512713334804262,72,0.039020164651938305,9.636957067537033,190.51656940391828,0.9979430337841568,2012-01-10 01:30:00,2021-06-02 13:15:00,BIAS,7,1,5,83,5,14,28,28,3,1,142,103,52,141,4,4,1000,6000,692,37377.0,539492.0,502115.0,1.074439122511775,0.2702312138728324,54.01300578034682,2884.9839572192514,-994.2871287128713,44588.0,40203.0,0.44588,5,3,0.6,138.4,45.95040805041888,0.33201161886140806,62,0.1602857372180753,0.8382748721629137,825.5048826818631,0.3852944067946142,True,False,False
1951,171536.0,770949.0,599413.0,1.2861733062179166,0.4761660686827268,87.92209123526396,829.8697524219591,-586.5097847358121,17839.0,16242.0,0.17839,10,9,0.9,195.1,35.62709642954362,0.1826094127603466,90,0.029095933215185152,9.61578563820842,202.8955379628766,0.9915534071729333,2012-01-10 02:45:00,2021-06-02 13:15:00,BIAS,7,2,5,91,18,69,46,46,3,5,152,103,3,82,4,4,750,5000,896,92321.0,619333.0,527012.0,1.1751781743110215,0.22098214285714285,103.03683035714286,3127.9444444444443,-755.0315186246419,32965.0,29904.0,0.32965,5,4,0.8,179.2,57.12582603341504,0.31878251134718216,89,0.054061372818751965,2.8005763688760807,319.93414282774233,0.8548094309033791,True,False,False
1836,193926.0,902145.0,708219.0,1.2738220804581635,0.5691721132897604,105.62418300653594,863.2966507177033,-895.346396965866,25759.0,22959.0,0.25759,10,10,1.0,183.6,39.49734168270062,0.21512713334804262,72,0.023158318121345254,7.5284754842967505,243.87407567835155,0.9912934072843875,2012-01-10 01:30:00,2021-06-02 13:15:00,BIAS,7,1,5,91,5,14,28,28,3,1,142,103,52,141,4,4,3000,4500,692,69417.0,915539.0,846122.0,1.0820413604657484,0.48265895953757226,100.3135838150289,2741.134730538922,-2363.469273743017,44170.0,40343.0,0.4417,5,4,0.8,138.4,45.95040805041888,0.33201161886140806,62,0.06469596784649294,1.5715870500339597,440.3192301597591,0.7189511808914936,True,False,False
1836,171171.0,795736.0,624565.0,1.2740643487867556,0.5452069716775599,93.23039215686275,794.9410589410589,-747.9820359281437,20427.0,18777.0,0.20427,10,10,1.0,183.6,39.49734168270062,0.21512713334804262,72,0.023315865421128578,8.379644588045235,219.10237131289762,0.982558848851433,2012-01-10 01:30:00,2021-06-02 13:15:00,BIAS,7,1,5,83,5,14,28,28,3,1,142,103,52,141,4,4,1750,4000,692,12822.0,696761.0,683939.0,1.0187472859421673,0.3988439306358382,18.528901734104046,2524.496376811594,-1644.0841346153845,48106.0,45806.0,0.48106,5,3,0.6,138.4,45.95040805041888,0.33201161886140806,62,0.31126189362034,0.2665363987860142,2596.2682888784902,0.12724871614519748,False,False,False
1948,210193.0,966507.0,756314.0,1.277917637383415,0.547741273100616,107.90195071868582,905.8172446110591,-858.472190692395,27487.0,25983.0,0.27487,10,10,1.0,194.8,35.96331464145094,0.18461660493557977,87,0.047532505839870974,7.646996762105723,254.74052894244815,0.98032252060704,2012-01-10 01:30:00,2021-06-02 13:15:00,BIAS,8,1,5,83,5,14,28,28,3,1,152,153,152,141,4,4,2250,10000,827,28627.0,989134.0,960507.0,1.02980405140202,0.42200725513905685,34.61547762998791,2834.194842406877,-2009.428870292887,71705.0,68658.0,0.71705,5,3,0.6,165.4,52.20957766540542,0.31565645505081874,85,0.34900618297411534,0.3992329684122446,2071.4722115485383,0.1947148000726973,False,False,False
1836,143111.0,726747.0,583636.0,1.245205916016147,0.5294117647058824,77.94716775599129,747.6820987654321,-675.5046296296297,14388.0,13464.0,0.14388,10,10,1.0,183.6,39.49734168270062,0.21512713334804262,72,0.020899860947097008,9.946552682791214,184.58656567279942,0.9788214537626639,2012-01-10 01:30:00,2021-06-02 13:15:00,BIAS,7,1,5,83,5,14,28,28,3,1,142,103,52,141,4,4,1250,3000,692,-7903.0,547689.0,555592.0,0.985775533125027,0.3453757225433526,-11.420520231213873,2291.5857740585775,-1226.4724061810155,36779.0,35289.0,0.36779,5,2,0.4,138.4,45.95040805041888,0.33201161886140806,62,0.0,0.0,0.0,0.0,False,False,False
1866,203996.0,908655.0,704659.0,1.2894960541197942,0.5627009646302251,109.32261521972133,865.3857142857142,-863.5526960784314,28342.0,24812.0,0.28342,10,10,1.0,186.6,36.568292276232974,0.19597155560682195,80,0.019564109100178435,7.197657187213323,259.25102452989273,0.9781334705016799,2012-01-10 02:45:00,2021-06-02 13:15:00,BIAS,7,2,5,91,18,69,46,46,3,5,152,103,3,82,4,4,2250,4000,772,14157.0,903691.0,889534.0,1.015915074634584,0.42875647668393785,18.338082901554404,2730.1842900302113,-2017.0839002267574,46671.0,43636.0,0.46671,5,2,0.4,154.4,46.88112626633452,0.30363423747625984,80,0.28191000918273645,0.3033361187889696,2545.03157448612,0.12785971533167267,False,False,False
1836,164191.0,766422.0,602231.0,1.2726379080452517,0.5130718954248366,89.42864923747277,813.6114649681529,-673.6364653243847,19033.0,16424.0,0.19033,10,10,1.0,183.6,39.49734168270062,0.21512713334804262,72,0.03039752483388249,8.626648452687437,212.82888830691084,0.9763969225744943,2012-01-10 01:30:00,2021-06-02 13:15:00,BIAS,7,1,5,91,5,14,28,28,3,1,142,103,52,141,4,4,1000,5000,692,48222.0,553510.0,505288.0,1.0954346827947625,0.26011560693641617,69.68497109826589,3075.0555555555557,-986.890625,37543.0,33158.0,0.37543,5,2,0.4,138.4,45.95040805041888,0.33201161886140806,62,0.10350047696072331,1.284447167248222,538.7531831943926,0.5417238947754631,True,False,False
1836,147801.0,700731.0,552930.0,1.2673050838261624,0.48257080610021785,80.5016339869281,790.8927765237021,-582.0315789473684,15473.0,13838.0,0.15473,10,10,1.0,183.6,39.49734168270062,0.21512713334804262,72,0.04188740265627432,9.552187681768242,192.20727870582743,0.9748118220897477,2012-01-10 01:30:00,2021-06-02 13:15:00,BIAS,7,1,5,91,5,14,28,28,3,1,142,103,52,141,4,4,750,6000,692,45202.0,459380.0,414178.0,1.1091366513914307,0.2023121387283237,65.32080924855491,3281.285714285714,-750.322463768116,49951.0,46201.0,0.49951,5,3,0.6,138.4,45.95040805041888,0.33201161886140806,62,0.132538383257378,0.9049268282917259,764.7027122693687,0.44023322640908114,True,False,False
1836,176071.0,826485.0,650414.0,1.270706042612859,0.5555555555555556,95.89923747276688,810.2794117647059,-797.0759803921569,22174.0,19374.0,0.22174,10,10,1.0,183.6,39.49734168270062,0.21512713334804262,72,0.022666992292881848,7.940425723820691,231.2218593635522,0.9700552870719954,2012-01-10 01:30:00,2021-06-02 13:15:00,BIAS,7,1,5,83,5,14,28,28,3,1,142,103,52,141,4,4,2500,4000,692,34407.0,808263.0,773856.0,1.0444617603275028,0.47398843930635837,49.721098265895954,2464.2164634146343,-2125.978021978022,61046.0,59096.0,0.61046,5,3,0.6,138.4,45.95040805041888,0.33201161886140806,62,0.11599383846310343,0.5636241522786096,1227.7685354724329,0.30312060668885377,True,False,False
1897,157542.0,814939.0,657397.0,1.239645145931606,0.5318924617817606,83.0479704797048,807.6699702675917,-740.311936936937,16753.0,15341.0,0.16753,10,10,1.0,189.7,35.423297418506934,0.1867332494386238,85,0.02082619238044458,9.403808273145108,201.72678396871945,0.9664648957846886,2012-01-10 02:45:00,2021-06-02 13:15:00,BIAS,7,2,5,91,18,69,46,46,3,5,152,103,3,82,4,4,1250,3000,840,23710.0,706206.0,682496.0,1.0347401303450863,0.3404761904761905,28.226190476190474,2469.2517482517483,-1231.942238267148,41338.0,39018.0,0.41338,5,3,0.6,168.0,51.45872132107443,0.30630191262544304,88,0.1261493040911008,0.5735642750012095,1464.5263601855759,0.209112932364873,False,False,False
1836,137846.0,605701.0,467855.0,1.2946340212245246,0.42538126361655776,75.07952069716775,775.5454545454545,-443.46445497630333,13862.0,11707.0,0.13862,10,10,1.0,183.6,39.49734168270062,0.21512713334804262,72,0.036207071659678194,9.944163901312942,184.63090695413723,0.960532134826693,2012-01-10 01:30:00,2021-06-02 13:15:00,BIAS,7,1,5,91,5,14,28,28,3,1,142,103,52,141,4,4,500,5000,692,22522.0,321656.0,299134.0,1.0752906724076836,0.14595375722543352,32.54624277456647,3184.7128712871286,-506.14890016920475,36681.0,35240.0,0.36681,5,3,0.6,138.4,45.95040805041888,0.33201161886140806,62,0.22160554124855697,0.6139963468825823,1127.0425361868395,0.25596679516255966,False,False,False
1952,165897.0,765310.0,599413.0,1.276765769177512,0.4764344262295082,84.98821721311475,822.9139784946236,-586.5097847358121,17839.0,16242.0,0.17839,10,9,0.9,195.2,35.33213834457236,0.1810048070930961,91,0.027071013942385938,9.299680475362969,209.8996847441485,0.9584662416835003,2012-01-10 02:45:00,2021-06-02 13:15:00,BIAS,7,2,5,91,18,69,46,46,3,5,152,103,3,82,4,4,750,4500,897,97042.0,621777.0,524735.0,1.184935253032483,0.22519509476031216,108.1850613154961,3078.1039603960394,-755.0143884892086,27508.0,26004.0,0.27508,5,4,0.8,179.4,56.810562398201974,0.31666980155073565,90,0.046278930772242946,3.527773738548786,254.26800766678346,0.9825194182027485,True,True,True
1914,162794.0,814526.0,651732.0,1.2497867221495953,0.5047021943573667,85.05433646812958,843.1946169772257,-687.4810126582279,17982.0,15383.0,0.17982,10,8,0.8,191.4,35.903203199714646,0.18758204388565644,85,0.03065837807290195,9.053164275386498,211.417791810509,0.9553902807948501,2012-01-10 02:45:00,2021-06-02 13:15:00,BIAS,7,2,5,91,18,69,46,46,3,5,152,103,3,82,4,4,1000,5000,853,120783.0,734190.0,613407.0,1.1969051543265727,0.27549824150058616,141.5978898007034,3124.2127659574467,-992.5679611650486,27081.0,24550.0,0.27081,5,4,0.8,170.6,53.67532021329728,0.31462673044136746,85,0.041322040353360984,4.460064251689376,191.2528501527533,1.2960679979185536,True,True,True
1836,187151.0,868285.0,681134.0,1.27476384969771,0.5610021786492375,101.93409586056644,842.995145631068,-845.0794044665013,25897.0,24102.0,0.25897,10,8,0.8,183.6,39.49734168270062,0.21512713334804262,72,0.026668305272213345,7.226744410549484,254.0563074736443,0.9541092392568389,2012-01-10 01:30:00,2021-06-02 13:15:00,BIAS,7,1,5,83,5,14,28,28,3,1,142,103,52,141,4,4,4000,5000,692,58797.0,922229.0,863432.0,1.0680968507074096,0.5260115606936416,84.96676300578035,2533.596153846154,-2632.4146341463415,67058.0,62470.0,0.67058,5,3,0.6,138.4,45.95040805041888,0.33201161886140806,62,0.0848852832627515,0.8768081362402697,789.226253040121,0.49422775340740405,True,False,False
1836,186096.0,894315.0,708219.0,1.26276617825842,0.5691721132897604,101.359477124183,855.8038277511962,-895.346396965866,25759.0,22959.0,0.25759,10,10,1.0,183.6,39.49734168270062,0.21512713334804262,72,0.021445920385177543,7.224504056834505,254.13509156564356,0.9512687206563091,2012-01-10 01:30:00,2021-06-02 13:15:00,BIAS,7,1,5,91,5,14,28,28,3,1,142,103,52,141,4,4,3000,4000,692,55642.0,890149.0,834507.0,1.0666764928275017,0.48988439306358383,80.40751445086705,2625.8082595870205,-2364.042492917847,48309.0,45379.0,0.48309,5,3,0.6,138.4,45.95040805041888,0.33201161886140806,62,0.07172639373135402,1.151793661636548,600.8020560008626,0.5510436070821377,True,False,False
1922,131932.0,721358.0,589426.0,1.223831320640759,0.6024973985431842,68.64308012486993,622.9343696027634,-771.5,11849.0,10769.0,0.11849,10,10,1.0,192.2,33.468791433214314,0.17413523118217647,92,0.0075114452899978775,11.134441725040087,172.6175454021769,0.94985927478448,2012-01-10 02:45:00,2021-06-02 13:15:00,BIAS,7,2,5,91,18,69,46,46,3,5,152,103,3,82,4,4,1750,1000,880,-50825.0,526179.0,577004.0,0.9119156886260754,0.6125,-57.75568181818182,976.2133580705009,-1692.0938416422287,81805.0,80175.0,0.81805,5,2,0.4,176.0,55.71355310873648,0.3165542790269118,91,0.0,0.0,0.0,0.0,False,False,False
1836,138876.0,588901.0,450025.0,1.3085961891006055,0.4362745098039216,75.640522875817,735.2072409488139,-434.80676328502415,14442.0,11354.0,0.14442,10,9,0.9,183.6,39.49734168270062,0.21512713334804262,72,0.05394020565108442,9.616119651017865,190.9294046487514,0.94807830057518,2012-01-10 01:30:00,2021-06-02 13:15:00,BIAS,7,1,5,83,5,14,28,28,3,1,142,103,52,141,4,4,500,7500,692,9162.0,308127.0,298965.0,1.0306457277607746,0.14739884393063585,13.239884393063583,3020.8529411764707,-506.72033898305085,48501.0,47060.0,0.48501,5,3,0.6,138.4,45.95040805041888,0.33201161886140806,62,0.8176162409954159,0.18890332158099832,3663.2495088408646,0.09055495125563472,False,False,False
1836,158921.0,793561.0,634640.0,1.2504112567754948,0.5561002178649237,86.5582788671024,777.2389813907934,-778.6993865030674,19015.0,16147.0,0.19015,10,9,0.9,183.6,39.49734168270062,0.21512713334804262,72,0.018820671906167215,8.357665001314752,219.67858244033198,0.9455049396456314,2012-01-10 01:30:00,2021-06-02 13:15:00,BIAS,7,1,5,83,5,14,28,28,3,1,142,103,52,141,4,4,2250,3000,692,19522.0,736068.0,716546.0,1.0272445872281752,0.48121387283236994,28.210982658959537,2210.4144144144143,-1995.949860724234,51291.0,49416.0,0.51291,5,3,0.6,138.4,45.95040805041888,0.33201161886140806,62,0.15321176109005225,0.3806125831042483,1818.1217088413073,0.18762944132686016,False,False,False
1836,138451.0,588476.0,450025.0,1.307651797122382,0.4362745098039216,75.40904139433552,734.6766541822722,-434.80676328502415,14442.0,11354.0,0.14442,10,9,0.9,183.6,39.49734168270062,0.21512713334804262,72,0.05872835876952857,9.586691593962055,191.51549645723034,0.9451769117265348,2012-01-10 01:30:00,2021-06-02 13:15:00,BIAS,7,1,5,83,5,14,28,28,3,1,142,103,52,141,4,4,500,0,692,13497.0,312462.0,298965.0,1.0451457528473234,0.14739884393063585,19.504335260115607,3063.3529411764707,-506.72033898305085,51221.0,49780.0,0.51221,5,3,0.6,138.4,45.95040805041888,0.33201161886140806,62,0.8261835963547455,0.26350520294410495,2626.134103874935,0.12981069692982403,False,False,False
1836,186221.0,862434.0,676213.0,1.2753880803829563,0.5577342047930284,101.42755991285404,842.220703125,-832.7746305418719,26174.0,23374.0,0.26174,10,9,0.9,183.6,39.49734168270062,0.21512713334804262,72,0.03217145219926861,7.114732176969512,258.0560946402393,0.9443310794083875,2012-01-10 01:30:00,2021-06-02 13:15:00,BIAS,7,1,5,83,5,14,28,28,3,1,142,103,52,141,4,4,3000,6000,692,62197.0,887321.0,825124.0,1.0753789733421886,0.49277456647398843,89.8800578034682,2602.114369501466,-2350.780626780627,55146.0,50551.0,0.55146,5,3,0.6,138.4,45.95040805041888,0.33201161886140806,62,0.09632297377687027,1.127860588256628,613.5510072833096,0.5765137761339575,True,False,False
1880,167015.0,851644.0,684629.0,1.2439496427992387,0.5553191489361702,88.8377659574468,815.7509578544061,-818.9342105263158,20126.0,18931.0,0.20126,10,9,0.9,188.0,35.65389179318297,0.18964836060203707,83,0.01964494207107146,8.298469641260061,226.54779510822382,0.9432400857844021,2012-01-10 02:45:00,2021-06-02 13:15:00,BIAS,7,2,5,91,18,69,46,46,3,5,152,103,3,82,4,4,1750,3000,805,-13695.0,781488.0,795183.0,0.9827775493188361,0.4074534161490683,-17.012422360248447,2382.5853658536585,-1667.0503144654087,58733.0,56071.0,0.58733,5,2,0.4,161.0,48.67031949761579,0.3023001211032037,86,0.0,0.0,0.0,0.0,False,False,False
1836,144766.0,719609.0,574843.0,1.2518357186223021,0.5087145969498911,78.84858387799564,770.4593147751606,-637.2982261640798,15932.0,15236.0,0.15932,10,9,0.9,183.6,39.49734168270062,0.21512713334804262,72,0.03447632731442466,9.08649259352247,202.05816282828843,0.9409403737807239,2012-01-10 01:30:00,2021-06-02 13:15:00,BIAS,7,1,5,83,5,14,28,28,3,1,142,103,52,141,4,4,1000,5000,692,39562.0,538650.0,499088.0,1.0792685859006828,0.2745664739884393,57.17052023121387,2835.0,-994.199203187251,43573.0,39188.0,0.43573,5,3,0.6,138.4,45.95040805041888,0.33201161886140806,62,0.12615641271927608,0.9079475822183463,762.158535968859,0.41254066827269775,True,False,False
1836,137936.0,669674.0,531738.0,1.259405948042081,0.4842047930283224,75.12854030501089,753.2890888638921,-561.4973600844774,14667.0,13721.0,0.14667,10,10,1.0,183.6,39.49734168270062,0.21512713334804262,72,0.06246375130495302,9.404513533783323,195.22540888528016,0.9344103915290474,2012-01-10 01:30:00,2021-06-02 13:15:00,BIAS,7,1,5,83,5,14,28,28,3,1,142,103,52,141,4,4,750,0,692,37497.0,446433.0,408936.0,1.0916940548154235,0.2138728323699422,54.1864161849711,3016.439189189189,-751.7205882352941,61218.0,58000.0,0.61218,5,4,0.8,138.4,45.95040805041888,0.33201161886140806,62,0.29738379070325627,0.612515926688229,1129.7665413233058,0.3298786544754618,True,False,False
1836,137236.0,668974.0,531738.0,1.258089510247528,0.4842047930283224,74.74727668845316,752.5016872890889,-561.4973600844774,14667.0,13721.0,0.14667,10,10,1.0,183.6,39.49734168270062,0.21512713334804262,72,0.054584802821417124,9.356787345742143,196.22119560465185,0.9296684295026706,2012-01-10 01:30:00,2021-06-02 13:15:00,BIAS,7,1,5,83,5,14,28,28,3,1,142,103,52,141,4,4,750,7500,692,39327.0,448263.0,408936.0,1.0961690826926462,0.2138728323699422,56.83092485549133,3028.804054054054,-751.7205882352941,52646.0,49108.0,0.52646,5,4,0.8,138.4,45.95040805041888,0.33201161886140806,62,0.19047982302235106,0.7470083197203966,926.3618379230553,0.3730829384619548,True,False,False
1915,157390.0,809122.0,651732.0,1.2414949703252256,0.5049608355091384,82.18798955613578,836.7342295760083,-687.4810126582279,17982.0,15383.0,0.17982,10,8,0.8,191.5,35.60688135740057,0.18593671727102123,86,0.02853421437194231,8.752641530419309,218.79109219137175,0.9231934511584056,2012-01-10 02:45:00,2021-06-02 13:15:00,BIAS,7,2,5,91,18,69,46,46,3,5,152,103,3,82,4,4,1000,4500,855,117540.0,727920.0,610380.0,1.1925685638454733,0.2807017543859649,137.47368421052633,3033.0,-992.4878048780488,29626.0,26595.0,0.29626,5,4,0.8,171.0,53.03960784168751,0.31017314527302636,87,0.03820826952526799,3.9674610139742117,215.5030627871363,1.2030575891348674,True,True,True
1836,134796.0,584821.0,450025.0,1.2995300261096605,0.4362745098039216,73.41830065359477,730.1136079900125,-434.80676328502415,14442.0,11354.0,0.14442,10,9,0.9,183.6,39.49734168270062,0.21512713334804262,72,0.04444493901896199,9.333610303282095,196.70844832190866,0.920224967628186,2012-01-10 01:30:00,2021-06-02 13:15:00,BIAS,7,1,5,83,5,14,28,28,3,1,142,103,52,141,4,4,500,6000,692,12032.0,310488.0,298456.0,1.0403141501594875,0.14884393063583815,17.387283236994218,3014.4466019417478,-506.71646859083194,42351.0,40910.0,0.42351,5,3,0.6,138.4,45.95040805041888,0.33201161886140806,62,0.4979222074468085,0.28410191022644093,2435.74567819149,0.1272633199931131,False,False,False
1836,164096.0,825290.0,661194.0,1.2481813204596532,0.5691721132897604,89.37690631808279,789.7511961722488,-835.8963337547408,21662.0,20822.0,0.21662,10,10,1.0,183.6,39.49734168270062,0.21512713334804262,72,0.015180138455538221,7.5752931400609365,242.36685842433698,0.9147015118148432,2012-01-10 01:30:00,2021-06-02 13:15:00,BIAS,7,1,5,91,5,14,28,28,3,1,142,103,52,141,4,4,2250,2500,692,-4863.0,702014.0,706877.0,0.9931204438678864,0.48988439306358383,-7.027456647398844,2070.8377581120944,-2002.4844192634562,57816.0,56331.0,0.57816,5,3,0.6,138.4,45.95040805041888,0.33201161886140806,62,0.0,0.0,0.0,0.0,False,False,False
1836,155536.0,776340.0,620804.0,1.2505396228117087,0.5528322440087146,84.71459694989107,764.8669950738916,-756.1559074299635,19461.0,17732.0,0.19461,10,10,1.0,183.6,39.49734168270062,0.21512713334804262,72,0.016015584816376917,7.9921895072195674,229.7242824812262,0.9147007333290693,2012-01-10 01:30:00,2021-06-02 13:15:00,BIAS,7,1,5,91,5,14,28,28,3,1,142,103,52,141,4,4,1500,2500,692,-18908.0,582672.0,601580.0,0.9685694338242627,0.40028901734104044,-27.32369942196532,2103.5090252707582,-1449.5903614457832,43664.0,42409.0,0.43664,5,2,0.4,138.4,45.95040805041888,0.33201161886140806,62,0.0,0.0,0.0,0.0,False,False,False
1887,160237.0,835658.0,675421.0,1.23724018056886,0.5447800741918389,84.91626921038686,812.8968871595331,-786.2875436554133,19573.0,18008.0,0.19573,10,9,0.9,188.7,35.44023137621988,0.18781256691160508,84,0.02047592004343566,8.186634649772646,230.49764411465517,0.9142512479846245,2012-01-10 02:45:00,2021-06-02 13:15:00,BIAS,7,2,5,91,18,69,46,46,3,5,152,103,3,82,4,4,1500,3000,818,2158.0,743918.0,741760.0,1.0029092968075928,0.3765281173594132,2.6381418092909534,2415.318181818182,-1454.4313725490197,48079.0,46009.0,0.48079,5,3,0.6,163.6,49.70955642529915,0.303848144408919,88,1.386005560704356,0.04488446099128517,18224.569972196477,0.018122736596183152,False,False,False
1881,155591.0,796570.0,640979.0,1.2427396217348774,0.5874534821903243,82.71717171717172,720.8778280542987,-826.0038659793814,18649.0,17319.0,0.18649,10,10,1.0,188.1,35.59058864362881,0.18921099757378423,83,0.021087337956565613,8.343128317872273,225.45500061057515,0.9123705463760587,2012-01-10 02:45:00,2021-06-02 13:15:00,BIAS,7,2,5,91,18,69,46,46,3,5,152,103,3,82,4,4,2500,1500,808,24283.0,714053.0,689770.0,1.0352044884526725,0.6225247524752475,30.053217821782177,1419.5884691848908,-2261.5409836065573,47286.0,46396.0,0.47286,5,3,0.6,161.6,47.65962651972841,0.29492343143396293,88,0.061400980109541654,0.5135346614219853,1573.408886875592,0.2081747466571725,False,False,False
1836,145726.0,748585.0,602859.0,1.2417248477670566,0.5392156862745098,79.37145969498911,756.1464646464647,-712.5992907801418,17177.0,15527.0,0.17177,10,10,1.0,183.6,39.49734168270062,0.21512713334804262,72,0.020524820553641767,8.48378645863655,216.41280210806582,0.9122083939130412,2012-01-10 01:30:00,2021-06-02 13:15:00,BIAS,7,1,5,83,5,14,28,28,3,1,142,103,52,141,4,4,1500,3000,692,5417.0,612221.0,606804.0,1.0089271000191165,0.3916184971098266,7.828034682080925,2259.1180811808117,-1441.3396674584324,39926.0,38679.0,0.39926,5,2,0.4,138.4,45.95040805041888,0.33201161886140806,62,0.5521506368838841,0.13567600060111207,5100.386191618977,0.059010350552448854,False,False,False
1836,146346.0,753340.0,606994.0,1.241099582532941,0.5392156862745098,79.70915032679738,760.9494949494949,-717.4869976359338,17326.0,15602.0,0.17326,10,10,1.0,183.6,39.49734168270062,0.21512713334804262,72,0.017021305672857475,8.446612028165763,217.365257677012,0.9121418443257898,2012-01-10 01:30:00,2021-06-02 13:15:00,BIAS,7,1,5,91,5,14,28,28,3,1,142,103,52,141,4,4,1250,2500,692,-25973.0,521611.0,547584.0,0.952568007830762,0.3554913294797688,-37.533236994219656,2120.369918699187,-1227.7668161434979,44399.0,42561.0,0.44399,5,2,0.4,138.4,45.95040805041888,0.33201161886140806,62,0.0,0.0,0.0,0.0,False,False,False
1836,175896.0,877489.0,701593.0,1.2507094569073522,0.576797385620915,95.80392156862744,828.6015108593012,-902.951093951094,25169.0,23639.0,0.25169,10,8,0.8,183.6,39.49734168270062,0.21512713334804262,72,0.0170043662164006,6.988597083714093,262.7136717151044,0.9096067213713077,2012-01-10 01:30:00,2021-06-02 13:15:00,BIAS,7,1,5,91,5,14,28,28,3,1,142,103,52,141,4,4,4000,3000,692,40707.0,875674.0,834967.0,1.0487528249619447,0.5549132947976878,58.82514450867052,2280.4010416666665,-2710.931818181818,37864.0,35744.0,0.37864,5,3,0.6,138.4,45.95040805041888,0.33201161886140806,62,0.07347630628638809,1.0750845129938729,643.6703269707913,0.45535814757170273,True,False,False
1836,143906.0,790276.0,646370.0,1.222637189225985,0.5588235294117647,78.380174291939,770.2495126705653,-797.9876543209876,16907.0,16332.0,0.16907,10,10,1.0,183.6,39.49734168270062,0.21512713334804262,72,0.017309910636109684,8.511622404921038,215.70505746806944,0.9079800433922104,2012-01-10 01:30:00,2021-06-02 13:15:00,BIAS,7,1,5,91,5,14,28,28,3,1,142,103,52,141,4,4,1750,2500,692,-22358.0,623369.0,645727.0,0.9653754605274365,0.4320809248554913,-32.309248554913296,2084.846153846154,-1643.0712468193385,52689.0,51974.0,0.52689,5,2,0.4,138.4,45.95040805041888,0.33201161886140806,62,0.0,0.0,0.0,0.0,False,False,False
2189,148159.0,546656.0,398497.0,1.3717945179010131,0.28597533120146185,67.68341708542714,873.2523961661342,-254.95649392194497,12627.0,9855.0,0.12627,10,10,1.0,218.9,40.80551433323687,0.186411668950374,102,0.06743431043676051,11.733507563158312,186.55972974979582,0.9072678906921918,2012-01-10 02:45:00,2021-06-02 09:45:00,BIAS,7,2,5,91,18,69,46,46,3,5,152,103,3,82,4,4,250,10000,999,41089.0,279648.0,238559.0,1.1722383142115786,0.07807807807807808,41.130130130130134,3585.230769230769,-259.0217155266015,28308.0,25415.0,0.28308,5,3,0.6,199.8,65.96483911903371,0.33015434994511367,92,0.24315510233882548,1.451497809806415,688.2545693494609,0.3682212472817475,True,False,False
1836,155761.0,780859.0,625098.0,1.249178528806683,0.5522875816993464,84.8371459694989,770.077909270217,-760.4598540145986,20012.0,18362.0,0.20012,10,9,0.9,183.6,39.49734168270062,0.21512713334804262,72,0.019202496131894377,7.78337997201679,235.88723749847523,0.9033252656148517,2012-01-10 01:30:00,2021-06-02 13:15:00,BIAS,7,1,5,83,5,14,28,28,3,1,142,103,52,141,4,4,2000,3000,692,20362.0,701961.0,681599.0,1.0298738701201147,0.45664739884393063,29.42485549132948,2221.3955696202534,-1812.7632978723404,39170.0,37392.0,0.3917,5,2,0.4,138.4,45.95040805041888,0.33201161886140806,62,0.1468912680483253,0.5198366096502426,1331.1875061388862,0.2239447613117451,False,False,False
1952,156027.0,755440.0,599413.0,1.2602996598338707,0.4764344262295082,79.93186475409836,812.3010752688172,-586.5097847358121,17839.0,16242.0,0.17839,10,9,0.9,195.2,35.33213834457236,0.1810048070930961,91,0.025578906214949976,8.746398340714165,223.17757823966366,0.901442535375272,2012-01-10 02:45:00,2021-06-02 13:15:00,BIAS,7,2,5,91,18,69,46,46,3,5,152,103,3,82,4,4,750,4000,898,83043.0,605501.0,522458.0,1.1589467478725564,0.22939866369710468,92.47550111358575,2939.3252427184466,-754.9971098265896,24919.0,23709.0,0.24919,5,4,0.8,179.6,56.97578432983613,0.31723710651356424,90,0.04805943908577484,3.3325173562341988,269.4659634165432,0.8823984630971862,True,True,True
2189,147114.0,545611.0,398497.0,1.3691721644077621,0.28597533120146185,67.20603015075378,871.5830670926517,-254.95649392194497,12627.0,9855.0,0.12627,10,10,1.0,218.9,40.80551433323687,0.186411668950374,102,0.06080998409396794,11.650748396293656,187.88492597577388,0.9008687185475814,2012-01-10 02:45:00,2021-06-02 09:45:00,BIAS,7,2,5,91,18,69,46,46,3,5,152,103,3,82,4,4,250,0,999,37374.0,275933.0,238559.0,1.1566656466534484,0.07807807807807808,37.411411411411414,3537.602564102564,-259.0217155266015,29408.0,25415.0,0.29408,5,3,0.6,199.8,65.96483911903371,0.33015434994511367,92,0.3007705891796436,1.2708786724700762,786.0703162626425,0.3286054052155378,True,False,False
1836,163986.0,810228.0,646242.0,1.253753237951108,0.565359477124183,89.31699346405229,780.5664739884393,-809.827067669173,22337.0,21762.0,0.22337,10,10,1.0,183.6,39.49734168270062,0.21512713334804262,72,0.015190321124974083,7.341451403500918,250.08678789652774,0.9001710221645073,2012-01-10 01:30:00,2021-06-02 13:15:00,BIAS,7,1,5,91,5,14,28,28,3,1,142,103,52,141,4,4,2000,2500,692,-9273.0,667303.0,676576.0,0.9862942226741711,0.4667630057803468,-13.40028901734104,2065.953560371517,-1833.5392953929538,52532.0,50927.0,0.52532,5,2,0.4,138.4,45.95040805041888,0.33201161886140806,62,0.0,0.0,0.0,0.0,False,False,False
1836,135871.0,688801.0,552930.0,1.2457291158012769,0.48257080610021785,74.00381263616558,777.4277652370204,-582.0315789473684,15473.0,13838.0,0.15473,10,10,1.0,183.6,39.49734168270062,0.21512713334804262,72,0.03673337209559067,8.781167194467782,209.08382215483803,0.8961282878949135,2012-01-10 01:30:00,2021-06-02 13:15:00,BIAS,7,1,5,91,5,14,28,28,3,1,142,103,52,141,4,4,750,5000,692,37237.0,449138.0,411901.0,1.0904027909619058,0.20664739884393063,53.8106936416185,3140.8251748251746,-750.2750455373406,46723.0,43293.0,0.46723,5,3,0.6,138.4,45.95040805041888,0.33201161886140806,62,0.1340333539221742,0.7969736532328832,868.284663103902,0.37497868769498677,True,False,False
2189,146314.0,544811.0,398497.0,1.3671646210636466,0.28597533120146185,66.84056646870717,870.3051118210863,-254.95649392194497,12627.0,9855.0,0.12627,10,10,1.0,218.9,40.80551433323687,0.186411668950374,102,0.05119810817830146,11.587392096301576,188.9122230271881,0.8959698307813723,2012-01-10 02:45:00,2021-06-02 09:45:00,BIAS,7,2,5,91,18,69,46,46,3,5,152,103,3,82,4,4,250,7500,999,37849.0,276149.0,238300.0,1.1588292068820814,0.07907907907907907,37.886886886886884,3495.5569620253164,-259.0217391304348,27898.0,25005.0,0.27898,5,3,0.6,199.8,65.96483911903371,0.33015434994511367,92,0.19791804274881766,1.3566922360025808,736.3497582498877,0.34166912940745203,True,False,False
1836,150576.0,752807.0,602231.0,1.250030303986344,0.5130718954248366,82.01307189542484,799.1581740976645,-673.6364653243847,19033.0,16424.0,0.19033,10,10,1.0,183.6,39.49734168270062,0.21512713334804262,72,0.0298254701944533,7.911311931907739,232.07276059929868,0.8954324111161821,2012-01-10 01:30:00,2021-06-02 13:15:00,BIAS,7,1,5,91,5,14,28,28,3,1,142,103,52,141,4,4,1000,4500,692,40082.0,542343.0,502261.0,1.079803130245032,0.26445086705202314,57.921965317919074,2963.622950819672,-986.7603143418468,32928.0,28543.0,0.32928,5,3,0.6,138.4,45.95040805041888,0.33201161886140806,62,0.11204530712040317,1.2172619047619047,568.4889975550122,0.4807994557324847,True,False,False
1898,147343.0,798484.0,651141.0,1.226284322443219,0.5342465753424658,77.63066385669126,787.4595660749507,-736.5848416289592,17124.0,16139.0,0.17124,10,9,0.9,189.8,35.46773181357951,0.18686897688924925,85,0.022267769761712467,8.604473253912637,220.58293912842822,0.8935812453016321,2012-01-10 02:45:00,2021-06-02 13:15:00,BIAS,7,2,5,91,18,69,46,46,3,5,152,103,3,82,4,4,1250,2500,843,17083.0,674230.0,657147.0,1.0259957056792468,0.36773428232502964,20.26453143534994,2174.935483870968,-1232.921200750469,45338.0,43018.0,0.45338,5,4,0.8,168.6,51.4455051486522,0.3051334824949716,89,0.14581747936545103,0.37679209493140414,2237.308084060177,0.14335364559298452,False,False,False
1836,175971.0,852184.0,676213.0,1.2602301345877704,0.5577342047930284,95.84477124183006,832.2109375,-832.7746305418719,26174.0,23374.0,0.26174,10,9,0.9,183.6,39.49734168270062,0.21512713334804262,72,0.02836262793301169,6.723122182318331,273.08740644765334,0.8923530878610539,2012-01-10 01:30:00,2021-06-02 13:15:00,BIAS,7,1,5,83,5,14,28,28,3,1,142,103,52,141,4,4,3000,5000,692,75207.0,888276.0,813069.0,1.0924976846983467,0.5,108.6806358381503,2567.271676300578,-2349.9104046242774,60066.0,55471.0,0.60066,5,3,0.6,138.4,45.95040805041888,0.33201161886140806,62,0.06636350339729015,1.2520727200079913,552.6835533926363,0.6679457169663481,True,False,False
1836,127941.0,595796.0,467855.0,1.2734629318912911,0.42538126361655776,69.68464052287581,762.8629961587708,-443.46445497630333,13885.0,11707.0,0.13885,10,10,1.0,183.6,39.49734168270062,0.21512713334804262,72,0.035102117382230874,9.214332012963629,199.254812765259,0.8907738858154675,2012-01-10 01:30:00,2021-06-02 13:15:00,BIAS,7,1,5,91,5,14,28,28,3,1,142,103,52,141,4,4,500,4500,692,25157.0,322255.0,297098.0,1.084675763552767,0.15173410404624277,36.354046242774565,3069.095238095238,-506.12947189097105,31045.0,29354.0,0.31045,5,3,0.6,138.4,45.95040805041888,0.33201161886140806,62,0.17851890129983702,0.8103398292800773,853.9627141551059,0.3107851634608285,True,False,False
1899,136919.0,777760.0,640841.0,1.213655181238404,0.573986308583465,72.10057925223802,713.5412844036697,-792.1396786155748,14927.0,13973.0,0.14927,10,10,1.0,189.9,34.21534743357139,0.18017560523207682,88,0.023963073057793292,9.172573189522343,207.03023685536704,0.8889060091119239,2012-01-10 02:45:00,2021-06-02 13:15:00,BIAS,7,2,5,91,18,69,46,46,3,5,152,103,3,82,4,4,1750,1500,843,3593.0,651029.0,647436.0,1.005549583279274,0.5444839857651246,4.262158956109134,1418.3638344226579,-1686.03125,49218.0,48328.0,0.49218,5,3,0.6,168.6,51.36380048244094,0.30464887593381346,91,0.4149735596994155,0.07300174732821325,11547.66880044531,0.02893816684596154,False,False,False
1836,131136.0,662874.0,531738.0,1.2466176951807093,0.4842047930283224,71.42483660130719,745.6400449943757,-561.4973600844774,14667.0,13721.0,0.14667,10,10,1.0,183.6,39.49734168270062,0.21512713334804262,72,0.0456853953147877,8.940887707097566,205.3487371888726,0.8883456175585285,2012-01-10 01:30:00,2021-06-02 13:15:00,BIAS,7,1,5,83,5,14,28,28,3,1,142,103,52,141,4,4,750,6000,692,35227.0,443404.0,408177.0,1.0863032458957755,0.2153179190751445,50.90606936416185,2975.8657718120803,-751.707182320442,50016.0,46478.0,0.50016,5,4,0.8,138.4,45.95040805041888,0.33201161886140806,62,0.17006841343287818,0.704314619321817,982.5154568938598,0.3428612794330491,True,False,False
1836,174116.0,855250.0,681134.0,1.2556266461518586,0.5610021786492375,94.83442265795208,830.3398058252427,-845.0794044665013,25897.0,24102.0,0.25897,10,7,0.7,183.6,39.49734168270062,0.21512713334804262,72,0.025793149394656437,6.723404255319149,273.0759493670886,0.8876558730781229,2012-01-10 01:30:00,2021-06-02 13:15:00,BIAS,7,1,5,83,5,14,28,28,3,1,142,103,52,141,4,4,4000,4500,692,45732.0,908211.0,862479.0,1.053023899712341,0.5289017341040463,66.08670520231213,2481.4508196721313,-2645.6411042944787,54753.0,51165.0,0.54753,5,3,0.6,138.4,45.95040805041888,0.33201161886140806,62,0.09820257150354238,0.8352419045531752,828.5024927840462,0.42541568196517215,True,False,False
1836,129891.0,579916.0,450025.0,1.288630631631576,0.4362745098039216,70.74673202614379,723.9900124843945,-434.80676328502415,14442.0,11354.0,0.14442,10,9,0.9,183.6,39.49734168270062,0.21512713334804262,72,0.038424525178803765,8.993975903614459,204.1366376423309,0.8867395269161749,2012-01-10 01:30:00,2021-06-02 13:15:00,BIAS,7,1,5,83,5,14,28,28,3,1,142,103,52,141,4,4,500,5000,692,15767.0,312696.0,296929.0,1.0531002360833734,0.1531791907514451,22.784682080924856,2949.9622641509436,-506.7047781569966,36496.0,35055.0,0.36496,5,3,0.6,138.4,45.95040805041888,0.33201161886140806,62,0.3165472188748652,0.43201994739149496,1601.7778905308555,0.1796485407513304,False,False,False
2024,151339.0,690304.0,538965.0,1.280795598972104,0.4095849802371542,74.77223320158103,832.6948130277443,-451.01673640167365,16237.0,14293.0,0.16237,10,9,0.9,202.4,36.57376108633073,0.18070040062416368,97,0.04949814654517342,9.320625731354314,217.15280264835897,0.8838749203633005,2012-01-10 02:45:00,2021-06-02 13:15:00,BIAS,7,2,5,91,18,69,46,46,3,5,152,103,3,82,4,4,500,7500,942,96142.0,502558.0,406416.0,1.236560568481556,0.15180467091295116,102.06157112526539,3514.3916083916083,-508.6558197747184,31441.0,30155.0,0.31441,5,4,0.8,188.4,61.036382592679914,0.3239723067552012,91,0.07791599925110773,3.057854393944213,308.05914168625577,0.8669966689761919,True,False,False
1836,135866.0,710709.0,574843.0,1.2363532303602898,0.5087145969498911,74.00108932461873,760.9304068522484,-637.2982261640798,15932.0,15236.0,0.15932,10,9,0.9,183.6,39.49734168270062,0.21512713334804262,72,0.03305462735342175,8.527868440873712,215.29412803791973,0.8830927484636713,2012-01-10 01:30:00,2021-06-02 13:15:00,BIAS,7,1,5,83,5,14,28,28,3,1,142,103,52,141,4,4,1000,4500,692,34197.0,530258.0,496061.0,1.0689370863663945,0.27890173410404623,49.41763005780347,2747.4507772020725,-994.1102204408818,37323.0,32938.0,0.37323,5,3,0.6,138.4,45.95040805041888,0.33201161886140806,62,0.1313273094131064,0.9162446748653645,755.2567769102552,0.3852982142547538,True,False,False
1908,138803.0,726950.0,588147.0,1.2360005236786042,0.610587002096436,72.74790356394129,623.9914163090128,-791.5841184387617,15446.0,14288.0,0.15446,10,10,1.0,190.8,34.146156445491776,0.17896308409586884,89,0.00713961513800134,8.986339505373559,212.3222696915773,0.8816898106274567,2012-01-10 02:45:00,2021-06-02 13:15:00,BIAS,7,2,5,91,18,69,46,46,3,5,152,103,3,82,4,4,2250,1000,857,-74778.0,548506.0,623284.0,0.8800257988332767,0.6546091015169195,-87.25554259043174,977.729055258467,-2105.689189189189,107947.0,106855.0,1.07947,5,2,0.4,171.4,53.865016476373604,0.31426497360778066,88,0.0,0.0,0.0,0.0,False,False,False
1836,158461.0,809168.0,650707.0,1.243521277625721,0.5571895424836601,86.30773420479302,790.9755620723363,-800.3776137761378,21867.0,20217.0,0.21867,10,10,1.0,183.6,39.49734168270062,0.21512713334804262,72,0.018875306857838836,7.246581606987698,253.36083957566848,0.8791408646957339,2012-01-10 01:30:00,2021-06-02 13:15:00,BIAS,7,1,5,91,5,14,28,28,3,1,142,103,52,141,4,4,1750,3000,692,882.0,666475.0,665593.0,1.0013251341285139,0.41184971098265893,1.2745664739884393,2338.5087719298244,-1635.3636363636363,55986.0,54324.0,0.55986,5,3,0.6,138.4,45.95040805041888,0.33201161886140806,62,3.391156462585034,0.015753938484621154,43925.52380952381,0.00811383413377692,False,False,False
1836,154101.0,796459.0,642358.0,1.2398989348618683,0.5577342047930284,83.93300653594771,777.7919921875,-791.0812807881773,20765.0,16865.0,0.20765,10,9,0.9,183.6,39.49734168270062,0.21512713334804262,72,0.019409348414351626,7.4211895015651335,247.39969240952362,0.8773445185513528,2012-01-10 01:30:00,2021-06-02 13:15:00,BIAS,7,1,5,83,5,14,28,28,3,1,142,103,52,141,4,4,2500,3000,692,30132.0,765257.0,735125.0,1.0409889474579153,0.5014450867052023,43.543352601156066,2205.351585014409,-2130.7971014492755,55179.0,53689.0,0.55179,5,3,0.6,138.4,45.95040805041888,0.33201161886140806,62,0.09926324173636002,0.5460773120208775,1267.219832735962,0.27921471739060555,True,False,False
1836,129351.0,709456.0,580105.0,1.222978598701959,0.5315904139433552,70.45261437908496,726.9016393442623,-674.5406976744187,14653.0,13729.0,0.14653,10,10,1.0,183.6,39.49734168270062,0.21512713334804262,72,0.019257678719144033,8.82761209308674,207.98376510425123,0.8766721164654624,2012-01-10 01:30:00,2021-06-02 13:15:00,BIAS,7,1,5,83,5,14,28,28,3,1,142,103,52,141,4,4,1250,2500,692,-24523.0,515961.0,540484.0,0.9546277040578445,0.3627167630057804,-35.4378612716763,2055.621513944223,-1225.5873015873017,46089.0,44251.0,0.46089,5,3,0.6,138.4,45.95040805041888,0.33201161886140806,62,0.0,0.0,0.0,0.0,False,False,False
1914,129294.0,721169.0,591875.0,1.2184481520591341,0.6055381400208987,67.55172413793103,622.2338222605695,-783.9403973509934,13511.0,12329.0,0.13511,10,10,1.0,191.4,33.92992779243717,0.17727235001273337,90,0.0076647021516853065,9.569535933683666,200.0096988259316,0.8753788426332854,2012-01-10 02:45:00,2021-06-02 13:15:00,BIAS,7,2,5,91,18,69,46,46,3,5,152,103,3,82,4,4,2000,1000,865,-60185.0,537605.0,597790.0,0.8993208317302063,0.6358381502890174,-69.57803468208093,977.4636363636364,-1897.7460317460318,98996.0,97381.0,0.98996,5,2,0.4,173.0,54.56372421307035,0.31539724978653383,89,0.0,0.0,0.0,0.0,False,False,False
1836,122981.0,590327.0,467346.0,1.2631476464974558,0.42592592592592593,66.98311546840958,754.8938618925831,-443.4022770398482,13358.0,11707.0,0.13358,10,10,1.0,183.6,39.49734168270062,0.21512713334804262,72,0.03245216740797359,9.20654289564306,199.42339060505284,0.8729673047129901,2012-01-10 01:30:00,2021-06-02 13:15:00,BIAS,7,1,5,91,5,14,28,28,3,1,142,103,52,141,4,4,500,4000,692,17127.0,313716.0,296589.0,1.0577465785986668,0.1531791907514451,24.75,2959.5849056603774,-506.1245733788396,30238.0,28737.0,0.30238,5,3,0.6,138.4,45.95040805041888,0.33201161886140806,62,0.23302388042272434,0.5664065083669555,1221.7373737373737,0.2143887670175722,False,False,False
1836,122286.0,571802.0,449516.0,1.2720392600040933,0.43681917211328974,66.60457516339869,712.9700748129676,-434.7350096711799,13358.0,11354.0,0.13358,10,9,0.9,183.6,39.49734168270062,0.21512713334804262,72,0.03263660598923834,9.154514148824674,200.55679309160493,0.8680339225094341,2012-01-10 01:30:00,2021-06-02 13:15:00,BIAS,7,1,5,83,5,14,28,28,3,1,142,103,52,141,4,4,500,4000,692,10912.0,305805.0,294893.0,1.0370032520270065,0.15895953757225434,15.76878612716763,2780.0454545454545,-506.6890034364261,29516.0,28075.0,0.29516,5,3,0.6,138.4,45.95040805041888,0.33201161886140806,62,0.3657441348973607,0.3696977910285947,1871.799120234604,0.13825245968452854,False,False,False
2190,141255.0,540011.0,398756.0,1.3542391838618102,0.28584474885844746,64.5,862.6373801916933,-254.95907928388746,12627.0,9855.0,0.12627,10,10,1.0,219.0,40.79950980097677,0.18629913151130945,102,0.0424126579590103,11.186742694226657,195.7674418604651,0.8645955164436578,2012-01-10 02:45:00,2021-06-02 09:45:00,BIAS,7,2,5,91,18,69,46,46,3,5,152,103,3,82,4,4,250,6000,1000,38270.0,276311.0,238041.0,1.1607706235480442,0.081,38.27,3411.246913580247,-259.02176278563655,23046.0,22048.0,0.23046,5,3,0.6,200.0,66.14227090144396,0.33071135450721983,92,0.15654559707342566,1.6605918597587435,602.1949307551606,0.3797204948038061,True,False,False
1872,159452.0,854431.0,694979.0,1.2294342706758046,0.5587606837606838,85.17735042735043,816.8556405353728,-841.3789346246973,22376.0,21181.0,0.22376,10,9,0.9,187.2,36.24306830278032,0.19360613409604874,81,0.020576725284098037,7.1260278870218094,262.6989438827986,0.8577016677471668,2012-01-10 02:45:00,2021-06-02 13:15:00,BIAS,7,2,5,91,18,69,46,46,3,5,152,103,3,82,4,4,2000,3000,787,-8648.0,812343.0,820991.0,0.9894663887911074,0.4358322744599746,-10.98856416772554,2368.3469387755104,-1849.0788288288288,61196.0,58284.0,0.61196,5,2,0.4,157.4,47.49989473672547,0.30177823847983143,83,0.0,0.0,0.0,0.0,False,False,False
1836,131506.0,730334.0,598828.0,1.2196056296632756,0.5413943355119826,71.62636165577342,734.7424547283703,-711.1971496437054,15825.0,14142.0,0.15825,10,10,1.0,183.6,39.49734168270062,0.21512713334804262,72,0.018942101501072194,8.31001579778831,220.93820814259425,0.8576387329806593,2012-01-10 01:30:00,2021-06-02 13:15:00,BIAS,7,1,5,83,5,14,28,28,3,1,142,103,52,141,4,4,1500,2500,692,-19928.0,572141.0,592069.0,0.966341760842064,0.4060693641618497,-28.797687861271676,2036.0889679715303,-1440.5571776155718,47939.0,46684.0,0.47939,5,2,0.4,138.4,45.95040805041888,0.33201161886140806,62,0.0,0.0,0.0,0.0,False,False,False
1836,161241.0,830519.0,669278.0,1.2409178248799453,0.5713507625272332,87.8218954248366,791.7244995233556,-850.4167725540026,23997.0,23422.0,0.23997,10,10,1.0,183.6,39.49734168270062,0.21512713334804262,72,0.015448924281045143,6.719214901862733,273.24620909073997,0.853940644670618,2012-01-10 01:30:00,2021-06-02 13:15:00,BIAS,7,1,5,91,5,14,28,28,3,1,142,103,52,141,4,4,2500,2500,692,8262.0,733016.0,724754.0,1.011399730115322,0.5144508670520231,11.939306358381502,2059.0337078651687,-2157.0059523809523,63767.0,62282.0,0.63767,5,3,0.6,138.4,45.95040805041888,0.33201161886140806,62,0.3015008472524812,0.12956544921354304,5340.930041152264,0.07121712838615443,False,False,False
2025,137990.0,677464.0,539474.0,1.2557861917349122,0.4093827160493827,68.14320987654321,817.2062726176116,-451.0652173913044,14503.0,13593.0,0.14503,10,9,0.9,202.5,36.5738977961059,0.18061184096842423,97,0.036169287629538374,9.514583189684894,212.83118341908835,0.8523088898201504,2012-01-10 02:45:00,2021-06-02 13:15:00,BIAS,7,2,5,91,18,69,46,46,3,5,152,103,3,82,4,4,500,5000,944,92234.0,496105.0,403871.0,1.2283749018869887,0.15889830508474576,97.70550847457628,3307.366666666667,-508.6536523929471,33906.0,31237.0,0.33906,5,4,0.8,188.8,61.30383348535391,0.3247025078673406,91,0.05411236637248737,2.7202854951925914,347.0223995489732,0.7992527238876102,True,False,False
1836,174371.0,878867.0,704496.0,1.247511696304876,0.5784313725490197,94.97331154684096,827.5583804143126,-910.2015503875969,28232.0,24737.0,0.28232,10,9,0.9,183.6,39.49734168270062,0.21512713334804262,72,0.017153081647751058,6.1763601586851795,297.2624576334367,0.8514009164577375,2012-01-10 01:30:00,2021-06-02 13:15:00,BIAS,7,1,5,91,5,14,28,28,3,1,142,103,52,141,4,4,5000,3000,692,28317.0,894593.0,866276.0,1.0326881963715953,0.5679190751445087,40.92052023121387,2276.3180661577608,-2897.2441471571906,62732.0,58522.0,0.62732,5,3,0.6,138.4,45.95040805041888,0.33201161886140806,62,0.10562559593177244,0.4513964165019448,1533.0205883391602,0.24609338166971184,False,False,False
1836,166776.0,847910.0,681134.0,1.2448504993143787,0.5610021786492375,90.83660130718954,823.2135922330098,-845.0794044665013,25897.0,24102.0,0.25897,10,7,0.7,183.6,39.49734168270062,0.21512713334804262,72,0.02393030172207032,6.439973742132294,285.0943301194417,0.850236025916498,2012-01-10 01:30:00,2021-06-02 13:15:00,BIAS,7,1,5,83,5,14,28,28,3,1,142,103,52,141,4,4,4000,4000,692,34997.0,887895.0,852898.0,1.0410330426381584,0.5346820809248555,50.573699421965316,2399.7162162162163,-2648.751552795031,67803.0,61597.0,0.67803,5,3,0.6,138.4,45.95040805041888,0.33201161886140806,62,0.1140383461439552,0.5161571021931183,1340.6770866074235,0.2925523713406892,True,False,False
1836,142531.0,744762.0,602231.0,1.2366716426088993,0.5130718954248366,77.63126361655773,790.6178343949044,-673.6364653243847,19033.0,16424.0,0.19033,10,10,1.0,183.6,39.49734168270062,0.21512713334804262,72,0.02800092611431899,7.488625019702622,245.17184331829569,0.8475910967803669,2012-01-10 01:30:00,2021-06-02 13:15:00,BIAS,7,1,5,91,5,14,28,28,3,1,142,103,52,141,4,4,1000,4000,692,21842.0,522085.0,500243.0,1.043662779888974,0.26734104046242774,31.563583815028903,2822.0810810810813,-986.67258382643,36691.0,34954.0,0.36691,5,2,0.4,138.4,45.95040805041888,0.33201161886140806,62,0.1827213625125904,0.5952958491183123,1162.4472117937917,0.24820463583022323,False,False,False
1836,159881.0,857945.0,698064.0,1.2290348735932521,0.5718954248366013,87.08115468409586,817.0904761904762,-888.1221374045801,23994.0,21858.0,0.23994,10,9,0.9,183.6,39.49734168270062,0.21512713334804262,72,0.01870766382496982,6.663374176877553,275.5360799594698,0.8467909472954699,2012-01-10 01:30:00,2021-06-02 13:15:00,BIAS,7,1,5,91,5,14,28,28,3,1,142,103,52,141,4,4,3000,3000,692,41817.0,831177.0,789360.0,1.0529758285193067,0.523121387283237,60.429190751445084,2296.0690607734805,-2392.0,42882.0,40717.0,0.42882,5,3,0.6,138.4,45.95040805041888,0.33201161886140806,62,0.07152593442858168,0.9751644046453057,709.6239328502762,0.4395543848393464,True,False,False
1836,124721.0,574746.0,450025.0,1.2771423809788345,0.4362745098039216,67.93082788671023,717.5355805243446,-434.80676328502415,14665.0,11354.0,0.14665,10,9,0.9,183.6,39.49734168270062,0.21512713334804262,72,0.03600837068336527,8.504670985339244,215.88136721161635,0.8449465333481601,2012-01-10 01:30:00,2021-06-02 13:15:00,BIAS,7,1,5,83,5,14,28,28,3,1,142,103,52,141,4,4,500,4500,692,18527.0,313929.0,295402.0,1.0627179233722182,0.157514450867052,26.773121387283236,2880.0825688073396,-506.69296740994855,29105.0,27414.0,0.29105,5,3,0.6,138.4,45.95040805041888,0.33201161886140806,62,0.24240297943541858,0.6365572925614156,1087.0977492308523,0.23638426266311016,False,False,False
1861,173591.0,891410.0,717819.0,1.2418311579938675,0.5722729715206878,93.27834497581945,837.0046948356808,-901.7826633165829,27767.0,23113.0,0.27767,10,9,0.9,186.1,37.200672036940404,0.19989614205771308,78,0.01890074946281777,6.251701660244175,297.6789522498286,0.843178854028734,2012-01-10 02:45:00,2021-06-02 13:15:00,BIAS,7,2,5,91,18,69,46,46,3,5,152,103,3,82,4,4,3000,3000,758,34748.0,923123.0,888375.0,1.0391141128464894,0.5184696569920845,45.84168865435356,2348.913486005089,-2433.904109589041,60964.0,57283.0,0.60964,5,3,0.6,151.6,43.88439358131772,0.2894748916973464,81,0.08607689651202947,0.5699757233777312,1329.8812017957869,0.27965799178536854,False,False,False
2190,137335.0,536091.0,398756.0,1.3444086107795243,0.28584474885844746,62.710045662100455,856.3753993610223,-254.95907928388746,12627.0,9855.0,0.12627,10,10,1.0,219.0,40.79950980097677,0.18629913151130945,102,0.03634179196854407,10.876296824265463,201.35529908617613,0.8406019273709939,2012-01-10 02:45:00,2021-06-02 09:45:00,BIAS,7,2,5,91,18,69,46,46,3,5,152,103,3,82,4,4,250,5000,1001,49381.0,286645.0,237264.0,1.2081268123271967,0.08491508491508491,49.33166833166833,3372.294117647059,-259.0218340611354,22162.0,20304.0,0.22162,5,3,0.6,200.2,66.22809071685518,0.3308096439403356,92,0.10107126222636237,2.2281833769515385,449.24489175998866,0.49914265226644106,True,True,True
1915,143080.0,794812.0,651732.0,1.2195380923447061,0.5049608355091384,74.7154046997389,821.9358841778698,-687.4810126582279,17982.0,15383.0,0.17982,10,9,0.9,191.5,35.60688135740057,0.18593671727102123,86,0.027893486161587922,7.956845734623513,240.67325971484487,0.8392561089760763,2012-01-10 02:45:00,2021-06-02 13:15:00,BIAS,7,2,5,91,18,69,46,46,3,5,152,103,3,82,4,4,1000,4000,856,100576.0,707929.0,607353.0,1.1655972720971166,0.2850467289719626,117.49532710280374,2901.348360655738,-992.406862745098,35350.0,34140.0,0.3535,5,5,1.0,171.2,53.20676648697983,0.3107871874239476,87,0.03968143493477569,2.845148514851485,300.8630289532294,0.9413025609772858,True,False,False
1836,126791.0,744537.0,617746.0,1.2052477879257817,0.5484749455337691,69.0582788671024,739.3614697120158,-745.1700844390832,15445.0,14736.0,0.15445,10,9,0.9,183.6,39.49734168270062,0.21512713334804262,72,0.01964650487810649,8.20919391388799,223.6516787469142,0.8369994037545037,2012-01-10 01:30:00,2021-06-02 13:15:00,BIAS,7,1,5,83,5,14,28,28,3,1,142,103,52,141,4,4,1750,2500,692,-28608.0,609588.0,638196.0,0.9551736457138559,0.43786127167630057,-41.34104046242775,2011.8415841584158,-1640.6066838046272,62429.0,61174.0,0.62429,5,2,0.4,138.4,45.95040805041888,0.33201161886140806,62,0.0,0.0,0.0,0.0,False,False,False
2025,143360.0,682834.0,539474.0,1.2657403322495615,0.4093827160493827,70.79506172839505,823.6839565741858,-451.0652173913044,16237.0,14293.0,0.16237,10,9,0.9,202.5,36.5738977961059,0.18061184096842423,97,0.04178989955357143,8.82921721992979,229.35215541294644,0.8368611831962379,2012-01-10 02:45:00,2021-06-02 13:15:00,BIAS,7,2,5,91,18,69,46,46,3,5,152,103,3,82,4,4,500,6000,943,78193.0,484609.0,406416.0,1.192396460769261,0.15270413573700956,82.91940615058324,3365.340277777778,-508.6558197747184,33811.0,31142.0,0.33811,5,4,0.8,188.6,61.20326788660879,0.324513615517544,91,0.07661811159566713,2.312649729378013,407.75738237438134,0.6792513807818571,True,False,False
1836,128546.0,703389.0,574843.0,1.2236193186661402,0.5087145969498911,70.01416122004358,753.093147751606,-637.2982261640798,15932.0,15236.0,0.15932,10,9,0.9,183.6,39.49734168270062,0.21512713334804262,72,0.031047251567532245,8.068415767009792,227.55396511754546,0.835514701573691,2012-01-10 01:30:00,2021-06-02 13:15:00,BIAS,7,1,5,83,5,14,28,28,3,1,142,103,52,141,4,4,1000,4000,692,21332.0,515375.0,494043.0,1.0431784277886742,0.2817919075144509,30.826589595375722,2642.948717948718,-994.0503018108652,39915.0,38379.0,0.39915,5,3,0.6,138.4,45.95040805041888,0.33201161886140806,62,0.1870898181136321,0.5344356758110986,1294.8237389836866,0.23241318826606028,False,False,False
1836,139691.0,771059.0,631368.0,1.2212513146057449,0.5577342047930284,76.08442265795208,752.9873046875,-777.5467980295566,18827.0,17647.0,0.18827,10,9,0.9,183.6,39.49734168270062,0.21512713334804262,72,0.01783221538968151,7.41971636479524,247.44881202081737,0.8352347268102976,2012-01-10 01:30:00,2021-06-02 13:15:00,BIAS,7,1,5,83,5,14,28,28,3,1,142,103,52,141,4,4,2250,2500,692,-7463.0,686444.0,693907.0,0.989244956456701,0.49710982658959535,-10.784682080924856,1995.4767441860465,-1993.9856321839081,63346.0,61861.0,0.63346,5,3,0.6,138.4,45.95040805041888,0.33201161886140806,62,0.0,0.0,0.0,0.0,False,False,False
1836,123231.0,654969.0,531738.0,1.2317513512293647,0.4842047930283224,67.11928104575163,736.7480314960629,-561.4973600844774,14667.0,13721.0,0.14667,10,10,1.0,183.6,39.49734168270062,0.21512713334804262,72,0.04050117259455819,8.401922683575373,218.52141100859362,0.8347953178177999,2012-01-10 01:30:00,2021-06-02 13:15:00,BIAS,7,1,5,83,5,14,28,28,3,1,142,103,52,141,4,4,750,5000,692,32117.0,438017.0,405900.0,1.0791254003449124,0.21965317919075145,46.41184971098266,2881.690789473684,-751.6666666666666,46363.0,43145.0,0.46363,5,4,0.8,138.4,45.95040805041888,0.33201161886140806,62,0.15540056667808325,0.6927291158898259,998.9474733007442,0.32467321903672947,True,False,False
1903,128538.0,731555.0,603017.0,1.2131581696701752,0.6148187073042565,67.54492905937992,625.2606837606837,-822.6698499317872,14856.0,14234.0,0.14856,10,9,0.9,190.3,34.71325395292121,0.18241331556973833,87,0.00778758032644043,8.652261712439419,219.94249171451244,0.8347283412286282,2012-01-10 02:45:00,2021-06-02 13:15:00,BIAS,7,2,5,91,18,69,46,46,3,5,152,103,3,82,4,4,3000,1000,838,-59897.0,577245.0,637142.0,0.9059911291360482,0.7040572792362768,-71.47613365155131,978.3813559322034,-2569.1209677419356,94831.0,94108.0,0.94831,5,2,0.4,167.6,51.211717409202365,0.305559173085933,87,0.0,0.0,0.0,0.0,False,False,False
1836,145241.0,765759.0,620518.0,1.234064120621803,0.5468409586056645,79.10729847494554,762.7081673306773,-745.8149038461538,20427.0,18777.0,0.20427,10,10,1.0,183.6,39.49734168270062,0.21512713334804262,72,0.020593358624630787,7.110246242717971,258.21890513009413,0.8337149970849675,2012-01-10 01:30:00,2021-06-02 13:15:00,BIAS,7,1,5,83,5,14,28,28,3,1,142,103,52,141,4,4,1750,3000,692,-1033.0,653543.0,654576.0,0.9984218792011929,0.4234104046242775,-1.4927745664739884,2230.5221843003415,-1640.5413533834587,57581.0,55974.0,0.57581,5,3,0.6,138.4,45.95040805041888,0.33201161886140806,62,0.0,0.0,0.0,0.0,False,False,False
1836,162101.0,854998.0,692897.0,1.233946748217989,0.5789760348583878,88.29030501089325,804.3254938852305,-896.3738680465718,25744.0,24214.0,0.25744,10,9,0.9,183.6,39.49734168270062,0.21512713334804262,72,0.01536696257271701,6.296651646985706,291.5835435931919,0.8288546121539334,2012-01-10 01:30:00,2021-06-02 13:15:00,BIAS,7,1,5,91,5,14,28,28,3,1,142,103,52,141,4,4,4000,2500,692,40922.0,830460.0,789538.0,1.0518303108906728,0.5852601156069365,59.13583815028902,2050.5185185185187,-2751.0034843205576,38189.0,36762.0,0.38189,5,3,0.6,138.4,45.95040805041888,0.33201161886140806,62,0.060871902644054544,1.0715651103720967,645.7843702653829,0.45581117463416515,True,False,False
1836,136561.0,758637.0,622076.0,1.2195246240009259,0.553921568627451,74.37962962962963,745.9557522123894,-759.5555555555555,18277.0,17097.0,0.18277,10,9,0.9,183.6,39.49734168270062,0.21512713334804262,72,0.01824093262351623,7.471740438802867,245.72588074193948,0.8287144474786492,2012-01-10 01:30:00,2021-06-02 13:15:00,BIAS,7,1,5,83,5,14,28,28,3,1,142,103,52,141,4,4,2000,2500,692,-11048.0,652171.0,663219.0,0.983341852389633,0.47109826589595377,-15.965317919075144,2000.5245398773006,-1812.0737704918033,60748.0,59043.0,0.60748,5,2,0.4,138.4,45.95040805041888,0.33201161886140806,62,0.0,0.0,0.0,0.0,False,False,False
1836,163071.0,839284.0,676213.0,1.2411533052455366,0.5577342047930284,88.81862745098039,819.61328125,-832.7746305418719,26174.0,23374.0,0.26174,10,8,0.8,183.6,39.49734168270062,0.21512713334804262,72,0.027540151222473646,6.230266676854894,294.6904354544953,0.8269368838648977,2012-01-10 01:30:00,2021-06-02 13:15:00,BIAS,7,1,5,83,5,14,28,28,3,1,142,103,52,141,4,4,3000,4500,692,63142.0,875258.0,812116.0,1.0777499766043275,0.5028901734104047,91.24566473988439,2515.109195402299,-2360.8023255813955,49295.0,44666.0,0.49295,5,3,0.6,138.4,45.95040805041888,0.33201161886140806,62,0.07112539989230623,1.2809006998681407,540.2448449526464,0.6190335091612164,True,False,False
2191,134971.0,533727.0,398756.0,1.3384801733390845,0.2861706983112734,61.60246462802373,851.2392344497607,-254.95907928388746,12627.0,9855.0,0.12627,10,10,1.0,219.1,40.51283747159658,0.18490569361751066,103,0.0332738143749398,10.689078957788865,204.97556512139644,0.8257552669654007,2012-01-10 02:45:00,2021-06-02 09:45:00,BIAS,7,2,5,91,18,69,46,46,3,5,152,103,3,82,4,4,250,4500,1002,55377.0,292123.0,236746.0,1.2339089150397473,0.08782435129740519,55.26646706586826,3319.5795454545455,-259.0218818380744,21672.0,19814.0,0.21672,5,3,0.6,200.4,65.9017450451807,0.3288510231795444,93,0.08109865106452137,2.5552325581395348,392.13651877133105,0.5654778025422943,True,True,True
1866,160191.0,830922.0,670731.0,1.2388304700394048,0.5771704180064309,85.84726688102894,771.5153203342618,-850.1026615969582,24588.0,23008.0,0.24588,10,9,0.9,186.6,36.89498610922628,0.19772232641600365,79,0.020481799851427358,6.515007320644217,286.4156413281645,0.8246472699063786,2012-01-10 02:45:00,2021-06-02 13:15:00,BIAS,7,2,5,91,18,69,46,46,3,5,152,103,3,82,4,4,2500,2000,788,-30102.0,767965.0,798067.0,0.9622813623417583,0.5456852791878173,-38.2005076142132,1785.9651162790697,-2229.2374301675977,76355.0,73042.0,0.76355,5,3,0.6,157.6,46.13285163525013,0.29272113981757697,85,0.0,0.0,0.0,0.0,False,False,False
1836,161576.0,856376.0,694800.0,1.2325503742084052,0.5806100217864923,88.00435729847494,803.3545966228893,-902.3376623376623,25878.0,23902.0,0.25878,10,9,0.9,183.6,39.49734168270062,0.21512713334804262,72,0.015416893598059117,6.243759177679882,294.0536218250235,0.824028392725846,2012-01-10 01:30:00,2021-06-02 13:15:00,BIAS,7,1,5,91,5,14,28,28,3,1,142,103,52,141,4,4,5000,2500,692,39477.0,851861.0,812384.0,1.048594014653169,0.6011560693641619,57.047687861271676,2047.7427884615386,-2943.4202898550725,46758.0,42328.0,0.46758,5,3,0.6,138.4,45.95040805041888,0.33201161886140806,62,0.06310003293056717,0.8442833311946619,819.6300630747018,0.39738680136687,True,False,False
1857,171282.0,899961.0,728679.0,1.235058235519344,0.5767366720516963,92.23586429725364,840.2997198879552,-927.0725190839695,28434.0,24904.0,0.28434,10,9,0.9,185.7,37.60598356644857,0.20250933530666976,77,0.0191555446573487,6.023844692973201,308.27488002241915,0.8239183905986127,2012-01-10 02:45:00,2021-06-02 13:15:00,BIAS,7,2,5,91,18,69,46,46,3,5,152,103,3,82,4,4,4000,3000,744,73839.0,969406.0,895567.0,1.0824494426435989,0.5591397849462365,99.24596774193549,2330.3028846153848,-2730.387195121951,38982.0,38436.0,0.38982,5,4,0.8,148.8,44.26014008111587,0.2974471779644884,77,0.04050704912038354,1.8941819301215945,392.78170072725794,0.7571539057208789,True,False,False
1836,124466.0,677396.0,552930.0,1.2251026350532617,0.48257080610021785,67.79193899782135,764.5553047404063,-582.0315789473684,15473.0,13838.0,0.15473,10,10,1.0,183.6,39.49734168270062,0.21512713334804262,72,0.03608214291453088,8.04407677890519,228.24247585686052,0.820907356839416,2012-01-10 01:30:00,2021-06-02 13:15:00,BIAS,7,1,5,91,5,14,28,28,3,1,142,103,52,141,4,4,750,4500,692,34242.0,443107.0,408865.0,1.0837489146784391,0.21242774566473988,49.482658959537574,3014.3333333333335,-750.2110091743119,39444.0,35854.0,0.39444,5,3,0.6,138.4,45.95040805041888,0.33201161886140806,62,0.1311547222708954,0.8681168238515363,797.1277378657788,0.3752890630607671,True,False,False
2026,134881.0,674355.0,539474.0,1.250023170718144,0.4096742349457058,66.57502467917078,812.4759036144578,-451.0652173913044,15003.0,14093.0,0.15003,10,9,0.9,202.6,36.285534307765126,0.17909937960397398,98,0.03329601648860848,8.990268612944078,225.35477939813615,0.8187015943451748,2012-01-10 02:45:00,2021-06-02 13:15:00,BIAS,7,2,5,91,18,69,46,46,3,5,152,103,3,82,4,4,500,4500,945,97050.0,499394.0,402344.0,1.2412115006064461,0.16296296296296298,102.6984126984127,3242.818181818182,-508.65233881163084,33661.0,30992.0,0.33661,5,4,0.8,189.0,60.98524411691733,0.3226732492958589,92,0.04627511591962906,2.883158551439351,327.76553323029367,0.8431475433565541,True,False,False
1836,141111.0,749843.0,608732.0,1.2318113718352246,0.5571895424836601,76.8578431372549,732.9843597262952,-748.7478474784748,20057.0,19482.0,0.20057,10,10,1.0,183.6,39.49734168270062,0.21512713334804262,72,0.014109459928708606,7.035498828339233,260.9623062695325,0.8174450345289651,2012-01-10 01:30:00,2021-06-02 13:15:00,BIAS,7,1,5,91,5,14,28,28,3,1,142,103,52,141,4,4,1500,2000,692,-31513.0,536426.0,567939.0,0.9445134072497222,0.434971098265896,-45.53901734104046,1782.1461794019933,-1452.5294117647059,54312.0,52832.0,0.54312,5,2,0.4,138.4,45.95040805041888,0.33201161886140806,62,0.0,0.0,0.0,0.0,False,False,False
1836,135121.0,773957.0,638836.0,1.211511248583361,0.559368191721133,73.59531590413944,753.6095423563778,-789.6613102595797,18437.0,17257.0,0.18437,10,9,0.9,183.6,39.49734168270062,0.21512713334804262,72,0.01843532833534388,7.328795357162228,250.518661051946,0.816410159809696,2012-01-10 01:30:00,2021-06-02 13:15:00,BIAS,7,1,5,83,5,14,28,28,3,1,142,103,52,141,4,4,2500,2500,692,3552.0,714664.0,711112.0,1.004994993756258,0.5187861271676301,5.132947976878612,1990.707520891365,-2135.4714714714714,62437.0,60832.0,0.62437,5,3,0.6,138.4,45.95040805041888,0.33201161886140806,62,0.701295045045045,0.05688934445921489,12163.96509009009,0.03094205854107097,False,False,False
1881,147906.0,830097.0,682191.0,1.2168102481563081,0.5566188197767146,78.63157894736842,792.8338108882522,-817.9748201438849,21126.0,19931.0,0.21126,10,9,0.9,188.1,35.68038676920417,0.1896883932440413,83,0.022183008126783227,7.001136040897472,268.67068273092366,0.8148763498640647,2012-01-10 02:45:00,2021-06-02 13:15:00,BIAS,7,2,5,91,18,69,46,46,3,5,152,103,3,82,4,4,1750,2500,808,-18287.0,743668.0,761955.0,0.975999895006923,0.4368811881188119,-22.632425742574256,2106.7082152974504,-1674.6263736263736,64233.0,61193.0,0.64233,5,2,0.4,161.6,48.644012992350866,0.3010149318833593,87,0.0,0.0,0.0,0.0,False,False,False
1900,135315.0,773866.0,638551.0,1.2119094637703174,0.54,71.21842105263158,754.2553606237817,-730.6075514874142,17433.0,15868.0,0.17433,10,10,1.0,190.0,35.205113264979,0.18529006981567894,86,0.024247127073864685,7.762003097573567,244.7821749251746,0.8124742965355028,2012-01-10 02:45:00,2021-06-02 13:15:00,BIAS,7,2,5,91,18,69,46,46,3,5,152,103,3,82,4,4,1250,2000,859,-17026.0,624121.0,641147.0,0.9734444674934142,0.3969732246798603,-19.820721769499418,1830.266862170088,-1237.7355212355212,46464.0,43224.0,0.46464,5,1,0.2,171.8,52.8068177416515,0.30737379360681893,90,0.0,0.0,0.0,0.0,False,False,False
2026,128431.0,667905.0,539474.0,1.2380670801558555,0.4096742349457058,63.39141164856861,804.7048192771084,-451.0652173913044,13812.0,13074.0,0.13812,10,9,0.9,202.6,36.285534307765126,0.17909937960397398,98,0.031075051973433205,9.298508543295686,217.88440485552553,0.8124665559861586,2012-01-10 02:45:00,2021-06-02 13:15:00,BIAS,7,2,5,91,18,69,46,46,3,5,152,103,3,82,4,4,500,4000,946,86901.0,488227.0,401326.0,1.2165346875109013,0.16596194503171247,91.8615221987315,3109.7261146496817,-508.6514575411914,23939.0,23520.0,0.23939,5,5,1.0,189.2,61.153577164381815,0.3232218666193542,92,0.045925823638393114,3.6301015079994987,260.59877331676273,0.8943015633523408,True,True,True
1836,153231.0,783232.0,630001.0,1.2432234234548833,0.5702614379084967,83.45915032679738,748.07258834766,-798.4803548795944,24237.0,23662.0,0.24237,10,9,0.9,183.6,39.49734168270062,0.21512713334804262,72,0.012993454327127018,6.322193340759995,290.405544569963,0.8074913563841764,2012-01-10 01:30:00,2021-06-02 13:15:00,BIAS,7,1,5,91,5,14,28,28,3,1,142,103,52,141,4,4,2000,2000,692,-13658.0,619839.0,633497.0,0.9784403083203236,0.5043352601156069,-19.73699421965318,1776.0429799426934,-1846.930029154519,56748.0,55043.0,0.56748,5,2,0.4,138.4,45.95040805041888,0.33201161886140806,62,0.0,0.0,0.0,0.0,False,False,False
1836,131031.0,727953.0,596922.0,1.2195110919014545,0.5435729847494554,71.36764705882354,729.4118236472946,-712.3174224343676,17927.0,17352.0,0.17927,10,10,1.0,183.6,39.49734168270062,0.21512713334804262,72,0.015194877548061146,7.30914263401573,251.19225221512465,0.8028805257751248,2012-01-10 01:30:00,2021-06-02 13:15:00,BIAS,7,1,5,91,5,14,28,28,3,1,142,103,52,141,4,4,1250,2000,692,-37318.0,483234.0,520552.0,0.9283107163165255,0.38872832369942195,-53.92774566473989,1796.4089219330856,-1230.6193853427897,52597.0,50027.0,0.52597,5,1,0.2,138.4,45.95040805041888,0.33201161886140806,62,0.0,0.0,0.0,0.0,False,False,False
1836,133481.0,765610.0,632129.0,1.2111610130210764,0.5637254901960784,72.7020697167756,739.7198067632851,-789.1747815230962,18807.0,18232.0,0.18807,10,10,1.0,183.6,39.49734168270062,0.21512713334804262,72,0.01491598055153917,7.097410538629234,258.6858953708768,0.7985284009360896,2012-01-10 01:30:00,2021-06-02 13:15:00,BIAS,7,1,5,91,5,14,28,28,3,1,142,103,52,141,4,4,1750,2000,692,-34983.0,573473.0,608456.0,0.9425052920835689,0.4667630057803468,-50.55346820809248,1775.4582043343653,-1648.9322493224931,65070.0,63457.0,0.6507,5,2,0.4,138.4,45.95040805041888,0.33201161886140806,62,0.0,0.0,0.0,0.0,False,False,False
1836,156731.0,832944.0,676213.0,1.2317775612122215,0.5577342047930284,85.36546840958606,813.421875,-832.7746305418719,26174.0,23374.0,0.26174,10,7,0.7,183.6,39.49734168270062,0.21512713334804262,72,0.025464011586731405,5.988041567968213,306.61109799592936,0.794786594459035,2012-01-10 01:30:00,2021-06-02 13:15:00,BIAS,7,1,5,83,5,14,28,28,3,1,142,103,52,141,4,4,3000,4000,692,52272.0,856172.0,803900.0,1.0650230128125389,0.5086705202312138,75.53757225433526,2432.306818181818,-2364.4117647058824,52897.0,51117.0,0.52897,5,3,0.6,138.4,45.95040805041888,0.33201161886140806,62,0.07635062748699112,0.9881845851371533,700.2740281603918,0.4947101902795985,True,False,False
1836,148526.0,793738.0,645212.0,1.2301972064995692,0.5735294117647058,80.89651416122004,753.7872744539411,-824.0255427841635,23797.0,23222.0,0.23797,10,10,1.0,183.6,39.49734168270062,0.21512713334804262,72,0.013405060393466464,6.241374963230659,294.1659507426309,0.7898998977190868,2012-01-10 01:30:00,2021-06-02 13:15:00,BIAS,7,1,5,91,5,14,28,28,3,1,142,103,52,141,4,4,2250,2000,692,-8178.0,650946.0,659124.0,0.9875926229358968,0.5289017341040463,-11.81791907514451,1778.5409836065573,-2021.8527607361964,54503.0,52821.0,0.54503,5,3,0.6,138.4,45.95040805041888,0.33201161886140806,62,0.0,0.0,0.0,0.0,False,False,False
1836,116561.0,648299.0,531738.0,1.219207579672696,0.4842047930283224,63.4863834422658,729.2452193475815,-561.4973600844774,14667.0,13721.0,0.14667,10,10,1.0,183.6,39.49734168270062,0.21512713334804262,72,0.0385291821449713,7.947160291811549,231.02591775979957,0.7896111939378937,2012-01-10 01:30:00,2021-06-02 13:15:00,BIAS,7,1,5,83,5,14,28,28,3,1,142,103,52,141,4,4,750,4500,692,30047.0,433670.0,403623.0,1.0744432304402871,0.2239884393063584,43.42052023121387,2797.8709677419356,-751.6256983240223,39383.0,36165.0,0.39383,5,4,0.8,138.4,45.95040805041888,0.33201161886140806,62,0.1494658368555929,0.7629434019754716,907.0135454454688,0.3295671978978908,True,False,False
2024,145749.0,685223.0,539474.0,1.270168719901237,0.4090909090909091,72.01037549407114,827.5640096618357,-451.0652173913044,19161.0,14293.0,0.19161,10,9,0.9,202.4,36.57376108633073,0.18070040062416368,97,0.06854935539866483,7.606544543604196,266.086655826112,0.7835908295599041,2012-01-10 02:45:00,2021-06-02 13:15:00,BIAS,7,2,5,91,18,69,46,46,3,5,152,103,3,82,4,4,500,10000,942,98037.0,504962.0,406925.0,1.240921545739387,0.15074309978768577,104.0732484076433,3556.0704225352115,-508.65625,31311.0,30155.0,0.31311,5,4,0.8,188.4,61.036382592679914,0.3239723067552012,91,0.10191050317737181,3.1310721471687266,300.8554117323052,0.8859189590101685,True,False,False
1952,131752.0,728629.0,596877.0,1.2207355954409367,0.47848360655737704,67.49590163934427,780.1167023554603,-586.3231827111985,16850.0,15795.0,0.1685,10,9,0.9,195.2,35.33213834457236,0.1810048070930961,91,0.02270174266804299,7.819109792284866,249.64478717590623,0.7832146553066001,2012-01-10 02:45:00,2021-06-02 13:15:00,BIAS,7,2,5,91,18,69,46,46,3,5,152,103,3,82,4,4,750,3000,904,51919.0,565824.0,513905.0,1.1010284001906967,0.24778761061946902,57.432522123893804,2526.0,-755.7426470588235,29959.0,28513.0,0.29959,5,4,0.8,180.8,56.64415239016292,0.3132973030429365,92,0.057608967815250677,1.7330017690844153,521.6382441880622,0.499801536296551,True,False,False
1836,103246.0,567015.0,463769.0,1.2226237631234516,0.43028322440087147,56.234204793028326,717.7405063291139,-443.3738049713193,11705.0,10810.0,0.11705,10,10,1.0,183.6,39.49734168270062,0.21512713334804262,72,0.024126842686399474,8.820674925245621,208.14733742711581,0.7829214717445983,2012-01-10 01:30:00,2021-06-02 13:15:00,BIAS,7,1,5,91,5,14,28,28,3,1,142,103,52,141,4,4,500,2500,692,3307.0,286662.0,283355.0,1.011670872227418,0.1907514450867052,4.778901734104046,2171.681818181818,-505.99107142857144,28738.0,27237.0,0.28738,5,3,0.6,138.4,45.95040805041888,0.33201161886140806,62,0.7532506803749622,0.11507411789268564,6013.5155730269125,0.042462267791073774,False,False,False
1989,101374.0,642935.0,541561.0,1.1871885161597677,0.5279034690799397,50.967320261437905,612.3190476190476,-576.7422790202343,9649.0,9466.0,0.09649,10,10,1.0,198.9,34.20657831470432,0.17197877483511476,98,0.009775682127567227,10.506166442118355,189.3173890741216,0.7815450225083402,2012-01-10 02:45:00,2021-06-02 13:15:00,BIAS,7,2,5,91,18,69,46,46,3,5,152,103,3,82,4,4,750,1000,969,-14471.0,405455.0,419926.0,0.9655391664245605,0.4282765737874097,-14.933952528379773,977.0,-757.9891696750902,40628.0,39610.0,0.40628,5,2,0.4,193.8,62.92344555092323,0.3246823815837112,95,0.0,0.0,0.0,0.0,False,False,False
1836,118491.0,670662.0,552171.0,1.214591132094949,0.4831154684095861,64.5375816993464,756.1014656144307,-581.8451001053741,15473.0,13838.0,0.15473,10,10,1.0,183.6,39.49734168270062,0.21512713334804262,72,0.0336818830122119,7.657920248174239,239.75177861609743,0.7814996353964878,2012-01-10 01:30:00,2021-06-02 13:15:00,BIAS,7,1,5,91,5,14,28,28,3,1,142,103,52,141,4,4,750,4000,692,18647.0,426753.0,408106.0,1.0456915605259418,0.2138728323699422,26.946531791907514,2883.4662162162163,-750.1948529411765,42643.0,39213.0,0.42643,5,3,0.6,138.4,45.95040805041888,0.33201161886140806,62,0.2140290663377487,0.43728161714701125,1582.50420979246,0.19655421245703764,False,False,False
1890,140310.0,795355.0,655045.0,1.2141990244945005,0.5529100529100529,74.23809523809524,761.1052631578947,-775.2011834319527,20573.0,19008.0,0.20573,10,9,0.9,189.0,35.210793799629116,0.18630049629433396,85,0.023383935571235123,6.820104019831819,277.12187299550993,0.7796171103818873,2012-01-10 02:45:00,2021-06-02 13:15:00,BIAS,7,2,5,91,18,69,46,46,3,5,152,103,3,82,4,4,1500,2000,837,-30758.0,659505.0,690263.0,0.9554401728036994,0.43608124253285546,-36.747909199522105,1806.86301369863,-1462.4216101694915,58467.0,55441.0,0.58467,5,1,0.2,167.4,51.05918134870554,0.3050130307569029,90,0.0,0.0,0.0,0.0,False,False,False
2024,144704.0,684178.0,539474.0,1.2682316478644013,0.4090909090909091,71.49407114624506,826.3019323671498,-451.0652173913044,19161.0,14293.0,0.19161,10,9,0.9,202.4,36.57376108633073,0.18070040062416368,97,0.061822755417956655,7.552006680235896,268.00823750552854,0.7779725926122056,2012-01-10 02:45:00,2021-06-02 13:15:00,BIAS,7,2,5,91,18,69,46,46,3,5,152,103,3,82,4,4,500,0,942,97997.0,504922.0,406925.0,1.2408232475271856,0.15074309978768577,104.0307855626327,3555.788732394366,-508.65625,31311.0,30155.0,0.31311,5,4,0.8,188.4,61.036382592679914,0.3239723067552012,91,0.1384838311376879,3.1297946408610393,300.97821361878425,0.8855574959058262,True,False,False
1836,147871.0,817504.0,669633.0,1.220823943861787,0.5631808278867102,80.53976034858388,790.6228239845261,-834.9538653366584,24444.0,23151.0,0.24444,10,7,0.7,183.6,39.49734168270062,0.21512713334804262,72,0.020227089828296286,6.049378170512191,303.5022688694876,0.7759389452538917,2012-01-10 01:30:00,2021-06-02 13:15:00,BIAS,7,1,5,83,5,14,28,28,3,1,142,103,52,141,4,4,4000,3000,692,21457.0,837441.0,815984.0,1.0262958587423283,0.5578034682080925,31.00722543352601,2169.536269430052,-2666.6143790849674,48683.0,42477.0,0.48683,5,3,0.6,138.4,45.95040805041888,0.33201161886140806,62,0.1393950692081838,0.44074933755109585,1570.0534091438692,0.2116789121414403,False,False,False
1891,134181.0,779173.0,644992.0,1.2080351384203214,0.5780010576414596,70.9576943416182,712.875571820677,-808.2606516290726,18991.0,18031.0,0.18991,10,10,1.0,189.1,34.74032239343786,0.18371402640633452,86,0.024452046116812367,7.065504712758675,267.63834671078615,0.7755841642075836,2012-01-10 02:45:00,2021-06-02 13:15:00,BIAS,7,2,5,91,18,69,46,46,3,5,152,103,3,82,4,4,2000,1500,826,-754.0,670947.0,671701.0,0.9988774767344398,0.5714285714285714,-0.9128329297820823,1421.4978813559321,-1897.4604519774011,62124.0,60809.0,0.62124,5,3,0.6,165.2,49.92153843783262,0.3021884893331273,89,0.0,0.0,0.0,0.0,False,False,False
1836,147651.0,818691.0,671040.0,1.2200330829756796,0.5833333333333334,80.41993464052288,764.4173669467787,-877.1764705882352,24478.0,22267.0,0.24478,10,9,0.9,183.6,39.49734168270062,0.21512713334804262,72,0.013484500612931846,6.031987907508784,304.37726801714854,0.7742462405261814,2012-01-10 01:30:00,2021-06-02 13:15:00,BIAS,7,1,5,91,5,14,28,28,3,1,142,103,52,141,4,4,4000,2000,692,-1378.0,744385.0,745763.0,0.9981522279866392,0.6141618497109826,-1.9913294797687862,1751.4941176470588,-2793.119850187266,47994.0,44859.0,0.47994,5,3,0.6,138.4,45.95040805041888,0.33201161886140806,62,0.0,0.0,0.0,0.0,False,False,False
2191,125811.0,524567.0,398756.0,1.3155087321570083,0.2861706983112734,57.42172523961661,836.6299840510367,-254.95907928388746,12627.0,9855.0,0.12627,10,10,1.0,219.1,40.51283747159658,0.18490569361751066,103,0.0317221864542846,9.963649322879544,219.8993490235353,0.7697142044749169,2012-01-10 02:45:00,2021-06-02 09:45:00,BIAS,7,2,5,91,18,69,46,46,3,5,152,103,3,82,4,4,250,4000,1002,50032.0,286260.0,236228.0,1.211795384120426,0.08982035928143713,49.93213572854292,3180.6666666666665,-259.0219298245614,17467.0,15620.0,0.17467,5,3,0.6,200.4,65.9017450451807,0.3288510231795444,93,0.07976894787336104,2.864372817312647,349.8147985289415,0.5690813287994859,True,True,True
1937,114232.0,695083.0,580851.0,1.1966631717944878,0.5797625193598348,58.97367062467734,618.9519145146928,-713.576167076167,13328.0,11763.0,0.13328,10,10,1.0,193.7,33.38877056736291,0.1723736219275318,94,0.008675327403879824,8.570828331332534,225.99915960501434,0.7694475524046184,2012-01-10 02:45:00,2021-06-02 13:15:00,BIAS,7,2,5,91,18,69,46,46,3,5,152,103,3,82,4,4,1250,1000,913,-26447.0,488504.0,514951.0,0.9486417154253511,0.5465498357064622,-28.9671412924425,978.9659318637274,-1243.842995169082,63808.0,62678.0,0.63808,5,2,0.4,182.6,58.09165172380624,0.3181360992541415,93,0.0,0.0,0.0,0.0,False,False,False
1836,103266.0,549728.0,446462.0,1.231298520366795,0.4400871459694989,56.245098039215684,680.3564356435644,-434.30155642023345,12128.0,11354.0,0.12128,10,9,0.9,183.6,39.49734168270062,0.21512713334804262,72,0.024122169930083474,8.514676781002638,215.62767997211088,0.7692959368367637,2012-01-10 01:30:00,2021-06-02 13:15:00,BIAS,7,1,5,83,5,14,28,28,3,1,142,103,52,141,4,4,500,2500,692,2692.0,285369.0,282677.0,1.0095232367684672,0.1936416184971098,3.8901734104046244,2129.6194029850744,-506.589605734767,26798.0,25297.0,0.26798,5,3,0.6,138.4,45.95040805041888,0.33201161886140806,62,0.9253343239227341,0.10045525785506382,6888.638930163447,0.035794897601822424,False,False,False
1836,112876.0,643855.0,530979.0,1.2125809118628044,0.48474945533769065,61.47930283224401,723.4325842696629,-561.2885835095137,14667.0,13721.0,0.14667,10,10,1.0,183.6,39.49734168270062,0.21512713334804262,72,0.035357383323292815,7.695916001909048,238.5680924200007,0.7646481509847521,2012-01-10 01:30:00,2021-06-02 13:15:00,BIAS,7,1,5,83,5,14,28,28,3,1,142,103,52,141,4,4,750,4000,692,16927.0,419791.0,402864.0,1.0420166607093213,0.2254335260115607,24.460982658959537,2690.9679487179487,-751.6119402985074,43183.0,39965.0,0.43183,5,4,0.8,138.4,45.95040805041888,0.33201161886140806,62,0.23577716074909907,0.39198295625593405,1765.3828794234064,0.1773049454617634,False,False,False
1953,120278.0,714158.0,593880.0,1.2025291304640668,0.48028673835125446,61.586277521761396,761.362473347548,-585.1034482758621,14887.0,14303.0,0.14887,10,9,0.9,195.3,35.383753333980835,0.18117641236037293,91,0.020710354345765642,8.079398132598913,241.72592660336886,0.7602977673700665,2012-01-10 02:45:00,2021-06-02 13:15:00,BIAS,7,2,5,91,18,69,46,46,3,5,152,103,3,82,4,4,750,2500,907,50282.0,550525.0,500243.0,1.1005151496372763,0.2701212789415656,55.43770672546858,2247.0408163265306,-755.6540785498489,32149.0,30203.0,0.32149,5,4,0.8,181.4,56.634265246403615,0.3122065338831511,93,0.049540591066385586,1.5640299853805717,579.9121554432998,0.4657199873429572,True,False,False
1836,150541.0,817696.0,667155.0,1.2256462141481366,0.5642701525054467,81.99400871459694,789.2818532818533,-833.94375,26988.0,24275.0,0.26988,10,9,0.9,183.6,39.49734168270062,0.21512713334804262,72,0.01986834151493613,5.578071735586186,329.14600009299795,0.751796195580309,2012-01-10 01:30:00,2021-06-02 13:15:00,BIAS,7,1,5,83,5,14,28,28,3,1,142,103,52,141,4,4,5000,3000,692,14617.0,851174.0,836557.0,1.0174728081888025,0.569364161849711,21.122832369942195,2160.340101522843,-2807.238255033557,67162.0,62952.0,0.67162,5,2,0.4,138.4,45.95040805041888,0.33201161886140806,62,0.20462475200109462,0.21763795003126768,3179.5925292467678,0.12277040739168535,False,False,False
1836,109521.0,670722.0,561201.0,1.1951546772012167,0.6002178649237473,59.65196078431372,608.6406533575317,-764.5790190735695,14304.0,13354.0,0.14304,10,10,1.0,183.6,39.49734168270062,0.21512713334804262,72,0.00904849298308087,7.6566694630872485,239.79094420248174,0.751275675439769,2012-01-10 01:30:00,2021-06-02 13:15:00,BIAS,7,1,5,91,5,14,28,28,3,1,142,103,52,141,4,4,2000,1000,692,-26508.0,434598.0,461106.0,0.9425121338694357,0.6473988439306358,-38.30635838150289,970.0848214285714,-1889.77868852459,63504.0,61775.0,0.63504,5,2,0.4,138.4,45.95040805041888,0.33201161886140806,62,0.0,0.0,0.0,0.0,False,False,False
1836,128636.0,744682.0,616046.0,1.208809082438649,0.5620915032679739,70.06318082788671,721.5910852713179,-766.226368159204,19887.0,18707.0,0.19887,10,9,0.9,183.6,39.49734168270062,0.21512713334804262,72,0.015477782269349172,6.468346155780158,283.84380733231757,0.7483565564945935,2012-01-10 01:30:00,2021-06-02 13:15:00,BIAS,7,1,5,83,5,14,28,28,3,1,142,103,52,141,4,4,2250,2000,692,-16693.0,634846.0,651539.0,0.9743791238897441,0.5289017341040463,-24.122832369942195,1734.551912568306,-1998.5858895705521,58621.0,57136.0,0.58621,5,3,0.6,138.4,45.95040805041888,0.33201161886140806,62,0.0,0.0,0.0,0.0,False,False,False
1836,143976.0,835963.0,691987.0,1.2080617121419912,0.5735294117647058,78.41830065359477,793.8869895536562,-883.7637292464879,25109.0,22973.0,0.25109,10,10,1.0,183.6,39.49734168270062,0.21512713334804262,72,0.017301494693560036,5.73403958739894,320.19311551925324,0.7454286372670637,2012-01-10 01:30:00,2021-06-02 13:15:00,BIAS,7,1,5,91,5,14,28,28,3,1,142,103,52,141,4,4,3000,2500,692,30147.0,783076.0,752929.0,1.040039631890922,0.5505780346820809,43.5650289017341,2055.3175853018374,-2420.993569131833,46938.0,42722.0,0.46938,5,3,0.6,138.4,45.95040805041888,0.33201161886140806,62,0.08262845390917836,0.642272785376454,1077.4238232659966,0.3028859100398166,True,False,False
1836,130241.0,736236.0,605995.0,1.2149209151890692,0.5588235294117647,70.93736383442265,717.578947368421,-748.141975308642,20552.0,19977.0,0.20552,10,9,0.9,183.6,39.49734168270062,0.21512713334804262,72,0.015287044786204037,6.337144803425457,289.72037991108795,0.7453347230793987,2012-01-10 01:30:00,2021-06-02 13:15:00,BIAS,7,1,5,83,5,14,28,28,3,1,142,103,52,141,4,4,2000,2000,692,-22168.0,603183.0,625351.0,0.9645511080976923,0.5028901734104047,-32.03468208092485,1733.2844827586207,-1817.8808139534883,69293.0,67588.0,0.69293,5,1,0.2,138.4,45.95040805041888,0.33201161886140806,62,0.0,0.0,0.0,0.0,False,False,False
1836,147166.0,798712.0,651546.0,1.2258720028977232,0.5757080610021786,80.1557734204793,755.6404919583728,-836.387676508344,26397.0,25822.0,0.26397,10,10,1.0,183.6,39.49734168270062,0.21512713334804262,72,0.013528940108448963,5.575103231427814,329.32125626843157,0.7431232982395283,2012-01-10 01:30:00,2021-06-02 13:15:00,BIAS,7,1,5,91,5,14,28,28,3,1,142,103,52,141,4,4,2500,2000,692,-7248.0,672466.0,679714.0,0.9893366916085294,0.5505780346820809,-10.473988439306359,1765.002624671916,-2185.575562700965,53643.0,51289.0,0.53643,5,3,0.6,138.4,45.95040805041888,0.33201161886140806,62,0.0,0.0,0.0,0.0,False,False,False
1836,117366.0,721040.0,603674.0,1.1944195045670345,0.5528322440087146,63.92483660130719,710.384236453202,-735.2911084043849,16817.0,15602.0,0.16817,10,9,0.9,183.6,39.49734168270062,0.21512713334804262,72,0.01696402706064789,6.979009335791163,263.074587188794,0.7425038658907442,2012-01-10 01:30:00,2021-06-02 13:15:00,BIAS,7,1,5,83,5,14,28,28,3,1,142,103,52,141,4,4,1750,2000,692,-43393.0,559075.0,602468.0,0.9279745978209631,0.46965317919075145,-62.706647398843934,1720.2307692307693,-1641.6021798365123,74971.0,72805.0,0.74971,5,1,0.2,138.4,45.95040805041888,0.33201161886140806,62,0.0,0.0,0.0,0.0,False,False,False
1836,117781.0,726681.0,608900.0,1.1934324191164394,0.5724400871459695,64.15087145969498,691.418648905804,-775.6687898089172,16940.0,15627.0,0.1694,10,9,0.9,183.6,39.49734168270062,0.21512713334804262,72,0.012659087628734685,6.952833530106258,264.06500199522844,0.7424192295601042,2012-01-10 01:30:00,2021-06-02 13:15:00,BIAS,7,1,5,91,5,14,28,28,3,1,142,103,52,141,4,4,1750,1500,692,16677.0,537299.0,520622.0,1.0320328376442025,0.5476878612716763,24.09971098265896,1417.675461741425,-1663.3290734824282,27504.0,26403.0,0.27504,5,2,0.4,138.4,45.95040805041888,0.33201161886140806,62,0.0894045691671164,0.606348167539267,1141.2584997301674,0.21888563430548968,False,False,False
1836,124951.0,713454.0,588503.0,1.2123200731347163,0.5659041394335512,68.05610021786492,686.6737247353225,-738.3977415307403,19190.0,17131.0,0.1919,10,9,0.9,183.6,39.49734168270062,0.21512713334804262,72,0.011932677609622973,6.5112558624283485,281.973253515378,0.7400020564557439,2012-01-10 01:30:00,2021-06-02 13:15:00,BIAS,7,1,5,91,5,14,28,28,3,1,142,103,52,141,4,4,1500,1500,692,18762.0,506958.0,488196.0,1.0384312857950495,0.5173410404624278,27.112716763005782,1416.0837988826815,-1461.6646706586826,24677.0,23642.0,0.24677,5,3,0.6,138.4,45.95040805041888,0.33201161886140806,62,0.07946913975055964,0.7603031162621064,910.1633088156913,0.259974176556995,False,False,False
1836,119936.0,706692.0,586756.0,1.20440523829326,0.545751633986928,65.32461873638344,705.2814371257485,-703.5443645083933,17731.0,17202.0,0.17731,10,10,1.0,183.6,39.49734168270062,0.21512713334804262,72,0.016600520277481323,6.764198296768372,271.4290621664888,0.7389475668087218,2012-01-10 01:30:00,2021-06-02 13:15:00,BIAS,7,1,5,83,5,14,28,28,3,1,142,103,52,141,4,4,1500,2000,692,-33983.0,525849.0,559832.0,0.9392978607868074,0.4393063583815029,-49.108381502890175,1729.766447368421,-1442.8659793814434,58603.0,56820.0,0.58603,5,2,0.4,138.4,45.95040805041888,0.33201161886140806,62,0.0,0.0,0.0,0.0,False,False,False
1884,137944.0,805154.0,667210.0,1.2067475007868587,0.5621019108280255,73.21868365180467,760.2965061378659,-808.739393939394,22313.0,21033.0,0.22313,10,10,1.0,188.4,35.39830504416843,0.18788909259112754,84,0.023785014208664385,6.182225608389728,304.7446210056255,0.7383228147814389,2012-01-10 02:45:00,2021-06-02 13:15:00,BIAS,7,2,5,91,18,69,46,46,3,5,152,103,3,82,4,4,1750,2000,824,-52731.0,686420.0,739151.0,0.9286600437529002,0.4672330097087379,-63.99393203883495,1782.909090909091,-1683.7152619589976,84885.0,82109.0,0.84885,5,2,0.4,164.8,49.99359959034756,0.3033592208152157,88,0.0,0.0,0.0,0.0,False,False,False
1836,117026.0,687059.0,570033.0,1.2052968863206166,0.5359477124183006,63.739651416122,698.2306910569106,-669.0528169014085,16913.0,15989.0,0.16913,10,10,1.0,183.6,39.49734168270062,0.21512713334804262,72,0.017013313280809392,6.919292851652575,265.3450344367918,0.7382487397791525,2012-01-10 01:30:00,2021-06-02 13:15:00,BIAS,7,1,5,83,5,14,28,28,3,1,142,103,52,141,4,4,1250,2000,692,-37823.0,476933.0,514756.0,0.9265224688978856,0.3945086705202312,-54.657514450867055,1747.007326007326,-1228.5346062052506,54167.0,51597.0,0.54167,5,1,0.2,138.4,45.95040805041888,0.33201161886140806,62,0.0,0.0,0.0,0.0,False,False,False
1836,129216.0,738346.0,609130.0,1.2121320571963292,0.5778867102396514,70.37908496732027,695.8963242224316,-785.9741935483871,20816.0,19011.0,0.20816,10,9,0.9,183.6,39.49734168270062,0.21512713334804262,72,0.011538818722139674,6.207532667179093,295.76968796433874,0.7347647805666299,2012-01-10 01:30:00,2021-06-02 13:15:00,BIAS,7,1,5,91,5,14,28,28,3,1,142,103,52,141,4,4,2000,1500,692,23772.0,566516.0,542744.0,1.0437996550860074,0.5794797687861272,34.35260115606936,1412.7581047381545,-1865.0996563573883,36135.0,34152.0,0.36135,5,3,0.6,138.4,45.95040805041888,0.33201161886140806,62,0.0627208480565371,0.6578663345786634,1051.8854114083797,0.272206788815408,False,False,False
1888,141838.0,814391.0,672553.0,1.2108949034499883,0.5460805084745762,75.1260593220339,789.9039767216295,-784.7759626604434,24107.0,20562.0,0.24107,10,9,0.9,188.8,35.473370293785166,0.18788861384420108,84,0.02313202385820443,5.883685236653254,320.88732215626277,0.7288235203386532,2012-01-10 02:45:00,2021-06-02 13:15:00,BIAS,7,2,5,91,18,69,46,46,3,5,152,103,3,82,4,4,1500,2500,821,4071.0,713684.0,709613.0,1.0057369298476775,0.40682095006090135,4.958587088915956,2136.7784431137725,-1457.1108829568789,48941.0,46621.0,0.48941,5,3,0.6,164.2,49.69265539292502,0.3026349293113582,89,0.6118889707688528,0.08318179031895548,9869.94866126259,0.033761744619229164,False,False,False
2191,109141.0,507638.0,398497.0,1.2738816101501391,0.2866271109082611,49.81332724783204,808.3407643312102,-254.95649392194497,10651.0,9462.0,0.10651,10,10,1.0,219.1,40.51283747159658,0.18490569361751066,103,0.02740491657580561,10.247019059243264,213.81828093933535,0.7270323128355872,2012-01-10 02:45:00,2021-06-02 09:45:00,BIAS,7,2,5,91,18,69,46,46,3,5,152,103,3,82,4,4,250,3000,1006,29286.0,263701.0,234415.0,1.1249322782245164,0.10039761431411531,29.111332007952285,2610.90099009901,-259.0220994475138,16014.0,15169.0,0.16014,5,3,0.6,201.2,65.70966443378022,0.3265887894323073,94,0.10213071091989347,1.8287748220307232,550.0950624871953,0.3465097984471153,True,False,False
1836,107941.0,556439.0,448498.0,1.2406721992071315,0.43790849673202614,58.79139433551198,692.0883084577115,-434.5910852713178,14852.0,12091.0,0.14852,10,8,0.8,183.6,39.49734168270062,0.21512713334804262,72,0.027709582086510223,7.267775383786695,252.62200646649558,0.7266489405976294,2012-01-10 01:30:00,2021-06-02 13:15:00,BIAS,7,1,5,83,5,14,28,28,3,1,142,103,52,141,4,4,500,3000,692,15732.0,302990.0,287258.0,1.0547660987683545,0.18063583815028902,22.734104046242773,2423.92,-506.6278659611993,25798.0,24297.0,0.25798,5,4,0.8,138.4,45.95040805041888,0.33201161886140806,62,0.19012204424103737,0.6098147143189394,1134.7709127892194,0.21320048030120176,False,False,False
1836,134326.0,794685.0,660359.0,1.2034135977551605,0.5664488017429193,73.16230936819171,764.1201923076923,-829.5967336683417,23033.0,19934.0,0.23033,10,9,0.9,183.6,39.49734168270062,0.21512713334804262,72,0.0185444366689993,5.831893370381627,314.8205708500216,0.726131883365673,2012-01-10 01:30:00,2021-06-02 13:15:00,BIAS,7,1,5,83,5,14,28,28,3,1,142,103,52,141,4,4,5000,2500,692,26692.0,811779.0,785087.0,1.0339987797530719,0.5982658959537572,38.57225433526011,1960.8188405797102,-2824.0539568345325,50017.0,46373.0,0.50017,5,2,0.4,138.4,45.95040805041888,0.33201161886140806,62,0.09332384234976772,0.533658556090929,1296.709276187622,0.259788281282596,True,False,False
1836,125566.0,747580.0,622014.0,1.2018700543717666,0.5637254901960784,68.39106753812636,722.2995169082126,-776.5468164794007,20212.0,19637.0,0.20212,10,8,0.8,183.6,39.49734168270062,0.21512713334804262,72,0.01585620311230747,6.212448050662973,295.53567048404824,0.7245996046029212,2012-01-10 01:30:00,2021-06-02 13:15:00,BIAS,7,1,5,83,5,14,28,28,3,1,142,103,52,141,4,4,2500,2000,692,-17258.0,654513.0,671771.0,0.9743096977988035,0.546242774566474,-24.939306358381504,1731.515873015873,-2139.3980891719743,62351.0,58376.0,0.62351,5,3,0.6,138.4,45.95040805041888,0.33201161886140806,62,0.0,0.0,0.0,0.0,False,False,False
1915,119365.0,767811.0,648446.0,1.1840785508739355,0.5070496083550914,62.331592689295036,790.7425334706488,-686.9131355932203,16828.0,15477.0,0.16828,10,8,0.8,191.5,35.60688135740057,0.18593671727102123,86,0.027487119339839987,7.0932374613739,269.975453441126,0.723761249493663,2012-01-10 02:45:00,2021-06-02 13:15:00,BIAS,7,2,5,91,18,69,46,46,3,5,152,103,3,82,4,4,1000,3000,862,61107.0,657463.0,596356.0,1.1024673181790743,0.3051044083526682,70.88979118329466,2499.8593155893536,-995.5859766277129,41496.0,39176.0,0.41496,5,3,0.6,172.4,52.88326767513521,0.3067474923151694,89,0.048946929157052385,1.4725997686524002,585.3593205361088,0.5241842096308039,True,False,False
1914,123094.0,744015.0,620921.0,1.1982442210844857,0.5512016718913271,64.31243469174504,705.2274881516588,-722.8416763678696,17933.0,16368.0,0.17933,10,9,0.9,191.4,34.04467652952514,0.1778718731950112,90,0.02665442669829561,6.8641052807673,278.8418769395746,0.7233888850849227,2012-01-10 02:45:00,2021-06-02 13:15:00,BIAS,7,2,5,91,18,69,46,46,3,5,152,103,3,82,4,4,1250,1500,878,31153.0,601124.0,569971.0,1.054657166768134,0.4772209567198178,35.481776765375855,1434.6634844868736,-1241.7668845315904,33195.0,31670.0,0.33195,5,3,0.6,175.6,54.142774217803066,0.3083301493041177,93,0.047860559175681314,0.9384847115529448,935.5506692774371,0.2933407360413386,True,False,False
1836,145316.0,819268.0,673952.0,1.2156177294525425,0.5844226579520697,79.14814814814815,763.5302889095992,-883.2922673656618,27273.0,25058.0,0.27273,10,9,0.9,183.6,39.49734168270062,0.21512713334804262,72,0.013701175369539487,5.32820005133282,344.58165652784277,0.7219010216424657,2012-01-10 01:30:00,2021-06-02 13:15:00,BIAS,7,1,5,91,5,14,28,28,3,1,142,103,52,141,4,4,5000,2000,692,-2938.0,762171.0,765109.0,0.9961600242579816,0.630057803468208,-4.245664739884393,1748.098623853211,-2988.70703125,61992.0,57342.0,0.61992,5,2,0.4,138.4,45.95040805041888,0.33201161886140806,62,0.0,0.0,0.0,0.0,False,False,False
1836,106251.0,661248.0,554997.0,1.1914442780771788,0.5435729847494554,57.87091503267974,662.5731462925852,-662.2875894988067,14581.0,13678.0,0.14581,10,9,0.9,183.6,39.49734168270062,0.21512713334804262,72,0.014032809102973148,7.286948768945888,251.95730863709517,0.7218883763925338,2012-01-10 01:30:00,2021-06-02 13:15:00,BIAS,7,1,5,83,5,14,28,28,3,1,142,103,52,141,4,4,1250,1500,692,-958.0,454292.0,455250.0,0.9978956617243273,0.4653179190751445,-1.384393063583815,1410.8447204968943,-1230.4054054054054,38118.0,37244.0,0.38118,5,2,0.4,138.4,45.95040805041888,0.33201161886140806,62,0.0,0.0,0.0,0.0,False,False,False
1865,140115.0,833463.0,693348.0,1.2020846674397272,0.5780160857908847,75.12868632707774,773.1567717996289,-881.0012706480305,24679.0,23174.0,0.24679,10,9,0.9,186.5,36.9276319305747,0.19800338836769274,79,0.023416479320558112,5.677499088293691,328.48970488527283,0.7203530024591257,2012-01-10 02:45:00,2021-06-02 13:15:00,BIAS,7,2,5,91,18,69,46,46,3,5,152,103,3,82,4,4,3000,2000,778,-37987.0,791370.0,829357.0,0.9541970466276887,0.5719794344473008,-48.826478149100254,1778.3595505617977,-2490.5615615615616,90049.0,88053.0,0.90049,5,4,0.8,155.6,44.88474128253387,0.28846234757412514,84,0.0,0.0,0.0,0.0,False,False,False
1861,142231.0,839759.0,697528.0,1.2039072266633024,0.5824825362708221,76.42718968296614,774.6854243542435,-897.7194337194337,25575.0,24025.0,0.25575,10,9,0.9,186.1,37.32947896770058,0.2005882803207984,78,0.023068107515239293,5.561329423264907,334.63221801154464,0.7198523451441692,2012-01-10 02:45:00,2021-06-02 13:15:00,BIAS,7,2,5,91,18,69,46,46,3,5,152,103,3,82,4,4,4000,2000,765,1395.0,832925.0,831530.0,1.0016776303921686,0.6143790849673203,1.8235294117647058,1772.1808510638298,-2818.7457627118642,57072.0,54017.0,0.57072,5,3,0.6,153.0,44.93105830046739,0.29366704771547314,81,1.4272401433691757,0.024442809083263246,31297.548387096776,0.011497530786152038,False,False,False
1836,114801.0,701788.0,586987.0,1.1955767333859182,0.565359477124183,62.52777777777778,676.0963391136802,-735.5726817042606,17206.0,15904.0,0.17206,10,9,0.9,183.6,39.49734168270062,0.21512713334804262,72,0.012987691744845428,6.672149250261537,275.1737005775211,0.7180197490406037,2012-01-10 01:30:00,2021-06-02 13:15:00,BIAS,7,1,5,83,5,14,28,28,3,1,142,103,52,141,4,4,2000,1500,692,17617.0,555913.0,538296.0,1.0327273470358316,0.5751445086705202,25.458092485549134,1396.7663316582914,-1830.938775510204,36135.0,34152.0,0.36135,5,2,0.4,138.4,45.95040805041888,0.33201161886140806,62,0.0846341601861838,0.48753286287532865,1419.3914968496338,0.20172753653714634,False,False,False
1836,131266.0,753848.0,622582.0,1.2108413028323979,0.5844226579520697,71.49564270152506,702.5610438024231,-815.9659239842726,22518.0,21258.0,0.22518,10,10,1.0,183.6,39.49734168270062,0.21512713334804262,72,0.011358615330702542,5.82938093969269,314.95625676108057,0.7176588119666317,2012-01-10 01:30:00,2021-06-02 13:15:00,BIAS,7,1,5,91,5,14,28,28,3,1,142,103,52,141,4,4,2500,1500,692,23142.0,605220.0,582078.0,1.039757558265387,0.6213872832369942,33.44219653179191,1407.4883720930231,-2221.671755725191,46100.0,43815.0,0.461,5,3,0.6,138.4,45.95040805041888,0.33201161886140806,62,0.06442831215970962,0.501995661605206,1378.4979690605826,0.23461063056376943,False,False,False
1885,143825.0,789975.0,646150.0,1.2225876344502051,0.583554376657825,76.29973474801061,718.1590909090909,-823.1210191082803,25874.0,24772.0,0.25874,10,10,1.0,188.5,35.00642798115798,0.1857104932687426,85,0.022812445680514513,5.558668934065085,339.1099600208587,0.7144874353979755,2012-01-10 02:45:00,2021-06-02 13:15:00,BIAS,7,2,5,91,18,69,46,46,3,5,152,103,3,82,4,4,2250,1500,818,-13507.0,687348.0,700855.0,0.980727825299099,0.5904645476772616,-16.512224938875306,1423.0807453416148,-2092.10447761194,68627.0,67312.0,0.68627,5,2,0.4,163.6,49.204064872731806,0.30075834274285945,88,0.0,0.0,0.0,0.0,False,False,False
1880,135170.0,796570.0,661400.0,1.2043695192016934,0.5877659574468085,71.89893617021276,720.8778280542987,-853.4193548387096,23013.0,21807.0,0.23013,10,9,0.9,188.0,35.60337062695048,0.18937963099441743,83,0.024273137530517127,5.873636640159909,320.0742768365762,0.7139029892978248,2012-01-10 02:45:00,2021-06-02 13:15:00,BIAS,7,2,5,91,18,69,46,46,3,5,152,103,3,82,4,4,3000,1500,798,28643.0,736628.0,707985.0,1.0404570718306179,0.6491228070175439,35.893483709273184,1422.061776061776,-2528.5178571428573,46792.0,46242.0,0.46792,5,3,0.6,159.6,46.35342490043212,0.29043499311047694,87,0.05205460321893656,0.6121345529150282,1303.6349544391298,0.24993850175437257,False,False,False
1836,135261.0,801918.0,666657.0,1.2028944419694085,0.5599128540305011,73.67156862745098,780.0758754863813,-825.0705445544554,24265.0,20365.0,0.24265,10,7,0.7,183.6,39.49734168270062,0.21512713334804262,72,0.022112804134229377,5.574325159695034,329.3672233681549,0.7123823057655176,2012-01-10 01:30:00,2021-06-02 13:15:00,BIAS,7,1,5,83,5,14,28,28,3,1,142,103,52,141,4,4,3000,3000,692,39722.0,805529.0,765807.0,1.0518694658053531,0.5332369942196532,57.40173410404624,2183.0054200542004,-2370.9195046439627,41379.0,39209.0,0.41379,5,3,0.6,138.4,45.95040805041888,0.33201161886140806,62,0.07529832334726348,0.9599555329998308,720.866723729923,0.42504838640421294,True,False,False
1836,107906.0,677219.0,569313.0,1.189537214151091,0.6040305010893247,58.772331154684096,610.6573489630298,-783.0990371389271,15550.0,14379.0,0.1555,10,10,1.0,183.6,39.49734168270062,0.21512713334804262,72,0.009183919337200898,6.939292604501608,264.58028283876706,0.7099227194010512,2012-01-10 01:30:00,2021-06-02 13:15:00,BIAS,7,1,5,91,5,14,28,28,3,1,142,103,52,141,4,4,2250,1000,692,-23058.0,451445.0,474503.0,0.9514059974331037,0.6719653179190751,-33.320809248554916,970.8494623655914,-2090.321585903084,53814.0,52085.0,0.53814,5,2,0.4,138.4,45.95040805041888,0.33201161886140806,62,0.0,0.0,0.0,0.0,False,False,False
1836,111636.0,679097.0,567461.0,1.1967289382001582,0.553921568627451,60.80392156862745,667.7453294001966,-692.8705738705738,16885.0,15126.0,0.16885,10,9,0.9,183.6,39.49734168270062,0.21512713334804262,72,0.013355906696764485,6.611548711874445,277.69590454692036,0.7048300510445024,2012-01-10 01:30:00,2021-06-02 13:15:00,BIAS,7,1,5,83,5,14,28,28,3,1,142,103,52,141,4,4,1500,1500,692,17507.0,500654.0,483147.0,1.0362353486620015,0.5187861271676301,25.29913294797688,1394.5793871866294,-1450.8918918918919,23867.0,22832.0,0.23867,5,3,0.6,138.4,45.95040805041888,0.33201161886140806,62,0.08516593362654938,0.7335232748145976,943.3920146227223,0.24666644537986515,False,False,False
1836,105256.0,571570.0,466314.0,1.2257191506152507,0.4275599128540305,57.328976034858385,728.1146496815287,-443.686013320647,15072.0,12311.0,0.15072,10,9,0.9,183.6,39.49734168270062,0.21512713334804262,72,0.028416432317397582,6.983545647558387,262.90370145169874,0.7033833710150605,2012-01-10 01:30:00,2021-06-02 13:15:00,BIAS,7,1,5,91,5,14,28,28,3,1,142,103,52,141,4,4,500,3000,692,15002.0,303447.0,288445.0,1.05200991523514,0.17630057803468208,21.679190751445088,2487.2704918032787,-506.0438596491228,27738.0,26237.0,0.27738,5,4,0.8,138.4,45.95040805041888,0.33201161886140806,62,0.19937341687774962,0.5408464921767971,1279.4758032262364,0.19606896189327097,False,False,False
1836,109861.0,691240.0,581379.0,1.1889662337304925,0.5610021786492375,59.83714596949891,671.1067961165048,-721.3138957816377,16460.0,14931.0,0.1646,10,8,0.8,183.6,39.49734168270062,0.21512713334804262,72,0.013571695142043127,6.674422843256379,275.0799646826444,0.7025209989401191,2012-01-10 01:30:00,2021-06-02 13:15:00,BIAS,7,1,5,83,5,14,28,28,3,1,142,103,52,141,4,4,1750,1500,692,12367.0,528359.0,515992.0,1.0239674258515636,0.5476878612716763,17.871387283236995,1394.0870712401056,-1648.5367412140574,33362.0,31898.0,0.33362,5,2,0.4,138.4,45.95040805041888,0.33201161886140806,62,0.12056278806501172,0.3706912055632156,1866.7828899490578,0.14737899205189134,False,False,False
1955,108470.0,694760.0,586290.0,1.1850108308175136,0.4859335038363171,55.48337595907928,731.3263157894737,-583.3731343283582,14326.0,13578.0,0.14326,10,9,0.9,195.5,35.15750275545747,0.17983377368520445,92,0.01835530561445561,7.571548233980176,258.2034663962386,0.6982384486943385,2012-01-10 02:45:00,2021-06-02 13:15:00,BIAS,7,2,5,91,18,69,46,46,3,5,152,103,3,82,4,4,750,2000,923,13523.0,505868.0,492345.0,1.0274665123033646,0.29577464788732394,14.651137594799566,1852.996336996337,-757.4538461538461,31975.0,29605.0,0.31975,5,2,0.4,184.6,57.943420679141816,0.31388635254139663,94,0.14723064408785033,0.42292415949960904,2182.424388079568,0.12341541988135833,False,False,False
1836,110071.0,681224.0,571153.0,1.1927171878638474,0.6067538126361656,59.95152505446623,611.511669658887,-791.0706371191136,16829.0,15879.0,0.16829,10,10,1.0,183.6,39.49734168270062,0.21512713334804262,72,0.009003279701283716,6.5405549943549826,280.710123465763,0.6961044893929356,2012-01-10 01:30:00,2021-06-02 13:15:00,BIAS,7,1,5,91,5,14,28,28,3,1,142,103,52,141,4,4,2500,1000,692,-20273.0,464464.0,484737.0,0.9581773208977239,0.6921965317919075,-29.296242774566473,969.6534446764092,-2275.760563380282,49176.0,47946.0,0.49176,5,2,0.4,138.4,45.95040805041888,0.33201161886140806,62,0.0,0.0,0.0,0.0,False,False,False
1836,102221.0,651840.0,549619.0,1.1859852006571825,0.5882352941176471,55.675925925925924,603.5555555555555,-727.0092592592592,14614.0,13667.0,0.14614,10,10,1.0,183.6,39.49734168270062,0.21512713334804262,72,0.009694681132057013,6.994731079786506,262.48328621320474,0.6937232523715898,2012-01-10 01:30:00,2021-06-02 13:15:00,BIAS,7,1,5,91,5,14,28,28,3,1,142,103,52,141,4,4,1500,1000,692,-20063.0,396213.0,416276.0,0.9518036110657352,0.5895953757225434,-28.99277456647399,971.1102941176471,-1465.7605633802816,48424.0,46799.0,0.48424,5,2,0.4,138.4,45.95040805041888,0.33201161886140806,62,0.0,0.0,0.0,0.0,False,False,False
2026,111171.0,648609.0,537438.0,1.2068536277672959,0.4116485686080948,54.872161895360314,777.7086330935252,-450.87080536912754,14333.0,13423.0,0.14333,10,8,0.8,202.6,36.285534307765126,0.17909937960397398,98,0.0269044984753218,7.756296658061816,261.207131356199,0.6903778918942146,2012-01-10 02:45:00,2021-06-02 13:15:00,BIAS,7,2,5,91,18,69,46,46,3,5,152,103,3,82,4,4,500,3000,950,51460.0,446169.0,394709.0,1.1303745290834513,0.1831578947368421,54.16842105263158,2564.189655172414,-508.64561855670104,25990.0,24865.0,0.2599,5,4,0.8,190.0,60.959002616512684,0.32083685587638255,93,0.05812281383598912,1.9799923047325894,479.7998445394481,0.5061117166749863,True,False,False
1836,111136.0,691678.0,580542.0,1.1914349004895426,0.5517429193899782,60.531590413943356,682.8015794669299,-705.3973268529769,17462.0,16492.0,0.17462,10,9,0.9,183.6,39.49734168270062,0.21512713334804262,72,0.013415994817160956,6.364448516779293,288.4774690469335,0.6899830903939287,2012-01-10 01:30:00,2021-06-02 13:15:00,BIAS,7,1,5,91,5,14,28,28,3,1,142,103,52,141,4,4,1250,1500,692,-343.0,458006.0,458349.0,0.9992516619431917,0.4638728323699422,-0.4956647398843931,1426.8099688473521,-1235.44204851752,38978.0,38104.0,0.38978,5,3,0.6,138.4,45.95040805041888,0.33201161886140806,62,0.0,0.0,0.0,0.0,False,False,False
1836,105916.0,678741.0,572825.0,1.1849011478200149,0.5098039215686274,57.688453159041394,725.150641025641,-636.4722222222222,15932.0,15236.0,0.15932,10,9,0.9,183.6,39.49734168270062,0.21512713334804262,72,0.02823935949242796,6.648004017072559,276.1731183201783,0.6884257396720166,2012-01-10 01:30:00,2021-06-02 13:15:00,BIAS,7,1,5,83,5,14,28,28,3,1,142,103,52,141,4,4,1000,3000,692,6577.0,485485.0,478908.0,1.0137333266514654,0.30346820809248554,9.504335260115607,2311.8333333333335,-993.5850622406639,40255.0,38719.0,0.40255,5,3,0.6,138.4,45.95040805041888,0.33201161886140806,62,0.4547666109168314,0.16338343062973543,4235.435608940246,0.0713534845216511,False,False,False
1894,130734.0,731907.0,601173.0,1.217464856206117,0.6187961985216474,69.02534318901795,624.4940273037543,-832.6495844875346,22909.0,22299.0,0.22909,10,9,0.9,189.4,35.316285195359946,0.18646401898289305,85,0.007580277510058592,5.706665502640884,331.8925910627687,0.686924273590957,2012-01-10 02:45:00,2021-06-02 13:15:00,BIAS,7,2,5,91,18,69,46,46,3,5,152,103,3,82,4,4,5000,1000,821,-36474.0,604795.0,641269.0,0.943122153105795,0.7551766138855055,-44.42630937880634,975.4758064516129,-3190.3930348258705,85760.0,84485.0,0.8576,5,2,0.4,164.2,51.17577551928256,0.3116673295936819,85,0.0,0.0,0.0,0.0,False,False,False
1836,114631.0,713673.0,599042.0,1.19135720032986,0.5708061002178649,62.43518518518518,680.9856870229007,-760.2055837563452,18870.0,17259.0,0.1887,10,8,0.8,183.6,39.49734168270062,0.21512713334804262,72,0.013006952744022124,6.074774774774775,302.23342725789706,0.6846156280700859,2012-01-10 01:30:00,2021-06-02 13:15:00,BIAS,7,1,5,83,5,14,28,28,3,1,142,103,52,141,4,4,2500,1500,692,15477.0,591900.0,576423.0,1.0268500736438344,0.6141618497109826,22.365606936416185,1392.7058823529412,-2158.887640449438,46456.0,43580.0,0.46456,5,3,0.6,138.4,45.95040805041888,0.33201161886140806,62,0.09633649932157395,0.3331539521267436,2077.117787684952,0.15630149654516504,False,False,False
1836,110116.0,691571.0,581455.0,1.1893800896028068,0.6132897603485838,59.9760348583878,614.183836589698,-818.9507042253521,17452.0,15424.0,0.17452,10,9,0.9,183.6,39.49734168270062,0.21512713334804262,72,0.008999600421373825,6.3096493238597295,290.98289076973373,0.6838463020189444,2012-01-10 01:30:00,2021-06-02 13:15:00,BIAS,7,1,5,91,5,14,28,28,3,1,142,103,52,141,4,4,4000,1000,692,-14143.0,501083.0,515226.0,0.9725499101365226,0.7485549132947977,-20.4378612716763,967.3416988416989,-2961.0689655172414,44538.0,42865.0,0.44538,5,3,0.6,138.4,45.95040805041888,0.33201161886140806,62,0.0,0.0,0.0,0.0,False,False,False
1836,123096.0,764616.0,641520.0,1.1918817807706696,0.5697167755991286,67.04575163398692,730.9904397705545,-812.0506329113924,21858.0,19643.0,0.21858,10,8,0.8,183.6,39.49734168270062,0.21512713334804262,72,0.01617436797296419,5.631622289321987,326.0161824917138,0.6830765995385355,2012-01-10 01:30:00,2021-06-02 13:15:00,BIAS,7,1,5,83,5,14,28,28,3,1,142,103,52,141,4,4,5000,2000,692,-14668.0,730098.0,744766.0,0.9803052233856003,0.6184971098265896,-21.196531791907514,1705.8364485981308,-2821.0833333333335,68427.0,63777.0,0.68427,5,2,0.4,138.4,45.95040805041888,0.33201161886140806,62,0.0,0.0,0.0,0.0,False,False,False
1836,114251.0,714450.0,600199.0,1.190355198859045,0.5147058823529411,62.22821350762527,756.031746031746,-673.6240179573513,18854.0,17289.0,0.18854,10,10,1.0,183.6,39.49734168270062,0.21512713334804262,72,0.026179201932587024,6.059775114034157,302.9815406429703,0.6826356048393221,2012-01-10 01:30:00,2021-06-02 13:15:00,BIAS,7,1,5,91,5,14,28,28,3,1,142,103,52,141,4,4,1000,3000,692,982.0,485563.0,484581.0,1.0020264929908518,0.29335260115606937,1.4190751445086704,2391.935960591133,-990.963190184049,39876.0,37635.0,0.39876,5,2,0.4,138.4,45.95040805041888,0.33201161886140806,62,3.045824847250509,0.024626341659143344,28099.99185336049,0.010704168928833727,False,False,False
1836,97411.0,662497.0,565086.0,1.1723826107884463,0.5947712418300654,53.05610021786492,606.6822344322344,-759.5241935483871,13860.0,12235.0,0.1386,10,10,1.0,183.6,39.49734168270062,0.21512713334804262,72,0.010173389042305284,7.028210678210678,261.23292030674156,0.6788238060175207,2012-01-10 01:30:00,2021-06-02 13:15:00,BIAS,7,1,5,91,5,14,28,28,3,1,142,103,52,141,4,4,1750,1000,692,-25393.0,416554.0,441947.0,0.9425428841014872,0.619942196531792,-36.695086705202314,970.988344988345,-1680.406844106464,49562.0,48589.0,0.49562,5,2,0.4,138.4,45.95040805041888,0.33201161886140806,62,0.0,0.0,0.0,0.0,False,False,False
1904,125589.0,762088.0,636499.0,1.1973121717394686,0.5635504201680672,65.96060924369748,710.2404473438957,-765.9434416365824,21527.0,19652.0,0.21527,10,9,0.9,190.4,34.038801389003105,0.17877521737921798,89,0.02612489947368002,5.834022390486366,326.3614488530047,0.6771677357731206,2012-01-10 02:45:00,2021-06-02 13:15:00,BIAS,7,2,5,91,18,69,46,46,3,5,152,103,3,82,4,4,1500,1500,856,27596.0,632924.0,605328.0,1.0455885073877302,0.5186915887850467,32.23831775700935,1425.5045045045044,-1469.2427184466019,36869.0,35409.0,0.36869,5,2,0.4,171.2,52.44578152721151,0.30634218181782424,93,0.054029569502826495,0.7484878895549106,1143.6390781272648,0.25289779750767477,False,False,False
1836,126836.0,747843.0,621007.0,1.2042424642556364,0.5816993464052288,69.08278867102396,700.2275280898876,-808.6028645833334,23768.0,22508.0,0.23768,10,9,0.9,183.6,39.49734168270062,0.21512713334804262,72,0.01175533760131193,5.33641871423763,344.0509634488631,0.6749582276858952,2012-01-10 01:30:00,2021-06-02 13:15:00,BIAS,7,1,5,91,5,14,28,28,3,1,142,103,52,141,4,4,2250,1500,692,25927.0,589022.0,563095.0,1.0460437403990446,0.6026011560693642,37.466763005780344,1412.5227817745804,-2047.6181818181817,38852.0,35592.0,0.38852,5,3,0.6,138.4,45.95040805041888,0.33201161886140806,62,0.057507617541558996,0.6673272933182333,1036.972422571065,0.28631416710127744,True,False,False
1836,129721.0,803156.0,673435.0,1.192625865896486,0.5778867102396514,70.6541394335512,756.9802073515551,-868.9483870967742,25178.0,23762.0,0.25178,10,10,1.0,183.6,39.49734168270062,0.21512713334804262,72,0.015348324481001534,5.152156644689809,356.3556247639164,0.6707031578584562,2012-01-10 01:30:00,2021-06-02 13:15:00,BIAS,7,1,5,91,5,14,28,28,3,1,142,103,52,141,4,4,3000,2000,692,-2848.0,708923.0,711771.0,0.9959987130692315,0.5823699421965318,-4.115606936416185,1759.1141439205956,-2462.8754325259515,54839.0,50969.0,0.54839,5,3,0.6,138.4,45.95040805041888,0.33201161886140806,62,0.0,0.0,0.0,0.0,False,False,False
1836,128161.0,769452.0,641291.0,1.1998484307436095,0.5920479302832244,69.80446623093682,707.8675252989881,-856.196261682243,24686.0,22944.0,0.24686,10,9,0.9,183.6,39.49734168270062,0.21512713334804262,72,0.01163380435545915,5.191647087417969,353.6449934067306,0.6692081214677269,2012-01-10 01:30:00,2021-06-02 13:15:00,BIAS,7,1,5,91,5,14,28,28,3,1,142,103,52,141,4,4,5000,1500,692,38147.0,676607.0,638460.0,1.059748457225198,0.6965317919075145,55.1257225433526,1403.7489626556016,-3040.285714285714,63990.0,58875.0,0.6399,5,3,0.6,138.4,45.95040805041888,0.33201161886140806,62,0.03908564238341154,0.5961400218784185,1160.8011114897633,0.3282476265087927,True,False,False
1836,89936.0,551160.0,461224.0,1.1949941893743603,0.43300653594771243,48.98474945533769,693.2830188679245,-443.05859750240154,12205.0,11310.0,0.12205,10,9,0.9,183.6,39.49734168270062,0.21512713334804262,72,0.022137964774951075,7.368783285538713,249.15917986123466,0.6678752563354916,2012-01-10 01:30:00,2021-06-02 13:15:00,BIAS,7,1,5,91,5,14,28,28,3,1,142,103,52,141,4,4,500,2000,692,-4073.0,270629.0,274702.0,0.9851730238585813,0.2153179190751445,-5.885838150289017,1816.3020134228188,-505.89686924493554,24240.0,23029.0,0.2424,5,3,0.6,138.4,45.95040805041888,0.33201161886140806,62,0.0,0.0,0.0,0.0,False,False,False
1836,113431.0,692148.0,578717.0,1.1960042646060165,0.6143790849673203,61.781590413943356,613.6063829787234,-817.3968926553672,19472.0,18498.0,0.19472,10,9,0.9,183.6,39.49734168270062,0.21512713334804262,72,0.008736588763212878,5.825338948233361,315.1747934867893,0.6668945344629922,2012-01-10 01:30:00,2021-06-02 13:15:00,BIAS,7,1,5,91,5,14,28,28,3,1,142,103,52,141,4,4,5000,1000,692,-16493.0,510308.0,526801.0,0.9686921626952113,0.7630057803468208,-23.833815028901736,966.4924242424242,-3212.201219512195,57816.0,56047.0,0.57816,5,2,0.4,138.4,45.95040805041888,0.33201161886140806,62,0.0,0.0,0.0,0.0,False,False,False
1836,113331.0,709284.0,595953.0,1.1901676810084016,0.5686274509803921,61.72712418300654,679.3908045977012,-752.4659090909091,19591.0,18554.0,0.19591,10,8,0.8,183.6,39.49734168270062,0.21512713334804262,72,0.013156153214919131,5.78485018631004,317.3807343092358,0.6642798766774611,2012-01-10 01:30:00,2021-06-02 13:15:00,BIAS,7,1,5,83,5,14,28,28,3,1,142,103,52,141,4,4,2250,1500,692,18612.0,578224.0,559612.0,1.0332587578536558,0.5982658959537572,26.895953757225435,1396.6763285024156,-2012.9928057553957,38557.0,37328.0,0.38557,5,3,0.6,138.4,45.95040805041888,0.33201161886140806,62,0.08010960670535139,0.4827139040900485,1433.5613582634858,0.206318744500684,False,False,False
1916,109786.0,753226.0,643440.0,1.1706235235608604,0.5093945720250522,57.299582463465555,771.7479508196722,-684.5106382978723,16902.0,15905.0,0.16902,10,8,0.8,191.6,35.65445273735105,0.18608795791936875,86,0.029885413440693714,6.495444326115253,294.97597143533784,0.6638741575341384,2012-01-10 02:45:00,2021-06-02 13:15:00,BIAS,7,2,5,91,18,69,46,46,3,5,152,103,3,82,4,4,1000,2500,865,60330.0,636337.0,576007.0,1.1047383104719213,0.33179190751445087,69.74566473988439,2217.2020905923346,-996.5519031141869,44496.0,42176.0,0.44496,5,5,1.0,173.0,52.86965102967864,0.30560491924669736,90,0.04128957400961379,1.3558522114347358,637.9751367478866,0.4980352550059701,True,False,False
1836,96541.0,424210.0,327669.0,1.294629641497975,0.2968409586056645,52.582244008714596,778.3669724770642,-253.81022463206816,14278.0,13377.0,0.14278,10,7,0.7,183.6,39.49734168270062,0.21512713334804262,72,0.07759397561657741,6.761521221459589,271.5365285215608,0.6628401120370871,2012-01-10 01:30:00,2021-06-02 13:15:00,BIAS,7,1,5,91,5,14,28,28,3,1,142,103,52,141,4,4,250,7500,692,-13593.0,154498.0,168091.0,0.9191330886246141,0.06213872832369942,-19.643063583815028,3592.9767441860463,-259.0,33599.0,32539.0,0.33599,5,2,0.4,138.4,45.95040805041888,0.33201161886140806,62,0.0,0.0,0.0,0.0,False,False,False
1836,94416.0,636228.0,541812.0,1.174259706318797,0.5844226579520697,51.42483660130719,592.9431500465984,-710.1074705111403,13785.0,12450.0,0.13785,10,10,1.0,183.6,39.49734168270062,0.21512713334804262,72,0.010496102355532961,6.849183895538629,268.0611337061515,0.6597401120325034,2012-01-10 01:30:00,2021-06-02 13:15:00,BIAS,7,1,5,83,5,14,28,28,3,1,142,103,52,141,4,4,2000,1000,692,-26953.0,432127.0,459080.0,0.9412890999390084,0.6459537572254336,-38.94942196531792,966.7270693512304,-1873.795918367347,64889.0,63160.0,0.64889,5,1,0.2,138.4,45.95040805041888,0.33201161886140806,62,0.0,0.0,0.0,0.0,False,False,False
1968,103578.0,677160.0,573582.0,1.1805809805747043,0.49796747967479676,52.63109756097561,690.9795918367347,-580.5485829959514,14597.0,14013.0,0.14597,10,9,0.9,196.8,34.37964514069335,0.1746933188043361,95,0.014394948734287203,7.095841611289991,277.345536696982,0.6561663842453705,2012-01-10 02:45:00,2021-06-02 13:15:00,BIAS,7,2,5,91,18,69,46,46,3,5,152,103,3,82,4,4,750,1500,940,33570.0,489249.0,455679.0,1.0736702810531098,0.3606382978723404,35.712765957446805,1443.212389380531,-758.2013311148087,24535.0,23010.0,0.24535,5,3,0.6,188.0,59.83978609587437,0.3182967345525233,95,0.044414655942806074,1.3682494395761158,687.009234435508,0.34342650581007883,True,False,False
1836,95451.0,423120.0,327669.0,1.2913031138130247,0.2968409586056645,51.98856209150327,776.3669724770642,-253.81022463206816,14278.0,13377.0,0.14278,10,7,0.7,183.6,39.49734168270062,0.21512713334804262,72,0.08209447779488953,6.685179997198487,274.63733224376904,0.6553562893905389,2012-01-10 01:30:00,2021-06-02 13:15:00,BIAS,7,1,5,91,5,14,28,28,3,1,142,103,52,141,4,4,250,0,692,-498.0,167593.0,168091.0,0.9970373190712174,0.06213872832369942,-0.7196531791907514,3897.5116279069766,-259.0,34739.0,33679.0,0.34739,5,2,0.4,138.4,45.95040805041888,0.33201161886140806,62,0.0,0.0,0.0,0.0,False,False,False
1836,130656.0,794493.0,663837.0,1.1968193999430583,0.565359477124183,71.16339869281046,765.4075144508671,-831.875939849624,26754.0,25224.0,0.26754,10,8,0.8,183.6,39.49734168270062,0.21512713334804262,72,0.01906533186382562,4.8836061897286385,375.95168993387216,0.6553384878187324,2012-01-10 01:30:00,2021-06-02 13:15:00,BIAS,7,1,5,83,5,14,28,28,3,1,142,103,52,141,4,4,4000,2500,692,23617.0,795064.0,771447.0,1.0306138982976147,0.5838150289017341,34.12861271676301,1967.980198019802,-2678.6354166666665,37652.0,35497.0,0.37652,5,3,0.6,138.4,45.95040805041888,0.33201161886140806,62,0.10547486979718,0.6272442366939339,1103.2385146292925,0.2649280633726632,False,False,False
1927,111632.0,706524.0,594892.0,1.1876508677205275,0.5910742086144266,57.930461857810066,620.3020193151888,-754.9390862944163,17955.0,16520.0,0.17955,10,9,0.9,192.7,33.32281500713888,0.17292586926382397,93,0.00887738282929626,6.217321080478976,309.9405636376666,0.6512048717651053,2012-01-10 02:45:00,2021-06-02 13:15:00,BIAS,7,2,5,91,18,69,46,46,3,5,152,103,3,82,4,4,1500,1000,893,-25107.0,514736.0,539843.0,0.9534920337950108,0.5890257558790594,-28.115341545352745,978.5855513307985,-1470.9618528610354,60607.0,59237.0,0.60607,5,2,0.4,178.6,56.7823916368446,0.31793052428244456,93,0.0,0.0,0.0,0.0,False,False,False
1876,129666.0,803986.0,674320.0,1.192291493652865,0.5655650319829424,69.1183368869936,757.7624882186616,-827.3865030674847,25563.0,24283.0,0.25563,10,9,0.9,187.6,35.97832680934454,0.19178212584938453,82,0.02530347199728533,5.07240934162657,369.84396834945164,0.6511645128241011,2012-01-10 02:45:00,2021-06-02 13:15:00,BIAS,7,2,5,91,18,69,46,46,3,5,152,103,3,82,4,4,2000,2000,807,-56243.0,711073.0,767316.0,0.9267016457365674,0.49318463444857497,-69.69392812887237,1786.6155778894472,-1876.078239608802,94268.0,91638.0,0.94268,5,2,0.4,161.4,48.536996198776045,0.3007248835116236,86,0.0,0.0,0.0,0.0,False,False,False
2192,100212.0,498191.0,397979.0,1.2518022307709704,0.28786496350364965,45.71715328467153,789.526148969889,-254.9513132607303,11264.0,9832.0,0.11264,10,9,0.9,219.2,40.58768286069063,0.18516278677322368,103,0.02485730251866044,8.896661931818182,246.38454476509798,0.6488379055024779,2012-01-10 02:45:00,2021-06-02 09:45:00,BIAS,7,2,5,91,18,69,46,46,3,5,152,103,3,82,4,4,250,2500,1009,19074.0,251676.0,232602.0,1.082002734284314,0.11000991080277503,18.90386521308226,2267.3513513513512,-259.02227171492206,19514.0,18564.0,0.19514,5,2,0.4,201.8,65.66399317738757,0.32539144290083033,95,0.13059662367620845,0.9774520856820744,1032.275663206459,0.20383596625118353,False,False,False
1836,89761.0,525025.0,435264.0,1.2062219710336715,0.45206971677559915,48.88943355119826,632.5602409638554,-432.6679920477137,12953.0,12179.0,0.12953,10,9,0.9,183.6,39.49734168270062,0.21512713334804262,72,0.016610777509163222,6.929746004786536,264.9447755706821,0.6470430508747954,2012-01-10 01:30:00,2021-06-02 13:15:00,BIAS,7,1,5,83,5,14,28,28,3,1,142,103,52,141,4,4,500,1500,692,-7793.0,251979.0,259772.0,0.970000615924734,0.2586705202312139,-11.261560693641618,1407.703910614525,-506.37816764132555,24753.0,24203.0,0.24753,5,4,0.8,138.4,45.95040805041888,0.33201161886140806,62,0.0,0.0,0.0,0.0,False,False,False
1836,87956.0,531873.0,443917.0,1.198136138061845,0.44281045751633985,47.90631808278867,654.210332103321,-433.9364613880743,12533.0,11759.0,0.12533,10,9,0.9,183.6,39.49734168270062,0.21512713334804262,72,0.02263631815907954,7.017952605122477,261.61476192641777,0.6445678333215198,2012-01-10 01:30:00,2021-06-02 13:15:00,BIAS,7,1,5,83,5,14,28,28,3,1,142,103,52,141,4,4,500,2000,692,-5873.0,268660.0,274533.0,0.9786073076825008,0.21676300578034682,-8.486994219653178,1791.0666666666666,-506.51845018450183,25170.0,23959.0,0.2517,5,3,0.6,138.4,45.95040805041888,0.33201161886140806,62,0.0,0.0,0.0,0.0,False,False,False
1873,134278.0,827588.0,693310.0,1.1936767102739034,0.5595301655098772,71.69140416444208,789.6832061068702,-840.3757575757576,28274.0,25909.0,0.28274,10,9,0.9,187.3,36.26306661053364,0.19360953876419454,81,0.024434382400691103,4.749168847704605,394.38479870120193,0.6422096313747583,2012-01-10 02:45:00,2021-06-02 13:15:00,BIAS,7,2,5,91,18,69,46,46,3,5,152,103,3,82,4,4,2000,2500,791,-14049.0,772383.0,786432.0,0.9821357727050781,0.46523388116308473,-17.761061946902654,2098.866847826087,-1859.177304964539,67480.0,64445.0,0.6748,5,2,0.4,158.2,47.1525184905324,0.29805637478212643,85,0.0,0.0,0.0,0.0,False,False,False
1836,108586.0,703740.0,595154.0,1.1824502565722486,0.5174291938997821,59.14270152505446,740.7789473684211,-671.7313769751693,19394.0,17829.0,0.19394,10,10,1.0,183.6,39.49734168270062,0.21512713334804262,72,0.02294034221722874,5.598948128287099,327.91873722210966,0.6396918496961913,2012-01-10 01:30:00,2021-06-02 13:15:00,BIAS,7,1,5,91,5,14,28,28,3,1,142,103,52,141,4,4,1000,2500,692,-11463.0,459887.0,471350.0,0.975680492203246,0.31358381502890176,-16.565028901734102,2119.294930875576,-992.3157894736842,44446.0,42205.0,0.44446,5,3,0.6,138.4,45.95040805041888,0.33201161886140806,62,0.0,0.0,0.0,0.0,False,False,False
1836,85946.0,538517.0,452571.0,1.1899061141787697,0.4422657952069717,46.811546840958606,663.198275862069,-441.9638671875,12225.0,11330.0,0.12225,10,9,0.9,183.6,39.49734168270062,0.21512713334804262,72,0.01734810229679101,7.030347648261759,261.15351499778933,0.637722754056636,2012-01-10 01:30:00,2021-06-02 13:15:00,BIAS,7,1,5,91,5,14,28,28,3,1,142,103,52,141,4,4,500,1500,692,-7258.0,252514.0,259772.0,0.9720601142540382,0.2586705202312139,-10.488439306358382,1410.6927374301677,-506.37816764132555,24753.0,24203.0,0.24753,5,4,0.8,138.4,45.95040805041888,0.33201161886140806,62,0.0,0.0,0.0,0.0,False,False,False
1836,92776.0,420445.0,327669.0,1.28313938761372,0.2968409586056645,50.531590413943356,771.4587155963303,-253.81022463206816,14278.0,13377.0,0.14278,10,7,0.7,183.6,39.49734168270062,0.21512713334804262,72,0.06673061998792791,6.497828827566886,282.5559196343882,0.6369900273909821,2012-01-10 01:30:00,2021-06-02 13:15:00,BIAS,7,1,5,91,5,14,28,28,3,1,142,103,52,141,4,4,250,6000,692,-15233.0,152858.0,168091.0,0.9093764686985026,0.06213872832369942,-22.01300578034682,3554.8372093023254,-259.0,35099.0,34039.0,0.35099,5,2,0.4,138.4,45.95040805041888,0.33201161886140806,62,0.0,0.0,0.0,0.0,False,False,False
1836,89566.0,629000.0,539434.0,1.166036994331095,0.5800653594771242,48.78322440087146,590.6103286384977,-699.6549935149156,13420.0,12167.0,0.1342,10,10,1.0,183.6,39.49734168270062,0.21512713334804262,72,0.011064466426992386,6.674068554396423,275.09456713485025,0.634304217485473,2012-01-10 01:30:00,2021-06-02 13:15:00,BIAS,7,1,5,83,5,14,28,28,3,1,142,103,52,141,4,4,1750,1000,692,-26753.0,414289.0,441042.0,0.9393413779186562,0.619942196531792,-38.660404624277454,965.7086247086247,-1676.9657794676807,51157.0,50184.0,0.51157,5,2,0.4,138.4,45.95040805041888,0.33201161886140806,62,0.0,0.0,0.0,0.0,False,False,False
1836,116281.0,778916.0,662635.0,1.1754827318206855,0.5615468409586056,63.3338779956427,755.4956353055286,-823.1490683229814,22654.0,21124.0,0.22654,10,7,0.7,183.6,39.49734168270062,0.21512713334804262,72,0.021422244390743115,5.132912509932021,357.69166071843205,0.6338215303533118,2012-01-10 01:30:00,2021-06-02 13:15:00,BIAS,7,1,5,83,5,14,28,28,3,1,142,103,52,141,4,4,3000,2500,692,25672.0,758509.0,732837.0,1.0350309823330426,0.5549132947976878,37.09826589595376,1975.2838541666667,-2379.340909090909,44868.0,41466.0,0.44868,5,3,0.6,138.4,45.95040805041888,0.33201161886140806,62,0.09703178560299158,0.5721672461442453,1209.436584605796,0.2638083931794948,True,False,False
1836,94076.0,642215.0,548139.0,1.1716279994672885,0.5882352941176471,51.239651416122,594.6435185185185,-725.0515873015873,14940.0,13400.0,0.1494,10,10,1.0,183.6,39.49734168270062,0.21512713334804262,72,0.010534036311067647,6.296921017402945,291.5710701985629,0.631443100842342,2012-01-10 01:30:00,2021-06-02 13:15:00,BIAS,7,1,5,83,5,14,28,28,3,1,142,103,52,141,4,4,2250,1000,692,-25888.0,447983.0,473871.0,0.9453690983411097,0.6690751445086706,-37.410404624277454,967.5658747300216,-2069.3056768558954,57419.0,55690.0,0.57419,5,2,0.4,138.4,45.95040805041888,0.33201161886140806,62,0.0,0.0,0.0,0.0,False,False,False
1836,120551.0,764465.0,643914.0,1.1872159946825198,0.5691721132897604,65.65958605664488,731.5454545454545,-814.0505689001264,24614.0,23084.0,0.24614,10,8,0.8,183.6,39.49734168270062,0.21512713334804262,72,0.01651583147381606,4.897659868367596,374.8729085615217,0.6303915701807408,2012-01-10 01:30:00,2021-06-02 13:15:00,BIAS,7,1,5,83,5,14,28,28,3,1,142,103,52,141,4,4,4000,2000,692,-18003.0,716383.0,734386.0,0.9754856437895058,0.6040462427745664,-26.015895953757227,1713.8349282296651,-2680.2408759124087,59952.0,55302.0,0.59952,5,3,0.6,138.4,45.95040805041888,0.33201161886140806,62,0.0,0.0,0.0,0.0,False,False,False
1877,124117.0,798673.0,674556.0,1.1839980668765826,0.5903036760788493,66.12519978689399,720.8240072202166,-877.185955786736,25053.0,23840.0,0.25053,10,9,0.9,187.7,35.930627603758886,0.19142582633861954,82,0.02643473496781263,4.954177144453758,378.87220122948503,0.6292750062860529,2012-01-10 02:45:00,2021-06-02 13:15:00,BIAS,7,2,5,91,18,69,46,46,3,5,152,103,3,82,4,4,4000,1500,785,59405.0,763230.0,703825.0,1.0844030831527725,0.6878980891719745,75.67515923566879,1413.388888888889,-2872.7551020408164,35258.0,32084.0,0.35258,5,3,0.6,157.0,46.39827583003489,0.2955304192995853,84,0.02509889739920882,1.6848658460491237,465.9124652807003,0.6070547496595556,True,False,False
1836,96781.0,665570.0,568789.0,1.170152727988762,0.5119825708061002,52.71296296296296,708.0531914893617,-634.8091517857143,15932.0,15236.0,0.15932,10,9,0.9,183.6,39.49734168270062,0.21512713334804262,72,0.025738523057211644,6.074629676123525,302.2406464078693,0.6290506770572666,2012-01-10 01:30:00,2021-06-02 13:15:00,BIAS,7,1,5,83,5,14,28,28,3,1,142,103,52,141,4,4,1000,2500,692,-5918.0,460882.0,466800.0,0.9873221936589546,0.3208092485549133,-8.552023121387283,2076.045045045045,-993.1914893617021,43491.0,41250.0,0.43491,5,3,0.6,138.4,45.95040805041888,0.33201161886140806,62,0.0,0.0,0.0,0.0,False,False,False
1836,87721.0,606899.0,519178.0,1.1689613196244832,0.5631808278867102,47.778322440087145,586.9429400386847,-647.354114713217,13114.0,12038.0,0.13114,10,10,1.0,183.6,39.49734168270062,0.21512713334804262,72,0.011297180834691807,6.689110873875248,274.47594076674915,0.6284441126137973,2012-01-10 01:30:00,2021-06-02 13:15:00,BIAS,7,1,5,83,5,14,28,28,3,1,142,103,52,141,4,4,1250,1000,692,-29523.0,362414.0,391937.0,0.924674118544562,0.5404624277456648,-42.66329479768786,969.0213903743315,-1232.506289308176,56661.0,54791.0,0.56661,5,2,0.4,138.4,45.95040805041888,0.33201161886140806,62,0.0,0.0,0.0,0.0,False,False,False
1836,97186.0,647825.0,550639.0,1.1764967610358148,0.48474945533769065,52.93355119825708,727.8932584269663,-582.0708245243129,16126.0,15146.0,0.16126,10,8,0.8,183.6,39.49734168270062,0.21512713334804262,72,0.03077603770090342,6.026665013022448,304.64610129030933,0.6278719157081453,2012-01-10 01:30:00,2021-06-02 13:15:00,BIAS,7,1,5,91,5,14,28,28,3,1,142,103,52,141,4,4,750,3000,692,3317.0,400459.0,397142.0,1.008352176299661,0.23699421965317918,4.793352601156069,2441.8231707317073,-752.1628787878788,37384.0,36649.0,0.37384,5,3,0.6,138.4,45.95040805041888,0.33201161886140806,62,0.9017184202592704,0.08872779798844425,7799.134157371119,0.03734219544979663,False,False,False
1900,119510.0,731561.0,612051.0,1.1952615059856122,0.6163157894736843,62.9,624.731853116994,-839.5761316872428,22948.0,22338.0,0.22948,10,9,0.9,190.0,35.017138660947154,0.18430072979445872,86,0.008292193121914484,5.207861251525188,364.83306836248016,0.6254341335494348,2012-01-10 02:45:00,2021-06-02 13:15:00,BIAS,7,2,5,91,18,69,46,46,3,5,152,103,3,82,4,4,4000,1000,826,-25134.0,599015.0,624149.0,0.9597307694156363,0.7445520581113801,-30.428571428571427,974.0081300813008,-2958.0521327014217,80082.0,79387.0,0.80082,5,2,0.4,165.2,50.94860155097488,0.30840557839573174,85,0.0,0.0,0.0,0.0,False,False,False
1836,95861.0,625322.0,529461.0,1.18105393976138,0.485838779956427,52.21187363834423,701.0336322869955,-560.8697033898305,15823.0,14610.0,0.15823,10,9,0.9,183.6,39.49734168270062,0.21512713334804262,72,0.03120142706627304,6.058332806673829,303.0536714618041,0.6252133155822143,2012-01-10 01:30:00,2021-06-02 13:15:00,BIAS,7,1,5,83,5,14,28,28,3,1,142,103,52,141,4,4,750,3000,692,7737.0,400734.0,392997.0,1.019687173184528,0.24421965317919075,11.18063583815029,2371.207100591716,-751.4282982791588,35194.0,34479.0,0.35194,5,3,0.6,138.4,45.95040805041888,0.33201161886140806,62,0.38658394726638234,0.2198386088537819,3147.763732712938,0.08977089234919607,False,False,False
1836,94951.0,645188.0,550237.0,1.1725638224983053,0.5898692810457516,51.71623093681917,595.741458910434,-730.7264276228419,15830.0,14290.0,0.1583,10,10,1.0,183.6,39.49734168270062,0.21512713334804262,72,0.010436962222620088,5.998168035375868,306.09345873134566,0.6191412837929257,2012-01-10 01:30:00,2021-06-02 13:15:00,BIAS,7,1,5,83,5,14,28,28,3,1,142,103,52,141,4,4,2500,1000,692,-22588.0,460462.0,483050.0,0.953238795155781,0.6893063583815029,-32.641618497109825,965.329140461216,-2246.7441860465115,52361.0,51131.0,0.52361,5,2,0.4,138.4,45.95040805041888,0.33201161886140806,62,0.0,0.0,0.0,0.0,False,False,False
1836,128256.0,768875.0,640619.0,1.2002063629083746,0.590958605664488,69.85620915032679,708.6405529953917,-853.0213049267643,29210.0,27949.0,0.2921,10,8,0.8,183.6,39.49734168270062,0.21512713334804262,72,0.011625187125748502,4.3908250599109895,418.14464820359285,0.6156623426082927,2012-01-10 01:30:00,2021-06-02 13:15:00,BIAS,7,1,5,91,5,14,28,28,3,1,142,103,52,141,4,4,4000,1500,692,36037.0,662821.0,626784.0,1.057495086026446,0.680635838150289,52.07658959537572,1407.2632696390658,-2836.126696832579,52700.0,47585.0,0.527,5,3,0.6,138.4,45.95040805041888,0.33201161886140806,62,0.041374143241668285,0.6838140417457306,1011.9710297749535,0.34169654093646,True,False,False
1836,93146.0,635477.0,542331.0,1.1717511999129684,0.5757080610021786,50.733115468409586,601.2081362346263,-696.188703465982,15499.0,14549.0,0.15499,10,10,1.0,183.6,39.49734168270062,0.21512713334804262,72,0.010639211560346123,6.009807084328021,305.5006548858781,0.6138228456550979,2012-01-10 01:30:00,2021-06-02 13:15:00,BIAS,7,1,5,91,5,14,28,28,3,1,142,103,52,141,4,4,1250,1000,692,-29033.0,363234.0,392267.0,0.925986636653096,0.5404624277456648,-41.95520231213873,971.2139037433155,-1233.5440251572327,56661.0,54791.0,0.56661,5,2,0.4,138.4,45.95040805041888,0.33201161886140806,62,0.0,0.0,0.0,0.0,False,False,False
1918,97608.0,731967.0,634359.0,1.1538687084127441,0.5145985401459854,50.89051094890511,741.6079027355623,-681.3737916219119,15665.0,14719.0,0.15665,10,8,0.8,191.8,35.40847356212917,0.18461143671600191,87,0.033614048028850096,6.230960740504309,307.8176993689042,0.6124561025572307,2012-01-10 02:45:00,2021-06-02 13:15:00,BIAS,7,2,5,91,18,69,46,46,3,5,152,103,3,82,4,4,1000,2000,881,17471.0,582185.0,564714.0,1.0309377844360155,0.35754824063564133,19.830874006810443,1848.2063492063492,-997.7279151943463,37408.0,35248.0,0.37408,5,4,0.8,176.2,54.21217575416061,0.30767409622111586,91,0.11396027703050769,0.4670391360136869,1886.3515540037777,0.15444112810243438,False,False,False
1836,95026.0,641870.0,546844.0,1.173771678943172,0.4874727668845316,51.75708061002179,717.1731843575419,-581.1307120085016,16428.0,15704.0,0.16428,10,10,1.0,183.6,39.49734168270062,0.21512713334804262,72,0.026213878306989666,5.784392500608717,317.40584682087007,0.6082481256219859,2012-01-10 01:30:00,2021-06-02 13:15:00,BIAS,7,1,5,91,5,14,28,28,3,1,142,103,52,141,4,4,750,2500,692,-2063.0,385098.0,387161.0,0.9946714674256962,0.25722543352601157,-2.98121387283237,2163.4719101123596,-753.2315175097276,39395.0,38486.0,0.39395,5,3,0.6,138.4,45.95040805041888,0.33201161886140806,62,0.0,0.0,0.0,0.0,False,False,False
1836,106066.0,751888.0,645822.0,1.1642341078501506,0.565359477124183,57.770152505446625,724.3622350674374,-809.3007518796992,20514.0,18984.0,0.20514,10,7,0.7,183.6,39.49734168270062,0.21512713334804262,72,0.01877133105802048,5.170420200838452,355.09686421661985,0.6075495354137774,2012-01-10 01:30:00,2021-06-02 13:15:00,BIAS,7,1,5,83,5,14,28,28,3,1,142,103,52,141,4,4,3000,2000,692,-10978.0,686780.0,697758.0,0.9842667515098358,0.5780346820809249,-15.864161849710984,1716.95,-2389.582191780822,60741.0,56766.0,0.60741,5,3,0.6,138.4,45.95040805041888,0.33201161886140806,62,0.0,0.0,0.0,0.0,False,False,False
1836,89531.0,615956.0,526425.0,1.1700736097259818,0.4880174291938998,48.764161220043576,687.4508928571429,-560.0265957446809,14667.0,13721.0,0.14667,10,10,1.0,183.6,39.49734168270062,0.21512713334804262,72,0.02782276529917012,6.1042476307356655,300.7741676067507,0.6065037174050804,2012-01-10 01:30:00,2021-06-02 13:15:00,BIAS,7,1,5,83,5,14,28,28,3,1,142,103,52,141,4,4,750,2500,692,-193.0,383696.0,383889.0,0.9994972505073081,0.2615606936416185,-0.27890173410404623,2119.8674033149173,-751.2504892367906,37216.0,36621.0,0.37216,5,3,0.6,138.4,45.95040805041888,0.33201161886140806,62,0.0,0.0,0.0,0.0,False,False,False
1836,88911.0,619427.0,530516.0,1.1675934373327101,0.5729847494553377,48.4264705882353,588.8089353612168,-676.6785714285714,14614.0,13667.0,0.14614,10,10,1.0,183.6,39.49734168270062,0.21512713334804262,72,0.01114597743811227,6.083960585739701,301.77710294564224,0.6033948806175877,2012-01-10 01:30:00,2021-06-02 13:15:00,BIAS,7,1,5,83,5,14,28,28,3,1,142,103,52,141,4,4,1500,1000,692,-20413.0,394593.0,415006.0,0.9508127593336,0.5895953757225434,-29.498554913294797,967.1397058823529,-1461.2887323943662,49559.0,47934.0,0.49559,5,2,0.4,138.4,45.95040805041888,0.33201161886140806,62,0.0,0.0,0.0,0.0,False,False,False
1836,97346.0,684428.0,587082.0,1.165813293543321,0.5217864923747276,53.02069716775599,714.4342379958247,-668.6583143507972,17684.0,16421.0,0.17684,10,10,1.0,183.6,39.49734168270062,0.21512713334804262,72,0.020452817783987016,5.504750056548292,333.53012964066323,0.60056294912969,2012-01-10 01:30:00,2021-06-02 13:15:00,BIAS,7,1,5,91,5,14,28,28,3,1,142,103,52,141,4,4,1000,2000,692,-18268.0,430475.0,448743.0,0.9592907298832517,0.3468208092485549,-26.398843930635838,1793.6458333333333,-992.7942477876106,37531.0,34968.0,0.37531,5,1,0.2,138.4,45.95040805041888,0.33201161886140806,62,0.0,0.0,0.0,0.0,False,False,False
1836,87446.0,415115.0,327669.0,1.266872972420339,0.2968409586056645,47.628540305010894,761.6788990825688,-253.81022463206816,14293.0,13392.0,0.14293,10,7,0.7,183.6,39.49734168270062,0.21512713334804262,72,0.057075223566543924,6.11809976911775,300.09317750383093,0.6000796919302331,2012-01-10 01:30:00,2021-06-02 13:15:00,BIAS,7,1,5,91,5,14,28,28,3,1,142,103,52,141,4,4,250,5000,692,-13868.0,153446.0,167314.0,0.9171139294978304,0.06647398843930635,-20.040462427745666,3335.782608695652,-259.0,36569.0,35509.0,0.36569,5,2,0.4,138.4,45.95040805041888,0.33201161886140806,62,0.0,0.0,0.0,0.0,False,False,False
2027,96162.0,632112.0,535950.0,1.1794234536803807,0.41292550567340897,47.440552540700544,755.2114695340501,-450.3781512605042,14242.0,13504.0,0.14242,10,8,0.8,202.7,36.35670502121995,0.179362136266502,98,0.025904203323558164,6.7520011234377195,300.2072960212974,0.5987804365599253,2012-01-10 02:45:00,2021-06-02 13:15:00,BIAS,7,2,5,91,18,69,46,46,3,5,152,103,3,82,4,4,500,2500,953,48008.0,434064.0,386056.0,1.1243550158526223,0.20356768100734524,50.37565582371459,2237.443298969072,-508.6376811594203,29126.0,27365.0,0.29126,5,5,1.0,190.6,60.938001279989486,0.31971669087087873,94,0.051887185469088486,1.6482867541028634,578.1760956507248,0.44461452371925564,True,False,False
1999,88344.0,564344.0,476000.0,1.1855966386554622,0.6773386693346674,44.19409704852426,416.79763663220086,-737.984496124031,13115.0,12099.0,0.13115,10,10,1.0,199.9,35.599016840356704,0.17808412626491596,95,0.007142533731775785,6.736103698055661,296.7590894684415,0.581277445884976,2012-01-10 02:45:00,2021-06-02 13:15:00,BIAS,7,2,5,91,18,69,46,46,3,5,152,103,3,82,4,4,2000,500,960,-39080.0,365096.0,404176.0,0.9033094493487985,0.7770833333333333,-40.708333333333336,489.4048257372654,-1888.6728971962616,76668.0,75193.0,0.76668,5,2,0.4,192.0,62.76941930590086,0.32692405888490034,92,0.0,0.0,0.0,0.0,False,False,False
1836,105676.0,726709.0,621033.0,1.170161650025039,0.576797385620915,57.55773420479303,686.2219074598678,-799.2702702702703,23660.0,22230.0,0.2366,10,8,0.8,183.6,39.49734168270062,0.21512713334804262,72,0.014109163859343654,4.466441251056636,411.06552102653393,0.5636372325515017,2012-01-10 01:30:00,2021-06-02 13:15:00,BIAS,7,1,5,83,5,14,28,28,3,1,142,103,52,141,4,4,5000,1500,692,31652.0,655548.0,623896.0,1.050732814443433,0.6835260115606936,45.73988439306358,1385.936575052854,-2848.840182648402,66225.0,61110.0,0.66225,5,3,0.6,138.4,45.95040805041888,0.33201161886140806,62,0.047106028055099204,0.47794639486598717,1447.861114621509,0.2677240793466839,True,False,False
1836,95421.0,683592.0,588171.0,1.16223343211413,0.6083877995642701,51.97222222222222,611.9892569382274,-818.0403337969402,19330.0,17504.0,0.1933,10,9,0.9,183.6,39.49734168270062,0.21512713334804262,72,0.010385554542501127,4.93642007242628,371.9294494922501,0.5630652357824522,2012-01-10 01:30:00,2021-06-02 13:15:00,BIAS,7,1,5,91,5,14,28,28,3,1,142,103,52,141,4,4,3000,1000,692,-23498.0,480711.0,504209.0,0.9533963098635685,0.7167630057803468,-33.956647398843934,969.1754032258065,-2572.4948979591836,55701.0,54471.0,0.55701,5,2,0.4,138.4,45.95040805041888,0.33201161886140806,62,0.0,0.0,0.0,0.0,False,False,False
1836,83176.0,590626.0,507450.0,1.1639097448024436,0.5016339869281046,45.30283224400871,641.2877307274701,-554.5901639344262,14777.0,13743.0,0.14777,10,10,1.0,183.6,39.49734168270062,0.21512713334804262,72,0.01792584399345965,5.628747377681532,326.18269693180724,0.5613523849332807,2012-01-10 01:30:00,2021-06-02 13:15:00,BIAS,7,1,5,83,5,14,28,28,3,1,142,103,52,141,4,4,750,1500,692,5387.0,343736.0,338349.0,1.0159214302391908,0.34826589595375723,7.784682080924855,1426.2904564315352,-750.219512195122,29587.0,28178.0,0.29587,5,4,0.8,138.4,45.95040805041888,0.33201161886140806,62,0.27677742713940967,0.18207320782776218,3800.6690180063115,0.06817007470073759,False,False,False
1836,86291.0,647008.0,560717.0,1.1538940321053224,0.5163398692810458,46.999455337690634,682.4978902953586,-631.438063063063,15932.0,15236.0,0.15932,10,9,0.9,183.6,39.49734168270062,0.21512713334804262,72,0.0230730898934999,5.416206377102687,338.9826517249771,0.5608684759813248,2012-01-10 01:30:00,2021-06-02 13:15:00,BIAS,7,1,5,83,5,14,28,28,3,1,142,103,52,141,4,4,1000,2000,692,-15283.0,429889.0,445172.0,0.965669449111804,0.35260115606936415,-22.085260115606935,1761.8401639344263,-993.6875,37471.0,34908.0,0.37471,5,2,0.4,138.4,45.95040805041888,0.33201161886140806,62,0.0,0.0,0.0,0.0,False,False,False
1836,82041.0,409710.0,327669.0,1.250377667707351,0.2968409586056645,44.68464052287582,751.7614678899082,-253.81022463206816,14763.0,13862.0,0.14763,10,7,0.7,183.6,39.49734168270062,0.21512713334804262,72,0.054740922221815924,5.557203820361715,330.3819797418364,0.5539547788428087,2012-01-10 01:30:00,2021-06-02 13:15:00,BIAS,7,1,5,91,5,14,28,28,3,1,142,103,52,141,4,4,250,4500,692,-9768.0,156769.0,166537.0,0.9413463674738947,0.0708092485549133,-14.115606936416185,3199.3673469387754,-259.0,29862.0,28827.0,0.29862,5,2,0.4,138.4,45.95040805041888,0.33201161886140806,62,0.0,0.0,0.0,0.0,False,False,False
1836,93566.0,654224.0,560658.0,1.1668860517463409,0.5958605664488017,50.96187363834423,598.0109689213893,-755.6037735849056,19382.0,18408.0,0.19382,10,9,0.9,183.6,39.49734168270062,0.21512713334804262,72,0.0105914541606994,4.827468785471056,380.32353632729837,0.5513780164687926,2012-01-10 01:30:00,2021-06-02 13:15:00,BIAS,7,1,5,83,5,14,28,28,3,1,142,103,52,141,4,4,5000,1000,692,-21603.0,500211.0,521814.0,0.9586001908726097,0.7528901734104047,-31.21820809248555,960.0978886756238,-3051.5438596491226,60841.0,58294.0,0.60841,5,2,0.4,138.4,45.95040805041888,0.33201161886140806,62,0.0,0.0,0.0,0.0,False,False,False
1836,84756.0,630584.0,545828.0,1.1552796851755498,0.5250544662309368,46.16339869281046,654.1327800829876,-625.9495412844037,16042.0,15008.0,0.16042,10,9,0.9,183.6,39.49734168270062,0.21512713334804262,72,0.01759167492566898,5.283381124548061,347.5047430270423,0.5489994054229344,2012-01-10 01:30:00,2021-06-02 13:15:00,BIAS,7,1,5,83,5,14,28,28,3,1,142,103,52,141,4,4,1000,1500,692,-4548.0,400264.0,404812.0,0.9887651551831468,0.41040462427745666,-6.572254335260116,1409.380281690141,-992.1862745098039,38693.0,37700.0,0.38693,5,2,0.4,138.4,45.95040805041888,0.33201161886140806,62,0.0,0.0,0.0,0.0,False,False,False
1836,113781.0,757216.0,643435.0,1.1768337128070434,0.5860566448801743,61.97222222222222,703.7323420074349,-846.625,29149.0,27013.0,0.29149,10,8,0.8,183.6,39.49734168270062,0.21512713334804262,72,0.013104121074696128,3.9034272187725136,470.35589421783953,0.5467497511854309,2012-01-10 01:30:00,2021-06-02 13:15:00,BIAS,7,1,5,91,5,14,28,28,3,1,142,103,52,141,4,4,3000,1500,692,36522.0,636922.0,600400.0,1.06082944703531,0.653179190751445,52.77745664739884,1409.1194690265486,-2501.6666666666665,51086.0,49866.0,0.51086,5,3,0.6,138.4,45.95040805041888,0.33201161886140806,62,0.04082470839494003,0.714912108992679,967.9511527298615,0.35172307615840553,True,False,False
1836,87461.0,654073.0,566612.0,1.1543578321673384,0.5953159041394336,47.636710239651414,598.419945105215,-762.600269179004,17578.0,15438.0,0.17578,10,8,0.8,183.6,39.49734168270062,0.21512713334804262,72,0.01133076456935091,4.975594493116396,369.00113193309016,0.5412032380623502,2012-01-10 01:30:00,2021-06-02 13:15:00,BIAS,7,1,5,83,5,14,28,28,3,1,142,103,52,141,4,4,4000,1000,692,-15153.0,493013.0,508166.0,0.9701810038452002,0.7413294797687862,-21.897398843930635,961.0389863547758,-2838.9162011173185,44718.0,43045.0,0.44718,5,3,0.6,138.4,45.95040805041888,0.33201161886140806,62,0.0,0.0,0.0,0.0,False,False,False
1836,86536.0,627308.0,540772.0,1.16002307811795,0.4918300653594771,47.13289760348584,694.6932447397563,-579.6055734190783,18202.0,16922.0,0.18202,10,9,0.9,183.6,39.49734168270062,0.21512713334804262,72,0.023007765554220207,4.754202834853313,386.18461680687807,0.5262207139509766,2012-01-10 01:30:00,2021-06-02 13:15:00,BIAS,7,1,5,91,5,14,28,28,3,1,142,103,52,141,4,4,750,2000,692,-5368.0,364336.0,369704.0,0.9854802761127821,0.2904624277456647,-7.757225433526012,1812.6169154228855,-752.9613034623218,33434.0,32474.0,0.33434,5,3,0.6,138.4,45.95040805041888,0.33201161886140806,62,0.0,0.0,0.0,0.0,False,False,False
1836,83381.0,610491.0,527110.0,1.1581851985354101,0.5016339869281046,45.41448801742919,662.85667752443,-576.0765027322404,17186.0,16206.0,0.17186,10,10,1.0,183.6,39.49734168270062,0.21512713334804262,72,0.01788177162662957,4.851681601303387,378.4254926182224,0.5218075678583161,2012-01-10 01:30:00,2021-06-02 13:15:00,BIAS,7,1,5,91,5,14,28,28,3,1,142,103,52,141,4,4,750,1500,692,6617.0,345792.0,339175.0,1.019509102970443,0.34971098265895956,9.5621387283237,1428.892561983471,-753.7222222222222,29587.0,28178.0,0.29587,5,4,0.8,138.4,45.95040805041888,0.33201161886140806,62,0.22532869880610548,0.22364551999188834,3094.182257820765,0.08373517436324125,False,False,False
1836,85716.0,657335.0,571619.0,1.1499530281533679,0.5310457516339869,46.68627450980392,674.1897435897436,-663.9012775842044,18402.0,17472.0,0.18402,10,9,0.9,183.6,39.49734168270062,0.21512713334804262,72,0.01739465210695786,4.657971959569612,394.1629567408652,0.5183941128190993,2012-01-10 01:30:00,2021-06-02 13:15:00,BIAS,7,1,5,91,5,14,28,28,3,1,142,103,52,141,4,4,1000,1500,692,-4978.0,401908.0,406886.0,0.9877656149388281,0.40895953757225434,-7.19364161849711,1420.1696113074204,-994.8312958435208,39028.0,38035.0,0.39028,5,2,0.4,138.4,45.95040805041888,0.33201161886140806,62,0.0,0.0,0.0,0.0,False,False,False
1836,93951.0,716981.0,623030.0,1.1507969118662023,0.5724400871459695,51.17156862745098,682.1893434823977,-793.6687898089172,22341.0,21259.0,0.22341,10,7,0.7,183.6,39.49734168270062,0.21512713334804262,72,0.015869974774084365,4.205317577548006,436.5900948366702,0.5156805846500223,2012-01-10 01:30:00,2021-06-02 13:15:00,BIAS,7,1,5,83,5,14,28,28,3,1,142,103,52,141,4,4,3000,1500,692,32032.0,621778.0,589746.0,1.0543149084521133,0.6473988439306358,46.28901734104046,1387.8973214285713,-2416.9918032786886,51911.0,50691.0,0.51911,5,3,0.6,138.4,45.95040805041888,0.33201161886140806,62,0.0465472027972028,0.6170561152742193,1121.453921078921,0.3060212737398507,True,False,False
1955,86255.0,668132.0,581877.0,1.1482357955375448,0.5560102301790282,44.12020460358056,614.656853725851,-670.3652073732719,16776.0,14981.0,0.16776,10,8,0.8,195.5,33.764626460246824,0.1727090867531807,95,0.011489189032519853,5.141571292322365,380.23395745174196,0.513093678137509,2012-01-10 02:45:00,2021-06-02 13:15:00,BIAS,7,2,5,91,18,69,46,46,3,5,152,103,3,82,4,4,1000,1000,933,-8722.0,457783.0,466505.0,0.9813035230061843,0.5016077170418006,-9.34833869239014,978.1688034188035,-1003.236559139785,49024.0,47894.0,0.49024,5,2,0.4,186.6,59.196621525218816,0.3172380574770569,94,0.0,0.0,0.0,0.0,False,False,False
1836,101696.0,726558.0,624862.0,1.1627495350973496,0.5762527233115469,55.389978213507625,686.7277882797731,-803.1645244215938,26441.0,25359.0,0.26441,10,7,0.7,183.6,39.49734168270062,0.21512713334804262,72,0.014661343612334801,3.8461480276842783,477.36072215229706,0.5130924343137135,2012-01-10 01:30:00,2021-06-02 13:15:00,BIAS,7,1,5,83,5,14,28,28,3,1,142,103,52,141,4,4,4000,1500,692,30342.0,644424.0,614082.0,1.049410339335789,0.6705202312138728,43.846820809248555,1388.844827586207,-2693.342105263158,55860.0,50745.0,0.5586,5,3,0.6,138.4,45.95040805041888,0.33201161886140806,62,0.04913980620921495,0.5431793770139635,1273.9806209214948,0.2794415609226013,True,False,False
1932,93187.0,711398.0,618211.0,1.150736560818232,0.5269151138716356,48.23343685300207,698.819253438114,-676.3796498905908,20115.0,18884.0,0.20115,10,8,0.8,193.2,34.29518916699542,0.17751133109210881,91,0.03520877375599601,4.63271190653741,417.034350284911,0.5122612969379154,2012-01-10 02:45:00,2021-06-02 13:15:00,BIAS,7,2,5,91,18,69,46,46,3,5,152,103,3,82,4,4,1000,1500,900,44145.0,557823.0,513678.0,1.0859390513123006,0.4311111111111111,49.05,1437.6881443298969,-1003.27734375,29741.0,27481.0,0.29741,5,3,0.6,180.0,55.50855789876008,0.3083808772153338,94,0.033775059463132855,1.4843145825627921,606.3404689092763,0.42841491576692703,True,False,False
