n_trades,net_profit,gross_profit,gross_loss,profit_factor,win_rate,avg_trade,avg_win,avg_loss,max_dd,max_dd_closed,max_dd_pct,n_years,profitable_years,profitable_years_ratio,yearly_trades_mean,yearly_trades_std,yearly_trades_cv,min_yearly_trades,top_trade_pct,np_dd,recovery_trades,unger_score,first_trade,last_trade,engine,phase,p_long_offset_ticks,p_short_offset_ticks,p_direction,p_ptn_neut_yes,p_ptn_neut_no,p_ptn_dir_yes,p_ptn_dir_no,p_start_hour,p_end_hour,p_skip_day,p_stop_loss,p_take_profit,p_max_bars,oos_n_trades,oos_net_profit,oos_gross_profit,oos_gross_loss,oos_profit_factor,oos_win_rate,oos_avg_trade,oos_avg_win,oos_avg_loss,oos_max_dd,oos_max_dd_closed,oos_max_dd_pct,oos_n_years,oos_profitable_years,oos_profitable_years_ratio,oos_yearly_trades_mean,oos_yearly_trades_std,oos_yearly_trades_cv,oos_min_yearly_trades,oos_top_trade_pct,oos_np_dd,oos_recovery_trades,oos_unger_score,passes_oos_gate,passes_oos_hard,overall_pass
199,97919.0,168506.0,70587.0,2.38721010951025,0.6331658291457286,492.05527638190955,1337.3492063492063,-966.945205479452,9093.0,7179.0,0.09093,10,10,1.0,19.9,6.699999999999999,0.33668341708542715,13,0.10203331324870556,10.76861321895964,18.479631123683863,7.772552287282729,2012-03-05 17:30:00,2021-05-24 23:00:00,RHL,7,80,80,1,55,46,46,53,2,1,4,2250,10000,0,123,17738.0,144535.0,126797.0,1.1398928996742825,0.4878048780487805,144.21138211382114,2408.9166666666665,-2012.6507936507937,34859.0,33074.0,0.34859,5,4,0.8,24.6,8.138795979750322,0.3308453650305009,12,0.5632540308941256,0.5088499383229582,241.72155823655427,1.1634438590059202,False,False,False
189,92379.0,162343.0,69964.0,2.3203790520839287,0.6243386243386243,488.77777777777777,1375.7881355932204,-985.4084507042254,9093.0,7179.0,0.09093,10,9,0.9,18.9,6.920260110718383,0.3661513286094383,10,0.10815228569263577,10.159353348729793,18.603546260513752,7.7207806053297885,2012-03-05 17:30:00,2021-05-24 23:00:00,RHL,7,80,80,1,55,46,46,6,2,1,4,2250,10000,0,123,17738.0,144535.0,126797.0,1.1398928996742825,0.4878048780487805,144.21138211382114,2408.9166666666665,-2012.6507936507937,34859.0,33074.0,0.34859,5,4,0.8,24.6,8.138795979750322,0.3308453650305009,12,0.5632540308941256,0.5088499383229582,241.72155823655427,1.1634438590059202,False,False,False
160,73020.0,126447.0,53427.0,2.3667246897636027,0.6375,456.375,1239.6764705882354,-921.1551724137931,8366.0,7523.0,0.08366,10,9,0.9,16.0,5.796550698475776,0.362284418654736,8,0.13682552725280744,8.728185512789864,18.331416050397152,7.515645214683952,2012-03-05 17:30:00,2021-05-24 23:00:00,RHL,6,80,80,1,40,46,46,6,2,1,4,2250,10000,0,93,15768.0,107523.0,91755.0,1.1718489455615497,0.5161290322580645,169.5483870967742,2240.0625,-2039.0,33093.0,31308.0,0.33093,5,3,0.6,18.6,6.887670143089026,0.3703048464026358,7,0.3850202942668696,0.47647538754419366,195.18321917808217,1.4038766404498306,False,False,False
160,70710.0,126447.0,55737.0,2.2686366327574143,0.6375,441.9375,1239.6764705882354,-960.9827586206897,7926.0,7527.0,0.07926,10,9,0.9,16.0,5.796550698475776,0.362284418654736,8,0.14129543204638664,8.921271763815291,17.934662706830718,7.477168630136062,2012-03-05 17:30:00,2021-05-24 23:00:00,RHL,6,80,80,1,40,46,46,6,2,1,4,2500,10000,0,93,16133.0,111980.0,95847.0,1.1683203438813943,0.5376344086021505,173.4731182795699,2239.6,-2229.0,33018.0,31233.0,0.33018,5,3,0.6,18.6,6.887670143089026,0.3703048464026358,7,0.37630942788074134,0.4886122720940093,190.3349655984628,1.4380042126639068,False,False,False
160,72335.0,125762.0,53427.0,2.3539034570535495,0.6375,452.09375,1232.9607843137255,-921.1551724137931,8366.0,7523.0,0.08366,10,9,0.9,16.0,5.796550698475776,0.362284418654736,8,0.1286514135618995,8.646306478603872,18.505011405267158,7.445141010739026,2012-03-05 17:30:00,2021-05-24 23:00:00,RHL,6,80,80,1,40,46,46,6,2,1,4,2250,0,0,93,15768.0,107523.0,91755.0,1.1718489455615497,0.5161290322580645,169.5483870967742,2240.0625,-2039.0,33093.0,31308.0,0.33093,5,3,0.6,18.6,6.887670143089026,0.3703048464026358,7,0.3850202942668696,0.47647538754419366,195.18321917808217,1.4038766404498306,False,False,False
160,70025.0,125762.0,55737.0,2.2563467714444623,0.6375,437.65625,1232.9607843137255,-960.9827586206897,7926.0,7527.0,0.07926,10,9,0.9,16.0,5.796550698475776,0.362284418654736,8,0.13289539450196358,8.834847337875347,18.11010353445198,7.4047338894820784,2012-03-05 17:30:00,2021-05-24 23:00:00,RHL,6,80,80,1,40,46,46,6,2,1,4,2500,0,0,93,16133.0,111980.0,95847.0,1.1683203438813943,0.5376344086021505,173.4731182795699,2239.6,-2229.0,33018.0,31233.0,0.33018,5,3,0.6,18.6,6.887670143089026,0.3703048464026358,7,0.37630942788074134,0.4886122720940093,190.3349655984628,1.4380042126639068,False,False,False
190,88600.0,161907.0,73307.0,2.2086158211357714,0.6157894736842106,466.3157894736842,1383.820512820513,-1004.2054794520548,9093.0,7179.0,0.09093,10,9,0.9,19.0,7.042726744663604,0.37066982866650544,10,0.11276523702031603,9.743758935444848,19.499661399548533,7.365968886098484,2012-03-05 17:30:00,2021-05-24 23:00:00,RHL,7,80,80,1,55,56,46,6,2,1,4,2250,10000,0,126,21381.0,152786.0,131405.0,1.1627107035500932,0.48412698412698413,169.6904761904762,2504.688524590164,-2021.6153846153845,37779.0,35994.0,0.37779,5,4,0.8,25.2,8.541662601625049,0.33895486514385115,12,0.4672840372293158,0.5659493369332169,222.63476918759645,1.3150297985101094,False,False,False
160,71140.0,124567.0,53427.0,2.3315364890411217,0.6375,444.625,1221.2450980392157,-921.1551724137931,8366.0,7523.0,0.08366,10,9,0.9,16.0,5.796550698475776,0.362284418654736,8,0.0701574360416081,8.503466411666269,18.815856058476243,7.322144625754811,2012-03-05 17:30:00,2021-05-24 16:30:00,RHL,6,80,80,1,40,46,46,6,2,1,4,2250,5000,0,93,40158.0,127395.0,87237.0,1.4603321984937583,0.5376344086021505,431.80645161290323,2547.9,-2028.7674418604652,27201.0,24636.0,0.27201,5,4,0.8,18.6,6.887670143089026,0.3703048464026358,7,0.12428407789232532,1.4763427815153856,62.99350067234424,3.943665274041334,True,False,False
160,72870.0,122710.0,49840.0,2.462078651685393,0.625,455.4375,1227.1,-830.6666666666666,8856.0,8013.0,0.08856,10,9,0.9,16.0,5.796550698475776,0.362284418654736,8,0.13710717716481405,8.228319783197833,19.445039110745164,7.289761800744094,2012-03-05 17:30:00,2021-05-24 23:00:00,RHL,6,80,80,1,40,46,46,6,2,1,4,1500,10000,0,93,18818.0,96181.0,77363.0,1.2432428938898439,0.44086021505376344,202.34408602150538,2345.878048780488,-1487.75,34483.0,32698.0,0.34483,5,3,0.6,18.6,6.887670143089026,0.3703048464026358,7,0.322616643639069,0.5457181799727402,170.41763205441598,1.6413127728702925,False,False,False
160,68830.0,124567.0,55737.0,2.2349067944094587,0.6375,430.1875,1221.2450980392157,-960.9827586206897,7926.0,7527.0,0.07926,10,9,0.9,16.0,5.796550698475776,0.362284418654736,8,0.07251198605259335,8.684077718899823,18.424524190033416,7.278369633888632,2012-03-05 17:30:00,2021-05-24 16:30:00,RHL,6,80,80,1,40,46,46,6,2,1,4,2500,5000,0,93,44588.0,135417.0,90829.0,1.49090048332581,0.5591397849462365,479.44086021505376,2604.173076923077,-2215.3414634146343,29951.0,27386.0,0.29951,5,4,0.8,18.6,6.887670143089026,0.3703048464026358,7,0.11193594689154032,1.4886982070715502,62.47068718040728,4.172849629565463,True,False,False
160,70520.0,123947.0,53427.0,2.3199318696539204,0.6375,440.75,1215.1666666666667,-921.1551724137931,8366.0,7523.0,0.08366,10,9,0.9,16.0,5.796550698475776,0.362284418654736,8,0.1062251843448667,8.42935692087019,18.981281905842316,7.258330601746264,2012-03-05 17:30:00,2021-05-24 23:00:00,RHL,6,80,80,1,40,46,46,6,2,1,4,2250,7500,0,93,18508.0,110263.0,91755.0,1.2017110784153453,0.5161290322580645,199.01075268817203,2297.1458333333335,-2039.0,33093.0,31308.0,0.33093,5,3,0.6,18.6,6.887670143089026,0.3703048464026358,7,0.40474389453209425,0.5592723536699604,166.28749729846552,1.647827807042457,False,False,False
160,72185.0,122025.0,49840.0,2.4483346709470304,0.625,451.15625,1220.25,-830.6666666666666,8856.0,8013.0,0.08856,10,9,0.9,16.0,5.796550698475776,0.362284418654736,8,0.12891875043291542,8.150971093044264,19.62956292858627,7.221235838983291,2012-03-05 17:30:00,2021-05-24 23:00:00,RHL,6,80,80,1,40,46,46,6,2,1,4,1500,0,0,93,18818.0,96181.0,77363.0,1.2432428938898439,0.44086021505376344,202.34408602150538,2345.878048780488,-1487.75,34483.0,32698.0,0.34483,5,3,0.6,18.6,6.887670143089026,0.3703048464026358,7,0.322616643639069,0.5457181799727402,170.41763205441598,1.6413127728702925,False,False,False
160,68210.0,123947.0,55737.0,2.223783124315984,0.6375,426.3125,1215.1666666666667,-960.9827586206897,7926.0,7527.0,0.07926,10,9,0.9,16.0,5.796550698475776,0.362284418654736,8,0.10982260665591556,8.605854150895786,18.591995308605775,7.212808262785756,2012-03-05 17:30:00,2021-05-24 23:00:00,RHL,6,80,80,1,40,46,46,6,2,1,4,2500,7500,0,93,18873.0,114720.0,95847.0,1.1969075714419857,0.5376344086021505,202.93548387096774,2294.4,-2229.0,33018.0,31233.0,0.33018,5,3,0.6,18.6,6.887670143089026,0.3703048464026358,7,0.39691622953425526,0.5715973105578775,162.70195517405818,1.6822322882046683,False,False,False
160,74075.0,126447.0,52372.0,2.4144008248682503,0.6375,462.96875,1239.6764705882354,-902.9655172413793,9416.0,8573.0,0.09416,10,9,0.9,16.0,5.796550698475776,0.362284418654736,8,0.1348768140398245,7.866928632115548,20.33830577117786,7.1865724344219615,2012-03-05 17:30:00,2021-05-24 23:00:00,RHL,6,80,80,1,40,46,46,6,2,1,4,2000,10000,0,93,10823.0,100175.0,89352.0,1.1211276748142178,0.4838709677419355,116.3763440860215,2226.1111111111113,-1861.5,41359.0,39458.0,0.41359,5,4,0.8,18.6,6.887670143089026,0.3703048464026358,7,0.5609350457359328,0.2616842766991465,355.3900951676984,0.8619519366041167,False,False,False
160,69480.0,122907.0,53427.0,2.3004660564882924,0.6375,434.25,1204.9705882352941,-921.1551724137931,8366.0,7523.0,0.08366,10,9,0.9,16.0,5.796550698475776,0.362284418654736,8,0.08622625215889465,8.305044226631605,19.26540011514105,7.151287722764187,2012-03-05 17:30:00,2021-05-24 20:30:00,RHL,6,80,80,1,40,46,46,6,2,1,4,2250,6000,0,93,23093.0,114848.0,91755.0,1.2516811072966052,0.5161290322580645,248.31182795698925,2392.6666666666665,-2039.0,33093.0,31308.0,0.33093,5,3,0.6,18.6,6.887670143089026,0.3703048464026358,7,0.2594292642792188,0.6978212915118001,133.27194387909756,2.056045361358951,True,False,False
160,73390.0,125762.0,52372.0,2.401321316734133,0.6375,458.6875,1232.9607843137255,-902.9655172413793,9416.0,8573.0,0.09416,10,9,0.9,16.0,5.796550698475776,0.362284418654736,8,0.1268020166235182,7.794180118946474,20.52813734841259,7.120115436547118,2012-03-05 17:30:00,2021-05-24 23:00:00,RHL,6,80,80,1,40,46,46,6,2,1,4,2000,0,0,93,10823.0,100175.0,89352.0,1.1211276748142178,0.4838709677419355,116.3763440860215,2226.1111111111113,-1861.5,41359.0,39458.0,0.41359,5,4,0.8,18.6,6.887670143089026,0.3703048464026358,7,0.5609350457359328,0.2616842766991465,355.3900951676984,0.8619519366041167,False,False,False
160,67170.0,122907.0,55737.0,2.205124064804349,0.6375,419.8125,1204.9705882352941,-960.9827586206897,7926.0,7527.0,0.07926,10,9,0.9,16.0,5.796550698475776,0.362284418654736,8,0.08919160339437249,8.474640423921272,18.87985707905315,7.102834349968028,2012-03-05 17:30:00,2021-05-24 20:30:00,RHL,6,80,80,1,40,46,46,6,2,1,4,2500,6000,0,93,23458.0,119305.0,95847.0,1.2447442277796905,0.5376344086021505,252.23655913978496,2386.1,-2229.0,33018.0,31233.0,0.33018,5,3,0.6,18.6,6.887670143089026,0.3703048464026358,7,0.25539261659135476,0.7104609606881095,130.90092932048768,2.090913210231818,True,False,False
160,72365.0,123286.0,50921.0,2.4211229158893186,0.63125,452.28125,1220.6534653465346,-863.0677966101695,9206.0,8363.0,0.09206,10,9,0.9,16.0,5.796550698475776,0.362284418654736,8,0.1380639812063843,7.860634368889855,20.354591307952738,7.100295984277106,2012-03-05 17:30:00,2021-05-24 23:00:00,RHL,6,80,80,1,40,46,46,6,2,1,4,1750,10000,0,93,16273.0,98423.0,82150.0,1.198088861838101,0.46236559139784944,174.9784946236559,2288.906976744186,-1643.0,37943.0,36158.0,0.37943,5,4,0.8,18.6,6.887670143089026,0.3703048464026358,7,0.37307195968782647,0.42888016234878634,216.84379032753642,1.3530760210941202,False,False,False
160,68640.0,122067.0,53427.0,2.2847436689314393,0.6375,429.0,1196.735294117647,-921.1551724137931,8366.0,7523.0,0.08366,10,9,0.9,16.0,5.796550698475776,0.362284418654736,8,0.06542832167832167,8.204637819746594,19.501165501165502,7.064830012817124,2012-03-05 17:30:00,2021-05-24 16:15:00,RHL,6,80,80,1,40,46,46,6,2,1,4,2250,4500,0,93,38228.0,125465.0,87237.0,1.4382085582952189,0.5376344086021505,411.0537634408602,2509.3,-2028.7674418604652,27201.0,24968.0,0.27201,5,4,0.8,18.6,6.887670143089026,0.3703048464026358,7,0.11747933451920059,1.405389507738686,66.17382546824317,3.7541320806826066,True,False,False
160,70370.0,120210.0,49840.0,2.4119181380417336,0.625,439.8125,1202.1,-830.6666666666666,8856.0,8013.0,0.08856,10,9,0.9,16.0,5.796550698475776,0.362284418654736,8,0.1064516129032258,7.94602529358627,20.135853346596562,7.039667049792258,2012-03-05 17:30:00,2021-05-24 23:00:00,RHL,6,80,80,1,40,46,46,6,2,1,4,1500,7500,0,93,21558.0,98921.0,77363.0,1.278660341506922,0.44086021505376344,231.80645161290323,2412.7073170731705,-1487.75,34483.0,32698.0,0.34483,5,3,0.6,18.6,6.887670143089026,0.3703048464026358,7,0.3474812134706374,0.6251776237566337,148.7577233509602,1.8802965648601218,True,False,False
160,71680.0,122601.0,50921.0,2.4076707056027966,0.63125,448.0,1213.8712871287128,-863.0677966101695,9206.0,8363.0,0.09206,10,9,0.9,16.0,5.796550698475776,0.362284418654736,8,0.12982700892857144,7.786226374103845,20.549107142857142,7.033085278145277,2012-03-05 17:30:00,2021-05-24 23:00:00,RHL,6,80,80,1,40,46,46,6,2,1,4,1750,0,0,93,16273.0,98423.0,82150.0,1.198088861838101,0.46236559139784944,174.9784946236559,2288.906976744186,-1643.0,37943.0,36158.0,0.37943,5,4,0.8,18.6,6.887670143089026,0.3703048464026358,7,0.37307195968782647,0.42888016234878634,216.84379032753642,1.3530760210941202,False,False,False
160,66330.0,122067.0,55737.0,2.1900532859680286,0.6375,414.5625,1196.735294117647,-960.9827586206897,7926.0,7527.0,0.07926,10,9,0.9,16.0,5.796550698475776,0.362284418654736,8,0.06770691994572592,8.368660105980318,19.11895070104025,7.014009266538325,2012-03-05 17:30:00,2021-05-24 16:15:00,RHL,6,80,80,1,40,46,46,6,2,1,4,2500,4500,0,93,42158.0,132987.0,90829.0,1.4641469134307326,0.5591397849462365,453.31182795698925,2557.4423076923076,-2215.3414634146343,29951.0,27386.0,0.29951,5,4,0.8,18.6,6.887670143089026,0.3703048464026358,7,0.10652782390056455,1.4075656906280258,66.07151667536411,3.9454336297483796,True,False,False
160,72195.0,124567.0,52372.0,2.3785037806461466,0.6375,451.21875,1221.2450980392157,-902.9655172413793,9416.0,8573.0,0.09416,10,9,0.9,16.0,5.796550698475776,0.362284418654736,8,0.06913221137197867,7.667268479184367,20.86792714176882,7.0041795059479375,2012-03-05 17:30:00,2021-05-24 16:30:00,RHL,6,80,80,1,40,46,46,6,2,1,4,2000,5000,0,93,34498.0,119832.0,85334.0,1.4042702791384443,0.5053763440860215,370.9462365591398,2549.6170212765956,-1855.0869565217392,33734.0,31931.0,0.33734,5,4,0.8,18.6,6.887670143089026,0.3703048464026358,7,0.14467505362629718,1.022647773759412,90.94040234216476,3.0421484559013208,True,False,False
160,71575.0,123947.0,52372.0,2.3666653937218363,0.6375,447.34375,1215.1666666666667,-902.9655172413793,9416.0,8573.0,0.09416,10,9,0.9,16.0,5.796550698475776,0.362284418654736,8,0.10465944813133077,7.60142310960068,21.048690185120503,6.944028646557569,2012-03-05 17:30:00,2021-05-24 23:00:00,RHL,6,80,80,1,40,46,46,6,2,1,4,2000,7500,0,93,13563.0,102915.0,89352.0,1.1517929089443997,0.4838709677419355,145.83870967741936,2287.0,-1861.5,41359.0,39458.0,0.41359,5,4,0.8,18.6,6.887670143089026,0.3703048464026358,7,0.5523114355231143,0.32793346067361395,283.59411634594113,1.0801676167570577,False,False,False
160,69330.0,119170.0,49840.0,2.391051364365971,0.625,433.3125,1191.7,-830.6666666666666,8856.0,8013.0,0.08856,10,9,0.9,16.0,5.796550698475776,0.362284418654736,8,0.08641280830809174,7.828590785907859,20.437905668541756,6.935627633396296,2012-03-05 17:30:00,2021-05-24 20:30:00,RHL,6,80,80,1,40,46,46,6,2,1,4,1500,6000,0,93,26143.0,103506.0,77363.0,1.3379263989245505,0.44086021505376344,281.10752688172045,2524.5365853658536,-1487.75,34483.0,32698.0,0.34483,5,3,0.6,18.6,6.887670143089026,0.3703048464026358,7,0.22916268217113567,0.7581416930081489,122.66836246796466,2.280201924813905,True,False,False
160,69160.0,119000.0,49840.0,2.3876404494382024,0.625,432.25,1190.0,-830.6666666666666,8856.0,8013.0,0.08856,10,9,0.9,16.0,5.796550698475776,0.362284418654736,8,0.07216599190283401,7.809394760614273,20.488143435511855,6.918621190331571,2012-03-05 17:30:00,2021-05-24 16:30:00,RHL,6,80,80,1,40,46,46,6,2,1,4,1500,5000,0,93,34993.0,110847.0,75854.0,1.4613204313549715,0.45161290322580644,376.26881720430106,2639.214285714286,-1487.3333333333333,26858.0,26001.0,0.26858,5,4,0.8,18.6,6.887670143089026,0.3703048464026358,7,0.14262852570514103,1.3028892694913992,71.37981882090705,3.4583165907239595,True,False,False
160,69865.0,120786.0,50921.0,2.3720272579093105,0.63125,436.65625,1195.90099009901,-863.0677966101695,9206.0,8363.0,0.09206,10,9,0.9,16.0,5.796550698475776,0.362284418654736,8,0.10722106920489516,7.589072344123398,21.08294568095613,6.855001436350722,2012-03-05 17:30:00,2021-05-24 23:00:00,RHL,6,80,80,1,40,46,46,6,2,1,4,1750,7500,0,93,19013.0,101163.0,82150.0,1.231442483262325,0.46236559139784944,204.44086021505376,2352.6279069767443,-1643.0,37943.0,36158.0,0.37943,5,4,0.8,18.6,6.887670143089026,0.3703048464026358,7,0.3939935833377163,0.5010937458819809,185.5940146215747,1.580902992015148,False,False,False
160,70535.0,122907.0,52372.0,2.346807454364928,0.6375,440.84375,1204.9705882352941,-902.9655172413793,9416.0,8573.0,0.09416,10,9,0.9,16.0,5.796550698475776,0.362284418654736,8,0.08493655631955767,7.490972812234494,21.359041610547955,6.8431304308059815,2012-03-05 17:30:00,2021-05-24 20:30:00,RHL,6,80,80,1,40,46,46,6,2,1,4,2000,6000,0,93,18148.0,107500.0,89352.0,1.2031068135016563,0.4838709677419355,195.13978494623655,2388.8888888888887,-1861.5,41359.0,39458.0,0.41359,5,4,0.8,18.6,6.887670143089026,0.3703048464026358,7,0.33011902137976634,0.4387920404265093,211.94550363676439,1.445320497596924,False,False,False
160,68330.0,126447.0,58117.0,2.1757317136121963,0.6375,427.0625,1239.6764705882354,-1002.0172413793103,8872.0,7583.0,0.08872,10,9,0.9,16.0,5.796550698475776,0.362284418654736,8,0.1462168886287136,7.7017583408476105,20.774476803746524,6.829423209673767,2012-03-05 17:30:00,2021-05-24 23:00:00,RHL,6,80,80,1,40,46,46,6,2,1,4,3000,10000,0,93,4743.0,111980.0,107237.0,1.0442291373313315,0.5376344086021505,51.0,2239.6,-2493.8837209302324,39419.0,37328.0,0.39419,5,3,0.6,18.6,6.887670143089026,0.3703048464026358,7,1.2799915665190809,0.12032268702909764,772.9215686274509,0.3869195993723513,False,False,False
160,66200.0,119627.0,53427.0,2.2390738765043894,0.6375,413.75,1172.813725490196,-921.1551724137931,8366.0,7523.0,0.08366,10,9,0.9,16.0,5.796550698475776,0.362284418654736,8,0.06028700906344411,7.91298111403299,20.219939577039273,6.813690950589943,2012-03-05 17:30:00,2021-05-24 15:45:00,RHL,6,80,80,1,40,46,46,6,2,1,4,2250,4000,0,93,37763.0,124311.0,86548.0,1.4363243518047788,0.5483870967741935,406.0537634408602,2437.470588235294,-2060.6666666666665,27201.0,24636.0,0.27201,5,4,0.8,18.6,6.887670143089026,0.3703048464026358,7,0.105685459312025,1.388294547994559,66.98866615470169,3.7084673475676797,True,False,False
160,69695.0,122067.0,52372.0,2.3307683494997327,0.6375,435.59375,1196.735294117647,-902.9655172413793,9416.0,8573.0,0.09416,10,9,0.9,16.0,5.796550698475776,0.362284418654736,8,0.06443790802783557,7.401762956669499,21.616471769854364,6.761635718083545,2012-03-05 17:30:00,2021-05-24 16:15:00,RHL,6,80,80,1,40,46,46,6,2,1,4,2000,4500,0,93,39568.0,122893.0,83325.0,1.474863486348635,0.5161290322580645,425.4623655913978,2560.2708333333335,-1851.6666666666667,28234.0,26333.0,0.28234,5,4,0.8,18.6,6.887670143089026,0.3703048464026358,7,0.11350080873433077,1.4014308989162003,66.36074605742014,3.813979021772613,True,False,False
160,67645.0,125762.0,58117.0,2.1639451451382556,0.6375,422.78125,1232.9607843137255,-1002.0172413793103,8872.0,7583.0,0.08872,10,9,0.9,16.0,5.796550698475776,0.362284418654736,8,0.13757114346958385,7.624549143372407,20.9848473649198,6.760959066564934,2012-03-05 17:30:00,2021-05-24 23:00:00,RHL,6,80,80,1,40,46,46,6,2,1,4,3000,0,0,93,4743.0,111980.0,107237.0,1.0442291373313315,0.5376344086021505,51.0,2239.6,-2493.8837209302324,39419.0,37328.0,0.39419,5,3,0.6,18.6,6.887670143089026,0.3703048464026358,7,1.2799915665190809,0.12032268702909764,772.9215686274509,0.3869195993723513,False,False,False
160,63890.0,119627.0,55737.0,2.1462762617291924,0.6375,399.3125,1172.813725490196,-960.9827586206897,7926.0,7527.0,0.07926,10,9,0.9,16.0,5.796550698475776,0.362284418654736,8,0.062466739708874626,8.06081251577088,19.84911566755361,6.755993548004426,2012-03-05 17:30:00,2021-05-24 15:45:00,RHL,6,80,80,1,40,46,46,6,2,1,4,2500,4000,0,93,41193.0,131333.0,90140.0,1.4569891280230751,0.5698924731182796,442.93548387096774,2477.9811320754716,-2253.5,29951.0,27386.0,0.29951,5,4,0.8,18.6,6.887670143089026,0.3703048464026358,7,0.09688539314932149,1.3753463991185604,67.61932852669143,3.85512233763995,True,False,False
160,68825.0,119746.0,50921.0,2.351603464189627,0.63125,430.15625,1185.6039603960396,-863.0677966101695,9206.0,8363.0,0.09206,10,9,0.9,16.0,5.796550698475776,0.362284418654736,8,0.08704685797312023,7.476102541820552,21.40152560842717,6.752958904413347,2012-03-05 17:30:00,2021-05-24 20:30:00,RHL,6,80,80,1,40,46,46,6,2,1,4,1750,6000,0,93,23598.0,105748.0,82150.0,1.2872550213024954,0.46236559139784944,253.74193548387098,2459.2558139534885,-1643.0,37943.0,36158.0,0.37943,5,4,0.8,18.6,6.887670143089026,0.3703048464026358,7,0.25387744724129163,0.6219328993490235,149.53381642512076,1.9621389999249708,True,False,False
160,68655.0,119576.0,50921.0,2.3482649594469867,0.63125,429.09375,1183.920792079208,-863.0677966101695,9206.0,8363.0,0.09206,10,9,0.9,16.0,5.796550698475776,0.362284418654736,8,0.07269681742043552,7.457636324136433,21.454518971669945,6.736278875154352,2012-03-05 17:30:00,2021-05-24 16:30:00,RHL,6,80,80,1,40,46,46,6,2,1,4,1750,5000,0,93,32698.0,113089.0,80391.0,1.4067370725578734,0.4731182795698925,351.59139784946234,2570.2045454545455,-1640.6326530612246,30318.0,28533.0,0.30318,5,4,0.8,18.6,6.887670143089026,0.3703048464026358,7,0.15263930515627866,1.0785012203971238,86.23077864089548,3.0415245151938066,True,False,False
160,67160.0,117000.0,49840.0,2.3475120385232744,0.625,419.75,1170.0,-830.6666666666666,8856.0,8013.0,0.08856,10,9,0.9,16.0,5.796550698475776,0.362284418654736,8,0.06687016081000595,7.583559168925023,21.09827278141751,6.718545389570102,2012-03-05 17:30:00,2021-05-24 16:15:00,RHL,6,80,80,1,40,46,46,6,2,1,4,1500,4500,0,93,40063.0,114408.0,74345.0,1.5388795480529962,0.46236559139784944,430.78494623655916,2660.6511627906975,-1486.9,21858.0,20073.0,0.21858,5,4,0.8,18.6,6.887670143089026,0.3703048464026358,7,0.112098444949205,1.8328758349345777,50.73993460300027,4.388930081865074,True,False,False
245,71990.0,118834.0,46844.0,2.536803005721117,0.6285714285714286,293.83673469387753,771.6493506493506,-514.7692307692307,4347.0,3521.0,0.04347,10,8,0.8,24.5,7.8390050389064045,0.31995938934311857,10,0.08321989165161828,16.56084656084656,14.793929712460065,6.712968723689171,2012-01-23 18:15:00,2021-05-27 23:00:00,RHL,6,5,80,1,53,32,1,33,2,1,4,1500,6000,0,72,-33463.0,40960.0,74423.0,0.5503674939198904,0.2777777777777778,-464.7638888888889,2048.0,-1431.2115384615386,33778.0,32687.0,0.33778,5,1,0.2,14.4,5.4258639865002145,0.376796110173626,7,0.0,0.0,0.0,0.0,False,False,False
160,65145.0,116313.0,51168.0,2.273159005628518,0.64375,407.15625,1129.2524271844661,-897.6842105263158,8366.0,7523.0,0.08366,10,9,0.9,16.0,5.796550698475776,0.362284418654736,8,0.04591296338936219,7.7868754482428875,20.547394274311152,6.705104183930239,2012-03-05 17:30:00,2021-05-24 15:45:00,RHL,6,80,80,1,40,46,46,6,2,1,4,2250,3000,0,93,29428.0,113717.0,84289.0,1.349132152475412,0.5591397849462365,316.4301075268817,2186.8653846153848,-2055.829268292683,27201.0,24636.0,0.27201,5,4,0.8,18.6,6.887670143089026,0.3703048464026358,7,0.10163789588147343,1.0818719900003677,85.96211091477504,2.889939281948513,True,False,False
160,63085.0,116313.0,53228.0,2.185184489366499,0.64375,394.28125,1129.2524271844661,-933.8245614035088,7926.0,7083.0,0.07926,10,9,0.9,16.0,5.796550698475776,0.362284418654736,8,0.047412221605769994,7.9592480444108,20.10240152175636,6.670869509717628,2012-03-05 17:30:00,2021-05-24 15:45:00,RHL,6,80,80,1,40,46,46,6,2,1,4,2500,3000,0,93,32068.0,119699.0,87631.0,1.3659435587862743,0.5806451612903226,344.81720430107526,2216.6481481481483,-2246.948717948718,29951.0,27386.0,0.29951,5,4,0.8,18.6,6.887670143089026,0.3703048464026358,7,0.09327055008107771,1.070682114119729,86.860515155295,3.001142502935885,True,False,False
245,71530.0,118374.0,46844.0,2.5269831782085217,0.6285714285714286,291.9591836734694,768.6623376623377,-514.7692307692307,4347.0,3521.0,0.04347,10,8,0.8,24.5,7.8390050389064045,0.31995938934311857,10,0.07732419963651614,16.455026455026456,14.889067524115756,6.670074354847707,2012-01-23 18:15:00,2021-05-27 23:00:00,RHL,6,5,80,1,53,32,1,33,2,1,4,1500,0,0,72,-32428.0,41995.0,74423.0,0.5642744850382274,0.2777777777777778,-450.3888888888889,2099.75,-1431.2115384615386,32743.0,31652.0,0.32743,5,1,0.2,14.4,5.4258639865002145,0.376796110173626,7,0.0,0.0,0.0,0.0,False,False,False
160,66450.0,124567.0,58117.0,2.1433831753187533,0.6375,415.3125,1221.2450980392157,-1002.0172413793103,8872.0,7583.0,0.08872,10,9,0.9,16.0,5.796550698475776,0.362284418654736,8,0.07510910458991724,7.4898557258791705,21.362227238525207,6.641521619827627,2012-03-05 17:30:00,2021-05-24 16:30:00,RHL,6,80,80,1,40,46,46,6,2,1,4,3000,5000,0,93,34198.0,135417.0,101219.0,1.3378614686965886,0.5591397849462365,367.7204301075269,2604.173076923077,-2468.756097560976,35451.0,32886.0,0.35451,5,4,0.8,18.6,6.887670143089026,0.3703048464026358,7,0.14594420726358268,0.9646554399029647,96.40747996958886,2.9417574973395983,True,False,False
160,65830.0,123947.0,58117.0,2.1327150403496393,0.6375,411.4375,1215.1666666666667,-1002.0172413793103,8872.0,7583.0,0.08872,10,9,0.9,16.0,5.796550698475776,0.362284418654736,8,0.11379310344827587,7.419972948602345,21.563420932705455,6.579554074240071,2012-03-05 17:30:00,2021-05-24 23:00:00,RHL,6,80,80,1,40,46,46,6,2,1,4,3000,7500,0,93,7483.0,114720.0,107237.0,1.0697800199557987,0.5376344086021505,80.46236559139786,2294.4,-2493.8837209302324,39419.0,37328.0,0.39419,5,3,0.6,18.6,6.887670143089026,0.3703048464026358,7,1.001069089937191,0.1898323143661686,489.9060537217693,0.6104405148857907,False,False,False
245,70470.0,117314.0,46844.0,2.5043548800273245,0.6285714285714286,287.6326530612245,761.7792207792207,-514.7692307692307,4347.0,3521.0,0.04347,10,8,0.8,24.5,7.8390050389064045,0.31995938934311857,10,0.07082446431105435,16.211180124223603,15.11302681992337,6.571230809256507,2012-01-23 18:15:00,2021-05-27 23:00:00,RHL,6,5,80,1,53,32,1,33,2,1,4,1500,5000,0,72,-28963.0,43951.0,72914.0,0.6027786159036673,0.2916666666666667,-402.2638888888889,2092.904761904762,-1429.686274509804,35614.0,33178.0,0.35614,5,1,0.2,14.4,5.4258639865002145,0.376796110173626,7,0.0,0.0,0.0,0.0,False,False,False
160,66655.0,117576.0,50921.0,2.30898843306298,0.63125,416.59375,1164.118811881188,-863.0677966101695,9206.0,8363.0,0.09206,10,9,0.9,16.0,5.796550698475776,0.362284418654736,8,0.06737679093841423,7.240386704323267,22.098267196759434,6.540043236813244,2012-03-05 17:30:00,2021-05-24 16:15:00,RHL,6,80,80,1,40,46,46,6,2,1,4,1750,4500,0,93,38018.0,116650.0,78632.0,1.483492725607895,0.4838709677419355,408.7956989247312,2592.222222222222,-1638.1666666666667,25068.0,23283.0,0.25068,5,4,0.8,18.6,6.887670143089026,0.3703048464026358,7,0.1181282550370877,1.5165948619754268,61.321584512599294,3.889106440362386,True,False,False
160,67255.0,119627.0,52372.0,2.2841785687008325,0.6375,420.34375,1172.813725490196,-902.9655172413793,9416.0,8573.0,0.09416,10,9,0.9,16.0,5.796550698475776,0.362284418654736,8,0.05934131291353803,7.142629566694987,22.400713701583527,6.524912981127898,2012-03-05 17:30:00,2021-05-24 15:45:00,RHL,6,80,80,1,40,46,46,6,2,1,4,2000,4000,0,93,40423.0,121739.0,81316.0,1.497110039844557,0.5268817204301075,434.6559139784946,2484.469387755102,-1848.090909090909,25796.0,23922.0,0.25796,5,4,0.8,18.6,6.887670143089026,0.3703048464026358,7,0.09873092051554808,1.5670258954876726,59.348093906934174,4.076362179951181,True,False,False
160,65220.0,115060.0,49840.0,2.3085874799357944,0.625,407.625,1150.6,-830.6666666666666,8856.0,8013.0,0.08856,10,9,0.9,16.0,5.796550698475776,0.362284418654736,8,0.061192885617908616,7.36449864498645,21.72585096596136,6.524471862831478,2012-03-05 17:30:00,2021-05-24 15:45:00,RHL,6,80,80,1,40,46,46,6,2,1,4,1500,4000,0,93,40918.0,113754.0,72836.0,1.5617826349607338,0.4731182795698925,439.97849462365593,2585.318181818182,-1486.4489795918366,21750.0,19965.0,0.2175,5,4,0.8,18.6,6.887670143089026,0.3703048464026358,7,0.09753653648760936,1.881287356321839,49.43423432230314,4.4937113609816475,True,False,False
245,69470.0,116314.0,46844.0,2.483007428912988,0.6285714285714286,283.55102040816325,755.2857142857143,-514.7692307692307,4347.0,3521.0,0.04347,10,8,0.8,24.5,7.8390050389064045,0.31995938934311857,10,0.06464661004750252,15.981136415919025,15.3305743486397,6.47798218134028,2012-01-23 18:15:00,2021-05-27 23:00:00,RHL,6,5,80,1,53,32,1,33,2,1,4,1500,4500,0,72,-29893.0,43021.0,72914.0,0.5900238637298736,0.2916666666666667,-415.18055555555554,2048.6190476190477,-1429.686274509804,36044.0,33608.0,0.36044,5,0,0.0,14.4,5.4258639865002145,0.376796110173626,7,0.0,0.0,0.0,0.0,False,False,False
160,64790.0,122907.0,58117.0,2.114820104272416,0.6375,404.9375,1204.9705882352941,-1002.0172413793103,8872.0,7583.0,0.08872,10,9,0.9,16.0,5.796550698475776,0.362284418654736,8,0.09246797345269332,7.302750225428314,21.909553943509803,6.475608513899653,2012-03-05 17:30:00,2021-05-24 20:30:00,RHL,6,80,80,1,40,46,46,6,2,1,4,3000,6000,0,93,12068.0,119305.0,107237.0,1.1125357852233837,0.5376344086021505,129.76344086021504,2386.1,-2493.8837209302324,39419.0,37328.0,0.39419,5,3,0.6,18.6,6.887670143089026,0.3703048464026358,7,0.4964368578057673,0.306146782008676,303.7758534968512,0.98447095197671,False,False,False
160,62835.0,113410.0,50575.0,2.2424122590212554,0.59375,392.71875,1193.7894736842106,-778.0769230769231,8346.0,6391.0,0.08346,10,9,0.9,16.0,5.796550698475776,0.362284418654736,8,0.15900373995384737,7.528756290438533,21.25185008355216,6.475089880807758,2012-03-05 17:30:00,2021-05-24 23:00:00,RHL,6,80,80,1,40,46,46,6,2,1,4,1250,10000,0,93,8008.0,81434.0,73426.0,1.1090621850570643,0.3655913978494624,86.10752688172043,2395.1176470588234,-1244.5084745762713,31160.0,30475.0,0.3116,5,3,0.6,18.6,6.887670143089026,0.3703048464026358,7,0.7581168831168831,0.2569961489088575,361.87312687312686,0.7347604070638777,False,False,False
160,64415.0,112746.0,48331.0,2.332788479443835,0.63125,402.59375,1116.2970297029703,-819.1694915254237,8856.0,8013.0,0.08856,10,9,0.9,16.0,5.796550698475776,0.362284418654736,8,0.04643328417294108,7.273599819331527,21.99736086315299,6.443941353024987,2012-03-05 17:30:00,2021-05-24 15:45:00,RHL,6,80,80,1,40,46,46,6,2,1,4,1500,3000,0,93,35348.0,105166.0,69818.0,1.5062877767910854,0.4946236559139785,380.0860215053763,2286.217391304348,-1485.4893617021276,20485.0,19965.0,0.20485,5,4,0.8,18.6,6.887670143089026,0.3703048464026358,7,0.08461581984836483,1.7255552843544057,53.895694240126744,4.000067023880252,True,False,False
160,62150.0,112725.0,50575.0,2.2288680177953535,0.59375,388.4375,1186.578947368421,-778.0769230769231,8346.0,6391.0,0.08346,10,9,0.9,16.0,5.796550698475776,0.362284418654736,8,0.1497345132743363,7.446681044811886,21.486082059533388,6.404501250771101,2012-03-05 17:30:00,2021-05-24 23:00:00,RHL,6,80,80,1,40,46,46,6,2,1,4,1250,0,0,93,8008.0,81434.0,73426.0,1.1090621850570643,0.3655913978494624,86.10752688172043,2395.1176470588234,-1244.5084745762713,31160.0,30475.0,0.3116,5,3,0.6,18.6,6.887670143089026,0.3703048464026358,7,0.7581168831168831,0.2569961489088575,361.87312687312686,0.7347604070638777,False,False,False
160,65950.0,116313.0,50363.0,2.309493080237476,0.64375,412.1875,1129.2524271844661,-883.561403508772,9416.0,8573.0,0.09416,10,9,0.9,16.0,5.796550698475776,0.362284418654736,8,0.04535253980288097,7.004035683942226,22.843972706595906,6.398305123862684,2012-03-05 17:30:00,2021-05-24 15:45:00,RHL,6,80,80,1,40,46,46,6,2,1,4,2000,3000,0,93,31383.0,110690.0,79307.0,1.3957153845183905,0.5376344086021505,337.4516129032258,2213.8,-1844.3488372093022,24531.0,23895.0,0.24531,5,4,0.8,18.6,6.887670143089026,0.3703048464026358,7,0.09530637606347385,1.2793200440259265,72.69486664754804,3.245317836520312,True,False,False
160,63950.0,122067.0,58117.0,2.100366502056197,0.6375,399.6875,1196.735294117647,-1002.0172413793103,8872.0,7583.0,0.08872,10,9,0.9,16.0,5.796550698475776,0.362284418654736,8,0.07022673964034402,7.208070333633905,22.197341673182173,6.391652484393932,2012-03-05 17:30:00,2021-05-24 16:15:00,RHL,6,80,80,1,40,46,46,6,2,1,4,3000,4500,0,93,31768.0,132987.0,101219.0,1.313854118297948,0.5591397849462365,341.59139784946234,2557.4423076923076,-2468.756097560976,35451.0,32886.0,0.35451,5,4,0.8,18.6,6.887670143089026,0.3703048464026358,7,0.14136867287836816,0.8961101238328961,103.78188743389575,2.73272566160256,True,False,False
245,68390.0,115234.0,46844.0,2.459952181709504,0.6285714285714286,279.14285714285717,748.2727272727273,-514.7692307692307,4347.0,3521.0,0.04347,10,8,0.8,24.5,7.8390050389064045,0.31995938934311857,10,0.05835648486620851,15.732689210950081,15.572671443193448,6.377273663190755,2012-01-23 18:15:00,2021-05-27 23:00:00,RHL,6,5,80,1,53,32,1,33,2,1,4,1500,4000,0,72,-31193.0,41721.0,72914.0,0.5721946402611295,0.2916666666666667,-433.2361111111111,1986.7142857142858,-1429.686274509804,36844.0,34408.0,0.36844,5,0,0.0,14.4,5.4258639865002145,0.376796110173626,7,0.0,0.0,0.0,0.0,False,False,False
160,64715.0,115636.0,50921.0,2.2708902024704933,0.63125,404.46875,1144.9108910891089,-863.0677966101695,9206.0,8363.0,0.09206,10,9,0.9,16.0,5.796550698475776,0.362284418654736,8,0.06167040098895156,7.029654573104497,22.760720080352314,6.349694667622372,2012-03-05 17:30:00,2021-05-24 15:45:00,RHL,6,80,80,1,40,46,46,6,2,1,4,1750,4000,0,93,39123.0,115996.0,76873.0,1.5089303136341758,0.4946236559139785,420.6774193548387,2521.6521739130435,-1635.595744680851,22710.0,20925.0,0.2271,5,4,0.8,18.6,6.887670143089026,0.3703048464026358,7,0.10201160442706336,1.7227212681638044,53.98435702783529,4.20478688192442,True,False,False
245,71290.0,118834.0,47544.0,2.4994531381457175,0.6285714285714286,290.9795918367347,771.6493506493506,-522.4615384615385,4847.0,3521.0,0.04847,10,8,0.8,24.5,7.8390050389064045,0.31995938934311857,10,0.08403703184177304,14.708066845471425,16.657525599663348,6.295487633384154,2012-01-23 18:15:00,2021-05-27 23:00:00,RHL,6,5,80,1,53,32,1,33,2,1,4,1750,6000,0,72,-26468.0,48546.0,75014.0,0.6471591969499026,0.3611111111111111,-367.6111111111111,1867.1538461538462,-1630.7391304347825,30901.0,30367.0,0.30901,5,2,0.4,14.4,5.4258639865002145,0.376796110173626,7,0.0,0.0,0.0,0.0,False,False,False
160,64160.0,113322.0,49162.0,2.3050730238802326,0.6375,401.0,1111.0,-847.6206896551724,9206.0,8363.0,0.09206,10,9,0.9,16.0,5.796550698475776,0.362284418654736,8,0.04661783042394015,6.969367803606343,22.957605985037407,6.295239277982715,2012-03-05 17:30:00,2021-05-24 15:45:00,RHL,6,80,80,1,40,46,46,6,2,1,4,1750,3000,0,93,30833.0,105947.0,75114.0,1.4104827329126395,0.5053763440860215,331.5376344086022,2254.191489361702,-1632.9130434782608,21445.0,20925.0,0.21445,5,4,0.8,18.6,6.887670143089026,0.3703048464026358,7,0.09700645412382837,1.4377710422009793,64.68345603736256,3.4101474976058004,True,False,False
245,77220.0,122731.0,45511.0,2.696732658038716,0.636734693877551,315.18367346938777,786.7371794871794,-511.35955056179773,5760.0,4089.0,0.0576,10,8,0.8,24.5,7.8390050389064045,0.31995938934311857,10,0.07758352758352759,13.40625,18.275058275058274,6.255410660266537,2012-01-23 18:15:00,2021-05-27 23:00:00,RHL,6,5,80,1,53,32,1,33,2,1,4,4000,6000,0,72,-26678.0,62087.0,88765.0,0.6994536134737791,0.5138888888888888,-370.52777777777777,1678.027027027027,-2536.1428571428573,32139.0,31012.0,0.32139,5,3,0.6,14.4,5.4258639865002145,0.376796110173626,7,0.0,0.0,0.0,0.0,False,False,False
245,70830.0,118374.0,47544.0,2.4897778899545684,0.6285714285714286,289.1020408163265,768.6623376623377,-522.4615384615385,4847.0,3521.0,0.04847,10,8,0.8,24.5,7.8390050389064045,0.31995938934311857,10,0.07808838062967668,14.613162781101712,16.76570662148807,6.254865886836858,2012-01-23 18:15:00,2021-05-27 23:00:00,RHL,6,5,80,1,53,32,1,33,2,1,4,1750,0,0,72,-25433.0,49581.0,75014.0,0.6609566214306662,0.3611111111111111,-353.2361111111111,1906.9615384615386,-1630.7391304347825,29866.0,29332.0,0.29866,5,2,0.4,14.4,5.4258639865002145,0.376796110173626,7,0.0,0.0,0.0,0.0,False,False,False
160,56470.0,104527.0,48057.0,2.1750629460848576,0.60625,352.9375,1077.5979381443299,-762.8095238095239,7245.0,6391.0,0.07245,10,9,0.9,16.0,5.796550698475776,0.362284418654736,8,0.05296617673100761,7.794340924775708,20.5277138303524,6.2457121512921345,2012-03-05 17:30:00,2021-05-24 15:45:00,RHL,6,80,80,1,40,46,46,6,2,1,4,1250,3000,0,93,24243.0,91374.0,67131.0,1.3611297314206552,0.41935483870967744,260.6774193548387,2342.923076923077,-1243.1666666666667,16985.0,16465.0,0.16985,5,4,0.8,18.6,6.887670143089026,0.3703048464026358,7,0.12337581982427917,1.4273182219605534,65.15715876747927,3.0128255938014123,True,False,False
245,76760.0,122271.0,45511.0,2.686625211487333,0.636734693877551,313.3061224489796,783.7884615384615,-511.35955056179773,5760.0,4089.0,0.0576,10,8,0.8,24.5,7.8390050389064045,0.31995938934311857,10,0.07205575820739969,13.32638888888889,18.384575299635227,6.21814714169981,2012-01-23 18:15:00,2021-05-27 23:00:00,RHL,6,5,80,1,53,32,1,33,2,1,4,4000,0,0,72,-25643.0,63122.0,88765.0,0.7111136146003493,0.5138888888888888,-356.15277777777777,1706.0,-2536.1428571428573,31104.0,29977.0,0.31104,5,3,0.6,14.4,5.4258639865002145,0.376796110173626,7,0.0,0.0,0.0,0.0,False,False,False
160,60335.0,110910.0,50575.0,2.1929807217004447,0.59375,377.09375,1167.4736842105262,-778.0769230769231,8346.0,6391.0,0.08346,10,9,0.9,16.0,5.796550698475776,0.362284418654736,8,0.12415679124886053,7.229211598370477,22.132427281014337,6.2174671434476965,2012-03-05 17:30:00,2021-05-24 23:00:00,RHL,6,80,80,1,40,46,46,6,2,1,4,1250,7500,0,93,8008.0,81434.0,73426.0,1.1090621850570643,0.3655913978494624,86.10752688172043,2395.1176470588234,-1244.5084745762713,31160.0,30475.0,0.3116,5,3,0.6,18.6,6.887670143089026,0.3703048464026358,7,0.7581168831168831,0.2569961489088575,361.87312687312686,0.7347604070638777,False,False,False
245,76220.0,122731.0,46511.0,2.6387521231536626,0.636734693877551,311.1020408163265,786.7371794871794,-522.5955056179776,5760.0,5009.0,0.0576,10,8,0.8,24.5,7.8390050389064045,0.31995938934311857,10,0.07860141695093151,13.23263888888889,18.514825505116768,6.174403011208436,2012-01-23 18:15:00,2021-05-27 23:00:00,RHL,6,5,80,1,53,32,1,33,2,1,4,5000,6000,0,72,-22628.0,66073.0,88701.0,0.7448957734411111,0.5277777777777778,-314.27777777777777,1738.7631578947369,-2608.8529411764707,35653.0,34152.0,0.35653,5,2,0.4,14.4,5.4258639865002145,0.376796110173626,7,0.0,0.0,0.0,0.0,False,False,False
245,69770.0,117314.0,47544.0,2.4674827528184418,0.6285714285714286,284.7755102040816,761.7792207792207,-522.4615384615385,4847.0,3521.0,0.04847,10,8,0.8,24.5,7.8390050389064045,0.31995938934311857,10,0.07153504371506378,14.394470806684547,17.020424251110793,6.161259253488742,2012-01-23 18:15:00,2021-05-27 23:00:00,RHL,6,5,80,1,53,32,1,33,2,1,4,1750,5000,0,72,-21718.0,51537.0,73255.0,0.7035287693672787,0.375,-301.6388888888889,1908.7777777777778,-1627.888888888889,32487.0,30608.0,0.32487,5,2,0.4,14.4,5.4258639865002145,0.376796110173626,7,0.0,0.0,0.0,0.0,False,False,False
160,61510.0,119627.0,58117.0,2.058382228951942,0.6375,384.4375,1172.813725490196,-1002.0172413793103,8872.0,7583.0,0.08872,10,9,0.9,16.0,5.796550698475776,0.362284418654736,8,0.06488375873841652,6.933047790802525,23.07787351650138,6.147780208210645,2012-03-05 17:30:00,2021-05-24 15:45:00,RHL,6,80,80,1,40,46,46,6,2,1,4,3000,4000,0,93,30803.0,131333.0,100530.0,1.3064060479458868,0.5698924731182796,331.21505376344084,2477.9811320754716,-2513.25,35451.0,32886.0,0.35451,5,4,0.8,18.6,6.887670143089026,0.3703048464026358,7,0.12956530208096614,0.8688894530478689,107.03317858650132,2.6497150766287985,True,False,False
245,75760.0,122271.0,46511.0,2.62886198963686,0.636734693877551,309.2244897959184,783.7884615384615,-522.5955056179776,5760.0,5009.0,0.0576,10,8,0.8,24.5,7.8390050389064045,0.31995938934311857,10,0.07300686378035903,13.152777777777779,18.627243928194297,6.13713949264171,2012-01-23 18:15:00,2021-05-27 23:00:00,RHL,6,5,80,1,53,32,1,33,2,1,4,5000,0,0,72,-21593.0,67108.0,88701.0,0.7565641875514368,0.5277777777777778,-299.90277777777777,1766.0,-2608.8529411764707,35653.0,34152.0,0.35653,5,2,0.4,14.4,5.4258639865002145,0.376796110173626,7,0.0,0.0,0.0,0.0,False,False,False
245,75700.0,121211.0,45511.0,2.663334138999363,0.636734693877551,308.9795918367347,776.9935897435897,-511.35955056179773,5760.0,4089.0,0.0576,10,8,0.8,24.5,7.8390050389064045,0.31995938934311857,10,0.06593130779392338,13.14236111111111,18.642007926023776,6.132279033698224,2012-01-23 18:15:00,2021-05-27 23:00:00,RHL,6,5,80,1,53,32,1,33,2,1,4,4000,5000,0,72,-19678.0,65078.0,84756.0,0.7678276464203124,0.5277777777777778,-273.30555555555554,1712.578947368421,-2492.823529411765,31475.0,29003.0,0.31475,5,2,0.4,14.4,5.4258639865002145,0.376796110173626,7,0.0,0.0,0.0,0.0,False,False,False
160,67800.0,126498.0,58698.0,2.1550649085147704,0.64375,423.75,1228.1359223300972,-1029.7894736842106,10872.0,8072.0,0.10872,10,9,0.9,16.0,5.796550698475776,0.362284418654736,8,0.1473598820058997,6.236203090507726,25.656637168141593,6.121506909357831,2012-03-05 17:30:00,2021-05-24 23:00:00,RHL,6,80,80,1,40,46,46,6,2,1,4,4000,10000,0,93,-8827.0,119061.0,127888.0,0.9309786688352308,0.5483870967741935,-94.91397849462365,2334.529411764706,-3044.9523809523807,50074.0,47983.0,0.50074,5,2,0.4,18.6,6.887670143089026,0.3703048464026358,7,0.0,0.0,0.0,0.0,False,False,False
160,59295.0,109870.0,50575.0,2.1724172021749877,0.59375,370.59375,1156.5263157894738,-778.0769230769231,8346.0,6391.0,0.08346,10,9,0.9,16.0,5.796550698475776,0.362284418654736,8,0.10103718694662282,7.1046010064701655,22.520617252719454,6.1102960847059125,2012-03-05 17:30:00,2021-05-24 20:30:00,RHL,6,80,80,1,40,46,46,6,2,1,4,1250,6000,0,93,14093.0,87519.0,73426.0,1.1919347370141367,0.3655913978494624,151.53763440860214,2574.0882352941176,-1244.5084745762713,31160.0,30475.0,0.3116,5,3,0.6,18.6,6.887670143089026,0.3703048464026358,7,0.425104661888881,0.4522785622593068,205.625487830838,1.2930792228710324,False,False,False
160,52775.0,92676.0,39901.0,2.3226485551740557,0.63125,329.84375,917.5841584158416,-676.2881355932203,6627.0,5882.0,0.06627,10,9,0.9,16.0,5.796550698475776,0.362284418654736,8,0.09457129322595927,7.963633620039233,20.09133112269067,6.103137137974784,2012-03-05 17:30:00,2021-05-24 12:30:00,RHL,6,80,80,1,40,46,46,6,2,1,4,1250,5000,48,93,30728.0,95195.0,64467.0,1.4766469666651154,0.43010752688172044,330.40860215053766,2379.875,-1216.3584905660377,16085.0,15565.0,0.16085,5,4,0.8,18.6,6.887670143089026,0.3703048464026358,7,0.1624251497005988,1.9103512589368978,48.682146576412386,3.924137059034568,True,False,False
160,56990.0,96969.0,39979.0,2.425498386652993,0.65,356.1875,932.3942307692307,-713.9107142857143,7738.0,7004.0,0.07738,10,9,0.9,16.0,5.796550698475776,0.362284418654736,8,0.08757676785400947,7.364952184026881,21.724513072468856,6.0991268550672775,2012-03-05 17:30:00,2021-05-24 12:30:00,RHL,6,80,80,1,40,46,46,6,2,1,4,1500,5000,48,93,44748.0,108223.0,63475.0,1.704970460811343,0.5161290322580645,481.16129032258067,2254.6458333333335,-1410.5555555555557,17167.0,16445.0,0.17167,5,4,0.8,18.6,6.887670143089026,0.3703048464026358,7,0.11153571109323322,2.606628997495194,35.678264950388844,5.531549867475523,True,True,True
160,59125.0,109700.0,50575.0,2.1690558576371726,0.59375,369.53125,1154.7368421052631,-778.0769230769231,8346.0,6391.0,0.08346,10,9,0.9,16.0,5.796550698475776,0.362284418654736,8,0.08441437632135307,7.084231967409537,22.585369978858353,6.092777738565427,2012-03-05 17:30:00,2021-05-24 16:30:00,RHL,6,80,80,1,40,46,46,6,2,1,4,1250,5000,0,93,23693.0,95860.0,72167.0,1.3283079523882106,0.3763440860215054,254.76344086021504,2738.8571428571427,-1244.2586206896551,23535.0,22850.0,0.23535,5,4,0.8,18.6,6.887670143089026,0.3703048464026358,7,0.21065293546617145,1.006713405566178,92.37981682353438,2.501401230935118,True,False,False
245,68770.0,116314.0,47544.0,2.446449604576813,0.6285714285714286,280.6938775510204,755.2857142857143,-522.4615384615385,4847.0,3521.0,0.04847,10,8,0.8,24.5,7.8390050389064045,0.31995938934311857,10,0.06530463865057438,14.188157623272128,17.26792205903737,6.072951108820709,2012-01-23 18:15:00,2021-05-27 23:00:00,RHL,6,5,80,1,53,32,1,33,2,1,4,1750,4500,0,72,-22648.0,50607.0,73255.0,0.6908333902122722,0.375,-314.55555555555554,1874.3333333333333,-1627.888888888889,32917.0,31038.0,0.32917,5,2,0.4,14.4,5.4258639865002145,0.376796110173626,7,0.0,0.0,0.0,0.0,False,False,False
160,67115.0,125813.0,58698.0,2.143395004940543,0.64375,419.46875,1221.485436893204,-1029.7894736842106,10872.0,8072.0,0.10872,10,9,0.9,16.0,5.796550698475776,0.362284418654736,8,0.13865752812337034,6.1731972038263425,25.918498100275645,6.059659826276561,2012-03-05 17:30:00,2021-05-24 23:00:00,RHL,6,80,80,1,40,46,46,6,2,1,4,4000,0,0,93,-8827.0,119061.0,127888.0,0.9309786688352308,0.5483870967741935,-94.91397849462365,2334.529411764706,-3044.9523809523807,50074.0,47983.0,0.50074,5,2,0.4,18.6,6.887670143089026,0.3703048464026358,7,0.0,0.0,0.0,0.0,False,False,False
245,74700.0,120211.0,45511.0,2.6413614291050513,0.636734693877551,304.8979591836735,770.5833333333334,-511.35955056179773,5760.0,4089.0,0.0576,10,8,0.8,24.5,7.8390050389064045,0.31995938934311857,10,0.06012048192771084,12.96875,18.891566265060238,6.051271384640124,2012-01-23 18:15:00,2021-05-27 23:00:00,RHL,6,5,80,1,53,32,1,33,2,1,4,4000,4500,0,72,-20608.0,64148.0,84756.0,0.7568549719193921,0.5277777777777778,-286.22222222222223,1688.1052631578948,-2492.823529411765,31905.0,29433.0,0.31905,5,2,0.4,14.4,5.4258639865002145,0.376796110173626,7,0.0,0.0,0.0,0.0,False,False,False
160,55990.0,95969.0,39979.0,2.4004852547587485,0.65,349.9375,922.7788461538462,-713.9107142857143,7738.0,7004.0,0.07738,10,9,0.9,16.0,5.796550698475776,0.362284418654736,8,0.08021075191998571,7.235719824243991,22.112520092873726,5.992105853925546,2012-03-05 17:30:00,2021-05-24 12:30:00,RHL,6,80,80,1,40,46,46,6,2,1,4,1500,4500,48,93,42143.0,105618.0,63475.0,1.6639306813706183,0.5161290322580645,453.1505376344086,2200.375,-1410.5555555555557,17263.0,16445.0,0.17263,5,4,0.8,18.6,6.887670143089026,0.3703048464026358,7,0.1065657404551171,2.4412326942014713,38.09550815081983,5.195025922772357,True,True,True
160,51775.0,91676.0,39901.0,2.2975865266534674,0.63125,323.59375,907.6831683168317,-676.2881355932203,6627.0,5882.0,0.06627,10,9,0.9,16.0,5.796550698475776,0.362284418654736,8,0.08674070497344279,7.812735777878376,20.479381941091262,5.987492663546081,2012-03-05 17:30:00,2021-05-24 12:30:00,RHL,6,80,80,1,40,46,46,6,2,1,4,1250,4500,48,93,28623.0,93090.0,64467.0,1.4439946018893388,0.43010752688172044,307.7741935483871,2327.25,-1216.3584905660377,16251.0,15616.0,0.16251,5,4,0.8,18.6,6.887670143089026,0.3703048464026358,7,0.15690179226496173,1.7613069964925236,52.80169793522692,3.636599808554684,True,False,False
160,55920.0,95899.0,39979.0,2.3987343355261515,0.65,349.5,922.1057692307693,-713.9107142857143,7738.0,7004.0,0.07738,10,9,0.9,16.0,5.796550698475776,0.362284418654736,8,0.11035407725321889,7.226673559059188,22.140200286123033,5.984614383845625,2012-03-05 17:30:00,2021-05-24 12:30:00,RHL,6,80,80,1,40,46,46,6,2,1,4,1500,0,48,93,29903.0,94887.0,64984.0,1.4601594238581805,0.5053763440860215,321.5376344086022,2018.872340425532,-1412.695652173913,19998.0,18213.0,0.19998,5,3,0.6,18.6,6.887670143089026,0.3703048464026358,7,0.18513192656255226,1.4952995299529952,62.194896833093665,3.424852600124322,True,False,False
160,51705.0,91606.0,39901.0,2.295832184657026,0.63125,323.15625,906.990099009901,-676.2881355932203,6627.0,5882.0,0.06627,10,9,0.9,16.0,5.796550698475776,0.362284418654736,8,0.11935015955903684,7.802172928927116,20.507107629823036,5.979397550336072,2012-03-05 17:30:00,2021-05-24 12:30:00,RHL,6,80,80,1,40,46,46,6,2,1,4,1250,0,48,93,16193.0,81919.0,65726.0,1.2463712990293034,0.41935483870967744,174.11827956989248,2100.4871794871797,-1217.148148148148,18986.0,18351.0,0.18986,5,3,0.6,18.6,6.887670143089026,0.3703048464026358,7,0.3418761193108133,0.8528916043400401,109.04082010745384,1.9034040266444041,True,False,False
245,67690.0,115234.0,47544.0,2.423733804475854,0.6285714285714286,276.2857142857143,748.2727272727273,-522.4615384615385,4847.0,3521.0,0.04847,10,8,0.8,24.5,7.8390050389064045,0.31995938934311857,10,0.058959964544245826,13.965339385186713,17.54343329886246,5.977578312579231,2012-01-23 18:15:00,2021-05-27 23:00:00,RHL,6,5,80,1,53,32,1,33,2,1,4,1750,4000,0,72,-23948.0,49307.0,73255.0,0.6730871612859191,0.375,-332.6111111111111,1826.1851851851852,-1627.888888888889,33717.0,31838.0,0.33717,5,2,0.4,14.4,5.4258639865002145,0.376796110173626,7,0.0,0.0,0.0,0.0,False,False,False
245,73100.0,121280.0,48180.0,2.517227065172271,0.6326530612244898,298.3673469387755,782.4516129032259,-535.3333333333334,5654.0,4749.0,0.05654,10,8,0.8,24.5,7.8390050389064045,0.31995938934311857,10,0.08195622435020519,12.92889989388044,18.949794801641588,5.9769103975500695,2012-01-23 18:15:00,2021-05-27 23:00:00,RHL,6,5,80,1,53,32,1,33,2,1,4,3000,6000,0,72,-30773.0,57865.0,88638.0,0.6528238453033688,0.4861111111111111,-427.40277777777777,1653.2857142857142,-2395.6216216216217,35049.0,34189.0,0.35049,5,2,0.4,14.4,5.4258639865002145,0.376796110173626,7,0.0,0.0,0.0,0.0,False,False,False
160,58250.0,116313.0,58063.0,2.0032206396500354,0.64375,364.0625,1129.2524271844661,-1018.6491228070175,8426.0,7583.0,0.08426,10,9,0.9,16.0,5.796550698475776,0.362284418654736,8,0.051347639484978544,6.913126038452409,23.144377682403434,5.974046164777982,2012-03-05 17:30:00,2021-05-24 15:45:00,RHL,6,80,80,1,40,46,46,6,2,1,4,3000,3000,0,93,22178.0,119699.0,97521.0,1.2274176843961813,0.5806451612903226,238.4731182795699,2216.6481481481483,-2500.5384615384614,35451.0,32886.0,0.35451,5,3,0.6,18.6,6.887670143089026,0.3703048464026358,7,0.1348633781224637,0.6255958929226256,148.65826494724502,1.9077810917596822,True,False,False
245,73700.0,120211.0,46511.0,2.584571391713788,0.636734693877551,300.81632653061223,770.5833333333334,-522.5955056179776,5760.0,5009.0,0.0576,10,8,0.8,24.5,7.8390050389064045,0.31995938934311857,10,0.060936227951153325,12.79513888888889,19.147896879240164,5.970263735582022,2012-01-23 18:15:00,2021-05-27 23:00:00,RHL,6,5,80,1,53,32,1,33,2,1,4,5000,4500,0,72,-17023.0,68639.0,85662.0,0.8012771123718802,0.5416666666666666,-236.43055555555554,1759.974358974359,-2595.818181818182,36484.0,33582.0,0.36484,5,3,0.6,14.4,5.4258639865002145,0.376796110173626,7,0.0,0.0,0.0,0.0,False,False,False
160,55740.0,95719.0,39979.0,2.3942319717851874,0.65,348.375,920.375,-713.9107142857143,7738.0,7004.0,0.07738,10,9,0.9,16.0,5.796550698475776,0.362284418654736,8,0.10748116254036598,7.203411734298268,22.211697165410836,5.965350603640114,2012-03-05 17:30:00,2021-05-24 12:30:00,RHL,6,80,80,1,40,46,46,6,2,1,4,1500,6000,48,93,36543.0,101527.0,64984.0,1.5623384217653575,0.5053763440860215,392.93548387096774,2160.148936170213,-1412.695652173913,19998.0,18213.0,0.19998,5,3,0.6,18.6,6.887670143089026,0.3703048464026358,7,0.1639438469747968,1.8273327332733273,50.89385107955012,4.185345569552991,True,False,False
245,73620.0,119131.0,45511.0,2.6176309024191955,0.636734693877551,300.48979591836735,763.6602564102565,-511.35955056179773,5760.0,4089.0,0.0576,10,8,0.8,24.5,7.8390050389064045,0.31995938934311857,10,0.054210812279271936,12.78125,19.16870415647922,5.963783123657374,2012-01-23 18:15:00,2021-05-27 23:00:00,RHL,6,5,80,1,53,32,1,33,2,1,4,4000,4000,0,72,-21018.0,63738.0,84756.0,0.7520175562792015,0.5277777777777778,-291.9166666666667,1677.3157894736842,-2492.823529411765,31815.0,29343.0,0.31815,5,2,0.4,14.4,5.4258639865002145,0.376796110173626,7,0.0,0.0,0.0,0.0,False,False,False
160,51525.0,91426.0,39901.0,2.2913210195233202,0.63125,322.03125,905.2079207920792,-676.2881355932203,6627.0,5882.0,0.06627,10,9,0.9,16.0,5.796550698475776,0.362284418654736,8,0.11627365356622998,7.775011317338162,20.578748180494905,5.958581544938905,2012-03-05 17:30:00,2021-05-24 12:30:00,RHL,6,80,80,1,40,46,46,6,2,1,4,1250,6000,48,93,21773.0,87499.0,65726.0,1.331269208532392,0.41935483870967744,234.11827956989248,2243.5641025641025,-1217.148148148148,18986.0,18351.0,0.18986,5,3,0.6,18.6,6.887670143089026,0.3703048464026358,7,0.2751573049189363,1.1467923733277152,81.09576080466633,2.559304382889434,True,False,False
160,65920.0,124618.0,58698.0,2.123036560019081,0.64375,412.0,1209.883495145631,-1029.7894736842106,10872.0,8072.0,0.10872,10,9,0.9,16.0,5.796550698475776,0.362284418654736,8,0.0757129854368932,6.063281824871229,26.388349514563107,5.951766009806316,2012-03-05 17:30:00,2021-05-24 16:30:00,RHL,6,80,80,1,40,46,46,6,2,1,4,4000,5000,0,93,20538.0,140408.0,119870.0,1.1713356135813797,0.5698924731182796,220.83870967741936,2649.2075471698113,-2996.75,46451.0,43886.0,0.46451,5,3,0.6,18.6,6.887670143089026,0.3703048464026358,7,0.24301295160190867,0.4421433338356548,210.33903009056382,1.5434089760566063,True,False,False
245,72640.0,120820.0,48180.0,2.5076795350767953,0.6326530612244898,296.48979591836735,779.483870967742,-535.3333333333334,5654.0,4749.0,0.05654,10,8,0.8,24.5,7.8390050389064045,0.31995938934311857,10,0.07614262114537446,12.847541563494872,19.069796255506606,5.939299196689975,2012-01-23 18:15:00,2021-05-27 23:00:00,RHL,6,5,80,1,53,32,1,33,2,1,4,3000,0,0,72,-29738.0,58900.0,88638.0,0.6645005528103071,0.4861111111111111,-413.02777777777777,1682.857142857143,-2395.6216216216217,34014.0,33154.0,0.34014,5,2,0.4,14.4,5.4258639865002145,0.376796110173626,7,0.0,0.0,0.0,0.0,False,False,False
160,65300.0,123998.0,58698.0,2.112474019557736,0.64375,408.125,1203.8640776699028,-1029.7894736842106,10872.0,8072.0,0.10872,10,9,0.9,16.0,5.796550698475776,0.362284418654736,8,0.1147166921898928,6.00625459896983,26.638897396630934,5.8957876280393275,2012-03-05 17:30:00,2021-05-24 23:00:00,RHL,6,80,80,1,40,46,46,6,2,1,4,4000,7500,0,93,-6087.0,121801.0,127888.0,0.952403665707494,0.5483870967741935,-65.45161290322581,2388.2549019607845,-3044.9523809523807,50074.0,47983.0,0.50074,5,2,0.4,18.6,6.887670143089026,0.3703048464026358,7,0.0,0.0,0.0,0.0,False,False,False
245,63155.0,109999.0,46844.0,2.34819827512595,0.6285714285714286,257.7755102040816,714.2792207792207,-514.7692307692307,4347.0,3521.0,0.04347,10,8,0.8,24.5,7.8390050389064045,0.31995938934311857,10,0.04735967065157153,14.528410397975616,16.863510410893834,5.889117096049307,2012-01-23 18:15:00,2021-05-27 23:00:00,RHL,6,5,80,1,53,32,1,33,2,1,4,1500,3000,0,72,-26698.0,43198.0,69896.0,0.6180325054366488,0.3194444444444444,-370.80555555555554,1878.1739130434783,-1426.4489795918366,31349.0,28913.0,0.31349,5,1,0.2,14.4,5.4258639865002145,0.376796110173626,7,0.0,0.0,0.0,0.0,False,False,False
160,57125.0,107700.0,50575.0,2.129510627780524,0.59375,357.03125,1133.6842105263158,-778.0769230769231,8346.0,6391.0,0.08346,10,9,0.9,16.0,5.796550698475776,0.362284418654736,8,0.07861706783369803,6.844596213755092,23.376105032822757,5.886679548677379,2012-03-05 17:30:00,2021-05-24 16:15:00,RHL,6,80,80,1,40,46,46,6,2,1,4,1250,4500,0,93,20258.0,92425.0,72167.0,1.2807100198151509,0.3763440860215054,217.8279569892473,2640.714285714286,-1244.2586206896551,24535.0,23850.0,0.24535,5,4,0.8,18.6,6.887670143089026,0.3703048464026358,7,0.22169019646559385,0.8256776034236805,112.63476157567382,2.094710172426912,True,False,False
160,54990.0,94969.0,39979.0,2.3754721228645037,0.65,343.6875,913.1634615384615,-713.9107142857143,7738.0,7004.0,0.07738,10,9,0.9,16.0,5.796550698475776,0.362284418654736,8,0.07257683215130023,7.106487464461101,22.514639025277322,5.885084852783814,2012-03-05 17:30:00,2021-05-24 12:30:00,RHL,6,80,80,1,40,46,46,6,2,1,4,1500,4000,48,93,39838.0,103313.0,63475.0,1.627617172115006,0.5161290322580645,428.36559139784947,2152.3541666666665,-1410.5555555555557,17763.0,16445.0,0.17763,5,4,0.8,18.6,6.887670143089026,0.3703048464026358,7,0.10018073196445605,2.2427517874232956,41.46691600983985,4.841275254401065,True,True,True
245,72620.0,119131.0,46511.0,2.5613510782395563,0.636734693877551,296.40816326530614,763.6602564102565,-522.5955056179776,5760.0,5009.0,0.0576,10,8,0.8,24.5,7.8390050389064045,0.31995938934311857,10,0.054957312035252,12.60763888888889,19.432663178187827,5.882775474599273,2012-01-23 18:15:00,2021-05-27 23:00:00,RHL,6,5,80,1,53,32,1,33,2,1,4,5000,4000,0,72,-17933.0,67729.0,85662.0,0.7906539655856739,0.5416666666666666,-249.06944444444446,1736.6410256410256,-2595.818181818182,35894.0,33133.0,0.35894,5,3,0.6,14.4,5.4258639865002145,0.376796110173626,7,0.0,0.0,0.0,0.0,False,False,False
245,69905.0,118834.0,48929.0,2.4287028142819187,0.6285714285714286,285.3265306122449,771.6493506493506,-537.6813186813187,5347.0,4018.0,0.05347,10,8,0.8,24.5,7.8390050389064045,0.31995938934311857,10,0.08570202417566698,13.073686179165888,18.739932765896576,5.87746996267904,2012-01-23 18:15:00,2021-05-27 23:00:00,RHL,6,5,80,1,53,32,1,33,2,1,4,2000,6000,0,72,-30638.0,49763.0,80401.0,0.6189350878720414,0.3888888888888889,-425.52777777777777,1777.25,-1827.2954545454545,34914.0,34287.0,0.34914,5,1,0.2,14.4,5.4258639865002145,0.376796110173626,7,0.0,0.0,0.0,0.0,False,False,False
160,54900.0,94879.0,39979.0,2.3732209409940217,0.65,343.125,912.2980769230769,-713.9107142857143,7738.0,7004.0,0.07738,10,9,0.9,16.0,5.796550698475776,0.362284418654736,8,0.05448087431693989,7.094856552080641,22.551548269581055,5.8754529626810585,2012-03-05 17:30:00,2021-05-24 12:30:00,RHL,6,80,80,1,40,46,46,6,2,1,4,1500,3000,48,93,41588.0,103554.0,61966.0,1.6711422392925153,0.5268817204301075,447.18279569892474,2113.3469387755104,-1408.3181818181818,16965.0,16445.0,0.16965,5,4,0.8,18.6,6.887670143089026,0.3703048464026358,7,0.07191978455323651,2.4513999410551133,37.93750601134943,5.171440227916426,True,True,True
160,50775.0,90676.0,39901.0,2.2725244981328787,0.63125,317.34375,897.7821782178218,-676.2881355932203,6627.0,5882.0,0.06627,10,9,0.9,16.0,5.796550698475776,0.362284418654736,8,0.07860167405219104,7.661837935717519,20.882717872968982,5.871848189117378,2012-03-05 17:30:00,2021-05-24 12:30:00,RHL,6,80,80,1,40,46,46,6,2,1,4,1250,4000,48,93,26818.0,91285.0,64467.0,1.4159957807870693,0.43010752688172044,288.36559139784947,2282.125,-1216.3584905660377,16751.0,16116.0,0.16751,5,4,0.8,18.6,6.887670143089026,0.3703048464026358,7,0.14881795808785145,1.600979046027103,58.08945484376165,3.3560345503822573,True,False,False
245,71580.0,119760.0,48180.0,2.485678704856787,0.6326530612244898,292.16326530612247,772.6451612903226,-535.3333333333334,5654.0,4749.0,0.05654,10,8,0.8,24.5,7.8390050389064045,0.31995938934311857,10,0.06972618049734562,12.660063671736824,19.352193350097792,5.852629907751491,2012-01-23 18:15:00,2021-05-27 23:00:00,RHL,6,5,80,1,53,32,1,33,2,1,4,3000,5000,0,72,-24773.0,60856.0,85629.0,0.7106938070046362,0.5,-344.06944444444446,1690.4444444444443,-2378.5833333333335,35385.0,33180.0,0.35385,5,2,0.4,14.4,5.4258639865002145,0.376796110173626,7,0.0,0.0,0.0,0.0,False,False,False
245,69445.0,118374.0,48929.0,2.4193014367757364,0.6285714285714286,283.44897959183675,768.6623376623377,-537.6813186813187,5347.0,4018.0,0.05347,10,8,0.8,24.5,7.8390050389064045,0.31995938934311857,10,0.07964576283389734,12.987656629885917,18.8640650874793,5.838794099967756,2012-01-23 18:15:00,2021-05-27 23:00:00,RHL,6,5,80,1,53,32,1,33,2,1,4,2000,0,0,72,-29603.0,50798.0,80401.0,0.63180806208878,0.3888888888888889,-411.15277777777777,1814.2142857142858,-1827.2954545454545,33879.0,33252.0,0.33879,5,1,0.2,14.4,5.4258639865002145,0.376796110173626,7,0.0,0.0,0.0,0.0,False,False,False
160,56670.0,107838.0,51168.0,2.107528142589118,0.64375,354.1875,1046.9708737864078,-897.6842105263158,8366.0,7523.0,0.08366,10,9,0.9,16.0,5.796550698475776,0.362284418654736,8,0.043956237868360684,6.77384652163519,23.620257631904007,5.8328076460714815,2012-03-05 17:30:00,2021-05-24 12:00:00,RHL,6,80,80,1,40,46,46,6,2,1,4,2250,2500,0,93,37608.0,115326.0,77718.0,1.483903342854937,0.6021505376344086,404.38709677419354,2059.3928571428573,-2100.4864864864867,25649.0,21429.0,0.25649,5,4,0.8,18.6,6.887670143089026,0.3703048464026358,7,0.06623590725377579,1.466255994385746,63.4268506700702,3.8033424045154307,True,False,False
160,57825.0,106641.0,48816.0,2.1845501474926254,0.56875,361.40625,1171.8791208791208,-707.4782608695652,8774.0,6054.0,0.08774,10,9,0.9,16.0,5.796550698475776,0.362284418654736,8,0.17277993947254647,6.59049464326419,24.27738867271941,5.811659994869312,2012-03-05 17:30:00,2021-05-24 23:00:00,RHL,6,80,80,1,40,46,46,6,2,1,4,1000,10000,0,93,-1767.0,64222.0,65989.0,0.9732228098622497,0.2903225806451613,-19.0,2378.5925925925926,-999.8333333333334,24410.0,23725.0,0.2441,5,4,0.8,18.6,6.887670143089026,0.3703048464026358,7,0.0,0.0,0.0,0.0,False,False,False
160,64260.0,122958.0,58698.0,2.09475620975161,0.64375,401.625,1193.7669902912621,-1029.7894736842106,10872.0,8072.0,0.10872,10,9,0.9,16.0,5.796550698475776,0.362284418654736,8,0.09323062558356676,5.910596026490066,27.07002801120448,5.801888407010829,2012-03-05 17:30:00,2021-05-24 20:30:00,RHL,6,80,80,1,40,46,46,6,2,1,4,4000,6000,0,93,-2592.0,125296.0,127888.0,0.9797322657325159,0.5483870967741935,-27.870967741935484,2456.7843137254904,-3044.9523809523807,50074.0,47983.0,0.50074,5,2,0.4,18.6,6.887670143089026,0.3703048464026358,7,0.0,0.0,0.0,0.0,False,False,False
160,54610.0,107838.0,53228.0,2.0259637784624633,0.64375,341.3125,1046.9708737864078,-933.8245614035088,7926.0,7083.0,0.07926,10,9,0.9,16.0,5.796550698475776,0.362284418654736,8,0.04561435634499176,6.889982336613676,23.22212049075261,5.774687864400089,2012-03-05 17:30:00,2021-05-24 12:00:00,RHL,6,80,80,1,40,46,46,6,2,1,4,2500,2500,0,93,34748.0,117817.0,83069.0,1.4183028566613298,0.6129032258064516,373.63440860215053,2066.964912280702,-2307.472222222222,28149.0,23929.0,0.28149,5,4,0.8,18.6,6.887670143089026,0.3703048464026358,7,0.07168757914124554,1.2344310632704536,75.33835040865661,3.3544299996352023,True,False,False
245,70580.0,118760.0,48180.0,2.464923204649232,0.6326530612244898,288.0816326530612,766.1935483870968,-535.3333333333334,5654.0,4749.0,0.05654,10,8,0.8,24.5,7.8390050389064045,0.31995938934311857,10,0.06362992349107396,12.483197736116024,19.626381411164637,5.770866427620847,2012-01-23 18:15:00,2021-05-27 23:00:00,RHL,6,5,80,1,53,32,1,33,2,1,4,3000,4500,0,72,-25703.0,59926.0,85629.0,0.6998330005021663,0.5,-356.9861111111111,1664.611111111111,-2378.5833333333335,35815.0,33610.0,0.35815,5,2,0.4,14.4,5.4258639865002145,0.376796110173626,7,0.0,0.0,0.0,0.0,False,False,False
160,49750.0,89651.0,39901.0,2.2468359188992757,0.63125,310.9375,887.6336633663366,-676.2881355932203,6627.0,5882.0,0.06627,10,9,0.9,16.0,5.796550698475776,0.362284418654736,8,0.06012060301507538,7.507167647502641,21.312964824120602,5.7533126028279575,2012-03-05 17:30:00,2021-05-24 12:30:00,RHL,6,80,80,1,40,46,46,6,2,1,4,1250,3000,48,93,29438.0,92646.0,63208.0,1.465732185799266,0.44086021505376344,316.5376344086022,2259.6585365853657,-1215.5384615384614,16085.0,15565.0,0.16085,5,4,0.8,18.6,6.887670143089026,0.3703048464026358,7,0.10160336979414362,1.8301523158221946,50.815442625178335,3.7593968609691357,True,False,False
160,50595.0,91014.0,40419.0,2.2517627848289172,0.65,316.21875,875.1346153846154,-721.7678571428571,6856.0,6296.0,0.06856,10,9,0.9,16.0,5.796550698475776,0.362284418654736,8,0.02946931514971835,7.379667444574095,21.681193793853147,5.752485965753676,2012-03-05 17:30:00,2021-05-24 09:30:00,RHL,6,80,80,1,40,46,46,6,2,1,4,1250,1500,0,93,10033.0,67092.0,57059.0,1.1758355386529733,0.5053763440860215,107.88172043010752,1427.4893617021276,-1240.4130434782608,11443.0,10635.0,0.11443,5,3,0.6,18.6,6.887670143089026,0.3703048464026358,7,0.14860958835841723,0.8767805645372717,106.06986943087811,1.5190821808145663,False,False,False
245,68385.0,117314.0,48929.0,2.397637392957142,0.6285714285714286,279.1224489795918,761.7792207792207,-537.6813186813187,5347.0,4018.0,0.05347,10,8,0.8,24.5,7.8390050389064045,0.31995938934311857,10,0.07298384148570593,12.789414625023378,19.156467061490094,5.749671459806969,2012-01-23 18:15:00,2021-05-27 23:00:00,RHL,6,5,80,1,53,32,1,33,2,1,4,2000,5000,0,72,-25638.0,52754.0,78392.0,0.6729513215634249,0.4027777777777778,-356.0833333333333,1819.103448275862,-1823.0697674418604,36250.0,34278.0,0.3625,5,1,0.2,14.4,5.4258639865002145,0.376796110173626,7,0.0,0.0,0.0,0.0,False,False,False
160,57140.0,105956.0,48816.0,2.170517862995739,0.56875,357.125,1164.3516483516485,-707.4782608695652,8774.0,6054.0,0.08774,10,9,0.9,16.0,5.796550698475776,0.362284418654736,8,0.16286314315715786,6.512423068155915,24.56842842142107,5.742814563023476,2012-03-05 17:30:00,2021-05-24 23:00:00,RHL,6,80,80,1,40,46,46,6,2,1,4,1000,0,0,93,-1767.0,64222.0,65989.0,0.9732228098622497,0.2903225806451613,-19.0,2378.5925925925926,-999.8333333333334,24410.0,23725.0,0.2441,5,4,0.8,18.6,6.887670143089026,0.3703048464026358,7,0.0,0.0,0.0,0.0,False,False,False
160,63420.0,122118.0,58698.0,2.0804456710620465,0.64375,396.375,1185.611650485437,-1029.7894736842106,10872.0,8072.0,0.10872,10,9,0.9,16.0,5.796550698475776,0.362284418654736,8,0.07081362346263008,5.833333333333333,27.428571428571427,5.7260467284878125,2012-03-05 17:30:00,2021-05-24 16:15:00,RHL,6,80,80,1,40,46,46,6,2,1,4,4000,4500,0,93,17608.0,137478.0,119870.0,1.1468924668390756,0.5698924731182796,189.33333333333334,2593.9245283018868,-2996.75,46451.0,43886.0,0.46451,5,3,0.6,18.6,6.887670143089026,0.3703048464026358,7,0.2550545206724216,0.3790661126778756,245.33978873239437,1.3232225752461158,False,False,False
160,57645.0,97545.0,39900.0,2.444736842105263,0.65625,360.28125,929.0,-725.4545454545455,8988.0,8254.0,0.08988,10,9,0.9,16.0,5.796550698475776,0.362284418654736,8,0.08658166363084396,6.413551401869159,24.947176684881605,5.72418265885581,2012-03-05 17:30:00,2021-05-24 12:30:00,RHL,6,80,80,1,40,46,46,6,2,1,4,1750,5000,48,93,43523.0,110465.0,66942.0,1.6501598398613726,0.5376344086021505,467.98924731182797,2209.3,-1556.7906976744187,18473.0,16688.0,0.18473,5,4,0.8,18.6,6.887670143089026,0.3703048464026358,7,0.11467499942559106,2.356033129432144,39.47312915010454,5.186453807217223,True,True,True
160,68905.0,127114.0,58209.0,2.1837516535243693,0.65,430.65625,1222.25,-1039.4464285714287,12872.0,10072.0,0.12872,10,9,0.9,16.0,5.796550698475776,0.362284418654736,8,0.1449967346346419,5.353091982597887,29.88926783252304,5.71756477552493,2012-03-05 17:30:00,2021-05-24 23:00:00,RHL,6,80,80,1,40,46,46,6,2,1,4,5000,10000,0,93,-22317.0,119061.0,141378.0,0.8421465857488435,0.5483870967741935,-239.96774193548387,2334.529411764706,-3366.1428571428573,57004.0,54913.0,0.57004,5,3,0.6,18.6,6.887670143089026,0.3703048464026358,7,0.0,0.0,0.0,0.0,False,False,False
160,43755.0,85424.0,41669.0,2.050061196572992,0.61875,273.46875,862.8686868686868,-683.0983606557377,5211.0,4654.0,0.05211,10,9,0.9,16.0,5.796550698475776,0.362284418654736,8,0.03407610558793281,8.396660909614278,19.05519369214947,5.7062464357391365,2012-03-05 17:30:00,2021-05-24 09:30:00,RHL,6,80,80,1,40,46,46,6,2,1,4,1000,1500,0,93,1283.0,55164.0,53881.0,1.0238117332640448,0.41935483870967744,13.795698924731182,1414.4615384615386,-997.7962962962963,8589.0,8006.0,0.08589,5,3,0.6,18.6,6.887670143089026,0.3703048464026358,7,1.162120031176929,0.14937711025730585,622.585346843336,0.22422072945417937,False,False,False
160,55185.0,105760.0,50575.0,2.091151754819575,0.59375,344.90625,1113.2631578947369,-778.0769230769231,8346.0,6391.0,0.08346,10,9,0.9,16.0,5.796550698475776,0.362284418654736,8,0.0723203769140165,6.61214953271028,24.197879858657245,5.686764304485973,2012-03-05 17:30:00,2021-05-24 15:45:00,RHL,6,80,80,1,40,46,46,6,2,1,4,1250,4000,0,93,21943.0,92851.0,70908.0,1.309457324984487,0.3870967741935484,235.94623655913978,2579.1944444444443,-1244.0,21772.0,20242.0,0.21772,5,4,0.8,18.6,6.887670143089026,0.3703048464026358,7,0.18188032629995898,1.0078541245636596,92.27525862461833,2.4086142221427442,True,False,False
160,57720.0,116364.0,58644.0,1.984243912420708,0.65,360.75,1118.8846153846155,-1047.2142857142858,9136.0,8018.0,0.09136,10,9,0.9,16.0,5.796550698475776,0.362284418654736,8,0.05181912681912682,6.3178633975481615,25.325017325017324,5.685015445932931,2012-03-05 17:30:00,2021-05-24 15:45:00,RHL,6,80,80,1,40,46,46,6,2,1,4,4000,3000,0,93,7518.0,122690.0,115172.0,1.0652762824297572,0.5913978494623656,80.83870967741936,2230.7272727272725,-3030.842105263158,46451.0,43886.0,0.46451,5,3,0.6,18.6,6.887670143089026,0.3703048464026358,7,0.39784517158818833,0.16184796882736646,574.6133280127693,0.5649697478816617,False,False,False
245,69500.0,117680.0,48180.0,2.4425072644250725,0.6326530612244898,283.6734693877551,759.2258064516129,-535.3333333333334,5654.0,4749.0,0.05654,10,8,0.8,24.5,7.8390050389064045,0.31995938934311857,10,0.057424460431654674,12.292182525645561,19.931366906474818,5.682561869079753,2012-01-23 18:15:00,2021-05-27 23:00:00,RHL,6,5,80,1,53,32,1,33,2,1,4,3000,4000,0,72,-26113.0,59516.0,85629.0,0.6950449030118301,0.5,-362.68055555555554,1653.2222222222222,-2378.5833333333335,35725.0,33520.0,0.35725,5,2,0.4,14.4,5.4258639865002145,0.376796110173626,7,0.0,0.0,0.0,0.0,False,False,False
160,52285.0,96688.0,44403.0,2.1775105285678897,0.675,326.78125,895.2592592592592,-853.9038461538462,7537.0,6988.0,0.07537,10,9,0.9,16.0,5.796550698475776,0.362284418654736,8,0.028516783016161423,6.937110256070055,23.064358802715883,5.6697149739559185,2012-03-05 17:30:00,2021-05-24 09:30:00,RHL,6,80,80,1,40,46,46,6,2,1,4,2500,1500,0,93,19823.0,88099.0,68276.0,1.290336282148925,0.6881720430107527,213.1505376344086,1376.546875,-2354.344827586207,16871.0,14581.0,0.16871,5,4,0.8,18.6,6.887670143089026,0.3703048464026358,7,0.07521565857841901,1.1749748088435776,79.15063310296121,2.471834413914341,True,False,False
245,67385.0,116314.0,48929.0,2.377199615769789,0.6285714285714286,275.0408163265306,755.2857142857143,-537.6813186813187,5347.0,4018.0,0.05347,10,8,0.8,24.5,7.8390050389064045,0.31995938934311857,10,0.06664687986940714,12.602393865719096,19.440750908955998,5.665593497391133,2012-01-23 18:15:00,2021-05-27 23:00:00,RHL,6,5,80,1,53,32,1,33,2,1,4,2000,4500,0,72,-26568.0,51824.0,78392.0,0.6610878661087866,0.4027777777777778,-369.0,1787.0344827586207,-1823.0697674418604,36680.0,34708.0,0.3668,5,0,0.0,14.4,5.4258639865002145,0.376796110173626,7,0.0,0.0,0.0,0.0,False,False,False
160,68220.0,126429.0,58209.0,2.1719837138586815,0.65,426.375,1215.6634615384614,-1039.4464285714287,12872.0,10072.0,0.12872,10,9,0.9,16.0,5.796550698475776,0.362284418654736,8,0.13641160949868075,5.299875699192045,30.18938727645852,5.660725186652793,2012-03-05 17:30:00,2021-05-24 23:00:00,RHL,6,80,80,1,40,46,46,6,2,1,4,5000,0,0,93,-22317.0,119061.0,141378.0,0.8421465857488435,0.5483870967741935,-239.96774193548387,2334.529411764706,-3366.1428571428573,57004.0,54913.0,0.57004,5,3,0.6,18.6,6.887670143089026,0.3703048464026358,7,0.0,0.0,0.0,0.0,False,False,False
160,54005.0,102914.0,48909.0,2.1041935022184055,0.65,337.53125,989.5576923076923,-873.375,8072.0,7523.0,0.08072,10,9,0.9,16.0,5.796550698475776,0.362284418654736,8,0.03686695676326266,6.690411298315164,23.914822701601704,5.658831544812765,2012-03-05 17:30:00,2021-05-24 09:45:00,RHL,6,80,80,1,40,46,46,6,2,1,4,2250,2000,0,93,29608.0,102808.0,73200.0,1.40448087431694,0.6236559139784946,318.36559139784947,1772.551724137931,-2091.4285714285716,22070.0,18340.0,0.2207,5,4,0.8,18.6,6.887670143089026,0.3703048464026358,7,0.0672453390975412,1.3415496148618034,69.3228181572548,3.2279612427182576,True,False,False
160,53595.0,96688.0,43093.0,2.2437054742069478,0.675,334.96875,895.2592592592592,-828.7115384615385,7977.0,7428.0,0.07977,10,9,0.9,16.0,5.796550698475776,0.362284418654736,8,0.0278197593059054,6.718691237307258,23.81416176882172,5.649211717463465,2012-03-05 17:30:00,2021-05-24 09:30:00,RHL,6,80,80,1,40,46,46,6,2,1,4,2250,1500,0,93,19073.0,85117.0,66044.0,1.2887923202713343,0.6666666666666666,205.08602150537635,1372.8548387096773,-2130.451612903226,15121.0,12831.0,0.15121,5,4,0.8,18.6,6.887670143089026,0.3703048464026358,7,0.07817333403240183,1.2613583757687983,73.73003722539715,2.512170770349334,True,False,False
160,56440.0,104771.0,48331.0,2.167780513542033,0.63125,352.75,1037.3366336633662,-819.1694915254237,8856.0,8013.0,0.08856,10,9,0.9,16.0,5.796550698475776,0.362284418654736,8,0.04413536498936924,6.373080397470641,25.105598866052446,5.646139097488632,2012-03-05 17:30:00,2021-05-24 12:00:00,RHL,6,80,80,1,40,46,46,6,2,1,4,1500,2500,0,93,39093.0,104384.0,65291.0,1.598750210595641,0.5268817204301075,420.35483870967744,2130.285714285714,-1483.8863636363637,20485.0,19965.0,0.20485,5,4,0.8,18.6,6.887670143089026,0.3703048464026358,7,0.0637198475430384,1.9083719794971932,48.732637556595805,4.423860477666366,True,False,False
160,56645.0,96545.0,39900.0,2.419674185463659,0.65625,354.03125,919.4761904761905,-725.4545454545455,8988.0,8254.0,0.08988,10,9,0.9,16.0,5.796550698475776,0.362284418654736,8,0.07928325536234443,6.302291944815309,25.387589372407096,5.6248820662830665,2012-03-05 17:30:00,2021-05-24 12:30:00,RHL,6,80,80,1,40,46,46,6,2,1,4,1750,4500,48,93,40918.0,107860.0,66942.0,1.6112455558543217,0.5376344086021505,439.97849462365593,2157.2,-1556.7906976744187,18973.0,17188.0,0.18973,5,4,0.8,18.6,6.887670143089026,0.3703048464026358,7,0.10975609756097561,2.15664365150477,43.12256219756586,4.811348339443022,True,True,True
160,52195.0,102914.0,50719.0,2.0291015201403813,0.65,326.21875,989.5576923076923,-905.6964285714286,7632.0,7083.0,0.07632,10,9,0.9,16.0,5.796550698475776,0.362284418654736,8,0.03814541622760801,6.83896750524109,23.395344381645753,5.624618786471392,2012-03-05 17:30:00,2021-05-24 09:45:00,RHL,6,80,80,1,40,46,46,6,2,1,4,2500,2000,0,93,26108.0,104799.0,78691.0,1.3317787294608023,0.6344086021505376,280.73118279569894,1776.2542372881355,-2314.4411764705883,24320.0,20590.0,0.2432,5,4,0.8,18.6,6.887670143089026,0.3703048464026358,7,0.07626015014554925,1.0735197368421052,86.63091772636739,2.711516333361209,True,False,False
160,56575.0,96475.0,39900.0,2.4179197994987467,0.65625,353.59375,918.8095238095239,-725.4545454545455,8988.0,8254.0,0.08988,10,9,0.9,16.0,5.796550698475776,0.362284418654736,8,0.10907644719399028,6.29450378282154,25.419001325673886,5.617931024802974,2012-03-05 17:30:00,2021-05-24 12:30:00,RHL,6,80,80,1,40,46,46,6,2,1,4,1750,0,48,93,28428.0,97129.0,68701.0,1.4137931034482758,0.5268817204301075,305.6774193548387,1982.2244897959183,-1561.3863636363637,21708.0,19923.0,0.21708,5,3,0.6,18.6,6.887670143089026,0.3703048464026358,7,0.1947375826649782,1.3095632946379214,71.0160405234276,3.125048820596779,True,False,False
245,67525.0,118834.0,51309.0,2.3160459178701593,0.6285714285714286,275.61224489795916,771.6493506493506,-563.8351648351648,5464.0,4249.0,0.05464,10,8,0.8,24.5,7.8390050389064045,0.31995938934311857,10,0.08872269529803777,12.35816251830161,19.824953720844135,5.616251115072649,2012-01-23 18:15:00,2021-05-27 23:00:00,RHL,6,5,80,1,53,32,1,33,2,1,4,2500,6000,0,72,-30153.0,55563.0,85716.0,0.6482220355592888,0.4583333333333333,-418.7916666666667,1683.7272727272727,-2197.846153846154,34429.0,33569.0,0.34429,5,1,0.2,14.4,5.4258639865002145,0.376796110173626,7,0.0,0.0,0.0,0.0,False,False,False
245,60180.0,107024.0,46844.0,2.2846896080607975,0.6285714285714286,245.6326530612245,694.961038961039,-514.7692307692307,4347.0,3521.0,0.04347,10,8,0.8,24.5,7.8390050389064045,0.31995938934311857,10,0.04139248919906946,13.844030365769497,17.69715852442672,5.611702427998532,2012-01-23 18:15:00,2021-05-27 23:00:00,RHL,6,5,80,1,53,32,1,33,2,1,4,1500,2500,0,72,-25333.0,43054.0,68387.0,0.6295640984397619,0.3333333333333333,-351.84722222222223,1793.9166666666667,-1424.7291666666667,29484.0,27048.0,0.29484,5,0,0.0,14.4,5.4258639865002145,0.376796110173626,7,0.0,0.0,0.0,0.0,False,False,False
160,56395.0,96295.0,39900.0,2.4134085213032583,0.65625,352.46875,917.0952380952381,-725.4545454545455,8988.0,8254.0,0.08988,10,9,0.9,16.0,5.796550698475776,0.362284418654736,8,0.10623282205869315,6.274477080551847,25.500132990513343,5.60005691813988,2012-03-05 17:30:00,2021-05-24 12:30:00,RHL,6,80,80,1,40,46,46,6,2,1,4,1750,6000,48,93,35068.0,103769.0,68701.0,1.5104438072226023,0.5268817204301075,377.0752688172043,2117.734693877551,-1561.3863636363637,21708.0,19923.0,0.21708,5,3,0.6,18.6,6.887670143089026,0.3703048464026358,7,0.17083951180563478,1.615441311958725,57.569408007300105,3.854974392876314,True,False,False
245,64400.0,113932.0,49532.0,2.300169587337479,0.6204081632653061,262.85714285714283,749.5526315789474,-532.6021505376344,5036.0,3711.0,0.05036,10,8,0.8,24.5,7.8390050389064045,0.31995938934311857,10,0.09302795031055901,12.787926926131851,19.158695652173915,5.579307230363144,2012-01-23 18:15:00,2021-05-27 23:00:00,RHL,6,5,80,1,53,32,1,33,2,1,4,1250,6000,0,72,-24443.0,40364.0,64807.0,0.6228339531223479,0.2638888888888889,-339.4861111111111,2124.4210526315787,-1222.7735849056603,24758.0,24167.0,0.24758,5,1,0.2,14.4,5.4258639865002145,0.376796110173626,7,0.0,0.0,0.0,0.0,False,False,False
245,67065.0,118374.0,51309.0,2.3070806291293926,0.6285714285714286,273.734693877551,768.6623376623377,-563.8351648351648,5464.0,4249.0,0.05464,10,8,0.8,24.5,7.8390050389064045,0.31995938934311857,10,0.08247222843510027,12.273975109809664,19.960933422798778,5.577991573970341,2012-01-23 18:15:00,2021-05-27 23:00:00,RHL,6,5,80,1,53,32,1,33,2,1,4,2500,0,0,72,-29118.0,56598.0,85716.0,0.6602967940641187,0.4583333333333333,-404.4166666666667,1715.090909090909,-2197.846153846154,33394.0,32534.0,0.33394,5,1,0.2,14.4,5.4258639865002145,0.376796110173626,7,0.0,0.0,0.0,0.0,False,False,False
160,57475.0,107838.0,50363.0,2.1412147806921746,0.64375,359.21875,1046.9708737864078,-883.561403508772,9416.0,8573.0,0.09416,10,9,0.9,16.0,5.796550698475776,0.362284418654736,8,0.043340582862113966,6.103971962616822,26.21244019138756,5.576081683002393,2012-03-05 17:30:00,2021-05-24 12:00:00,RHL,6,80,80,1,40,46,46,6,2,1,4,2000,2500,0,93,39563.0,112799.0,73236.0,1.5402124638156098,0.5806451612903226,425.40860215053766,2088.8703703703704,-1877.8461538461538,23113.0,20938.0,0.23113,5,4,0.8,18.6,6.887670143089026,0.3703048464026358,7,0.06296286934762278,1.711720676675464,54.33129439122412,4.214843586348436,True,False,False
245,66305.0,115234.0,48929.0,2.3551268164074477,0.6285714285714286,270.6326530612245,748.2727272727273,-537.6813186813187,5347.0,4018.0,0.05347,10,8,0.8,24.5,7.8390050389064045,0.31995938934311857,10,0.060191539099615415,12.40041144567047,19.757408943518588,5.57478929798203,2012-01-23 18:15:00,2021-05-27 23:00:00,RHL,6,5,80,1,53,32,1,33,2,1,4,2000,4000,0,72,-27868.0,50524.0,78392.0,0.6445045412797225,0.4027777777777778,-387.05555555555554,1742.2068965517242,-1823.0697674418604,37480.0,35508.0,0.3748,5,0,0.0,14.4,5.4258639865002145,0.376796110173626,7,0.0,0.0,0.0,0.0,False,False,False
160,67025.0,125234.0,58209.0,2.1514542424710954,0.65,418.90625,1204.173076923077,-1039.4464285714287,12872.0,10072.0,0.12872,10,9,0.9,16.0,5.796550698475776,0.362284418654736,8,0.07446475195822454,5.207038533250466,30.727638940693772,5.5615670717590655,2012-03-05 17:30:00,2021-05-24 16:30:00,RHL,6,80,80,1,40,46,46,6,2,1,4,5000,5000,0,93,6703.0,140408.0,133705.0,1.0501327549455892,0.5698924731182796,72.0752688172043,2649.2075471698113,-3342.625,51381.0,48816.0,0.51381,5,4,0.8,18.6,6.887670143089026,0.3703048464026358,7,0.7445919737431002,0.13045678363597438,712.8797553334327,0.4789479837028702,False,False,False
160,55325.0,104141.0,48816.0,2.133337430350705,0.56875,345.78125,1144.4065934065934,-707.4782608695652,8774.0,6054.0,0.08774,10,9,0.9,16.0,5.796550698475776,0.362284418654736,8,0.13539990962494353,6.305561887394575,25.37442385901491,5.5603992947020275,2012-03-05 17:30:00,2021-05-24 23:00:00,RHL,6,80,80,1,40,46,46,6,2,1,4,1000,7500,0,93,-1767.0,64222.0,65989.0,0.9732228098622497,0.2903225806451613,-19.0,2378.5925925925926,-999.8333333333334,24410.0,23725.0,0.2441,5,4,0.8,18.6,6.887670143089026,0.3703048464026358,7,0.0,0.0,0.0,0.0,False,False,False
160,54200.0,95197.0,40997.0,2.322047954728395,0.66875,338.75,889.6915887850467,-773.5283018867924,8467.0,7918.0,0.08467,10,9,0.9,16.0,5.796550698475776,0.362284418654736,8,0.027509225092250924,6.4013227825676156,24.994833948339483,5.545208479427485,2012-03-05 17:30:00,2021-05-24 09:30:00,RHL,6,80,80,1,40,46,46,6,2,1,4,1500,1500,0,93,20608.0,76845.0,56237.0,1.3664491349111794,0.5913978494623656,221.59139784946237,1397.1818181818182,-1479.921052631579,11155.0,10635.0,0.11155,5,4,0.8,18.6,6.887670143089026,0.3703048464026358,7,0.07235054347826086,1.8474226804123712,50.340401785714285,3.160250178172999,True,False,False
245,68385.0,113896.0,45511.0,2.502603766122476,0.636734693877551,279.1224489795918,730.1025641025641,-511.35955056179773,5760.0,4089.0,0.0576,10,8,0.8,24.5,7.8390050389064045,0.31995938934311857,10,0.04373766176793156,11.872395833333334,20.636104408861595,5.539708080838217,2012-01-23 18:15:00,2021-05-27 23:00:00,RHL,6,5,80,1,53,32,1,33,2,1,4,4000,3000,0,72,-15913.0,62925.0,78838.0,0.7981557117126259,0.5555555555555556,-221.01388888888889,1573.125,-2463.6875,27020.0,23310.0,0.2702,5,2,0.4,14.4,5.4258639865002145,0.376796110173626,7,0.0,0.0,0.0,0.0,False,False,False
245,63940.0,113472.0,49532.0,2.2908826617136397,0.6204081632653061,260.9795918367347,746.5263157894736,-532.6021505376344,5036.0,3711.0,0.05036,10,8,0.8,24.5,7.8390050389064045,0.31995938934311857,10,0.08650297153581482,12.696584590945195,19.29652799499531,5.53945503586055,2012-01-23 18:15:00,2021-05-27 23:00:00,RHL,6,5,80,1,53,32,1,33,2,1,4,1250,0,0,72,-23408.0,41399.0,64807.0,0.6388044501365593,0.2638888888888889,-325.1111111111111,2178.8947368421054,-1222.7735849056603,23838.0,23132.0,0.23838,5,1,0.2,14.4,5.4258639865002145,0.376796110173626,7,0.0,0.0,0.0,0.0,False,False,False
160,55645.0,95545.0,39900.0,2.3946115288220553,0.65625,347.78125,909.952380952381,-725.4545454545455,8988.0,8254.0,0.08988,10,9,0.9,16.0,5.796550698475776,0.362284418654736,8,0.07172252673196154,6.1910324877614595,25.843831431395454,5.525581473710322,2012-03-05 17:30:00,2021-05-24 12:30:00,RHL,6,80,80,1,40,46,46,6,2,1,4,1750,4000,48,93,38613.0,105555.0,66942.0,1.576812763287622,0.5376344086021505,415.19354838709677,2111.1,-1556.7906976744187,19473.0,17688.0,0.19473,5,4,0.8,18.6,6.887670143089026,0.3703048464026358,7,0.10335897236681947,1.9828993991680788,46.90101779193536,4.481645691243607,True,False,False
160,55555.0,95455.0,39900.0,2.392355889724311,0.65625,347.21875,909.0952380952381,-725.4545454545455,8988.0,8254.0,0.08988,10,9,0.9,16.0,5.796550698475776,0.362284418654736,8,0.053838538385383855,6.181019136626613,25.88569885698857,5.516644420378776,2012-03-05 17:30:00,2021-05-24 12:30:00,RHL,6,80,80,1,40,46,46,6,2,1,4,1750,3000,48,93,37393.0,104335.0,66942.0,1.5585880314301932,0.5376344086021505,402.0752688172043,2086.7,-1556.7906976744187,17175.0,16655.0,0.17175,5,4,0.8,18.6,6.887670143089026,0.3703048464026358,7,0.07998823309175514,2.1771761280931585,42.71588265183323,4.621280637129962,True,True,True
245,62455.0,109999.0,47544.0,2.3136252734309273,0.6285714285714286,254.91836734693877,714.2792207792207,-522.4615384615385,4847.0,3521.0,0.04847,10,8,0.8,24.5,7.8390050389064045,0.31995938934311857,10,0.047890481146425426,12.885289870022694,19.013930029621328,5.515285175242073,2012-01-23 18:15:00,2021-05-27 23:00:00,RHL,6,5,80,1,53,32,1,33,2,1,4,1750,3000,0,72,-19378.0,50359.0,69737.0,0.7221274215982907,0.4027777777777778,-269.1388888888889,1736.5172413793102,-1621.7906976744187,27722.0,25843.0,0.27722,5,1,0.2,14.4,5.4258639865002145,0.376796110173626,7,0.0,0.0,0.0,0.0,False,False,False
160,56185.0,105347.0,49162.0,2.1428542370123265,0.6375,351.15625,1032.813725490196,-847.6206896551724,9206.0,8363.0,0.09206,10,9,0.9,16.0,5.796550698475776,0.362284418654736,8,0.04433567678205927,6.103084944601347,26.216249888760345,5.51274967009755,2012-03-05 17:30:00,2021-05-24 12:00:00,RHL,6,80,80,1,40,46,46,6,2,1,4,1750,2500,0,93,33893.0,105165.0,71272.0,1.4755443933101358,0.5376344086021505,364.44086021505376,2103.3,-1657.4883720930231,21445.0,20925.0,0.21445,5,4,0.8,18.6,6.887670143089026,0.3703048464026358,7,0.07349600212433245,1.5804616460713452,58.843566518160095,3.748585253992586,True,False,False
160,66405.0,124614.0,58209.0,2.140802968613101,0.65,415.03125,1198.2115384615386,-1039.4464285714287,12872.0,10072.0,0.12872,10,9,0.9,16.0,5.796550698475776,0.362284418654736,8,0.1128077704992094,5.158871970167806,31.01453203825013,5.510121020517132,2012-03-05 17:30:00,2021-05-24 23:00:00,RHL,6,80,80,1,40,46,46,6,2,1,4,5000,7500,0,93,-19577.0,121801.0,141378.0,0.8615272531794197,0.5483870967741935,-210.50537634408602,2388.2549019607845,-3366.1428571428573,57004.0,54913.0,0.57004,5,3,0.6,18.6,6.887670143089026,0.3703048464026358,7,0.0,0.0,0.0,0.0,False,False,False
160,60980.0,119678.0,58698.0,2.038876963439981,0.64375,381.125,1161.9223300970873,-1029.7894736842106,10872.0,8072.0,0.10872,10,9,0.9,16.0,5.796550698475776,0.362284418654736,8,0.06544768776648081,5.608903605592348,28.526074122663168,5.505744709920951,2012-03-05 17:30:00,2021-05-24 15:45:00,RHL,6,80,80,1,40,46,46,6,2,1,4,4000,4000,0,93,16143.0,135324.0,119181.0,1.135449442444685,0.5806451612903226,173.58064516129033,2506.0,-3055.923076923077,46451.0,43886.0,0.46451,5,3,0.6,18.6,6.887670143089026,0.3703048464026358,7,0.24722790063804745,0.34752750209898603,267.6047203122096,1.2131293748408705,False,False,False
245,66005.0,117314.0,51309.0,2.286421485509365,0.6285714285714286,269.40816326530614,761.7792207792207,-563.8351648351648,5464.0,4249.0,0.05464,10,8,0.8,24.5,7.8390050389064045,0.31995938934311857,10,0.07561548367547913,12.07997803806735,20.281493826225283,5.489828283604151,2012-01-23 18:15:00,2021-05-27 23:00:00,RHL,6,5,80,1,53,32,1,33,2,1,4,2500,5000,0,72,-24653.0,58554.0,83207.0,0.7037148316848342,0.4722222222222222,-342.40277777777777,1722.1764705882354,-2189.657894736842,35265.0,33060.0,0.35265,5,1,0.2,14.4,5.4258639865002145,0.376796110173626,7,0.0,0.0,0.0,0.0,False,False,False
160,49495.0,97552.0,48057.0,2.0299228000083236,0.60625,309.34375,1005.6907216494845,-762.8095238095239,7245.0,6391.0,0.07245,10,9,0.9,16.0,5.796550698475776,0.362284418654736,8,0.05032831599151429,6.831608005521049,23.42054753005354,5.474261075406485,2012-03-05 17:30:00,2021-05-24 12:00:00,RHL,6,80,80,1,40,46,46,6,2,1,4,1250,2500,0,93,29238.0,92592.0,63354.0,1.4615020361776683,0.45161290322580644,314.38709677419354,2204.5714285714284,-1242.235294117647,16985.0,16465.0,0.16985,5,4,0.8,18.6,6.887670143089026,0.3703048464026358,7,0.08519734591969355,1.7214012363850457,54.025754155551,3.6335847342146472,True,False,False
160,55685.0,97545.0,41860.0,2.330267558528428,0.65625,348.03125,929.0,-761.0909090909091,9198.0,8464.0,0.09198,10,9,0.9,16.0,5.796550698475776,0.362284418654736,8,0.0896291640477687,6.054033485540335,26.428661219358894,5.466066278346475,2012-03-05 17:30:00,2021-05-24 12:30:00,RHL,6,80,80,1,40,46,46,6,2,1,4,2000,5000,48,93,47528.0,116267.0,68739.0,1.6914269919550764,0.5591397849462365,511.0537634408602,2235.903846153846,-1676.560975609756,17557.0,16335.0,0.17557,5,4,0.8,18.6,6.887670143089026,0.3703048464026358,7,0.1050117825281939,2.707068405764083,34.35450681703417,5.8095807282827865,True,True,True
245,67385.0,113896.0,46511.0,2.4487970587602934,0.636734693877551,275.0408163265306,730.1025641025641,-522.5955056179776,5760.0,5009.0,0.0576,10,8,0.8,24.5,7.8390050389064045,0.31995938934311857,10,0.04438673295243749,11.698784722222221,20.94234621948505,5.458700431780117,2012-01-23 18:15:00,2021-05-27 23:00:00,RHL,6,5,80,1,53,32,1,33,2,1,4,5000,3000,0,72,-12828.0,65916.0,78744.0,0.8370923498933253,0.5694444444444444,-178.16666666666666,1607.7073170731708,-2540.1290322580644,28676.0,23413.0,0.28676,5,3,0.6,14.4,5.4258639865002145,0.376796110173626,7,0.0,0.0,0.0,0.0,False,False,False
160,54285.0,103101.0,48816.0,2.112032940019666,0.56875,339.28125,1132.978021978022,-707.4782608695652,8774.0,6054.0,0.08774,10,9,0.9,16.0,5.796550698475776,0.362284418654736,8,0.11036197844708483,6.187029860952815,25.86055079672101,5.4558748434324364,2012-03-05 17:30:00,2021-05-24 20:30:00,RHL,6,80,80,1,40,46,46,6,2,1,4,1000,6000,0,93,-1262.0,64727.0,65989.0,0.9808756004788677,0.2903225806451613,-13.56989247311828,2397.296296296296,-999.8333333333334,24410.0,23725.0,0.2441,5,3,0.6,18.6,6.887670143089026,0.3703048464026358,7,0.0,0.0,0.0,0.0,False,False,False
245,62880.0,112412.0,49532.0,2.2694823548413146,0.6204081632653061,256.6530612244898,739.5526315789474,-532.6021505376344,5036.0,3711.0,0.05036,10,8,0.8,24.5,7.8390050389064045,0.31995938934311857,10,0.07937340966921119,12.486100079428118,19.62181933842239,5.447621718093704,2012-01-23 18:15:00,2021-05-27 23:00:00,RHL,6,5,80,1,53,32,1,33,2,1,4,1250,5000,0,72,-26443.0,38364.0,64807.0,0.5919730893267703,0.2638888888888889,-367.2638888888889,2019.157894736842,-1222.7735849056603,26758.0,26167.0,0.26758,5,1,0.2,14.4,5.4258639865002145,0.376796110173626,7,0.0,0.0,0.0,0.0,False,False,False
160,53525.0,100347.0,46822.0,2.143159198667293,0.6375,334.53125,983.7941176470588,-807.2758620689655,8562.0,8013.0,0.08562,10,9,0.9,16.0,5.796550698475776,0.362284418654736,8,0.037197571228397945,6.251459939266526,25.59402148528725,5.445683994537476,2012-03-05 17:30:00,2021-05-24 09:45:00,RHL,6,80,80,1,40,46,46,6,2,1,4,1500,2000,0,93,33263.0,94027.0,60764.0,1.5474129418734777,0.5591397849462365,357.6666666666667,1808.2115384615386,-1482.0487804878048,16155.0,15635.0,0.16155,5,4,0.8,18.6,6.887670143089026,0.3703048464026358,7,0.05985629678621892,2.0589910244506346,45.167753960857404,4.238657650643415,True,True,True
245,67655.0,118834.0,51179.0,2.3219289161570176,0.6285714285714286,276.14285714285717,771.6493506493506,-562.4065934065934,5847.0,4583.0,0.05847,10,8,0.8,24.5,7.8390050389064045,0.31995938934311857,10,0.08855221343581406,11.570891055242004,21.17382307294361,5.43964580036248,2012-01-23 18:15:00,2021-05-27 23:00:00,RHL,6,5,80,1,53,32,1,33,2,1,4,2250,6000,0,72,-34693.0,50400.0,85093.0,0.5922931380959656,0.4166666666666667,-481.84722222222223,1680.0,-2026.0238095238096,38969.0,38109.0,0.38969,5,1,0.2,14.4,5.4258639865002145,0.376796110173626,7,0.0,0.0,0.0,0.0,False,False,False
160,54115.0,102931.0,48816.0,2.108550475254015,0.56875,338.21875,1131.10989010989,-707.4782608695652,8774.0,6054.0,0.08774,10,9,0.9,16.0,5.796550698475776,0.362284418654736,8,0.09222951122609258,6.167654433553682,25.941790631063476,5.438789115821061,2012-03-05 17:30:00,2021-05-24 16:30:00,RHL,6,80,80,1,40,46,46,6,2,1,4,1000,5000,0,93,9633.0,74613.0,64980.0,1.1482456140350876,0.3010752688172043,103.58064516129032,2664.75,-999.6923076923077,17746.0,17001.0,0.17746,5,4,0.8,18.6,6.887670143089026,0.3703048464026358,7,0.5181148136613724,0.5428265524625268,171.32544378698225,1.1712017909269008,False,False,False
160,58825.0,116980.0,58155.0,2.011520935431175,0.65625,367.65625,1114.095238095238,-1057.3636363636363,10368.0,10018.0,0.10368,10,9,0.9,16.0,5.796550698475776,0.362284418654736,8,0.05084572885677858,5.673707561728395,28.20025499362516,5.438733936503603,2012-03-05 17:30:00,2021-05-24 15:45:00,RHL,6,80,80,1,40,46,46,6,2,1,4,5000,3000,0,93,-5317.0,122690.0,128007.0,0.9584632090432554,0.5913978494623656,-57.17204301075269,2230.7272727272725,-3368.6052631578946,51381.0,48816.0,0.51381,5,3,0.6,18.6,6.887670143089026,0.3703048464026358,7,0.0,0.0,0.0,0.0,False,False,False
160,65365.0,123574.0,58209.0,2.1229363156900134,0.65,408.53125,1188.2115384615386,-1039.4464285714287,12872.0,10072.0,0.12872,10,9,0.9,16.0,5.796550698475776,0.362284418654736,8,0.09165455519008643,5.078076444996892,31.50799357454295,5.423824418433888,2012-03-05 17:30:00,2021-05-24 20:30:00,RHL,6,80,80,1,40,46,46,6,2,1,4,5000,6000,0,93,-16082.0,125296.0,141378.0,0.8862482140078372,0.5483870967741935,-172.9247311827957,2456.7843137254904,-3366.1428571428573,57004.0,54913.0,0.57004,5,3,0.6,18.6,6.887670143089026,0.3703048464026358,7,0.0,0.0,0.0,0.0,False,False,False
245,65005.0,116314.0,51309.0,2.2669317273772633,0.6285714285714286,265.3265306122449,755.2857142857143,-563.8351648351648,5464.0,4249.0,0.05464,10,8,0.8,24.5,7.8390050389064045,0.31995938934311857,10,0.06908699330820706,11.896961932650074,20.59349280824552,5.406655368164348,2012-01-23 18:15:00,2021-05-27 23:00:00,RHL,6,5,80,1,53,32,1,33,2,1,4,2500,4500,0,72,-25583.0,57624.0,83207.0,0.692537887437355,0.4722222222222222,-355.31944444444446,1694.8235294117646,-2189.657894736842,35695.0,33490.0,0.35695,5,1,0.2,14.4,5.4258639865002145,0.376796110173626,7,0.0,0.0,0.0,0.0,False,False,False
160,52890.0,97545.0,44655.0,2.1844138394356736,0.65625,330.5625,929.0,-811.9090909090909,8493.0,7759.0,0.08493,10,9,0.9,16.0,5.796550698475776,0.362284418654736,8,0.09436566458687842,6.227481455316143,25.692569483834372,5.4028931271758935,2012-03-05 17:30:00,2021-05-24 12:30:00,RHL,6,80,80,1,40,46,46,6,2,1,4,2500,5000,48,93,49428.0,116303.0,66875.0,1.7391102803738319,0.5698924731182796,531.483870967742,2194.396226415094,-1671.875,20891.0,18635.0,0.20891,5,4,0.8,18.6,6.887670143089026,0.3703048464026358,7,0.10097515578214777,2.365994926044708,39.3069312940034,5.538776355623892,True,True,True
245,67195.0,118374.0,51179.0,2.312940854647414,0.6285714285714286,274.265306122449,768.6623376623377,-562.4065934065934,5847.0,4583.0,0.05847,10,8,0.8,24.5,7.8390050389064045,0.31995938934311857,10,0.08231267207381501,11.492218231571746,21.31877371828261,5.402660550666718,2012-01-23 18:15:00,2021-05-27 23:00:00,RHL,6,5,80,1,53,32,1,33,2,1,4,2250,0,0,72,-33658.0,51435.0,85093.0,0.6044563007532935,0.4166666666666667,-467.47222222222223,1714.5,-2026.0238095238096,37934.0,37074.0,0.37934,5,1,0.2,14.4,5.4258639865002145,0.376796110173626,7,0.0,0.0,0.0,0.0,False,False,False
160,54200.0,97545.0,43345.0,2.250432575844965,0.65625,338.75,929.0,-788.0909090909091,8933.0,8199.0,0.08933,10,9,0.9,16.0,5.796550698475776,0.362284418654736,8,0.09208487084870849,6.0673905742751595,26.37047970479705,5.39863531830163,2012-03-05 17:30:00,2021-05-24 12:30:00,RHL,6,80,80,1,40,46,46,6,2,1,4,2250,5000,48,93,45853.0,116303.0,70450.0,1.6508587650816182,0.5698924731182796,493.0430107526882,2194.396226415094,-1761.25,18891.0,16763.0,0.18891,5,4,0.8,18.6,6.887670143089026,0.3703048464026358,7,0.10884783983599765,2.4272404848869833,38.315115695810526,5.403319986796767,True,True,True
160,54560.0,102914.0,48354.0,2.1283451213963684,0.65,341.0,989.5576923076923,-863.4642857142857,9122.0,8573.0,0.09122,10,9,0.9,16.0,5.796550698475776,0.362284418654736,8,0.03649193548387097,5.981144485858365,26.75073313782991,5.377899718748106,2012-03-05 17:30:00,2021-05-24 09:45:00,RHL,6,80,80,1,40,46,46,6,2,1,4,2000,2000,0,93,31563.0,100781.0,69218.0,1.4559941055794736,0.6021505376344086,339.38709677419354,1799.6607142857142,-1870.7567567567567,19784.0,18099.0,0.19784,5,4,0.8,18.6,6.887670143089026,0.3703048464026358,7,0.06308018882869182,1.595380105135463,58.29331812565346,3.6344745303687422,True,False,False
160,54685.0,96545.0,41860.0,2.3063784042044913,0.65625,341.78125,919.4761904761905,-761.0909090909091,9198.0,8464.0,0.09198,10,9,0.9,16.0,5.796550698475776,0.362284418654736,8,0.08212489713815489,5.945314198738856,26.911950260583342,5.367905799252528,2012-03-05 17:30:00,2021-05-24 12:30:00,RHL,6,80,80,1,40,46,46,6,2,1,4,2000,4500,48,93,44423.0,113162.0,68739.0,1.6462561282532477,0.5591397849462365,477.6666666666667,2176.1923076923076,-1676.560975609756,17768.0,16335.0,0.17768,5,4,0.8,18.6,6.887670143089026,0.3703048464026358,7,0.1010962789545956,2.500168842863575,37.19748778785764,5.397703410895474,True,True,True
160,54615.0,96475.0,41860.0,2.3047061634018156,0.65625,341.34375,918.8095238095239,-761.0909090909091,9198.0,8464.0,0.09198,10,9,0.9,16.0,5.796550698475776,0.362284418654736,8,0.11299093655589124,5.9377038486627525,26.946443284811863,5.3610345657159515,2012-03-05 17:30:00,2021-05-24 12:30:00,RHL,6,80,80,1,40,46,46,6,2,1,4,2000,0,48,93,28628.0,99376.0,70748.0,1.404647481200882,0.5483870967741935,307.8279569892473,1948.549019607843,-1684.4761904761904,20503.0,18718.0,0.20503,5,4,0.8,18.6,6.887670143089026,0.3703048464026358,7,0.19337711331563504,1.3962834707116032,66.6053863350566,3.238192844714788,True,False,False
245,61880.0,111412.0,49532.0,2.2492933860938384,0.6204081632653061,252.57142857142858,732.9736842105264,-532.6021505376344,5036.0,3711.0,0.05036,10,8,0.8,24.5,7.8390050389064045,0.31995938934311857,10,0.0725759534583064,12.287529785544082,19.93891402714932,5.360986512653282,2012-01-23 18:15:00,2021-05-27 23:00:00,RHL,6,5,80,1,53,32,1,33,2,1,4,1250,4500,0,72,-26873.0,37934.0,64807.0,0.5853380036107211,0.2638888888888889,-373.2361111111111,1996.5263157894738,-1222.7735849056603,27188.0,26597.0,0.27188,5,2,0.4,14.4,5.4258639865002145,0.376796110173626,7,0.0,0.0,0.0,0.0,False,False,False
160,64525.0,122734.0,58209.0,2.1085055575598277,0.65,403.28125,1180.1346153846155,-1039.4464285714287,12872.0,10072.0,0.12872,10,9,0.9,16.0,5.796550698475776,0.362284418654736,8,0.06960092987214259,5.012818520820385,31.918171251452925,5.354123316751268,2012-03-05 17:30:00,2021-05-24 16:15:00,RHL,6,80,80,1,40,46,46,6,2,1,4,5000,4500,0,93,3773.0,137478.0,133705.0,1.028218839983546,0.5698924731182796,40.56989247311828,2593.9245283018868,-3342.625,51381.0,48816.0,0.51381,5,4,0.8,18.6,6.887670143089026,0.3703048464026358,7,1.1902994964219453,0.07343181331620638,1266.4810495626823,0.2695913385813709,False,False,False
160,54435.0,96295.0,41860.0,2.300406115623507,0.65625,340.21875,917.0952380952381,-761.0909090909091,9198.0,8464.0,0.09198,10,9,0.9,16.0,5.796550698475776,0.362284418654736,8,0.11005786718104162,5.918134377038487,27.035546982639847,5.3433656794790405,2012-03-05 17:30:00,2021-05-24 12:30:00,RHL,6,80,80,1,40,46,46,6,2,1,4,2000,6000,48,93,35268.0,106016.0,70748.0,1.4985017244303727,0.5483870967741935,379.2258064516129,2078.7450980392155,-1684.4761904761904,20503.0,18718.0,0.20503,5,4,0.8,18.6,6.887670143089026,0.3703048464026358,7,0.1698707043211977,1.7201385163146856,54.06541340592038,3.9892617454031423,True,False,False
160,49915.0,89894.0,39979.0,2.248530478501213,0.65,311.96875,864.3653846153846,-713.9107142857143,7738.0,7004.0,0.07738,10,9,0.9,16.0,5.796550698475776,0.362284418654736,8,0.04990483822498247,6.450633238562936,24.803766402884904,5.341953271989527,2012-03-05 17:30:00,2021-05-24 12:00:00,RHL,6,80,80,1,40,46,46,6,2,1,4,1500,2500,48,93,40898.0,99846.0,58948.0,1.6937979235936758,0.5483870967741935,439.76344086021504,1957.764705882353,-1403.5238095238096,16965.0,16445.0,0.16965,5,4,0.8,18.6,6.887670143089026,0.3703048464026358,7,0.06090762384468678,2.410727969348659,38.57755880483153,5.085639185373809,True,True,True
160,53520.0,100923.0,47403.0,2.12904246566673,0.64375,334.5,979.8349514563107,-831.6315789473684,8912.0,8363.0,0.08912,10,9,0.9,16.0,5.796550698475776,0.362284418654736,8,0.037201046337817636,6.005385996409336,26.642750373692078,5.337180466172183,2012-03-05 17:30:00,2021-05-24 09:45:00,RHL,6,80,80,1,40,46,46,6,2,1,4,1750,2000,0,93,28813.0,94808.0,65995.0,1.4365936813394955,0.5698924731182796,309.81720430107526,1788.8301886792453,-1649.875,17284.0,16345.0,0.17284,5,4,0.8,18.6,6.887670143089026,0.3703048464026358,7,0.06910075313226668,1.6670330941911595,55.78773470308541,3.5496599989035404,True,False,False
245,66135.0,117314.0,51179.0,2.292229234647023,0.6285714285714286,269.9387755102041,761.7792207792207,-562.4065934065934,5847.0,4583.0,0.05847,10,8,0.8,24.5,7.8390050389064045,0.31995938934311857,10,0.07546684811370681,11.310928681375064,21.66046722612837,5.317433670933007,2012-01-23 18:15:00,2021-05-27 23:00:00,RHL,6,5,80,1,53,32,1,33,2,1,4,2250,5000,0,72,-29443.0,53391.0,82834.0,0.6445541685781201,0.4305555555555556,-408.93055555555554,1722.2903225806451,-2020.341463414634,40055.0,37850.0,0.40055,5,1,0.2,14.4,5.4258639865002145,0.376796110173626,7,0.0,0.0,0.0,0.0,False,False,False
245,63925.0,115234.0,51309.0,2.2458827885945936,0.6285714285714286,260.9183673469388,748.2727272727273,-563.8351648351648,5464.0,4249.0,0.05464,10,8,0.8,24.5,7.8390050389064045,0.31995938934311857,10,0.06243253813062182,11.699304538799414,20.941415721548687,5.316828619489362,2012-01-23 18:15:00,2021-05-27 23:00:00,RHL,6,5,80,1,53,32,1,33,2,1,4,2500,4000,0,72,-25993.0,57214.0,83207.0,0.6876104173927674,0.4722222222222222,-361.0138888888889,1682.764705882353,-2189.657894736842,35605.0,33400.0,0.35605,5,1,0.2,14.4,5.4258639865002145,0.376796110173626,7,0.0,0.0,0.0,0.0,False,False,False
245,65455.0,110966.0,45511.0,2.438223726132144,0.636734693877551,267.16326530612247,711.3205128205128,-511.35955056179773,5760.0,4089.0,0.0576,10,8,0.8,24.5,7.8390050389064045,0.31995938934311857,10,0.03805668016194332,11.363715277777779,21.559850278817507,5.302355669097983,2012-01-23 18:15:00,2021-05-27 23:00:00,RHL,6,5,80,1,53,32,1,33,2,1,4,4000,2500,0,72,-13548.0,61281.0,74829.0,0.8189471996151225,0.5694444444444444,-188.16666666666666,1494.658536585366,-2413.8387096774195,23155.0,19448.0,0.23155,5,2,0.4,14.4,5.4258639865002145,0.376796110173626,7,0.0,0.0,0.0,0.0,False,False,False
160,51890.0,96545.0,44655.0,2.1620199305788828,0.65625,324.3125,919.4761904761905,-811.9090909090909,8493.0,7759.0,0.08493,10,9,0.9,16.0,5.796550698475776,0.362284418654736,8,0.08654846791289265,6.109737430825386,26.187704760069376,5.300739730935095,2012-03-05 17:30:00,2021-05-24 12:30:00,RHL,6,80,80,1,40,46,46,6,2,1,4,2500,4500,48,93,46323.0,113198.0,66875.0,1.6926803738317757,0.5698924731182796,498.0967741935484,2135.811320754717,-1671.875,20891.0,18635.0,0.20891,5,4,0.8,18.6,6.887670143089026,0.3703048464026358,7,0.09694967942490772,2.2173663299985638,41.94164885693932,5.190837928331422,True,True,True
160,53200.0,96545.0,43345.0,2.227361864113508,0.65625,332.5,919.4761904761905,-788.0909090909091,8933.0,8199.0,0.08933,10,9,0.9,16.0,5.796550698475776,0.362284418654736,8,0.08441729323308271,5.9554460987350275,26.866165413533835,5.2990295006207875,2012-03-05 17:30:00,2021-05-24 12:30:00,RHL,6,80,80,1,40,46,46,6,2,1,4,2250,4500,48,93,42748.0,113198.0,70450.0,1.6067849538679915,0.5698924731182796,459.6559139784946,2135.811320754717,-1761.25,18891.0,16763.0,0.18891,5,4,0.8,18.6,6.887670143089026,0.3703048464026358,7,0.10505754655188547,2.2628765020380075,41.09813324599982,5.037426619754174,True,True,True
160,51820.0,96475.0,44655.0,2.160452356958907,0.65625,323.875,918.8095238095239,-811.9090909090909,8493.0,7759.0,0.08493,10,9,0.9,16.0,5.796550698475776,0.362284418654736,8,0.11908529525279815,6.101495349111032,26.223079891933615,5.293588993198238,2012-03-05 17:30:00,2021-05-24 12:30:00,RHL,6,80,80,1,40,46,46,6,2,1,4,2500,0,48,93,30028.0,99412.0,69384.0,1.432779891617664,0.5591397849462365,322.8817204301075,1911.7692307692307,-1692.2926829268292,20891.0,18933.0,0.20891,5,4,0.8,18.6,6.887670143089026,0.3703048464026358,7,0.18436126282136672,1.437365372648509,64.70171173571333,3.3648615441991225,True,False,False
160,53130.0,96475.0,43345.0,2.225746914292306,0.65625,332.0625,918.8095238095239,-788.0909090909091,8933.0,8199.0,0.08933,10,9,0.9,16.0,5.796550698475776,0.362284418654736,8,0.11614906832298137,5.947609985447218,26.901562205910032,5.292057093383129,2012-03-05 17:30:00,2021-05-24 12:30:00,RHL,6,80,80,1,40,46,46,6,2,1,4,2250,0,48,93,26703.0,99412.0,72709.0,1.3672585237040806,0.5591397849462365,287.1290322580645,1911.7692307692307,-1773.3902439024391,20863.0,19078.0,0.20863,5,4,0.8,18.6,6.887670143089026,0.3703048464026358,7,0.20731752986555818,1.2799213919378805,72.66071227951916,2.9942777478995812,True,False,False
160,42010.0,80108.0,38098.0,2.102682555514725,0.58125,262.5625,861.3763440860215,-568.6268656716418,5585.0,5325.0,0.05585,10,9,0.9,16.0,5.796550698475776,0.362284418654736,8,0.11880504641751964,7.521933751119069,21.271125922399428,5.2920564097431075,2012-03-05 17:30:00,2021-05-24 12:30:00,RHL,6,80,80,1,40,46,46,6,2,1,4,750,5000,48,93,8588.0,57568.0,48980.0,1.1753368721927318,0.3010752688172043,92.34408602150538,2056.0,-753.5384615384615,9985.0,9465.0,0.09985,5,3,0.6,18.6,6.887670143089026,0.3703048464026358,7,0.5811597578015836,0.8600901352028042,108.12820214252446,1.3919973461039314,False,False,False
160,51640.0,96295.0,44655.0,2.156421453364685,0.65625,322.75,917.0952380952381,-811.9090909090909,8493.0,7759.0,0.08493,10,9,0.9,16.0,5.796550698475776,0.362284418654736,8,0.11601471727343145,6.0803014247026965,26.3144848954299,5.275201381874894,2012-03-05 17:30:00,2021-05-24 12:30:00,RHL,6,80,80,1,40,46,46,6,2,1,4,2500,6000,48,93,36668.0,106052.0,69384.0,1.5284791882854838,0.5591397849462365,394.2795698924731,2039.4615384615386,-1692.2926829268292,20891.0,18933.0,0.20891,5,4,0.8,18.6,6.887670143089026,0.3703048464026358,7,0.16338496781935202,1.7552055909243214,52.985245991054875,4.108923108521826,True,False,False
160,52610.0,95197.0,42587.0,2.235353511635006,0.66875,328.8125,889.6915887850467,-803.5283018867924,8817.0,8268.0,0.08817,10,9,0.9,16.0,5.796550698475776,0.362284418654736,8,0.028340619654058163,5.966882159464671,26.814674016346704,5.274620925961469,2012-03-05 17:30:00,2021-05-24 09:30:00,RHL,6,80,80,1,40,46,46,6,2,1,4,1750,1500,0,93,18778.0,79117.0,60339.0,1.3112083395482192,0.6129032258064516,201.91397849462365,1388.017543859649,-1676.0833333333333,11562.0,11090.0,0.11562,5,4,0.8,18.6,6.887670143089026,0.3703048464026358,7,0.07940142720204495,1.624113475177305,57.262008733624455,2.82848095152629,True,False,False
160,52950.0,96295.0,43345.0,2.221594186180644,0.65625,330.9375,917.0952380952381,-788.0909090909091,8933.0,8199.0,0.08933,10,9,0.9,16.0,5.796550698475776,0.362284418654736,8,0.11314447592067989,5.927459979849995,26.99301227573182,5.274128046200578,2012-03-05 17:30:00,2021-05-24 12:30:00,RHL,6,80,80,1,40,46,46,6,2,1,4,2250,6000,48,93,33343.0,106052.0,72709.0,1.4585814685939842,0.5591397849462365,358.5268817204301,2039.4615384615386,-1773.3902439024391,20863.0,19078.0,0.20863,5,4,0.8,18.6,6.887670143089026,0.3703048464026358,7,0.17967789341091084,1.5981881800316349,58.19089464055424,3.738838443179258,True,False,False
160,53685.0,95545.0,41860.0,2.282489249880554,0.65625,335.53125,909.952380952381,-761.0909090909091,9198.0,8464.0,0.09198,10,9,0.9,16.0,5.796550698475776,0.362284418654736,8,0.07434106361180963,5.836594911937378,27.41324392288349,5.26974532015858,2012-03-05 17:30:00,2021-05-24 12:30:00,RHL,6,80,80,1,40,46,46,6,2,1,4,2000,4000,48,93,41618.0,110357.0,68739.0,1.6054495992086006,0.5591397849462365,447.505376344086,2122.25,-1676.560975609756,18268.0,16483.0,0.18268,5,4,0.8,18.6,6.887670143089026,0.3703048464026358,7,0.09589600653563363,2.2781913728924894,40.82185592772358,4.987192255340788,True,True,True
245,56445.0,103289.0,46844.0,2.204956878148749,0.6285714285714286,230.3877551020408,670.7077922077922,-514.7692307692307,4347.0,3521.0,0.04347,10,8,0.8,24.5,7.8390050389064045,0.31995938934311857,10,0.035273274869341835,12.984817115251898,18.86819027371778,5.263418802731424,2012-01-23 18:15:00,2021-05-27 23:00:00,RHL,6,5,80,1,53,32,1,33,2,1,4,1500,2000,0,72,-23598.0,41771.0,65369.0,0.639003197234163,0.3611111111111111,-327.75,1606.576923076923,-1421.0652173913043,28020.0,26999.0,0.2802,5,0,0.0,14.4,5.4258639865002145,0.376796110173626,7,0.0,0.0,0.0,0.0,False,False,False
160,53595.0,95455.0,41860.0,2.2803392259914,0.65625,334.96875,909.0952380952381,-761.0909090909091,9198.0,8464.0,0.09198,10,9,0.9,16.0,5.796550698475776,0.362284418654736,8,0.0558074447243213,5.826810176125244,27.459277917716204,5.260910877040125,2012-03-05 17:30:00,2021-05-24 12:30:00,RHL,6,80,80,1,40,46,46,6,2,1,4,2000,3000,48,93,39398.0,108137.0,68739.0,1.5731535227454574,0.5591397849462365,423.63440860215053,2079.5576923076924,-1676.560975609756,16855.0,16335.0,0.16855,5,4,0.8,18.6,6.887670143089026,0.3703048464026358,7,0.07591755926696786,2.337466627113616,39.78666429768008,4.9150756151300765,True,True,True
245,64265.0,112445.0,48180.0,2.3338522208385224,0.6326530612244898,262.3061224489796,725.4516129032259,-535.3333333333334,5654.0,4749.0,0.05654,10,8,0.8,24.5,7.8390050389064045,0.31995938934311857,10,0.04654166342488135,11.366289352670675,21.554967711818254,5.254530050595831,2012-01-23 18:15:00,2021-05-27 23:00:00,RHL,6,5,80,1,53,32,1,33,2,1,4,3000,3000,0,72,-21143.0,59568.0,80711.0,0.7380406636022351,0.5277777777777778,-293.65277777777777,1567.578947368421,-2373.8529411764707,29330.0,27125.0,0.2933,5,2,0.4,14.4,5.4258639865002145,0.376796110173626,7,0.0,0.0,0.0,0.0,False,False,False
245,59480.0,107024.0,47544.0,2.2510516574120816,0.6285714285714286,242.77551020408163,694.961038961039,-522.4615384615385,4847.0,3521.0,0.04847,10,8,0.8,24.5,7.8390050389064045,0.31995938934311857,10,0.04187962340282448,12.271508149370744,19.964946200403496,5.2525684448546714,2012-01-23 18:15:00,2021-05-27 23:00:00,RHL,6,5,80,1,53,32,1,33,2,1,4,1750,2500,0,72,-18263.0,49715.0,67978.0,0.731339551031216,0.4166666666666667,-253.65277777777777,1657.1666666666667,-1618.5238095238096,25607.0,23728.0,0.25607,5,1,0.2,14.4,5.4258639865002145,0.376796110173626,7,0.0,0.0,0.0,0.0,False,False,False
245,60590.0,110122.0,49532.0,2.2232496164095936,0.6204081632653061,247.30612244897958,724.4868421052631,-532.6021505376344,5036.0,3711.0,0.05036,10,8,0.8,24.5,7.8390050389064045,0.31995938934311857,10,0.06586895527314739,12.031374106433677,20.363426307971615,5.249227097635138,2012-01-23 18:15:00,2021-05-27 23:00:00,RHL,6,5,80,1,53,32,1,33,2,1,4,1250,4000,0,72,-27673.0,37134.0,64807.0,0.57299365809249,0.2638888888888889,-384.34722222222223,1954.421052631579,-1222.7735849056603,27988.0,27397.0,0.27988,5,2,0.4,14.4,5.4258639865002145,0.376796110173626,7,0.0,0.0,0.0,0.0,False,False,False
160,52115.0,100931.0,48816.0,2.0675803015404783,0.56875,325.71875,1109.131868131868,-707.4782608695652,8774.0,6054.0,0.08774,10,9,0.9,16.0,5.796550698475776,0.362284418654736,8,0.08617480571812339,5.93970822885799,26.937350091144584,5.237780555687232,2012-03-05 17:30:00,2021-05-24 16:15:00,RHL,6,80,80,1,40,46,46,6,2,1,4,1000,4500,0,93,7198.0,72178.0,64980.0,1.1107725453985842,0.3010752688172043,77.39784946236558,2577.785714285714,-999.6923076923077,17785.0,17100.0,0.17785,5,4,0.8,18.6,6.887670143089026,0.3703048464026358,7,0.6239233120311197,0.4047230812482429,229.7867463184218,0.8741889521949049,False,False,False
245,65135.0,116314.0,51179.0,2.272689970495711,0.6285714285714286,265.85714285714283,755.2857142857143,-562.4065934065934,5847.0,4583.0,0.05847,10,8,0.8,24.5,7.8390050389064045,0.31995938934311857,10,0.06894910570353881,11.139900803831024,21.99301450832886,5.23703095420309,2012-01-23 18:15:00,2021-05-27 23:00:00,RHL,6,5,80,1,53,32,1,33,2,1,4,2250,4500,0,72,-30373.0,52461.0,82834.0,0.6333268947533621,0.4305555555555556,-421.84722222222223,1692.2903225806451,-2020.341463414634,40485.0,38280.0,0.40485,5,1,0.2,14.4,5.4258639865002145,0.376796110173626,7,0.0,0.0,0.0,0.0,False,False,False
160,45265.0,85166.0,39901.0,2.1344327209844365,0.63125,282.90625,843.2277227722773,-676.2881355932203,6627.0,5882.0,0.06627,10,9,0.9,16.0,5.796550698475776,0.362284418654736,8,0.055031481276924775,6.830390825411197,23.424721086932507,5.234647135015227,2012-03-05 17:30:00,2021-05-24 12:00:00,RHL,6,80,80,1,40,46,46,6,2,1,4,1250,2500,48,93,29208.0,89898.0,60690.0,1.4812654473554128,0.46236559139784944,314.06451612903226,2090.6511627906975,-1213.8,16085.0,15565.0,0.16085,5,4,0.8,18.6,6.887670143089026,0.3703048464026358,7,0.08528485346480416,1.8158532794529065,51.21559161873459,3.7300245775931278,True,False,False
160,41510.0,79608.0,38098.0,2.089558507008242,0.58125,259.4375,856.0,-568.6268656716418,5585.0,5325.0,0.05585,10,9,0.9,16.0,5.796550698475776,0.362284418654736,8,0.1081907973982173,7.432408236347359,21.527342808961695,5.229070734787822,2012-03-05 17:30:00,2021-05-24 12:30:00,RHL,6,80,80,1,40,46,46,6,2,1,4,750,4500,48,93,8483.0,57463.0,48980.0,1.1731931400571662,0.3010752688172043,91.21505376344086,2052.25,-753.5384615384615,9985.0,9465.0,0.09985,5,3,0.6,18.6,6.887670143089026,0.3703048464026358,7,0.5294117647058824,0.8495743615423135,109.46658021926206,1.3749782821378262,False,False,False
245,55995.0,101246.0,45251.0,2.23743121698968,0.636734693877551,228.55102040816325,649.0128205128206,-508.438202247191,4346.0,3521.0,0.04346,10,8,0.8,24.5,7.8390050389064045,0.31995938934311857,10,0.02662737744441468,12.88426138978371,19.015447807839987,5.2220576054653485,2012-01-23 18:15:00,2021-05-27 23:00:00,RHL,6,5,80,1,53,32,1,33,2,1,4,1500,1500,0,72,-19323.0,39876.0,59199.0,0.6735924593320833,0.4305555555555556,-268.375,1286.3225806451612,-1443.878048780488,22745.0,21224.0,0.22745,5,1,0.2,14.4,5.4258639865002145,0.376796110173626,7,0.0,0.0,0.0,0.0,False,False,False
245,64455.0,110966.0,46511.0,2.3858012083163125,0.636734693877551,263.0816326530612,711.3205128205128,-522.5955056179776,5760.0,5009.0,0.0576,10,8,0.8,24.5,7.8390050389064045,0.31995938934311857,10,0.038647118144441855,11.190104166666666,21.894344891784968,5.221348020039882,2012-01-23 18:15:00,2021-05-27 23:00:00,RHL,6,5,80,1,53,32,1,33,2,1,4,5000,2500,0,72,-2463.0,66263.0,68726.0,0.9641620347466752,0.5972222222222222,-34.208333333333336,1541.0,-2369.862068965517,21510.0,18048.0,0.2151,5,3,0.6,14.4,5.4258639865002145,0.376796110173626,7,0.0,0.0,0.0,0.0,False,False,False
160,46375.0,93173.0,46798.0,1.990961152185991,0.6125,289.84375,950.7448979591836,-754.8064516129032,7024.0,6391.0,0.07024,10,9,0.9,16.0,5.796550698475776,0.362284418654736,8,0.042932614555256064,6.602363325740319,24.23374663072776,5.209248114281436,2012-03-05 17:30:00,2021-05-24 09:45:00,RHL,6,80,80,1,40,46,46,6,2,1,4,1250,2000,0,93,24658.0,84235.0,59577.0,1.4138845527636503,0.4838709677419355,265.13978494623655,1871.888888888889,-1241.1875,12905.0,12385.0,0.12905,5,4,0.8,18.6,6.887670143089026,0.3703048464026358,7,0.080744585935599,1.910732274312282,48.67243896504177,3.5155983334159853,True,False,False
160,52200.0,95545.0,43345.0,2.204291152382051,0.65625,326.25,909.952380952381,-788.0909090909091,8933.0,8199.0,0.08933,10,9,0.9,16.0,5.796550698475776,0.362284418654736,8,0.07645593869731801,5.8435016231948955,27.380842911877394,5.199423682939946,2012-03-05 17:30:00,2021-05-24 12:30:00,RHL,6,80,80,1,40,46,46,6,2,1,4,2250,4000,48,93,39943.0,110393.0,70450.0,1.566969481902058,0.5698924731182796,429.494623655914,2082.8867924528304,-1761.25,18891.0,16843.0,0.18891,5,4,0.8,18.6,6.887670143089026,0.3703048464026358,7,0.09991738226973437,2.114393097242073,43.984252559897854,4.7068852688509635,True,True,True
160,50890.0,95545.0,44655.0,2.1396260217220915,0.65625,318.0625,909.952380952381,-811.9090909090909,8493.0,7759.0,0.08493,10,9,0.9,16.0,5.796550698475776,0.362284418654736,8,0.07842405187659658,5.991993406334629,26.702299076439378,5.198586334694295,2012-03-05 17:30:00,2021-05-24 12:30:00,RHL,6,80,80,1,40,46,46,6,2,1,4,2500,4000,48,93,43518.0,110393.0,66875.0,1.6507364485981308,0.5698924731182796,467.93548387096774,2082.8867924528304,-1671.875,20891.0,18635.0,0.20891,5,4,0.8,18.6,6.887670143089026,0.3703048464026358,7,0.0917091778114803,2.083097984778134,44.6450434303047,4.876516740390882,True,True,True
160,52110.0,95455.0,43345.0,2.20221478832622,0.65625,325.6875,909.0952380952381,-788.0909090909091,8933.0,8199.0,0.08933,10,9,0.9,16.0,5.796550698475776,0.362284418654736,8,0.05739781232009211,5.833426620396283,27.428132796008445,5.19045915934867,2012-03-05 17:30:00,2021-05-24 12:30:00,RHL,6,80,80,1,40,46,46,6,2,1,4,2250,3000,48,93,37723.0,108173.0,70450.0,1.535457771469127,0.5698924731182796,405.6236559139785,2041.0,-1761.25,18891.0,16635.0,0.18891,5,4,0.8,18.6,6.887670143089026,0.3703048464026358,7,0.07928849773347825,1.9968768196495685,46.57272751371842,4.445280349419546,True,False,False
160,50800.0,95455.0,44655.0,2.1376105699249806,0.65625,317.5,909.0952380952381,-811.9090909090909,8493.0,7759.0,0.08493,10,9,0.9,16.0,5.796550698475776,0.362284418654736,8,0.05887795275590551,5.981396444130461,26.749606299212598,5.189392529032623,2012-03-05 17:30:00,2021-05-24 12:30:00,RHL,6,80,80,1,40,46,46,6,2,1,4,2500,3000,48,93,41298.0,108173.0,66875.0,1.6175401869158879,0.5698924731182796,444.06451612903226,2041.0,-1671.875,20891.0,18635.0,0.20891,5,4,0.8,18.6,6.887670143089026,0.3703048464026358,7,0.07242481476100537,1.9768321286678474,47.044965857910796,4.627749169186604,True,False,False
160,41075.0,79173.0,38098.0,2.0781405848076013,0.58125,256.71875,851.3225806451613,-568.6268656716418,5585.0,5325.0,0.05585,10,9,0.9,16.0,5.796550698475776,0.362284418654736,8,0.0728180158247109,7.354521038495971,21.755325623858795,5.174273197576723,2012-03-05 17:30:00,2021-05-24 12:30:00,RHL,6,80,80,1,40,46,46,6,2,1,4,750,3000,48,93,13723.0,61944.0,48221.0,1.2845855540117377,0.3118279569892473,147.55913978494624,2136.0,-753.453125,9985.0,9465.0,0.09985,5,5,1.0,18.6,6.887670143089026,0.3703048464026358,7,0.2179552575967354,1.3743615423134703,67.66778401224222,2.2243106172082268,True,False,False
160,41010.0,79108.0,38098.0,2.0764344585017587,0.58125,256.3125,850.6236559139785,-568.6268656716418,5585.0,5325.0,0.05585,10,9,0.9,16.0,5.796550698475776,0.362284418654736,8,0.09731772738356498,7.342882721575649,21.78980736405755,5.166085059832535,2012-03-05 17:30:00,2021-05-24 12:30:00,RHL,6,80,80,1,40,46,46,6,2,1,4,750,4000,48,93,7683.0,56663.0,48980.0,1.1568599428338098,0.3010752688172043,82.61290322580645,2023.6785714285713,-753.5384615384615,9985.0,9465.0,0.09985,5,3,0.6,18.6,6.887670143089026,0.3703048464026358,7,0.5194585448392555,0.7694541812719079,120.864896524795,1.245309223348452,False,False,False
160,62085.0,120294.0,58209.0,2.06658764108643,0.65,388.03125,1156.673076923077,-1039.4464285714287,12872.0,10072.0,0.12872,10,9,0.9,16.0,5.796550698475776,0.362284418654736,8,0.06428283804461625,4.823259788688627,33.17258597084642,5.151658211863658,2012-03-05 17:30:00,2021-05-24 15:45:00,RHL,6,80,80,1,40,46,46,6,2,1,4,5000,4000,0,93,2308.0,135324.0,133016.0,1.0173512960846816,0.5806451612903226,24.817204301075268,2506.0,-3410.6666666666665,51381.0,48816.0,0.51381,5,4,0.8,18.6,6.887670143089026,0.3703048464026358,7,1.7292027729636048,0.04491932815632237,2070.3782495667247,0.16491301602062128,False,False,False
245,64055.0,115234.0,51179.0,2.251587565212294,0.6285714285714286,261.44897959183675,748.2727272727273,-562.4065934065934,5847.0,4583.0,0.05847,10,8,0.8,24.5,7.8390050389064045,0.31995938934311857,10,0.0623058309265475,10.955190696083461,22.363827960346576,5.150196020134781,2012-01-23 18:15:00,2021-05-27 23:00:00,RHL,6,5,80,1,53,32,1,33,2,1,4,2250,4000,0,72,-31673.0,51161.0,82834.0,0.617632856073593,0.4305555555555556,-439.90277777777777,1650.3548387096773,-2020.341463414634,41285.0,39080.0,0.41285,5,1,0.2,14.4,5.4258639865002145,0.376796110173626,7,0.0,0.0,0.0,0.0,False,False,False
245,61070.0,109999.0,48929.0,2.248135052831654,0.6285714285714286,249.26530612244898,714.2792207792207,-537.6813186813187,5347.0,4018.0,0.05347,10,8,0.8,24.5,7.8390050389064045,0.31995938934311857,10,0.04897658424758474,11.421357770712548,21.451039790404455,5.134641164735126,2012-01-23 18:15:00,2021-05-27 23:00:00,RHL,6,5,80,1,53,32,1,33,2,1,4,2000,3000,0,72,-22798.0,51576.0,74374.0,0.6934681474708904,0.4305555555555556,-316.6388888888889,1663.741935483871,-1814.0,30985.0,29013.0,0.30985,5,1,0.2,14.4,5.4258639865002145,0.376796110173626,7,0.0,0.0,0.0,0.0,False,False,False
245,55545.0,101246.0,45701.0,2.2154001006542527,0.636734693877551,226.71428571428572,649.0128205128206,-513.4943820224719,4433.0,3521.0,0.04433,10,8,0.8,24.5,7.8390050389064045,0.31995938934311857,10,0.026843100189035917,12.529889465373337,19.55324511657215,5.129007991741462,2012-01-23 18:15:00,2021-05-27 23:00:00,RHL,6,5,80,1,53,32,1,33,2,1,4,1750,1500,0,72,-11718.0,47331.0,59049.0,0.8015546410608139,0.5,-162.75,1314.75,-1640.25,17176.0,16369.0,0.17176,5,2,0.4,14.4,5.4258639865002145,0.376796110173626,7,0.0,0.0,0.0,0.0,False,False,False
160,49775.0,107838.0,58063.0,1.8572584950829272,0.64375,311.09375,1046.9708737864078,-1018.6491228070175,8426.0,7583.0,0.08426,10,9,0.9,16.0,5.796550698475776,0.362284418654736,8,0.05004520341536916,5.907310704960835,27.085082872928176,5.104860907327452,2012-03-05 17:30:00,2021-05-24 12:00:00,RHL,6,80,80,1,40,46,46,6,2,1,4,3000,2500,0,93,25358.0,117817.0,92459.0,1.2742621053656216,0.6129032258064516,272.6666666666667,2066.964912280702,-2568.3055555555557,33149.0,28929.0,0.33149,5,4,0.8,18.6,6.887670143089026,0.3703048464026358,7,0.09823329915608486,0.7649702856798093,121.57334963325182,2.25579789882058,True,False,False
160,50190.0,99006.0,48816.0,2.0281465093411994,0.56875,313.6875,1087.978021978022,-707.4782608695652,8774.0,6054.0,0.08774,10,9,0.9,16.0,5.796550698475776,0.362284418654736,8,0.0795178322374975,5.720310006838386,27.970512054194064,5.044309816558423,2012-03-05 17:30:00,2021-05-24 15:45:00,RHL,6,80,80,1,40,46,46,6,2,1,4,1000,4000,0,93,4633.0,69613.0,64980.0,1.0712988611880578,0.3010752688172043,49.81720430107527,2486.1785714285716,-999.6923076923077,18785.0,18100.0,0.18785,5,4,0.8,18.6,6.887670143089026,0.3703048464026358,7,0.8614288797755234,0.24663295182326325,377.07856680336715,0.5474911541173888,False,False,False
160,48950.0,96688.0,47738.0,2.0253885793288364,0.675,305.9375,895.2592592592592,-918.0384615384615,8383.0,7649.0,0.08383,10,9,0.9,16.0,5.796550698475776,0.362284418654736,8,0.03045965270684372,5.839198377669092,27.401021450459652,5.033108991132807,2012-03-05 17:30:00,2021-05-24 09:30:00,RHL,6,80,80,1,40,46,46,6,2,1,4,3000,1500,0,93,12293.0,88099.0,75806.0,1.1621639448064798,0.6881720430107527,132.18279569892474,1376.546875,-2614.0,20371.0,18081.0,0.20371,5,3,0.6,18.6,6.887670143089026,0.3703048464026358,7,0.12128853819246725,0.6034558931814835,154.11234035630034,1.3949932730296397,False,False,False
160,50570.0,90470.0,39900.0,2.267418546365915,0.65625,316.0625,861.6190476190476,-725.4545454545455,8988.0,8254.0,0.08988,10,9,0.9,16.0,5.796550698475776,0.362284418654736,8,0.049258453628633576,5.6263907432131735,28.437413486256673,5.021630966403649,2012-03-05 17:30:00,2021-05-24 12:00:00,RHL,6,80,80,1,40,46,46,6,2,1,4,1750,2500,48,93,37203.0,100627.0,63424.0,1.5865760595358225,0.5591397849462365,400.03225806451616,1935.1346153846155,-1546.9268292682927,17175.0,16655.0,0.17175,5,4,0.8,18.6,6.887670143089026,0.3703048464026358,7,0.06695696583608848,2.166113537117904,42.9340375776147,4.597799148053005,True,True,True
245,61335.0,109515.0,48180.0,2.273038605230386,0.6326530612244898,250.3469387755102,706.5483870967741,-535.3333333333334,5654.0,4749.0,0.05654,10,8,0.8,24.5,7.8390050389064045,0.31995938934311857,10,0.04061302681992337,10.848072161301733,22.58465802559713,5.0149630538130445,2012-01-23 18:15:00,2021-05-27 23:00:00,RHL,6,5,80,1,53,32,1,33,2,1,4,3000,2500,0,72,-19278.0,58424.0,77702.0,0.7518982780366014,0.5416666666666666,-267.75,1498.051282051282,-2354.6060606060605,26465.0,24260.0,0.26465,5,2,0.4,14.4,5.4258639865002145,0.376796110173626,7,0.0,0.0,0.0,0.0,False,False,False
160,50455.0,97545.0,47090.0,2.0714589084731365,0.65625,315.34375,929.0,-856.1818181818181,8993.0,8259.0,0.08993,10,9,0.9,16.0,5.796550698475776,0.362284418654736,8,0.09891982955108512,5.610474813744023,28.51808542265385,5.008818395923672,2012-03-05 17:30:00,2021-05-24 12:30:00,RHL,6,80,80,1,40,46,46,6,2,1,4,3000,5000,48,93,45763.0,116303.0,70540.0,1.6487524808619223,0.5698924731182796,492.0752688172043,2194.396226415094,-1763.5,24536.0,22280.0,0.24536,5,4,0.8,18.6,6.887670143089026,0.3703048464026358,7,0.10906190590651836,1.8651369416367787,49.86229049668947,4.73187225492181,True,False,False
160,39760.0,77858.0,38098.0,2.0436243372355505,0.58125,248.5,837.1827956989247,-568.6268656716418,5585.0,5325.0,0.05585,10,9,0.9,16.0,5.796550698475776,0.362284418654736,8,0.08604124748490946,7.119068934646374,22.474849094567404,5.008620872444322,2012-03-05 17:30:00,2021-05-24 12:30:00,RHL,6,80,80,1,40,46,46,6,2,1,4,750,0,48,93,5353.0,54333.0,48980.0,1.109289505920784,0.3010752688172043,57.55913978494624,1940.4642857142858,-753.5384615384615,11926.0,11291.0,0.11926,5,3,0.6,18.6,6.887670143089026,0.3703048464026358,7,0.7838595180272744,0.4488512493711219,207.19559125723893,0.7939081256915144,False,False,False
160,47860.0,102914.0,55054.0,1.8693282958549788,0.65,299.125,989.5576923076923,-983.1071428571429,8132.0,7583.0,0.08132,10,9,0.9,16.0,5.796550698475776,0.362284418654736,8,0.04160050146259925,5.88539104771274,27.18595904722106,4.996402089496027,2012-03-05 17:30:00,2021-05-24 09:45:00,RHL,6,80,80,1,40,46,46,6,2,1,4,3000,2000,0,93,17218.0,104799.0,87581.0,1.1965951519165117,0.6344086021505376,185.13978494623655,1776.2542372881355,-2575.9117647058824,28820.0,25090.0,0.2882,5,4,0.8,18.6,6.887670143089026,0.3703048464026358,7,0.11563480078987107,0.5974323386537127,155.66616331745848,1.6426919215141427,True,False,False
160,50150.0,95197.0,45047.0,2.113281683574933,0.66875,313.4375,889.6915887850467,-849.9433962264151,9027.0,8478.0,0.09027,10,9,0.9,16.0,5.796550698475776,0.362284418654736,8,0.029730807577268197,5.555555555555555,28.8,4.969155508989798,2012-03-05 17:30:00,2021-05-24 09:30:00,RHL,6,80,80,1,40,46,46,6,2,1,4,2000,1500,0,93,20778.0,83590.0,62812.0,1.3307966630580144,0.6451612903225806,223.41935483870967,1393.1666666666667,-1903.3939393939395,13335.0,13090.0,0.13335,5,4,0.8,18.6,6.887670143089026,0.3703048464026358,7,0.0717585908172105,1.5581552305961754,59.685965925498124,2.914255588973767,True,False,False
160,46425.0,86404.0,39979.0,2.1612346481903,0.65,290.15625,830.8076923076923,-713.9107142857143,7738.0,7004.0,0.07738,10,9,0.9,16.0,5.796550698475776,0.362284418654736,8,0.042886375875067315,5.999612302920651,26.668389876144317,4.968449978004885,2012-03-05 17:30:00,2021-05-24 09:45:00,RHL,6,80,80,1,40,46,46,6,2,1,4,1500,2000,48,93,36733.0,91154.0,54421.0,1.6749784090700282,0.5806451612903226,394.97849462365593,1688.037037037037,-1395.4102564102564,12635.0,12115.0,0.12635,5,4,0.8,18.6,6.887670143089026,0.3703048464026358,7,0.05420194375629543,2.907241788682232,31.989083385511663,5.292845071376148,True,True,True
245,61220.0,106731.0,45511.0,2.3451692997297355,0.636734693877551,249.87755102040816,684.1730769230769,-511.35955056179773,5760.0,4089.0,0.0576,10,8,0.8,24.5,7.8390050389064045,0.31995938934311857,10,0.03252205161711859,10.628472222222221,23.051290427964716,4.959288275336926,2012-01-23 18:15:00,2021-05-27 23:00:00,RHL,6,5,80,1,53,32,1,33,2,1,4,4000,2000,0,72,-3653.0,61189.0,64842.0,0.9436630578945745,0.6111111111111112,-50.736111111111114,1390.659090909091,-2315.785714285714,18705.0,16019.0,0.18705,5,2,0.4,14.4,5.4258639865002145,0.376796110173626,7,0.0,0.0,0.0,0.0,False,False,False
245,55745.0,103289.0,47544.0,2.172492848729598,0.6285714285714286,227.53061224489795,670.7077922077922,-522.4615384615385,4847.0,3521.0,0.04847,10,8,0.8,24.5,7.8390050389064045,0.31995938934311857,10,0.03571620773163513,11.500928409325356,21.302628038389095,4.922737524519563,2012-01-23 18:15:00,2021-05-27 23:00:00,RHL,6,5,80,1,53,32,1,33,2,1,4,1750,2000,0,72,-16603.0,47857.0,64460.0,0.7424294135898232,0.4444444444444444,-230.59722222222223,1495.53125,-1611.5,23894.0,23254.0,0.23894,5,0,0.0,14.4,5.4258639865002145,0.376796110173626,7,0.0,0.0,0.0,0.0,False,False,False
160,49455.0,96545.0,47090.0,2.0502229772775538,0.65625,309.09375,919.4761904761905,-856.1818181818181,8993.0,8259.0,0.08993,10,9,0.9,16.0,5.796550698475776,0.362284418654736,8,0.0908098271155596,5.4992772156121426,29.094732585178445,4.909545412157471,2012-03-05 17:30:00,2021-05-24 12:30:00,RHL,6,80,80,1,40,46,46,6,2,1,4,3000,4500,48,93,42658.0,113198.0,70540.0,1.6047349021831585,0.5698924731182796,458.68817204301075,2135.811320754717,-1763.5,24536.0,22280.0,0.24536,5,4,0.8,18.6,6.887670143089026,0.3703048464026358,7,0.10527919733695908,1.7385881969351158,53.49167799709316,4.410816743885991,True,False,False
160,49385.0,96475.0,47090.0,2.0487364620938626,0.65625,308.65625,918.8095238095239,-856.1818181818181,8993.0,8259.0,0.08993,10,9,0.9,16.0,5.796550698475776,0.362284418654736,8,0.12495697074010327,5.491493383742911,29.135972461273667,4.902596303293837,2012-03-05 17:30:00,2021-05-24 12:30:00,RHL,6,80,80,1,40,46,46,6,2,1,4,3000,0,48,93,25863.0,99412.0,73549.0,1.3516431222722267,0.5591397849462365,278.0967741935484,1911.7692307692307,-1793.878048780488,24536.0,22408.0,0.24536,5,3,0.6,18.6,6.887670143089026,0.3703048464026358,7,0.21405096083207673,1.0540837952396478,88.22827978192784,2.674221797719616,True,False,False
245,60370.0,104228.0,43858.0,2.3764877559396234,0.6448979591836734,246.40816326530611,659.6708860759494,-504.11494252873564,5760.0,4089.0,0.0576,10,8,0.8,24.5,7.8390050389064045,0.31995938934311857,10,0.0246976975318867,10.480902777777779,23.37584893158854,4.89043177363754,2012-01-23 18:15:00,2021-05-27 23:00:00,RHL,6,5,80,1,53,32,1,33,2,1,4,4000,1500,0,72,-4103.0,57381.0,61484.0,0.933267191464446,0.6388888888888888,-56.986111111111114,1247.4130434782608,-2364.769230769231,14945.0,12226.0,0.14945,5,2,0.4,14.4,5.4258639865002145,0.376796110173626,7,0.0,0.0,0.0,0.0,False,False,False
160,49205.0,96295.0,47090.0,2.044913994478658,0.65625,307.53125,917.0952380952381,-856.1818181818181,8993.0,8259.0,0.08993,10,9,0.9,16.0,5.796550698475776,0.362284418654736,8,0.12175591911391119,5.471477816079172,29.242556650746874,4.884727166215921,2012-03-05 17:30:00,2021-05-24 12:30:00,RHL,6,80,80,1,40,46,46,6,2,1,4,3000,6000,48,93,32503.0,106052.0,73549.0,1.4419230716937008,0.5591397849462365,349.494623655914,2039.4615384615386,-1793.878048780488,24536.0,22408.0,0.24536,5,3,0.6,18.6,6.887670143089026,0.3703048464026358,7,0.18432144725102298,1.3247065536354745,70.20422730209519,3.360794613590097,True,False,False
245,58095.0,107024.0,48929.0,2.1873326656992784,0.6285714285714286,237.12244897959184,694.961038961039,-537.6813186813187,5347.0,4018.0,0.05347,10,8,0.8,24.5,7.8390050389064045,0.31995938934311857,10,0.04287804458214993,10.864971011782307,22.549530940700578,4.884509226548014,2012-01-23 18:15:00,2021-05-27 23:00:00,RHL,6,5,80,1,53,32,1,33,2,1,4,2000,2500,0,72,-21433.0,50932.0,72365.0,0.7038209078974642,0.4444444444444444,-297.68055555555554,1591.625,-1809.125,28620.0,26648.0,0.2862,5,1,0.2,14.4,5.4258639865002145,0.376796110173626,7,0.0,0.0,0.0,0.0,False,False,False
245,56355.0,105887.0,49532.0,2.1377493337640314,0.6204081632653061,230.0204081632653,696.625,-532.6021505376344,5036.0,3711.0,0.05036,10,8,0.8,24.5,7.8390050389064045,0.31995938934311857,10,0.053074261378759646,11.19042891183479,21.8937095200071,4.882327002594953,2012-01-23 18:15:00,2021-05-27 23:00:00,RHL,6,5,80,1,53,32,1,33,2,1,4,1250,3000,0,72,-22678.0,39611.0,62289.0,0.6359228756281206,0.2916666666666667,-314.97222222222223,1886.2380952380952,-1221.3529411764705,22993.0,22402.0,0.22993,5,1,0.2,14.4,5.4258639865002145,0.376796110173626,7,0.0,0.0,0.0,0.0,False,False,False
245,58690.0,109999.0,51309.0,2.143853904773042,0.6285714285714286,239.55102040816325,714.2792207792207,-563.8351648351648,5464.0,4249.0,0.05464,10,8,0.8,24.5,7.8390050389064045,0.31995938934311857,10,0.05096268529562106,10.741215226939971,22.809337195433635,4.881418407161997,2012-01-23 18:15:00,2021-05-27 23:00:00,RHL,6,5,80,1,53,32,1,33,2,1,4,2500,3000,0,72,-21523.0,57266.0,78789.0,0.7268273489954181,0.5,-298.93055555555554,1590.7222222222222,-2188.5833333333335,29710.0,27505.0,0.2971,5,2,0.4,14.4,5.4258639865002145,0.376796110173626,7,0.0,0.0,0.0,0.0,False,False,False
245,60220.0,106731.0,46511.0,2.294747479090968,0.636734693877551,245.79591836734693,684.1730769230769,-522.5955056179776,5760.0,5009.0,0.0576,10,8,0.8,24.5,7.8390050389064045,0.31995938934311857,10,0.03306210561275324,10.45486111111111,23.434075058120225,4.878280626278825,2012-01-23 18:15:00,2021-05-27 23:00:00,RHL,6,5,80,1,53,32,1,33,2,1,4,5000,2000,0,72,1432.0,63180.0,61748.0,1.023191034527434,0.625,19.88888888888889,1404.0,-2286.962962962963,22422.0,18763.0,0.22422,5,2,0.4,14.4,5.4258639865002145,0.376796110173626,7,1.39036312849162,0.06386584604406387,1127.36312849162,0.20006757221989924,False,False,False
160,47360.0,96688.0,49328.0,1.9601037950048654,0.675,296.0,895.2592592592592,-948.6153846153846,8368.0,8018.0,0.08368,10,9,0.9,16.0,5.796550698475776,0.362284418654736,8,0.03148226351351351,5.659655831739962,28.27027027027027,4.873985467820798,2012-03-05 17:30:00,2021-05-24 09:30:00,RHL,6,80,80,1,40,46,46,6,2,1,4,4000,1500,0,93,1133.0,89590.0,88457.0,1.0128084832178346,0.6989247311827957,12.182795698924732,1378.3076923076924,-3159.1785714285716,27371.0,25081.0,0.27371,5,2,0.4,18.6,6.887670143089026,0.3703048464026358,7,1.3159752868490733,0.041394176318000804,2246.6928508384817,0.11091875434259005,False,False,False
160,49245.0,107889.0,58644.0,1.8397278493963576,0.65,307.78125,1037.3942307692307,-1047.2142857142858,9136.0,8018.0,0.09136,10,9,0.9,16.0,5.796550698475776,0.362284418654736,8,0.050583815615798555,5.390214535901927,29.68341963651132,4.850287346413153,2012-03-05 17:30:00,2021-05-24 12:00:00,RHL,6,80,80,1,40,46,46,6,2,1,4,4000,2500,0,93,11198.0,120308.0,109110.0,1.102630373018055,0.6236559139784946,120.40860215053763,2074.2758620689656,-3117.4285714285716,43149.0,39666.0,0.43149,5,4,0.8,18.6,6.887670143089026,0.3703048464026358,7,0.22245043757813895,0.25951933996152865,358.3547954991963,0.8731231468342433,False,False,False
160,48330.0,102965.0,54635.0,1.8845977853024618,0.65625,302.0625,980.6190476190476,-993.3636363636364,8851.0,8018.0,0.08851,10,9,0.9,16.0,5.796550698475776,0.362284418654736,8,0.041195944547899856,5.460399954807366,29.301882888475067,4.836197149960113,2012-03-05 17:30:00,2021-05-24 09:45:00,RHL,6,80,80,1,40,46,46,6,2,1,4,4000,2000,0,93,3558.0,106790.0,103232.0,1.0344660570365778,0.6451612903225806,38.25806451612903,1779.8333333333333,-3128.242424242424,37820.0,34090.0,0.3782,5,4,0.8,18.6,6.887670143089026,0.3703048464026358,7,0.559584035975267,0.0940772078265468,988.5497470489039,0.2963231540308772,False,False,False
160,47975.0,95782.0,47807.0,2.0035141297299557,0.575,299.84375,1041.108695652174,-703.0441176470588,8774.0,6054.0,0.08774,10,9,0.9,16.0,5.796550698475776,0.362284418654736,8,0.062344971339239184,5.467859585137908,29.261907243355914,4.821692836210208,2012-03-05 17:30:00,2021-05-24 15:45:00,RHL,6,80,80,1,40,46,46,6,2,1,4,1000,3000,0,93,8103.0,70056.0,61953.0,1.1307926976901845,0.3333333333333333,87.12903225806451,2259.8709677419356,-999.241935483871,13485.0,12965.0,0.13485,5,4,0.8,18.6,6.887670143089026,0.3703048464026358,7,0.36912254720473897,0.6008898776418242,154.77045538689376,1.1301621793514522,False,False,False
160,48455.0,95545.0,47090.0,2.0289870460819706,0.65625,302.84375,909.952380952381,-856.1818181818181,8993.0,8259.0,0.08993,10,9,0.9,16.0,5.796550698475776,0.362284418654736,8,0.08236508100299247,5.388079617480263,29.69518109586214,4.81027242839127,2012-03-05 17:30:00,2021-05-24 12:30:00,RHL,6,80,80,1,40,46,46,6,2,1,4,3000,4000,48,93,39853.0,110393.0,70540.0,1.5649702296569323,0.5698924731182796,428.5268817204301,2082.8867924528304,-1763.5,24536.0,22280.0,0.24536,5,4,0.8,18.6,6.887670143089026,0.3703048464026358,7,0.10014302561915038,1.624266384088686,57.25661807141245,4.120781088988897,True,False,False
245,59370.0,104228.0,44858.0,2.3235097418520665,0.6448979591836734,242.3265306122449,659.6708860759494,-515.6091954022988,5760.0,5009.0,0.0576,10,8,0.8,24.5,7.8390050389064045,0.31995938934311857,10,0.02511369378473977,10.307291666666666,23.769580596260738,4.809424124579439,2012-01-23 18:15:00,2021-05-27 23:00:00,RHL,6,5,80,1,53,32,1,33,2,1,4,5000,1500,0,72,482.0,58872.0,58390.0,1.0082548381572187,0.6527777777777778,6.694444444444445,1252.595744680851,-2335.6,18213.0,16433.0,0.18213,5,3,0.6,14.4,5.4258639865002145,0.376796110173626,7,3.0933609958506225,0.026464613188381926,2720.6141078838173,0.07471832932821328,False,False,False
160,48365.0,95455.0,47090.0,2.027075812274368,0.65625,302.28125,909.0952380952381,-856.1818181818181,8993.0,8259.0,0.08993,10,9,0.9,16.0,5.796550698475776,0.362284418654736,8,0.061842241290189184,5.378071833648393,29.75043936731107,4.801337859852312,2012-03-05 17:30:00,2021-05-24 12:30:00,RHL,6,80,80,1,40,46,46,6,2,1,4,3000,3000,48,93,37633.0,108173.0,70540.0,1.5334987241281541,0.5698924731182796,404.6559139784946,2041.0,-1763.5,24536.0,22280.0,0.24536,5,4,0.8,18.6,6.887670143089026,0.3703048464026358,7,0.07947811760954482,1.533787088359961,60.634230595488006,3.8912341535623205,True,False,False
160,44810.0,86781.0,41971.0,2.067641943246527,0.6,280.0625,903.96875,-655.796875,7788.0,7465.0,0.07788,10,9,0.9,16.0,5.796550698475776,0.362284418654736,8,0.11138138808301719,5.753723677452491,27.80807855389422,4.780192041563975,2012-03-05 17:30:00,2021-05-24 12:30:00,RHL,6,80,80,1,40,46,46,6,2,1,4,1000,5000,48,93,8848.0,70546.0,61698.0,1.1434082142046744,0.3333333333333333,95.13978494623656,2275.6774193548385,-995.1290322580645,14436.0,13801.0,0.14436,5,4,0.8,18.6,6.887670143089026,0.3703048464026358,7,0.5640822784810127,0.6129121640343586,151.73462929475588,1.192729836455995,False,False,False
160,41320.0,81221.0,39901.0,2.035563018470715,0.63125,258.25,804.1683168316831,-676.2881355932203,6627.0,5882.0,0.06627,10,9,0.9,16.0,5.796550698475776,0.362284418654736,8,0.048184898354307844,6.235098838086615,25.661181026137463,4.778429683393995,2012-03-05 17:30:00,2021-05-24 09:45:00,RHL,6,80,80,1,40,46,46,6,2,1,4,1250,2000,48,93,25793.0,82706.0,56913.0,1.4532004990072567,0.4946236559139785,277.3440860215054,1797.9565217391305,-1210.9148936170213,12005.0,11485.0,0.12005,5,5,1.0,18.6,6.887670143089026,0.3703048464026358,7,0.07719148606210988,2.148521449396085,43.28558135928352,3.8127750410317636,True,True,True
160,48610.0,90470.0,41860.0,2.161251791686574,0.65625,303.8125,861.6190476190476,-761.0909090909091,9198.0,8464.0,0.09198,10,9,0.9,16.0,5.796550698475776,0.362284418654736,8,0.051244599876568604,5.284844531419874,30.27525200576013,4.771580888756795,2012-03-05 17:30:00,2021-05-24 12:00:00,RHL,6,80,80,1,40,46,46,6,2,1,4,2000,2500,48,93,39208.0,103929.0,64721.0,1.6058002812070271,0.5806451612903226,421.59139784946234,1924.611111111111,-1659.5128205128206,16855.0,16335.0,0.16855,5,4,0.8,18.6,6.887670143089026,0.3703048464026358,7,0.0635329524586819,2.3261940077128447,39.979468475821264,4.891372270623382,True,True,True
160,37590.0,75688.0,38098.0,1.986665966717413,0.58125,234.9375,813.8494623655914,-568.6268656716418,5585.0,5325.0,0.05585,10,9,0.9,16.0,5.796550698475776,0.362284418654736,8,0.06626762436818302,6.730528200537153,23.772279861665336,4.7352630431383815,2012-03-05 17:30:00,2021-05-24 12:00:00,RHL,6,80,80,1,40,46,46,6,2,1,4,750,2500,48,93,16583.0,63286.0,46703.0,1.3550735498790227,0.3333333333333333,178.31182795698925,2041.483870967742,-753.2741935483871,9985.0,9465.0,0.09985,5,5,1.0,18.6,6.887670143089026,0.3703048464026358,7,0.15021407465476694,1.6607911867801703,55.99740698305494,2.6878775023802395,True,False,False
245,58820.0,109999.0,51179.0,2.1492995173801757,0.6285714285714286,240.08163265306123,714.2792207792207,-562.4065934065934,5847.0,4583.0,0.05847,10,8,0.8,24.5,7.8390050389064045,0.31995938934311857,10,0.050850051003060184,10.059859757140414,24.354216252975178,4.72928779805367,2012-01-23 18:15:00,2021-05-27 23:00:00,RHL,6,5,80,1,53,32,1,33,2,1,4,2250,3000,0,72,-26103.0,52213.0,78316.0,0.6666964604933858,0.4583333333333333,-362.5416666666667,1582.2121212121212,-2008.1025641025642,34290.0,32085.0,0.3429,5,1,0.2,14.4,5.4258639865002145,0.376796110173626,7,0.0,0.0,0.0,0.0,False,False,False
245,53970.0,101246.0,47276.0,2.141594043489297,0.636734693877551,220.28571428571428,649.0128205128206,-531.1910112359551,4933.0,4018.0,0.04933,10,8,0.8,24.5,7.8390050389064045,0.31995938934311857,10,0.02762645914396887,10.940604094871276,22.393644617380026,4.724263694290731,2012-01-23 18:15:00,2021-05-27 23:00:00,RHL,6,5,80,1,53,32,1,33,2,1,4,2000,1500,0,72,-13638.0,48548.0,62186.0,0.7806901875020101,0.5277777777777778,-189.41666666666666,1277.578947368421,-1829.0,19096.0,18111.0,0.19096,5,1,0.2,14.4,5.4258639865002145,0.376796110173626,7,0.0,0.0,0.0,0.0,False,False,False
160,46280.0,84456.0,38176.0,2.2122799664710815,0.6625,289.25,796.7547169811321,-706.9629629629629,8567.0,7018.0,0.08567,10,9,0.9,16.0,5.796550698475776,0.362284418654736,8,0.032216940363007776,5.402124430955994,29.617977528089888,4.707196616099651,2012-03-05 17:30:00,2021-05-24 09:30:00,RHL,6,80,80,1,40,46,46,6,2,1,4,1500,1500,48,93,22683.0,74086.0,51403.0,1.441277746435033,0.6021505376344086,243.90322580645162,1322.9642857142858,-1389.2702702702702,10635.0,10115.0,0.10635,5,4,0.8,18.6,6.887670143089026,0.3703048464026358,7,0.06573204602565798,2.1328631875881525,43.603359344002115,3.562477677860345,True,True,True
160,47125.0,90470.0,43345.0,2.087207290344907,0.65625,294.53125,861.6190476190476,-788.0909090909091,8933.0,8199.0,0.08933,10,9,0.9,16.0,5.796550698475776,0.362284418654736,8,0.05285941644562334,5.275383409828725,30.329549071618036,4.693924158209674,2012-03-05 17:30:00,2021-05-24 12:00:00,RHL,6,80,80,1,40,46,46,6,2,1,4,2250,2500,48,93,38033.0,103965.0,65932.0,1.5768519080264516,0.5913978494623656,408.9569892473118,1890.2727272727273,-1735.0526315789473,18891.0,16635.0,0.18891,5,4,0.8,18.6,6.887670143089026,0.3703048464026358,7,0.0654957536875871,2.0132867503043776,46.19312176267978,4.481810766096905,True,True,True
160,45815.0,90470.0,44655.0,2.0259769342738774,0.65625,286.34375,861.6190476190476,-811.9090909090909,8493.0,7759.0,0.08493,10,9,0.9,16.0,5.796550698475776,0.362284418654736,8,0.054370839244788825,5.394442482044036,29.66015497107934,4.680157848772236,2012-03-05 17:30:00,2021-05-24 12:00:00,RHL,6,80,80,1,40,46,46,6,2,1,4,2500,2500,48,93,39853.0,103965.0,64112.0,1.621615298228101,0.5913978494623656,428.5268817204301,1890.2727272727273,-1687.157894736842,20891.0,18635.0,0.20891,5,4,0.8,18.6,6.887670143089026,0.3703048464026358,7,0.06250470479010363,1.9076635871906562,48.75073394725617,4.46582613297481,True,False,False
160,47080.0,86980.0,39900.0,2.179949874686717,0.65625,294.25,828.3809523809524,-725.4545454545455,8988.0,8254.0,0.08988,10,9,0.9,16.0,5.796550698475776,0.362284418654736,8,0.042289719626168225,5.238095238095238,30.545454545454547,4.675071898324773,2012-03-05 17:30:00,2021-05-24 09:45:00,RHL,6,80,80,1,40,46,46,6,2,1,4,1750,2000,48,93,33788.0,91935.0,58147.0,1.5810789894577537,0.5913978494623656,363.31182795698925,1671.5454545454545,-1530.1842105263158,13412.0,12672.0,0.13412,5,4,0.8,18.6,6.887670143089026,0.3703048464026358,7,0.05892624600449864,2.519236504622726,36.91594648987806,4.725373258608257,True,True,True
160,43810.0,85781.0,41971.0,2.0438159681684973,0.6,273.8125,893.5520833333334,-655.796875,7788.0,7465.0,0.07788,10,9,0.9,16.0,5.796550698475776,0.362284418654736,8,0.10251084227345356,5.625321006676939,28.44282127368181,4.6735151381592885,2012-03-05 17:30:00,2021-05-24 12:30:00,RHL,6,80,80,1,40,46,46,6,2,1,4,1000,4500,48,93,7743.0,69441.0,61698.0,1.1254983954098998,0.3333333333333333,83.25806451612904,2240.032258064516,-995.1290322580645,14936.0,14301.0,0.14936,5,4,0.8,18.6,6.887670143089026,0.3703048464026358,7,0.5800077489345214,0.5184118907337976,179.39403332041843,1.0261539303519973,False,False,False
245,57100.0,105280.0,48180.0,2.1851390618513906,0.6326530612244898,233.0612244897959,679.2258064516129,-535.3333333333334,5654.0,4749.0,0.05654,10,8,0.8,24.5,7.8390050389064045,0.31995938934311857,10,0.03486865148861646,10.099044923947648,24.259719789842382,4.668694715459767,2012-01-23 18:15:00,2021-05-27 23:00:00,RHL,6,5,80,1,53,32,1,33,2,1,4,3000,2000,0,72,-10883.0,58832.0,69715.0,0.8438929928996629,0.5833333333333334,-151.15277777777777,1400.7619047619048,-2323.8333333333335,21766.0,20654.0,0.21766,5,2,0.4,14.4,5.4258639865002145,0.376796110173626,7,0.0,0.0,0.0,0.0,False,False,False
245,53880.0,103412.0,49532.0,2.0877816361140273,0.6204081632653061,219.91836734693877,680.3421052631579,-532.6021505376344,5036.0,3711.0,0.05036,10,8,0.8,24.5,7.8390050389064045,0.31995938934311857,10,0.04623236822568671,10.698967434471802,22.89940608760208,4.667904869129909,2012-01-23 18:15:00,2021-05-27 23:00:00,RHL,6,5,80,1,53,32,1,33,2,1,4,1250,2500,0,72,-21063.0,39967.0,61030.0,0.6548746518105849,0.3055555555555556,-292.5416666666667,1816.6818181818182,-1220.6,21378.0,20787.0,0.21378,5,2,0.4,14.4,5.4258639865002145,0.376796110173626,7,0.0,0.0,0.0,0.0,False,False,False
160,43740.0,85711.0,41971.0,2.0421481499130354,0.6,273.375,892.8229166666666,-655.796875,7788.0,7465.0,0.07788,10,9,0.9,16.0,5.796550698475776,0.362284418654736,8,0.14108367626886145,5.6163328197226505,28.488340192043896,4.66604775492096,2012-03-05 17:30:00,2021-05-24 12:30:00,RHL,6,80,80,1,40,46,46,6,2,1,4,1000,0,48,93,-1402.0,61305.0,62707.0,0.9776420495319502,0.3225806451612903,-15.075268817204302,2043.5,-995.3492063492064,17671.0,17036.0,0.17671,5,3,0.6,18.6,6.887670143089026,0.3703048464026358,7,0.0,0.0,0.0,0.0,False,False,False
245,55715.0,107024.0,51309.0,2.0858718743300395,0.6285714285714286,227.40816326530611,694.961038961039,-563.8351648351648,5403.0,4249.0,0.05403,10,8,0.8,24.5,7.8390050389064045,0.31995938934311857,10,0.044709683209189624,10.311863779381826,23.75904155074935,4.660064431153756,2012-01-23 18:15:00,2021-05-27 23:00:00,RHL,6,5,80,1,53,32,1,33,2,1,4,2500,2500,0,72,-20158.0,56122.0,76280.0,0.7357367593078133,0.5138888888888888,-279.97222222222223,1516.8108108108108,-2179.4285714285716,27345.0,25140.0,0.27345,5,1,0.2,14.4,5.4258639865002145,0.376796110173626,7,0.0,0.0,0.0,0.0,False,False,False
160,50350.0,108505.0,58155.0,1.865789699939816,0.65625,314.6875,1033.3809523809523,-1057.3636363636363,10372.0,10018.0,0.10372,10,9,0.9,16.0,5.796550698475776,0.362284418654736,8,0.049473684210526316,4.854415734670266,32.959682224428995,4.654270205861251,2012-03-05 17:30:00,2021-05-24 12:00:00,RHL,6,80,80,1,40,46,46,6,2,1,4,5000,2500,0,93,-637.0,120308.0,120945.0,0.9947331431642482,0.6236559139784946,-6.849462365591398,2074.2758620689656,-3455.5714285714284,47161.0,44596.0,0.47161,5,4,0.8,18.6,6.887670143089026,0.3703048464026358,7,0.0,0.0,0.0,0.0,False,False,False
160,43560.0,85531.0,41971.0,2.03785947439899,0.6,272.25,890.9479166666666,-655.796875,7788.0,7465.0,0.07788,10,9,0.9,16.0,5.796550698475776,0.362284418654736,8,0.137534435261708,5.593220338983051,28.606060606060606,4.646845912308118,2012-03-05 17:30:00,2021-05-24 12:30:00,RHL,6,80,80,1,40,46,46,6,2,1,4,1000,6000,48,93,-1402.0,61305.0,62707.0,0.9776420495319502,0.3225806451612903,-15.075268817204302,2043.5,-995.3492063492064,17671.0,17036.0,0.17671,5,3,0.6,18.6,6.887670143089026,0.3703048464026358,7,0.0,0.0,0.0,0.0,False,False,False
160,41925.0,80273.0,38348.0,2.093277354751226,0.64375,262.03125,779.3495145631068,-672.7719298245614,7261.0,5933.0,0.07261,10,9,0.9,16.0,5.796550698475776,0.362284418654736,8,0.03556350626118068,5.773998071890924,27.710435301132975,4.63188987065575,2012-03-05 17:30:00,2021-05-24 09:30:00,RHL,6,80,80,1,40,46,46,6,2,1,4,1250,1500,48,93,12273.0,66668.0,54395.0,1.2256273554554646,0.5161290322580645,131.96774193548387,1388.9166666666667,-1208.7777777777778,10543.0,9735.0,0.10543,5,3,0.6,18.6,6.887670143089026,0.3703048464026358,7,0.12148618919579565,1.164089917480793,79.89073576142752,1.9359272682794177,True,False,False
160,49860.0,98179.0,48319.0,2.0318922163124236,0.68125,311.625,900.7247706422019,-947.4313725490196,10368.0,10018.0,0.10368,10,9,0.9,16.0,5.796550698475776,0.362284418654736,8,0.02990373044524669,4.809027777777778,33.27075812274368,4.609864412648868,2012-03-05 17:30:00,2021-05-24 09:30:00,RHL,6,80,80,1,40,46,46,6,2,1,4,5000,1500,0,93,-11002.0,91081.0,102083.0,0.8922249542039321,0.7096774193548387,-118.3010752688172,1380.0151515151515,-3780.8518518518517,34401.0,32081.0,0.34401,5,3,0.6,18.6,6.887670143089026,0.3703048464026358,7,0.0,0.0,0.0,0.0,False,False,False
245,56210.0,102737.0,46527.0,2.2081157177552817,0.6408163265306123,229.42857142857142,654.375796178344,-528.7159090909091,5654.0,4749.0,0.05654,10,8,0.8,24.5,7.8390050389064045,0.31995938934311857,10,0.026525529265255293,9.941634241245136,24.64383561643836,4.595925218143494,2012-01-23 18:15:00,2021-05-27 23:00:00,RHL,6,5,80,1,53,32,1,33,2,1,4,3000,1500,0,72,-11048.0,55524.0,66572.0,0.8340443429670131,0.6111111111111112,-153.44444444444446,1261.909090909091,-2377.5714285714284,17816.0,15521.0,0.17816,5,3,0.6,14.4,5.4258639865002145,0.376796110173626,7,0.0,0.0,0.0,0.0,False,False,False
160,38780.0,78023.0,39243.0,1.9882017175037587,0.58125,242.375,838.9569892473119,-585.7164179104477,6323.0,5680.0,0.06323,10,9,0.9,16.0,5.796550698475776,0.362284418654736,8,0.038447653429602886,6.13316463703938,26.087674058793194,4.591235669983611,2012-03-05 17:30:00,2021-05-24 09:30:00,RHL,6,80,80,1,40,46,46,6,2,1,4,750,1500,0,93,7783.0,50691.0,42908.0,1.1813880861377832,0.3870967741935484,83.68817204301075,1408.0833333333333,-752.7719298245614,6378.0,5798.0,0.06378,5,4,0.8,18.6,6.887670143089026,0.3703048464026358,7,0.19157137350636003,1.220288491690185,76.21148657330079,1.578429463873643,False,False,False
245,54360.0,103289.0,48929.0,2.1109975679045148,0.6285714285714286,221.87755102040816,670.7077922077922,-537.6813186813187,5347.0,4018.0,0.05347,10,8,0.8,24.5,7.8390050389064045,0.31995938934311857,10,0.036626195732155996,10.166448475780811,24.098877851361294,4.5704780369248645,2012-01-23 18:15:00,2021-05-27 23:00:00,RHL,6,5,80,1,53,32,1,33,2,1,4,2000,2000,0,72,-19273.0,49074.0,68347.0,0.7180124950619632,0.4722222222222222,-267.68055555555554,1443.3529411764705,-1798.6052631578948,26314.0,25674.0,0.26314,5,0,0.0,14.4,5.4258639865002145,0.376796110173626,7,0.0,0.0,0.0,0.0,False,False,False
160,42810.0,84781.0,41971.0,2.019989993090467,0.6,267.5625,883.1354166666666,-655.796875,7788.0,7465.0,0.07788,10,9,0.9,16.0,5.796550698475776,0.362284418654736,8,0.09322588180331698,5.496918335901387,29.107217939733708,4.566838234754603,2012-03-05 17:30:00,2021-05-24 12:30:00,RHL,6,80,80,1,40,46,46,6,2,1,4,1000,4000,48,93,6938.0,68636.0,61698.0,1.1124509708580506,0.3333333333333333,74.60215053763442,2214.064516129032,-995.1290322580645,15436.0,14801.0,0.15436,5,4,0.8,18.6,6.887670143089026,0.3703048464026358,7,0.5752378206976074,0.4494687742938585,206.91092533871432,0.9044557345365201,False,False,False
160,47975.0,97545.0,49570.0,1.9678232802098043,0.65625,299.84375,929.0,-901.2727272727273,9849.0,8040.0,0.09849,10,9,0.9,16.0,5.796550698475776,0.362284418654736,8,0.1040333507034914,4.871052898771449,32.847107868681604,4.5509523329761405,2012-03-05 17:30:00,2021-05-24 12:30:00,RHL,6,80,80,1,40,46,46,6,2,1,4,5000,5000,48,93,23753.0,116303.0,92550.0,1.256650459211237,0.5698924731182796,255.40860215053763,2194.396226415094,-2313.75,36981.0,34725.0,0.36981,5,4,0.8,18.6,6.887670143089026,0.3703048464026358,7,0.2101208268429251,0.6423028041426678,144.7915210710226,2.0005506416026297,True,False,False
160,46420.0,97545.0,51125.0,1.9079706601466992,0.65625,290.125,929.0,-929.5454545454545,9406.0,8312.0,0.09406,10,8,0.8,16.0,5.796550698475776,0.362284418654736,8,0.10751831107281344,4.935147778014033,32.420508401551054,4.505946395985194,2012-03-05 17:30:00,2021-05-24 12:30:00,RHL,6,80,80,1,40,46,46,6,2,1,4,4000,5000,48,93,33758.0,116303.0,82545.0,1.4089648070749288,0.5698924731182796,362.98924731182797,2194.396226415094,-2063.625,31536.0,29280.0,0.31536,5,4,0.8,18.6,6.887670143089026,0.3703048464026358,7,0.14784643640026068,1.070459157787925,86.87860655252088,3.0788874366269723,True,False,False
160,44095.0,85947.0,41852.0,2.053593615597821,0.66875,275.59375,803.2429906542056,-789.6603773584906,8537.0,7755.0,0.08537,10,9,0.9,16.0,5.796550698475776,0.362284418654736,8,0.03381335752352874,5.165163406348834,30.976754734096836,4.492830953833694,2012-03-05 17:30:00,2021-05-24 09:30:00,RHL,6,80,80,1,40,46,46,6,2,1,4,2500,1500,48,93,22243.0,77885.0,55642.0,1.3997519859099241,0.6451612903225806,239.1720430107527,1298.0833333333333,-1686.121212121212,15881.0,13625.0,0.15881,5,4,0.8,18.6,6.887670143089026,0.3703048464026358,7,0.06703232477633413,1.4006044959385429,66.39990109247853,2.8587412286415272,True,False,False
245,55845.0,107024.0,51179.0,2.091170206530022,0.6285714285714286,227.9387755102041,694.961038961039,-562.4065934065934,5847.0,4518.0,0.05847,10,8,0.8,24.5,7.8390050389064045,0.31995938934311857,10,0.04460560479899722,9.551051821446896,25.651625033575073,4.49008971578217,2012-01-23 18:15:00,2021-05-27 23:00:00,RHL,6,5,80,1,53,32,1,33,2,1,4,2250,2500,0,72,-24488.0,51569.0,76057.0,0.678030950471357,0.4722222222222222,-340.1111111111111,1516.735294117647,-2001.5,31675.0,29470.0,0.31675,5,1,0.2,14.4,5.4258639865002145,0.376796110173626,7,0.0,0.0,0.0,0.0,False,False,False
160,45155.0,85947.0,40792.0,2.1069572465189252,0.66875,282.21875,803.2429906542056,-769.6603773584906,8977.0,8195.0,0.08977,10,9,0.9,16.0,5.796550698475776,0.362284418654736,8,0.03301959915845421,5.030076863094575,31.808659063226663,4.486664609439287,2012-03-05 17:30:00,2021-05-24 09:30:00,RHL,6,80,80,1,40,46,46,6,2,1,4,2250,1500,48,93,20313.0,77885.0,57572.0,1.3528277634961439,0.6451612903225806,218.41935483870967,1298.0833333333333,-1744.6060606060605,14131.0,11875.0,0.14131,5,4,0.8,18.6,6.887670143089026,0.3703048464026358,7,0.0734012701225816,1.4374778854999646,64.69664746713927,2.7676299802503443,True,False,False
160,44385.0,76042.0,31657.0,2.4020595760811196,0.6375,277.40625,745.5098039215686,-545.8103448275862,8689.0,8020.0,0.08689,10,9,0.9,16.0,5.796550698475776,0.362284418654736,8,0.1126732004055424,5.108182759811256,31.322293567646728,4.482648623369891,2012-03-05 17:30:00,2021-05-24 06:30:00,RHL,6,80,80,1,40,46,46,6,2,1,4,2500,0,24,93,33438.0,91146.0,57708.0,1.5794343938448743,0.5483870967741935,359.5483870967742,1787.1764705882354,-1374.0,20046.0,18940.0,0.20046,5,4,0.8,18.6,6.887670143089026,0.3703048464026358,7,0.16556014115676776,1.668063454055672,55.7532747173874,3.825135610239238,True,False,False
160,44375.0,76032.0,31657.0,2.4017436901791074,0.6375,277.34375,745.4117647058823,-545.8103448275862,8689.0,8020.0,0.08689,10,9,0.9,16.0,5.796550698475776,0.362284418654736,8,0.11247323943661972,5.107031879387732,31.329352112676055,4.481638676625863,2012-03-05 17:30:00,2021-05-24 06:30:00,RHL,6,80,80,1,40,46,46,6,2,1,4,2500,5000,24,93,33023.0,90731.0,57708.0,1.5722430165661607,0.5483870967741935,355.0860215053763,1779.0392156862745,-1374.0,20046.0,18940.0,0.20046,5,4,0.8,18.6,6.887670143089026,0.3703048464026358,7,0.15113708627320352,1.6473610695400578,56.45392605153984,3.777661739844798,True,False,False
160,41875.0,83846.0,41971.0,1.997712706392509,0.6,261.71875,873.3958333333334,-655.796875,7788.0,7465.0,0.07788,10,9,0.9,16.0,5.796550698475776,0.362284418654736,8,0.07142686567164179,5.376861838726246,29.75713432835821,4.4670953300712215,2012-03-05 17:30:00,2021-05-24 12:30:00,RHL,6,80,80,1,40,46,46,6,2,1,4,1000,3000,48,93,10228.0,70917.0,60689.0,1.168531364827234,0.34408602150537637,109.97849462365592,2216.15625,-994.9016393442623,13485.0,12965.0,0.13485,5,4,0.8,18.6,6.887670143089026,0.3703048464026358,7,0.2924325381306218,0.7584723767148683,122.61488071959327,1.4265455720605522,False,False,False
160,46975.0,96545.0,49570.0,1.9476497881783337,0.65625,293.59375,919.4761904761905,-901.2727272727273,9849.0,8040.0,0.09849,10,9,0.9,16.0,5.796550698475776,0.362284418654736,8,0.09560404470463012,4.769519748197786,33.54635444385311,4.456091419313272,2012-03-05 17:30:00,2021-05-24 12:30:00,RHL,6,80,80,1,40,46,46,6,2,1,4,5000,4500,48,93,20648.0,113198.0,92550.0,1.223101026472177,0.5698924731182796,222.0215053763441,2135.811320754717,-2313.75,36981.0,34725.0,0.36981,5,4,0.8,18.6,6.887670143089026,0.3703048464026358,7,0.21750290585044557,0.5583407695843812,166.56494575745833,1.7390380014234457,True,False,False
160,46905.0,96475.0,49570.0,1.9462376437361306,0.65625,293.15625,918.8095238095239,-901.2727272727273,9849.0,8040.0,0.09849,10,9,0.9,16.0,5.796550698475776,0.362284418654736,8,0.13156379916853214,4.7624124276576305,33.59641829229293,4.44945115535687,2012-03-05 17:30:00,2021-05-24 12:30:00,RHL,6,80,80,1,40,46,46,6,2,1,4,5000,0,48,93,4198.0,99412.0,95214.0,1.0440901548091668,0.5591397849462365,45.13978494623656,1911.7692307692307,-2322.2926829268295,36981.0,34853.0,0.36981,5,3,0.6,18.6,6.887670143089026,0.3703048464026358,7,1.3187232015245356,0.11351775235931966,819.2551214864221,0.35356845844515805,False,False,False
160,44850.0,84456.0,39606.0,2.132404181184669,0.6625,280.3125,796.7547169811321,-733.4444444444445,9032.0,8250.0,0.09032,10,9,0.9,16.0,5.796550698475776,0.362284418654736,8,0.03324414715719064,4.965677590788308,32.22118171683389,4.442770248813705,2012-03-05 17:30:00,2021-05-24 09:30:00,RHL,6,80,80,1,40,46,46,6,2,1,4,1750,1500,48,93,22103.0,76358.0,54255.0,1.407391023868768,0.6236559139784946,237.66666666666666,1316.5172413793102,-1550.142857142857,10345.0,9825.0,0.10345,5,4,0.8,18.6,6.887670143089026,0.3703048464026358,7,0.06745690630231191,2.136587723537941,43.527349228611506,3.5197059497289875,True,True,True
160,46725.0,96295.0,49570.0,1.942606415170466,0.65625,292.03125,917.0952380952381,-901.2727272727273,9849.0,8040.0,0.09849,10,9,0.9,16.0,5.796550698475776,0.362284418654736,8,0.1282182985553772,4.744136460554371,33.725842696629215,4.432376190897554,2012-03-05 17:30:00,2021-05-24 12:30:00,RHL,6,80,80,1,40,46,46,6,2,1,4,5000,6000,48,93,10838.0,106052.0,95214.0,1.1138277984330036,0.5591397849462365,116.53763440860214,2039.4615384615386,-2322.2926829268295,36981.0,34853.0,0.36981,5,3,0.6,18.6,6.887670143089026,0.3703048464026358,7,0.5527772651780771,0.2930694140234174,317.3309651227164,0.9128096599877615,False,False,False
160,43875.0,75532.0,31657.0,2.3859493950784976,0.6375,274.21875,740.5098039215686,-545.8103448275862,8689.0,8020.0,0.08689,10,9,0.9,16.0,5.796550698475776,0.362284418654736,8,0.10235897435897436,5.049487858211532,31.686381766381768,4.431141339424444,2012-03-05 17:30:00,2021-05-24 06:30:00,RHL,6,80,80,1,40,46,46,6,2,1,4,2500,4500,24,93,32768.0,90476.0,57708.0,1.5678242184792404,0.5483870967741935,352.3440860215054,1774.0392156862745,-1374.0,20046.0,18940.0,0.20046,5,4,0.8,18.6,6.887670143089026,0.3703048464026358,7,0.137054443359375,1.634640327247331,56.89324951171874,3.7484910483976126,True,False,False
160,45120.0,86980.0,41860.0,2.0778786430960343,0.65625,282.0,828.3809523809524,-761.0909090909091,9198.0,8464.0,0.09198,10,9,0.9,16.0,5.796550698475776,0.362284418654736,8,0.04412677304964539,4.905414220482713,32.61702127659574,4.4290008167189185,2012-03-05 17:30:00,2021-05-24 09:45:00,RHL,6,80,80,1,40,46,46,6,2,1,4,2000,2000,48,93,32423.0,93926.0,61503.0,1.5271775360551518,0.6021505376344086,348.63440860215053,1677.25,-1662.2432432432433,15162.0,14440.0,0.15162,5,4,0.8,18.6,6.887670143089026,0.3703048464026358,7,0.06140702587669247,2.1384382007650706,43.489683249545074,4.264767463743487,True,True,True
160,48955.0,103581.0,54626.0,1.8961849668655952,0.6625,305.96875,977.1792452830189,-1011.5925925925926,10851.0,10018.0,0.10851,10,8,0.8,16.0,5.796550698475776,0.362284418654736,8,0.0406700030640384,4.511565754308359,35.46440608722296,4.424309958419665,2012-03-05 17:30:00,2021-05-24 09:45:00,RHL,6,80,80,1,40,46,46,6,2,1,4,5000,2000,0,93,-9197.0,106790.0,115987.0,0.9207066309155336,0.6451612903225806,-98.89247311827957,1779.8333333333333,-3514.757575757576,42670.0,39186.0,0.4267,5,3,0.6,18.6,6.887670143089026,0.3703048464026358,7,0.0,0.0,0.0,0.0,False,False,False
160,45420.0,96545.0,51125.0,1.8884107579462102,0.65625,283.875,919.4761904761905,-929.5454545454545,9406.0,8312.0,0.09406,10,8,0.8,16.0,5.796550698475776,0.362284418654736,8,0.0988771466314399,4.828832660004252,33.134302069572875,4.408877322396542,2012-03-05 17:30:00,2021-05-24 12:30:00,RHL,6,80,80,1,40,46,46,6,2,1,4,4000,4500,48,93,30653.0,113198.0,82545.0,1.3713489611726937,0.5698924731182796,329.60215053763443,2135.811320754717,-2063.625,31536.0,29280.0,0.31536,5,4,0.8,18.6,6.887670143089026,0.3703048464026358,7,0.14651094509509674,0.9720002536783359,95.67898737480833,2.795696919098483,True,False,False
160,45350.0,96475.0,51125.0,1.887041564792176,0.65625,283.4375,918.8095238095239,-929.5454545454545,9406.0,8312.0,0.09406,10,8,0.8,16.0,5.796550698475776,0.362284418654736,8,0.13607497243660419,4.821390601743568,33.185446527012125,4.402082487245337,2012-03-05 17:30:00,2021-05-24 12:30:00,RHL,6,80,80,1,40,46,46,6,2,1,4,4000,0,48,93,12858.0,99412.0,86554.0,1.1485546595189131,0.5591397849462365,138.25806451612902,1911.7692307692307,-2111.0731707317073,31536.0,29408.0,0.31536,5,3,0.6,18.6,6.887670143089026,0.3703048464026358,7,0.43054907450614405,0.4077245053272451,228.09519365375644,1.172709717997204,False,False,False
160,42245.0,87644.0,45399.0,1.9305271041212362,0.525,264.03125,1043.3809523809523,-597.3552631578947,8199.0,7795.0,0.08199,10,9,0.9,16.0,5.796550698475776,0.362284418654736,8,0.11814415907207954,5.1524576167825344,31.05314238371405,4.392160918375614,2012-03-05 17:30:00,2021-05-24 16:30:00,RHL,6,80,80,1,40,46,46,6,2,1,4,750,5000,0,93,10378.0,61635.0,51257.0,1.2024699065493494,0.26881720430107525,111.59139784946237,2465.4,-753.7794117647059,13246.0,12501.0,0.13246,5,4,0.8,18.6,6.887670143089026,0.3703048464026358,7,0.4809211794179996,0.7834818058281745,118.70090576218925,1.460466827838278,False,False,False
245,50645.0,100177.0,49532.0,2.0224703222159413,0.6204081632653061,206.71428571428572,659.0592105263158,-532.6021505376344,5036.0,3711.0,0.05036,10,8,0.8,24.5,7.8390050389064045,0.31995938934311857,10,0.03931286405370718,10.05659253375695,24.36212854181064,4.387639979530147,2012-01-23 18:15:00,2021-05-27 23:00:00,RHL,6,5,80,1,53,32,1,33,2,1,4,1250,2000,0,72,-19328.0,39184.0,58512.0,0.6696745966639321,0.3333333333333333,-268.44444444444446,1632.6666666666667,-1219.0,20619.0,19979.0,0.20619,5,0,0.0,14.4,5.4258639865002145,0.376796110173626,7,0.0,0.0,0.0,0.0,False,False,False
160,45170.0,96295.0,51125.0,1.883520782396088,0.65625,282.3125,917.0952380952381,-929.5454545454545,9406.0,8312.0,0.09406,10,8,0.8,16.0,5.796550698475776,0.362284418654736,8,0.13263227806065972,4.802253880501808,33.31768873145893,4.3846100539993795,2012-03-05 17:30:00,2021-05-24 12:30:00,RHL,6,80,80,1,40,46,46,6,2,1,4,4000,6000,48,93,19498.0,106052.0,86554.0,1.2252697737828409,0.5591397849462365,209.65591397849462,2039.4615384615386,-2111.0731707317073,31536.0,29408.0,0.31536,5,3,0.6,18.6,6.887670143089026,0.3703048464026358,7,0.30726228331110883,0.6182775240994419,150.41788901425787,1.7783087635331687,True,False,False
160,43385.0,76042.0,32657.0,2.3285053740392567,0.6375,271.15625,745.5098039215686,-563.051724137931,8689.0,8020.0,0.08689,10,9,0.9,16.0,5.796550698475776,0.362284418654736,8,0.11527025469632361,4.993094717458856,32.04425492681803,4.381653948967054,2012-03-05 17:30:00,2021-05-24 06:30:00,RHL,6,80,80,1,40,46,46,6,2,1,4,3000,0,24,93,32453.0,91146.0,58693.0,1.5529279471146473,0.5483870967741935,348.9569892473118,1787.1764705882354,-1397.452380952381,21661.0,20555.0,0.21661,5,4,0.8,18.6,6.887670143089026,0.3703048464026358,7,0.17058515391489232,1.4982226120677715,62.0735525221089,3.5713795271251505,True,False,False
160,43375.0,75032.0,31657.0,2.370155099977888,0.6375,271.09375,735.6078431372549,-545.8103448275862,8689.0,8020.0,0.08689,10,9,0.9,16.0,5.796550698475776,0.362284418654736,8,0.0920115273775216,4.991943837035332,32.05164265129683,4.380644002223026,2012-03-05 17:30:00,2021-05-24 06:30:00,RHL,6,80,80,1,40,46,46,6,2,1,4,2500,4000,24,93,32073.0,89781.0,57708.0,1.5557808276148888,0.5483870967741935,344.8709677419355,1760.4117647058824,-1374.0,20046.0,18940.0,0.20046,5,4,0.8,18.6,6.887670143089026,0.3703048464026358,7,0.12443488292333114,1.5999700688416643,58.12608736320269,3.6689866148454775,True,False,False
160,35660.0,72705.0,37045.0,1.9626130381967877,0.59375,222.875,765.3157894736842,-569.9230769230769,5873.0,5230.0,0.05873,10,9,0.9,16.0,5.796550698475776,0.362284418654736,8,0.04181155356141335,6.071854248254725,26.351093662366797,4.380611212464533,2012-03-05 17:30:00,2021-05-24 09:30:00,RHL,6,80,80,1,40,46,46,6,2,1,4,750,1500,48,93,6648.0,49556.0,42908.0,1.1549361424442994,0.3870967741935484,71.48387096774194,1376.5555555555557,-752.7719298245614,6968.0,6309.0,0.06968,5,4,0.8,18.6,6.887670143089026,0.3703048464026358,7,0.22427797833935018,0.9540757749712974,97.47653429602887,1.2899038704569492,False,False,False
245,50445.0,98634.0,48189.0,2.0468156633256553,0.6285714285714286,205.89795918367346,640.4805194805194,-529.5494505494505,5036.0,3711.0,0.05036,10,8,0.8,24.5,7.8390050389064045,0.31995938934311857,10,0.029556943205471305,10.016878474980142,24.458717415006443,4.370312938442062,2012-01-23 18:15:00,2021-05-27 23:00:00,RHL,6,5,80,1,53,32,1,33,2,1,4,1250,1500,0,72,-17178.0,36298.0,53476.0,0.6787717854738574,0.3888888888888889,-238.58333333333334,1296.357142857143,-1215.3636363636363,17850.0,16829.0,0.1785,5,1,0.2,14.4,5.4258639865002145,0.376796110173626,7,0.0,0.0,0.0,0.0,False,False,False
387,92567.0,182463.0,89896.0,2.029712111773605,0.627906976744186,239.19121447028425,750.8765432098766,-624.2777777777778,6797.0,5715.0,0.06797,10,8,0.8,38.7,12.466354719804825,0.32212802893552517,15,0.05975131526353884,13.61880241282919,28.41659554700919,4.370085597223067,2012-01-23 18:15:00,2021-05-31 19:00:00,RHL,7,5,80,1,55,32,1,33,2,1,4,5000,0,0,110,-47805.0,103187.0,150992.0,0.683393822189255,0.4727272727272727,-434.59090909090907,1984.3653846153845,-2603.310344827586,58325.0,55469.0,0.58325,5,1,0.2,22.0,10.019980039900279,0.4554536381772854,8,0.0,0.0,0.0,0.0,False,False,False
160,34645.0,72743.0,38098.0,1.9093653210142265,0.58125,216.53125,782.1827956989247,-568.6268656716418,5585.0,5325.0,0.05585,10,9,0.9,16.0,5.796550698475776,0.362284418654736,8,0.05746861018906047,6.2032229185317815,25.79304372925386,4.364277417651748,2012-03-05 17:30:00,2021-05-24 09:45:00,RHL,6,80,80,1,40,46,46,6,2,1,4,750,2000,48,93,15668.0,60094.0,44426.0,1.3526763606896863,0.3655913978494624,168.4731182795699,1767.4705882352941,-752.9830508474577,8228.0,7039.0,0.08228,5,5,1.0,18.6,6.887670143089026,0.3703048464026358,7,0.12707429154965535,1.904229460379193,48.8386520296145,2.7976077827505974,True,False,False
160,43195.0,74852.0,31657.0,2.3644691537416684,0.6375,269.96875,733.843137254902,-545.8103448275862,8689.0,8020.0,0.08689,10,9,0.9,16.0,5.796550698475776,0.362284418654736,8,0.06924412547748582,4.9712279894119,32.18520662113671,4.362464960830516,2012-03-05 17:30:00,2021-05-24 06:30:00,RHL,6,80,80,1,40,46,46,6,2,1,4,2500,3000,24,93,28368.0,86076.0,57708.0,1.4915782907049282,0.5483870967741935,305.03225806451616,1687.764705882353,-1374.0,20046.0,18940.0,0.20046,5,4,0.8,18.6,6.887670143089026,0.3703048464026358,7,0.10543570219966159,1.4151451661179288,65.71763959390863,3.2451536273481283,True,False,False
160,45975.0,95545.0,49570.0,1.927476296146863,0.65625,287.34375,909.952380952381,-901.2727272727273,9849.0,8040.0,0.09849,10,9,0.9,16.0,5.796550698475776,0.362284418654736,8,0.08680804785209353,4.667986597624124,34.276019575856445,4.361230505650402,2012-03-05 17:30:00,2021-05-24 12:30:00,RHL,6,80,80,1,40,46,46,6,2,1,4,5000,4000,48,93,17843.0,110393.0,92550.0,1.1927930848190167,0.5698924731182796,191.86021505376345,2082.8867924528304,-2313.75,36981.0,34725.0,0.36981,5,4,0.8,18.6,6.887670143089026,0.3703048464026358,7,0.2236731491341142,0.48249100889646035,192.74970576696742,1.502792283000704,True,False,False
160,45885.0,95455.0,49570.0,1.9256606818640307,0.65625,286.78125,909.0952380952381,-901.2727272727273,9849.0,8040.0,0.09849,10,9,0.9,16.0,5.796550698475776,0.362284418654736,8,0.06518470088264139,4.658848614072495,34.34324942791762,4.352693023420745,2012-03-05 17:30:00,2021-05-24 12:30:00,RHL,6,80,80,1,40,46,46,6,2,1,4,5000,3000,48,93,15623.0,108173.0,92550.0,1.1688060507833604,0.5698924731182796,167.98924731182797,2041.0,-2313.75,36981.0,34725.0,0.36981,5,4,0.8,18.6,6.887670143089026,0.3703048464026358,7,0.19144850540869232,0.42246018225575294,220.13908980349484,1.3158170620030263,True,False,False
245,51980.0,103289.0,51309.0,2.01307762770664,0.6285714285714286,212.16326530612244,670.7077922077922,-563.8351648351648,5403.0,4249.0,0.05403,10,8,0.8,24.5,7.8390050389064045,0.31995938934311857,10,0.038303193535975374,9.620581158615584,25.466237014236246,4.347664886141475,2012-01-23 18:15:00,2021-05-27 23:00:00,RHL,6,5,80,1,53,32,1,33,2,1,4,2500,2000,0,72,-12763.0,56530.0,69293.0,0.8158111208924422,0.5555555555555556,-177.26388888888889,1413.25,-2165.40625,20439.0,19694.0,0.20439,5,1,0.2,14.4,5.4258639865002145,0.376796110173626,7,0.0,0.0,0.0,0.0,False,False,False
160,43635.0,86980.0,43345.0,2.0066905064021223,0.65625,272.71875,828.3809523809524,-788.0909090909091,8933.0,8199.0,0.08933,10,9,0.9,16.0,5.796550698475776,0.362284418654736,8,0.04562850922424659,4.8846971901936636,32.755356938237654,4.346299854503536,2012-03-05 17:30:00,2021-05-24 09:45:00,RHL,6,80,80,1,40,46,46,6,2,1,4,2250,2000,48,93,31498.0,93962.0,62464.0,1.5042584528688525,0.6129032258064516,338.68817204301075,1648.4561403508771,-1735.111111111111,16881.0,14625.0,0.16881,5,4,0.8,18.6,6.887670143089026,0.3703048464026358,7,0.06321036256270239,1.865884722469048,49.842307448091944,3.9264882289722,True,False,False
160,42875.0,75532.0,32657.0,2.3128885078237436,0.6375,267.96875,740.5098039215686,-563.051724137931,8689.0,8020.0,0.08689,10,9,0.9,16.0,5.796550698475776,0.362284418654736,8,0.1047463556851312,4.934399815859132,32.42542274052478,4.3301466650216085,2012-03-05 17:30:00,2021-05-24 06:30:00,RHL,6,80,80,1,40,46,46,6,2,1,4,3000,4500,24,93,31783.0,90476.0,58693.0,1.5415126164960047,0.5483870967741935,341.752688172043,1774.0392156862745,-1397.452380952381,21661.0,20555.0,0.21661,5,4,0.8,18.6,6.887670143089026,0.3703048464026358,7,0.1413019538747129,1.467291445454965,63.382091054966494,3.497647536764511,True,False,False
160,42325.0,86980.0,44655.0,1.9478221923636772,0.65625,264.53125,828.3809523809524,-811.9090909090909,8493.0,7759.0,0.08493,10,9,0.9,16.0,5.796550698475776,0.362284418654736,8,0.0470407560543414,4.983515836571294,32.10584760779681,4.323642495891845,2012-03-05 17:30:00,2021-05-24 09:45:00,RHL,6,80,80,1,40,46,46,6,2,1,4,2500,2000,48,93,32928.0,93962.0,61034.0,1.5395025723367304,0.6129032258064516,354.06451612903226,1648.4561403508771,-1695.388888888889,18881.0,16625.0,0.18881,5,4,0.8,18.6,6.887670143089026,0.3703048464026358,7,0.06046525753158406,1.743975425030454,53.32643950437318,3.8812647062278063,True,False,False
160,44420.0,95545.0,51125.0,1.8688508557457213,0.65625,277.625,909.952380952381,-929.5454545454545,9406.0,8312.0,0.09406,10,8,0.8,16.0,5.796550698475776,0.362284418654736,8,0.08984691580369203,4.722517541994471,33.88023412877082,4.311808248807891,2012-03-05 17:30:00,2021-05-24 12:30:00,RHL,6,80,80,1,40,46,46,6,2,1,4,4000,4000,48,93,27848.0,110393.0,82545.0,1.3373674965170512,0.5698924731182796,299.44086021505376,2082.8867924528304,-2063.625,31536.0,29280.0,0.31536,5,4,0.8,18.6,6.887670143089026,0.3703048464026358,7,0.14331370295891985,0.8830542871638762,105.31628842286699,2.539867804229751,True,False,False
160,43380.0,90470.0,47090.0,1.9212146952643874,0.65625,271.125,861.6190476190476,-856.1818181818181,8993.0,8259.0,0.08993,10,9,0.9,16.0,5.796550698475776,0.362284418654736,8,0.057422775472568,4.82375180696097,33.16920239741817,4.306462035777799,2012-03-05 17:30:00,2021-05-24 12:00:00,RHL,6,80,80,1,40,46,46,6,2,1,4,3000,2500,48,93,36688.0,103965.0,67277.0,1.5453275264949389,0.5913978494623656,394.494623655914,1890.2727272727273,-1770.4473684210527,24536.0,22280.0,0.24536,5,4,0.8,18.6,6.887670143089026,0.3703048464026358,7,0.06789686000872219,1.4952722530159765,62.196031399912776,3.7935216067253323,True,False,False
160,41415.0,86814.0,45399.0,1.9122447631005088,0.525,258.84375,1033.5,-597.3552631578947,8199.0,7795.0,0.08199,10,9,0.9,16.0,5.796550698475776,0.362284418654736,8,0.14465773270554147,5.051225759238932,31.67547989858747,4.305866834762128,2012-03-05 17:30:00,2021-05-24 20:30:00,RHL,6,80,80,1,40,46,46,6,2,1,4,750,6000,0,93,4483.0,55740.0,51257.0,1.0874612248083189,0.26881720430107525,48.204301075268816,2229.6,-753.7794117647059,17660.0,16975.0,0.1766,5,4,0.8,18.6,6.887670143089026,0.3703048464026358,7,1.3363818871291546,0.2538505096262741,366.35734998884675,0.5463787438711921,False,False,False
160,44330.0,95455.0,51125.0,1.8670904645476774,0.65625,277.0625,909.0952380952381,-929.5454545454545,9406.0,8312.0,0.09406,10,9,0.9,16.0,5.796550698475776,0.362284418654736,8,0.06747123843898037,4.712949181373592,33.94901872321227,4.303072032184913,2012-03-05 17:30:00,2021-05-24 12:30:00,RHL,6,80,80,1,40,46,46,6,2,1,4,4000,3000,48,93,25628.0,108173.0,82545.0,1.3104730752922649,0.5698924731182796,275.5698924731183,2041.0,-2063.625,31536.0,29280.0,0.31536,5,4,0.8,18.6,6.887670143089026,0.3703048464026358,7,0.11670828781020759,0.8126585489599188,114.43920711721555,2.3373934245475456,True,False,False
245,51590.0,101246.0,49656.0,2.0389479619784114,0.636734693877551,210.57142857142858,649.0128205128206,-557.9325842696629,5434.0,4249.0,0.05434,10,8,0.8,24.5,7.8390050389064045,0.31995938934311857,10,0.028900949796472186,9.493927125506072,25.80597014925373,4.302718968628512,2012-01-23 18:15:00,2021-05-27 23:00:00,RHL,6,5,80,1,53,32,1,33,2,1,4,2500,1500,0,72,-13313.0,53337.0,66650.0,0.8002550637659415,0.5833333333333334,-184.90277777777777,1269.9285714285713,-2221.6666666666665,18771.0,17786.0,0.18771,5,2,0.4,14.4,5.4258639865002145,0.376796110173626,7,0.0,0.0,0.0,0.0,False,False,False
160,42375.0,75032.0,32657.0,2.2975778546712804,0.6375,264.84375,735.6078431372549,-563.051724137931,8689.0,8020.0,0.08689,10,9,0.9,16.0,5.796550698475776,0.362284418654736,8,0.09418289085545722,4.876855794682933,32.80802359882006,4.27964932782019,2012-03-05 17:30:00,2021-05-24 06:30:00,RHL,6,80,80,1,40,46,46,6,2,1,4,3000,4000,24,93,31088.0,89781.0,58693.0,1.5296713407050244,0.5483870967741935,334.2795698924731,1760.4117647058824,-1397.452380952381,21661.0,20555.0,0.21661,5,4,0.8,18.6,6.887670143089026,0.3703048464026358,7,0.12837750900669068,1.435206130834218,64.79905429747814,3.421164352733697,True,False,False
160,42195.0,74852.0,32657.0,2.2920660195363936,0.6375,263.71875,733.843137254902,-563.051724137931,8689.0,8020.0,0.08689,10,9,0.9,16.0,5.796550698475776,0.362284418654736,8,0.07088517596871667,4.856139947059501,32.947979618438204,4.26147028642768,2012-03-05 17:30:00,2021-05-24 06:30:00,RHL,6,80,80,1,40,46,46,6,2,1,4,3000,3000,24,93,27383.0,86076.0,58693.0,1.4665462661646194,0.5483870967741935,294.44086021505376,1687.764705882353,-1397.452380952381,21661.0,20555.0,0.21661,5,4,0.8,18.6,6.887670143089026,0.3703048464026358,7,0.1092283533579228,1.2641613960574305,73.56655589234197,3.0134374508140387,True,False,False
160,40955.0,86354.0,45399.0,1.9021123813299852,0.525,255.96875,1028.0238095238096,-597.3552631578947,8199.0,7795.0,0.08199,10,9,0.9,16.0,5.796550698475776,0.362284418654736,8,0.13505066536442437,4.995121356262959,32.031253815162984,4.258041198060677,2012-03-05 17:30:00,2021-05-24 23:00:00,RHL,6,80,80,1,40,46,46,6,2,1,4,750,0,0,93,4563.0,55820.0,51257.0,1.0890219872407672,0.26881720430107525,49.064516129032256,2232.8,-753.7794117647059,17660.0,16975.0,0.1766,5,4,0.8,18.6,6.887670143089026,0.3703048464026358,7,1.3304843304843306,0.2583805209513024,359.93425378040763,0.5561289779799797,False,False,False
245,51720.0,101246.0,49526.0,2.0442999636554537,0.636734693877551,211.10204081632654,649.0128205128206,-556.4719101123595,5628.0,4553.0,0.05628,10,8,0.8,24.5,7.8390050389064045,0.31995938934311857,10,0.02882830626450116,9.189765458422174,26.660092807424594,4.238563970523044,2012-01-23 18:15:00,2021-05-27 23:00:00,RHL,6,5,80,1,53,32,1,33,2,1,4,2250,1500,0,72,-14563.0,50355.0,64918.0,0.7756708462984072,0.5555555555555556,-202.26388888888889,1258.875,-2028.6875,20021.0,19036.0,0.20021,5,1,0.2,14.4,5.4258639865002145,0.376796110173626,7,0.0,0.0,0.0,0.0,False,False,False
160,40745.0,86144.0,45399.0,1.8974867287825723,0.525,254.65625,1025.5238095238096,-597.3552631578947,8199.0,7795.0,0.08199,10,9,0.9,16.0,5.796550698475776,0.362284418654736,8,0.1102221131427169,4.969508476643493,32.196343109584,4.236207755218711,2012-03-05 17:30:00,2021-05-24 16:15:00,RHL,6,80,80,1,40,46,46,6,2,1,4,750,4500,0,93,8943.0,60200.0,51257.0,1.174473730417309,0.26881720430107525,96.16129032258064,2408.0,-753.7794117647059,13246.0,12501.0,0.13246,5,3,0.6,18.6,6.887670143089026,0.3703048464026358,7,0.502180476350218,0.6751472142533596,137.7477356591748,1.2585233032720868,False,False,False
160,41935.0,76042.0,34107.0,2.229513003195825,0.6375,262.09375,745.5098039215686,-588.051724137931,8689.0,8020.0,0.08689,10,9,0.9,16.0,5.796550698475776,0.362284418654736,8,0.11925599141528556,4.826217056047876,33.15225944914749,4.235211671082942,2012-03-05 17:30:00,2021-05-24 06:30:00,RHL,6,80,80,1,40,46,46,6,2,1,4,4000,0,24,93,24438.0,91146.0,66708.0,1.3663428674221982,0.5483870967741935,262.7741935483871,1787.1764705882354,-1588.2857142857142,27661.0,26555.0,0.27661,5,4,0.8,18.6,6.887670143089026,0.3703048464026358,7,0.2265324494639496,0.8834821589964209,105.26528357476063,2.3798639382604145,True,False,False
160,41925.0,76032.0,34107.0,2.2292198082505057,0.6375,262.03125,745.4117647058823,-588.051724137931,8689.0,8020.0,0.08689,10,9,0.9,16.0,5.796550698475776,0.362284418654736,8,0.1190459153249851,4.825066175624353,33.160166964818124,4.234201724338914,2012-03-05 17:30:00,2021-05-24 06:30:00,RHL,6,80,80,1,40,46,46,6,2,1,4,4000,5000,24,93,24023.0,90731.0,66708.0,1.3601217245307908,0.5483870967741935,258.31182795698925,1779.0392156862745,-1588.2857142857142,27661.0,26555.0,0.27661,5,4,0.8,18.6,6.887670143089026,0.3703048464026358,7,0.20775923073721017,0.8684790860778714,107.0837530699746,2.339449684459855,True,False,False
160,42000.0,89807.0,47807.0,1.878532432488966,0.575,262.5,976.1630434782609,-703.0441176470588,8774.0,6054.0,0.08774,10,9,0.9,16.0,5.796550698475776,0.362284418654736,8,0.05930952380952381,4.786870298609528,33.42476190476191,4.2211797628103955,2012-03-05 17:30:00,2021-05-24 12:00:00,RHL,6,80,80,1,40,46,46,6,2,1,4,1000,2500,0,93,15438.0,74364.0,58926.0,1.2619896140922513,0.3655913978494624,166.0,2187.176470588235,-998.7457627118644,13485.0,12965.0,0.13485,5,4,0.8,18.6,6.887670143089026,0.3703048464026358,7,0.16135509781059723,1.1448275862068966,81.23493975903614,2.1532079137143927,True,False,False
160,42890.0,84456.0,41566.0,2.031852956743492,0.6625,268.0625,796.7547169811321,-769.7407407407408,9242.0,8460.0,0.09242,10,9,0.9,16.0,5.796550698475776,0.362284418654736,8,0.03476334809979016,4.640770396018178,34.477034273723476,4.20006910622651,2012-03-05 17:30:00,2021-05-24 09:30:00,RHL,6,80,80,1,40,46,46,6,2,1,4,2000,1500,48,93,20738.0,77849.0,57111.0,1.3631174379716693,0.6344086021505376,222.98924731182797,1319.4745762711864,-1679.735294117647,12345.0,11825.0,0.12345,5,4,0.8,18.6,6.887670143089026,0.3703048464026358,7,0.07189700067508921,1.6798703928716079,55.361413829684636,3.0230249330009706,True,False,False
245,52110.0,103289.0,51179.0,2.0181910549248716,0.6285714285714286,212.69387755102042,670.7077922077922,-562.4065934065934,5847.0,4518.0,0.05847,10,8,0.8,24.5,7.8390050389064045,0.31995938934311857,10,0.03820763768950297,8.912262698819907,27.490213010938398,4.189785568795933,2012-01-23 18:15:00,2021-05-27 23:00:00,RHL,6,5,80,1,53,32,1,33,2,1,4,2250,2000,0,72,-17868.0,51702.0,69570.0,0.7431651573954291,0.5138888888888888,-248.16666666666666,1397.3513513513512,-1987.7142857142858,26161.0,24019.0,0.26161,5,1,0.2,14.4,5.4258639865002145,0.376796110173626,7,0.0,0.0,0.0,0.0,False,False,False
160,42570.0,76042.0,33472.0,2.271809273422562,0.6375,266.0625,745.5098039215686,-577.1034482758621,9174.0,8505.0,0.09174,10,9,0.9,16.0,5.796550698475776,0.362284418654736,8,0.11747709654686399,4.640287769784172,34.48062015503876,4.184153939315553,2012-03-05 17:30:00,2021-05-24 06:30:00,RHL,6,80,80,1,40,46,46,6,2,1,4,1750,0,24,93,35848.0,87400.0,51552.0,1.6953755431409063,0.5376344086021505,385.4623655913978,1748.0,-1198.8837209302326,14510.0,13990.0,0.1451,5,4,0.8,18.6,6.887670143089026,0.3703048464026358,7,0.15442981477348805,2.4705720192970366,37.64310421780853,4.820050970644116,True,True,True
160,41425.0,75532.0,34107.0,2.2145600609845486,0.6375,258.90625,740.5098039215686,-588.051724137931,8689.0,8020.0,0.08689,10,9,0.9,16.0,5.796550698475776,0.362284418654736,8,0.1084127942063971,4.7675221544481525,33.56041038020519,4.183704387137496,2012-03-05 17:30:00,2021-05-24 06:30:00,RHL,6,80,80,1,40,46,46,6,2,1,4,4000,4500,24,93,23768.0,90476.0,66708.0,1.356299094561372,0.5483870967741935,255.56989247311827,1774.0392156862745,-1588.2857142857142,27661.0,26555.0,0.27661,5,4,0.8,18.6,6.887670143089026,0.3703048464026358,7,0.18895153147088523,0.8592603304291241,108.23262369572535,2.3146168297149328,True,False,False
160,42560.0,76032.0,33472.0,2.27151051625239,0.6375,266.0,745.4117647058823,-577.1034482758621,9174.0,8505.0,0.09174,10,9,0.9,16.0,5.796550698475776,0.362284418654736,8,0.11726973684210526,4.639197732722913,34.48872180451128,4.1831710513805485,2012-03-05 17:30:00,2021-05-24 06:30:00,RHL,6,80,80,1,40,46,46,6,2,1,4,1750,5000,24,93,35433.0,86985.0,51552.0,1.6873254189944134,0.5376344086021505,381.0,1739.7,-1198.8837209302326,14510.0,13990.0,0.1451,5,4,0.8,18.6,6.887670143089026,0.3703048464026358,7,0.14085739282589677,2.4419710544452102,38.08398950131234,4.76425089385274,True,True,True
160,41405.0,73062.0,31657.0,2.3079255772814857,0.6375,258.78125,716.2941176470588,-545.8103448275862,8689.0,8020.0,0.08689,10,9,0.9,16.0,5.796550698475776,0.362284418654736,8,0.060161816205772246,4.765220393601105,33.57662118101678,4.181684493649438,2012-03-05 17:30:00,2021-05-24 06:30:00,RHL,6,80,80,1,40,46,46,6,2,1,4,2500,2500,24,93,31053.0,86252.0,55199.0,1.5625645392126668,0.5591397849462365,333.9032258064516,1658.6923076923076,-1346.3170731707316,20046.0,18940.0,0.20046,5,4,0.8,18.6,6.887670143089026,0.3703048464026358,7,0.08021769233246386,1.5490870996707573,60.0353589025215,3.5523038490567336,True,False,False
160,42160.0,85947.0,43787.0,1.962842852901546,0.66875,263.5,803.2429906542056,-826.1698113207547,9037.0,8255.0,0.09037,10,9,0.9,16.0,5.796550698475776,0.362284418654736,8,0.03536527514231499,4.665265021577957,34.296015180265655,4.175147597973136,2012-03-05 17:30:00,2021-05-24 09:30:00,RHL,6,80,80,1,40,46,46,6,2,1,4,3000,1500,48,93,19438.0,77885.0,58447.0,1.3325748113675637,0.6451612903225806,209.01075268817203,1298.0833333333333,-1771.121212121212,19026.0,16770.0,0.19026,5,4,0.8,18.6,6.887670143089026,0.3703048464026358,7,0.07670542236855643,1.0216545779459687,91.02880954830745,2.282434050387263,True,False,False
257,72837.0,128595.0,55758.0,2.30630582158614,0.622568093385214,283.4124513618677,803.71875,-574.8247422680413,10507.0,10018.0,0.10507,10,8,0.8,25.7,8.01311425102625,0.3117943288337062,11,0.07593668053324547,6.932235652422195,37.07317709405934,4.164692252976582,2012-01-23 18:15:00,2021-06-01 23:00:00,RHL,7,5,80,1,53,32,52,33,2,1,4,5000,0,0,81,-5569.0,89969.0,95538.0,0.9417090581758044,0.5432098765432098,-68.75308641975309,2044.75,-2582.108108108108,35107.0,33502.0,0.35107,5,4,0.8,16.2,5.192301994298868,0.32051246878388073,8,0.0,0.0,0.0,0.0,False,False,False
160,40935.0,76042.0,35107.0,2.1660067792747886,0.6375,255.84375,745.5098039215686,-605.2931034482758,8689.0,8020.0,0.08689,10,9,0.9,16.0,5.796550698475776,0.362284418654736,8,0.12216929278123854,4.711129013695477,33.96213509221937,4.134216996680106,2012-03-05 17:30:00,2021-05-24 06:30:00,RHL,6,80,80,1,40,46,46,6,2,1,4,5000,0,24,93,17068.0,91146.0,74078.0,1.2304057884932098,0.5483870967741935,183.5268817204301,1787.1764705882354,-1763.7619047619048,31266.0,30160.0,0.31266,5,4,0.8,18.6,6.887670143089026,0.3703048464026358,7,0.3243496601827982,0.5458965009914923,170.3619639090696,1.5633883757535525,True,False,False
160,42060.0,75532.0,33472.0,2.256572657743786,0.6375,262.875,740.5098039215686,-577.1034482758621,9174.0,8505.0,0.09174,10,9,0.9,16.0,5.796550698475776,0.362284418654736,8,0.10677603423680457,4.584695879659908,34.89871611982882,4.134026654630307,2012-03-05 17:30:00,2021-05-24 06:30:00,RHL,6,80,80,1,40,46,46,6,2,1,4,1750,4500,24,93,34433.0,85985.0,51552.0,1.667927529484792,0.5376344086021505,370.247311827957,1719.7,-1198.8837209302326,14510.0,13990.0,0.1451,5,4,0.8,18.6,6.887670143089026,0.3703048464026358,7,0.13042720645892023,2.373053066850448,39.190021200592454,4.629792877487974,True,True,True
160,40925.0,75032.0,34107.0,2.1999003137185915,0.6375,255.78125,735.6078431372549,-588.051724137931,8689.0,8020.0,0.08689,10,9,0.9,16.0,5.796550698475776,0.362284418654736,8,0.0975198533903482,4.709978133271953,33.970433720219916,4.133207049936077,2012-03-05 17:30:00,2021-05-24 06:30:00,RHL,6,80,80,1,40,46,46,6,2,1,4,4000,4000,24,93,23073.0,89781.0,66708.0,1.3458805540564849,0.5483870967741935,248.09677419354838,1760.4117647058824,-1588.2857142857142,27661.0,26555.0,0.27661,5,4,0.8,18.6,6.887670143089026,0.3703048464026358,7,0.17297273869891214,0.8341347022884206,111.49278377324146,2.246935127567008,True,False,False
160,42385.0,76042.0,33657.0,2.259321983539828,0.6375,264.90625,745.5098039215686,-580.2931034482758,9399.0,8730.0,0.09399,10,9,0.9,16.0,5.796550698475776,0.362284418654736,8,0.11798985490149817,4.509522289605277,35.48047658369706,4.11580447193288,2012-03-05 17:30:00,2021-05-24 06:30:00,RHL,6,80,80,1,40,46,46,6,2,1,4,2250,0,24,93,35038.0,91146.0,56108.0,1.624474228274043,0.5483870967741935,376.752688172043,1787.1764705882354,-1335.904761904762,18296.0,17190.0,0.18296,5,4,0.8,18.6,6.887670143089026,0.3703048464026358,7,0.15799988583823277,1.915063401836467,48.56236086534619,4.195479840329574,True,False,False
160,40745.0,74852.0,34107.0,2.194622804702847,0.6375,254.65625,733.843137254902,-588.051724137931,8689.0,8020.0,0.08689,10,9,0.9,16.0,5.796550698475776,0.362284418654736,8,0.07340778009571726,4.689262285648521,34.12050558350718,4.115028008543566,2012-03-05 17:30:00,2021-05-24 06:30:00,RHL,6,80,80,1,40,46,46,6,2,1,4,4000,3000,24,93,19368.0,86076.0,66708.0,1.2903399892066918,0.5483870967741935,208.25806451612902,1687.764705882353,-1588.2857142857142,27661.0,26555.0,0.27661,5,4,0.8,18.6,6.887670143089026,0.3703048464026358,7,0.15442998760842627,0.7001916055095622,132.82078686493185,1.8861283556849051,True,False,False
160,42375.0,76032.0,33657.0,2.2590248685266068,0.6375,264.84375,745.4117647058823,-580.2931034482758,9399.0,8730.0,0.09399,10,9,0.9,16.0,5.796550698475776,0.362284418654736,8,0.11778171091445427,4.5084583466326205,35.48884955752212,4.114833419798414,2012-03-05 17:30:00,2021-05-24 06:30:00,RHL,6,80,80,1,40,46,46,6,2,1,4,2250,5000,24,93,34623.0,90731.0,56108.0,1.6170777785699009,0.5483870967741935,372.2903225806452,1779.0392156862745,-1335.904761904762,18296.0,17190.0,0.18296,5,4,0.8,18.6,6.887670143089026,0.3703048464026358,7,0.14415273084365884,1.8923808482728466,49.14444155619097,4.145787388313569,True,False,False
160,39320.0,84719.0,45399.0,1.8660983722108417,0.525,245.75,1008.5595238095239,-597.3552631578947,8199.0,7795.0,0.08199,10,9,0.9,16.0,5.796550698475776,0.362284418654736,8,0.10150050864699899,4.795706793511404,33.36317395727365,4.0880522502196515,2012-03-05 17:30:00,2021-05-24 15:45:00,RHL,6,80,80,1,40,46,46,6,2,1,4,750,4000,0,93,6383.0,57640.0,51257.0,1.124529332578965,0.26881720430107525,68.63440860215054,2305.6,-753.7794117647059,13246.0,12501.0,0.13246,5,3,0.6,18.6,6.887670143089026,0.3703048464026358,7,0.6252545824847251,0.4818813226634456,192.9935766880777,0.8982616845337955,False,False,False
160,41560.0,75032.0,33472.0,2.2416347992351815,0.6375,259.75,735.6078431372549,-577.1034482758621,9174.0,8505.0,0.09174,10,9,0.9,16.0,5.796550698475776,0.362284418654736,8,0.09602983638113571,4.530194026596904,35.31857555341675,4.084882257880065,2012-03-05 17:30:00,2021-05-24 06:30:00,RHL,6,80,80,1,40,46,46,6,2,1,4,1750,4000,24,93,34238.0,85790.0,51552.0,1.6641449410304159,0.5376344086021505,368.1505376344086,1715.8,-1198.8837209302326,14510.0,13990.0,0.1451,5,4,0.8,18.6,6.887670143089026,0.3703048464026358,7,0.11656638822361119,2.3596140592694694,39.41322507155792,4.603573564296845,True,True,True
160,40425.0,75532.0,35107.0,2.151479761870852,0.6375,252.65625,740.5098039215686,-605.2931034482758,8689.0,8020.0,0.08689,10,9,0.9,16.0,5.796550698475776,0.362284418654736,8,0.11109461966604824,4.6524341120957535,34.39059987631416,4.082709712734659,2012-03-05 17:30:00,2021-05-24 06:30:00,RHL,6,80,80,1,40,46,46,6,2,1,4,5000,4500,24,93,16398.0,90476.0,74078.0,1.2213612678528039,0.5483870967741935,176.32258064516128,1774.0392156862745,-1763.7619047619048,31266.0,30160.0,0.31266,5,4,0.8,18.6,6.887670143089026,0.3703048464026358,7,0.2738748627881449,0.5244674726540012,177.32272228320528,1.5020179625970678,True,False,False
160,40405.0,73062.0,32657.0,2.2372538812505742,0.6375,252.53125,716.2941176470588,-563.051724137931,8689.0,8020.0,0.08689,10,9,0.9,16.0,5.796550698475776,0.362284418654736,8,0.0616507857938374,4.650132351248705,34.407622818958046,4.080689819246603,2012-03-05 17:30:00,2021-05-24 06:30:00,RHL,6,80,80,1,40,46,46,6,2,1,4,3000,2500,24,93,30568.0,86252.0,55684.0,1.5489548164643345,0.5591397849462365,328.68817204301075,1658.6923076923076,-1358.1463414634147,21661.0,20555.0,0.21661,5,4,0.8,18.6,6.887670143089026,0.3703048464026358,7,0.08149044752682544,1.411199852269055,65.90136744307773,3.363939524394096,True,False,False
160,41380.0,74852.0,33472.0,2.236257170172084,0.6375,258.625,733.843137254902,-577.1034482758621,9174.0,8505.0,0.09174,10,9,0.9,16.0,5.796550698475776,0.362284418654736,8,0.0722812953117448,4.510573359494223,35.47220879652006,4.067190275049978,2012-03-05 17:30:00,2021-05-24 06:30:00,RHL,6,80,80,1,40,46,46,6,2,1,4,1750,3000,24,93,31533.0,83085.0,51552.0,1.6116736499068902,0.5376344086021505,339.06451612903226,1661.7,-1198.8837209302326,14510.0,13990.0,0.1451,5,4,0.8,18.6,6.887670143089026,0.3703048464026358,7,0.09485301113119589,2.1731909028256373,42.794215583674244,4.239864630030154,True,True,True
160,41875.0,75532.0,33657.0,2.2441691178655256,0.6375,261.71875,740.5098039215686,-580.2931034482758,9399.0,8730.0,0.09399,10,9,0.9,16.0,5.796550698475776,0.362284418654736,8,0.10724776119402984,4.455261197999787,35.912597014925375,4.066280813075129,2012-03-05 17:30:00,2021-05-24 06:30:00,RHL,6,80,80,1,40,46,46,6,2,1,4,2250,4500,24,93,34368.0,90476.0,56108.0,1.612532972125187,0.5483870967741935,369.5483870967742,1774.0392156862745,-1335.904761904762,18296.0,17190.0,0.18296,5,4,0.8,18.6,6.887670143089026,0.3703048464026358,7,0.13067388268156424,1.8784433756012242,49.509078212290504,4.115253472014578,True,False,False
160,41135.0,75446.0,34311.0,2.1988866544256944,0.63125,257.09375,746.990099009901,-581.542372881356,9077.0,7930.0,0.09077,10,9,0.9,16.0,5.796550698475776,0.362284418654736,8,0.12157530083870184,4.531783628952297,35.306186945423605,4.064655154505586,2012-03-05 17:30:00,2021-05-24 06:30:00,RHL,6,80,80,1,40,46,46,6,2,1,4,1500,0,24,93,35003.0,84909.0,49906.0,1.7013785917524946,0.5268817204301075,376.3763440860215,1732.8367346938776,-1134.2272727272727,13735.0,13215.0,0.13735,5,4,0.8,18.6,6.887670143089026,0.3703048464026358,7,0.15815787218238436,2.548452857662905,36.49272919464046,4.837392670444185,True,True,True
160,41125.0,75436.0,34311.0,2.198595202704672,0.63125,257.03125,746.8910891089109,-581.542372881356,9077.0,7930.0,0.09077,10,9,0.9,16.0,5.796550698475776,0.362284418654736,8,0.12136170212765958,4.530681943373361,35.31477203647417,4.063667028784301,2012-03-05 17:30:00,2021-05-24 06:30:00,RHL,6,80,80,1,40,46,46,6,2,1,4,1500,5000,24,93,34588.0,84494.0,49906.0,1.69306295836172,0.5268817204301075,371.9139784946237,1724.3673469387754,-1134.2272727272727,13735.0,13215.0,0.13735,5,4,0.8,18.6,6.887670143089026,0.3703048464026358,7,0.14429860067075287,2.5182380779031672,36.930582861107894,4.780039930443776,True,True,True
160,37890.0,79861.0,41971.0,1.9027661957065594,0.6,236.8125,831.8854166666666,-655.796875,7788.0,7465.0,0.07788,10,9,0.9,16.0,5.796550698475776,0.362284418654736,8,0.06574294008973344,4.86517719568567,32.8867775138559,4.041987870003548,2012-03-05 17:30:00,2021-05-24 12:00:00,RHL,6,80,80,1,40,46,46,6,2,1,4,1000,2500,48,93,12088.0,70759.0,58671.0,1.206030236402993,0.3655913978494624,129.9784946236559,2081.1470588235293,-994.4237288135594,13485.0,12965.0,0.13485,5,4,0.8,18.6,6.887670143089026,0.3703048464026358,7,0.2060721376571807,0.896403411197627,103.74793183322303,1.6859682122671056,True,False,False
160,39925.0,75032.0,35107.0,2.137237587945424,0.6375,249.53125,735.6078431372549,-605.2931034482758,8689.0,8020.0,0.08689,10,9,0.9,16.0,5.796550698475776,0.362284418654736,8,0.0999624295554164,4.594890090919553,34.82128991859737,4.03221237553324,2012-03-05 17:30:00,2021-05-24 06:30:00,RHL,6,80,80,1,40,46,46,6,2,1,4,5000,4000,24,93,15703.0,89781.0,74078.0,1.2119792650989498,0.5483870967741935,168.8494623655914,1760.4117647058824,-1763.7619047619048,31266.0,30160.0,0.31266,5,4,0.8,18.6,6.887670143089026,0.3703048464026358,7,0.2541552569572693,0.502238853706902,185.170859071515,1.4383576086511622,True,False,False
160,41375.0,75032.0,33657.0,2.229313367204445,0.6375,258.59375,735.6078431372549,-580.2931034482758,9399.0,8730.0,0.09399,10,9,0.9,16.0,5.796550698475776,0.362284418654736,8,0.09645921450151057,4.402064049366954,36.34658610271903,4.017728206351844,2012-03-05 17:30:00,2021-05-24 06:30:00,RHL,6,80,80,1,40,46,46,6,2,1,4,2250,4000,24,93,33673.0,89781.0,56108.0,1.6001461467170457,0.5483870967741935,362.0752688172043,1760.4117647058824,-1335.904761904762,18296.0,17190.0,0.18296,5,4,0.8,18.6,6.887670143089026,0.3703048464026358,7,0.11852225818905354,1.840456930476607,50.53092982508241,4.032033582493799,True,False,False
160,40625.0,74936.0,34311.0,2.1840226166535515,0.63125,253.90625,741.940594059406,-581.542372881356,9077.0,7930.0,0.09077,10,9,0.9,16.0,5.796550698475776,0.362284418654736,8,0.1105476923076923,4.475597664426573,35.74941538461538,4.0142607427200545,2012-03-05 17:30:00,2021-05-24 06:30:00,RHL,6,80,80,1,40,46,46,6,2,1,4,1500,4500,24,93,33588.0,83494.0,49906.0,1.6730252875405762,0.5268817204301075,361.16129032258067,1703.9591836734694,-1134.2272727272727,13735.0,13215.0,0.13735,5,4,0.8,18.6,6.887670143089026,0.3703048464026358,7,0.13370846730975347,2.4454313796869314,38.030100035727045,4.641840556948813,True,True,True
160,39745.0,74852.0,35107.0,2.13211040533227,0.6375,248.40625,733.843137254902,-605.2931034482758,8689.0,8020.0,0.08689,10,9,0.9,16.0,5.796550698475776,0.362284418654736,8,0.0752547490250346,4.574174243296121,34.978991068058875,4.014033334140731,2012-03-05 17:30:00,2021-05-24 06:30:00,RHL,6,80,80,1,40,46,46,6,2,1,4,5000,3000,24,93,11998.0,86076.0,74078.0,1.1619644158859581,0.5483870967741935,129.01075268817203,1687.764705882353,-1763.7619047619048,31266.0,30160.0,0.31266,5,4,0.8,18.6,6.887670143089026,0.3703048464026358,7,0.2492915485914319,0.38373952536301414,242.35189198199703,1.0989883836589593,True,False,False
160,38555.0,83195.0,44640.0,1.863687275985663,0.53125,240.96875,978.7647058823529,-595.2,8199.0,7795.0,0.08199,10,9,0.9,16.0,5.796550698475776,0.362284418654736,8,0.07757748670730126,4.702402732040492,34.02515886396058,4.00851613700963,2012-03-05 17:30:00,2021-05-24 15:45:00,RHL,6,80,80,1,40,46,46,6,2,1,4,750,3000,0,93,12103.0,61083.0,48980.0,1.2471008574928542,0.3010752688172043,130.13978494623655,2181.535714285714,-753.5384615384615,9985.0,9465.0,0.09985,5,5,1.0,18.6,6.887670143089026,0.3703048464026358,7,0.24712881103858547,1.2121181772658989,76.72519210113195,1.9617307731597442,True,False,False
160,41195.0,74852.0,33657.0,2.2239652969664556,0.6375,257.46875,733.843137254902,-580.2931034482758,9399.0,8730.0,0.09399,10,9,0.9,16.0,5.796550698475776,0.362284418654736,8,0.07260589877412307,4.382913075859134,36.50540114091516,4.000249267931461,2012-03-05 17:30:00,2021-05-24 06:30:00,RHL,6,80,80,1,40,46,46,6,2,1,4,2250,3000,24,93,29968.0,86076.0,56108.0,1.5341127824909104,0.5483870967741935,322.23655913978496,1687.764705882353,-1335.904761904762,18296.0,17190.0,0.18296,5,4,0.8,18.6,6.887670143089026,0.3703048464026358,7,0.09980646022423918,1.6379536510712724,56.77816337426588,3.5883937397966967,True,False,False
160,39630.0,86428.0,46798.0,1.8468310611564598,0.58125,247.6875,929.3333333333334,-698.4776119402985,8774.0,6054.0,0.08774,10,9,0.9,16.0,5.796550698475776,0.362284418654736,8,0.050239717385818825,4.516754046045134,35.42366893767348,3.9829846190518086,2012-03-05 17:30:00,2021-05-24 09:45:00,RHL,6,80,80,1,40,46,46,6,2,1,4,1000,2000,0,93,12408.0,68307.0,55899.0,1.2219717705146782,0.3978494623655914,133.41935483870967,1846.1351351351352,-998.1964285714286,9655.0,9135.0,0.09655,5,4,0.8,18.6,6.887670143089026,0.3703048464026358,7,0.16046099290780141,1.2851372345934748,72.36581237911025,2.0452483542198143,True,False,False
160,40125.0,74436.0,34311.0,2.1694500306024307,0.63125,250.78125,736.990099009901,-581.542372881356,9077.0,7930.0,0.09077,10,9,0.9,16.0,5.796550698475776,0.362284418654736,8,0.09946417445482866,4.420513385479784,36.194890965732085,3.9648544566558073,2012-03-05 17:30:00,2021-05-24 06:30:00,RHL,6,80,80,1,40,46,46,6,2,1,4,1500,4000,24,93,33393.0,83299.0,49906.0,1.6691179417304534,0.5268817204301075,359.06451612903226,1699.9795918367347,-1134.2272727272727,13735.0,13215.0,0.13735,5,4,0.8,18.6,6.887670143089026,0.3703048464026358,7,0.11951606624142784,2.4312340735347653,38.252178600305456,4.614891679117295,True,True,True
160,39890.0,86980.0,47090.0,1.847101295391803,0.65625,249.3125,828.3809523809524,-856.1818181818181,8993.0,8259.0,0.08993,10,9,0.9,16.0,5.796550698475776,0.362284418654736,8,0.049912258711456506,4.435672189480707,36.07119578841815,3.9599993224337586,2012-03-05 17:30:00,2021-05-24 09:45:00,RHL,6,80,80,1,40,46,46,6,2,1,4,3000,2000,48,93,29763.0,93962.0,64199.0,1.4636053521082883,0.6129032258064516,320.03225806451616,1648.4561403508771,-1783.3055555555557,22526.0,20270.0,0.22526,5,4,0.8,18.6,6.887670143089026,0.3703048464026358,7,0.06689513825891207,1.3212731954186274,70.38665457111178,3.211848638811131,True,False,False
160,39945.0,74256.0,34311.0,2.1642038996240274,0.63125,249.65625,735.2079207920792,-581.542372881356,9077.0,7930.0,0.09077,10,9,0.9,16.0,5.796550698475776,0.362284418654736,8,0.07487795719113781,4.4006830450589405,36.35799223932908,3.947068193672678,2012-03-05 17:30:00,2021-05-24 06:30:00,RHL,6,80,80,1,40,46,46,6,2,1,4,1500,3000,24,93,34688.0,83085.0,48397.0,1.7167386408248446,0.5376344086021505,372.98924731182797,1661.7,-1125.5116279069769,13735.0,13215.0,0.13735,5,4,0.8,18.6,6.887670143089026,0.3703048464026358,7,0.08622578413284133,2.525518747724791,36.824117850553506,4.793859867793271,True,True,True
160,38955.0,73062.0,34107.0,2.1421409094907204,0.6375,243.46875,716.2941176470588,-588.051724137931,8689.0,8020.0,0.08689,10,9,0.9,16.0,5.796550698475776,0.362284418654736,8,0.06394557823129252,4.483254689837726,35.68835836221281,3.9342475413624896,2012-03-05 17:30:00,2021-05-24 06:30:00,RHL,6,80,80,1,40,46,46,6,2,1,4,4000,2500,24,93,23553.0,86252.0,62699.0,1.3756519242731144,0.5591397849462365,253.25806451612902,1658.6923076923076,-1529.2439024390244,27661.0,26555.0,0.27661,5,4,0.8,18.6,6.887670143089026,0.3703048464026358,7,0.1057614741221925,0.8514876540978272,109.22060883963826,2.29367932473392,True,False,False
245,45945.0,89578.0,43633.0,2.0529874177801206,0.6448979591836734,187.53061224489795,566.9493670886076,-501.5287356321839,5168.0,4093.0,0.05168,10,8,0.8,24.5,7.8390050389064045,0.31995938934311857,10,0.021569267602568287,8.890286377708978,27.558167374034173,3.929291725478011,2012-01-23 18:15:00,2021-05-27 16:45:00,RHL,6,5,80,1,53,32,1,33,2,1,4,1500,1000,0,72,-17913.0,34296.0,52209.0,0.6568982359363328,0.5,-248.79166666666666,952.6666666666666,-1450.25,20335.0,18859.0,0.20335,5,1,0.2,14.4,5.4258639865002145,0.376796110173626,7,0.0,0.0,0.0,0.0,False,False,False
160,39590.0,73062.0,33472.0,2.182779636711281,0.6375,247.4375,716.2941176470588,-577.1034482758621,9174.0,8505.0,0.09174,10,9,0.9,16.0,5.796550698475776,0.362284418654736,8,0.06291992927506947,4.3154567255286675,37.076029300328365,3.891253334684114,2012-03-05 17:30:00,2021-05-24 06:30:00,RHL,6,80,80,1,40,46,46,6,2,1,4,1750,2500,24,93,33968.0,83761.0,49793.0,1.6821842427650473,0.5483870967741935,365.247311827957,1642.3725490196077,-1185.547619047619,14510.0,13990.0,0.1451,5,4,0.8,18.6,6.887670143089026,0.3703048464026358,7,0.07333372585963259,2.3410062026188836,39.72650730098917,4.567269899878358,True,True,True
160,40900.0,90470.0,49570.0,1.8250958240871495,0.65625,255.625,861.6190476190476,-901.2727272727273,9849.0,8040.0,0.09849,10,9,0.9,16.0,5.796550698475776,0.362284418654736,8,0.060904645476772615,4.152705858462788,38.52909535452323,3.8798113688113425,2012-03-05 17:30:00,2021-05-24 12:00:00,RHL,6,80,80,1,40,46,46,6,2,1,4,5000,2500,48,93,16678.0,103965.0,87287.0,1.1910708352904786,0.5913978494623656,179.33333333333334,1890.2727272727273,-2297.0263157894738,36981.0,34725.0,0.36981,5,4,0.8,18.6,6.887670143089026,0.3703048464026358,7,0.14935843626334092,0.4509883453665396,206.21375464684013,1.4046724035131841,True,False,False
160,39125.0,85947.0,46822.0,1.835611464696083,0.66875,244.53125,803.2429906542056,-883.433962264151,9063.0,8045.0,0.09063,10,9,0.9,16.0,5.796550698475776,0.362284418654736,8,0.03810862619808307,4.317003199823458,37.06274760383386,3.869026751589915,2012-03-05 17:30:00,2021-05-24 09:30:00,RHL,6,80,80,1,40,46,46,6,2,1,4,4000,1500,48,93,9433.0,77885.0,68452.0,1.137804592999474,0.6451612903225806,101.43010752688173,1298.0833333333333,-2074.3030303030305,25026.0,22770.0,0.25026,5,3,0.6,18.6,6.887670143089026,0.3703048464026358,7,0.15806212233647832,0.37692799488531925,246.73147461041026,0.9657718007729472,False,False,False
290,80790.0,161777.0,80987.0,1.9975675108350723,0.6103448275862069,278.58620689655174,913.9943502824859,-716.6991150442478,11812.0,8104.0,0.11812,10,8,0.8,29.0,5.761944116355173,0.19868772815017838,18,0.11104097041713083,6.839654588554013,42.39980195568758,3.861012838752327,2012-01-23 18:15:00,2021-06-01 23:00:00,RHL,7,5,80,1,53,56,1,33,2,1,4,5000,0,0,122,-28733.0,139395.0,168128.0,0.8291004472782642,0.4918032786885246,-235.51639344262296,2323.25,-2711.7419354838707,57361.0,54275.0,0.57361,5,2,0.4,24.4,5.6780278266313555,0.23270605846849818,14,0.0,0.0,0.0,0.0,False,False,False
160,40820.0,76042.0,35222.0,2.158934756686162,0.6375,255.125,745.5098039215686,-607.2758620689655,9924.0,9255.0,0.09924,10,9,0.9,16.0,5.796550698475776,0.362284418654736,8,0.12251347378735913,4.113260781942765,38.89857912787849,3.857562707738076,2012-03-05 17:30:00,2021-05-24 06:30:00,RHL,6,80,80,1,40,46,46,6,2,1,4,2000,0,24,93,37268.0,91146.0,53878.0,1.6917109024091466,0.5483870967741935,400.73118279569894,1787.1764705882354,-1282.8095238095239,16510.0,15990.0,0.1651,5,4,0.8,18.6,6.887670143089026,0.3703048464026358,7,0.14854566920682624,2.257298606904906,41.19968874101105,4.697674877603876,True,True,True
160,40810.0,76032.0,35222.0,2.158650843222986,0.6375,255.0625,745.4117647058823,-607.2758620689655,9924.0,9255.0,0.09924,10,9,0.9,16.0,5.796550698475776,0.362284418654736,8,0.12229845626072042,4.112253123740428,38.908110757167364,3.856617689926283,2012-03-05 17:30:00,2021-05-24 06:30:00,RHL,6,80,80,1,40,46,46,6,2,1,4,2000,5000,24,93,36853.0,90731.0,53878.0,1.6840083150822227,0.5483870967741935,396.26881720430106,1779.0392156862745,-1282.8095238095239,16510.0,15990.0,0.1651,5,4,0.8,18.6,6.887670143089026,0.3703048464026358,7,0.13542995142864897,2.232162325863113,41.663636610316665,4.645363643456468,True,True,True
160,38130.0,69787.0,31657.0,2.2044729443724926,0.6375,238.3125,684.1862745098039,-545.8103448275862,8689.0,8020.0,0.08689,10,9,0.9,16.0,5.796550698475776,0.362284418654736,8,0.05221610280618935,4.3883070548969965,36.46052976658799,3.8509269349801496,2012-03-05 17:30:00,2021-05-24 06:30:00,RHL,6,80,80,1,40,46,46,6,2,1,4,2500,2000,24,93,25553.0,78483.0,52930.0,1.482769695824674,0.5698924731182796,274.76344086021504,1480.811320754717,-1323.25,18091.0,16985.0,0.18091,5,4,0.8,18.6,6.887670143089026,0.3703048464026358,7,0.077916487300904,1.4124702890940246,65.84209290494267,3.0770249254022524,True,False,False
160,37955.0,73062.0,35107.0,2.0811234226792377,0.6375,237.21875,716.2941176470588,-605.2931034482758,8689.0,8020.0,0.08689,10,9,0.9,16.0,5.796550698475776,0.362284418654736,8,0.06563035173231459,4.368166647485326,36.628639177973916,3.8332528669596537,2012-03-05 17:30:00,2021-05-24 06:30:00,RHL,6,80,80,1,40,46,46,6,2,1,4,5000,2500,24,93,17183.0,86252.0,69069.0,1.2487802053019443,0.5591397849462365,184.76344086021504,1658.6923076923076,-1684.6097560975609,31266.0,30160.0,0.31266,5,4,0.8,18.6,6.887670143089026,0.3703048464026358,7,0.1449688645754525,0.5495746177956886,169.22178897747776,1.5739221033848891,True,False,False
160,39405.0,73062.0,33657.0,2.170781709599786,0.6375,246.28125,716.2941176470588,-580.2931034482758,9399.0,8730.0,0.09399,10,9,0.9,16.0,5.796550698475776,0.362284418654736,8,0.06321532800406039,4.192467283753591,38.16368481157213,3.8264309358621005,2012-03-05 17:30:00,2021-05-24 06:30:00,RHL,6,80,80,1,40,46,46,6,2,1,4,2250,2500,24,93,32403.0,86252.0,53849.0,1.6017381938383257,0.5591397849462365,348.4193548387097,1658.6923076923076,-1313.3902439024391,18296.0,17190.0,0.18296,5,4,0.8,18.6,6.887670143089026,0.3703048464026358,7,0.07687559793846249,1.7710428508963707,52.511434126469766,3.879962705240002,True,False,False
160,38610.0,70048.0,31438.0,2.2281315605318404,0.64375,241.3125,680.0776699029126,-551.5438596491229,9042.0,7935.0,0.09042,10,9,0.9,16.0,5.796550698475776,0.362284418654736,8,0.038616938616938615,4.2700729927007295,37.47008547008547,3.8225301739078277,2012-03-05 17:30:00,2021-05-24 06:30:00,RHL,6,80,80,1,40,46,46,6,2,1,4,2500,1500,24,93,18428.0,67170.0,48742.0,1.3780722990439456,0.5913978494623656,198.1505376344086,1221.2727272727273,-1282.6842105263158,15091.0,13985.0,0.15091,5,4,0.8,18.6,6.887670143089026,0.3703048464026358,7,0.08090948556544389,1.2211251739447353,76.15926850444974,2.4296269718664787,True,False,False
160,31180.0,65793.0,34613.0,1.9008176118799296,0.58125,194.875,707.4516129032259,-516.6119402985074,5898.0,5590.0,0.05898,10,9,0.9,16.0,5.796550698475776,0.362284418654736,8,0.16039127645926876,5.286537809426925,30.26555484284798,3.8221444717608017,2012-03-05 17:30:00,2021-05-24 06:30:00,RHL,6,80,80,1,40,46,46,6,2,1,4,750,0,24,93,9158.0,51400.0,42242.0,1.2167984470432271,0.3763440860215054,98.47311827956989,1468.5714285714287,-728.3103448275862,8508.0,7840.0,0.08508,5,3,0.6,18.6,6.887670143089026,0.3703048464026358,7,0.3986678314042367,1.0763986835919135,86.39921380214021,1.6080787193193873,True,False,False
160,31170.0,65783.0,34613.0,1.900528703088435,0.58125,194.8125,707.3440860215054,-516.6119402985074,5898.0,5590.0,0.05898,10,9,0.9,16.0,5.796550698475776,0.362284418654736,8,0.1601219120949631,5.284842319430315,30.27526467757459,3.8209186396659462,2012-03-05 17:30:00,2021-05-24 06:30:00,RHL,6,80,80,1,40,46,46,6,2,1,4,750,5000,24,93,9158.0,51400.0,42242.0,1.2167984470432271,0.3763440860215054,98.47311827956989,1468.5714285714287,-728.3103448275862,8508.0,7840.0,0.08508,5,3,0.6,18.6,6.887670143089026,0.3703048464026358,7,0.3986678314042367,1.0763986835919135,86.39921380214021,1.6080787193193873,True,False,False
160,39345.0,90470.0,51125.0,1.7695843520782397,0.65625,245.90625,861.6190476190476,-929.5454545454545,9406.0,8312.0,0.09406,10,8,0.8,16.0,5.796550698475776,0.362284418654736,8,0.0633117295717372,4.182968318094833,38.250349472614054,3.8191827003454857,2012-03-05 17:30:00,2021-05-24 12:00:00,RHL,6,80,80,1,40,46,46,6,2,1,4,4000,2500,48,93,25683.0,103965.0,78282.0,1.3280830842339235,0.5913978494623656,276.16129032258067,1890.2727272727273,-2060.0526315789475,31536.0,29280.0,0.31536,5,4,0.8,18.6,6.887670143089026,0.3703048464026358,7,0.09699022699840361,0.8144025875190258,114.19413619904216,2.342409681701835,True,False,False
160,40310.0,75532.0,35222.0,2.1444551700641643,0.6375,251.9375,740.5098039215686,-607.2758620689655,9924.0,9255.0,0.09924,10,9,0.9,16.0,5.796550698475776,0.362284418654736,8,0.11141156040684694,4.061870213623539,39.390721905234436,3.809366799336645,2012-03-05 17:30:00,2021-05-24 06:30:00,RHL,6,80,80,1,40,46,46,6,2,1,4,2000,4500,24,93,36598.0,90476.0,53878.0,1.6792753999777275,0.5483870967741935,393.5268817204301,1774.0392156862745,-1282.8095238095239,16510.0,15990.0,0.1651,5,4,0.8,18.6,6.887670143089026,0.3703048464026358,7,0.1227116235859883,2.21671714112659,41.95393190884748,4.6132205959683015,True,True,True
245,48975.0,91560.0,42585.0,2.1500528355054596,0.6530612244897959,199.89795918367346,572.25,-501.0,6359.0,5063.0,0.06359,10,8,0.8,24.5,7.8390050389064045,0.31995938934311857,10,0.020234813680449208,7.701682654505426,31.811230219499745,3.775872338643333,2012-01-23 18:15:00,2021-05-27 16:45:00,RHL,6,5,80,1,53,32,1,33,2,1,4,4000,1000,0,72,-3978.0,47250.0,51228.0,0.9223471539002108,0.6944444444444444,-55.25,945.0,-2328.5454545454545,16470.0,13328.0,0.1647,5,2,0.4,14.4,5.4258639865002145,0.376796110173626,7,0.0,0.0,0.0,0.0,False,False,False
160,39510.0,85947.0,46437.0,1.8508301569868855,0.66875,246.9375,803.2429906542056,-876.1698113207547,9714.0,7905.0,0.09714,10,9,0.9,16.0,5.796550698475776,0.362284418654736,8,0.037737281700835235,4.067325509573811,39.33788914198937,3.7739083768000254,2012-03-05 17:30:00,2021-05-24 09:30:00,RHL,6,80,80,1,40,46,46,6,2,1,4,5000,1500,48,93,1428.0,77885.0,76457.0,1.018677164942386,0.6451612903225806,15.35483870967742,1298.0833333333333,-2316.878787878788,29471.0,27215.0,0.29471,5,3,0.6,18.6,6.887670143089026,0.3703048464026358,7,1.0441176470588236,0.04845441281259543,1919.329831932773,0.13472592601926767,False,False,False
160,38155.0,72466.0,34311.0,2.1120340415610155,0.63125,238.46875,717.4851485148515,-581.542372881356,9077.0,7930.0,0.09077,10,9,0.9,16.0,5.796550698475776,0.362284418654736,8,0.06528633206657057,4.203481326429437,38.06368759009304,3.770193689562675,2012-03-05 17:30:00,2021-05-24 06:30:00,RHL,6,80,80,1,40,46,46,6,2,1,4,1500,2500,24,93,36873.0,83761.0,46888.0,1.7864059034294488,0.5483870967741935,396.48387096774195,1642.3725490196077,-1116.3809523809523,13735.0,13215.0,0.13735,5,4,0.8,18.6,6.887670143089026,0.3703048464026358,7,0.0675562064383153,2.684601383327266,34.642014482141406,5.0958254988797655,True,True,True
160,39810.0,75032.0,35222.0,2.130259496905343,0.6375,248.8125,735.6078431372549,-607.2758620689655,9924.0,9255.0,0.09924,10,9,0.9,16.0,5.796550698475776,0.362284418654736,8,0.10025119316754584,4.011487303506651,39.885455915599096,3.7621159087470066,2012-03-05 17:30:00,2021-05-24 06:30:00,RHL,6,80,80,1,40,46,46,6,2,1,4,2000,4000,24,93,35903.0,89781.0,53878.0,1.6663758862615539,0.5483870967741935,386.0537634408602,1760.4117647058824,-1282.8095238095239,16510.0,15990.0,0.1651,5,4,0.8,18.6,6.887670143089026,0.3703048464026358,7,0.11116062724563407,2.1746214415505754,42.76606411720469,4.52561503516722,True,True,True
160,30670.0,65283.0,34613.0,1.8860832635137088,0.58125,191.6875,701.9677419354839,-516.6119402985074,5898.0,5590.0,0.05898,10,9,0.9,16.0,5.796550698475776,0.362284418654736,8,0.14642973589827193,5.200067819599864,30.76882947505706,3.7596270349231493,2012-03-05 17:30:00,2021-05-24 06:30:00,RHL,6,80,80,1,40,46,46,6,2,1,4,750,4500,24,93,9158.0,51400.0,42242.0,1.2167984470432271,0.3763440860215054,98.47311827956989,1468.5714285714287,-728.3103448275862,8508.0,7840.0,0.08508,5,3,0.6,18.6,6.887670143089026,0.3703048464026358,7,0.3986678314042367,1.0763986835919135,86.39921380214021,1.6080787193193873,True,False,False
160,35715.0,71338.0,35623.0,2.002582601128484,0.6125,223.21875,727.9387755102041,-574.5645161290323,8031.0,7358.0,0.08031,10,9,0.9,16.0,5.796550698475776,0.362284418654736,8,0.14002519949601008,4.447142323496451,35.97816043679126,3.7518823675359005,2012-03-05 17:30:00,2021-05-24 06:30:00,RHL,6,80,80,1,40,46,46,6,2,1,4,1250,0,24,93,23628.0,77603.0,53975.0,1.4377582213987958,0.46236559139784944,254.06451612903226,1804.7209302325582,-1079.5,13860.0,13340.0,0.1386,5,4,0.8,18.6,6.887670143089026,0.3703048464026358,7,0.23429829016421194,1.7047619047619047,54.55307262569833,3.250616632291369,True,False,False
160,35705.0,71328.0,35623.0,2.0023018836145186,0.6125,223.15625,727.8367346938776,-574.5645161290323,8031.0,7358.0,0.08031,10,9,0.9,16.0,5.796550698475776,0.362284418654736,8,0.13978434392942166,4.4458971485493715,35.98823694160482,3.7508318614831118,2012-03-05 17:30:00,2021-05-24 06:30:00,RHL,6,80,80,1,40,46,46,6,2,1,4,1250,5000,24,93,23213.0,77188.0,53975.0,1.4300694766095414,0.46236559139784944,249.6021505376344,1795.0697674418604,-1079.5,13860.0,13340.0,0.1386,5,4,0.8,18.6,6.887670143089026,0.3703048464026358,7,0.2150088312583466,1.6748196248196248,55.52836772498169,3.1935231033256963,True,False,False
160,37130.0,69787.0,32657.0,2.136969103101938,0.6375,232.0625,684.1862745098039,-563.051724137931,8689.0,8020.0,0.08689,10,9,0.9,16.0,5.796550698475776,0.362284418654736,8,0.053622407756531106,4.273219012544597,37.442499326690005,3.7499322605773138,2012-03-05 17:30:00,2021-05-24 06:30:00,RHL,6,80,80,1,40,46,46,6,2,1,4,3000,2000,24,93,25068.0,78483.0,53415.0,1.4693063746138726,0.5698924731182796,269.5483870967742,1480.811320754717,-1335.375,20045.0,18864.0,0.20045,5,4,0.8,18.6,6.887670143089026,0.3703048464026358,7,0.07942396681027605,1.2505861810925418,74.36512685495453,2.8677220909897327,True,False,False
160,39630.0,74852.0,35222.0,2.1251490545681677,0.6375,247.6875,733.843137254902,-607.2758620689655,9924.0,9255.0,0.09924,10,9,0.9,16.0,5.796550698475776,0.362284418654736,8,0.07547312641937926,3.993349455864571,40.066616199848596,3.745105588134737,2012-03-05 17:30:00,2021-05-24 06:30:00,RHL,6,80,80,1,40,46,46,6,2,1,4,2000,3000,24,93,32198.0,86076.0,53878.0,1.5976094138609451,0.5483870967741935,346.21505376344084,1687.764705882353,-1282.8095238095239,16510.0,15990.0,0.1651,5,4,0.8,18.6,6.887670143089026,0.3703048464026358,7,0.09289396856947636,1.9502119927316777,47.687123423815144,4.058595462839155,True,False,False
160,37610.0,70048.0,32438.0,2.1594426290153526,0.64375,235.0625,680.0776699029126,-569.0877192982456,9042.0,7935.0,0.09042,10,9,0.9,16.0,5.796550698475776,0.362284418654736,8,0.03964371177878224,4.1594779915947795,38.46636532837012,3.7235265433999847,2012-03-05 17:30:00,2021-05-24 06:30:00,RHL,6,80,80,1,40,46,46,6,2,1,4,3000,1500,24,93,18443.0,67170.0,48727.0,1.3784965214357543,0.5913978494623656,198.31182795698925,1221.2727272727273,-1282.2894736842106,16206.0,15100.0,0.16206,5,4,0.8,18.6,6.887670143089026,0.3703048464026358,7,0.08084368052919808,1.138035295569542,81.71978528438974,2.34646486194722,True,False,False
245,47975.0,91560.0,43585.0,2.100722725708386,0.6530612244897959,195.81632653061226,572.25,-512.7647058823529,6359.0,5063.0,0.06359,10,8,0.8,24.5,7.8390050389064045,0.31995938934311857,10,0.02065659197498697,7.544425224091838,32.47430953621678,3.6987743837960982,2012-01-23 18:15:00,2021-05-27 16:45:00,RHL,6,5,80,1,53,32,1,33,2,1,4,5000,1000,0,72,-978.0,49232.0,50210.0,0.9805218084047003,0.7222222222222222,-13.583333333333334,946.7692307692307,-2510.5,22470.0,18555.0,0.2247,5,2,0.4,14.4,5.4258639865002145,0.376796110173626,7,0.0,0.0,0.0,0.0,False,False,False
160,30170.0,64783.0,34613.0,1.8716378239389824,0.58125,188.5625,696.5913978494624,-516.6119402985074,5898.0,5590.0,0.05898,10,9,0.9,16.0,5.796550698475776,0.362284418654736,8,0.13228372555518728,5.115293319769413,31.278753728869738,3.6983354301803524,2012-03-05 17:30:00,2021-05-24 06:30:00,RHL,6,80,80,1,40,46,46,6,2,1,4,750,4000,24,93,9158.0,51400.0,42242.0,1.2167984470432271,0.3763440860215054,98.47311827956989,1468.5714285714287,-728.3103448275862,8508.0,7840.0,0.08508,5,3,0.6,18.6,6.887670143089026,0.3703048464026358,7,0.3986678314042367,1.0763986835919135,86.39921380214021,1.6080787193193873,True,False,False
160,35205.0,70828.0,35623.0,1.988266007916234,0.6125,220.03125,722.734693877551,-574.5645161290323,8031.0,7358.0,0.08031,10,9,0.9,16.0,5.796550698475776,0.362284418654736,8,0.12756710694503623,4.383638401195368,36.49936088623775,3.6983065588436617,2012-03-05 17:30:00,2021-05-24 06:30:00,RHL,6,80,80,1,40,46,46,6,2,1,4,1250,4500,24,93,22213.0,76188.0,53975.0,1.4115423807318204,0.46236559139784944,238.8494623655914,1771.8139534883721,-1079.5,13860.0,13340.0,0.1386,5,4,0.8,18.6,6.887670143089026,0.3703048464026358,7,0.20217890424526178,1.6026695526695527,58.028181695403596,3.0559483347337135,True,False,False
160,30110.0,64723.0,34613.0,1.8699043711900154,0.58125,188.1875,695.9462365591398,-516.6119402985074,5898.0,5590.0,0.05898,10,9,0.9,16.0,5.796550698475776,0.362284418654736,8,0.09933576884755894,5.105120379789759,31.34108269677848,3.690980437611217,2012-03-05 17:30:00,2021-05-24 06:30:00,RHL,6,80,80,1,40,46,46,6,2,1,4,750,3000,24,93,12768.0,54251.0,41483.0,1.307788732733891,0.3870967741935484,137.29032258064515,1506.9722222222222,-727.7719298245614,8508.0,7840.0,0.08508,5,4,0.8,18.6,6.887670143089026,0.3703048464026358,7,0.23425751879699247,1.5007052186177716,61.97086466165414,2.241968670918316,True,False,False
160,35415.0,76083.0,40668.0,1.870832103865447,0.6125,221.34375,776.3571428571429,-655.9354838709677,8326.0,7370.0,0.08326,10,9,0.9,16.0,5.796550698475776,0.362284418654736,8,0.04210080474375265,4.25354311794379,37.615699562332345,3.653864306026465,2012-03-05 17:30:00,2021-05-24 09:30:00,RHL,6,80,80,1,40,46,46,6,2,1,4,1000,1500,48,93,403.0,54029.0,53626.0,1.0075150113750793,0.41935483870967744,4.333333333333333,1385.3589743589744,-993.074074074074,9469.0,8886.0,0.09469,5,2,0.4,18.6,6.887670143089026,0.3703048464026358,7,3.699751861042184,0.04255993241102545,2185.153846153846,0.06707696344327695,False,False,False
160,34705.0,70328.0,35623.0,1.9742301322179492,0.6125,216.90625,717.6326530612245,-574.5645161290323,8031.0,7358.0,0.08031,10,9,0.9,16.0,5.796550698475776,0.362284418654736,8,0.11499783892810835,4.3213796538413645,37.02521250540268,3.645781256204212,2012-03-05 17:30:00,2021-05-24 06:30:00,RHL,6,80,80,1,40,46,46,6,2,1,4,1250,4000,24,93,22018.0,75993.0,53975.0,1.4079295970356647,0.46236559139784944,236.752688172043,1767.2790697674418,-1079.5,13860.0,13340.0,0.1386,5,4,0.8,18.6,6.887670143089026,0.3703048464026358,7,0.18126078662912162,1.5886002886002886,58.54210191661368,3.0291212548582767,True,False,False
160,34445.0,76416.0,41971.0,1.8206857115627457,0.6,215.28125,796.0,-655.796875,7921.0,7465.0,0.07921,10,9,0.9,16.0,5.796550698475776,0.362284418654736,8,0.05780229351139498,4.348567100113622,36.79372913340107,3.6435065487910685,2012-03-05 17:30:00,2021-05-24 09:45:00,RHL,6,80,80,1,40,46,46,6,2,1,4,1000,2000,48,93,10423.0,66067.0,55644.0,1.1873157932571345,0.3978494623655914,112.0752688172043,1785.5945945945946,-993.6428571428571,9655.0,9135.0,0.09655,5,4,0.8,18.6,6.887670143089026,0.3703048464026358,7,0.19101985992516549,1.0795442775763853,86.14746234289552,1.7180547707957063,True,False,False
245,45745.0,89578.0,43833.0,2.043620103574932,0.6448979591836734,186.71428571428572,566.9493670886076,-503.82758620689657,5988.0,4913.0,0.05988,10,8,0.8,24.5,7.8390050389064045,0.31995938934311857,10,0.021663569789047984,7.639445557782231,32.07039020657995,3.6344609450068615,2012-01-23 18:15:00,2021-05-27 16:45:00,RHL,6,5,80,1,53,32,1,33,2,1,4,1750,1000,0,72,-11808.0,39251.0,51059.0,0.7687381264811297,0.5694444444444444,-164.0,957.3414634146342,-1647.0645161290322,15985.0,15004.0,0.15985,5,2,0.4,14.4,5.4258639865002145,0.376796110173626,7,0.0,0.0,0.0,0.0,False,False,False
160,35680.0,69787.0,34107.0,2.046119564898701,0.6375,223.0,684.1862745098039,-588.051724137931,8689.0,8020.0,0.08689,10,9,0.9,16.0,5.796550698475776,0.362284418654736,8,0.055801569506726455,4.106341351133617,38.964125560538115,3.6034899826932008,2012-03-05 17:30:00,2021-05-24 06:30:00,RHL,6,80,80,1,40,46,46,6,2,1,4,4000,2000,24,93,18053.0,78483.0,60430.0,1.2987423465166308,0.5698924731182796,194.11827956989248,1480.811320754717,-1510.75,26045.0,24864.0,0.26045,5,4,0.8,18.6,6.887670143089026,0.3703048464026358,7,0.11028637899518086,0.6931464772509118,134.1707749404531,1.8117889533008784,True,False,False
160,29320.0,63933.0,34613.0,1.8470805766619478,0.58125,183.25,687.4516129032259,-516.6119402985074,5898.0,5590.0,0.05898,10,9,0.9,16.0,5.796550698475776,0.362284418654736,8,0.08495907230559345,4.9711766700576465,32.18553888130969,3.594139702117598,2012-03-05 17:30:00,2021-05-24 06:30:00,RHL,6,80,80,1,40,46,46,6,2,1,4,750,2500,24,93,16778.0,57502.0,40724.0,1.4119929280031431,0.3978494623655914,180.40860215053763,1554.1081081081081,-727.2142857142857,8508.0,7840.0,0.08508,5,5,1.0,18.6,6.887670143089026,0.3703048464026358,7,0.14846823220884492,1.97202632816173,47.159613779949936,2.9460957362678184,True,False,False
160,34435.0,70836.0,36401.0,1.9459904947666273,0.6,215.21875,737.875,-568.765625,8148.0,7703.0,0.08148,10,9,0.9,16.0,5.796550698475776,0.362284418654736,8,0.1452301437490925,4.226190476190476,37.859154929577464,3.591351796198528,2012-03-05 17:30:00,2021-05-24 06:30:00,RHL,6,80,80,1,40,46,46,6,2,1,4,1000,0,24,93,11543.0,61708.0,50165.0,1.2301006677962723,0.40860215053763443,124.11827956989248,1623.8947368421052,-912.0909090909091,11610.0,11090.0,0.1161,5,4,0.8,18.6,6.887670143089026,0.3703048464026358,7,0.4211210257298796,0.994229112833764,93.53980767564758,1.7350939357417414,True,False,False
160,34425.0,70826.0,36401.0,1.9457157770390923,0.6,215.15625,737.7708333333334,-568.765625,8148.0,7703.0,0.08148,10,9,0.9,16.0,5.796550698475776,0.362284418654736,8,0.14498184458968771,4.224963181148748,37.870152505446626,3.5903088597105945,2012-03-05 17:30:00,2021-05-24 06:30:00,RHL,6,80,80,1,40,46,46,6,2,1,4,1000,5000,24,93,11673.0,61838.0,50165.0,1.2326921160171433,0.40860215053763443,125.51612903225806,1627.3157894736842,-912.0909090909091,11610.0,11090.0,0.1161,5,4,0.8,18.6,6.887670143089026,0.3703048464026358,7,0.42756789171592563,1.0054263565891473,92.49807247494218,1.7546349746091439,True,False,False
160,36160.0,70048.0,33888.0,2.0670443814919737,0.64375,226.0,680.0776699029126,-594.5263157894736,9042.0,7935.0,0.09042,10,9,0.9,16.0,5.796550698475776,0.362284418654736,8,0.04123340707964602,3.9991152399911525,40.008849557522126,3.5799712791636122,2012-03-05 17:30:00,2021-05-24 06:30:00,RHL,6,80,80,1,40,46,46,6,2,1,4,4000,1500,24,93,12428.0,67170.0,54742.0,1.2270286069197325,0.5913978494623656,133.63440860215053,1221.2727272727273,-1440.578947368421,21206.0,20100.0,0.21206,5,4,0.8,18.6,6.887670143089026,0.3703048464026358,7,0.11997103315094947,0.5860605489012544,158.68667524943677,1.3822680576057116,True,False,False
160,37840.0,73062.0,35222.0,2.0743285446595876,0.6375,236.5,716.2941176470588,-607.2758620689655,9924.0,9255.0,0.09924,10,9,0.9,16.0,5.796550698475776,0.362284418654736,8,0.06582980972515856,3.8129786376461103,41.961945031712474,3.5759473998238316,2012-03-05 17:30:00,2021-05-24 06:30:00,RHL,6,80,80,1,40,46,46,6,2,1,4,2000,2500,24,93,34383.0,86252.0,51869.0,1.6628814899072664,0.5591397849462365,369.7096774193548,1658.6923076923076,-1265.0975609756097,16510.0,15990.0,0.1651,5,4,0.8,18.6,6.887670143089026,0.3703048464026358,7,0.07244859378181077,2.082556026650515,44.6566617223628,4.334017261904424,True,True,True
160,36315.0,69787.0,33472.0,2.0849366634799233,0.6375,226.96875,684.1862745098039,-577.1034482758621,9174.0,8505.0,0.09174,10,9,0.9,16.0,5.796550698475776,0.362284418654736,8,0.05482582954701914,3.958469587965991,40.419661296984714,3.5693575359700334,2012-03-05 17:30:00,2021-05-24 06:30:00,RHL,6,80,80,1,40,46,46,6,2,1,4,1750,2000,24,93,28458.0,76492.0,48034.0,1.5924553441312403,0.5591397849462365,306.0,1471.0,-1171.560975609756,12555.0,12035.0,0.12555,5,4,0.8,18.6,6.887670143089026,0.3703048464026358,7,0.06996275212593998,2.2666666666666666,41.029411764705884,4.113546610271323,True,True,True
160,33960.0,69583.0,35623.0,1.9533166774275048,0.6125,212.25,710.030612244898,-574.5645161290323,8031.0,7358.0,0.08031,10,9,0.9,16.0,5.796550698475776,0.362284418654736,8,0.08807420494699647,4.2286141202839,37.83745583038869,3.5675185552714317,2012-03-05 17:30:00,2021-05-24 06:30:00,RHL,6,80,80,1,40,46,46,6,2,1,4,1250,3000,24,93,23308.0,76024.0,52716.0,1.4421428029440777,0.4731182795698925,250.6236559139785,1727.8181818181818,-1075.8367346938776,13860.0,13340.0,0.1386,5,4,0.8,18.6,6.887670143089026,0.3703048464026358,7,0.12832503861335165,1.6816738816738817,55.30204221726446,3.2065927063419344,True,False,False
160,33925.0,70326.0,36401.0,1.9319798906623444,0.6,212.03125,732.5625,-568.765625,8148.0,7703.0,0.08148,10,9,0.9,16.0,5.796550698475776,0.362284418654736,8,0.13238025055268976,4.163598429062347,38.42829771554901,3.5381620353139267,2012-03-05 17:30:00,2021-05-24 06:30:00,RHL,6,80,80,1,40,46,46,6,2,1,4,1000,4500,24,93,11173.0,61338.0,50165.0,1.2227250074753313,0.40860215053763443,120.13978494623656,1614.157894736842,-912.0909090909091,11610.0,11090.0,0.1161,5,4,0.8,18.6,6.887670143089026,0.3703048464026358,7,0.40195113219368117,0.9623600344530577,96.63742951758704,1.6794771328114424,True,False,False
160,37410.0,86980.0,49570.0,1.754690336897317,0.65625,233.8125,828.3809523809524,-901.2727272727273,9981.0,8040.0,0.09981,10,8,0.8,16.0,5.796550698475776,0.362284418654736,8,0.05322106388666132,3.748121430718365,42.68805132317562,3.5252023618041486,2012-03-05 17:30:00,2021-05-24 09:45:00,RHL,6,80,80,1,40,46,46,6,2,1,4,5000,2000,48,93,9753.0,93962.0,84209.0,1.1158189742189077,0.6129032258064516,104.87096774193549,1648.4561403508771,-2339.1388888888887,34971.0,32715.0,0.34971,5,4,0.8,18.6,6.887670143089026,0.3703048464026358,7,0.20414231518507125,0.2788882216693832,333.4669332513073,0.8447041050229721,False,False,False
160,36130.0,69787.0,33657.0,2.073476542769706,0.6375,225.8125,684.1862745098039,-580.2931034482758,9399.0,8730.0,0.09399,10,9,0.9,16.0,5.796550698475776,0.362284418654736,8,0.05510655964572377,3.844025960208533,41.62302795460836,3.5084113618245825,2012-03-05 17:30:00,2021-05-24 06:30:00,RHL,6,80,80,1,40,46,46,6,2,1,4,2250,2000,24,93,26893.0,78483.0,51590.0,1.5212831944175227,0.5698924731182796,289.1720430107527,1480.811320754717,-1289.75,16341.0,15235.0,0.16341,5,4,0.8,18.6,6.887670143089026,0.3703048464026358,7,0.07403413527683785,1.6457377149501256,56.50961216673483,3.4073782193714237,True,False,False
160,27960.0,66275.0,38315.0,1.7297403105833224,0.46875,174.75,883.6666666666666,-450.7647058823529,5640.0,5380.0,0.0564,10,10,1.0,16.0,5.796550698475776,0.362284418654736,8,0.10697424892703862,4.957446808510638,32.27467811158798,3.504943222392631,2012-03-05 17:30:00,2021-05-24 12:30:00,RHL,6,80,80,1,40,46,46,6,2,1,4,500,3000,48,93,4553.0,41605.0,37052.0,1.1228813559322033,0.21505376344086022,48.956989247311824,2080.25,-507.56164383561645,8283.0,7635.0,0.08283,5,2,0.4,18.6,6.887670143089026,0.3703048464026358,7,0.656929497034922,0.5496800676083544,169.18932571930597,0.8102596754947123,False,False,False
160,34680.0,69787.0,35107.0,1.9878371834676845,0.6375,216.75,684.1862745098039,-605.2931034482758,8689.0,8020.0,0.08689,10,9,0.9,16.0,5.796550698475776,0.362284418654736,8,0.05741061130334487,3.9912533087812174,40.0876585928489,3.5024953082903645,2012-03-05 17:30:00,2021-05-24 06:30:00,RHL,6,80,80,1,40,46,46,6,2,1,4,5000,2000,24,93,11683.0,78483.0,66800.0,1.1748952095808383,0.5698924731182796,125.6236559139785,1480.811320754717,-1670.0,29650.0,28469.0,0.2965,5,4,0.8,18.6,6.887670143089026,0.3703048464026358,7,0.17041855687751434,0.3940303541315346,236.0224257468116,1.0989107806307112,True,False,False
160,36610.0,70048.0,33438.0,2.0948621329026857,0.64375,228.8125,680.0776699029126,-586.6315789473684,9752.0,8645.0,0.09752,10,9,0.9,16.0,5.796550698475776,0.362284418654736,8,0.040726577437858506,3.754101722723544,42.62004916689429,3.4900870121627103,2012-03-05 17:30:00,2021-05-24 06:30:00,RHL,6,80,80,1,40,46,46,6,2,1,4,2250,1500,24,93,19518.0,67170.0,47652.0,1.4095945605640896,0.5913978494623656,209.8709677419355,1221.2727272727273,-1254.0,13591.0,12485.0,0.13591,5,4,0.8,18.6,6.887670143089026,0.3703048464026358,7,0.07639102367045804,1.4360974174085792,64.75883799569628,2.711627399368367,True,False,False
160,33425.0,69826.0,36401.0,1.9182440042855966,0.6,208.90625,727.3541666666666,-568.765625,8148.0,7703.0,0.08148,10,9,0.9,16.0,5.796550698475776,0.362284418654736,8,0.1194016454749439,4.102233676975945,39.003141361256546,3.4860152109172584,2012-03-05 17:30:00,2021-05-24 06:30:00,RHL,6,80,80,1,40,46,46,6,2,1,4,1000,4000,24,93,11478.0,61643.0,50165.0,1.2288049436858368,0.40860215053763443,123.41935483870968,1622.1842105263158,-912.0909090909091,11610.0,11090.0,0.1161,5,4,0.8,18.6,6.887670143089026,0.3703048464026358,7,0.34770866004530404,0.9886304909560724,94.06952430737061,1.7253234163080404,True,False,False
160,35160.0,70048.0,34888.0,2.0077963769777574,0.64375,219.75,680.0776699029126,-612.0701754385965,9042.0,7935.0,0.09042,10,9,0.9,16.0,5.796550698475776,0.362284418654736,8,0.0424061433447099,3.8885202388852025,41.14675767918089,3.480967648655769,2012-03-05 17:30:00,2021-05-24 06:30:00,RHL,6,80,80,1,40,46,46,6,2,1,4,5000,1500,24,93,7058.0,67170.0,60112.0,1.1174141602342293,0.5913978494623656,75.89247311827957,1221.2727272727273,-1581.8947368421052,23811.0,22705.0,0.23811,5,4,0.8,18.6,6.887670143089026,0.3703048464026358,7,0.21124964579200906,0.29641762210742933,313.74652876168886,0.7408209281238186,False,False,False
160,33480.0,78120.0,44640.0,1.75,0.53125,209.25,919.0588235294117,-595.2,8199.0,7795.0,0.08199,10,9,0.9,16.0,5.796550698475776,0.362284418654736,8,0.0744026284348865,4.083424807903403,39.18279569892473,3.4808746016621037,2012-03-05 17:30:00,2021-05-24 12:00:00,RHL,6,80,80,1,40,46,46,6,2,1,4,750,2500,0,93,20188.0,66891.0,46703.0,1.4322634520266364,0.3333333333333333,217.0752688172043,2157.7741935483873,-753.2741935483871,9985.0,9465.0,0.09985,5,5,1.0,18.6,6.887670143089026,0.3703048464026358,7,0.12339013275212998,2.0218327491236856,45.99787002179513,3.2721986985498566,True,True,True
160,33455.0,73651.0,40196.0,1.8322967459448702,0.6625,209.09375,694.8207547169811,-744.3703703703703,8211.0,7251.0,0.08211,10,9,0.9,16.0,5.796550698475776,0.362284418654736,8,0.02962188013749813,4.07441237364511,39.26946644746675,3.475732782972718,2012-03-05 17:30:00,2021-05-24 03:15:00,RHL,6,80,80,1,40,46,46,6,2,1,4,1250,1000,0,93,-222.0,50542.0,50764.0,0.9956268221574344,0.5591397849462365,-2.3870967741935485,971.9615384615385,-1238.1463414634147,11460.0,10395.0,0.1146,5,2,0.4,18.6,6.887670143089026,0.3703048464026358,7,0.0,0.0,0.0,0.0,False,False,False
245,40775.0,87596.0,46821.0,1.870869908801606,0.636734693877551,166.42857142857142,561.5128205128206,-526.0786516853933,5303.0,4033.0,0.05303,10,8,0.8,24.5,7.8390050389064045,0.31995938934311857,10,0.024304107909258126,7.689043937393928,31.863519313304725,3.442472078720965,2012-01-23 18:15:00,2021-05-27 16:45:00,RHL,6,5,80,1,53,32,1,33,2,1,4,1250,1000,0,72,-13913.0,32314.0,46227.0,0.6990287061673913,0.4722222222222222,-193.23611111111111,950.4117647058823,-1216.5,16335.0,15359.0,0.16335,5,1,0.2,14.4,5.4258639865002145,0.376796110173626,7,0.0,0.0,0.0,0.0,False,False,False
160,32670.0,68293.0,35623.0,1.9171041181259298,0.6125,204.1875,696.8673469387755,-574.5645161290323,8031.0,7358.0,0.08031,10,9,0.9,16.0,5.796550698475776,0.362284418654736,8,0.07624732170186715,4.067986552110572,39.33149678604224,3.432003274461651,2012-03-05 17:30:00,2021-05-24 06:30:00,RHL,6,80,80,1,40,46,46,6,2,1,4,1250,2500,24,93,25743.0,77200.0,51457.0,1.5002817886779252,0.4838709677419355,276.80645161290323,1715.5555555555557,-1072.0208333333333,13860.0,13340.0,0.1386,5,4,0.8,18.6,6.887670143089026,0.3703048464026358,7,0.09676416890028357,1.8573593073593073,50.07108728586412,3.541587267863413,True,False,False
160,35755.0,68557.0,32802.0,2.0900249984757027,0.6375,223.46875,672.1274509803922,-565.551724137931,9647.0,7863.0,0.09647,10,9,0.9,16.0,5.796550698475776,0.362284418654736,8,0.04170046147391973,3.706333575204727,43.16934694448329,3.427078205808006,2012-03-05 17:30:00,2021-05-24 06:30:00,RHL,6,80,80,1,40,46,46,6,2,1,4,1500,1500,24,93,23318.0,65679.0,42361.0,1.550459148745308,0.5806451612903226,250.7311827956989,1216.2777777777778,-1086.179487179487,9780.0,9260.0,0.0978,5,4,0.8,18.6,6.887670143089026,0.3703048464026358,7,0.06394201904108414,2.3842535787321064,39.005918174800584,3.818935089152204,True,True,True
160,34880.0,69191.0,34311.0,2.0165836029261754,0.63125,218.0,685.059405940594,-581.542372881356,9232.0,7930.0,0.09232,10,9,0.9,16.0,5.796550698475776,0.362284418654736,8,0.05708142201834862,3.778162911611785,42.34862385321101,3.417526968469008,2012-03-05 17:30:00,2021-05-24 06:30:00,RHL,6,80,80,1,40,46,46,6,2,1,4,1500,2000,24,93,31113.0,76492.0,45379.0,1.6856255095969501,0.5591397849462365,334.5483870967742,1471.0,-1106.8048780487804,11780.0,11260.0,0.1178,5,4,0.8,18.6,6.887670143089026,0.3703048464026358,7,0.06399254330987048,2.641171477079796,35.21164786423681,4.642903421587408,True,True,True
160,32680.0,69081.0,36401.0,1.8977775335842422,0.6,204.25,719.59375,-568.765625,8148.0,7703.0,0.08148,10,9,0.9,16.0,5.796550698475776,0.362284418654736,8,0.09152386780905752,4.010800196367207,39.89228886168911,3.4083164425662233,2012-03-05 17:30:00,2021-05-24 06:30:00,RHL,6,80,80,1,40,46,46,6,2,1,4,1000,3000,24,93,13338.0,62494.0,49156.0,1.271340222963626,0.41935483870967744,143.41935483870967,1602.4102564102564,-910.2962962962963,11610.0,11090.0,0.1161,5,4,0.8,18.6,6.887670143089026,0.3703048464026358,7,0.22424651372019794,1.1488372093023256,80.9514170040486,2.0049105877954903,True,False,False
160,35085.0,68557.0,33472.0,2.0481895315487573,0.6375,219.28125,672.1274509803922,-577.1034482758621,9527.0,8420.0,0.09527,10,9,0.9,16.0,5.796550698475776,0.362284418654736,8,0.04249679350149636,3.682691298415031,43.44648710275046,3.383972073014362,2012-03-05 17:30:00,2021-05-24 06:30:00,RHL,6,80,80,1,40,46,46,6,2,1,4,1750,1500,24,93,21163.0,65679.0,44516.0,1.47540210261479,0.5806451612903226,227.55913978494624,1216.2777777777778,-1141.4358974358975,10305.0,9785.0,0.10305,5,4,0.8,18.6,6.887670143089026,0.3703048464026358,7,0.07045314936445683,2.053663270257157,45.28493124793271,3.376553536410702,True,True,True
160,28660.0,53672.0,25012.0,2.1458499920038383,0.60625,179.125,553.319587628866,-397.015873015873,6372.0,4203.0,0.06372,10,10,1.0,16.0,5.796550698475776,0.362284418654736,8,0.0869155617585485,4.497802887633396,35.572923935799025,3.3800387133689482,2012-03-05 17:30:00,2021-05-24 03:30:00,RHL,6,80,80,1,40,46,46,6,2,1,4,2500,2500,12,93,13598.0,59058.0,45460.0,1.2991201055873296,0.5698924731182796,146.21505376344086,1114.301886792453,-1136.5,19707.0,18147.0,0.19707,5,3,0.6,18.6,6.887670143089026,0.3703048464026358,7,0.183188704221209,0.6900086263764145,134.7809236652449,1.5688635921391836,True,False,False
160,35855.0,86980.0,51125.0,1.701320293398533,0.65625,224.09375,828.3809523809524,-929.5454545454545,9989.0,8927.0,0.09989,10,8,0.8,16.0,5.796550698475776,0.362284418654736,8,0.05552921489332032,3.589448393232556,44.57509412913122,3.3773190702122733,2012-03-05 17:30:00,2021-05-24 09:45:00,RHL,6,80,80,1,40,46,46,6,2,1,4,4000,2000,48,93,18758.0,93962.0,75204.0,1.2494282219030903,0.6129032258064516,201.69892473118279,1648.4561403508771,-2089.0,29526.0,27270.0,0.29526,5,4,0.8,18.6,6.887670143089026,0.3703048464026358,7,0.10614137967800405,0.6353044774097406,146.3865017592494,1.7680910669132461,True,False,False
160,26895.0,65210.0,38315.0,1.7019444081952237,0.46875,168.09375,869.4666666666667,-450.7647058823529,5640.0,5380.0,0.0564,10,10,1.0,16.0,5.796550698475776,0.362284418654736,8,0.12719836400817996,4.7686170212765955,33.55270496374791,3.3714394837714523,2012-03-05 17:30:00,2021-05-24 12:30:00,RHL,6,80,80,1,40,46,46,6,2,1,4,500,0,48,93,-1872.0,35180.0,37052.0,0.9494764115297419,0.21505376344086022,-20.129032258064516,1759.0,-507.56164383561645,8283.0,7635.0,0.08283,5,1,0.2,18.6,6.887670143089026,0.3703048464026358,7,0.0,0.0,0.0,0.0,False,False,False
360,114460.0,299397.0,184937.0,1.6189134678295851,0.575,317.94444444444446,1446.3623188405797,-1208.7385620915034,20260.0,18154.0,0.2026,10,10,1.0,36.0,14.11382301150188,0.39205063920838557,19,0.08728813559322034,5.649555774925963,63.72182421806745,3.3646111124984355,2012-03-05 17:30:00,2021-06-01 23:00:00,RHL,7,80,80,1,55,46,52,6,2,1,4,2250,10000,0,274,-21186.0,285424.0,306610.0,0.9309024493656437,0.4343065693430657,-77.32116788321167,2398.5210084033615,-1978.1290322580646,56019.0,54939.0,0.56019,5,1,0.2,54.8,18.946239732464065,0.34573430168730046,30,0.0,0.0,0.0,0.0,False,False,False
160,32360.0,76241.0,43881.0,1.7374490098220186,0.5375,202.25,886.5232558139535,-592.9864864864865,8199.0,7525.0,0.08199,10,8,0.8,16.0,5.796550698475776,0.362284418654736,8,0.061526576019777506,3.946822783266252,40.5389369592089,3.3644295731716154,2012-03-05 17:30:00,2021-05-24 09:45:00,RHL,6,80,80,1,40,46,46,6,2,1,4,750,2000,0,93,17908.0,62334.0,44426.0,1.40309728537343,0.3655913978494624,192.55913978494624,1833.3529411764705,-752.9830508474577,6812.0,6072.0,0.06812,5,5,1.0,18.6,6.887670143089026,0.3703048464026358,7,0.11117936117936118,2.62889019377569,35.376144739781104,3.514229921537558,True,True,True
160,35850.0,76624.0,40774.0,1.8792367685289646,0.68125,224.0625,702.9724770642201,-799.4901960784314,10267.0,8733.0,0.10267,10,9,0.9,16.0,5.796550698475776,0.362284418654736,8,0.027642956764295675,3.491769747735463,45.822036262203625,3.3308168346396863,2012-03-05 17:30:00,2021-05-24 03:15:00,RHL,6,80,80,1,40,46,46,6,2,1,4,1500,1000,0,93,11103.0,58286.0,47183.0,1.2353178051416824,0.6559139784946236,119.38709677419355,955.5081967213115,-1474.46875,10655.0,10135.0,0.10655,5,3,0.6,18.6,6.887670143089026,0.3703048464026358,7,0.08925515626407278,1.0420459877991552,89.24750067549311,1.7421438771286026,True,False,False
245,44420.0,89578.0,45158.0,1.9836573807520261,0.6448979591836734,181.30612244897958,566.9493670886076,-519.0574712643678,6738.0,5663.0,0.06738,10,8,0.8,24.5,7.8390050389064045,0.31995938934311857,10,0.02230977037370554,6.592460670822202,37.16366501575867,3.3269810040138244,2012-01-23 18:15:00,2021-05-27 16:45:00,RHL,6,5,80,1,53,32,1,33,2,1,4,2000,1000,0,72,-11963.0,41233.0,53196.0,0.7751146702759606,0.5972222222222222,-166.15277777777777,958.9069767441861,-1834.344827586207,17700.0,15290.0,0.177,5,1,0.2,14.4,5.4258639865002145,0.376796110173626,7,0.0,0.0,0.0,0.0,False,False,False
245,45315.0,90569.0,45254.0,2.001347947142794,0.6489795918367347,184.9591836734694,569.6163522012579,-526.2093023255813,7019.0,5723.0,0.07019,10,8,0.8,24.5,7.8390050389064045,0.31995938934311857,10,0.021869138254441135,6.4560478700669615,37.948913163411675,3.325382702678342,2012-01-23 18:15:00,2021-05-27 16:45:00,RHL,6,5,80,1,53,32,1,33,2,1,4,3000,1000,0,72,-12423.0,45893.0,58316.0,0.7869709856643117,0.6666666666666666,-172.54166666666666,956.1041666666666,-2429.8333333333335,18349.0,17604.0,0.18349,5,3,0.6,14.4,5.4258639865002145,0.376796110173626,7,0.0,0.0,0.0,0.0,False,False,False
160,28160.0,53672.0,25512.0,2.103794292881781,0.60625,176.0,553.319587628866,-404.95238095238096,6372.0,4203.0,0.06372,10,10,1.0,16.0,5.796550698475776,0.362284418654736,8,0.08845880681818181,4.419334588826114,36.20454545454545,3.3210708363038934,2012-03-05 17:30:00,2021-05-24 03:30:00,RHL,6,80,80,1,40,46,46,6,2,1,4,3000,2500,12,93,12603.0,59058.0,46455.0,1.2712948014207297,0.5698924731182796,135.51612903225808,1114.301886792453,-1161.375,19722.0,18162.0,0.19722,5,4,0.8,18.6,6.887670143089026,0.3703048464026358,7,0.19765135285249544,0.6390325524794646,145.53249226374672,1.453512815096114,True,False,False
160,28140.0,53672.0,25532.0,2.1021463261789126,0.60625,175.875,553.319587628866,-405.26984126984127,6372.0,4203.0,0.06372,10,10,1.0,16.0,5.796550698475776,0.362284418654736,8,0.08852167732764747,4.416195856873823,36.230277185501066,3.3187121212212913,2012-03-05 17:30:00,2021-05-24 03:30:00,RHL,6,80,80,1,40,46,46,6,2,1,4,1750,2500,12,93,14903.0,56567.0,41664.0,1.3576948924731183,0.5591397849462365,160.247311827957,1087.826923076923,-1016.1951219512196,16997.0,15437.0,0.16997,5,3,0.6,18.6,6.887670143089026,0.3703048464026358,7,0.1671475541837214,0.8768017885509207,106.0673018855264,1.85143287219747,True,False,False
160,34745.0,77615.0,42870.0,1.8104735246092838,0.6875,217.15625,705.5909090909091,-857.4,9742.0,8654.0,0.09742,10,9,0.9,16.0,5.796550698475776,0.362284418654736,8,0.028522089509281912,3.5665161157873126,44.861706720391425,3.313993295063677,2012-03-05 17:30:00,2021-05-24 03:15:00,RHL,6,80,80,1,40,46,46,6,2,1,4,2250,1000,0,93,8318.0,63067.0,54749.0,1.151929715611244,0.7204301075268817,89.44086021505376,941.2985074626865,-2105.730769230769,12871.0,10581.0,0.12871,5,3,0.6,18.6,6.887670143089026,0.3703048464026358,7,0.11913921615773022,0.6462590319322508,143.9051454676605,1.1874987933268504,False,False,False
160,27465.0,61319.0,33854.0,1.811277840137059,0.5875,171.65625,652.3297872340426,-512.939393939394,6196.0,5505.0,0.06196,10,9,0.9,16.0,5.796550698475776,0.362284418654736,8,0.05428727471327144,4.4326985151710785,36.09539413799381,3.284787435491259,2012-03-05 17:30:00,2021-05-24 06:30:00,RHL,6,80,80,1,40,46,46,6,2,1,4,750,1500,24,93,9793.0,48240.0,38447.0,1.2547142819985955,0.43010752688172044,105.3010752688172,1206.0,-725.4150943396227,6658.0,5999.0,0.06658,5,4,0.8,18.6,6.887670143089026,0.3703048464026358,7,0.1522516082916369,1.470862120756984,63.22822424180537,1.9438567867465626,True,False,False
160,27760.0,52772.0,25012.0,2.1098672637134177,0.60625,173.5,544.0412371134021,-397.015873015873,6372.0,4203.0,0.06372,10,10,1.0,16.0,5.796550698475776,0.362284418654736,8,0.07172190201729106,4.356559949780289,36.726224783861674,3.2738965346518496,2012-03-05 17:30:00,2021-05-24 03:30:00,RHL,6,80,80,1,40,46,46,6,2,1,4,2500,2000,12,93,12553.0,56804.0,44251.0,1.2836772050349146,0.5806451612903226,134.9784946236559,1051.9259259259259,-1134.6410256410256,16726.0,15750.0,0.16726,5,3,0.6,18.6,6.887670143089026,0.3703048464026358,7,0.15860750418226718,0.7505081908406075,123.91603600732893,1.5720700312400722,True,False,False
160,31390.0,67791.0,36401.0,1.8623389467322327,0.6,196.1875,706.15625,-568.765625,8148.0,7703.0,0.08148,10,9,0.9,16.0,5.796550698475776,0.362284418654736,8,0.07935648295635553,3.8524791359842907,41.5316979929914,3.27377763562282,2012-03-05 17:30:00,2021-05-24 06:30:00,RHL,6,80,80,1,40,46,46,6,2,1,4,1000,2500,24,93,16598.0,64745.0,48147.0,1.3447359129333085,0.43010752688172044,178.4731182795699,1618.625,-908.433962264151,11610.0,11090.0,0.1161,5,5,1.0,18.6,6.887670143089026,0.3703048464026358,7,0.15007832268948065,1.4296296296296296,65.0518134715026,2.4949397163165052,True,False,False
160,34565.0,69787.0,35222.0,1.981346885469309,0.6375,216.03125,684.1862745098039,-607.2758620689655,9924.0,9255.0,0.09924,10,9,0.9,16.0,5.796550698475776,0.362284418654736,8,0.057601620135975695,3.4829705763804917,45.93779835093302,3.2664540664617,2012-03-05 17:30:00,2021-05-24 06:30:00,RHL,6,80,80,1,40,46,46,6,2,1,4,2000,2000,24,93,28623.0,78483.0,49860.0,1.5740673886883274,0.5698924731182796,307.7741935483871,1480.811320754717,-1246.5,14555.0,14035.0,0.14555,5,4,0.8,18.6,6.887670143089026,0.3703048464026358,7,0.06955944520141145,1.9665407076605976,47.29116444817105,3.842637810666039,True,False,False
160,27620.0,52488.0,24868.0,2.1106643075438316,0.6125,172.625,535.5918367346939,-401.0967741935484,6372.0,4203.0,0.06372,10,9,0.9,16.0,5.796550698475776,0.362284418654736,8,0.05398262128892107,4.33458882611425,36.912382331643734,3.2573855290736344,2012-03-05 17:30:00,2021-05-24 03:30:00,RHL,6,80,80,1,40,46,46,6,2,1,4,2500,1500,12,93,12378.0,53746.0,41368.0,1.2992167859214852,0.6021505376344086,133.09677419354838,959.75,-1118.054054054054,12726.0,11750.0,0.12726,5,3,0.6,18.6,6.887670143089026,0.3703048464026358,7,0.1204556471158507,0.9726544082979727,95.61463887542415,1.7771534337500903,True,False,False
160,27310.0,52322.0,25012.0,2.0918758995682074,0.60625,170.6875,539.4020618556701,-397.015873015873,6372.0,4203.0,0.06372,10,10,1.0,16.0,5.796550698475776,0.362284418654736,8,0.07931160746979128,4.285938480853735,37.33138044672281,3.2208254452933,2012-03-05 17:30:00,2021-05-24 03:30:00,RHL,6,80,80,1,40,46,46,6,2,1,4,2500,0,12,93,10263.0,55723.0,45460.0,1.2257589089309282,0.5698924731182796,110.35483870967742,1051.377358490566,-1136.5,21227.0,19667.0,0.21227,5,3,0.6,18.6,6.887670143089026,0.3703048464026358,7,0.29289681379713534,0.4834880105525981,192.35223618824904,1.1409074737243505,True,False,False
160,33435.0,77615.0,44180.0,1.7567904028972385,0.6875,208.96875,705.5909090909091,-883.6,9552.0,8464.0,0.09552,10,9,0.9,16.0,5.796550698475776,0.362284418654736,8,0.029639599222371766,3.500314070351759,45.71018393898609,3.2206055919059757,2012-03-05 17:30:00,2021-05-24 03:15:00,RHL,6,80,80,1,40,46,46,6,2,1,4,2500,1000,0,93,9318.0,65049.0,55731.0,1.1671959950476396,0.7419354838709677,100.19354838709677,942.7391304347826,-2322.125,14371.0,12081.0,0.14371,5,3,0.6,18.6,6.887670143089026,0.3703048464026358,7,0.10635329469843315,0.6483891169716791,143.43238892466195,1.258924303112397,False,False,False
160,27260.0,52772.0,25512.0,2.06851677641894,0.60625,170.375,544.0412371134021,-404.95238095238096,6372.0,4203.0,0.06372,10,10,1.0,16.0,5.796550698475776,0.362284418654736,8,0.07303741746148203,4.278091650973007,37.39985326485694,3.2149286575867944,2012-03-05 17:30:00,2021-05-24 03:30:00,RHL,6,80,80,1,40,46,46,6,2,1,4,3000,2000,12,93,11558.0,56804.0,45246.0,1.2554479954029085,0.5806451612903226,124.27956989247312,1051.9259259259259,-1160.1538461538462,18201.0,17225.0,0.18201,5,4,0.8,18.6,6.887670143089026,0.3703048464026358,7,0.172261636961412,0.6350200538431954,146.4520678318048,1.3875718205740162,True,False,False
160,27240.0,52772.0,25532.0,2.066896443678521,0.60625,170.25,544.0412371134021,-405.26984126984127,6372.0,4203.0,0.06372,10,10,1.0,16.0,5.796550698475776,0.362284418654736,8,0.07309104258443465,4.274952919020715,37.4273127753304,3.2125699425041923,2012-03-05 17:30:00,2021-05-24 03:30:00,RHL,6,80,80,1,40,46,46,6,2,1,4,1750,2000,12,93,14908.0,54813.0,39905.0,1.3735872697656935,0.5698924731182796,160.30107526881721,1034.2075471698113,-997.625,13335.0,12815.0,0.13335,5,3,0.6,18.6,6.887670143089026,0.3703048464026358,7,0.13355245505768715,1.117960254968129,83.18721491816474,2.0909482298787623,True,False,False
160,34260.0,76624.0,42364.0,1.8087055046737797,0.68125,214.125,702.9724770642201,-830.6666666666666,10082.0,9083.0,0.10082,10,9,0.9,16.0,5.796550698475776,0.362284418654736,8,0.028925861062463514,3.398135290616941,47.08464681844717,3.212161585953124,2012-03-05 17:30:00,2021-05-24 03:15:00,RHL,6,80,80,1,40,46,46,6,2,1,4,1750,1000,0,93,7523.0,59067.0,51544.0,1.145952972217911,0.6666666666666666,80.89247311827957,952.6935483870968,-1662.7096774193549,11123.0,10095.0,0.11123,5,3,0.6,18.6,6.887670143089026,0.3703048464026358,7,0.13172936328592316,0.6763463094488897,137.50352253090523,1.1553152322220464,False,False,False
160,27160.0,53672.0,26512.0,2.024441762220881,0.60625,169.75,553.319587628866,-420.8253968253968,6372.0,4203.0,0.06372,10,10,1.0,16.0,5.796550698475776,0.362284418654736,8,0.09171575846833578,4.26239799121155,37.53755522827688,3.2031350821737834,2012-03-05 17:30:00,2021-05-24 03:30:00,RHL,6,80,80,1,40,46,46,6,2,1,4,4000,2500,12,93,11783.0,59304.0,47521.0,1.2479535363313061,0.5806451612903226,126.6989247311828,1098.2222222222222,-1218.4871794871794,22722.0,21162.0,0.22722,5,4,0.8,18.6,6.887670143089026,0.3703048464026358,7,0.21140626326062972,0.518572308775636,179.33853857251972,1.2660562632125825,True,False,False
160,27140.0,53672.0,26532.0,2.0229157244082616,0.60625,169.625,553.319587628866,-421.14285714285717,6372.0,4203.0,0.06372,10,10,1.0,16.0,5.796550698475776,0.362284418654736,8,0.09178334561532793,4.2592592592592595,37.56521739130435,3.2007763670911813,2012-03-05 17:30:00,2021-05-24 03:30:00,RHL,6,80,80,1,40,46,46,6,2,1,4,2000,2500,12,93,16173.0,59058.0,42885.0,1.377124868835257,0.5698924731182796,173.90322580645162,1114.301886792453,-1072.125,18727.0,17167.0,0.18727,5,3,0.6,18.6,6.887670143089026,0.3703048464026358,7,0.15402213565819575,0.8636193730976665,107.68632906696345,1.9141540535532926,True,False,False
160,27120.0,52488.0,25368.0,2.0690633869441815,0.6125,169.5,535.5918367346939,-409.16129032258067,6372.0,4203.0,0.06372,10,9,0.9,16.0,5.796550698475776,0.362284418654736,8,0.05497787610619469,4.256120527306968,37.5929203539823,3.1984176520085796,2012-03-05 17:30:00,2021-05-24 03:30:00,RHL,6,80,80,1,40,46,46,6,2,1,4,3000,1500,12,93,11883.0,53746.0,41863.0,1.2838544777010725,0.6021505376344086,127.7741935483871,959.75,-1131.4324324324325,13701.0,12725.0,0.13701,5,4,0.8,18.6,6.887670143089026,0.3703048464026358,7,0.12547336531178996,0.8673089555506898,107.22822519565766,1.644259539088656,True,False,False
160,27100.0,52488.0,25388.0,2.0674334331180084,0.6125,169.375,535.5918367346939,-409.48387096774195,6372.0,4203.0,0.06372,10,9,0.9,16.0,5.796550698475776,0.362284418654736,8,0.05501845018450185,4.2529817953546765,37.62066420664207,3.196058936925977,2012-03-05 17:30:00,2021-05-24 03:30:00,RHL,6,80,80,1,40,46,46,6,2,1,4,1750,1500,12,93,14483.0,52255.0,37772.0,1.383432171979244,0.5913978494623656,155.7311827956989,950.0909090909091,-994.0,10085.0,9565.0,0.10085,5,4,0.8,18.6,6.887670143089026,0.3703048464026358,7,0.10294828419526342,1.4360932077342587,64.75902782572672,2.3358286745655055,True,False,False
160,26045.0,60658.0,34613.0,1.7524629474474909,0.58125,162.78125,652.236559139785,-516.6119402985074,5898.0,5590.0,0.05898,10,9,0.9,16.0,5.796550698475776,0.362284418654736,8,0.07644461508926857,4.415903696168193,36.232674217700136,3.1926796910522794,2012-03-05 17:30:00,2021-05-24 06:30:00,RHL,6,80,80,1,40,46,46,6,2,1,4,750,2000,24,93,14538.0,54503.0,39965.0,1.3637682972601026,0.40860215053763443,156.32258064516128,1434.2894736842106,-726.6363636363636,8393.0,7204.0,0.08393,5,5,1.0,18.6,6.887670143089026,0.3703048464026358,7,0.13695143761177603,1.7321577505063743,53.690260008254235,2.570197276654605,True,False,False
160,27005.0,53672.0,26667.0,2.0126748415644804,0.60625,168.78125,553.319587628866,-423.2857142857143,6372.0,4203.0,0.06372,10,10,1.0,16.0,5.796550698475776,0.362284418654736,8,0.09224217737456027,4.238072818581293,37.7530087020922,3.1848550402836167,2012-03-05 17:30:00,2021-05-24 03:30:00,RHL,6,80,80,1,40,46,46,6,2,1,4,2250,2500,12,93,15193.0,59058.0,43865.0,1.3463581443063946,0.5698924731182796,163.36559139784947,1114.301886792453,-1096.625,18457.0,16897.0,0.18457,5,3,0.6,18.6,6.887670143089026,0.3703048464026358,7,0.16395708549990126,0.8231565259793032,112.97972750608832,1.8112708085556282,True,False,False
160,26810.0,52322.0,25512.0,2.0508780181875195,0.60625,167.5625,539.4020618556701,-404.95238095238096,6372.0,4203.0,0.06372,10,10,1.0,16.0,5.796550698475776,0.362284418654736,8,0.08079074972025364,4.207470182046453,38.02760164117866,3.1618575682282453,2012-03-05 17:30:00,2021-05-24 03:30:00,RHL,6,80,80,1,40,46,46,6,2,1,4,3000,0,12,93,9268.0,55723.0,46455.0,1.199504897212356,0.5698924731182796,99.65591397849462,1051.377358490566,-1161.375,21242.0,19682.0,0.21242,5,3,0.6,18.6,6.887670143089026,0.3703048464026358,7,0.3243418213206733,0.436305432633462,213.15343116098404,1.0299324199744253,True,False,False
160,26790.0,52322.0,25532.0,2.0492715024283252,0.60625,167.4375,539.4020618556701,-405.26984126984127,6372.0,4203.0,0.06372,10,10,1.0,16.0,5.796550698475776,0.362284418654736,8,0.08085106382978724,4.204331450094162,38.05599104143337,3.159498853145643,2012-03-05 17:30:00,2021-05-24 03:30:00,RHL,6,80,80,1,40,46,46,6,2,1,4,1750,0,12,93,11348.0,53012.0,41664.0,1.2723694316436251,0.5591397849462365,122.02150537634408,1019.4615384615385,-1016.1951219512196,18517.0,16957.0,0.18517,5,3,0.6,18.6,6.887670143089026,0.3703048464026358,7,0.26489249206908705,0.6128422530647513,151.75193866760662,1.3506860670981142,True,False,False
160,24975.0,63290.0,38315.0,1.65183348558006,0.46875,156.09375,843.8666666666667,-450.7647058823529,5640.0,5380.0,0.0564,10,10,1.0,16.0,5.796550698475776,0.362284418654736,8,0.09973973973973974,4.428191489361702,36.132132132132135,3.1307566873839754,2012-03-05 17:30:00,2021-05-24 12:00:00,RHL,6,80,80,1,40,46,46,6,2,1,4,500,2500,48,93,10833.0,46358.0,35525.0,1.3049401829697396,0.24731182795698925,116.48387096774194,2015.5652173913043,-507.5,8283.0,7635.0,0.08283,5,4,0.8,18.6,6.887670143089026,0.3703048464026358,7,0.22994553678574725,1.3078594712060847,71.10855718637497,1.9278592279012123,True,False,False
245,49030.0,102584.0,53554.0,1.9155245173096314,0.5877551020408164,200.12244897959184,712.3888888888889,-530.2376237623762,9276.0,8026.0,0.09276,10,8,0.8,24.5,7.8390050389064045,0.31995938934311857,10,0.12219049561492963,5.285683484260457,46.35162145625127,3.129815907628655,2012-01-23 18:15:00,2021-05-27 23:00:00,RHL,6,5,80,1,53,32,1,33,2,1,4,1000,6000,0,72,-22948.0,32441.0,55389.0,0.585693910343209,0.2222222222222222,-318.72222222222223,2027.5625,-989.0892857142857,23706.0,23172.0,0.23706,5,1,0.2,14.4,5.4258639865002145,0.376796110173626,7,0.0,0.0,0.0,0.0,False,False,False
245,48570.0,102124.0,53554.0,1.906935056204952,0.5877551020408164,198.24489795918367,709.1944444444445,-530.2376237623762,9276.0,8026.0,0.09276,10,8,0.8,24.5,7.8390050389064045,0.31995938934311857,10,0.1138768787317274,5.236093143596378,46.79061148857319,3.100451940312539,2012-01-23 18:15:00,2021-05-27 23:00:00,RHL,6,5,80,1,53,32,1,33,2,1,4,1000,0,0,72,-21913.0,33476.0,55389.0,0.6043799310332376,0.2222222222222222,-304.34722222222223,2092.25,-989.0892857142857,22671.0,22137.0,0.22671,5,1,0.2,14.4,5.4258639865002145,0.376796110173626,7,0.0,0.0,0.0,0.0,False,False,False
160,30520.0,64884.0,34364.0,1.8881387498544988,0.61875,190.75,655.3939393939394,-563.344262295082,8601.0,7273.0,0.08601,10,9,0.9,16.0,5.796550698475776,0.362284418654736,8,0.048853211009174315,3.5484246017904897,45.09043250327654,3.098085702242369,2012-03-05 17:30:00,2021-05-24 06:30:00,RHL,6,80,80,1,40,46,46,6,2,1,4,1250,1500,24,93,12488.0,60168.0,47680.0,1.2619127516778523,0.5161290322580645,134.27956989247312,1253.5,-1059.5555555555557,10443.0,9635.0,0.10443,5,4,0.8,18.6,6.887670143089026,0.3703048464026358,7,0.11939461883408072,1.1958249545149862,77.7705797565663,1.9792500162065985,True,False,False
160,26260.0,52772.0,26512.0,1.9904948702474352,0.60625,164.125,544.0412371134021,-420.8253968253968,6372.0,4203.0,0.06372,10,10,1.0,16.0,5.796550698475776,0.362284418654736,8,0.07581873571972582,4.121155053358443,38.82406702208682,3.0969929034566848,2012-03-05 17:30:00,2021-05-24 03:30:00,RHL,6,80,80,1,40,46,46,6,2,1,4,4000,2000,12,93,10738.0,57050.0,46312.0,1.2318621523579203,0.5913978494623656,115.46236559139786,1037.2727272727273,-1218.7368421052631,21201.0,20225.0,0.21201,5,4,0.8,18.6,6.887670143089026,0.3703048464026358,7,0.1854162786366176,0.5064855431347578,183.61827155894952,1.1944435586062463,True,False,False
160,33335.0,68557.0,35222.0,1.9464255294986088,0.6375,208.34375,672.1274509803922,-607.2758620689655,10277.0,9170.0,0.10277,10,9,0.9,16.0,5.796550698475776,0.362284418654736,8,0.04472776361181941,3.243650870876715,49.327133643317836,3.095641450507161,2012-03-05 17:30:00,2021-05-24 06:30:00,RHL,6,80,80,1,40,46,46,6,2,1,4,2000,1500,24,93,21328.0,67170.0,45842.0,1.4652502072335414,0.5913978494623656,229.33333333333334,1221.2727272727273,-1206.3684210526317,12055.0,11535.0,0.12055,5,4,0.8,18.6,6.887670143089026,0.3703048464026358,7,0.06990810202550637,1.7692243882206553,52.565406976744185,3.1462043763884857,True,False,False
160,26240.0,52772.0,26532.0,1.9889944218302427,0.60625,164.0,544.0412371134021,-421.14285714285717,6372.0,4203.0,0.06372,10,10,1.0,16.0,5.796550698475776,0.362284418654736,8,0.07587652439024391,4.118016321406152,38.853658536585364,3.0946341883740827,2012-03-05 17:30:00,2021-05-24 03:30:00,RHL,6,80,80,1,40,46,46,6,2,1,4,2000,2000,12,93,15928.0,56804.0,40876.0,1.3896663078579117,0.5806451612903226,171.2688172043011,1051.9259259259259,-1048.1025641025642,14835.0,14315.0,0.14835,5,3,0.6,18.6,6.887670143089026,0.3703048464026358,7,0.125,1.0736771149309066,86.61821948769462,2.11805814308463,True,False,False
160,26160.0,53672.0,27512.0,1.950857807502181,0.60625,163.5,553.319587628866,-436.6984126984127,6372.0,5163.0,0.06372,10,10,1.0,16.0,5.796550698475776,0.362284418654736,8,0.0952217125382263,4.105461393596987,38.972477064220186,3.085199328043674,2012-03-05 17:30:00,2021-05-24 03:30:00,RHL,6,80,80,1,40,46,46,6,2,1,4,5000,2500,12,93,8548.0,59304.0,50756.0,1.1684135865710459,0.5806451612903226,91.91397849462365,1098.2222222222222,-1301.4358974358975,25132.0,23572.0,0.25132,5,4,0.8,18.6,6.887670143089026,0.3703048464026358,7,0.291413196069256,0.3401241445169505,273.42957416939635,0.8733159540636611,True,False,False
160,26120.0,52488.0,26368.0,1.9905946601941749,0.6125,163.25,535.5918367346939,-425.2903225806452,6372.0,4203.0,0.06372,10,9,0.9,16.0,5.796550698475776,0.362284418654736,8,0.05708269525267994,4.099183929692404,39.03215926493109,3.080481897878469,2012-03-05 17:30:00,2021-05-24 03:30:00,RHL,6,80,80,1,40,46,46,6,2,1,4,4000,1500,12,93,12063.0,53992.0,41929.0,1.2877006367907653,0.6129032258064516,129.70967741935485,947.2280701754386,-1164.6944444444443,15701.0,14725.0,0.15701,5,4,0.8,18.6,6.887670143089026,0.3703048464026358,7,0.1236010942551604,0.7682950130564932,121.04725192738124,1.5592368035862318,True,False,False
160,26105.0,52772.0,26667.0,1.9789252634342072,0.60625,163.15625,544.0412371134021,-423.2857142857143,6372.0,4203.0,0.06372,10,10,1.0,16.0,5.796550698475776,0.362284418654736,8,0.0762689140011492,4.096829880728186,39.05458724382302,3.078712861566518,2012-03-05 17:30:00,2021-05-24 03:30:00,RHL,6,80,80,1,40,46,46,6,2,1,4,2250,2000,12,93,14148.0,56804.0,42656.0,1.3316766691672919,0.5806451612903226,152.1290322580645,1051.9259259259259,-1093.7435897435898,15726.0,14750.0,0.15726,5,3,0.6,18.6,6.887670143089026,0.3703048464026358,7,0.14072660446706248,0.8996566196108355,103.37277353689568,1.8272851364795386,True,False,False
160,26100.0,52488.0,26388.0,1.9890859481582537,0.6125,163.125,535.5918367346939,-425.61290322580646,6372.0,4203.0,0.06372,10,9,0.9,16.0,5.796550698475776,0.362284418654736,8,0.0571264367816092,4.096045197740113,39.06206896551724,3.078123182795867,2012-03-05 17:30:00,2021-05-24 03:30:00,RHL,6,80,80,1,40,46,46,6,2,1,4,2000,1500,12,93,15253.0,53746.0,38493.0,1.3962538643389708,0.6021505376344086,164.01075268817203,959.75,-1040.3513513513512,11335.0,10815.0,0.11335,5,3,0.6,18.6,6.887670143089026,0.3703048464026358,7,0.09775126204681046,1.3456550507278342,69.11132236281388,2.3204109922748306,True,False,False
245,42540.0,89578.0,47038.0,1.9043751860198137,0.6448979591836734,173.6326530612245,566.9493670886076,-540.6666666666666,7294.0,5998.0,0.07294,10,8,0.8,24.5,7.8390050389064045,0.31995938934311857,10,0.023295721673718853,5.832190841787771,42.00822755054067,3.0623292064113508,2012-01-23 18:15:00,2021-05-27 16:45:00,RHL,6,5,80,1,53,32,1,33,2,1,4,2500,1000,0,72,-13963.0,44206.0,58169.0,0.7599580532586085,0.6388888888888888,-193.93055555555554,961.0,-2237.269230769231,18389.0,17644.0,0.18389,5,1,0.2,14.4,5.4258639865002145,0.376796110173626,7,0.0,0.0,0.0,0.0,False,False,False
160,25965.0,52488.0,26523.0,1.978961655921276,0.6125,162.28125,535.5918367346939,-427.7903225806452,6372.0,4203.0,0.06372,10,9,0.9,16.0,5.796550698475776,0.362284418654736,8,0.05742345465049105,4.074858757062147,39.26516464471404,3.0622018559883024,2012-03-05 17:30:00,2021-05-24 03:30:00,RHL,6,80,80,1,40,46,46,6,2,1,4,2250,1500,12,93,13723.0,53746.0,40023.0,1.3428778452389876,0.6021505376344086,147.55913978494624,959.75,-1081.7027027027027,11976.0,11000.0,0.11976,5,3,0.6,18.6,6.887670143089026,0.3703048464026358,7,0.10864971216206369,1.145875083500334,81.16067915178897,2.0310170806270977,True,False,False
160,29025.0,69561.0,40536.0,1.7160301953818828,0.63125,181.40625,688.7227722772277,-687.0508474576271,8026.0,6466.0,0.08026,10,9,0.9,16.0,5.796550698475776,0.362284418654736,8,0.034142980189491814,3.6163717916770497,44.243238587424635,3.0500434254616904,2012-03-05 17:30:00,2021-05-24 03:15:00,RHL,6,80,80,1,40,46,46,6,2,1,4,1000,1000,0,93,-6222.0,42614.0,48836.0,0.8725939880416087,0.4731182795698925,-66.90322580645162,968.5,-996.6530612244898,15089.0,14024.0,0.15089,5,2,0.4,18.6,6.887670143089026,0.3703048464026358,7,0.0,0.0,0.0,0.0,False,False,False
160,26410.0,52488.0,26078.0,2.012731037656262,0.6125,165.0625,535.5918367346939,-420.61290322580646,6647.0,4478.0,0.06647,10,9,0.9,16.0,5.796550698475776,0.362284418654736,8,0.056455887921241954,3.9732210019557694,40.26959485043544,3.0495722976028348,2012-03-05 17:30:00,2021-05-24 03:30:00,RHL,6,80,80,1,40,46,46,6,2,1,4,1500,1500,12,93,13933.0,52109.0,38176.0,1.3649675188600168,0.5806451612903226,149.81720430107526,964.9814814814815,-978.8717948717949,12140.0,11620.0,0.1214,5,4,0.8,18.6,6.887670143089026,0.3703048464026358,7,0.10701212947678174,1.1476935749588137,81.03208210722745,2.0481214211874734,True,False,False
160,25810.0,52322.0,26512.0,1.9735214242607122,0.60625,161.3125,539.4020618556701,-420.8253968253968,6372.0,4203.0,0.06372,10,10,1.0,16.0,5.796550698475776,0.362284418654736,8,0.08392096086788067,4.050533584431889,39.500968616815186,3.0439218140981352,2012-03-05 17:30:00,2021-05-24 03:30:00,RHL,6,80,80,1,40,46,46,6,2,1,4,4000,0,12,93,8448.0,55969.0,47521.0,1.1777740367416512,0.5806451612903226,90.83870967741936,1036.462962962963,-1218.4871794871794,24242.0,22682.0,0.24242,5,3,0.6,18.6,6.887670143089026,0.3703048464026358,7,0.35582386363636365,0.34848609850672385,266.86860795454544,0.8788000801506595,True,False,False
160,25790.0,52322.0,26532.0,1.9720337705412332,0.60625,161.1875,539.4020618556701,-421.14285714285717,6372.0,4203.0,0.06372,10,10,1.0,16.0,5.796550698475776,0.362284418654736,8,0.08398604110120202,4.047394852479599,39.53160139588988,3.041563099015533,2012-03-05 17:30:00,2021-05-24 03:30:00,RHL,6,80,80,1,40,46,46,6,2,1,4,2000,0,12,93,12838.0,55723.0,42885.0,1.2993587501457387,0.5698924731182796,138.04301075268816,1051.377358490566,-1072.125,20247.0,18687.0,0.20247,5,3,0.6,18.6,6.887670143089026,0.3703048464026358,7,0.2341486212805733,0.634069244826394,146.67167783143793,1.4612934445785686,True,False,False
245,39915.0,79850.0,39935.0,1.9994991861775384,0.6122448979591837,162.91836734693877,532.3333333333334,-420.36842105263156,6530.0,5795.0,0.0653,10,9,0.9,24.5,7.8390050389064045,0.31995938934311857,10,0.10161593385945134,6.112557427258806,40.08142302392584,3.0368043530186934,2012-01-23 18:15:00,2021-05-27 21:00:00,RHL,6,5,80,1,53,32,1,33,2,1,4,5000,0,48,72,-11038.0,53031.0,64069.0,0.8277169926173344,0.5,-153.30555555555554,1473.0833333333333,-1779.6944444444443,20859.0,16938.0,0.20859,5,1,0.2,14.4,5.4258639865002145,0.376796110173626,7,0.0,0.0,0.0,0.0,False,False,False
245,47510.0,101064.0,53554.0,1.8871419501811255,0.5877551020408164,193.91836734693877,701.8333333333334,-530.2376237623762,9276.0,8026.0,0.09276,10,8,0.8,24.5,7.8390050389064045,0.31995938934311857,10,0.10505156809092822,5.121819749892195,47.8345611450221,3.0327871460623577,2012-01-23 18:15:00,2021-05-27 23:00:00,RHL,6,5,80,1,53,32,1,33,2,1,4,1000,5000,0,72,-24948.0,30441.0,55389.0,0.5495856578020907,0.2222222222222222,-346.5,1902.5625,-989.0892857142857,25706.0,25172.0,0.25706,5,1,0.2,14.4,5.4258639865002145,0.376796110173626,7,0.0,0.0,0.0,0.0,False,False,False
245,39850.0,79785.0,39935.0,1.9978715412545387,0.6122448979591837,162.6530612244898,531.9,-420.36842105263156,6530.0,5795.0,0.0653,10,9,0.9,24.5,7.8390050389064045,0.31995938934311857,10,0.10015056461731493,6.10260336906585,40.14680050188206,3.0318590371488146,2012-01-23 18:15:00,2021-05-27 21:00:00,RHL,6,5,80,1,53,32,1,33,2,1,4,5000,4000,48,72,-6468.0,56972.0,63440.0,0.8980453972257251,0.5138888888888888,-89.83333333333333,1539.7837837837837,-1812.5714285714287,20575.0,16508.0,0.20575,5,2,0.4,14.4,5.4258639865002145,0.376796110173626,7,0.0,0.0,0.0,0.0,False,False,False
160,25655.0,52322.0,26667.0,1.9620504743690703,0.60625,160.34375,539.4020618556701,-423.2857142857143,6372.0,4203.0,0.06372,10,10,1.0,16.0,5.796550698475776,0.362284418654736,8,0.08442798674722277,4.026208411801632,39.739621906061195,3.0256417722079685,2012-03-05 17:30:00,2021-05-24 03:30:00,RHL,6,80,80,1,40,46,46,6,2,1,4,2250,0,12,93,11858.0,55723.0,43865.0,1.270329419810783,0.5698924731182796,127.50537634408602,1051.377358490566,-1096.625,19977.0,18417.0,0.19977,5,3,0.6,18.6,6.887670143089026,0.3703048464026358,7,0.2534997470062405,0.593582620013015,156.6757463315905,1.3588349771522334,True,False,False
245,42420.0,89578.0,47158.0,1.8995292421222274,0.6448979591836734,173.14285714285714,566.9493670886076,-542.0459770114943,7488.0,6413.0,0.07488,10,8,0.8,24.5,7.8390050389064045,0.31995938934311857,10,0.02336162187647336,5.665064102564102,43.24752475247525,3.013873477185182,2012-01-23 18:15:00,2021-05-27 16:45:00,RHL,6,5,80,1,53,32,1,33,2,1,4,2250,1000,0,72,-14963.0,42224.0,57187.0,0.7383496249147533,0.6111111111111112,-207.81944444444446,959.6363636363636,-2042.392857142857,20640.0,17936.0,0.2064,5,1,0.2,14.4,5.4258639865002145,0.376796110173626,7,0.0,0.0,0.0,0.0,False,False,False
160,26085.0,53672.0,27587.0,1.945554065320622,0.60625,163.03125,553.319587628866,-437.8888888888889,6647.0,4478.0,0.06647,10,10,1.0,16.0,5.796550698475776,0.362284418654736,8,0.09549549549549549,3.924326763953663,40.771324516005365,3.0120444294952646,2012-03-05 17:30:00,2021-05-24 03:30:00,RHL,6,80,80,1,40,46,46,6,2,1,4,1500,2500,12,93,14853.0,56421.0,41568.0,1.357318129330254,0.5483870967741935,159.70967741935485,1106.2941176470588,-989.7142857142857,18547.0,16987.0,0.18547,5,3,0.6,18.6,6.887670143089026,0.3703048464026358,7,0.16771022689019052,0.8008303229632825,116.12946879418298,1.766435365954358,True,False,False
160,28895.0,64518.0,35623.0,1.8111332566038796,0.6125,180.59375,658.3469387755102,-574.5645161290323,8186.0,7358.0,0.08186,10,9,0.9,16.0,5.796550698475776,0.362284418654736,8,0.0689046547845648,3.529806987539702,45.328257483993774,3.006562253082611,2012-03-05 17:30:00,2021-05-24 06:30:00,RHL,6,80,80,1,40,46,46,6,2,1,4,1250,2000,24,93,20233.0,70431.0,50198.0,1.403063867086338,0.4946236559139785,217.55913978494624,1531.108695652174,-1068.0425531914893,11905.0,11385.0,0.11905,5,5,1.0,18.6,6.887670143089026,0.3703048464026358,7,0.09840359808234073,1.6995380092398151,54.72075322492957,3.0034194421428446,True,False,False
160,32160.0,69728.0,37568.0,1.8560477001703577,0.675,201.0,645.6296296296297,-722.4615384615385,10207.0,8518.0,0.10207,10,9,0.9,16.0,5.796550698475776,0.362284418654736,8,0.030814676616915424,3.150778877241109,50.78109452736319,2.9967489008153017,2012-03-05 17:30:00,2021-05-24 03:15:00,RHL,6,80,80,1,40,46,46,6,2,1,4,1500,1000,48,93,11783.0,57546.0,45763.0,1.2574787492078754,0.6559139784946236,126.6989247311828,943.3770491803278,-1430.09375,10785.0,10265.0,0.10785,5,3,0.6,18.6,6.887670143089026,0.3703048464026358,7,0.08410421794110158,1.0925359295317572,85.12305864380887,1.8376644296110478,True,False,False
160,25260.0,52772.0,27512.0,1.9181448095376563,0.60625,157.875,544.0412371134021,-436.6984126984127,6372.0,5163.0,0.06372,10,10,1.0,16.0,5.796550698475776,0.362284418654736,8,0.0788202692003167,3.9642184557438793,40.36104513064133,2.979057149326575,2012-03-05 17:30:00,2021-05-24 03:30:00,RHL,6,80,80,1,40,46,46,6,2,1,4,5000,2000,12,93,7503.0,57050.0,49547.0,1.1514319736815548,0.5913978494623656,80.6774193548387,1037.2727272727273,-1303.8684210526317,23611.0,22635.0,0.23611,5,4,0.8,18.6,6.887670143089026,0.3703048464026358,7,0.2653605224576836,0.31777561306170854,292.65933626549383,0.7908573623432472,True,False,False
245,39115.0,79050.0,39935.0,1.9794666332790785,0.6122448979591837,159.6530612244898,527.0,-420.36842105263156,6530.0,5795.0,0.0653,10,9,0.9,24.5,7.8390050389064045,0.31995938934311857,10,0.07646682858238528,5.990045941807044,40.90118880224978,2.9759389269278764,2012-01-23 18:15:00,2021-05-27 21:00:00,RHL,6,5,80,1,53,32,1,33,2,1,4,5000,3000,48,72,-4918.0,56613.0,61531.0,0.9200728088280704,0.5277777777777778,-68.30555555555556,1489.8157894736842,-1809.735294117647,17300.0,13695.0,0.173,5,2,0.4,14.4,5.4258639865002145,0.376796110173626,7,0.0,0.0,0.0,0.0,False,False,False
160,23805.0,61102.0,37297.0,1.6382550875405528,0.48125,148.78125,793.5324675324675,-449.3614457831325,5678.0,5285.0,0.05678,10,10,1.0,16.0,5.796550698475776,0.362284418654736,8,0.0626339004410838,4.192497358224727,38.163411048099135,2.974088335939567,2012-03-05 17:30:00,2021-05-24 09:30:00,RHL,6,80,80,1,40,46,46,6,2,1,4,500,1500,48,93,5318.0,38298.0,32980.0,1.1612492419648273,0.3010752688172043,57.18279569892473,1367.7857142857142,-507.38461538461536,6194.0,5635.0,0.06194,5,4,0.8,18.6,6.887670143089026,0.3703048464026358,7,0.2803685596088755,0.8585728123990959,108.31929296728094,1.0944177764314844,False,False,False
245,46510.0,100064.0,53554.0,1.8684692086492138,0.5877551020408164,189.83673469387756,694.8888888888889,-530.2376237623762,9276.0,8026.0,0.09276,10,8,0.8,24.5,7.8390050389064045,0.31995938934311857,10,0.09655987959578585,5.0140146614920225,48.86304020640722,2.9689524345055833,2012-01-23 18:15:00,2021-05-27 23:00:00,RHL,6,5,80,1,53,32,1,33,2,1,4,1000,4500,0,72,-25948.0,29441.0,55389.0,0.5315315315315315,0.2222222222222222,-360.3888888888889,1840.0625,-989.0892857142857,26706.0,26172.0,0.26706,5,1,0.2,14.4,5.4258639865002145,0.376796110173626,7,0.0,0.0,0.0,0.0,False,False,False
245,38980.0,79850.0,40870.0,1.9537558111083924,0.6122448979591837,159.10204081632654,532.3333333333334,-430.2105263157895,6530.0,5795.0,0.0653,10,9,0.9,24.5,7.8390050389064045,0.31995938934311857,10,0.10405336069779374,5.96937212863706,41.04284248332478,2.9656678862750514,2012-01-23 18:15:00,2021-05-27 21:00:00,RHL,6,5,80,1,53,32,1,33,2,1,4,4000,0,48,72,-13898.0,53031.0,66929.0,0.7923471141059929,0.5,-193.02777777777777,1473.0833333333333,-1859.138888888889,24500.0,20014.0,0.245,5,1,0.2,14.4,5.4258639865002145,0.376796110173626,7,0.0,0.0,0.0,0.0,False,False,False
160,25120.0,52488.0,27368.0,1.917860274773458,0.6125,157.0,535.5918367346939,-441.4193548387097,6372.0,5163.0,0.06372,10,9,0.9,16.0,5.796550698475776,0.362284418654736,8,0.059355095541401275,3.9422473320778404,40.5859872611465,2.962546143748359,2012-03-05 17:30:00,2021-05-24 03:30:00,RHL,6,80,80,1,40,46,46,6,2,1,4,5000,1500,12,93,9828.0,53992.0,44164.0,1.222534190743592,0.6129032258064516,105.6774193548387,947.2280701754386,-1226.7777777777778,17111.0,16135.0,0.17111,5,4,0.8,18.6,6.887670143089026,0.3703048464026358,7,0.1517094017094017,0.5743673660218573,161.91727716727718,1.2168802940662655,True,False,False
245,38915.0,79785.0,40870.0,1.9521654024957182,0.6122448979591837,158.83673469387756,531.9,-430.2105263157895,6530.0,5795.0,0.0653,10,9,0.9,24.5,7.8390050389064045,0.31995938934311857,10,0.10255685468328408,5.959418070444104,41.111396633688805,2.9607225704051725,2012-01-23 18:15:00,2021-05-27 21:00:00,RHL,6,5,80,1,53,32,1,33,2,1,4,4000,4000,48,72,-9328.0,56972.0,66300.0,0.8593061840120664,0.5138888888888888,-129.55555555555554,1539.7837837837837,-1894.2857142857142,23145.0,19435.0,0.23145,5,1,0.2,14.4,5.4258639865002145,0.376796110173626,7,0.0,0.0,0.0,0.0,False,False,False
160,28990.0,64382.0,35392.0,1.8191116636528029,0.60625,181.1875,663.7319587628866,-561.7777777777778,8696.0,7618.0,0.08696,10,8,0.8,16.0,5.796550698475776,0.362284418654736,8,0.051431528113142465,3.3337166513339467,47.9944808554674,2.926656967000734,2012-03-05 17:30:00,2021-05-24 06:30:00,RHL,6,80,80,1,40,46,46,6,2,1,4,1000,1500,24,93,7593.0,52713.0,45120.0,1.1682845744680852,0.46236559139784944,81.64516129032258,1225.8837209302326,-902.4,8193.0,7635.0,0.08193,5,5,1.0,18.6,6.887670143089026,0.3703048464026358,7,0.19636507309363888,0.9267667521054559,100.34887396286054,1.3586648144684792,False,False,False
160,24810.0,52322.0,27512.0,1.901788310555394,0.60625,155.0625,539.4020618556701,-436.6984126984127,6372.0,5163.0,0.06372,10,10,1.0,16.0,5.796550698475776,0.362284418654736,8,0.08730350665054414,3.8935969868173257,41.09310761789601,2.9259860599680256,2012-03-05 17:30:00,2021-05-24 03:30:00,RHL,6,80,80,1,40,46,46,6,2,1,4,5000,0,12,93,5213.0,55969.0,50756.0,1.1027070691149814,0.5806451612903226,56.053763440860216,1036.462962962963,-1301.4358974358975,26652.0,25092.0,0.26652,5,3,0.6,18.6,6.887670143089026,0.3703048464026358,7,0.5766353347400729,0.19559507729251088,475.4720890082486,0.5171817945253623,False,False,False
160,28510.0,77615.0,49105.0,1.580592607677426,0.6875,178.1875,705.5909090909091,-982.1,8456.0,8018.0,0.08456,10,8,0.8,16.0,5.796550698475776,0.362284418654736,8,0.034759733426867764,3.371570482497635,47.45562960364784,2.91875809346623,2012-03-05 17:30:00,2021-05-24 03:15:00,RHL,6,80,80,1,40,46,46,6,2,1,4,4000,1000,0,93,-13087.0,65049.0,78136.0,0.8325099825944507,0.7419354838709677,-140.72043010752688,942.7391304347826,-3255.6666666666665,24423.0,23669.0,0.24423,5,2,0.4,18.6,6.887670143089026,0.3703048464026358,7,0.0,0.0,0.0,0.0,False,False,False
245,38340.0,78275.0,39935.0,1.9600600976586955,0.6122448979591837,156.48979591836735,521.8333333333334,-420.36842105263156,6530.0,5795.0,0.0653,10,9,0.9,24.5,7.8390050389064045,0.31995938934311857,10,0.06497130933750651,5.871362940275651,41.72796035472092,2.916975545402398,2012-01-23 18:15:00,2021-05-27 21:00:00,RHL,6,5,80,1,53,32,1,33,2,1,4,5000,2500,48,72,-3593.0,56670.0,60263.0,0.940378009724043,0.5555555555555556,-49.90277777777778,1416.75,-1883.21875,18863.0,14978.0,0.18863,5,2,0.4,14.4,5.4258639865002145,0.376796110173626,7,0.0,0.0,0.0,0.0,False,False,False
160,31800.0,76624.0,44824.0,1.7094413706942708,0.68125,198.75,702.9724770642201,-878.9019607843137,10542.0,9454.0,0.10542,10,9,0.9,16.0,5.796550698475776,0.362284418654736,8,0.031163522012578618,3.016505406943654,53.04150943396226,2.915741283941911,2012-03-05 17:30:00,2021-05-24 03:15:00,RHL,6,80,80,1,40,46,46,6,2,1,4,2000,1000,0,93,9273.0,62040.0,52767.0,1.1757348342714196,0.6989247311827957,99.70967741935483,954.4615384615385,-1884.5357142857142,11372.0,11090.0,0.11372,5,3,0.6,18.6,6.887670143089026,0.3703048464026358,7,0.10686940580179015,0.8154238480478367,114.05111614364284,1.4083877546042063,True,False,False
160,23975.0,63169.0,39194.0,1.6117007705261008,0.4625,149.84375,853.6351351351351,-455.74418604651163,5993.0,5600.0,0.05993,10,10,1.0,16.0,5.796550698475776,0.362284418654736,8,0.06218978102189781,4.0005005840146834,39.994994786235665,2.9155456718520107,2012-03-05 17:30:00,2021-05-24 09:30:00,RHL,6,80,80,1,40,46,46,6,2,1,4,500,1500,0,93,6453.0,39433.0,32980.0,1.1956640388114008,0.3010752688172043,69.38709677419355,1408.3214285714287,-507.38461538461536,6194.0,5635.0,0.06194,5,4,0.8,18.6,6.887670143089026,0.3703048464026358,7,0.2310553231055323,1.041814659347756,89.26731752673174,1.3279950942670873,False,False,False
160,25185.0,52772.0,27587.0,1.9129300032624061,0.60625,157.40625,544.0412371134021,-437.8888888888889,6647.0,4478.0,0.06647,10,10,1.0,16.0,5.796550698475776,0.362284418654736,8,0.0790549930514195,3.7889273356401385,42.22831050228311,2.9081211024281477,2012-03-05 17:30:00,2021-05-24 03:30:00,RHL,6,80,80,1,40,46,46,6,2,1,4,1500,2000,12,93,14608.0,54667.0,40059.0,1.364662123368032,0.5591397849462365,157.0752688172043,1051.2884615384614,-977.0487804878048,15140.0,14620.0,0.1514,5,3,0.6,18.6,6.887670143089026,0.3703048464026358,7,0.13629518072289157,0.9648612945838837,96.3869112814896,1.9228624950988493,True,False,False
245,38180.0,79050.0,40870.0,1.934181551260093,0.6122448979591837,155.83673469387756,527.0,-430.2105263157895,6530.0,5795.0,0.0653,10,9,0.9,24.5,7.8390050389064045,0.31995938934311857,10,0.07833944473546359,5.846860643185298,41.90282870612886,2.904802460184235,2012-01-23 18:15:00,2021-05-27 21:00:00,RHL,6,5,80,1,53,32,1,33,2,1,4,4000,3000,48,72,-7778.0,56613.0,64391.0,0.8792067214362256,0.5277777777777778,-108.02777777777777,1489.8157894736842,-1893.8529411764705,20735.0,17130.0,0.20735,5,2,0.4,14.4,5.4258639865002145,0.376796110173626,7,0.0,0.0,0.0,0.0,False,False,False
160,29015.0,66755.0,37740.0,1.7688129305776366,0.65625,181.34375,635.7619047619048,-686.1818181818181,8901.0,7403.0,0.08901,10,9,0.9,16.0,5.796550698475776,0.362284418654736,8,0.0341547475443736,3.259746095944276,49.08357745993452,2.8952531740193996,2012-03-05 17:30:00,2021-05-24 03:15:00,RHL,6,80,80,1,40,46,46,6,2,1,4,1250,1000,48,93,-222.0,50542.0,50764.0,0.9956268221574344,0.5591397849462365,-2.3870967741935485,971.9615384615385,-1238.1463414634147,11460.0,10395.0,0.1146,5,2,0.4,18.6,6.887670143089026,0.3703048464026358,7,0.0,0.0,0.0,0.0,False,False,False
245,45220.0,98774.0,53554.0,1.8443813720730478,0.5877551020408164,184.57142857142858,685.9305555555555,-530.2376237623762,9276.0,8026.0,0.09276,10,8,0.8,24.5,7.8390050389064045,0.31995938934311857,10,0.08825740822644848,4.8749460974558,50.256965944272444,2.8866056565973444,2012-01-23 18:15:00,2021-05-27 23:00:00,RHL,6,5,80,1,53,32,1,33,2,1,4,1000,4000,0,72,-26593.0,28796.0,55389.0,0.5198866200870209,0.2222222222222222,-369.34722222222223,1799.75,-989.0892857142857,27351.0,26817.0,0.27351,5,1,0.2,14.4,5.4258639865002145,0.376796110173626,7,0.0,0.0,0.0,0.0,False,False,False
245,37565.0,77500.0,39935.0,1.9406535620383123,0.6122448979591837,153.3265306122449,516.6666666666666,-420.36842105263156,6530.0,5795.0,0.0653,10,9,0.9,24.5,7.8390050389064045,0.31995938934311857,10,0.05300146412884334,5.752679938744257,42.5888460002662,2.858012163876919,2012-01-23 18:15:00,2021-05-27 21:00:00,RHL,6,5,80,1,53,32,1,33,2,1,4,5000,2000,48,72,-4533.0,52651.0,57184.0,0.9207295747062115,0.5694444444444444,-62.958333333333336,1284.1707317073171,-1844.6451612903227,21188.0,17303.0,0.21188,5,2,0.4,14.4,5.4258639865002145,0.376796110173626,7,0.0,0.0,0.0,0.0,False,False,False
160,27615.0,64016.0,36401.0,1.758633004587786,0.6,172.59375,666.8333333333334,-568.765625,8281.0,7703.0,0.08281,10,9,0.9,16.0,5.796550698475776,0.362284418654736,8,0.07209849719355423,3.334742180896027,47.97972116603295,2.8568472968350616,2012-03-05 17:30:00,2021-05-24 06:30:00,RHL,6,80,80,1,40,46,46,6,2,1,4,1000,2000,24,93,13338.0,60476.0,47138.0,1.2829564258135686,0.44086021505376344,143.41935483870967,1475.0243902439024,-906.5,9655.0,9135.0,0.09655,5,5,1.0,18.6,6.887670143089026,0.3703048464026358,7,0.14927275453591243,1.381460383221129,67.32006297795772,2.198543080962595,True,False,False
160,24735.0,52322.0,27587.0,1.8966179722332983,0.60625,154.59375,539.4020618556701,-437.8888888888889,6647.0,4478.0,0.06647,10,10,1.0,16.0,5.796550698475776,0.362284418654736,8,0.08756822316555488,3.721227621483376,42.99656357388316,2.85615943889459,2012-03-05 17:30:00,2021-05-24 03:30:00,RHL,6,80,80,1,40,46,46,6,2,1,4,1500,0,12,93,11298.0,52866.0,41568.0,1.271795612009238,0.5483870967741935,121.48387096774194,1036.5882352941176,-989.7142857142857,20067.0,18507.0,0.20067,5,3,0.6,18.6,6.887670143089026,0.3703048464026358,7,0.266064790228359,0.5630139034235312,165.18242166755178,1.2917567844295605,True,False,False
245,37405.0,78275.0,40870.0,1.9152189870320528,0.6122448979591837,152.6734693877551,521.8333333333334,-430.2105263157895,6530.0,5795.0,0.0653,10,9,0.9,24.5,7.8390050389064045,0.31995938934311857,10,0.06659537494987301,5.728177641653905,42.77101991712338,2.8458390786587557,2012-01-23 18:15:00,2021-05-27 21:00:00,RHL,6,5,80,1,53,32,1,33,2,1,4,4000,2500,48,72,-9393.0,54179.0,63572.0,0.852246271943623,0.5416666666666666,-130.45833333333334,1389.2051282051282,-1926.4242424242425,22703.0,19573.0,0.22703,5,1,0.2,14.4,5.4258639865002145,0.376796110173626,7,0.0,0.0,0.0,0.0,False,False,False
160,26915.0,70690.0,43775.0,1.6148486579097658,0.40625,168.21875,1087.5384615384614,-460.7894736842105,7955.0,7695.0,0.07955,10,10,1.0,16.0,5.796550698475776,0.362284418654736,8,0.22258963403306706,3.38340666247643,47.28961545606539,2.8409112342242966,2012-03-05 17:30:00,2021-05-24 20:30:00,RHL,6,80,80,1,40,46,46,6,2,1,4,500,6000,0,93,-5767.0,32812.0,38579.0,0.8505145286295653,0.1827956989247312,-62.01075268817204,1930.1176470588234,-507.61842105263156,14939.0,14281.0,0.14939,5,1,0.2,18.6,6.887670143089026,0.3703048464026358,7,0.0,0.0,0.0,0.0,False,False,False
245,41665.0,94973.0,53308.0,1.781590005252495,0.563265306122449,170.0612244897959,688.2101449275362,-498.2056074766355,8136.0,6886.0,0.08136,10,8,0.8,24.5,7.8390050389064045,0.31995938934311857,10,0.1437897515900636,5.121066863323501,47.84159366374655,2.839900907567506,2012-01-23 18:15:00,2021-05-27 23:00:00,RHL,6,5,80,1,53,32,1,33,2,1,4,750,6000,0,72,-13438.0,30199.0,43637.0,0.6920503242661045,0.19444444444444445,-186.63888888888889,2157.0714285714284,-752.3620689655172,17233.0,15646.0,0.17233,5,1,0.2,14.4,5.4258639865002145,0.376796110173626,7,0.0,0.0,0.0,0.0,False,False,False
245,37295.0,79850.0,42555.0,1.876395253201739,0.6122448979591837,152.22448979591837,532.3333333333334,-447.94736842105266,6530.0,5795.0,0.0653,10,9,0.9,24.5,7.8390050389064045,0.31995938934311857,10,0.1087545247352192,5.711332312404288,42.89717120257407,2.8374700825712686,2012-01-23 18:15:00,2021-05-27 21:00:00,RHL,6,5,80,1,53,32,1,33,2,1,4,3000,0,48,72,-24008.0,48809.0,72817.0,0.6702967713583367,0.4722222222222222,-333.44444444444446,1435.5588235294117,-1916.2368421052631,31565.0,27079.0,0.31565,5,2,0.4,14.4,5.4258639865002145,0.376796110173626,7,0.0,0.0,0.0,0.0,False,False,False
245,37230.0,79785.0,42555.0,1.87486781811773,0.6122448979591837,151.9591836734694,531.9,-447.94736842105266,6530.0,5795.0,0.0653,10,9,0.9,24.5,7.8390050389064045,0.31995938934311857,10,0.10719849583669085,5.701378254211332,42.97206553854418,2.8325247667013898,2012-01-23 18:15:00,2021-05-27 21:00:00,RHL,6,5,80,1,53,32,1,33,2,1,4,3000,4000,48,72,-19438.0,52750.0,72188.0,0.7307308693965756,0.4861111111111111,-269.97222222222223,1507.142857142857,-1951.027027027027,30210.0,26500.0,0.3021,5,2,0.4,14.4,5.4258639865002145,0.376796110173626,7,0.0,0.0,0.0,0.0,False,False,False
160,22530.0,60845.0,38315.0,1.5880203575623124,0.46875,140.8125,811.2666666666667,-450.7647058823529,5640.0,5380.0,0.0564,10,10,1.0,16.0,5.796550698475776,0.362284418654736,8,0.0883710608078118,3.99468085106383,40.05326231691078,2.824262188859298,2012-03-05 17:30:00,2021-05-24 09:45:00,RHL,6,80,80,1,40,46,46,6,2,1,4,500,2000,48,93,8838.0,43345.0,34507.0,1.256121946271771,0.26881720430107525,95.03225806451613,1733.8,-507.45588235294116,6194.0,5869.0,0.06194,5,4,0.8,18.6,6.887670143089026,0.3703048464026358,7,0.22527721203892284,1.4268647077817243,65.17786829599457,1.8188161542123842,True,False,False
160,20280.0,55943.0,35663.0,1.5686565908644814,0.4875,126.75,717.2179487179487,-434.9146341463415,4610.0,4350.0,0.0461,10,8,0.8,16.0,5.796550698475776,0.362284418654736,8,0.1474852071005917,4.399132321041215,36.370808678500985,2.811906398465915,2012-03-05 17:30:00,2021-05-24 06:30:00,RHL,6,80,80,1,40,46,46,6,2,1,4,500,3000,24,93,7878.0,40443.0,32565.0,1.2419161676646706,0.3010752688172043,84.70967741935483,1444.392857142857,-501.0,6863.0,6215.0,0.06863,5,3,0.6,18.6,6.887670143089026,0.3703048464026358,7,0.3796648895658797,1.1478945067754627,81.01789794364052,1.540208029477337,True,False,False
245,41205.0,94513.0,53308.0,1.7729609064305545,0.563265306122449,168.18367346938774,684.8768115942029,-498.2056074766355,8136.0,6886.0,0.08136,10,8,0.8,24.5,7.8390050389064045,0.31995938934311857,10,0.13423128261133357,5.06452802359882,48.37568256279578,2.808547147397554,2012-01-23 18:15:00,2021-05-27 23:00:00,RHL,6,5,80,1,53,32,1,33,2,1,4,750,0,0,72,-12403.0,31234.0,43637.0,0.7157687283727112,0.19444444444444445,-172.26388888888889,2231.0,-752.3620689655172,17233.0,15646.0,0.17233,5,1,0.2,14.4,5.4258639865002145,0.376796110173626,7,0.0,0.0,0.0,0.0,False,False,False
160,30730.0,69728.0,38998.0,1.7879891276475717,0.675,192.0625,645.6296296296297,-749.9615384615385,10672.0,9250.0,0.10672,10,9,0.9,16.0,5.796550698475776,0.362284418654736,8,0.03224861698665799,2.879497751124438,55.565245688252524,2.800419054399528,2012-03-05 17:30:00,2021-05-24 03:15:00,RHL,6,80,80,1,40,46,46,6,2,1,4,1750,1000,48,93,8703.0,58327.0,49624.0,1.1753788489440593,0.6666666666666666,93.58064516129032,940.758064516129,-1600.774193548387,10868.0,9975.0,0.10868,5,3,0.6,18.6,6.887670143089026,0.3703048464026358,7,0.11386878088015627,0.8007913139492087,116.13512581868322,1.352117939019196,False,False,False
160,26455.0,70230.0,43775.0,1.60434037692747,0.40625,165.34375,1080.4615384615386,-460.7894736842105,7955.0,7695.0,0.07955,10,10,1.0,16.0,5.796550698475776,0.362284418654736,8,0.20907200907200907,3.3255813953488373,48.11188811188811,2.7923576704961457,2012-03-05 17:30:00,2021-05-24 23:00:00,RHL,6,80,80,1,40,46,46,6,2,1,4,500,0,0,93,-5687.0,32892.0,38579.0,0.8525881956504834,0.1827956989247312,-61.1505376344086,1934.8235294117646,-507.61842105263156,14939.0,14281.0,0.14939,5,1,0.2,18.6,6.887670143089026,0.3703048464026358,7,0.0,0.0,0.0,0.0,False,False,False
160,30535.0,70719.0,40184.0,1.7598795540513636,0.68125,190.84375,648.7981651376147,-787.9215686274509,10617.0,9195.0,0.10617,10,9,0.9,16.0,5.796550698475776,0.362284418654736,8,0.03245456034059276,2.8760478477912783,55.631897822171275,2.789847007678057,2012-03-05 17:30:00,2021-05-24 03:15:00,RHL,6,80,80,1,40,46,46,6,2,1,4,2250,1000,48,93,7413.0,59354.0,51941.0,1.1427196241889837,0.6881720430107527,79.70967741935483,927.40625,-1791.0689655172414,14281.0,12025.0,0.14281,5,4,0.8,18.6,6.887670143089026,0.3703048464026358,7,0.13368406852826117,0.5190812968279532,179.16268717118578,1.0046969796214338,False,False,False
245,36630.0,77500.0,40870.0,1.8962564228040126,0.6122448979591837,149.51020408163265,516.6666666666666,-430.2105263157895,6530.0,5795.0,0.0653,10,9,0.9,24.5,7.8390050389064045,0.31995938934311857,10,0.05435435435435435,5.609494640122511,43.675948675948675,2.786875697133277,2012-01-23 18:15:00,2021-05-27 21:00:00,RHL,6,5,80,1,53,32,1,33,2,1,4,4000,2000,48,72,-8903.0,50660.0,59563.0,0.8505280123566644,0.5555555555555556,-123.65277777777777,1266.5,-1861.34375,20799.0,18889.0,0.20799,5,1,0.2,14.4,5.4258639865002145,0.376796110173626,7,0.0,0.0,0.0,0.0,False,False,False
245,36495.0,79050.0,42555.0,1.8575960521677828,0.6122448979591837,148.9591836734694,527.0,-447.94736842105266,6530.0,5795.0,0.0653,10,9,0.9,24.5,7.8390050389064045,0.31995938934311857,10,0.08195643238799835,5.588820826952527,43.83751198794355,2.7766046564804516,2012-01-23 18:15:00,2021-05-27 21:00:00,RHL,6,5,80,1,53,32,1,33,2,1,4,3000,3000,48,72,-17023.0,53256.0,70279.0,0.757779706597988,0.5,-236.43055555555554,1479.3333333333333,-1952.1944444444443,26935.0,23225.0,0.26935,5,2,0.4,14.4,5.4258639865002145,0.376796110173626,7,0.0,0.0,0.0,0.0,False,False,False
160,19990.0,55653.0,35663.0,1.5605249137761825,0.4875,124.9375,713.5,-434.9146341463415,4610.0,4350.0,0.0461,10,8,0.8,16.0,5.796550698475776,0.362284418654736,8,0.12461230615307654,4.336225596529284,36.89844922461231,2.7716966915844994,2012-03-05 17:30:00,2021-05-24 06:30:00,RHL,6,80,80,1,40,46,46,6,2,1,4,500,2500,24,93,12058.0,44114.0,32056.0,1.3761542300973297,0.3118279569892473,129.65591397849462,1521.1724137931035,-500.875,6863.0,6215.0,0.06863,5,4,0.8,18.6,6.887670143089026,0.3703048464026358,7,0.20658483994028862,1.756957598717762,52.93241001824515,2.357429350017483,True,False,False
160,30100.0,77615.0,47515.0,1.6334841628959276,0.6875,188.125,705.5909090909091,-950.3,10552.0,9464.0,0.10552,10,9,0.9,16.0,5.796550698475776,0.362284418654736,8,0.032923588039867106,2.8525398028809703,56.09036544850498,2.7585602656895647,2012-03-05 17:30:00,2021-05-24 03:15:00,RHL,6,80,80,1,40,46,46,6,2,1,4,3000,1000,0,93,4288.0,65049.0,60761.0,1.070571583746153,0.7419354838709677,46.10752688172043,942.7391304347826,-2531.7083333333335,17371.0,15081.0,0.17371,5,2,0.4,18.6,6.887670143089026,0.3703048464026358,7,0.23111007462686567,0.24684819526797536,376.74976679104475,0.5269419480568635,False,False,False
245,36215.0,78779.0,42564.0,1.8508363875575604,0.6081632653061224,147.81632653061226,528.7181208053692,-443.375,6530.0,5795.0,0.0653,10,9,0.9,24.5,7.8390050389064045,0.31995938934311857,10,0.1119977909705923,5.54594180704441,44.17644622394035,2.755301757348666,2012-01-23 18:15:00,2021-05-27 21:00:00,RHL,6,5,80,1,53,32,1,33,2,1,4,1750,0,48,72,-22193.0,45153.0,67346.0,0.6704629822112672,0.3888888888888889,-308.2361111111111,1612.607142857143,-1530.590909090909,27539.0,25477.0,0.27539,5,2,0.4,14.4,5.4258639865002145,0.376796110173626,7,0.0,0.0,0.0,0.0,False,False,False
160,29475.0,70719.0,41244.0,1.7146494035496072,0.68125,184.21875,648.7981651376147,-808.7058823529412,10177.0,8755.0,0.10177,10,9,0.9,16.0,5.796550698475776,0.362284418654736,8,0.0336217133163698,2.8962366119681633,55.244105173876164,2.7505991124715483,2012-03-05 17:30:00,2021-05-24 03:15:00,RHL,6,80,80,1,40,46,46,6,2,1,4,2500,1000,48,93,7618.0,59354.0,51736.0,1.1472475645585278,0.6881720430107527,81.91397849462365,927.40625,-1784.0,16031.0,13775.0,0.16031,5,3,0.6,18.6,6.887670143089026,0.3703048464026358,7,0.1300866369125755,0.47520429168486056,195.70530322919404,0.9744982585996794,False,False,False
245,36150.0,78714.0,42564.0,1.8493092754440372,0.6081632653061224,147.55102040816325,528.2818791946308,-443.375,6530.0,5795.0,0.0653,10,9,0.9,24.5,7.8390050389064045,0.31995938934311857,10,0.11040110650069156,5.535987748851455,44.25587828492393,2.7503564414787864,2012-01-23 18:15:00,2021-05-27 21:00:00,RHL,6,5,80,1,53,32,1,33,2,1,4,1750,4000,48,72,-16493.0,49094.0,65587.0,0.7485324835714394,0.4027777777777778,-229.06944444444446,1692.896551724138,-1525.2790697674418,27175.0,23768.0,0.27175,5,2,0.4,14.4,5.4258639865002145,0.376796110173626,7,0.0,0.0,0.0,0.0,False,False,False
245,37455.0,78779.0,41324.0,1.9063740199399863,0.6081632653061224,152.87755102040816,528.7181208053692,-430.4583333333333,7040.0,6305.0,0.0704,10,9,0.9,24.5,7.8390050389064045,0.31995938934311857,10,0.10828994793752503,5.3203125,46.04992657856094,2.7444842458160896,2012-01-23 18:15:00,2021-05-27 21:00:00,RHL,6,5,80,1,53,32,1,33,2,1,4,1500,0,48,72,-27313.0,39569.0,66882.0,0.5916240543045962,0.3333333333333333,-379.34722222222223,1648.7083333333333,-1393.375,27628.0,26487.0,0.27628,5,1,0.2,14.4,5.4258639865002145,0.376796110173626,7,0.0,0.0,0.0,0.0,False,False,False
245,37390.0,78714.0,41324.0,1.904801084115768,0.6081632653061224,152.6122448979592,528.2818791946308,-430.4583333333333,7040.0,6305.0,0.0704,10,9,0.9,24.5,7.8390050389064045,0.31995938934311857,10,0.10673976999197646,5.311079545454546,46.129981278416686,2.7397214244043147,2012-01-23 18:15:00,2021-05-27 21:00:00,RHL,6,5,80,1,53,32,1,33,2,1,4,1500,4000,48,72,-21863.0,43510.0,65373.0,0.6655652945405596,0.3472222222222222,-303.65277777777777,1740.4,-1390.9148936170213,27514.0,25028.0,0.27514,5,1,0.2,14.4,5.4258639865002145,0.376796110173626,7,0.0,0.0,0.0,0.0,False,False,False
245,40145.0,93453.0,53308.0,1.7530764613191265,0.563265306122449,163.85714285714286,677.195652173913,-498.2056074766355,8136.0,6886.0,0.08136,10,8,0.8,24.5,7.8390050389064045,0.31995938934311857,10,0.12432432432432433,4.934242871189774,49.653007846556235,2.7362971783102736,2012-01-23 18:15:00,2021-05-27 23:00:00,RHL,6,5,80,1,53,32,1,33,2,1,4,750,5000,0,72,-15438.0,28199.0,43637.0,0.6462176593258016,0.19444444444444445,-214.41666666666666,2014.2142857142858,-752.3620689655172,17233.0,15646.0,0.17233,5,1,0.2,14.4,5.4258639865002145,0.376796110173626,7,0.0,0.0,0.0,0.0,False,False,False
245,35920.0,75855.0,39935.0,1.8994616251408538,0.6122448979591837,146.6122448979592,505.7,-420.36842105263156,6530.0,5795.0,0.0653,10,9,0.9,24.5,7.8390050389064045,0.31995938934311857,10,0.04150890868596882,5.5007656967840735,44.53925389755011,2.732857631477677,2012-01-23 18:15:00,2021-05-27 21:00:00,RHL,6,5,80,1,53,32,1,33,2,1,4,5000,1500,48,72,-2238.0,50309.0,52547.0,0.9574095571583535,0.6111111111111112,-31.083333333333332,1143.3863636363637,-1876.6785714285713,16865.0,13179.0,0.16865,5,2,0.4,14.4,5.4258639865002145,0.376796110173626,7,0.0,0.0,0.0,0.0,False,False,False
160,25770.0,69545.0,43775.0,1.588692175899486,0.40625,161.0625,1069.923076923077,-460.7894736842105,7955.0,7695.0,0.07955,10,10,1.0,16.0,5.796550698475776,0.362284418654736,8,0.19367481567714395,3.2394720301697046,49.3907644547924,2.7200550810313993,2012-03-05 17:30:00,2021-05-24 16:30:00,RHL,6,80,80,1,40,46,46,6,2,1,4,500,5000,0,93,858.0,39437.0,38579.0,1.0222400787993469,0.1827956989247312,9.225806451612904,2319.823529411765,-507.61842105263156,10544.0,9671.0,0.10544,5,2,0.4,18.6,6.887670143089026,0.3703048464026358,7,5.817016317016317,0.0813732928679818,1142.8811188811187,0.13533340079261807,False,False,False
245,35720.0,78275.0,42555.0,1.839384326166138,0.6122448979591837,145.79591836734693,521.8333333333334,-447.94736842105266,6530.0,5795.0,0.0653,10,9,0.9,24.5,7.8390050389064045,0.31995938934311857,10,0.06973684210526315,5.4701378254211335,44.78863381858903,2.7176412749549725,2012-01-23 18:15:00,2021-05-27 21:00:00,RHL,6,5,80,1,53,32,1,33,2,1,4,3000,2500,48,72,-18138.0,51322.0,69460.0,0.738871292830406,0.5138888888888888,-251.91666666666666,1387.081081081081,-1984.5714285714287,27315.0,24478.0,0.27315,5,1,0.2,14.4,5.4258639865002145,0.376796110173626,7,0.0,0.0,0.0,0.0,False,False,False
160,19620.0,54265.0,34645.0,1.5663154856400634,0.5,122.625,678.3125,-433.0625,4658.0,4265.0,0.04658,10,8,0.8,16.0,5.796550698475776,0.362284418654736,8,0.07599388379204892,4.212108200944612,37.98572884811417,2.7063417227269113,2012-03-05 17:30:00,2021-05-24 06:30:00,RHL,6,80,80,1,40,46,46,6,2,1,4,500,1500,24,93,6633.0,37162.0,30529.0,1.2172688263618199,0.34408602150537637,71.3225806451613,1161.3125,-500.4754098360656,6194.0,5635.0,0.06194,5,4,0.8,18.6,6.887670143089026,0.3703048464026358,7,0.22478516508367255,1.0708750403616403,86.84486657620985,1.3650381931308833,True,False,False
160,27340.0,58778.0,31438.0,1.869648196450156,0.64375,170.875,570.6601941747573,-551.5438596491229,9067.0,7555.0,0.09067,10,9,0.9,16.0,5.796550698475776,0.362284418654736,8,0.03624725676664228,3.0153303187382816,53.06217995610827,2.7030250741773734,2012-03-05 17:30:00,2021-05-24 03:15:00,RHL,6,80,80,1,40,46,46,6,2,1,4,2500,1000,24,93,5088.0,50768.0,45680.0,1.11138353765324,0.6236559139784946,54.70967741935484,875.3103448275862,-1305.142857142857,16591.0,15485.0,0.16591,5,4,0.8,18.6,6.887670143089026,0.3703048464026358,7,0.19477201257861634,0.30667229220661807,303.2553066037736,0.6397808360167078,False,False,False
160,30510.0,78606.0,48096.0,1.6343562874251496,0.69375,190.6875,708.1621621621622,-981.5510204081633,11306.0,10072.0,0.11306,10,8,0.8,16.0,5.796550698475776,0.362284418654736,8,0.03248115372009178,2.6985671324960196,59.290724352671255,2.701289242628869,2012-03-05 17:30:00,2021-05-24 03:15:00,RHL,6,80,80,1,40,46,46,6,2,1,4,5000,1000,0,93,-23722.0,66040.0,89762.0,0.7357233573226978,0.7526881720430108,-255.0752688172043,943.4285714285714,-3902.695652173913,38623.0,37358.0,0.38623,5,3,0.6,18.6,6.887670143089026,0.3703048464026358,7,0.0,0.0,0.0,0.0,False,False,False
245,35415.0,77979.0,42564.0,1.8320411615449677,0.6081632653061224,144.55102040816325,523.3489932885906,-443.375,6530.0,5795.0,0.0653,10,9,0.9,24.5,7.8390050389064045,0.31995938934311857,10,0.0844557390936044,5.423430321592649,45.174361146406895,2.6944363312578483,2012-01-23 18:15:00,2021-05-27 21:00:00,RHL,6,5,80,1,53,32,1,33,2,1,4,1750,3000,48,72,-14228.0,49600.0,63828.0,0.7770884251425707,0.4166666666666667,-197.61111111111111,1653.3333333333333,-1519.7142857142858,24050.0,20643.0,0.2405,5,2,0.4,14.4,5.4258639865002145,0.376796110173626,7,0.0,0.0,0.0,0.0,False,False,False
245,35390.0,78779.0,43389.0,1.815644518195856,0.6081632653061224,144.44897959183675,528.7181208053692,-451.96875,6530.0,5849.0,0.0653,10,9,0.9,24.5,7.8390050389064045,0.31995938934311857,10,0.11460864651031365,5.419601837672282,45.20627295846284,2.692534286692511,2012-01-23 18:15:00,2021-05-27 21:00:00,RHL,6,5,80,1,53,32,1,33,2,1,4,2000,0,48,72,-25178.0,45805.0,70983.0,0.6452953524083231,0.4166666666666667,-349.69444444444446,1526.8333333333333,-1690.0714285714287,29274.0,28212.0,0.29274,5,1,0.2,14.4,5.4258639865002145,0.376796110173626,7,0.0,0.0,0.0,0.0,False,False,False
245,35325.0,78714.0,43389.0,1.8141464426467537,0.6081632653061224,144.18367346938774,528.2818791946308,-451.96875,6530.0,5849.0,0.0653,10,9,0.9,24.5,7.8390050389064045,0.31995938934311857,10,0.1129794762915782,5.409647779479326,45.2894550601557,2.6875889708226315,2012-01-23 18:15:00,2021-05-27 21:00:00,RHL,6,5,80,1,53,32,1,33,2,1,4,2000,4000,48,72,-19228.0,49746.0,68974.0,0.7212282889204628,0.4305555555555556,-267.05555555555554,1604.7096774193549,-1682.2926829268292,28660.0,26253.0,0.2866,5,1,0.2,14.4,5.4258639865002145,0.376796110173626,7,0.0,0.0,0.0,0.0,False,False,False
245,36655.0,77979.0,41324.0,1.8870148097957604,0.6081632653061224,149.6122448979592,523.3489932885906,-430.4583333333333,7040.0,6305.0,0.0704,10,9,0.9,24.5,7.8390050389064045,0.31995938934311857,10,0.0815986904924294,5.206676136363637,47.05497203655708,2.68586490536347,2012-01-23 18:15:00,2021-05-27 21:00:00,RHL,6,5,80,1,53,32,1,33,2,1,4,1500,3000,48,72,-19988.0,43876.0,63864.0,0.6870224226481273,0.3611111111111111,-277.6111111111111,1687.5384615384614,-1388.3478260869565,24639.0,22153.0,0.24639,5,1,0.2,14.4,5.4258639865002145,0.376796110173626,7,0.0,0.0,0.0,0.0,False,False,False
160,19340.0,55003.0,35663.0,1.5422987409920645,0.4875,120.875,705.1666666666666,-434.9146341463415,4610.0,4350.0,0.0461,10,8,0.8,16.0,5.796550698475776,0.362284418654736,8,0.1425025853154085,4.195227765726681,38.13857290589452,2.6815714865054634,2012-03-05 17:30:00,2021-05-24 06:30:00,RHL,6,80,80,1,40,46,46,6,2,1,4,500,0,24,93,8108.0,40673.0,32565.0,1.2489789651466299,0.3010752688172043,87.18279569892474,1452.607142857143,-501.0,6863.0,6215.0,0.06863,5,4,0.8,18.6,6.887670143089026,0.3703048464026358,7,0.4502960039467193,1.1814075477196562,78.71965959546127,1.5851747528563407,True,False,False
160,25975.0,64335.0,38360.0,1.6771376433785192,0.59375,162.34375,677.2105263157895,-590.1538461538462,8323.0,7180.0,0.08323,10,9,0.9,16.0,5.796550698475776,0.362284418654736,8,0.03815206929740135,3.1208698786495255,51.267757459095286,2.6803961219976613,2012-03-05 17:30:00,2021-05-24 03:15:00,RHL,6,80,80,1,40,46,46,6,2,1,4,750,1000,0,93,528.0,39641.0,39113.0,1.0134993480428502,0.44086021505376344,5.67741935483871,966.8536585365854,-752.1730769230769,8339.0,7506.0,0.08339,5,2,0.4,18.6,6.887670143089026,0.3703048464026358,7,1.8768939393939394,0.06331694447775513,1468.8011363636363,0.0936477487800441,False,False,False
160,23590.0,59876.0,36286.0,1.6501129912362895,0.6,147.4375,623.7083333333334,-566.96875,6873.0,5730.0,0.06873,10,9,0.9,16.0,5.796550698475776,0.362284418654736,8,0.04200932598558711,3.4322712061690672,46.61636286562103,2.6787867426750545,2012-03-05 17:30:00,2021-05-24 03:15:00,RHL,6,80,80,1,40,46,46,6,2,1,4,750,1000,48,93,528.0,39641.0,39113.0,1.0134993480428502,0.44086021505376344,5.67741935483871,966.8536585365854,-752.1730769230769,8339.0,7506.0,0.08339,5,2,0.4,18.6,6.887670143089026,0.3703048464026358,7,1.8768939393939394,0.06331694447775513,1468.8011363636363,0.0936477487800441,False,False,False
245,39145.0,92453.0,53308.0,1.7343175508366475,0.563265306122449,159.77551020408163,669.9492753623189,-498.2056074766355,8136.0,6886.0,0.08136,10,8,0.8,24.5,7.8390050389064045,0.31995938934311857,10,0.11472729595095159,4.811332350049164,50.921445906246014,2.6681368301147255,2012-01-23 18:15:00,2021-05-27 23:00:00,RHL,6,5,80,1,53,32,1,33,2,1,4,750,4500,0,72,-16438.0,27199.0,43637.0,0.62330132685565,0.19444444444444445,-228.30555555555554,1942.7857142857142,-752.3620689655172,17233.0,15679.0,0.17233,5,1,0.2,14.4,5.4258639865002145,0.376796110173626,7,0.0,0.0,0.0,0.0,False,False,False
245,34985.0,75855.0,40870.0,1.8560068509909469,0.6122448979591837,142.79591836734693,505.7,-430.2105263157895,6530.0,5795.0,0.0653,10,9,0.9,24.5,7.8390050389064045,0.31995938934311857,10,0.04261826497070173,5.357580398162328,45.72959839931399,2.6617211647340344,2012-01-23 18:15:00,2021-05-27 21:00:00,RHL,6,5,80,1,53,32,1,33,2,1,4,4000,1500,48,72,-6108.0,48818.0,54926.0,0.8887958343953684,0.5972222222222222,-84.83333333333333,1135.3023255813953,-1894.0,15290.0,12166.0,0.1529,5,1,0.2,14.4,5.4258639865002145,0.376796110173626,7,0.0,0.0,0.0,0.0,False,False,False
245,34945.0,77500.0,42555.0,1.821172600164493,0.6122448979591837,142.6326530612245,516.6666666666666,-447.94736842105266,6530.0,5795.0,0.0653,10,9,0.9,24.5,7.8390050389064045,0.31995938934311857,10,0.05697524681642581,5.35145482388974,45.78194305336958,2.658677893429494,2012-01-23 18:15:00,2021-05-27 21:00:00,RHL,6,5,80,1,53,32,1,33,2,1,4,3000,2000,48,72,-18148.0,48303.0,66451.0,0.726896510210531,0.5277777777777778,-252.05555555555554,1271.1315789473683,-1954.4411764705883,26766.0,25294.0,0.26766,5,1,0.2,14.4,5.4258639865002145,0.376796110173626,7,0.0,0.0,0.0,0.0,False,False,False
347,69402.0,167481.0,98079.0,1.7076132505429298,0.6080691642651297,200.0057636887608,793.7488151658767,-721.1691176470588,12863.0,10018.0,0.12863,10,8,0.8,34.7,11.781765572273112,0.339532149056862,13,0.0796951096510187,5.395475394542486,64.31314659519899,2.656285374319169,2012-01-23 18:15:00,2021-05-27 23:00:00,RHL,7,5,80,1,53,32,1,53,2,1,4,5000,0,0,107,-9478.0,125003.0,134481.0,0.929521642462504,0.5420560747663551,-88.57943925233644,2155.2241379310344,-2744.5102040816328,31976.0,23397.0,0.31976,5,2,0.4,21.4,8.685620300243386,0.4058701074880087,8,0.0,0.0,0.0,0.0,False,False,False
245,34640.0,77204.0,42564.0,1.8138332863452682,0.6081632653061224,141.3877551020408,518.1476510067114,-443.375,6530.0,5795.0,0.0653,10,9,0.9,24.5,7.8390050389064045,0.31995938934311857,10,0.07191108545034643,5.304747320061256,46.18504618937644,2.6354729497323697,2012-01-23 18:15:00,2021-05-27 21:00:00,RHL,6,5,80,1,53,32,1,33,2,1,4,1750,2500,48,72,-15343.0,47666.0,63009.0,0.7564951038740497,0.4305555555555556,-213.09722222222223,1537.6129032258063,-1536.8048780487804,24430.0,20758.0,0.2443,5,1,0.2,14.4,5.4258639865002145,0.376796110173626,7,0.0,0.0,0.0,0.0,False,False,False
245,34590.0,77979.0,43389.0,1.7972066652838277,0.6081632653061224,141.18367346938774,523.3489932885906,-451.96875,6530.0,5849.0,0.0653,10,9,0.9,24.5,7.8390050389064045,0.31995938934311857,10,0.08647007805724198,5.297090352220521,46.251806880601336,2.6316688606016934,2012-01-23 18:15:00,2021-05-27 21:00:00,RHL,6,5,80,1,53,32,1,33,2,1,4,2000,3000,48,72,-16713.0,50252.0,66965.0,0.7504218621668035,0.4444444444444444,-232.125,1570.375,-1674.125,25285.0,22878.0,0.25285,5,1,0.2,14.4,5.4258639865002145,0.376796110173626,7,0.0,0.0,0.0,0.0,False,False,False
245,35880.0,77204.0,41324.0,1.8682605749685413,0.6081632653061224,146.44897959183675,518.1476510067114,-430.4583333333333,7040.0,6305.0,0.0704,10,9,0.9,24.5,7.8390050389064045,0.31995938934311857,10,0.06942586399108139,5.096590909090909,48.071348940914156,2.629077419299995,2012-01-23 18:15:00,2021-05-27 21:00:00,RHL,6,5,80,1,53,32,1,33,2,1,4,1500,2500,48,72,-20603.0,42442.0,63045.0,0.6732016813387263,0.375,-286.15277777777777,1571.9259259259259,-1401.0,24754.0,22268.0,0.24754,5,0,0.0,14.4,5.4258639865002145,0.376796110173626,7,0.0,0.0,0.0,0.0,False,False,False
245,38960.0,92514.0,53554.0,1.7274900100832804,0.5877551020408164,159.0204081632653,642.4583333333334,-530.2376237623762,8341.0,7001.0,0.08341,10,8,0.8,24.5,7.8390050389064045,0.31995938934311857,10,0.06393737166324436,4.670902769452104,52.45238706365503,2.622691193140841,2012-01-23 18:15:00,2021-05-27 23:00:00,RHL,6,5,80,1,53,32,1,33,2,1,4,1000,2500,0,72,-17733.0,34629.0,52362.0,0.661338375157557,0.2638888888888889,-246.29166666666666,1822.578947368421,-987.9622641509434,18491.0,17957.0,0.18491,5,0,0.0,14.4,5.4258639865002145,0.376796110173626,7,0.0,0.0,0.0,0.0,False,False,False
160,24770.0,68545.0,43775.0,1.5658480868075386,0.40625,154.8125,1054.5384615384614,-460.7894736842105,7955.0,7695.0,0.07955,10,10,1.0,16.0,5.796550698475776,0.362284418654736,8,0.18130803391199032,3.113764927718416,51.384739604360114,2.61450385553542,2012-03-05 17:30:00,2021-05-24 16:15:00,RHL,6,80,80,1,40,46,46,6,2,1,4,500,4500,0,93,133.0,38712.0,38579.0,1.0034474714222763,0.1827956989247312,1.4301075268817205,2277.176470588235,-507.61842105263156,10544.0,9671.0,0.10544,5,3,0.6,18.6,6.887670143089026,0.3703048464026358,7,33.766917293233085,0.01261380880121396,7372.872180451128,0.02097825443521935,False,False,False
245,40935.0,94489.0,53554.0,1.764368674608806,0.5877551020408164,167.08163265306123,656.1736111111111,-530.2376237623762,9276.0,8026.0,0.09276,10,8,0.8,24.5,7.8390050389064045,0.31995938934311857,10,0.07306705753023085,4.413001293661061,55.51777207768413,2.613073917576566,2012-01-23 18:15:00,2021-05-27 23:00:00,RHL,6,5,80,1,53,32,1,33,2,1,4,1000,3000,0,72,-20098.0,33273.0,53371.0,0.6234284536546064,0.25,-279.1388888888889,1848.5,-988.3518518518518,20856.0,20322.0,0.20856,5,0,0.0,14.4,5.4258639865002145,0.376796110173626,7,0.0,0.0,0.0,0.0,False,False,False
160,26340.0,58778.0,32438.0,1.8120106048461682,0.64375,164.625,570.6601941747573,-569.0877192982456,9067.0,7555.0,0.09067,10,9,0.9,16.0,5.796550698475776,0.362284418654736,8,0.03762338648443432,2.905040255872946,55.076689445709945,2.6041580268409663,2012-03-05 17:30:00,2021-05-24 03:15:00,RHL,6,80,80,1,40,46,46,6,2,1,4,3000,1000,24,93,5603.0,50768.0,45165.0,1.1240562382375734,0.6236559139784946,60.24731182795699,875.3103448275862,-1290.4285714285713,17706.0,16600.0,0.17706,5,4,0.8,18.6,6.887670143089026,0.3703048464026358,7,0.17686953417811888,0.31644640234948607,293.88863109048725,0.6819943843809874,False,False,False
160,28770.0,69728.0,40958.0,1.70242687631232,0.675,179.8125,645.6296296296297,-787.6538461538462,10882.0,9460.0,0.10882,10,9,0.9,16.0,5.796550698475776,0.362284418654736,8,0.034445603058741746,2.6438154750964897,60.51859575947167,2.5963836948333525,2012-03-05 17:30:00,2021-05-24 03:15:00,RHL,6,80,80,1,40,46,46,6,2,1,4,2000,1000,48,93,7338.0,59318.0,51980.0,1.1411696806464025,0.6774193548387096,78.90322580645162,941.5555555555555,-1732.6666666666667,12495.0,11975.0,0.12495,5,3,0.6,18.6,6.887670143089026,0.3703048464026358,7,0.13505042245843554,0.5872749099639856,158.3585445625511,1.0632367598887238,False,False,False
245,37855.0,91163.0,53308.0,1.7101185563142494,0.563265306122449,154.51020408163265,660.6014492753624,-498.2056074766355,8136.0,6886.0,0.08136,10,8,0.8,24.5,7.8390050389064045,0.31995938934311857,10,0.1054286091665566,4.652777777777778,52.656716417910445,2.5802099809424686,2012-01-23 18:15:00,2021-05-27 23:00:00,RHL,6,5,80,1,53,32,1,33,2,1,4,750,4000,0,72,-17083.0,26554.0,43637.0,0.6085202924124024,0.19444444444444445,-237.26388888888889,1896.7142857142858,-752.3620689655172,17398.0,16324.0,0.17398,5,1,0.2,14.4,5.4258639865002145,0.376796110173626,7,0.0,0.0,0.0,0.0,False,False,False
245,33865.0,76429.0,42564.0,1.795625411145569,0.6081632653061224,138.22448979591837,512.9463087248322,-443.375,6530.0,5795.0,0.0653,10,9,0.9,24.5,7.8390050389064045,0.31995938934311857,10,0.05879226339878931,5.186064318529862,47.241990255425954,2.576509568206891,2012-01-23 18:15:00,2021-05-27 21:00:00,RHL,6,5,80,1,53,32,1,33,2,1,4,1750,2000,48,72,-13998.0,45493.0,59491.0,0.7647039047923215,0.4583333333333333,-194.41666666666666,1378.5757575757575,-1525.4102564102564,22526.0,20649.0,0.22526,5,1,0.2,14.4,5.4258639865002145,0.376796110173626,7,0.0,0.0,0.0,0.0,False,False,False
245,33815.0,77204.0,43389.0,1.7793449952753002,0.6081632653061224,138.0204081632653,518.1476510067114,-451.96875,6530.0,5849.0,0.0653,10,9,0.9,24.5,7.8390050389064045,0.31995938934311857,10,0.07366553304746415,5.1784073506891275,47.3118438562768,2.572705479076215,2012-01-23 18:15:00,2021-05-27 21:00:00,RHL,6,5,80,1,53,32,1,33,2,1,4,2000,2500,48,72,-17828.0,48318.0,66146.0,0.7304750098267468,0.4583333333333333,-247.61111111111111,1464.1818181818182,-1696.051282051282,25665.0,22993.0,0.25665,5,1,0.2,14.4,5.4258639865002145,0.376796110173626,7,0.0,0.0,0.0,0.0,False,False,False
245,35105.0,76429.0,41324.0,1.8495063401413223,0.6081632653061224,143.28571428571428,512.9463087248322,-430.4583333333333,7040.0,6305.0,0.0704,10,8,0.8,24.5,7.8390050389064045,0.31995938934311857,10,0.05671556758296539,4.986505681818182,49.13260219341974,2.572289933236519,2012-01-23 18:15:00,2021-05-27 21:00:00,RHL,6,5,80,1,53,32,1,33,2,1,4,1500,2000,48,72,-19183.0,40844.0,60027.0,0.6804271411198294,0.4027777777777778,-266.43055555555554,1408.4137931034484,-1395.9767441860465,23605.0,22584.0,0.23605,5,0,0.0,14.4,5.4258639865002145,0.376796110173626,7,0.0,0.0,0.0,0.0,False,False,False
245,33890.0,78779.0,44889.0,1.7549733787787654,0.6081632653061224,138.3265306122449,528.7181208053692,-467.59375,6644.0,6099.0,0.06644,10,9,0.9,24.5,7.8390050389064045,0.31995938934311857,10,0.11968132192387135,5.100842865743528,48.03127766302744,2.5561952721328254,2012-01-23 18:15:00,2021-05-27 21:00:00,RHL,6,5,80,1,53,32,1,33,2,1,4,2250,0,48,72,-26888.0,46121.0,73009.0,0.6317166376748072,0.4305555555555556,-373.44444444444446,1487.774193548387,-1780.7073170731708,30599.0,29739.0,0.30599,5,1,0.2,14.4,5.4258639865002145,0.376796110173626,7,0.0,0.0,0.0,0.0,False,False,False
160,22000.0,49506.0,27506.0,1.799825492619792,0.6,137.5,515.6875,-429.78125,6566.0,5006.0,0.06566,10,9,0.9,16.0,5.796550698475776,0.362284418654736,8,0.06777272727272728,3.350593968930856,47.75272727272727,2.5559691850906208,2012-03-05 17:30:00,2021-05-24 03:30:00,RHL,6,80,80,1,40,46,46,6,2,1,4,1250,1500,12,93,8508.0,49195.0,40687.0,1.2091085604738614,0.5376344086021505,91.48387096774194,983.9,-946.2093023255813,11343.0,10535.0,0.11343,5,4,0.8,18.6,6.887670143089026,0.3703048464026358,7,0.17524682651622003,0.7500661200740545,123.98906911142454,1.2938499736213993,True,False,False
245,33825.0,78714.0,44889.0,1.7535253625609837,0.6081632653061224,138.0612244897959,528.2818791946308,-467.59375,6644.0,6099.0,0.06644,10,9,0.9,24.5,7.8390050389064045,0.31995938934311857,10,0.11798965262379897,5.091059602649007,48.123577235772366,2.5512925665356385,2012-01-23 18:15:00,2021-05-27 21:00:00,RHL,6,5,80,1,53,32,1,33,2,1,4,2250,4000,48,72,-20688.0,50062.0,70750.0,0.7075901060070672,0.4444444444444444,-287.3333333333333,1564.4375,-1768.75,29735.0,27530.0,0.29735,5,1,0.2,14.4,5.4258639865002145,0.376796110173626,7,0.0,0.0,0.0,0.0,False,False,False
245,33370.0,78779.0,45409.0,1.734876346098791,0.6081632653061224,136.20408163265307,528.7181208053692,-473.0104166666667,6530.0,5795.0,0.0653,10,9,0.9,24.5,7.8390050389064045,0.31995938934311857,10,0.12154629907102188,5.110260336906585,47.94276296074318,2.5388490858131982,2012-01-23 18:15:00,2021-05-27 21:00:00,RHL,6,5,80,1,53,32,1,33,2,1,4,2500,0,48,72,-31128.0,46121.0,77249.0,0.5970433274217142,0.4305555555555556,-432.3333333333333,1487.774193548387,-1884.121951219512,34839.0,33979.0,0.34839,5,1,0.2,14.4,5.4258639865002145,0.376796110173626,7,0.0,0.0,0.0,0.0,False,False,False
245,33305.0,78714.0,45409.0,1.7334449118016253,0.6081632653061224,135.9387755102041,528.2818791946308,-473.0104166666667,6530.0,5795.0,0.0653,10,9,0.9,24.5,7.8390050389064045,0.31995938934311857,10,0.11983185707851673,5.10030627871363,48.03633088124906,2.53390376994332,2012-01-23 18:15:00,2021-05-27 21:00:00,RHL,6,5,80,1,53,32,1,33,2,1,4,2500,4000,48,72,-24678.0,50062.0,74740.0,0.6698153599143698,0.4444444444444444,-342.75,1564.4375,-1868.5,33725.0,31520.0,0.33725,5,1,0.2,14.4,5.4258639865002145,0.376796110173626,7,0.0,0.0,0.0,0.0,False,False,False
245,33300.0,75855.0,42555.0,1.7825167430384208,0.6122448979591837,135.91836734693877,505.7,-447.94736842105266,6530.0,5795.0,0.0653,10,9,0.9,24.5,7.8390050389064045,0.31995938934311857,10,0.044774774774774775,5.099540581929556,48.04354354354355,2.533523361030251,2012-01-23 18:15:00,2021-05-27 21:00:00,RHL,6,5,80,1,53,32,1,33,2,1,4,3000,1500,48,72,-15068.0,46961.0,62029.0,0.7570813651679054,0.5694444444444444,-209.27777777777777,1145.3902439024391,-2000.9354838709678,20571.0,19541.0,0.20571,5,1,0.2,14.4,5.4258639865002145,0.376796110173626,7,0.0,0.0,0.0,0.0,False,False,False
160,23845.0,67620.0,43775.0,1.5447173043974871,0.40625,149.03125,1040.3076923076924,-460.7894736842105,7955.0,7695.0,0.07955,10,10,1.0,16.0,5.796550698475776,0.362284418654736,8,0.16737261480394214,2.9974858579509744,53.37806668064584,2.5168689719516384,2012-03-05 17:30:00,2021-05-24 15:45:00,RHL,6,80,80,1,40,46,46,6,2,1,4,500,4000,0,93,-1867.0,36712.0,38579.0,0.9516057958993235,0.1827956989247312,-20.0752688172043,2159.529411764706,-507.61842105263156,10544.0,9671.0,0.10544,5,2,0.4,18.6,6.887670143089026,0.3703048464026358,7,0.0,0.0,0.0,0.0,False,False,False
160,23830.0,67096.0,43266.0,1.5507789026025054,0.4125,148.9375,1016.6060606060606,-460.27659574468083,7955.0,7695.0,0.07955,10,10,1.0,16.0,5.796550698475776,0.362284418654736,8,0.12551405791019724,2.995600251414205,53.41166596726815,2.515285703569199,2012-03-05 17:30:00,2021-05-24 15:45:00,RHL,6,80,80,1,40,46,46,6,2,1,4,500,3000,0,93,2548.0,40109.0,37561.0,1.0678363195868055,0.20430107526881722,27.397849462365592,2111.0,-507.5810810810811,8283.0,7635.0,0.08283,5,1,0.2,18.6,6.887670143089026,0.3703048464026358,7,1.173861852433281,0.30761801279729567,302.3229984301413,0.45344644260059896,False,False,False
245,33040.0,76429.0,43389.0,1.7614833252667728,0.6081632653061224,134.85714285714286,512.9463087248322,-451.96875,6530.0,5849.0,0.0653,10,9,0.9,24.5,7.8390050389064045,0.31995938934311857,10,0.06026029055690073,5.059724349157734,48.42161016949152,2.513742097550736,2012-01-23 18:15:00,2021-05-27 21:00:00,RHL,6,5,80,1,53,32,1,33,2,1,4,2000,2000,48,72,-15983.0,46145.0,62128.0,0.7427407932011332,0.4861111111111111,-221.98611111111111,1318.4285714285713,-1679.1351351351352,23529.0,22384.0,0.23529,5,1,0.2,14.4,5.4258639865002145,0.376796110173626,7,0.0,0.0,0.0,0.0,False,False,False
160,27540.0,70719.0,43179.0,1.6378100465504064,0.68125,172.125,648.7981651376147,-846.6470588235294,10677.0,9255.0,0.10677,10,9,0.9,16.0,5.796550698475776,0.362284418654736,8,0.0359840232389252,2.5793762292778872,62.030501089324616,2.5091272472389314,2012-03-05 17:30:00,2021-05-24 03:15:00,RHL,6,80,80,1,40,46,46,6,2,1,4,3000,1000,48,93,5313.0,59354.0,54041.0,1.098314242889658,0.6881720430107527,57.12903225806452,927.40625,-1863.4827586206898,19176.0,16920.0,0.19176,5,3,0.6,18.6,6.887670143089026,0.3703048464026358,7,0.18652362130623001,0.2770650813516896,335.6612083568605,0.6214142549050045,False,False,False
245,33090.0,77979.0,44889.0,1.7371516407137606,0.6081632653061224,135.0612244897959,523.3489932885906,-467.59375,6644.0,6099.0,0.06644,10,9,0.9,24.5,7.8390050389064045,0.31995938934311857,10,0.09038984587488667,4.980433473810957,49.19250528860683,2.4958542801674586,2012-01-23 18:15:00,2021-05-27 21:00:00,RHL,6,5,80,1,53,32,1,33,2,1,4,2250,3000,48,72,-17923.0,50568.0,68491.0,0.7383159831218701,0.4583333333333333,-248.93055555555554,1532.3636363636363,-1756.179487179487,26110.0,23905.0,0.2611,5,1,0.2,14.4,5.4258639865002145,0.376796110173626,7,0.0,0.0,0.0,0.0,False,False,False
245,32570.0,77979.0,45409.0,1.717258693210597,0.6081632653061224,132.9387755102041,523.3489932885906,-473.0104166666667,6530.0,5795.0,0.0653,10,9,0.9,24.5,7.8390050389064045,0.31995938934311857,10,0.09183297513048817,4.987748851454824,49.12035615597175,2.4779836597223817,2012-01-23 18:15:00,2021-05-27 21:00:00,RHL,6,5,80,1,53,32,1,33,2,1,4,2500,3000,48,72,-22263.0,50568.0,72831.0,0.6943197264900935,0.4583333333333333,-309.2083333333333,1532.3636363636363,-1867.4615384615386,30450.0,28245.0,0.3045,5,0,0.0,14.4,5.4258639865002145,0.376796110173626,7,0.0,0.0,0.0,0.0,False,False,False
160,24890.0,58778.0,33888.0,1.7344782813975448,0.64375,155.5625,570.6601941747573,-594.5263157894736,9067.0,7555.0,0.09067,10,9,0.9,16.0,5.796550698475776,0.362284418654736,8,0.039815186822016874,2.745119664718209,58.28525512253917,2.460800808203176,2012-03-05 17:30:00,2021-05-24 03:15:00,RHL,6,80,80,1,40,46,46,6,2,1,4,4000,1000,24,93,-2407.0,50768.0,53175.0,0.9547343676539727,0.6236559139784946,-25.881720430107528,875.3103448275862,-1519.2857142857142,22706.0,21600.0,0.22706,5,3,0.6,18.6,6.887670143089026,0.3703048464026358,7,0.0,0.0,0.0,0.0,False,False,False
245,33460.0,74784.0,41324.0,1.8096989642822572,0.6081632653061224,136.57142857142858,501.90604026845637,-430.4583333333333,7040.0,6305.0,0.0704,10,8,0.8,24.5,7.8390050389064045,0.31995938934311857,10,0.044560669456066945,4.752840909090909,51.54811715481171,2.4517539144308205,2012-01-23 18:15:00,2021-05-27 21:00:00,RHL,6,5,80,1,53,32,1,33,2,1,4,1500,1500,48,72,-15553.0,39793.0,55346.0,0.7189860152495212,0.4583333333333333,-216.01388888888889,1205.8484848484848,-1419.128205128205,18975.0,17454.0,0.18975,5,0,0.0,14.4,5.4258639865002145,0.376796110173626,7,0.0,0.0,0.0,0.0,False,False,False
245,32220.0,74784.0,42564.0,1.756977727657175,0.6081632653061224,131.51020408163265,501.90604026845637,-443.375,6530.0,5795.0,0.0653,10,9,0.9,24.5,7.8390050389064045,0.31995938934311857,10,0.0462756052141527,4.934150076569678,49.65394165114836,2.451355035807649,2012-01-23 18:15:00,2021-05-27 21:00:00,RHL,6,5,80,1,53,32,1,33,2,1,4,1750,1500,48,72,-11553.0,44266.0,55819.0,0.7930274637668178,0.5,-160.45833333333334,1229.611111111111,-1550.5277777777778,17081.0,16204.0,0.17081,5,1,0.2,14.4,5.4258639865002145,0.376796110173626,7,0.0,0.0,0.0,0.0,False,False,False
245,32315.0,77204.0,44889.0,1.7198868319632872,0.6081632653061224,131.89795918367346,518.1476510067114,-467.59375,6644.0,6099.0,0.06644,10,9,0.9,24.5,7.8390050389064045,0.31995938934311857,10,0.077084945071948,4.863786875376279,50.37227293826397,2.43739894420101,2012-01-23 18:15:00,2021-05-27 21:00:00,RHL,6,5,80,1,53,32,1,33,2,1,4,2250,2500,48,72,-19038.0,48634.0,67672.0,0.7186724199077905,0.4722222222222222,-264.4166666666667,1430.4117647058824,-1780.842105263158,26225.0,24020.0,0.26225,5,0,0.0,14.4,5.4258639865002145,0.376796110173626,7,0.0,0.0,0.0,0.0,False,False,False
245,31795.0,77204.0,45409.0,1.7001915919751591,0.6081632653061224,129.77551020408163,518.1476510067114,-473.0104166666667,6530.0,5795.0,0.0653,10,9,0.9,24.5,7.8390050389064045,0.31995938934311857,10,0.07834565183204907,4.86906584992343,50.31766000943545,2.419020278196902,2012-01-23 18:15:00,2021-05-27 21:00:00,RHL,6,5,80,1,53,32,1,33,2,1,4,2500,2500,48,72,-23378.0,48634.0,72012.0,0.6753596622785092,0.4722222222222222,-324.69444444444446,1430.4117647058824,-1895.0526315789473,30565.0,28360.0,0.30565,5,0,0.0,14.4,5.4258639865002145,0.376796110173626,7,0.0,0.0,0.0,0.0,False,False,False
160,20805.0,49570.0,28765.0,1.7232748131409699,0.59375,130.03125,521.7894736842105,-442.53846153846155,6566.0,5006.0,0.06566,10,9,0.9,16.0,5.796550698475776,0.362284418654736,8,0.11973083393415045,3.1685957965275664,50.49555395337659,2.4171335861731986,2012-03-05 17:30:00,2021-05-24 03:30:00,RHL,6,80,80,1,40,46,46,6,2,1,4,1250,2500,12,93,8928.0,52507.0,43579.0,1.204869317790679,0.5053763440860215,96.0,1117.1702127659576,-947.3695652173913,15937.0,14377.0,0.15937,5,4,0.8,18.6,6.887670143089026,0.3703048464026358,7,0.2790098566308244,0.5602058103783648,166.01041666666666,1.1454372473136307,True,False,False
245,33100.0,71762.0,38662.0,1.8561378097356578,0.6204081632653061,135.10204081632654,472.11842105263156,-415.7204301075269,7110.0,6539.0,0.0711,10,8,0.8,24.5,7.8390050389064045,0.31995938934311857,10,0.029939577039274926,4.655414908579465,52.626888217522655,2.4134064201831045,2012-01-23 18:15:00,2021-05-27 16:45:00,RHL,6,5,80,1,53,32,1,33,2,1,4,5000,1000,48,72,-4968.0,42177.0,47145.0,0.8946229716831053,0.6527777777777778,-69.0,897.3829787234042,-1885.8,20110.0,16195.0,0.2011,5,2,0.4,14.4,5.4258639865002145,0.376796110173626,7,0.0,0.0,0.0,0.0,False,False,False
160,25340.0,58778.0,33438.0,1.7578204438064478,0.64375,158.375,570.6601941747573,-586.6315789473684,9777.0,8265.0,0.09777,10,9,0.9,16.0,5.796550698475776,0.362284418654736,8,0.03910812943962115,2.591797074767311,61.73322809786898,2.4126102854055587,2012-03-05 17:30:00,2021-05-24 03:15:00,RHL,6,80,80,1,40,46,46,6,2,1,4,2250,1000,24,93,5928.0,50768.0,44840.0,1.1322033898305084,0.6236559139784946,63.74193548387097,875.3103448275862,-1281.142857142857,15091.0,13985.0,0.15091,5,4,0.8,18.6,6.887670143089026,0.3703048464026358,7,0.1671727395411606,0.39281691074150155,236.7515182186235,0.7815730784254659,False,False,False
160,21865.0,49506.0,27641.0,1.791035056618791,0.6,136.65625,515.6875,-431.890625,7346.0,5786.0,0.07346,10,8,0.8,16.0,5.796550698475776,0.362284418654736,8,0.06819117310770638,2.9764497685815408,53.75531671621312,2.4016371433889945,2012-03-05 17:30:00,2021-05-24 03:30:00,RHL,6,80,80,1,40,46,46,6,2,1,4,1000,1500,12,93,3628.0,42915.0,39287.0,1.0923460686741162,0.4838709677419355,39.01075268817204,953.6666666666666,-818.4791666666666,9098.0,8540.0,0.09098,5,2,0.4,18.6,6.887670143089026,0.3703048464026358,7,0.4109702315325248,0.3987689602110354,233.2177508269019,0.61604823587169,False,False,False
160,24985.0,57787.0,32802.0,1.7616913602829096,0.6375,156.15625,566.5392156862745,-565.551724137931,9672.0,7983.0,0.09672,10,9,0.9,16.0,5.796550698475776,0.362284418654736,8,0.03966379827896738,2.58322994210091,61.9379627776666,2.391688315832381,2012-03-05 17:30:00,2021-05-24 03:15:00,RHL,6,80,80,1,40,46,46,6,2,1,4,1500,1000,24,93,9478.0,49777.0,40299.0,1.2351919402466562,0.6129032258064516,101.91397849462365,873.280701754386,-1119.4166666666667,11280.0,10760.0,0.1128,5,3,0.6,18.6,6.887670143089026,0.3703048464026358,7,0.10455792361257649,0.8402482269503546,110.68157839206584,1.4453817294456135,True,False,False
245,31395.0,74784.0,43389.0,1.7235704902164144,0.6081632653061224,128.14285714285714,501.90604026845637,-451.96875,6530.0,5854.0,0.0653,10,9,0.9,24.5,7.8390050389064045,0.31995938934311857,10,0.04749163879598662,4.807810107197549,50.958751393534,2.3885875651514943,2012-01-23 18:15:00,2021-05-27 21:00:00,RHL,6,5,80,1,53,32,1,33,2,1,4,2000,1500,48,72,-13038.0,44918.0,57956.0,0.7750362343847056,0.5277777777777778,-181.08333333333334,1182.0526315789473,-1704.5882352941176,18496.0,17511.0,0.18496,5,0,0.0,14.4,5.4258639865002145,0.376796110173626,7,0.0,0.0,0.0,0.0,False,False,False
160,17215.0,52878.0,35663.0,1.4827131761209096,0.4875,107.59375,677.9230769230769,-434.9146341463415,4610.0,4350.0,0.0461,10,8,0.8,16.0,5.796550698475776,0.362284418654736,8,0.11565495207667732,3.734273318872017,42.84635492303224,2.386931392977847,2012-03-05 17:30:00,2021-05-24 06:30:00,RHL,6,80,80,1,40,46,46,6,2,1,4,500,2000,24,93,10693.0,42240.0,31547.0,1.338954575712429,0.3225806451612903,114.97849462365592,1408.0,-500.74603174603175,6194.0,5599.0,0.06194,5,4,0.8,18.6,6.887670143089026,0.3703048464026358,7,0.1861965772000374,1.7263480787859218,53.870943607967824,2.200565867503171,True,False,False
245,36225.0,89779.0,53554.0,1.676420061993502,0.5877551020408164,147.85714285714286,623.4652777777778,-530.2376237623762,8751.0,7501.0,0.08751,10,8,0.8,24.5,7.8390050389064045,0.31995938934311857,10,0.054962042788129745,4.139526911210147,59.18550724637681,2.3807666075500795,2012-01-23 18:15:00,2021-05-27 23:00:00,RHL,6,5,80,1,53,32,1,33,2,1,4,1000,2000,0,72,-15498.0,34846.0,50344.0,0.6921579532814238,0.2916666666666667,-215.25,1659.3333333333333,-987.1372549019608,17539.0,16899.0,0.17539,5,0,0.0,14.4,5.4258639865002145,0.376796110173626,7,0.0,0.0,0.0,0.0,False,False,False
245,31540.0,76429.0,44889.0,1.7026220232128138,0.6081632653061224,128.73469387755102,512.9463087248322,-467.59375,6644.0,6099.0,0.06644,10,9,0.9,24.5,7.8390050389064045,0.31995938934311857,10,0.06312618896639188,4.747140276941601,51.61001902346227,2.378943608234562,2012-01-23 18:15:00,2021-05-27 21:00:00,RHL,6,5,80,1,53,32,1,33,2,1,4,2250,2000,48,72,-16693.0,46461.0,63154.0,0.7356778668017862,0.5,-231.84722222222223,1290.5833333333333,-1754.2777777777778,23651.0,22844.0,0.23651,5,0,0.0,14.4,5.4258639865002145,0.376796110173626,7,0.0,0.0,0.0,0.0,False,False,False
160,24890.0,70719.0,45829.0,1.5431058936481268,0.68125,155.5625,648.7981651376147,-898.6078431372549,9712.0,8290.0,0.09712,10,9,0.9,16.0,5.796550698475776,0.362284418654736,8,0.039815186822016874,2.562808896210873,62.431498593812776,2.377682885513408,2012-03-05 17:30:00,2021-05-24 03:15:00,RHL,6,80,80,1,40,46,46,6,2,1,4,5000,1000,48,93,-14692.0,59354.0,74046.0,0.801582799881155,0.6881720430107527,-157.9784946236559,927.40625,-2553.310344827586,29621.0,27365.0,0.29621,5,2,0.4,18.6,6.887670143089026,0.3703048464026358,7,0.0,0.0,0.0,0.0,False,False,False
160,23890.0,58778.0,34888.0,1.6847626691125888,0.64375,149.3125,570.6601941747573,-612.0701754385965,9067.0,7555.0,0.09067,10,9,0.9,16.0,5.796550698475776,0.362284418654736,8,0.04148179154457932,2.634829601852873,60.72498953537045,2.3619337608667688,2012-03-05 17:30:00,2021-05-24 03:15:00,RHL,6,80,80,1,40,46,46,6,2,1,4,5000,1000,24,93,-7777.0,50768.0,58545.0,0.8671620121274234,0.6236559139784946,-83.6236559139785,875.3103448275862,-1672.7142857142858,25311.0,24205.0,0.25311,5,2,0.4,18.6,6.887670143089026,0.3703048464026358,7,0.0,0.0,0.0,0.0,False,False,False
245,31020.0,76429.0,45409.0,1.6831244907397211,0.6081632653061224,126.61224489795919,512.9463087248322,-473.0104166666667,6530.0,5795.0,0.0653,10,9,0.9,24.5,7.8390050389064045,0.31995938934311857,10,0.06418439716312056,4.750382848392037,51.57479045776918,2.3600568966714235,2012-01-23 18:15:00,2021-05-27 21:00:00,RHL,6,5,80,1,53,32,1,33,2,1,4,2500,2000,48,72,-20533.0,46461.0,66994.0,0.6935098665552138,0.5,-285.18055555555554,1290.5833333333333,-1860.9444444444443,27491.0,26506.0,0.27491,5,0,0.0,14.4,5.4258639865002145,0.376796110173626,7,0.0,0.0,0.0,0.0,False,False,False
245,32165.0,71762.0,39597.0,1.8123090133090891,0.6204081632653061,131.28571428571428,472.11842105263156,-425.7741935483871,7110.0,6539.0,0.0711,10,8,0.8,24.5,7.8390050389064045,0.31995938934311857,10,0.030809886522617753,4.523909985935302,54.156692056583246,2.345233157256482,2012-01-23 18:15:00,2021-05-27 16:45:00,RHL,6,5,80,1,53,32,1,33,2,1,4,4000,1000,48,72,-7328.0,41186.0,48514.0,0.8489508183204848,0.6388888888888888,-101.77777777777777,895.3478260869565,-1865.923076923077,18535.0,14620.0,0.18535,5,2,0.4,14.4,5.4258639865002145,0.376796110173626,7,0.0,0.0,0.0,0.0,False,False,False
160,24315.0,57787.0,33472.0,1.7264280592734225,0.6375,151.96875,566.5392156862745,-577.1034482758621,9552.0,8040.0,0.09552,10,9,0.9,16.0,5.796550698475776,0.362284418654736,8,0.04075673452601275,2.545540201005025,62.855027760641576,2.34212726087016,2012-03-05 17:30:00,2021-05-24 03:15:00,RHL,6,80,80,1,40,46,46,6,2,1,4,1750,1000,24,93,7573.0,49777.0,42204.0,1.1794379679651217,0.6129032258064516,81.43010752688173,873.280701754386,-1172.3333333333333,11805.0,11285.0,0.11805,5,3,0.6,18.6,6.887670143089026,0.3703048464026358,7,0.13085963290637792,0.6415078356628547,144.9709494255909,1.1288997249670483,True,False,False
160,24505.0,70719.0,46214.0,1.5302505734193101,0.68125,153.15625,648.7981651376147,-906.156862745098,9712.0,8290.0,0.09712,10,8,0.8,16.0,5.796550698475776,0.362284418654736,8,0.040440726382370944,2.523167215815486,63.412364823505406,2.3409047452593836,2012-03-05 17:30:00,2021-05-24 03:15:00,RHL,6,80,80,1,40,46,46,6,2,1,4,4000,1000,48,93,-6687.0,59354.0,66041.0,0.8987447191895943,0.6881720430107527,-71.90322580645162,927.40625,-2277.2758620689656,25176.0,22920.0,0.25176,5,3,0.6,18.6,6.887670143089026,0.3703048464026358,7,0.0,0.0,0.0,0.0,False,False,False
160,24095.0,63245.0,39150.0,1.6154533844189016,0.625,150.59375,632.45,-652.5,9466.0,7906.0,0.09466,10,8,0.8,16.0,5.796550698475776,0.362284418654736,8,0.04112886490973231,2.5454257342066344,62.85785432662378,2.3314550812796946,2012-03-05 17:30:00,2021-05-24 03:15:00,RHL,6,80,80,1,40,46,46,6,2,1,4,1000,1000,48,93,-6222.0,42614.0,48836.0,0.8725939880416087,0.4731182795698925,-66.90322580645162,968.5,-996.6530612244898,15089.0,14024.0,0.15089,5,2,0.4,18.6,6.887670143089026,0.3703048464026358,7,0.0,0.0,0.0,0.0,False,False,False
160,20025.0,48790.0,28765.0,1.6961585259864418,0.59375,125.15625,513.578947368421,-442.53846153846155,6566.0,5006.0,0.06566,10,9,0.9,16.0,5.796550698475776,0.362284418654736,8,0.09942571785268414,3.049802010356381,52.46242197253433,2.3265128605199856,2012-03-05 17:30:00,2021-05-24 03:30:00,RHL,6,80,80,1,40,46,46,6,2,1,4,1250,2000,12,93,8933.0,51253.0,42320.0,1.2110822306238185,0.5161290322580645,96.05376344086021,1067.7708333333333,-940.4444444444445,13805.0,13285.0,0.13805,5,4,0.8,18.6,6.887670143089026,0.3703048464026358,7,0.222881450800403,0.6470843897138718,143.7215940893317,1.231401092654834,True,False,False
245,34120.0,87428.0,53308.0,1.6400540256621896,0.563265306122449,139.26530612244898,633.536231884058,-498.2056074766355,8136.0,6886.0,0.08136,10,8,0.8,24.5,7.8390050389064045,0.31995938934311857,10,0.08766119577960141,4.193706981317601,58.42086752637749,2.325631080432097,2012-01-23 18:15:00,2021-05-27 23:00:00,RHL,6,5,80,1,53,32,1,33,2,1,4,750,3000,0,72,-11088.0,31031.0,42119.0,0.7367458866544789,0.2222222222222222,-154.0,1939.4375,-752.125,11403.0,10329.0,0.11403,5,2,0.4,14.4,5.4258639865002145,0.376796110173626,7,0.0,0.0,0.0,0.0,False,False,False
160,19935.0,48700.0,28765.0,1.6930297236224578,0.59375,124.59375,512.6315789473684,-442.53846153846155,6566.0,5006.0,0.06566,10,9,0.9,16.0,5.796550698475776,0.362284418654736,8,0.10865312264860798,3.036095035028937,52.69927263606722,2.3160566229446147,2012-03-05 17:30:00,2021-05-24 03:30:00,RHL,6,80,80,1,40,46,46,6,2,1,4,1250,0,12,93,5333.0,48912.0,43579.0,1.1223754560682897,0.5053763440860215,57.344086021505376,1040.6808510638298,-947.3695652173913,17457.0,15897.0,0.17457,5,3,0.6,18.6,6.887670143089026,0.3703048464026358,7,0.5636602287642978,0.30549349831013345,304.4254640915057,0.6537431989717367,False,False,False
160,19925.0,47334.0,27409.0,1.7269510014958591,0.5875,124.53125,503.5531914893617,-415.2878787878788,6606.0,5046.0,0.06606,10,9,0.9,16.0,5.796550698475776,0.362284418654736,8,0.07483061480552071,3.016197396306388,53.04692597239649,2.307875715835712,2012-03-05 17:30:00,2021-05-24 03:30:00,RHL,6,80,80,1,40,46,46,6,2,1,4,750,1500,12,93,2798.0,38309.0,35511.0,1.0787924868350651,0.41935483870967744,30.086021505376344,982.2820512820513,-657.6111111111111,9691.0,9532.0,0.09691,5,4,0.8,18.6,6.887670143089026,0.3703048464026358,7,0.5328806290207291,0.2887214941698483,322.10972122944963,0.4603454123628575,False,False,False
160,20920.0,49570.0,28650.0,1.7301919720767889,0.59375,130.75,521.7894736842105,-440.7692307692308,7346.0,5786.0,0.07346,10,9,0.9,16.0,5.796550698475776,0.362284418654736,8,0.11907265774378585,2.847808331064525,56.18355640535373,2.297838968200218,2012-03-05 17:30:00,2021-05-24 03:30:00,RHL,6,80,80,1,40,46,46,6,2,1,4,1000,2500,12,93,2543.0,44222.0,41679.0,1.0610139398737974,0.45161290322580644,27.344086021505376,1052.904761904762,-817.2352941176471,15460.0,14185.0,0.1546,5,3,0.6,18.6,6.887670143089026,0.3703048464026358,7,0.9795517105780575,0.16448900388098317,565.3873377900118,0.331254679050359,False,False,False
245,32645.0,85953.0,53308.0,1.6123846327005327,0.563265306122449,133.24489795918367,622.8478260869565,-498.2056074766355,7689.0,6544.0,0.07689,10,8,0.8,24.5,7.8390050389064045,0.31995938934311857,10,0.07630571297289018,4.245675640525426,57.70577423801501,2.288858857847459,2012-01-23 18:15:00,2021-05-27 23:00:00,RHL,6,5,80,1,53,32,1,33,2,1,4,750,2500,0,72,-8973.0,32387.0,41360.0,0.7830512572533849,0.2361111111111111,-124.625,1905.1176470588234,-752.0,10128.0,8729.0,0.10128,5,2,0.4,14.4,5.4258639865002145,0.376796110173626,7,0.0,0.0,0.0,0.0,False,False,False
245,36065.0,88526.0,52461.0,1.6874630678027487,0.5959183673469388,147.20408163265307,606.3424657534247,-529.9090909090909,9391.0,8141.0,0.09391,10,8,0.8,24.5,7.8390050389064045,0.31995938934311857,10,0.04134202135033967,3.84037908635928,63.795785387494796,2.2880593559025564,2012-01-23 18:15:00,2021-05-27 23:00:00,RHL,6,5,80,1,53,32,1,33,2,1,4,1000,1500,0,72,-15848.0,31469.0,47317.0,0.6650675233002937,0.3333333333333333,-220.11111111111111,1311.2083333333333,-985.7708333333334,16889.0,16249.0,0.16889,5,1,0.2,14.4,5.4258639865002145,0.376796110173626,7,0.0,0.0,0.0,0.0,False,False,False
160,19650.0,44518.0,24868.0,1.790172108734116,0.6125,122.8125,454.265306122449,-401.0967741935484,6622.0,4453.0,0.06622,10,8,0.8,16.0,5.796550698475776,0.362284418654736,8,0.050432569974554704,2.9673814557535487,53.91959287531807,2.2732716638154615,2012-03-05 17:30:00,2021-05-24 03:15:00,RHL,6,80,80,1,40,46,46,6,2,1,4,2500,1000,12,93,5538.0,44397.0,38859.0,1.1425152474330271,0.6129032258064516,59.54838709677419,778.8947368421053,-1079.4166666666667,14998.0,13944.0,0.14998,5,3,0.6,18.6,6.887670143089026,0.3703048464026358,7,0.17894546767786204,0.3692492332310975,251.8624052004334,0.7324140770714199,False,False,False
245,29895.0,74784.0,44889.0,1.6659760743166476,0.6081632653061224,122.0204081632653,501.90604026845637,-467.59375,6649.0,6104.0,0.06649,10,9,0.9,24.5,7.8390050389064045,0.31995938934311857,10,0.049874560963371804,4.496164836817567,54.49088476333835,2.254019462037143,2012-01-23 18:15:00,2021-05-27 21:00:00,RHL,6,5,80,1,53,32,1,33,2,1,4,2250,1500,48,72,-14248.0,45234.0,59482.0,0.7604653508624458,0.5416666666666666,-197.88888888888889,1159.8461538461538,-1802.4848484848485,19706.0,18721.0,0.19706,5,1,0.2,14.4,5.4258639865002145,0.376796110173626,7,0.0,0.0,0.0,0.0,False,False,False
245,30370.0,67307.0,36937.0,1.8222107913474295,0.6816326530612244,123.95918367346938,403.03592814371257,-473.55128205128204,6870.0,6620.0,0.0687,10,9,0.9,24.5,7.8390050389064045,0.31995938934311857,10,0.01682581494896279,4.420669577874818,55.42146855449457,2.2527017358197345,2012-01-23 18:15:00,2021-05-27 14:15:00,RHL,6,5,80,1,53,32,1,33,2,1,4,1500,500,0,72,-15858.0,22241.0,38099.0,0.5837686028504685,0.6388888888888888,-220.25,483.5,-1465.3461538461538,18385.0,17786.0,0.18385,5,0,0.0,14.4,5.4258639865002145,0.376796110173626,7,0.0,0.0,0.0,0.0,False,False,False
245,31065.0,70771.0,39706.0,1.7823754596282677,0.6163265306122448,126.79591836734694,468.682119205298,-422.40425531914894,7204.0,6659.0,0.07204,10,8,0.8,24.5,7.8390050389064045,0.31995938934311857,10,0.031900853050056334,4.312187673514714,56.8157089972638,2.25020339804248,2012-01-23 18:15:00,2021-05-27 16:45:00,RHL,6,5,80,1,53,32,1,33,2,1,4,1500,1000,48,72,-15068.0,34632.0,49700.0,0.6968209255533199,0.5138888888888888,-209.27777777777777,936.0,-1420.0,17490.0,16014.0,0.1749,5,1,0.2,14.4,5.4258639865002145,0.376796110173626,7,0.0,0.0,0.0,0.0,False,False,False
245,29375.0,74784.0,45409.0,1.6468981919883723,0.6081632653061224,119.89795918367346,501.90604026845637,-473.0104166666667,6530.0,5795.0,0.0653,10,9,0.9,24.5,7.8390050389064045,0.31995938934311857,10,0.05075744680851064,4.498468606431853,54.462978723404255,2.2349023642721813,2012-01-23 18:15:00,2021-05-27 21:00:00,RHL,6,5,80,1,53,32,1,33,2,1,4,2500,1500,48,72,-17838.0,45234.0,63072.0,0.7171803652968036,0.5416666666666666,-247.75,1159.8461538461538,-1911.2727272727273,23296.0,22311.0,0.23296,5,1,0.2,14.4,5.4258639865002145,0.376796110173626,7,0.0,0.0,0.0,0.0,False,False,False
245,30480.0,71762.0,41282.0,1.7383363209146843,0.6204081632653061,124.40816326530613,472.11842105263156,-443.89247311827955,7110.0,6539.0,0.0711,10,8,0.8,24.5,7.8390050389064045,0.31995938934311857,10,0.03251312335958005,4.286919831223629,57.1505905511811,2.222375458827221,2012-01-23 18:15:00,2021-05-27 16:45:00,RHL,6,5,80,1,53,32,1,33,2,1,4,3000,1000,48,72,-16788.0,39829.0,56617.0,0.7034812865393786,0.6111111111111112,-233.16666666666666,905.2045454545455,-2022.0357142857142,21796.0,19761.0,0.21796,5,2,0.4,14.4,5.4258639865002145,0.376796110173626,7,0.0,0.0,0.0,0.0,False,False,False
245,30075.0,70771.0,40696.0,1.739016119520346,0.6163265306122448,122.75510204081633,468.682119205298,-432.93617021276594,6944.0,6399.0,0.06944,10,8,0.8,24.5,7.8390050389064045,0.31995938934311857,10,0.03295095594347465,4.3310771889400925,56.56791354945968,2.218901635314917,2012-01-23 18:15:00,2021-05-27 16:45:00,RHL,6,5,80,1,53,32,1,33,2,1,4,1750,1000,48,72,-11818.0,37605.0,49423.0,0.7608805616818081,0.5555555555555556,-164.13888888888889,940.125,-1544.46875,17855.0,15336.0,0.17855,5,2,0.4,14.4,5.4258639865002145,0.376796110173626,7,0.0,0.0,0.0,0.0,False,False,False
160,19150.0,44518.0,25368.0,1.7548880479344056,0.6125,119.6875,454.265306122449,-409.16129032258067,6622.0,4453.0,0.06622,10,8,0.8,16.0,5.796550698475776,0.362284418654736,8,0.05174934725848564,2.891875566294171,55.32741514360313,2.215427601122956,2012-03-05 17:30:00,2021-05-24 03:15:00,RHL,6,80,80,1,40,46,46,6,2,1,4,3000,1000,12,93,5543.0,44397.0,38854.0,1.1426622741545271,0.6129032258064516,59.60215053763441,778.8947368421053,-1079.2777777777778,14513.0,13459.0,0.14513,5,3,0.6,18.6,6.887670143089026,0.3703048464026358,7,0.17878405195742378,0.38193343898573695,243.49792531120332,0.7452237497098061,False,False,False
160,19130.0,44518.0,25388.0,1.7535055931936347,0.6125,119.5625,454.265306122449,-409.48387096774195,6622.0,4453.0,0.06622,10,8,0.8,16.0,5.796550698475776,0.362284418654736,8,0.051803450078410876,2.888855330715796,55.38525875588081,2.213113838615256,2012-03-05 17:30:00,2021-05-24 03:15:00,RHL,6,80,80,1,40,46,46,6,2,1,4,1750,1000,12,93,7393.0,43406.0,36013.0,1.2052869797017745,0.6021505376344086,79.49462365591398,775.1071428571429,-973.3243243243244,12488.0,11434.0,0.12488,5,3,0.6,18.6,6.887670143089026,0.3703048464026358,7,0.13404571892330583,0.5920083279948751,157.09238468821857,1.0715061481026293,True,False,False
160,20140.0,48790.0,28650.0,1.7029668411867365,0.59375,125.875,513.578947368421,-440.7692307692308,7346.0,5786.0,0.07346,10,9,0.9,16.0,5.796550698475776,0.362284418654736,8,0.09885799404170804,2.741628096923496,58.35948361469712,2.212164283917418,2012-03-05 17:30:00,2021-05-24 03:30:00,RHL,6,80,80,1,40,46,46,6,2,1,4,1000,2000,12,93,3273.0,43943.0,40670.0,1.080477010081141,0.46236559139784944,35.193548387096776,1021.9302325581396,-813.4,11565.0,11040.0,0.11565,5,3,0.6,18.6,6.887670143089026,0.3703048464026358,7,0.6083104185762298,0.28300907911802853,328.61136571952335,0.4929394689414788,False,False,False
160,20050.0,48700.0,28650.0,1.699825479930192,0.59375,125.3125,512.6315789473684,-440.7692307692308,7346.0,5786.0,0.07346,10,9,0.9,16.0,5.796550698475776,0.362284418654736,8,0.10802992518703242,2.7293765314456846,58.6214463840399,2.202278743423249,2012-03-05 17:30:00,2021-05-24 03:30:00,RHL,6,80,80,1,40,46,46,6,2,1,4,1000,0,12,93,-837.0,40842.0,41679.0,0.9799179442884907,0.45161290322580644,-9.0,972.4285714285714,-817.2352941176471,16980.0,15705.0,0.1698,5,3,0.6,18.6,6.887670143089026,0.3703048464026358,7,0.0,0.0,0.0,0.0,False,False,False
245,29500.0,70771.0,41271.0,1.7147876232705774,0.6163265306122448,120.40816326530613,468.682119205298,-439.0531914893617,7194.0,6649.0,0.07194,10,8,0.8,24.5,7.8390050389064045,0.31995938934311857,10,0.03359322033898305,4.100639421740339,59.746779661016944,2.138326753074519,2012-01-23 18:15:00,2021-05-27 16:45:00,RHL,6,5,80,1,53,32,1,33,2,1,4,2000,1000,48,72,-12208.0,38602.0,50810.0,0.7597323361543004,0.5833333333333334,-169.55555555555554,919.0952380952381,-1693.6666666666667,18995.0,15535.0,0.18995,5,2,0.4,14.4,5.4258639865002145,0.376796110173626,7,0.0,0.0,0.0,0.0,False,False,False
245,29635.0,67307.0,37672.0,1.786658526226375,0.6816326530612244,120.95918367346938,403.03592814371257,-482.97435897435895,7353.0,6913.0,0.07353,10,9,0.9,24.5,7.8390050389064045,0.31995938934311857,10,0.01724312468365109,4.030327757377941,60.789100725493505,2.1247601810570678,2012-01-23 18:15:00,2021-05-27 14:15:00,RHL,6,5,80,1,53,32,1,33,2,1,4,1750,500,0,72,-10858.0,24696.0,35554.0,0.6946053889857682,0.7083333333333334,-150.80555555555554,484.2352941176471,-1693.047619047619,15993.0,14786.0,0.15993,5,0,0.0,14.4,5.4258639865002145,0.376796110173626,7,0.0,0.0,0.0,0.0,False,False,False
160,18230.0,46398.0,28168.0,1.647188298778756,0.58125,113.9375,498.9032258064516,-420.4179104477612,6606.0,5046.0,0.06606,10,9,0.9,16.0,5.796550698475776,0.362284418654736,8,0.13664289632473944,2.7596124735089314,57.979155238617665,2.111547016295359,2012-03-05 17:30:00,2021-05-24 03:30:00,RHL,6,80,80,1,40,46,46,6,2,1,4,750,2500,12,93,1978.0,39766.0,37788.0,1.0523446596803219,0.3870967741935484,21.268817204301076,1104.611111111111,-662.9473684210526,14206.0,13661.0,0.14206,5,3,0.6,18.6,6.887670143089026,0.3703048464026358,7,1.2593528816986856,0.13923694213712515,667.9261880687563,0.26878856469535417,False,False,False
160,18150.0,44518.0,26368.0,1.6883343446601942,0.6125,113.4375,454.265306122449,-425.2903225806452,6622.0,4453.0,0.06622,10,8,0.8,16.0,5.796550698475776,0.362284418654736,8,0.054600550964187325,2.740863787375415,58.375757575757575,2.0997394757379455,2012-03-05 17:30:00,2021-05-24 03:15:00,RHL,6,80,80,1,40,46,46,6,2,1,4,4000,1000,12,93,2468.0,44397.0,41929.0,1.058861408571633,0.6129032258064516,26.537634408602152,778.8947368421053,-1164.6944444444443,16513.0,15459.0,0.16513,5,3,0.6,18.6,6.887670143089026,0.3703048464026358,7,0.40153970826580226,0.149458002785684,622.2483792544571,0.3110660189017787,False,False,False
245,29915.0,83223.0,53308.0,1.5611728070833646,0.563265306122449,122.10204081632654,603.0652173913044,-498.2056074766355,7689.0,6544.0,0.07689,10,8,0.8,24.5,7.8390050389064045,0.31995938934311857,10,0.06655523984623099,3.8906229678761868,62.971920441250205,2.097448697580234,2012-01-23 18:15:00,2021-05-27 23:00:00,RHL,6,5,80,1,53,32,1,33,2,1,4,750,2000,0,72,-7433.0,32409.0,39842.0,0.8134380804176498,0.2638888888888889,-103.23611111111111,1705.7368421052631,-751.7358490566038,9193.0,8379.0,0.09193,5,1,0.2,14.4,5.4258639865002145,0.376796110173626,7,0.0,0.0,0.0,0.0,False,False,False
160,18130.0,44518.0,26388.0,1.687054721843262,0.6125,113.3125,454.265306122449,-425.61290322580646,6622.0,4453.0,0.06622,10,8,0.8,16.0,5.796550698475776,0.362284418654736,8,0.0546607832322118,2.7378435517970403,58.44015444015444,2.0974257132302454,2012-03-05 17:30:00,2021-05-24 03:15:00,RHL,6,80,80,1,40,46,46,6,2,1,4,2000,1000,12,93,7913.0,44397.0,36484.0,1.2168895954390966,0.6129032258064516,85.08602150537635,778.8947368421053,-1013.4444444444445,13718.0,12664.0,0.13718,5,3,0.6,18.6,6.887670143089026,0.3703048464026358,7,0.1252369518513838,0.5768333576323079,161.22507266523442,1.0942490357395087,True,False,False
160,22565.0,57787.0,35222.0,1.6406507296576003,0.6375,141.03125,566.5392156862745,-607.2758620689655,10302.0,8790.0,0.10302,10,9,0.9,16.0,5.796550698475776,0.362284418654736,8,0.04391757146022601,2.1903513880799843,73.04764015067583,2.0929455847084246,2012-03-05 17:30:00,2021-05-24 03:15:00,RHL,6,80,80,1,40,46,46,6,2,1,4,2000,1000,24,93,7488.0,50768.0,43280.0,1.1730129390018484,0.6236559139784946,80.51612903225806,875.3103448275862,-1236.5714285714287,13555.0,13035.0,0.13555,5,4,0.8,18.6,6.887670143089026,0.3703048464026358,7,0.13234508547008547,0.5524160826263371,168.35136217948718,1.041685168886145,True,False,False
160,18440.0,44518.0,26078.0,1.7071094409080452,0.6125,115.25,454.265306122449,-420.61290322580646,6897.0,4728.0,0.06897,10,8,0.8,16.0,5.796550698475776,0.362284418654736,8,0.053741865509761386,2.6736262142960707,59.84381778741866,2.0903267377646357,2012-03-05 17:30:00,2021-05-24 03:15:00,RHL,6,80,80,1,40,46,46,6,2,1,4,1500,1000,12,93,6593.0,43260.0,36667.0,1.1798074562958518,0.5913978494623656,70.89247311827957,786.5454545454545,-964.921052631579,13957.0,13412.0,0.13957,5,3,0.6,18.6,6.887670143089026,0.3703048464026358,7,0.15031093584104352,0.4723794511714552,196.87562566358258,0.9038730604202521,True,False,False
160,17995.0,44518.0,26523.0,1.6784677449760586,0.6125,112.46875,454.265306122449,-427.7903225806452,6622.0,4453.0,0.06622,10,8,0.8,16.0,5.796550698475776,0.362284418654736,8,0.05507085301472631,2.717456961643008,58.87857738260628,2.0818078163032685,2012-03-05 17:30:00,2021-05-24 03:15:00,RHL,6,80,80,1,40,46,46,6,2,1,4,2250,1000,12,93,6633.0,44397.0,37764.0,1.1756434699714013,0.6129032258064516,71.3225806451613,778.8947368421053,-1049.0,13998.0,12944.0,0.13998,5,3,0.6,18.6,6.887670143089026,0.3703048464026358,7,0.1494044926880748,0.4738534076296614,196.2632293080054,0.9080241699957945,True,False,False
160,17950.0,46118.0,28168.0,1.6372479409258733,0.58125,112.1875,495.89247311827955,-420.4179104477612,6606.0,5046.0,0.06606,10,9,0.9,16.0,5.796550698475776,0.362284418654736,8,0.11091922005571031,2.7172267635482896,58.883565459610026,2.0791151367252714,2012-03-05 17:30:00,2021-05-24 03:30:00,RHL,6,80,80,1,40,46,46,6,2,1,4,750,2000,12,93,2958.0,39987.0,37029.0,1.0798833346836263,0.3978494623655914,31.806451612903224,1080.7297297297298,-661.2321428571429,12077.0,11932.0,0.12077,5,4,0.8,18.6,6.887670143089026,0.3703048464026358,7,0.6730899256254226,0.24492837625238056,379.7028397565923,0.43595236963164424,False,False,False
245,32315.0,77212.0,44897.0,1.7197585584782948,0.6,131.89795918367346,525.2517006802722,-458.1326530612245,9149.0,8004.0,0.09149,10,8,0.8,24.5,7.8390050389064045,0.31995938934311857,10,0.12551446696580534,3.532080008744125,69.3642271390995,2.0770866612555743,2012-01-23 18:15:00,2021-05-27 21:00:00,RHL,6,5,80,1,53,32,1,33,2,1,4,1250,0,48,72,-20213.0,38973.0,59186.0,0.6584834251343223,0.3194444444444444,-280.7361111111111,1694.4782608695652,-1207.8775510204082,20528.0,19887.0,0.20528,5,1,0.2,14.4,5.4258639865002145,0.376796110173626,7,0.0,0.0,0.0,0.0,False,False,False
245,32250.0,77147.0,44897.0,1.7183108002761878,0.6,131.6326530612245,524.8095238095239,-458.1326530612245,9149.0,8004.0,0.09149,10,8,0.8,24.5,7.8390050389064045,0.31995938934311857,10,0.12375193798449613,3.524975407148322,69.50403100775193,2.0729087057246565,2012-01-23 18:15:00,2021-05-27 21:00:00,RHL,6,5,80,1,53,32,1,33,2,1,4,1250,4000,48,72,-20263.0,38923.0,59186.0,0.6576386307572737,0.3194444444444444,-281.43055555555554,1692.304347826087,-1207.8775510204082,20578.0,19937.0,0.20578,5,1,0.2,14.4,5.4258639865002145,0.376796110173626,7,0.0,0.0,0.0,0.0,False,False,False
160,20450.0,54814.0,34364.0,1.595099522756373,0.61875,127.8125,553.6767676767677,-563.344262295082,8626.0,7066.0,0.08626,10,8,0.8,16.0,5.796550698475776,0.362284418654736,8,0.04845965770171149,2.370739624391375,67.48948655256724,2.072869481053364,2012-03-05 17:30:00,2021-05-24 03:15:00,RHL,6,80,80,1,40,46,46,6,2,1,4,1250,1000,24,93,-277.0,45591.0,45868.0,0.9939609313682741,0.5483870967741935,-2.978494623655914,893.9411764705883,-1092.095238095238,12443.0,11403.0,0.12443,5,3,0.6,18.6,6.887670143089026,0.3703048464026358,7,0.0,0.0,0.0,0.0,False,False,False
245,27200.0,66816.0,39616.0,1.6865912762520194,0.6775510204081633,111.0204081632653,402.50602409638554,-501.46835443037975,6560.0,6310.0,0.0656,10,8,0.8,24.5,7.8390050389064045,0.31995938934311857,10,0.018786764705882354,4.146341463414634,59.08823529411765,2.064687148969391,2012-01-23 18:15:00,2021-05-27 14:15:00,RHL,6,5,80,1,53,32,1,33,2,1,4,1250,500,0,72,-14858.0,20768.0,35626.0,0.5829450401392242,0.5972222222222222,-206.36111111111111,482.9767441860465,-1228.4827586206898,17635.0,17036.0,0.17635,5,0,0.0,14.4,5.4258639865002145,0.376796110173626,7,0.0,0.0,0.0,0.0,False,False,False
160,17685.0,45853.0,28168.0,1.6278401022436808,0.58125,110.53125,493.0430107526882,-420.4179104477612,6606.0,5046.0,0.06606,10,9,0.9,16.0,5.796550698475776,0.362284418654736,8,0.11003675431156347,2.6771117166212535,59.76590330788804,2.0484206792750093,2012-03-05 17:30:00,2021-05-24 03:30:00,RHL,6,80,80,1,40,46,46,6,2,1,4,750,0,12,93,-1917.0,35871.0,37788.0,0.9492696093998094,0.3870967741935484,-20.612903225806452,996.4166666666666,-662.9473684210526,15726.0,15181.0,0.15726,5,3,0.6,18.6,6.887670143089026,0.3703048464026358,7,0.0,0.0,0.0,0.0,False,False,False
245,27980.0,70771.0,42791.0,1.6538758150078288,0.6163265306122448,114.20408163265306,468.682119205298,-455.22340425531917,7110.0,6539.0,0.0711,10,8,0.8,24.5,7.8390050389064045,0.31995938934311857,10,0.03541815582558971,3.9353023909985936,62.25696926375983,2.04009400715176,2012-01-23 18:15:00,2021-05-27 16:45:00,RHL,6,5,80,1,53,32,1,33,2,1,4,2500,1000,48,72,-18333.0,38602.0,56935.0,0.6780012294722051,0.5833333333333334,-254.625,919.0952380952381,-1897.8333333333333,22291.0,21306.0,0.22291,5,1,0.2,14.4,5.4258639865002145,0.376796110173626,7,0.0,0.0,0.0,0.0,False,False,False
160,19255.0,62521.0,43266.0,1.4450376739240975,0.4125,120.34375,947.2878787878788,-460.27659574468083,7955.0,7695.0,0.07955,10,10,1.0,16.0,5.796550698475776,0.362284418654736,8,0.12936899506621657,2.42049025769956,66.10231108802908,2.032388846925091,2012-03-05 17:30:00,2021-05-24 12:00:00,RHL,6,80,80,1,40,46,46,6,2,1,4,500,2500,0,93,14438.0,49963.0,35525.0,1.406418015482055,0.24731182795698925,155.247311827957,2172.304347826087,-507.5,8283.0,7635.0,0.08283,5,4,0.8,18.6,6.887670143089026,0.3703048464026358,7,0.17253082144341322,1.7430882530484124,53.35358082836958,2.56941120026195,True,False,False
245,31515.0,76412.0,44897.0,1.7019399959908235,0.6,128.6326530612245,519.8095238095239,-458.1326530612245,9149.0,8004.0,0.09149,10,8,0.8,24.5,7.8390050389064045,0.31995938934311857,10,0.09490718705378391,3.444638758334244,71.12501983182611,2.0256656701058158,2012-01-23 18:15:00,2021-05-27 21:00:00,RHL,6,5,80,1,53,32,1,33,2,1,4,1250,3000,48,72,-17638.0,40289.0,57927.0,0.6955133184870613,0.3333333333333333,-244.97222222222223,1678.7083333333333,-1206.8125,17953.0,17312.0,0.17953,5,2,0.4,14.4,5.4258639865002145,0.376796110173626,7,0.0,0.0,0.0,0.0,False,False,False
245,28250.0,70771.0,42521.0,1.6643776016556524,0.6163265306122448,115.3061224489796,468.682119205298,-452.3510638297872,7444.0,6899.0,0.07444,10,8,0.8,24.5,7.8390050389064045,0.31995938934311857,10,0.03507964601769911,3.7950026867275657,64.55858407079646,2.013040628681418,2012-01-23 18:15:00,2021-05-27 16:45:00,RHL,6,5,80,1,53,32,1,33,2,1,4,2250,1000,48,72,-15243.0,38602.0,53845.0,0.7169096480638871,0.5833333333333334,-211.70833333333334,919.0952380952381,-1794.8333333333333,20030.0,18216.0,0.2003,5,1,0.2,14.4,5.4258639865002145,0.376796110173626,7,0.0,0.0,0.0,0.0,False,False,False
245,29780.0,67798.0,38018.0,1.7833131674469989,0.6857142857142857,121.55102040816327,403.5595238095238,-493.7402597402597,8359.0,7063.0,0.08359,10,9,0.9,24.5,7.8390050389064045,0.31995938934311857,10,0.017159167226326395,3.562627108505802,68.76947615849564,2.0025566061458724,2012-01-23 18:15:00,2021-05-27 14:15:00,RHL,6,5,80,1,53,32,1,33,2,1,4,4000,500,0,72,-5103.0,29115.0,34218.0,0.850867964229353,0.8333333333333334,-70.875,485.25,-2851.5,20802.0,18387.0,0.20802,5,2,0.4,14.4,5.4258639865002145,0.376796110173626,7,0.0,0.0,0.0,0.0,False,False,False
160,17150.0,44518.0,27368.0,1.626644256065478,0.6125,107.1875,454.265306122449,-441.4193548387097,6622.0,5163.0,0.06622,10,8,0.8,16.0,5.796550698475776,0.362284418654736,8,0.05778425655976677,2.5898520084566594,61.779591836734696,1.9840513503529347,2012-03-05 17:30:00,2021-05-24 03:15:00,RHL,6,80,80,1,40,46,46,6,2,1,4,5000,1000,12,93,233.0,44397.0,44164.0,1.0052757902363916,0.6129032258064516,2.5053763440860215,778.8947368421053,-1226.7777777777778,17923.0,16869.0,0.17923,5,3,0.6,18.6,6.887670143089026,0.3703048464026358,7,4.253218884120171,0.013000055794230877,7153.815450643777,0.02818843564240699,False,False,False
245,30740.0,75637.0,44897.0,1.6846782635810855,0.6,125.46938775510205,514.5374149659864,-458.1326530612245,9149.0,8004.0,0.09149,10,8,0.8,24.5,7.8390050389064045,0.31995938934311857,10,0.08103448275862069,3.359930046999672,72.91818477553676,1.9758515849294866,2012-01-23 18:15:00,2021-05-27 21:00:00,RHL,6,5,80,1,53,32,1,33,2,1,4,1250,2500,48,72,-17313.0,39355.0,56668.0,0.6944836592080187,0.3472222222222222,-240.45833333333334,1574.2,-1205.7021276595744,17869.0,16987.0,0.17869,5,0,0.0,14.4,5.4258639865002145,0.376796110173626,7,0.0,0.0,0.0,0.0,False,False,False
245,28810.0,67307.0,38497.0,1.7483700028573654,0.6816326530612244,117.59183673469387,403.03592814371257,-493.55128205128204,8103.0,7663.0,0.08103,10,9,0.9,24.5,7.8390050389064045,0.31995938934311857,10,0.01773689691079486,3.555473281500679,68.90784449843805,1.9676942164920088,2012-01-23 18:15:00,2021-05-27 14:15:00,RHL,6,5,80,1,53,32,1,33,2,1,4,2000,500,0,72,-8358.0,26169.0,34527.0,0.7579285776348944,0.75,-116.08333333333333,484.6111111111111,-1918.1666666666667,15243.0,13178.0,0.15243,5,0,0.0,14.4,5.4258639865002145,0.376796110173626,7,0.0,0.0,0.0,0.0,False,False,False
160,17515.0,51369.0,33854.0,1.517368700892066,0.5875,109.46875,546.4787234042553,-512.939393939394,7148.0,6005.0,0.07148,10,8,0.8,16.0,5.796550698475776,0.362284418654736,8,0.05658007422209535,2.4503357582540573,65.29717385098488,1.950299196119906,2012-03-05 17:30:00,2021-05-24 03:15:00,RHL,6,80,80,1,40,46,46,6,2,1,4,750,1000,24,93,2953.0,38654.0,35701.0,1.0827147698944006,0.4731182795698925,31.752688172043012,878.5,-728.5918367346939,6943.0,6135.0,0.06943,5,3,0.6,18.6,6.887670143089026,0.3703048464026358,7,0.335590924483576,0.4253204666570647,218.6586522180833,0.5739978563045832,False,False,False
245,30120.0,67798.0,37678.0,1.7994054886140454,0.6857142857142857,122.93877551020408,403.5595238095238,-489.3246753246753,9019.0,7723.0,0.09019,10,8,0.8,24.5,7.8390050389064045,0.31995938934311857,10,0.01696547144754316,3.339616365450715,73.3617197875166,1.949903165728134,2012-01-23 18:15:00,2021-05-27 14:15:00,RHL,6,5,80,1,53,32,1,33,2,1,4,3000,500,0,72,-11028.0,27642.0,38670.0,0.7148176881303336,0.7916666666666666,-153.16666666666666,484.94736842105266,-2578.0,16655.0,15195.0,0.16655,5,1,0.2,14.4,5.4258639865002145,0.376796110173626,7,0.0,0.0,0.0,0.0,False,False,False
245,28780.0,67798.0,39018.0,1.7376082833563997,0.6857142857142857,117.46938775510205,403.5595238095238,-506.72727272727275,8359.0,7063.0,0.08359,10,9,0.9,24.5,7.8390050389064045,0.31995938934311857,10,0.017755385684503126,3.4429955736332096,71.15896455872134,1.9353115891497046,2012-01-23 18:15:00,2021-05-27 14:15:00,RHL,6,5,80,1,53,32,1,33,2,1,4,5000,500,0,72,-12103.0,29115.0,41218.0,0.7063661507108545,0.8333333333333334,-168.09722222222223,485.25,-3434.8333333333335,26230.0,23387.0,0.2623,5,2,0.4,14.4,5.4258639865002145,0.376796110173626,7,0.0,0.0,0.0,0.0,False,False,False
245,29965.0,74862.0,44897.0,1.6674165311713478,0.6,122.3061224489796,509.265306122449,-458.1326530612245,9149.0,8004.0,0.09149,10,8,0.8,24.5,7.8390050389064045,0.31995938934311857,10,0.06644418488236276,3.2752213356651,74.80410478892041,1.9260374997531575,2012-01-23 18:15:00,2021-05-27 21:00:00,RHL,6,5,80,1,53,32,1,33,2,1,4,1250,2000,48,72,-15893.0,38257.0,54150.0,0.7065004616805171,0.375,-220.73611111111111,1416.9259259259259,-1203.3333333333333,17184.0,16544.0,0.17184,5,0,0.0,14.4,5.4258639865002145,0.376796110173626,7,0.0,0.0,0.0,0.0,False,False,False
245,28255.0,81479.0,53224.0,1.5308695325417105,0.5673469387755102,115.3265306122449,586.1798561151079,-502.1132075471698,8251.0,7001.0,0.08251,10,7,0.7,24.5,7.8390050389064045,0.31995938934311857,10,0.05276942134135551,3.424433402011877,71.54468235710493,1.9124024366910888,2012-01-23 18:15:00,2021-05-27 23:00:00,RHL,6,5,80,1,53,32,1,33,2,1,4,750,1500,0,72,-10283.0,28041.0,38324.0,0.7316824966078698,0.2916666666666667,-142.81944444444446,1335.2857142857142,-751.4509803921569,11455.0,10256.0,0.11455,5,1,0.2,14.4,5.4258639865002145,0.376796110173626,7,0.0,0.0,0.0,0.0,False,False,False
160,18130.0,50306.0,32176.0,1.5634634510193934,0.725,113.3125,433.67241379310343,-731.2727272727273,8061.0,6501.0,0.08061,10,8,0.8,16.0,5.796550698475776,0.362284418654736,8,0.027082184225041366,2.2491006078650293,71.13954771097629,1.9010201294579516,2012-03-05 17:30:00,2021-05-24 02:15:00,RHL,6,80,80,1,40,46,46,6,2,1,4,1250,500,0,93,-9482.0,29951.0,39433.0,0.7595415007734638,0.6559139784946236,-101.95698924731182,491.0,-1232.28125,15300.0,13901.0,0.153,5,1,0.2,18.6,6.887670143089026,0.3703048464026358,7,0.0,0.0,0.0,0.0,False,False,False
160,15290.0,44456.0,29166.0,1.5242405540698074,0.5375,95.5625,516.9302325581396,-394.13513513513516,5756.0,4198.0,0.05756,10,8,0.8,16.0,5.796550698475776,0.362284418654736,8,0.09751471550032702,2.6563585823488536,60.23283191628516,1.8972757891894219,2012-03-05 17:30:00,2021-05-24 03:30:00,RHL,6,80,80,1,40,46,46,6,2,1,4,500,1500,12,93,2058.0,31012.0,28954.0,1.071078262070871,0.34408602150537637,22.129032258064516,969.125,-474.655737704918,6480.0,5960.0,0.0648,5,3,0.6,18.6,6.887670143089026,0.3703048464026358,7,0.7244897959183674,0.3175925925925926,292.8279883381924,0.41407429738443785,False,False,False
245,29585.0,76505.0,46920.0,1.6305413469735721,0.5918367346938775,120.75510204081633,527.6206896551724,-469.2,9214.0,8069.0,0.09214,10,8,0.8,24.5,7.8390050389064045,0.31995938934311857,10,0.13709650160554335,3.2108747558063815,76.30319418624303,1.8948932116847383,2012-01-23 18:15:00,2021-05-27 21:00:00,RHL,6,5,80,1,53,32,1,33,2,1,4,1000,0,48,72,-21318.0,30544.0,51862.0,0.5889475916856273,0.2638888888888889,-296.0833333333333,1607.578947368421,-978.5283018867924,22076.0,21492.0,0.22076,5,0,0.0,14.4,5.4258639865002145,0.376796110173626,7,0.0,0.0,0.0,0.0,False,False,False
245,29520.0,76440.0,46920.0,1.629156010230179,0.5918367346938775,120.48979591836735,527.1724137931035,-469.2,9214.0,8069.0,0.09214,10,8,0.8,24.5,7.8390050389064045,0.31995938934311857,10,0.13519647696476964,3.2038202734968526,76.47120596205961,1.8907300188924618,2012-01-23 18:15:00,2021-05-27 21:00:00,RHL,6,5,80,1,53,32,1,33,2,1,4,1000,4000,48,72,-21938.0,29924.0,51862.0,0.5769927885542401,0.2638888888888889,-304.69444444444446,1574.9473684210527,-978.5283018867924,22696.0,22112.0,0.22696,5,0,0.0,14.4,5.4258639865002145,0.376796110173626,7,0.0,0.0,0.0,0.0,False,False,False
160,17605.0,60362.0,42757.0,1.4117454451902613,0.41875,110.03125,900.9253731343283,-459.752688172043,7955.0,7695.0,0.07955,10,10,1.0,16.0,5.796550698475776,0.362284418654736,8,0.11309287134336836,2.213073538654934,72.29764271513774,1.8582293248567243,2012-03-05 17:30:00,2021-05-24 09:45:00,RHL,6,80,80,1,40,46,46,6,2,1,4,500,2000,0,93,11078.0,45585.0,34507.0,1.3210363114730344,0.26881720430107525,119.11827956989248,1823.4,-507.45588235294116,6194.0,5599.0,0.06194,5,4,0.8,18.6,6.887670143089026,0.3703048464026358,7,0.1797255822350605,1.7885050048433968,51.99873623397725,2.279796940072957,True,False,False
245,28785.0,75705.0,46920.0,1.6134910485933505,0.5918367346938775,117.48979591836735,522.1034482758621,-469.2,9214.0,8069.0,0.09214,10,8,0.8,24.5,7.8390050389064045,0.31995938934311857,10,0.10390828556539865,3.1240503581506402,78.4238318568699,1.8436539157797938,2012-01-23 18:15:00,2021-05-27 21:00:00,RHL,6,5,80,1,53,32,1,33,2,1,4,1000,3000,48,72,-17563.0,33290.0,50853.0,0.6546319784476825,0.2777777777777778,-243.93055555555554,1664.5,-977.9423076923077,18321.0,17737.0,0.18321,5,0,0.0,14.4,5.4258639865002145,0.376796110173626,7,0.0,0.0,0.0,0.0,False,False,False
245,28320.0,73217.0,44897.0,1.630777112056485,0.6,115.59183673469387,498.0748299319728,-458.1326530612245,9149.0,8004.0,0.09149,10,8,0.8,24.5,7.8390050389064045,0.31995938934311857,10,0.052648305084745765,3.0954202645097824,79.14918785310735,1.8203030867014656,2012-01-23 18:15:00,2021-05-27 21:00:00,RHL,6,5,80,1,53,32,1,33,2,1,4,1250,1500,48,72,-14158.0,36215.0,50373.0,0.7189367319794334,0.4166666666666667,-196.63888888888889,1207.1666666666667,-1199.357142857143,14830.0,13809.0,0.1483,5,1,0.2,14.4,5.4258639865002145,0.376796110173626,7,0.0,0.0,0.0,0.0,False,False,False
245,25975.0,73435.0,47460.0,1.5473029919932575,0.5714285714285714,106.0204081632653,524.5357142857143,-452.0,7749.0,6604.0,0.07749,10,8,0.8,24.5,7.8390050389064045,0.31995938934311857,10,0.15615014436958613,3.352045425216157,73.08970163618865,1.8141366452463656,2012-01-23 18:15:00,2021-05-27 21:00:00,RHL,6,5,80,1,53,32,1,33,2,1,4,750,0,48,72,-13008.0,28352.0,41360.0,0.6854932301740813,0.2361111111111111,-180.66666666666666,1667.764705882353,-752.0,13323.0,12249.0,0.13323,5,1,0.2,14.4,5.4258639865002145,0.376796110173626,7,0.0,0.0,0.0,0.0,False,False,False
245,25910.0,73370.0,47460.0,1.5459334176148336,0.5714285714285714,105.75510204081633,524.0714285714286,-452.0,7749.0,6604.0,0.07749,10,8,0.8,24.5,7.8390050389064045,0.31995938934311857,10,0.15403319181783096,3.3436572460962704,73.2730605943651,1.8095969385306385,2012-01-23 18:15:00,2021-05-27 21:00:00,RHL,6,5,80,1,53,32,1,33,2,1,4,750,4000,48,72,-13628.0,27732.0,41360.0,0.6705029013539652,0.2361111111111111,-189.27777777777777,1631.2941176470588,-752.0,13943.0,12869.0,0.13943,5,1,0.2,14.4,5.4258639865002145,0.376796110173626,7,0.0,0.0,0.0,0.0,False,False,False
245,28010.0,74930.0,46920.0,1.5969735720375107,0.5918367346938775,114.3265306122449,516.7586206896551,-469.2,9214.0,8069.0,0.09214,10,8,0.8,24.5,7.8390050389064045,0.31995938934311857,10,0.08893252409853623,3.039939222921641,80.59371652981078,1.7940158478718786,2012-01-23 18:15:00,2021-05-27 21:00:00,RHL,6,5,80,1,53,32,1,33,2,1,4,1000,2500,48,72,-16488.0,33356.0,49844.0,0.6692079287376616,0.2916666666666667,-229.0,1588.3809523809523,-977.3333333333334,17246.0,16679.0,0.17246,5,0,0.0,14.4,5.4258639865002145,0.376796110173626,7,0.0,0.0,0.0,0.0,False,False,False
245,28610.0,79953.0,51343.0,1.5572327289017003,0.6040816326530613,116.77551020408163,540.222972972973,-529.3092783505155,9663.0,8348.0,0.09663,10,7,0.7,24.5,7.8390050389064045,0.31995938934311857,10,0.03463823837818945,2.96077822622374,82.74851450541769,1.7893658242605388,2012-01-23 18:15:00,2021-05-27 16:45:00,RHL,6,5,80,1,53,32,1,33,2,1,4,1000,1000,0,72,-14913.0,27359.0,42272.0,0.6472132853898561,0.4027777777777778,-207.125,943.4137931034483,-983.0697674418604,17686.0,16859.0,0.17686,5,1,0.2,14.4,5.4258639865002145,0.376796110173626,7,0.0,0.0,0.0,0.0,False,False,False
245,27310.0,67307.0,39997.0,1.6828012100907568,0.6816326530612244,111.46938775510205,403.03592814371257,-512.7820512820513,8853.0,8413.0,0.08853,10,9,0.9,24.5,7.8390050389064045,0.31995938934311857,10,0.018711094837056023,3.0848300011295606,79.42090809227389,1.784488437592489,2012-01-23 18:15:00,2021-05-27 14:15:00,RHL,6,5,80,1,53,32,1,33,2,1,4,2250,500,0,72,-9858.0,26660.0,36518.0,0.7300509337860781,0.7638888888888888,-136.91666666666666,484.72727272727275,-2148.1176470588234,17082.0,14667.0,0.17082,5,1,0.2,14.4,5.4258639865002145,0.376796110173626,7,0.0,0.0,0.0,0.0,False,False,False
245,25175.0,72635.0,47460.0,1.5304466919511168,0.5714285714285714,102.75510204081633,518.8214285714286,-452.0,7749.0,6604.0,0.07749,10,8,0.8,24.5,7.8390050389064045,0.31995938934311857,10,0.11880834160873883,3.2488062975867855,75.41231380337636,1.758263331822031,2012-01-23 18:15:00,2021-05-27 21:00:00,RHL,6,5,80,1,53,32,1,33,2,1,4,750,3000,48,72,-9503.0,31098.0,40601.0,0.7659417255732618,0.25,-131.98611111111111,1727.6666666666667,-751.8703703703703,9818.0,8744.0,0.09818,5,2,0.4,14.4,5.4258639865002145,0.376796110173626,7,0.0,0.0,0.0,0.0,False,False,False
245,27235.0,74155.0,46920.0,1.5804560954816709,0.5918367346938775,111.16326530612245,511.41379310344826,-469.2,9214.0,8069.0,0.09214,10,8,0.8,24.5,7.8390050389064045,0.31995938934311857,10,0.07310446117128695,2.9558280876926415,82.88709381310812,1.7443777799639633,2012-01-23 18:15:00,2021-05-27 21:00:00,RHL,6,5,80,1,53,32,1,33,2,1,4,1000,2000,48,72,-14568.0,33258.0,47826.0,0.6953958098105633,0.3194444444444444,-202.33333333333334,1446.0,-976.0408163265306,17159.0,16414.0,0.17159,5,1,0.2,14.4,5.4258639865002145,0.376796110173626,7,0.0,0.0,0.0,0.0,False,False,False
245,27345.0,67307.0,39962.0,1.684275061308243,0.6816326530612244,111.61224489795919,403.03592814371257,-512.3333333333334,9294.0,7998.0,0.09294,10,8,0.8,24.5,7.8390050389064045,0.31995938934311857,10,0.018687145730480893,2.9422207876049065,83.27043335161821,1.7438690259530694,2012-01-23 18:15:00,2021-05-27 14:15:00,RHL,6,5,80,1,53,32,1,33,2,1,4,2500,500,0,72,-10858.0,27151.0,38009.0,0.7143308163855929,0.7777777777777778,-150.80555555555554,484.8392857142857,-2375.5625,16743.0,14786.0,0.16743,5,0,0.0,14.4,5.4258639865002145,0.376796110173626,7,0.0,0.0,0.0,0.0,False,False,False
160,18040.0,53432.0,35392.0,1.5097197106690778,0.60625,112.75,550.8453608247422,-561.7777777777778,9601.0,8041.0,0.09601,10,8,0.8,16.0,5.796550698475776,0.362284418654736,8,0.054933481152993346,1.8789709405270285,85.1529933481153,1.733251841837243,2012-03-05 17:30:00,2021-05-24 03:15:00,RHL,6,80,80,1,40,46,46,6,2,1,4,1000,1000,24,93,-922.0,41627.0,42549.0,0.9783308655902606,0.5053763440860215,-9.913978494623656,885.6808510638298,-924.9782608695652,10193.0,9153.0,0.10193,5,2,0.4,18.6,6.887670143089026,0.3703048464026358,7,0.0,0.0,0.0,0.0,False,False,False
160,13845.0,43520.0,29675.0,1.4665543386689133,0.53125,86.53125,512.0,-395.6666666666667,5756.0,4198.0,0.05756,10,9,0.9,16.0,5.796550698475776,0.362284418654736,8,0.17992054893463344,2.405316191799861,66.51932105453233,1.7179714389357452,2012-03-05 17:30:00,2021-05-24 03:30:00,RHL,6,80,80,1,40,46,46,6,2,1,4,500,2500,12,93,1573.0,31545.0,29972.0,1.0524823168290405,0.3225806451612903,16.913978494623656,1051.5,-475.74603174603175,8845.0,8524.0,0.08845,5,2,0.4,18.6,6.887670143089026,0.3703048464026358,7,1.5835982199618563,0.17784058790276994,522.9402415766052,0.270894514047346,False,False,False
160,15030.0,42536.0,27506.0,1.5464262342761579,0.6,93.9375,443.0833333333333,-429.78125,6816.0,5256.0,0.06816,10,8,0.8,16.0,5.796550698475776,0.362284418654736,8,0.06593479707252162,2.205105633802817,72.55888223552894,1.7138687563979216,2012-03-05 17:30:00,2021-05-24 03:15:00,RHL,6,80,80,1,40,46,46,6,2,1,4,1250,1000,12,93,1418.0,40846.0,39428.0,1.0359642893375267,0.5483870967741935,15.24731182795699,800.9019607843137,-938.7619047619048,12635.0,11570.0,0.12635,5,3,0.6,18.6,6.887670143089026,0.3703048464026358,7,0.6988716502115656,0.11222793826671942,828.6706629055006,0.2043191220758277,False,False,False
245,24400.0,71860.0,47460.0,1.514117151285293,0.5714285714285714,99.59183673469387,513.2857142857143,-452.0,7749.0,6604.0,0.07749,10,8,0.8,24.5,7.8390050389064045,0.31995938934311857,10,0.10209016393442623,3.148793392695832,77.80758196721312,1.7041360594422068,2012-01-23 18:15:00,2021-05-27 21:00:00,RHL,6,5,80,1,53,32,1,33,2,1,4,750,2500,48,72,-8678.0,31164.0,39842.0,0.7821896491140004,0.2638888888888889,-120.52777777777777,1640.2105263157894,-751.7358490566038,9619.0,9134.0,0.09619,5,1,0.2,14.4,5.4258639865002145,0.376796110173626,7,0.0,0.0,0.0,0.0,False,False,False
160,13565.0,43240.0,29675.0,1.4571187868576243,0.53125,84.78125,508.70588235294116,-395.6666666666667,5756.0,4198.0,0.05756,10,9,0.9,16.0,5.796550698475776,0.362284418654736,8,0.1467747880575009,2.3566712995135513,67.89237007003318,1.6832273433848597,2012-03-05 17:30:00,2021-05-24 03:30:00,RHL,6,80,80,1,40,46,46,6,2,1,4,500,2000,12,93,3218.0,32681.0,29463.0,1.1092217357363472,0.3333333333333333,34.60215053763441,1054.225806451613,-475.2096774193548,8105.0,7784.0,0.08105,5,2,0.4,18.6,6.887670143089026,0.3703048464026358,7,0.6187072715972654,0.397038864898211,234.23399627097575,0.5789351736818253,False,False,False
245,25805.0,69334.0,43529.0,1.5928231753543614,0.6081632653061224,105.3265306122449,465.3288590604027,-453.4270833333333,9157.0,8352.0,0.09157,10,8,0.8,24.5,7.8390050389064045,0.31995938934311857,10,0.03840341019182329,2.818062684285246,86.93915907769812,1.6579236495756344,2012-01-23 18:15:00,2021-05-27 16:45:00,RHL,6,5,80,1,53,32,1,33,2,1,4,1250,1000,48,72,-11568.0,32650.0,44218.0,0.7383870821837261,0.4861111111111111,-160.66666666666666,932.8571428571429,-1195.081081081081,14956.0,13014.0,0.14956,5,1,0.2,14.4,5.4258639865002145,0.376796110173626,7,0.0,0.0,0.0,0.0,False,False,False
160,13300.0,42975.0,29675.0,1.4481887110362257,0.53125,83.125,505.5882352941176,-395.6666666666667,5756.0,4198.0,0.05756,10,9,0.9,16.0,5.796550698475776,0.362284418654736,8,0.1463157894736842,2.3106323835997222,69.24511278195489,1.6503445386670577,2012-03-05 17:30:00,2021-05-24 03:30:00,RHL,6,80,80,1,40,46,46,6,2,1,4,500,0,12,93,-952.0,29020.0,29972.0,0.9682370212198051,0.3225806451612903,-10.236559139784946,967.3333333333334,-475.74603174603175,10498.0,8524.0,0.10498,5,2,0.4,18.6,6.887670143089026,0.3703048464026358,7,0.0,0.0,0.0,0.0,False,False,False
245,25590.0,72510.0,46920.0,1.5453964194373402,0.5918367346938775,104.44897959183673,500.0689655172414,-469.2,9214.0,8069.0,0.09214,10,8,0.8,24.5,7.8390050389064045,0.31995938934311857,10,0.05826494724501759,2.7772954200130235,88.21531848378272,1.6390169777594206,2012-01-23 18:15:00,2021-05-27 21:00:00,RHL,6,5,80,1,53,32,1,33,2,1,4,1000,1500,48,72,-13413.0,31386.0,44799.0,0.7005959954463269,0.3611111111111111,-186.29166666666666,1207.1538461538462,-973.8913043478261,14454.0,13814.0,0.14454,5,1,0.2,14.4,5.4258639865002145,0.376796110173626,7,0.0,0.0,0.0,0.0,False,False,False
245,21905.0,55825.0,33920.0,1.6457841981132075,0.5714285714285714,89.40816326530613,398.75,-323.04761904761904,6909.0,6154.0,0.06909,10,8,0.8,24.5,7.8390050389064045,0.31995938934311857,10,0.12718557406984707,3.1705022434505716,77.27482309974891,1.6202160554515175,2012-01-23 18:15:00,2021-05-27 15:00:00,RHL,6,5,80,1,53,32,1,33,2,1,4,3000,0,24,72,-27733.0,32462.0,60195.0,0.539280671152089,0.4444444444444444,-385.18055555555554,1014.4375,-1504.875,29359.0,27149.0,0.29359,5,0,0.0,14.4,5.4258639865002145,0.376796110173626,7,0.0,0.0,0.0,0.0,False,False,False
160,15950.0,51288.0,35338.0,1.4513554813515197,0.7375,99.6875,434.64406779661016,-841.3809523809524,8667.0,6478.0,0.08667,10,7,0.7,16.0,5.796550698475776,0.362284418654736,8,0.030783699059561128,1.8403138340833045,86.94169278996866,1.6129082418213676,2012-03-05 17:30:00,2021-05-24 02:15:00,RHL,6,80,80,1,40,46,46,6,2,1,4,2250,500,0,93,-2567.0,36240.0,38807.0,0.933852140077821,0.8064516129032258,-27.602150537634408,483.2,-2155.9444444444443,13497.0,12388.0,0.13497,5,3,0.6,18.6,6.887670143089026,0.3703048464026358,7,0.0,0.0,0.0,0.0,False,False,False
160,14895.0,42536.0,27641.0,1.5388734126840562,0.6,93.09375,443.0833333333333,-431.890625,7596.0,6036.0,0.07596,10,8,0.8,16.0,5.796550698475776,0.362284418654736,8,0.06653239342061094,1.9609004739336493,81.595166163142,1.6089087053438882,2012-03-05 17:30:00,2021-05-24 03:15:00,RHL,6,80,80,1,40,46,46,6,2,1,4,1000,1000,12,93,-387.0,36882.0,37269.0,0.9896160347742091,0.5053763440860215,-4.161290322580645,784.7234042553191,-810.195652173913,10999.0,9934.0,0.10999,5,3,0.6,18.6,6.887670143089026,0.3703048464026358,7,0.0,0.0,0.0,0.0,False,False,False
245,21610.0,55530.0,33920.0,1.6370872641509433,0.5714285714285714,88.20408163265306,396.64285714285717,-323.04761904761904,6909.0,6154.0,0.06909,10,8,0.8,24.5,7.8390050389064045,0.31995938934311857,10,0.11527070800555299,3.1278043132146474,78.32970846830172,1.5983962090074089,2012-01-23 18:15:00,2021-05-27 15:00:00,RHL,6,5,80,1,53,32,1,33,2,1,4,3000,2500,24,72,-25778.0,33753.0,59531.0,0.5669819085854428,0.4583333333333333,-358.02777777777777,1022.8181818181819,-1526.4358974358975,27404.0,25194.0,0.27404,5,1,0.2,14.4,5.4258639865002145,0.376796110173626,7,0.0,0.0,0.0,0.0,False,False,False
245,21560.0,55480.0,33920.0,1.6356132075471699,0.5714285714285714,88.0,396.2857142857143,-323.04761904761904,6909.0,6154.0,0.06909,10,8,0.8,24.5,7.8390050389064045,0.31995938934311857,10,0.0923469387755102,3.120567375886525,78.51136363636364,1.5946979299490853,2012-01-23 18:15:00,2021-05-27 15:00:00,RHL,6,5,80,1,53,32,1,33,2,1,4,3000,2000,24,72,-25298.0,32164.0,57462.0,0.5597438307055097,0.4722222222222222,-351.3611111111111,946.0,-1512.157894736842,27706.0,26671.0,0.27706,5,0,0.0,14.4,5.4258639865002145,0.376796110173626,7,0.0,0.0,0.0,0.0,False,False,False
160,16525.0,50797.0,34272.0,1.482172035480859,0.73125,103.28125,434.1623931623932,-797.0232558139535,9617.0,7428.0,0.09617,10,8,0.8,16.0,5.796550698475776,0.362284418654736,8,0.029712556732223904,1.7183113236976189,93.11467473524962,1.5863719865836847,2012-03-05 17:30:00,2021-05-24 02:15:00,RHL,6,80,80,1,40,46,46,6,2,1,4,1500,500,0,93,-1362.0,33749.0,35111.0,0.9612087380023354,0.7419354838709677,-14.64516129032258,489.1159420289855,-1462.9583333333333,9912.0,8489.0,0.09912,5,2,0.4,18.6,6.887670143089026,0.3703048464026358,7,0.0,0.0,0.0,0.0,False,False,False
160,11320.0,41788.0,30468.0,1.3715373506629907,0.26875,70.75,971.8139534883721,-260.4102564102564,4577.0,3877.0,0.04577,10,6,0.6,16.0,5.796550698475776,0.362284418654736,8,0.45371024734982335,2.4732357439370767,64.69257950530036,1.5752132007183142,2012-03-05 17:30:00,2021-05-24 00:45:00,RHL,6,80,80,1,40,46,46,6,2,1,4,250,0,0,93,-2047.0,19709.0,21756.0,0.9059110130538702,0.0967741935483871,-22.010752688172044,2189.8888888888887,-259.0,12798.0,11654.0,0.12798,5,2,0.4,18.6,6.887670143089026,0.3703048464026358,7,0.0,0.0,0.0,0.0,False,False,False
160,15140.0,51288.0,36148.0,1.4188336837446056,0.7375,94.625,434.64406779661016,-860.6666666666666,8227.0,6038.0,0.08227,10,7,0.7,16.0,5.796550698475776,0.362284418654736,8,0.03243064729194187,1.840281998298286,86.94319682959049,1.571406330977475,2012-03-05 17:30:00,2021-05-24 02:15:00,RHL,6,80,80,1,40,46,46,6,2,1,4,2500,500,0,93,-3817.0,36731.0,40548.0,0.9058646542369537,0.8172043010752689,-41.043010752688176,483.30263157894734,-2385.176470588235,12747.0,11746.0,0.12747,5,3,0.6,18.6,6.887670143089026,0.3703048464026358,7,0.0,0.0,0.0,0.0,False,False,False
245,22445.0,69905.0,47460.0,1.4729245680573113,0.5714285714285714,91.61224489795919,499.32142857142856,-452.0,7749.0,6604.0,0.07749,10,8,0.8,24.5,7.8390050389064045,0.31995938934311857,10,0.08870572510581422,2.8965027745515552,84.58476275339719,1.5675956497614891,2012-01-23 18:15:00,2021-05-27 21:00:00,RHL,6,5,80,1,53,32,1,33,2,1,4,750,2000,48,72,-7503.0,30821.0,38324.0,0.8042218975054796,0.2916666666666667,-104.20833333333333,1467.6666666666667,-751.4509803921569,10147.0,9466.0,0.10147,5,0,0.0,14.4,5.4258639865002145,0.376796110173626,7,0.0,0.0,0.0,0.0,False,False,False
245,21030.0,53256.0,32226.0,1.652578663191212,0.5755102040816327,85.83673469387755,377.70212765957444,-309.86538461538464,6909.0,6069.0,0.06909,10,8,0.8,24.5,7.8390050389064045,0.31995938934311857,10,0.04712315739419876,3.043855840208424,80.49001426533525,1.5554961719308562,2012-01-23 18:15:00,2021-05-27 15:00:00,RHL,6,5,80,1,53,32,1,33,2,1,4,3000,1000,24,72,-17978.0,31866.0,49844.0,0.6393146617446432,0.5694444444444444,-249.69444444444446,777.219512195122,-1607.8709677419354,21879.0,19430.0,0.21879,5,1,0.2,14.4,5.4258639865002145,0.376796110173626,7,0.0,0.0,0.0,0.0,False,False,False
160,11175.0,41643.0,30468.0,1.3667782591571485,0.26875,69.84375,968.4418604651163,-260.4102564102564,4577.0,3877.0,0.04577,10,6,0.6,16.0,5.796550698475776,0.362284418654736,8,0.44662192393736017,2.441555604107494,65.53199105145414,1.5550359998257208,2012-03-05 17:30:00,2021-05-24 00:45:00,RHL,6,80,80,1,40,46,46,6,2,1,4,250,5000,0,93,-3127.0,18629.0,21756.0,0.8562695348409635,0.0967741935483871,-33.623655913978496,2069.8888888888887,-259.0,12798.0,11654.0,0.12798,5,2,0.4,18.6,6.887670143089026,0.3703048464026358,7,0.0,0.0,0.0,0.0,False,False,False
245,23860.0,75457.0,51597.0,1.46242998623951,0.5795918367346938,97.38775510204081,531.387323943662,-500.94174757281553,8913.0,7598.0,0.08913,10,7,0.7,24.5,7.8390050389064045,0.31995938934311857,10,0.04153394803017603,2.676988668237406,91.5207460184409,1.553802287137884,2012-01-23 18:15:00,2021-05-27 16:45:00,RHL,6,5,80,1,53,32,1,33,2,1,4,750,1000,0,72,-8393.0,25377.0,33770.0,0.7514657980456027,0.375,-116.56944444444444,939.8888888888889,-750.4444444444445,12301.0,11641.0,0.12301,5,1,0.2,14.4,5.4258639865002145,0.376796110173626,7,0.0,0.0,0.0,0.0,False,False,False
160,15720.0,47083.0,31363.0,1.5012275611389216,0.70625,98.25,416.6637168141593,-667.2978723404256,9116.0,7556.0,0.09116,10,7,0.7,16.0,5.796550698475776,0.362284418654736,8,0.03123409669211196,1.7244405440982886,92.78371501272265,1.5500073425082062,2012-03-05 17:30:00,2021-05-24 02:15:00,RHL,6,80,80,1,40,46,46,6,2,1,4,1250,500,48,93,-9482.0,29951.0,39433.0,0.7595415007734638,0.6559139784946236,-101.95698924731182,491.0,-1232.28125,15300.0,13901.0,0.153,5,1,0.2,18.6,6.887670143089026,0.3703048464026358,7,0.0,0.0,0.0,0.0,False,False,False
160,12815.0,45396.0,32581.0,1.393327399404561,0.6625,80.09375,428.2641509433962,-603.3518518518518,6376.0,4816.0,0.06376,10,7,0.7,16.0,5.796550698475776,0.362284418654736,8,0.038314475224346466,2.0098808030112925,79.60671088568084,1.5108725411847708,2012-03-05 17:30:00,2021-05-24 02:15:00,RHL,6,80,80,1,40,46,46,6,2,1,4,750,500,0,93,-3982.0,26023.0,30005.0,0.8672887852024662,0.5698924731182796,-42.81720430107527,491.0,-750.125,8349.0,7284.0,0.08349,5,1,0.2,18.6,6.887670143089026,0.3703048464026358,7,0.0,0.0,0.0,0.0,False,False,False
245,20395.0,54315.0,33920.0,1.6012676886792452,0.5714285714285714,83.24489795918367,387.9642857142857,-323.04761904761904,6909.0,6154.0,0.06909,10,8,0.8,24.5,7.8390050389064045,0.31995938934311857,10,0.0731061534689875,2.9519467361412652,82.99607746996813,1.508528027890148,2012-01-23 18:15:00,2021-05-27 15:00:00,RHL,6,5,80,1,53,32,1,33,2,1,4,3000,1500,24,72,-21518.0,33631.0,55149.0,0.6098206676458322,0.5,-298.8611111111111,934.1944444444445,-1531.9166666666667,23784.0,22391.0,0.23784,5,1,0.2,14.4,5.4258639865002145,0.376796110173626,7,0.0,0.0,0.0,0.0,False,False,False
245,20975.0,57169.0,36194.0,1.579515941868818,0.6489795918367347,85.61224489795919,359.55345911949684,-420.86046511627904,7380.0,6809.0,0.0738,10,8,0.8,24.5,7.8390050389064045,0.31995938934311857,10,0.024362336114421932,2.842140921409214,86.2026221692491,1.501104956287396,2012-01-23 18:15:00,2021-05-27 14:15:00,RHL,6,5,80,1,53,32,1,33,2,1,4,3000,500,48,72,-11133.0,25914.0,37047.0,0.6994898372337841,0.75,-154.625,479.8888888888889,-2058.1666666666665,16018.0,15061.0,0.16018,5,1,0.2,14.4,5.4258639865002145,0.376796110173626,7,0.0,0.0,0.0,0.0,False,False,False
245,20255.0,55825.0,35570.0,1.569440539780714,0.5714285714285714,82.6734693877551,398.75,-338.76190476190476,6894.0,6139.0,0.06894,10,8,0.8,24.5,7.8390050389064045,0.31995938934311857,10,0.13754628486793385,2.938062082970699,83.38829918538632,1.499801826943379,2012-01-23 18:15:00,2021-05-27 15:00:00,RHL,6,5,80,1,53,32,1,33,2,1,4,1500,0,24,72,-28068.0,25976.0,54044.0,0.48064540004440826,0.3611111111111111,-389.8333333333333,999.0769230769231,-1174.8695652173913,29694.0,26559.0,0.29694,5,0,0.0,14.4,5.4258639865002145,0.376796110173626,7,0.0,0.0,0.0,0.0,False,False,False
245,20910.0,57169.0,36259.0,1.576684409388014,0.6489795918367347,85.34693877551021,359.55345911949684,-421.6162790697674,7380.0,6809.0,0.0738,10,8,0.8,24.5,7.8390050389064045,0.31995938934311857,10,0.024438067910090865,2.8333333333333335,86.47058823529412,1.4964531411666004,2012-01-23 18:15:00,2021-05-27 14:15:00,RHL,6,5,80,1,53,32,1,33,2,1,4,5000,500,48,72,-4783.0,27387.0,32170.0,0.8513211066210755,0.7916666666666666,-66.43055555555556,480.4736842105263,-2144.6666666666665,18277.0,15862.0,0.18277,5,2,0.4,14.4,5.4258639865002145,0.376796110173626,7,0.0,0.0,0.0,0.0,False,False,False
160,13145.0,40554.0,27409.0,1.4795869969717976,0.5875,82.15625,431.4255319148936,-415.2878787878788,6856.0,5296.0,0.06856,10,8,0.8,16.0,5.796550698475776,0.362284418654736,8,0.07538988208444275,1.9172987164527422,83.45074172689236,1.4945434928319412,2012-03-05 17:30:00,2021-05-24 03:15:00,RHL,6,80,80,1,40,46,46,6,2,1,4,750,1000,12,93,1058.0,34292.0,33234.0,1.031834867906361,0.45161290322580644,11.376344086021506,816.4761904761905,-651.6470588235294,7859.0,7026.0,0.07859,5,2,0.4,18.6,6.887670143089026,0.3703048464026358,7,0.9366729678638941,0.1346227255376002,690.8194706994328,0.19329580525288026,False,False,False
160,12915.0,49703.0,36788.0,1.3510655648581058,0.4875,80.71875,637.2179487179487,-448.6341463414634,6678.0,5785.0,0.06678,10,9,0.9,16.0,5.796550698475776,0.362284418654736,8,0.0767324816105304,1.9339622641509433,82.73170731707317,1.4878343294835585,2012-03-05 17:30:00,2021-05-24 03:15:00,RHL,6,80,80,1,40,46,46,6,2,1,4,500,1000,48,93,-222.0,30722.0,30944.0,0.9928257497414684,0.34408602150537637,-2.3870967741935485,960.0625,-507.27868852459017,6655.0,6135.0,0.06655,5,3,0.6,18.6,6.887670143089026,0.3703048464026358,7,0.0,0.0,0.0,0.0,False,False,False
160,10675.0,41143.0,30468.0,1.3503675987921755,0.26875,66.71875,956.8139534883721,-260.4102564102564,4577.0,3877.0,0.04577,10,6,0.6,16.0,5.796550698475776,0.362284418654736,8,0.4207025761124122,2.3323137426261744,68.60140515222483,1.485459445023675,2012-03-05 17:30:00,2021-05-24 00:45:00,RHL,6,80,80,1,40,46,46,6,2,1,4,250,4500,0,93,-2852.0,18904.0,21756.0,0.8689097260525832,0.0967741935483871,-30.666666666666668,2100.4444444444443,-259.0,12798.0,11654.0,0.12798,5,2,0.4,18.6,6.887670143089026,0.3703048464026358,7,0.0,0.0,0.0,0.0,False,False,False
160,15360.0,50797.0,35437.0,1.4334452690690522,0.73125,96.0,434.1623931623932,-824.1162790697674,9507.0,7318.0,0.09507,10,7,0.7,16.0,5.796550698475776,0.362284418654736,8,0.031966145833333334,1.615651625118334,99.03125,1.4830399178371483,2012-03-05 17:30:00,2021-05-24 02:15:00,RHL,6,80,80,1,40,46,46,6,2,1,4,1750,500,0,93,-4862.0,34240.0,39102.0,0.8756585340903279,0.7526881720430108,-52.27956989247312,489.14285714285717,-1700.0869565217392,12662.0,11444.0,0.12662,5,1,0.2,18.6,6.887670143089026,0.3703048464026358,7,0.0,0.0,0.0,0.0,False,False,False
245,20560.0,56678.0,36118.0,1.569245251675065,0.6448979591836734,83.91836734693878,358.72151898734177,-415.14942528735634,7274.0,6929.0,0.07274,10,8,0.8,24.5,7.8390050389064045,0.31995938934311857,10,0.02485408560311284,2.826505361561727,86.6794747081712,1.4820871172360957,2012-01-23 18:15:00,2021-05-27 14:15:00,RHL,6,5,80,1,53,32,1,33,2,1,4,1500,500,48,72,-15858.0,22241.0,38099.0,0.5837686028504685,0.6388888888888888,-220.25,483.5,-1465.3461538461538,18385.0,17786.0,0.18385,5,0,0.0,14.4,5.4258639865002145,0.376796110173626,7,0.0,0.0,0.0,0.0,False,False,False
245,19960.0,55530.0,35570.0,1.5611470340174305,0.5714285714285714,81.46938775510205,396.64285714285717,-338.76190476190476,6894.0,6139.0,0.06894,10,8,0.8,24.5,7.8390050389064045,0.31995938934311857,10,0.1247995991983968,2.8952712503626343,84.62074148296593,1.477958255531466,2012-01-23 18:15:00,2021-05-27 15:00:00,RHL,6,5,80,1,53,32,1,33,2,1,4,1500,2500,24,72,-25268.0,27267.0,52535.0,0.5190254116303417,0.375,-350.94444444444446,1009.8888888888889,-1167.4444444444443,26894.0,23759.0,0.26894,5,1,0.2,14.4,5.4258639865002145,0.376796110173626,7,0.0,0.0,0.0,0.0,False,False,False
245,19910.0,55480.0,35570.0,1.559741355074501,0.5714285714285714,81.26530612244898,396.2857142857143,-338.76190476190476,6894.0,6139.0,0.06894,10,8,0.8,24.5,7.8390050389064045,0.31995938934311857,10,0.1,2.888018566869742,84.83324962330488,1.4742559552921586,2012-01-23 18:15:00,2021-05-27 15:00:00,RHL,6,5,80,1,53,32,1,33,2,1,4,1500,2000,24,72,-25093.0,25933.0,51026.0,0.5082310978716733,0.3888888888888889,-348.5138888888889,926.1785714285714,-1159.6818181818182,27501.0,25541.0,0.27501,5,1,0.2,14.4,5.4258639865002145,0.376796110173626,7,0.0,0.0,0.0,0.0,False,False,False
160,10015.0,39188.0,29173.0,1.3432968841051658,0.3,62.59375,816.4166666666666,-260.4732142857143,4109.0,3666.0,0.04109,10,7,0.7,16.0,5.796550698475776,0.362284418654736,8,0.1488766849725412,2.4373326843514236,65.64553170244633,1.4708427868338851,2012-03-05 17:30:00,2021-05-24 00:45:00,RHL,6,80,80,1,40,46,46,6,2,1,4,250,1500,0,93,1598.0,21541.0,19943.0,1.0801283658426515,0.17204301075268819,17.182795698924732,1346.3125,-259.0,4441.0,4073.0,0.04441,5,2,0.4,18.6,6.887670143089026,0.3703048464026358,7,0.9330413016270338,0.3598288673722135,258.45619524405504,0.38837994375442286,False,False,False
160,13835.0,47851.0,34016.0,1.4067203668861712,0.69375,86.46875,431.0900900900901,-694.204081632653,7876.0,6370.0,0.07876,10,8,0.8,16.0,5.796550698475776,0.362284418654736,8,0.03548970003614022,1.7566023362112748,91.08492952656306,1.4676066864949373,2012-03-05 17:30:00,2021-05-24 02:15:00,RHL,6,80,80,1,40,46,46,6,2,1,4,1000,500,0,93,-7732.0,27987.0,35719.0,0.7835325737002715,0.6129032258064516,-83.13978494623656,491.0,-992.1944444444445,13786.0,12561.0,0.13786,5,2,0.4,18.6,6.887670143089026,0.3703048464026358,7,0.0,0.0,0.0,0.0,False,False,False
245,27515.0,81034.0,53519.0,1.5141164819970478,0.4857142857142857,112.3061224489796,680.9579831932773,-424.75396825396825,13381.0,12413.0,0.13381,10,7,0.7,24.5,7.8390050389064045,0.31995938934311857,10,0.2177357804833727,2.0562738210896048,119.14755587861167,1.4623876208865692,2012-01-23 18:15:00,2021-05-27 09:45:00,RHL,6,5,80,1,53,32,1,33,2,1,4,500,6000,0,72,-13488.0,18579.0,32067.0,0.5793806717185892,0.125,-187.33333333333334,2064.3333333333335,-509.0,16785.0,15213.0,0.16785,5,1,0.2,14.4,5.4258639865002145,0.376796110173626,7,0.0,0.0,0.0,0.0,False,False,False
245,19820.0,56678.0,36858.0,1.5377394324163003,0.6448979591836734,80.89795918367346,358.72151898734177,-423.6551724137931,7014.0,6669.0,0.07014,10,7,0.7,24.5,7.8390050389064045,0.31995938934311857,10,0.025782038345105954,2.8257770173937837,86.70181634712412,1.4549834041044285,2012-01-23 18:15:00,2021-05-27 14:15:00,RHL,6,5,80,1,53,32,1,33,2,1,4,1750,500,48,72,-12358.0,23714.0,36072.0,0.6574074074074074,0.6805555555555556,-171.63888888888889,483.9591836734694,-1568.3478260869565,17493.0,16286.0,0.17493,5,1,0.2,14.4,5.4258639865002145,0.376796110173626,7,0.0,0.0,0.0,0.0,False,False,False
245,19490.0,55825.0,36335.0,1.536397412962708,0.5714285714285714,79.55102040816327,398.75,-346.04761904761904,6909.0,6154.0,0.06909,10,7,0.7,24.5,7.8390050389064045,0.31995938934311857,10,0.14294510005130837,2.8209581705022435,86.8499230374551,1.4415891769344933,2012-01-23 18:15:00,2021-05-27 15:00:00,RHL,6,5,80,1,53,32,1,33,2,1,4,1750,0,24,72,-23993.0,29054.0,53047.0,0.547702980375893,0.4027777777777778,-333.2361111111111,1001.8620689655172,-1233.6511627906978,25619.0,23409.0,0.25619,5,0,0.0,14.4,5.4258639865002145,0.376796110173626,7,0.0,0.0,0.0,0.0,False,False,False
245,27055.0,80574.0,53519.0,1.50552140361367,0.4857142857142857,110.42857142857143,677.09243697479,-424.75396825396825,13381.0,12413.0,0.13381,10,7,0.7,24.5,7.8390050389064045,0.31995938934311857,10,0.20443540935132137,2.0218967192287574,121.17335058214748,1.4379391998214113,2012-01-23 18:15:00,2021-05-27 09:45:00,RHL,6,5,80,1,53,32,1,33,2,1,4,500,0,0,72,-12703.0,19364.0,32067.0,0.603860666729036,0.125,-176.43055555555554,2151.5555555555557,-509.0,16785.0,15213.0,0.16785,5,1,0.2,14.4,5.4258639865002145,0.376796110173626,7,0.0,0.0,0.0,0.0,False,False,False
245,19415.0,55825.0,36410.0,1.5332326283987916,0.5714285714285714,79.24489795918367,398.75,-346.76190476190476,6909.0,6154.0,0.06909,10,7,0.7,24.5,7.8390050389064045,0.31995938934311857,10,0.14349729590522792,2.8101027645100594,87.18542364151429,1.436041758347008,2012-01-23 18:15:00,2021-05-27 15:00:00,RHL,6,5,80,1,53,32,1,33,2,1,4,2000,0,24,72,-24218.0,29995.0,54213.0,0.5532805784590412,0.4166666666666667,-336.3611111111111,999.8333333333334,-1290.7857142857142,25844.0,23634.0,0.25844,5,0,0.0,14.4,5.4258639865002145,0.376796110173626,7,0.0,0.0,0.0,0.0,False,False,False
245,19975.0,57169.0,37194.0,1.5370489863956551,0.6489795918367347,81.53061224489795,359.55345911949684,-432.48837209302326,7380.0,6809.0,0.0738,10,7,0.7,24.5,7.8390050389064045,0.31995938934311857,10,0.0255819774718398,2.706639566395664,90.51814768460576,1.4295385698136223,2012-01-23 18:15:00,2021-05-27 14:15:00,RHL,6,5,80,1,53,32,1,33,2,1,4,4000,500,48,72,-2208.0,27387.0,29595.0,0.9253928028383173,0.7916666666666666,-30.666666666666668,480.4736842105263,-1973.0,16277.0,13862.0,0.16277,5,2,0.4,14.4,5.4258639865002145,0.376796110173626,7,0.0,0.0,0.0,0.0,False,False,False
245,22415.0,68217.0,45802.0,1.489389109645867,0.6,91.48979591836735,464.0612244897959,-467.3673469387755,9317.0,8518.0,0.09317,10,8,0.8,24.5,7.8390050389064045,0.31995938934311857,10,0.044211465536471116,2.405817323172695,101.8364934195851,1.4277033079304562,2012-01-23 18:15:00,2021-05-27 16:45:00,RHL,6,5,80,1,53,32,1,33,2,1,4,1000,1000,48,72,-13068.0,27695.0,40763.0,0.679415155901185,0.4166666666666667,-181.5,923.1666666666666,-970.547619047619,16147.0,15716.0,0.16147,5,1,0.2,14.4,5.4258639865002145,0.376796110173626,7,0.0,0.0,0.0,0.0,False,False,False
245,20430.0,67890.0,47460.0,1.4304677623261695,0.5714285714285714,83.38775510204081,484.92857142857144,-452.0,7749.0,6604.0,0.07749,10,8,0.8,24.5,7.8390050389064045,0.31995938934311857,10,0.07298091042584434,2.6364692218350756,92.9273127753304,1.4268647415739462,2012-01-23 18:15:00,2021-05-27 21:00:00,RHL,6,5,80,1,53,32,1,33,2,1,4,750,1500,48,72,-8848.0,27958.0,36806.0,0.7596044123240776,0.3194444444444444,-122.88888888888889,1215.5652173913043,-751.1428571428571,10020.0,9311.0,0.1002,5,1,0.2,14.4,5.4258639865002145,0.376796110173626,7,0.0,0.0,0.0,0.0,False,False,False
245,19195.0,53256.0,34061.0,1.5635477525615806,0.5755102040816327,78.34693877551021,377.70212765957444,-327.50961538461536,6894.0,6054.0,0.06894,10,8,0.8,24.5,7.8390050389064045,0.31995938934311857,10,0.05162802813232613,2.784305192921381,87.99322740296951,1.4213130618700647,2012-01-23 18:15:00,2021-05-27 15:00:00,RHL,6,5,80,1,53,32,1,33,2,1,4,1500,1000,24,72,-13843.0,27952.0,41795.0,0.6687881325517406,0.5138888888888888,-192.26388888888889,755.4594594594595,-1194.142857142857,16598.0,14789.0,0.16598,5,1,0.2,14.4,5.4258639865002145,0.376796110173626,7,0.0,0.0,0.0,0.0,False,False,False
245,19195.0,55530.0,36335.0,1.5282785193339754,0.5714285714285714,78.34693877551021,396.64285714285717,-346.04761904761904,6909.0,6154.0,0.06909,10,7,0.7,24.5,7.8390050389064045,0.31995938934311857,10,0.1297733784839802,2.7782602402663192,88.18468351133107,1.419769330490385,2012-01-23 18:15:00,2021-05-27 15:00:00,RHL,6,5,80,1,53,32,1,33,2,1,4,1750,2500,24,72,-22038.0,30345.0,52383.0,0.5792909913521562,0.4166666666666667,-306.0833333333333,1011.5,-1247.2142857142858,23664.0,21454.0,0.23664,5,1,0.2,14.4,5.4258639865002145,0.376796110173626,7,0.0,0.0,0.0,0.0,False,False,False
245,19145.0,55480.0,36335.0,1.5269024356680887,0.5714285714285714,78.14285714285714,396.2857142857143,-346.04761904761904,6909.0,6154.0,0.06909,10,7,0.7,24.5,7.8390050389064045,0.31995938934311857,10,0.10399582136328023,2.7710233029381968,88.41499085923218,1.4160710514320611,2012-01-23 18:15:00,2021-05-27 15:00:00,RHL,6,5,80,1,53,32,1,33,2,1,4,1750,2000,24,72,-21868.0,28756.0,50624.0,0.5680309734513275,0.4305555555555556,-303.72222222222223,927.6129032258065,-1234.7317073170732,24276.0,23241.0,0.24276,5,0,0.0,14.4,5.4258639865002145,0.376796110173626,7,0.0,0.0,0.0,0.0,False,False,False
160,10175.0,40643.0,30468.0,1.3339569384272023,0.26875,63.59375,945.1860465116279,-260.4102564102564,4577.0,3877.0,0.04577,10,6,0.6,16.0,5.796550698475776,0.362284418654736,8,0.39223587223587225,2.223071881144855,71.97248157248157,1.4158828902216296,2012-03-05 17:30:00,2021-05-24 00:45:00,RHL,6,80,80,1,40,46,46,6,2,1,4,250,4000,0,93,-3852.0,17904.0,21756.0,0.8229453943739659,0.0967741935483871,-41.41935483870968,1989.3333333333333,-259.0,12798.0,11654.0,0.12798,5,2,0.4,18.6,6.887670143089026,0.3703048464026358,7,0.0,0.0,0.0,0.0,False,False,False
245,19120.0,55530.0,36410.0,1.525130458665202,0.5714285714285714,78.04081632653062,396.64285714285717,-346.76190476190476,6909.0,6154.0,0.06909,10,7,0.7,24.5,7.8390050389064045,0.31995938934311857,10,0.13028242677824267,2.767404834274135,88.53059623430961,1.4142219119028996,2012-01-23 18:15:00,2021-05-27 15:00:00,RHL,6,5,80,1,53,32,1,33,2,1,4,2000,2500,24,72,-22263.0,31286.0,53549.0,0.5842499393079236,0.4305555555555556,-309.2083333333333,1009.2258064516129,-1306.0731707317073,23889.0,21679.0,0.23889,5,1,0.2,14.4,5.4258639865002145,0.376796110173626,7,0.0,0.0,0.0,0.0,False,False,False
245,19070.0,55480.0,36410.0,1.5237572095578138,0.5714285714285714,77.83673469387755,396.2857142857143,-346.76190476190476,6909.0,6154.0,0.06909,10,7,0.7,24.5,7.8390050389064045,0.31995938934311857,10,0.10440482433141059,2.7601678969460126,88.76271630833772,1.4105236328445758,2012-01-23 18:15:00,2021-05-27 15:00:00,RHL,6,5,80,1,53,32,1,33,2,1,4,2000,2000,24,72,-21843.0,29697.0,51540.0,0.5761932479627474,0.4444444444444444,-303.375,928.03125,-1288.5,24251.0,23216.0,0.24251,5,0,0.0,14.4,5.4258639865002145,0.376796110173626,7,0.0,0.0,0.0,0.0,False,False,False
160,12965.0,51526.0,38561.0,1.3362205336998523,0.475,81.03125,677.9736842105264,-459.0595238095238,7493.0,6600.0,0.07493,10,9,0.9,16.0,5.796550698475776,0.362284418654736,8,0.07643655996914771,1.7302815961564126,92.47049749325106,1.410028941424217,2012-03-05 17:30:00,2021-05-24 03:15:00,RHL,6,80,80,1,40,46,46,6,2,1,4,500,1000,0,93,-222.0,30722.0,30944.0,0.9928257497414684,0.34408602150537637,-2.3870967741935485,960.0625,-507.27868852459017,6655.0,6135.0,0.06655,5,3,0.6,18.6,6.887670143089026,0.3703048464026358,7,0.0,0.0,0.0,0.0,False,False,False
245,19495.0,56678.0,37183.0,1.524298738670898,0.6448979591836734,79.57142857142857,358.72151898734177,-427.39080459770116,7264.0,6919.0,0.07264,10,7,0.7,24.5,7.8390050389064045,0.31995938934311857,10,0.02621184919210054,2.6837830396475773,91.28904847396768,1.4062825638061043,2012-01-23 18:15:00,2021-05-27 14:15:00,RHL,6,5,80,1,53,32,1,33,2,1,4,2000,500,48,72,-9358.0,25187.0,34545.0,0.7291069619337096,0.7222222222222222,-129.97222222222223,484.36538461538464,-1727.25,16702.0,14287.0,0.16702,5,0,0.0,14.4,5.4258639865002145,0.376796110173626,7,0.0,0.0,0.0,0.0,False,False,False
245,18875.0,55825.0,36950.0,1.5108254397834913,0.5714285714285714,77.04081632653062,398.75,-351.9047619047619,6909.0,6154.0,0.06909,10,7,0.7,24.5,7.8390050389064045,0.31995938934311857,10,0.1476026490066225,2.7319438413663337,89.67973509933775,1.3961003445171145,2012-01-23 18:15:00,2021-05-27 15:00:00,RHL,6,5,80,1,53,32,1,33,2,1,4,2500,0,24,72,-30388.0,30876.0,61264.0,0.503982763123531,0.4305555555555556,-422.05555555555554,996.0,-1494.2439024390244,32014.0,29804.0,0.32014,5,0,0.0,14.4,5.4258639865002145,0.376796110173626,7,0.0,0.0,0.0,0.0,False,False,False
245,18855.0,53256.0,34401.0,1.5480945321356938,0.5755102040816327,76.95918367346938,377.70212765957444,-330.77884615384613,6909.0,6069.0,0.06909,10,8,0.8,24.5,7.8390050389064045,0.31995938934311857,10,0.052559002916998145,2.729049066435085,89.77486077963405,1.394621032893785,2012-01-23 18:15:00,2021-05-27 15:00:00,RHL,6,5,80,1,53,32,1,33,2,1,4,2000,1000,24,72,-10943.0,30875.0,41818.0,0.7383184274714238,0.5555555555555556,-151.98611111111111,771.875,-1306.8125,16844.0,14395.0,0.16844,5,1,0.2,14.4,5.4258639865002145,0.376796110173626,7,0.0,0.0,0.0,0.0,False,False,False
245,18815.0,53256.0,34441.0,1.546296565140385,0.5755102040816327,76.79591836734694,377.70212765957444,-331.16346153846155,6909.0,6069.0,0.06909,10,7,0.7,24.5,7.8390050389064045,0.31995938934311857,10,0.05267074142971034,2.7232595165725866,89.96571884134998,1.3916624096471264,2012-01-23 18:15:00,2021-05-27 15:00:00,RHL,6,5,80,1,53,32,1,33,2,1,4,2500,1000,24,72,-18443.0,30875.0,49318.0,0.62603917433797,0.5555555555555556,-256.15277777777777,771.875,-1541.1875,23344.0,20895.0,0.23344,5,1,0.2,14.4,5.4258639865002145,0.376796110173626,7,0.0,0.0,0.0,0.0,False,False,False
245,18745.0,54315.0,35570.0,1.526989035704245,0.5714285714285714,76.51020408163265,387.9642857142857,-338.76190476190476,6894.0,6139.0,0.06894,10,8,0.8,24.5,7.8390050389064045,0.31995938934311857,10,0.07954121098959722,2.7190310414853496,90.10562816751134,1.3879923597162989,2012-01-23 18:15:00,2021-05-27 15:00:00,RHL,6,5,80,1,53,32,1,33,2,1,4,1500,1500,24,72,-19823.0,27336.0,47159.0,0.5796560571683029,0.4305555555555556,-275.31944444444446,881.8064516129032,-1150.219512195122,21731.0,19771.0,0.21731,5,1,0.2,14.4,5.4258639865002145,0.376796110173626,7,0.0,0.0,0.0,0.0,False,False,False
245,18680.0,53256.0,34576.0,1.540259139287367,0.5755102040816327,76.24489795918367,377.70212765957444,-332.46153846153845,6909.0,6069.0,0.06909,10,8,0.8,24.5,7.8390050389064045,0.31995938934311857,10,0.05305139186295503,2.7037197857866553,90.6158993576017,1.381677056189653,2012-01-23 18:15:00,2021-05-27 15:00:00,RHL,6,5,80,1,53,32,1,33,2,1,4,1750,1000,24,72,-11968.0,29934.0,41902.0,0.7143811751229058,0.5416666666666666,-166.22222222222223,767.5384615384615,-1269.7575757575758,15019.0,13589.0,0.15019,5,1,0.2,14.4,5.4258639865002145,0.376796110173626,7,0.0,0.0,0.0,0.0,False,False,False
245,25995.0,79514.0,53519.0,1.4857153534258862,0.4857142857142857,106.10204081632654,668.1848739495798,-424.75396825396825,13381.0,12413.0,0.13381,10,7,0.7,24.5,7.8390050389064045,0.31995938934311857,10,0.19199846124254663,1.9426799192885436,126.11444508559337,1.381601533888656,2012-01-23 18:15:00,2021-05-27 09:45:00,RHL,6,5,80,1,53,32,1,33,2,1,4,500,5000,0,72,-14488.0,17579.0,32067.0,0.5481959646989116,0.125,-201.22222222222223,1953.2222222222222,-509.0,16785.0,15213.0,0.16785,5,1,0.2,14.4,5.4258639865002145,0.376796110173626,7,0.0,0.0,0.0,0.0,False,False,False
245,18665.0,55825.0,37160.0,1.5022874058127018,0.5714285714285714,76.18367346938776,398.75,-353.9047619047619,6909.0,6154.0,0.06909,10,7,0.7,24.5,7.8390050389064045,0.31995938934311857,10,0.14926332708277526,2.7015487045882183,90.68872220733994,1.3805675724721558,2012-01-23 18:15:00,2021-05-27 15:00:00,RHL,6,5,80,1,53,32,1,33,2,1,4,2250,0,24,72,-26078.0,30876.0,56954.0,0.5421217122590161,0.4305555555555556,-362.19444444444446,996.0,-1389.121951219512,27704.0,25494.0,0.27704,5,0,0.0,14.4,5.4258639865002145,0.376796110173626,7,0.0,0.0,0.0,0.0,False,False,False
245,18580.0,55530.0,36950.0,1.5028416779431664,0.5714285714285714,75.83673469387755,396.64285714285717,-351.9047619047619,6909.0,6154.0,0.06909,10,7,0.7,24.5,7.8390050389064045,0.31995938934311857,10,0.13406889128094726,2.6892459111304094,91.10360602798708,1.374280498073006,2012-01-23 18:15:00,2021-05-27 15:00:00,RHL,6,5,80,1,53,32,1,33,2,1,4,2500,2500,24,72,-28433.0,32167.0,60600.0,0.5308085808580858,0.4444444444444444,-394.90277777777777,1005.21875,-1515.0,30059.0,27849.0,0.30059,5,0,0.0,14.4,5.4258639865002145,0.376796110173626,7,0.0,0.0,0.0,0.0,False,False,False
160,12135.0,34325.0,22190.0,1.5468679585398828,0.625,75.84375,343.25,-369.8333333333333,6932.0,4743.0,0.06932,10,8,0.8,16.0,5.796550698475776,0.362284418654736,8,0.04046147507210548,1.7505770340450086,91.39843428100535,1.372125626977848,2012-03-05 17:30:00,2021-05-24 02:15:00,RHL,6,80,80,1,40,46,46,6,2,1,4,2500,500,12,93,-4952.0,29023.0,33975.0,0.8542457689477557,0.6774193548387096,-53.24731182795699,460.6825396825397,-1132.5,13539.0,12596.0,0.13539,5,3,0.6,18.6,6.887670143089026,0.3703048464026358,7,0.0,0.0,0.0,0.0,False,False,False
245,18530.0,55480.0,36950.0,1.50148849797023,0.5714285714285714,75.63265306122449,396.2857142857143,-351.9047619047619,6909.0,6154.0,0.06909,10,7,0.7,24.5,7.8390050389064045,0.31995938934311857,10,0.10744738262277388,2.682008973802287,91.34943335132218,1.3705822190146824,2012-01-23 18:15:00,2021-05-27 15:00:00,RHL,6,5,80,1,53,32,1,33,2,1,4,2500,2000,24,72,-27953.0,30578.0,58531.0,0.5224240146247288,0.4583333333333333,-388.2361111111111,926.6060606060606,-1500.7948717948718,30361.0,29326.0,0.30361,5,0,0.0,14.4,5.4258639865002145,0.376796110173626,7,0.0,0.0,0.0,0.0,False,False,False
245,18370.0,55530.0,37160.0,1.4943487621097955,0.5714285714285714,74.9795918367347,396.64285714285717,-353.9047619047619,6909.0,6154.0,0.06909,10,7,0.7,24.5,7.8390050389064045,0.31995938934311857,10,0.1356015242242787,2.658850774352294,92.14507348938486,1.3587477260280474,2012-01-23 18:15:00,2021-05-27 15:00:00,RHL,6,5,80,1,53,32,1,33,2,1,4,2250,2500,24,72,-24123.0,32167.0,56290.0,0.5714514123290105,0.4444444444444444,-335.0416666666667,1005.21875,-1407.25,25749.0,23539.0,0.25749,5,0,0.0,14.4,5.4258639865002145,0.376796110173626,7,0.0,0.0,0.0,0.0,False,False,False
245,18355.0,53256.0,34901.0,1.525916162860663,0.5755102040816327,74.91836734693878,377.70212765957444,-335.58653846153845,6909.0,6069.0,0.06909,10,8,0.8,24.5,7.8390050389064045,0.31995938934311857,10,0.05399073821846908,2.6566796931538574,92.22037591936801,1.3576382423105502,2012-01-23 18:15:00,2021-05-27 15:00:00,RHL,6,5,80,1,53,32,1,33,2,1,4,2250,1000,24,72,-14693.0,30875.0,45568.0,0.6775588132022472,0.5555555555555556,-204.06944444444446,771.875,-1424.0,20094.0,17645.0,0.20094,5,1,0.2,14.4,5.4258639865002145,0.376796110173626,7,0.0,0.0,0.0,0.0,False,False,False
245,18320.0,55480.0,37160.0,1.4930032292787945,0.5714285714285714,74.77551020408163,396.2857142857143,-353.9047619047619,6909.0,6154.0,0.06909,10,7,0.7,24.5,7.8390050389064045,0.31995938934311857,10,0.10867903930131004,2.6516138370241715,92.39656113537119,1.3550494469697236,2012-01-23 18:15:00,2021-05-27 15:00:00,RHL,6,5,80,1,53,32,1,33,2,1,4,2250,2000,24,72,-23453.0,30578.0,54031.0,0.5659343710092355,0.4583333333333333,-325.7361111111111,926.6060606060606,-1385.4102564102564,25861.0,24826.0,0.25861,5,0,0.0,14.4,5.4258639865002145,0.376796110173626,7,0.0,0.0,0.0,0.0,False,False,False
160,9530.0,38703.0,29173.0,1.3266719226682206,0.3,59.5625,806.3125,-260.4732142857143,4399.0,3956.0,0.04399,10,6,0.6,16.0,5.796550698475776,0.362284418654736,8,0.3589716684155299,2.1664014548761084,73.85519412381952,1.3526931527614878,2012-03-05 17:30:00,2021-05-24 00:45:00,RHL,6,80,80,1,40,46,46,6,2,1,4,250,0,48,93,-12.0,21226.0,21238.0,0.9994349750447311,0.11827956989247312,-0.12903225806451613,1929.6363636363637,-259.0,8688.0,7094.0,0.08688,5,2,0.4,18.6,6.887670143089026,0.3703048464026358,7,0.0,0.0,0.0,0.0,False,False,False
160,11825.0,34325.0,22500.0,1.5255555555555556,0.625,73.90625,343.25,-375.0,6932.0,4743.0,0.06932,10,8,0.8,16.0,5.796550698475776,0.362284418654736,8,0.04152219873150106,1.7058568955568378,93.79450317124736,1.337073385992011,2012-03-05 17:30:00,2021-05-24 02:15:00,RHL,6,80,80,1,40,46,46,6,2,1,4,1750,500,12,93,-3347.0,28532.0,31879.0,0.8950092537407071,0.6666666666666666,-35.98924731182796,460.19354838709677,-1028.3548387096773,11755.0,10991.0,0.11755,5,2,0.4,18.6,6.887670143089026,0.3703048464026358,7,0.0,0.0,0.0,0.0,False,False,False
160,9390.0,38045.0,28655.0,1.3276915023556097,0.3125,58.6875,760.9,-260.5,4399.0,3956.0,0.04399,10,7,0.7,16.0,5.796550698475776,0.362284418654736,8,0.15878594249201278,2.134576040009093,74.95633652822151,1.332821480003187,2012-03-05 17:30:00,2021-05-24 00:45:00,RHL,6,80,80,1,40,46,46,6,2,1,4,250,1500,48,93,1598.0,21541.0,19943.0,1.0801283658426515,0.17204301075268819,17.182795698924732,1346.3125,-259.0,4441.0,4073.0,0.04441,5,2,0.4,18.6,6.887670143089026,0.3703048464026358,7,0.9330413016270338,0.3598288673722135,258.45619524405504,0.38837994375442286,False,False,False
245,17980.0,54315.0,36335.0,1.494839686252924,0.5714285714285714,73.38775510204081,387.9642857142857,-346.04761904761904,6909.0,6154.0,0.06909,10,7,0.7,24.5,7.8390050389064045,0.31995938934311857,10,0.08292547274749722,2.6024026631929367,94.14377085650723,1.329901149373124,2012-01-23 18:15:00,2021-05-27 15:00:00,RHL,6,5,80,1,53,32,1,33,2,1,4,1750,1500,24,72,-17698.0,30318.0,48016.0,0.6314145284905032,0.4583333333333333,-245.80555555555554,918.7272727272727,-1231.179487179487,19606.0,18571.0,0.19606,5,1,0.2,14.4,5.4258639865002145,0.376796110173626,7,0.0,0.0,0.0,0.0,False,False,False
245,24995.0,78514.0,53519.0,1.467030400418543,0.4857142857142857,102.0204081632653,659.781512605042,-424.75396825396825,13381.0,12413.0,0.13381,10,7,0.7,24.5,7.8390050389064045,0.31995938934311857,10,0.1796759351870374,1.8679470891562664,131.16003200640128,1.3284527924426603,2012-01-23 18:15:00,2021-05-27 09:45:00,RHL,6,5,80,1,53,32,1,33,2,1,4,500,4500,0,72,-14988.0,17079.0,32067.0,0.5326036111890728,0.125,-208.16666666666666,1897.6666666666667,-509.0,16785.0,15213.0,0.16785,5,1,0.2,14.4,5.4258639865002145,0.376796110173626,7,0.0,0.0,0.0,0.0,False,False,False
160,14365.0,47574.0,33209.0,1.4325634617121865,0.7125,89.78125,417.3157894736842,-721.9347826086956,10422.0,8233.0,0.10422,10,7,0.7,16.0,5.796550698475776,0.362284418654736,8,0.03418029933867038,1.3783342928420648,116.08214410024365,1.3246875905232975,2012-03-05 17:30:00,2021-05-24 02:15:00,RHL,6,80,80,1,40,46,46,6,2,1,4,1500,500,48,93,-552.0,33749.0,34301.0,0.9839071747179382,0.7419354838709677,-5.935483870967742,489.1159420289855,-1429.2083333333333,9102.0,7679.0,0.09102,5,2,0.4,18.6,6.887670143089026,0.3703048464026358,7,0.0,0.0,0.0,0.0,False,False,False
245,17905.0,54315.0,36410.0,1.4917605053556715,0.5714285714285714,73.08163265306122,387.9642857142857,-346.76190476190476,6909.0,6154.0,0.06909,10,7,0.7,24.5,7.8390050389064045,0.31995938934311857,10,0.0832728288187657,2.5915472572007525,94.5381178441776,1.3243537307856388,2012-01-23 18:15:00,2021-05-27 15:00:00,RHL,6,5,80,1,53,32,1,33,2,1,4,2000,1500,24,72,-17423.0,31259.0,48682.0,0.6421059118359969,0.4722222222222222,-241.98611111111111,919.3823529411765,-1281.1052631578948,19799.0,18296.0,0.19799,5,1,0.2,14.4,5.4258639865002145,0.376796110173626,7,0.0,0.0,0.0,0.0,False,False,False
245,18475.0,56678.0,38203.0,1.4836007643378792,0.6448979591836734,75.40816326530613,358.72151898734177,-439.11494252873564,7380.0,6809.0,0.0738,10,7,0.7,24.5,7.8390050389064045,0.31995938934311857,10,0.02765899864682003,2.5033875338753386,97.86738836265222,1.3221889901029626,2012-01-23 18:15:00,2021-05-27 14:15:00,RHL,6,5,80,1,53,32,1,33,2,1,4,2500,500,48,72,-13108.0,25187.0,38295.0,0.6577098837968404,0.7222222222222222,-182.05555555555554,484.36538461538464,-1914.75,18993.0,17036.0,0.18993,5,0,0.0,14.4,5.4258639865002145,0.376796110173626,7,0.0,0.0,0.0,0.0,False,False,False
160,9300.0,38473.0,29173.0,1.318787920337298,0.3,58.125,801.5208333333334,-260.4732142857143,4399.0,3956.0,0.04399,10,6,0.6,16.0,5.796550698475776,0.362284418654736,8,0.32161290322580643,2.1141168447374405,75.68172043010753,1.3200468332299933,2012-03-05 17:30:00,2021-05-24 00:45:00,RHL,6,80,80,1,40,46,46,6,2,1,4,250,3000,48,93,2893.0,23872.0,20979.0,1.1378998045664712,0.12903225806451613,31.107526881720432,1989.3333333333333,-259.0,5857.0,4403.0,0.05857,5,3,0.6,18.6,6.887670143089026,0.3703048464026358,7,1.0338748703767715,0.4939388765579648,188.28240580712063,0.6122534312932714,True,False,False
160,11635.0,34325.0,22690.0,1.5127809607756721,0.625,72.71875,343.25,-378.1666666666667,6932.0,4743.0,0.06932,10,7,0.7,16.0,5.796550698475776,0.362284418654736,8,0.042200257842715944,1.6784477784189267,95.32617103566824,1.3155897544200463,2012-03-05 17:30:00,2021-05-24 02:15:00,RHL,6,80,80,1,40,46,46,6,2,1,4,3000,500,12,93,-4447.0,29023.0,33470.0,0.8671347475351061,0.6774193548387096,-47.81720430107527,460.6825396825397,-1115.6666666666667,12818.0,11611.0,0.12818,5,2,0.4,18.6,6.887670143089026,0.3703048464026358,7,0.0,0.0,0.0,0.0,False,False,False
245,18495.0,56678.0,38183.0,1.4843778644946704,0.6448979591836734,75.48979591836735,358.72151898734177,-438.88505747126436,7514.0,7169.0,0.07514,10,7,0.7,24.5,7.8390050389064045,0.31995938934311857,10,0.027629088942957555,2.46140537663029,99.53663152203298,1.3117649140599976,2012-01-23 18:15:00,2021-05-27 14:15:00,RHL,6,5,80,1,53,32,1,33,2,1,4,2250,500,48,72,-11518.0,25187.0,36705.0,0.686200790083095,0.7222222222222222,-159.97222222222223,484.36538461538464,-1835.25,17903.0,15838.0,0.17903,5,0,0.0,14.4,5.4258639865002145,0.376796110173626,7,0.0,0.0,0.0,0.0,False,False,False
160,10425.0,45070.0,34645.0,1.3009092221099725,0.5,65.15625,563.375,-433.0625,5658.0,4765.0,0.05658,10,6,0.6,16.0,5.796550698475776,0.362284418654736,8,0.09505995203836931,1.8425238600212088,86.83741007194244,1.3047519785458686,2012-03-05 17:30:00,2021-05-24 03:15:00,RHL,6,80,80,1,40,46,46,6,2,1,4,500,1000,24,93,733.0,29735.0,29002.0,1.025274119026274,0.3763440860215054,7.881720430107527,849.5714285714286,-500.0344827586207,6655.0,6135.0,0.06655,5,3,0.6,18.6,6.887670143089026,0.3703048464026358,7,1.3519781718963164,0.1101427498121713,844.3587994542974,0.1455292699987727,False,False,False
160,13650.0,50797.0,37147.0,1.3674590141868792,0.73125,85.3125,434.1623931623932,-863.8837209302326,9717.0,7528.0,0.09717,10,7,0.7,16.0,5.796550698475776,0.362284418654736,8,0.03597069597069597,1.4047545538746526,113.89890109890109,1.3036167199944098,2012-03-05 17:30:00,2021-05-24 02:15:00,RHL,6,80,80,1,40,46,46,6,2,1,4,2000,500,0,93,-2862.0,35713.0,38575.0,0.9258068697342838,0.7849462365591398,-30.774193548387096,489.2191780821918,-1928.75,12694.0,11210.0,0.12694,5,2,0.4,18.6,6.887670143089026,0.3703048464026358,7,0.0,0.0,0.0,0.0,False,False,False
160,12805.0,51288.0,38483.0,1.3327443286646052,0.7375,80.03125,434.64406779661016,-916.2619047619048,8727.0,7211.0,0.08727,10,7,0.7,16.0,5.796550698475776,0.362284418654736,8,0.03834439672003124,1.4672854360032084,109.04490433424444,1.2904181617912511,2012-03-05 17:30:00,2021-05-24 02:15:00,RHL,6,80,80,1,40,46,46,6,2,1,4,3000,500,0,93,-7752.0,36731.0,44483.0,0.825731178202909,0.8172043010752689,-83.35483870967742,483.30263157894734,-2616.6470588235293,16178.0,14626.0,0.16178,5,2,0.4,18.6,6.887670143089026,0.3703048464026358,7,0.0,0.0,0.0,0.0,False,False,False
245,17365.0,54315.0,36950.0,1.469959404600812,0.5714285714285714,70.87755102040816,387.9642857142857,-351.9047619047619,6909.0,6154.0,0.06909,10,7,0.7,24.5,7.8390050389064045,0.31995938934311857,10,0.08586236682983012,2.513388334057027,97.47797293406278,1.284412316955745,2012-01-23 18:15:00,2021-05-27 15:00:00,RHL,6,5,80,1,53,32,1,33,2,1,4,2500,1500,24,72,-23033.0,32140.0,55173.0,0.5825313106048248,0.4861111111111111,-319.90277777777777,918.2857142857143,-1491.162162162162,26799.0,24350.0,0.26799,5,1,0.2,14.4,5.4258639865002145,0.376796110173626,7,0.0,0.0,0.0,0.0,False,False,False
245,17155.0,54315.0,37160.0,1.4616523143164692,0.5714285714285714,70.0204081632653,387.9642857142857,-353.9047619047619,6909.0,6154.0,0.06909,10,7,0.7,24.5,7.8390050389064045,0.31995938934311857,10,0.08691343631594288,2.4829931972789114,98.67123287671234,1.2688795449107866,2012-01-23 18:15:00,2021-05-27 15:00:00,RHL,6,5,80,1,53,32,1,33,2,1,4,2250,1500,24,72,-18783.0,32140.0,50923.0,0.6311489896510417,0.4861111111111111,-260.875,918.2857142857143,-1376.2972972972973,23299.0,20850.0,0.23299,5,1,0.2,14.4,5.4258639865002145,0.376796110173626,7,0.0,0.0,0.0,0.0,False,False,False
245,18140.0,64732.0,46592.0,1.3893372252747254,0.5795918367346938,74.04081632653062,455.85915492957747,-452.3495145631068,7749.0,6988.0,0.07749,10,8,0.8,24.5,7.8390050389064045,0.31995938934311857,10,0.054630650496141124,2.3409472189959994,104.65848952590959,1.2669273818967883,2012-01-23 18:15:00,2021-05-27 16:45:00,RHL,6,5,80,1,53,32,1,33,2,1,4,750,1000,48,72,-7298.0,25713.0,33011.0,0.7789221774559996,0.3888888888888889,-101.36111111111111,918.3214285714286,-750.25,11449.0,10748.0,0.11449,5,1,0.2,14.4,5.4258639865002145,0.376796110173626,7,0.0,0.0,0.0,0.0,False,False,False
160,11190.0,34325.0,23135.0,1.4836827317916577,0.625,69.9375,343.25,-385.5833333333333,6932.0,4743.0,0.06932,10,8,0.8,16.0,5.796550698475776,0.362284418654736,8,0.04387846291331546,1.6142527409117138,99.11706881143878,1.2652728278436027,2012-03-05 17:30:00,2021-05-24 02:15:00,RHL,6,80,80,1,40,46,46,6,2,1,4,2250,500,12,93,-4107.0,29023.0,33130.0,0.8760338062179294,0.6774193548387096,-44.16129032258065,460.6825396825397,-1104.3333333333333,13265.0,12501.0,0.13265,5,3,0.6,18.6,6.887670143089026,0.3703048464026358,7,0.0,0.0,0.0,0.0,False,False,False
245,23705.0,77224.0,53519.0,1.4429268110390703,0.4857142857142857,96.75510204081633,648.9411764705883,-424.75396825396825,13381.0,12413.0,0.13381,10,7,0.7,24.5,7.8390050389064045,0.31995938934311857,10,0.16836110525205653,1.7715417382856289,138.29761653659565,1.259890915977326,2012-01-23 18:15:00,2021-05-27 09:45:00,RHL,6,5,80,1,53,32,1,33,2,1,4,500,4000,0,72,-15133.0,16934.0,32067.0,0.5280818286712197,0.125,-210.18055555555554,1881.5555555555557,-509.0,16430.0,14858.0,0.1643,5,1,0.2,14.4,5.4258639865002145,0.376796110173626,7,0.0,0.0,0.0,0.0,False,False,False
245,15270.0,51221.0,35951.0,1.4247447915217935,0.39183673469387753,62.326530612244895,533.5520833333334,-241.28187919463087,5562.0,4923.0,0.05562,10,6,0.6,24.5,7.8390050389064045,0.31995938934311857,10,0.2656188605108055,2.7454153182308523,89.23968565815325,1.2588118283928111,2012-01-23 18:15:00,2021-05-27 09:00:00,RHL,6,5,80,1,53,32,1,33,2,1,4,250,0,48,72,-9728.0,7366.0,17094.0,0.4309114309114309,0.08333333333333333,-135.11111111111111,1227.6666666666667,-259.0,12210.0,10218.0,0.1221,5,1,0.2,14.4,5.4258639865002145,0.376796110173626,7,0.0,0.0,0.0,0.0,False,False,False
245,15205.0,51156.0,35951.0,1.422936775054936,0.39183673469387753,62.06122448979592,532.875,-241.28187919463087,5562.0,4923.0,0.05562,10,6,0.6,24.5,7.8390050389064045,0.31995938934311857,10,0.26247944755014796,2.7337288745055734,89.62117724432753,1.253453428337439,2012-01-23 18:15:00,2021-05-27 09:00:00,RHL,6,5,80,1,53,32,1,33,2,1,4,250,4000,48,72,-9728.0,7366.0,17094.0,0.4309114309114309,0.08333333333333333,-135.11111111111111,1227.6666666666667,-259.0,12210.0,10218.0,0.1221,5,1,0.2,14.4,5.4258639865002145,0.376796110173626,7,0.0,0.0,0.0,0.0,False,False,False
160,11075.0,34325.0,23250.0,1.4763440860215054,0.625,69.21875,343.25,-387.5,6932.0,4743.0,0.06932,10,8,0.8,16.0,5.796550698475776,0.362284418654736,8,0.044334085778781035,1.5976630121177149,100.14627539503385,1.2522695771553083,2012-03-05 17:30:00,2021-05-24 02:15:00,RHL,6,80,80,1,40,46,46,6,2,1,4,2000,500,12,93,-3077.0,29023.0,32100.0,0.9041433021806854,0.6774193548387096,-33.086021505376344,460.6825396825397,-1070.0,12985.0,12221.0,0.12985,5,3,0.6,18.6,6.887670143089026,0.3703048464026358,7,0.0,0.0,0.0,0.0,False,False,False
160,10870.0,43029.0,32159.0,1.3380080226375197,0.65,67.9375,413.74038461538464,-574.2678571428571,6791.0,5231.0,0.06791,10,7,0.7,16.0,5.796550698475776,0.362284418654736,8,0.04517019319227231,1.6006479163598881,99.95952161913523,1.241783974464912,2012-03-05 17:30:00,2021-05-24 02:15:00,RHL,6,80,80,1,40,46,46,6,2,1,4,750,500,48,93,-3982.0,26023.0,30005.0,0.8672887852024662,0.5698924731182796,-42.81720430107527,491.0,-750.125,8349.0,7284.0,0.08349,5,1,0.2,18.6,6.887670143089026,0.3703048464026358,7,0.0,0.0,0.0,0.0,False,False,False
245,14470.0,50421.0,35951.0,1.4024922811604683,0.39183673469387753,59.06122448979592,525.21875,-241.28187919463087,5308.0,4923.0,0.05308,10,6,0.6,24.5,7.8390050389064045,0.31995938934311857,10,0.20670352453351762,2.7260738507912583,89.8728403593642,1.221069389791888,2012-01-23 18:15:00,2021-05-27 09:00:00,RHL,6,5,80,1,53,32,1,33,2,1,4,250,3000,48,72,-6478.0,10357.0,16835.0,0.6152064152064152,0.09722222222222222,-89.97222222222223,1479.5714285714287,-259.0,8960.0,6968.0,0.0896,5,1,0.2,14.4,5.4258639865002145,0.376796110173626,7,0.0,0.0,0.0,0.0,False,False,False
245,17255.0,56187.0,38932.0,1.4432086715298469,0.6408163265306123,70.42857142857143,357.8789808917197,-442.40909090909093,7558.0,7163.0,0.07558,10,7,0.7,24.5,7.8390050389064045,0.31995938934311857,10,0.029614604462474645,2.283011378671606,107.31440162271805,1.2202499264225397,2012-01-23 18:15:00,2021-05-27 14:15:00,RHL,6,5,80,1,53,32,1,33,2,1,4,1250,500,48,72,-14858.0,20768.0,35626.0,0.5829450401392242,0.5972222222222222,-206.36111111111111,482.9767441860465,-1228.4827586206898,17635.0,17036.0,0.17635,5,0,0.0,14.4,5.4258639865002145,0.376796110173626,7,0.0,0.0,0.0,0.0,False,False,False
160,10885.0,34325.0,23440.0,1.464377133105802,0.625,68.03125,343.25,-390.6666666666667,7207.0,5018.0,0.07207,10,8,0.8,16.0,5.796550698475776,0.362284418654736,8,0.04510794671566376,1.5103371721937007,105.93661001378044,1.207075803564597,2012-03-05 17:30:00,2021-05-24 02:15:00,RHL,6,80,80,1,40,46,46,6,2,1,4,1500,500,12,93,-3807.0,28386.0,32193.0,0.8817444786133631,0.6559139784946236,-40.935483870967744,465.344262295082,-1006.03125,13215.0,12451.0,0.13215,5,2,0.4,18.6,6.887670143089026,0.3703048464026358,7,0.0,0.0,0.0,0.0,False,False,False
160,10635.0,34325.0,23690.0,1.4489235964542,0.625,66.46875,343.25,-394.8333333333333,6932.0,4874.0,0.06932,10,7,0.7,16.0,5.796550698475776,0.362284418654736,8,0.0461683121767748,1.5341892671667627,104.2896097790315,1.2025180093044427,2012-03-05 17:30:00,2021-05-24 02:15:00,RHL,6,80,80,1,40,46,46,6,2,1,4,4000,500,12,93,-6522.0,29023.0,35545.0,0.8165142776761851,0.6774193548387096,-70.12903225806451,460.6825396825397,-1184.8333333333333,14893.0,13341.0,0.14893,5,2,0.4,18.6,6.887670143089026,0.3703048464026358,7,0.0,0.0,0.0,0.0,False,False,False
160,9060.0,35876.0,26816.0,1.3378579952267302,0.35,56.625,640.6428571428571,-257.84615384615387,5060.0,4546.0,0.0506,10,7,0.7,16.0,5.796550698475776,0.362284418654736,8,0.16456953642384106,1.790513833992095,89.3598233995585,1.1990472883804093,2012-03-05 17:30:00,2021-05-24 00:45:00,RHL,6,80,80,1,40,46,46,6,2,1,4,250,1500,24,93,-77.0,19607.0,19684.0,0.9960881934566145,0.1827956989247312,-0.8279569892473119,1153.3529411764705,-259.0,3966.0,3598.0,0.03966,5,2,0.4,18.6,6.887670143089026,0.3703048464026358,7,0.0,0.0,0.0,0.0,False,False,False
160,13495.0,51779.0,38284.0,1.352497126737018,0.74375,84.34375,435.11764705882354,-933.7560975609756,11484.0,10021.0,0.11484,10,7,0.7,16.0,5.796550698475776,0.362284418654736,8,0.03638384586884031,1.1751132009752698,136.15709522045202,1.1855221400474325,2012-03-05 17:30:00,2021-05-24 02:15:00,RHL,6,80,80,1,40,46,46,6,2,1,4,5000,500,0,93,-30252.0,37222.0,67474.0,0.551649524261197,0.8279569892473119,-325.2903225806452,483.4025974025974,-4217.125,38678.0,37126.0,0.38678,5,0,0.0,18.6,6.887670143089026,0.3703048464026358,7,0.0,0.0,0.0,0.0,False,False,False
245,17010.0,55763.0,38753.0,1.4389337599669703,0.35918367346938773,69.42857142857143,633.6704545454545,-246.8343949044586,7877.0,7238.0,0.07877,10,6,0.6,24.5,7.8390050389064045,0.31995938934311857,10,0.24785420340975897,2.1594515678557826,113.45473251028807,1.1783143349453886,2012-01-23 18:15:00,2021-05-27 09:00:00,RHL,6,5,80,1,53,32,1,33,2,1,4,250,0,0,72,-8498.0,9114.0,17612.0,0.5174880763116058,0.05555555555555555,-118.02777777777777,2278.5,-259.0,14935.0,12943.0,0.14935,5,1,0.2,14.4,5.4258639865002145,0.376796110173626,7,0.0,0.0,0.0,0.0,False,False,False
160,8225.0,37398.0,29173.0,1.2819387790079868,0.3,51.40625,779.125,-260.4732142857143,4399.0,3956.0,0.04399,10,6,0.6,16.0,5.796550698475776,0.362284418654736,8,0.3028571428571429,1.8697431234371449,85.57325227963526,1.1674607745501824,2012-03-05 17:30:00,2021-05-24 00:45:00,RHL,6,80,80,1,40,46,46,6,2,1,4,250,2500,48,93,4738.0,25458.0,20720.0,1.2286679536679537,0.13978494623655913,50.946236559139784,1958.3076923076924,-259.0,5283.0,4403.0,0.05283,5,4,0.8,18.6,6.887670143089026,0.3703048464026358,7,0.5257492612916842,0.8968389172818474,103.6975517095821,1.0557841969369788,True,False,False
245,16720.0,55473.0,38753.0,1.4314504683508373,0.35918367346938773,68.24489795918367,630.375,-246.8343949044586,7877.0,7238.0,0.07877,10,6,0.6,24.5,7.8390050389064045,0.31995938934311857,10,0.23869617224880382,2.122635521137489,115.42254784688996,1.1582254956076954,2012-01-23 18:15:00,2021-05-27 09:00:00,RHL,6,5,80,1,53,32,1,33,2,1,4,250,4000,0,72,-11283.0,6329.0,17612.0,0.35935725641607996,0.05555555555555555,-156.70833333333334,1582.25,-259.0,14935.0,12943.0,0.14935,5,1,0.2,14.4,5.4258639865002145,0.376796110173626,7,0.0,0.0,0.0,0.0,False,False,False
245,17685.0,55214.0,37529.0,1.4712355778198194,0.5673469387755102,72.18367346938776,397.2230215827338,-354.04716981132077,8819.0,7962.0,0.08819,10,8,0.8,24.5,7.8390050389064045,0.31995938934311857,10,0.15753463387051173,2.005329402426579,122.17444161718971,1.1577976484450763,2012-01-23 18:15:00,2021-05-27 15:00:00,RHL,6,5,80,1,53,32,1,33,2,1,4,1250,0,24,72,-23438.0,25420.0,48858.0,0.5202832698841541,0.3472222222222222,-325.52777777777777,1016.8,-1039.531914893617,23753.0,22179.0,0.23753,5,1,0.2,14.4,5.4258639865002145,0.376796110173626,7,0.0,0.0,0.0,0.0,False,False,False
160,8310.0,38778.0,30468.0,1.2727451752658527,0.26875,51.9375,901.8139534883721,-260.4102564102564,4577.0,3877.0,0.04577,10,6,0.6,16.0,5.796550698475776,0.362284418654736,8,0.359927797833935,1.8155997378195325,88.1251504211793,1.1563623408099992,2012-03-05 17:30:00,2021-05-24 00:45:00,RHL,6,80,80,1,40,46,46,6,2,1,4,250,3000,0,93,648.0,21886.0,21238.0,1.0305113475845182,0.11827956989247312,6.967741935483871,1989.6363636363637,-259.0,7009.0,6474.0,0.07009,5,3,0.6,18.6,6.887670143089026,0.3703048464026358,7,4.6157407407407405,0.09245256099300898,1005.9212962962963,0.1253624242775737,False,False,False
245,17970.0,62888.0,44918.0,1.400062335811924,0.6448979591836734,73.34693877551021,398.0253164556962,-516.2988505747127,9199.0,8929.0,0.09199,10,7,0.7,24.5,7.8390050389064045,0.31995938934311857,10,0.028436282693377852,1.953473203609088,125.41764051196438,1.1519006888357104,2012-01-23 18:15:00,2021-05-27 14:15:00,RHL,6,5,80,1,53,32,1,33,2,1,4,1000,500,0,72,-15358.0,18313.0,33671.0,0.543880490629919,0.5277777777777778,-213.30555555555554,481.92105263157896,-990.3235294117648,18385.0,17786.0,0.18385,5,0,0.0,14.4,5.4258639865002145,0.376796110173626,7,0.0,0.0,0.0,0.0,False,False,False
245,13605.0,49556.0,35951.0,1.3784317543322857,0.39183673469387753,55.53061224489796,516.2083333333334,-241.28187919463087,5308.0,4923.0,0.05308,10,6,0.6,24.5,7.8390050389064045,0.31995938934311857,10,0.18309445056964352,2.563112283345893,95.58691657478867,1.1480752624822832,2012-01-23 18:15:00,2021-05-27 09:00:00,RHL,6,5,80,1,53,32,1,33,2,1,4,250,2500,48,72,-7308.0,9527.0,16835.0,0.5659043659043659,0.09722222222222222,-101.5,1361.0,-259.0,9460.0,7468.0,0.0946,5,1,0.2,14.4,5.4258639865002145,0.376796110173626,7,0.0,0.0,0.0,0.0,False,False,False
160,12685.0,47574.0,34889.0,1.3635816446444438,0.7125,79.28125,417.3157894736842,-758.4565217391304,10887.0,8698.0,0.10887,10,7,0.7,16.0,5.796550698475776,0.362284418654736,8,0.03870713441072132,1.1651510976393864,137.3212455656287,1.1445103702514974,2012-03-05 17:30:00,2021-05-24 02:15:00,RHL,6,80,80,1,40,46,46,6,2,1,4,1750,500,48,93,-3802.0,34240.0,38042.0,0.9000578308185689,0.7526881720430108,-40.88172043010753,489.14285714285717,-1654.0,11602.0,10384.0,0.11602,5,1,0.2,18.6,6.887670143089026,0.3703048464026358,7,0.0,0.0,0.0,0.0,False,False,False
245,17390.0,54919.0,37529.0,1.4633749900077273,0.5673469387755102,70.9795918367347,395.1007194244604,-354.04716981132077,8819.0,7962.0,0.08819,10,8,0.8,24.5,7.8390050389064045,0.31995938934311857,10,0.14324324324324325,1.9718788978342217,124.24698102357677,1.1384846540265692,2012-01-23 18:15:00,2021-05-27 15:00:00,RHL,6,5,80,1,53,32,1,33,2,1,4,1250,2500,24,72,-20888.0,26711.0,47599.0,0.5611672514128448,0.3611111111111111,-290.1111111111111,1027.3461538461538,-1034.7608695652175,21203.0,19629.0,0.21203,5,1,0.2,14.4,5.4258639865002145,0.376796110173626,7,0.0,0.0,0.0,0.0,False,False,False
245,17340.0,54869.0,37529.0,1.4620426869887286,0.5673469387755102,70.77551020408163,394.7410071942446,-354.04716981132077,8819.0,7962.0,0.08819,10,8,0.8,24.5,7.8390050389064045,0.31995938934311857,10,0.11482122260668974,1.9662093207846694,124.60524798154557,1.1352112651420765,2012-01-23 18:15:00,2021-05-27 15:00:00,RHL,6,5,80,1,53,32,1,33,2,1,4,1250,2000,24,72,-20963.0,25377.0,46340.0,0.5476262408286577,0.375,-291.15277777777777,939.8888888888889,-1029.7777777777778,22135.0,20436.0,0.22135,5,1,0.2,14.4,5.4258639865002145,0.376796110173626,7,0.0,0.0,0.0,0.0,False,False,False
160,12490.0,48065.0,35575.0,1.351089248067463,0.71875,78.0625,417.95652173913044,-790.5555555555555,10832.0,8643.0,0.10832,10,6,0.6,16.0,5.796550698475776,0.362284418654736,8,0.03931144915932746,1.1530649926144756,138.76060848678944,1.1297737627967508,2012-03-05 17:30:00,2021-05-24 02:15:00,RHL,6,80,80,1,40,46,46,6,2,1,4,2250,500,48,93,-2597.0,35258.0,37855.0,0.9313961167613262,0.7849462365591398,-27.9247311827957,482.986301369863,-1892.75,11647.0,10224.0,0.11647,5,2,0.4,18.6,6.887670143089026,0.3703048464026358,7,0.0,0.0,0.0,0.0,False,False,False
160,10105.0,33834.0,23729.0,1.4258502254625143,0.61875,63.15625,341.75757575757575,-389.0,7126.0,5566.0,0.07126,10,7,0.7,16.0,5.796550698475776,0.362284418654736,8,0.04858980702622464,1.4180465899522874,112.83127164769915,1.1269295860212645,2012-03-05 17:30:00,2021-05-24 02:15:00,RHL,6,80,80,1,40,46,46,6,2,1,4,1250,500,12,93,-9492.0,26116.0,35608.0,0.7334306897326444,0.6021505376344086,-102.06451612903226,466.35714285714283,-962.3783783783783,15310.0,13911.0,0.1531,5,0,0.0,18.6,6.887670143089026,0.3703048464026358,7,0.0,0.0,0.0,0.0,False,False,False
160,11220.0,44993.0,33773.0,1.3322180439996447,0.675,70.125,416.60185185185185,-649.4807692307693,9181.0,7675.0,0.09181,10,7,0.7,16.0,5.796550698475776,0.362284418654736,8,0.04376114081996435,1.2220890970482519,130.9233511586453,1.1023797710895706,2012-03-05 17:30:00,2021-05-24 02:15:00,RHL,6,80,80,1,40,46,46,6,2,1,4,1000,500,48,93,-7732.0,27987.0,35719.0,0.7835325737002715,0.6129032258064516,-83.13978494623656,491.0,-992.1944444444445,13786.0,12561.0,0.13786,5,2,0.4,18.6,6.887670143089026,0.3703048464026358,7,0.0,0.0,0.0,0.0,False,False,False
160,12225.0,41025.0,28800.0,1.4244791666666667,0.65625,76.40625,390.7142857142857,-523.6363636363636,11092.0,8903.0,0.11092,10,7,0.7,16.0,5.796550698475776,0.362284418654736,8,0.04016359918200409,1.102145690587811,145.1713701431493,1.092766340488865,2012-03-05 17:30:00,2021-05-24 02:15:00,RHL,6,80,80,1,40,46,46,6,2,1,4,2500,500,24,93,-7637.0,31826.0,39463.0,0.8064769530953044,0.7096774193548387,-82.11827956989248,482.2121212121212,-1461.5925925925926,16187.0,14818.0,0.16187,5,2,0.4,18.6,6.887670143089026,0.3703048464026358,7,0.0,0.0,0.0,0.0,False,False,False
160,11680.0,48065.0,36385.0,1.321011405799093,0.71875,73.0,417.95652173913044,-808.5555555555555,10392.0,8391.0,0.10392,10,6,0.6,16.0,5.796550698475776,0.362284418654736,8,0.04203767123287671,1.123941493456505,142.35616438356163,1.0786403085826737,2012-03-05 17:30:00,2021-05-24 02:15:00,RHL,6,80,80,1,40,46,46,6,2,1,4,2500,500,48,93,-2997.0,35258.0,38255.0,0.9216572996993857,0.7849462365591398,-32.225806451612904,482.986301369863,-1912.75,11547.0,10178.0,0.11547,5,3,0.6,18.6,6.887670143089026,0.3703048464026358,7,0.0,0.0,0.0,0.0,False,False,False
245,14555.0,44666.0,30111.0,1.4833781674471123,0.5959183673469388,59.40816326530612,305.93150684931504,-304.1515151515151,6894.0,6473.0,0.06894,10,8,0.8,24.5,7.8390050389064045,0.31995938934311857,10,0.03510821023703195,2.111256164780969,116.0446581930608,1.0777395996623491,2012-01-23 18:15:00,2021-05-27 14:15:00,RHL,6,5,80,1,53,32,1,33,2,1,4,3000,500,24,72,-13393.0,23335.0,36728.0,0.635346329775648,0.6944444444444444,-186.01388888888889,466.7,-1669.4545454545455,17203.0,16246.0,0.17203,5,0,0.0,14.4,5.4258639865002145,0.376796110173626,7,0.0,0.0,0.0,0.0,False,False,False
245,16375.0,52645.0,36270.0,1.4514750482492418,0.5714285714285714,66.83673469387755,376.0357142857143,-345.42857142857144,8819.0,7877.0,0.08819,10,8,0.8,24.5,7.8390050389064045,0.31995938934311857,10,0.06051908396946565,1.856786483728314,131.94839694656488,1.072034859671367,2012-01-23 18:15:00,2021-05-27 15:00:00,RHL,6,5,80,1,53,32,1,33,2,1,4,1250,1000,24,72,-12423.0,25970.0,38393.0,0.6764253900450603,0.4861111111111111,-172.54166666666666,742.0,-1037.6486486486488,14845.0,13869.0,0.14845,5,1,0.2,14.4,5.4258639865002145,0.376796110173626,7,0.0,0.0,0.0,0.0,False,False,False
245,16015.0,54193.0,38178.0,1.4194824244329194,0.563265306122449,65.36734693877551,392.7028985507246,-356.803738317757,8494.0,7538.0,0.08494,10,7,0.7,24.5,7.8390050389064045,0.31995938934311857,10,0.1739619107087106,1.8854485519190016,129.94255385576022,1.0683365456165257,2012-01-23 18:15:00,2021-05-27 15:00:00,RHL,6,5,80,1,53,32,1,33,2,1,4,1000,0,24,72,-27173.0,19416.0,46589.0,0.4167507351520745,0.2916666666666667,-377.40277777777777,924.5714285714286,-913.5098039215686,27488.0,26392.0,0.27488,5,0,0.0,14.4,5.4258639865002145,0.376796110173626,7,0.0,0.0,0.0,0.0,False,False,False
160,10995.0,51288.0,40293.0,1.272876181967091,0.7375,68.71875,434.64406779661016,-959.3571428571429,9484.0,8021.0,0.09484,10,6,0.6,16.0,5.796550698475776,0.362284418654736,8,0.04465666211914507,1.1593209616195699,138.0118235561619,1.0628765686919799,2012-03-05 17:30:00,2021-05-24 02:15:00,RHL,6,80,80,1,40,46,46,6,2,1,4,4000,500,0,93,-17252.0,37222.0,54474.0,0.6832984543084775,0.8279569892473119,-185.50537634408602,483.4025974025974,-3404.625,25678.0,24126.0,0.25678,5,0,0.0,18.6,6.887670143089026,0.3703048464026358,7,0.0,0.0,0.0,0.0,False,False,False
245,19970.0,73489.0,53519.0,1.3731385115566435,0.4857142857142857,81.51020408163265,617.5546218487395,-424.75396825396825,13381.0,12413.0,0.13381,10,7,0.7,24.5,7.8390050389064045,0.31995938934311857,10,0.14977466199298947,1.4924146177415738,164.16349524286431,1.0613803666765322,2012-01-23 18:15:00,2021-05-27 09:45:00,RHL,6,5,80,1,53,32,1,33,2,1,4,500,3000,0,72,-8398.0,22651.0,31049.0,0.7295243002995265,0.1527777777777778,-116.63888888888889,2059.181818181818,-509.0,9201.0,7889.0,0.09201,5,1,0.2,14.4,5.4258639865002145,0.376796110173626,7,0.0,0.0,0.0,0.0,False,False,False
245,16175.0,53704.0,37529.0,1.4310000266460603,0.5673469387755102,66.0204081632653,386.35971223021585,-354.04716981132077,8819.0,7962.0,0.08819,10,8,0.8,24.5,7.8390050389064045,0.31995938934311857,10,0.09217928902627512,1.8341081755301054,133.57990726429676,1.058941304133396,2012-01-23 18:15:00,2021-05-27 15:00:00,RHL,6,5,80,1,53,32,1,33,2,1,4,1250,1500,24,72,-16193.0,26780.0,42973.0,0.6231819979987434,0.4166666666666667,-224.90277777777777,892.6666666666666,-1023.1666666666666,16865.0,15166.0,0.16865,5,1,0.2,14.4,5.4258639865002145,0.376796110173626,7,0.0,0.0,0.0,0.0,False,False,False
245,14985.0,53738.0,38753.0,1.3866797409232834,0.35918367346938773,61.16326530612245,610.6590909090909,-246.8343949044586,7623.0,7238.0,0.07623,10,6,0.6,24.5,7.8390050389064045,0.31995938934311857,10,0.1995995995995996,1.9657615112160567,124.63363363363364,1.0551909498483618,2012-01-23 18:15:00,2021-05-27 09:00:00,RHL,6,5,80,1,53,32,1,33,2,1,4,250,3000,0,72,-9033.0,8320.0,17353.0,0.47945600184406156,0.06944444444444445,-125.45833333333333,1664.0,-259.0,11685.0,9693.0,0.11685,5,1,0.2,14.4,5.4258639865002145,0.376796110173626,7,0.0,0.0,0.0,0.0,False,False,False
245,15720.0,53898.0,38178.0,1.4117554612604117,0.563265306122449,64.16326530612245,390.5652173913044,-356.803738317757,8494.0,7538.0,0.08494,10,7,0.7,24.5,7.8390050389064045,0.31995938934311857,10,0.15846055979643767,1.8507181539910524,132.38104325699746,1.048657539624838,2012-01-23 18:15:00,2021-05-27 15:00:00,RHL,6,5,80,1,53,32,1,33,2,1,4,1000,2500,24,72,-24153.0,21427.0,45580.0,0.4700965335673541,0.3055555555555556,-335.4583333333333,973.9545454545455,-911.6,24468.0,23372.0,0.24468,5,0,0.0,14.4,5.4258639865002145,0.376796110173626,7,0.0,0.0,0.0,0.0,False,False,False
160,11725.0,41025.0,29300.0,1.4001706484641638,0.65625,73.28125,390.7142857142857,-532.7272727272727,11092.0,8903.0,0.11092,10,7,0.7,16.0,5.796550698475776,0.362284418654736,8,0.04187633262260128,1.0570681572304363,151.36204690831556,1.0480724206324699,2012-03-05 17:30:00,2021-05-24 02:15:00,RHL,6,80,80,1,40,46,46,6,2,1,4,3000,500,24,93,-6622.0,31826.0,38448.0,0.8277673741156887,0.7096774193548387,-71.20430107526882,482.2121212121212,-1424.0,15185.0,13910.0,0.15185,5,1,0.2,18.6,6.887670143089026,0.3703048464026358,7,0.0,0.0,0.0,0.0,False,False,False
245,15670.0,53848.0,38178.0,1.4104458064854104,0.563265306122449,63.95918367346939,390.2028985507246,-356.803738317757,8494.0,7538.0,0.08494,10,8,0.8,24.5,7.8390050389064045,0.31995938934311857,10,0.12705807275047862,1.8448316458676712,132.80344607530313,1.0453221148804843,2012-01-23 18:15:00,2021-05-27 15:00:00,RHL,6,5,80,1,53,32,1,33,2,1,4,1000,2000,24,72,-23478.0,21093.0,44571.0,0.47324493504745235,0.3194444444444444,-326.0833333333333,917.0869565217391,-909.6122448979592,24900.0,23679.0,0.249,5,0,0.0,14.4,5.4258639865002145,0.376796110173626,7,0.0,0.0,0.0,0.0,False,False,False
160,9635.0,34325.0,24690.0,1.3902389631429728,0.625,60.21875,343.25,-411.5,7825.0,5874.0,0.07825,10,7,0.7,16.0,5.796550698475776,0.362284418654736,8,0.05096004151530877,1.2313099041533546,129.9429164504411,1.0253990668848048,2012-03-05 17:30:00,2021-05-24 02:15:00,RHL,6,80,80,1,40,46,46,6,2,1,4,5000,500,12,93,-8347.0,29023.0,37370.0,0.7766390152528766,0.6774193548387096,-89.75268817204301,460.6825396825397,-1245.6666666666667,16718.0,15166.0,0.16718,5,2,0.4,18.6,6.887670143089026,0.3703048464026358,7,0.0,0.0,0.0,0.0,False,False,False
245,12150.0,48101.0,35951.0,1.3379600011126256,0.39183673469387753,49.59183673469388,501.0520833333333,-241.28187919463087,5308.0,4923.0,0.05308,10,6,0.6,24.5,7.8390050389064045,0.31995938934311857,10,0.16386831275720165,2.288997739261492,107.03374485596707,1.0252932333083233,2012-01-23 18:15:00,2021-05-27 09:00:00,RHL,6,5,80,1,53,32,1,33,2,1,4,250,2000,48,72,-3633.0,12684.0,16317.0,0.7773487773487774,0.125,-50.458333333333336,1409.3333333333333,-259.0,7711.0,7016.0,0.07711,5,2,0.4,14.4,5.4258639865002145,0.376796110173626,7,0.0,0.0,0.0,0.0,False,False,False
160,7150.0,36323.0,29173.0,1.2450896376786755,0.3,44.6875,756.7291666666666,-260.4732142857143,4399.0,3956.0,0.04399,10,6,0.6,16.0,5.796550698475776,0.362284418654736,8,0.2784615384615385,1.6253694021368492,98.43916083916083,1.0148747158703713,2012-03-05 17:30:00,2021-05-24 00:45:00,RHL,6,80,80,1,40,46,46,6,2,1,4,250,2000,48,93,3493.0,23954.0,20461.0,1.1707150188162847,0.15053763440860216,37.55913978494624,1711.0,-259.0,4759.0,4224.0,0.04759,5,3,0.6,18.6,6.887670143089026,0.3703048464026358,7,0.5699971371314057,0.733977726413112,126.70684225594044,0.8200892883241391,True,False,False
160,8510.0,37676.0,29166.0,1.2917780977850923,0.5375,53.1875,438.09302325581393,-394.13513513513516,6259.0,4790.0,0.06259,10,7,0.7,16.0,5.796550698475776,0.362284418654736,8,0.1164512338425382,1.3596421153538905,117.6780258519389,1.0126525398841288,2012-03-05 17:30:00,2021-05-24 03:15:00,RHL,6,80,80,1,40,46,46,6,2,1,4,500,1000,12,93,-512.0,27424.0,27936.0,0.981672394043528,0.3655913978494624,-5.505376344086022,806.5882352941177,-473.49152542372883,6488.0,5960.0,0.06488,5,2,0.4,18.6,6.887670143089026,0.3703048464026358,7,0.0,0.0,0.0,0.0,False,False,False
245,14855.0,63443.0,48588.0,1.3057339260722811,0.5020408163265306,60.63265306122449,515.7967479674796,-398.26229508196724,8566.0,7617.0,0.08566,10,7,0.7,24.5,7.8390050389064045,0.31995938934311857,10,0.27303938067990574,1.7341816483773056,141.27701110737127,0.9867812559580843,2012-01-23 18:15:00,2021-05-27 09:45:00,RHL,6,5,80,1,53,32,1,33,2,1,4,500,0,48,72,-11628.0,18912.0,30540.0,0.619253438113949,0.16666666666666666,-161.5,1576.0,-509.0,12431.0,11119.0,0.12431,5,1,0.2,14.4,5.4258639865002145,0.376796110173626,7,0.0,0.0,0.0,0.0,False,False,False
245,14790.0,63378.0,48588.0,1.3043961471968388,0.5020408163265306,60.36734693877551,515.2682926829268,-398.26229508196724,8566.0,7617.0,0.08566,10,7,0.7,24.5,7.8390050389064045,0.31995938934311857,10,0.2698444895199459,1.7265935092225075,141.89790398918188,0.9824634652049862,2012-01-23 18:15:00,2021-05-27 09:45:00,RHL,6,5,80,1,53,32,1,33,2,1,4,500,4000,48,72,-11423.0,19117.0,30540.0,0.6259659462999345,0.16666666666666666,-158.65277777777777,1593.0833333333333,-509.0,12226.0,10914.0,0.12226,5,1,0.2,14.4,5.4258639865002145,0.376796110173626,7,0.0,0.0,0.0,0.0,False,False,False
160,10975.0,47574.0,36599.0,1.2998715811907429,0.7125,68.59375,417.3157894736842,-795.6304347826087,11097.0,8908.0,0.11097,10,7,0.7,16.0,5.796550698475776,0.362284418654736,8,0.044738041002277906,0.9890060376678381,161.77858769931663,0.980810503163786,2012-03-05 17:30:00,2021-05-24 02:15:00,RHL,6,80,80,1,40,46,46,6,2,1,4,2000,500,48,93,-3232.0,35222.0,38454.0,0.9159515264991939,0.7741935483870968,-34.75268817204301,489.19444444444446,-1831.142857142857,12782.0,11359.0,0.12782,5,2,0.4,18.6,6.887670143089026,0.3703048464026358,7,0.0,0.0,0.0,0.0,False,False,False
160,9220.0,33834.0,24614.0,1.374583570325831,0.61875,57.625,341.75757575757575,-403.5081967213115,7906.0,6346.0,0.07906,10,8,0.8,16.0,5.796550698475776,0.362284418654736,8,0.053253796095444686,1.1662028838856564,137.19739696312365,0.9761934471555236,2012-03-05 17:30:00,2021-05-24 02:15:00,RHL,6,80,80,1,40,46,46,6,2,1,4,1000,500,12,93,-5547.0,25625.0,31172.0,0.8220518413961247,0.5913978494623656,-59.645161290322584,465.90909090909093,-820.3157894736842,11601.0,10376.0,0.11601,5,1,0.2,18.6,6.887670143089026,0.3703048464026358,7,0.0,0.0,0.0,0.0,False,False,False
245,14505.0,52683.0,38178.0,1.37993085022788,0.563265306122449,59.204081632653065,381.7608695652174,-356.803738317757,8494.0,7538.0,0.08494,10,7,0.7,24.5,7.8390050389064045,0.31995938934311857,10,0.10279214064115823,1.707676006592889,143.46983798690107,0.9676067183370406,2012-01-23 18:15:00,2021-05-27 15:00:00,RHL,6,5,80,1,53,32,1,33,2,1,4,1000,1500,24,72,-18048.0,23496.0,41544.0,0.5655690352397458,0.3611111111111111,-250.66666666666666,903.6923076923077,-903.1304347826087,18970.0,17749.0,0.1897,5,1,0.2,14.4,5.4258639865002145,0.376796110173626,7,0.0,0.0,0.0,0.0,False,False,False
245,14485.0,51654.0,37169.0,1.3897064758266298,0.5673469387755102,59.12244897959184,371.6115107913669,-350.6509433962264,8494.0,7453.0,0.08494,10,8,0.8,24.5,7.8390050389064045,0.31995938934311857,10,0.06841560234725579,1.7053214033435367,143.66793234380393,0.9662725484392991,2012-01-23 18:15:00,2021-05-27 15:00:00,RHL,6,5,80,1,53,32,1,33,2,1,4,1000,1000,24,72,-15758.0,22695.0,38453.0,0.5902010246274673,0.4166666666666667,-218.86111111111111,756.5,-915.547619047619,18531.0,17704.0,0.18531,5,1,0.2,14.4,5.4258639865002145,0.376796110173626,7,0.0,0.0,0.0,0.0,False,False,False
160,7275.0,34609.0,27334.0,1.2661520450720714,0.3375,45.46875,640.9074074074074,-257.8679245283019,5060.0,4546.0,0.0506,10,6,0.6,16.0,5.796550698475776,0.362284418654736,8,0.3506529209621993,1.4377470355731226,111.2852233676976,0.9628111504379115,2012-03-05 17:30:00,2021-05-24 00:45:00,RHL,6,80,80,1,40,46,46,6,2,1,4,250,0,24,93,2978.0,23180.0,20202.0,1.1474111474111475,0.16129032258064516,32.02150537634409,1545.3333333333333,-259.0,6698.0,5049.0,0.06698,5,4,0.8,18.6,6.887670143089026,0.3703048464026358,7,1.2259905977165884,0.44461033144222156,209.1719274680994,0.5893489687436617,True,False,False
160,7270.0,34604.0,27334.0,1.2659691227043244,0.3375,45.4375,640.8148148148148,-257.8679245283019,5060.0,4546.0,0.0506,10,6,0.6,16.0,5.796550698475776,0.362284418654736,8,0.3426409903713893,1.4367588932806323,111.3617606602476,0.9621494245613219,2012-03-05 17:30:00,2021-05-24 00:45:00,RHL,6,80,80,1,40,46,46,6,2,1,4,250,2500,24,93,1968.0,22170.0,20202.0,1.0974160974160974,0.16129032258064516,21.161290322580644,1478.0,-259.0,5699.0,5049.0,0.05699,5,4,0.8,18.6,6.887670143089026,0.3703048464026358,7,1.2657520325203253,0.34532374100719426,269.3125,0.42222716546036143,False,False,False
160,10725.0,41025.0,30300.0,1.353960396039604,0.65625,67.03125,390.7142857142857,-550.9090909090909,11092.0,8903.0,0.11092,10,7,0.7,16.0,5.796550698475776,0.362284418654736,8,0.04578088578088578,0.966913090515687,165.47505827505827,0.9586845809196791,2012-03-05 17:30:00,2021-05-24 02:15:00,RHL,6,80,80,1,40,46,46,6,2,1,4,4000,500,24,93,-13632.0,31826.0,45458.0,0.7001187909718861,0.7096774193548387,-146.58064516129033,482.2121212121212,-1683.6296296296296,22058.0,20506.0,0.22058,5,1,0.2,18.6,6.887670143089026,0.3703048464026358,7,0.0,0.0,0.0,0.0,False,False,False
245,12975.0,51684.0,38709.0,1.335193365883903,0.5469387755102041,52.95918367346939,385.7014925373134,-348.72972972972974,7029.0,6073.0,0.07029,10,6,0.6,24.5,7.8390050389064045,0.31995938934311857,10,0.21472061657032757,1.8459240290226206,132.72485549132946,0.9514760592317221,2012-01-23 18:15:00,2021-05-27 15:00:00,RHL,6,5,80,1,53,32,1,33,2,1,4,750,0,24,72,-18628.0,18855.0,37483.0,0.5030280393778513,0.2777777777777778,-258.72222222222223,942.75,-720.8269230769231,18943.0,17869.0,0.18943,5,0,0.0,14.4,5.4258639865002145,0.376796110173626,7,0.0,0.0,0.0,0.0,False,False,False
245,13485.0,52238.0,38753.0,1.3479730601501818,0.35918367346938773,55.04081632653061,593.6136363636364,-246.8343949044586,7623.0,7238.0,0.07623,10,6,0.6,24.5,7.8390050389064045,0.31995938934311857,10,0.18472376714868372,1.7689885871704054,138.4972191323693,0.9495662301438209,2012-01-23 18:15:00,2021-05-27 09:00:00,RHL,6,5,80,1,53,32,1,33,2,1,4,250,2500,0,72,-7918.0,9435.0,17353.0,0.5437100213219617,0.06944444444444445,-109.97222222222223,1887.0,-259.0,10975.0,9018.0,0.10975,5,1,0.2,14.4,5.4258639865002145,0.376796110173626,7,0.0,0.0,0.0,0.0,False,False,False
245,12840.0,44666.0,31826.0,1.4034437252560799,0.5959183673469388,52.40816326530612,305.93150684931504,-321.47474747474746,6918.0,6473.0,0.06918,10,7,0.7,24.5,7.8390050389064045,0.31995938934311857,10,0.039797507788162,1.8560277536860363,132.00233644859813,0.9491000913525682,2012-01-23 18:15:00,2021-05-27 14:15:00,RHL,6,5,80,1,53,32,1,33,2,1,4,2000,500,24,72,-7333.0,22844.0,30177.0,0.7570003645160222,0.6805555555555556,-101.84722222222223,466.2040816326531,-1312.0434782608695,13143.0,11078.0,0.13143,5,0,0.0,14.4,5.4258639865002145,0.376796110173626,7,0.0,0.0,0.0,0.0,False,False,False
245,12680.0,44666.0,31986.0,1.3964234352529232,0.5959183673469388,51.755102040816325,305.93150684931504,-323.09090909090907,6879.0,6458.0,0.06879,10,7,0.7,24.5,7.8390050389064045,0.31995938934311857,10,0.04029968454258675,1.8432911760430295,132.91443217665616,0.9399264458634934,2012-01-23 18:15:00,2021-05-27 14:15:00,RHL,6,5,80,1,53,32,1,33,2,1,4,1500,500,24,72,-11638.0,20880.0,32518.0,0.6421059105726059,0.625,-161.63888888888889,464.0,-1204.3703703703704,14165.0,13566.0,0.14165,5,0,0.0,14.4,5.4258639865002145,0.376796110173626,7,0.0,0.0,0.0,0.0,False,False,False
245,14055.0,62643.0,48588.0,1.2892689552976044,0.5020408163265306,57.36734693877551,509.2926829268293,-398.26229508196724,8566.0,7617.0,0.08566,10,7,0.7,24.5,7.8390050389064045,0.31995938934311857,10,0.2128068303094984,1.640789166472099,149.3183920313056,0.9336392159199512,2012-01-23 18:15:00,2021-05-27 09:45:00,RHL,6,5,80,1,53,32,1,33,2,1,4,500,3000,48,72,-6308.0,23723.0,30031.0,0.7899503846025774,0.18055555555555555,-87.61111111111111,1824.8461538461538,-509.0,7760.0,6339.0,0.0776,5,1,0.2,14.4,5.4258639865002145,0.376796110173626,7,0.0,0.0,0.0,0.0,False,False,False
245,12680.0,51389.0,38709.0,1.3275723991836523,0.5469387755102041,51.755102040816325,383.5,-348.72972972972974,7029.0,6073.0,0.07029,10,6,0.6,24.5,7.8390050389064045,0.31995938934311857,10,0.19645110410094638,1.8039550433916631,135.8126971608833,0.9298432702164343,2012-01-23 18:15:00,2021-05-27 15:00:00,RHL,6,5,80,1,53,32,1,33,2,1,4,750,2500,24,72,-15858.0,20866.0,36724.0,0.5681842936499292,0.2916666666666667,-220.25,993.6190476190476,-720.0784313725491,16173.0,15099.0,0.16173,5,1,0.2,14.4,5.4258639865002145,0.376796110173626,7,0.0,0.0,0.0,0.0,False,False,False
245,17470.0,70989.0,53519.0,1.3264261290382855,0.4857142857142857,71.3061224489796,596.546218487395,-424.75396825396825,13381.0,12413.0,0.13381,10,7,0.7,24.5,7.8390050389064045,0.31995938934311857,10,0.142587292501431,1.3055825424108811,187.6556954779622,0.9285085130615434,2012-01-23 18:15:00,2021-05-27 09:45:00,RHL,6,5,80,1,53,32,1,33,2,1,4,500,2500,0,72,-5533.0,25007.0,30540.0,0.8188277668631303,0.16666666666666666,-76.84722222222223,2083.9166666666665,-509.0,8191.0,6554.0,0.08191,5,2,0.4,14.4,5.4258639865002145,0.376796110173626,7,0.0,0.0,0.0,0.0,False,False,False
245,12630.0,51339.0,38709.0,1.3262807099124234,0.5469387755102041,51.55102040816327,383.1268656716418,-348.72972972972974,7029.0,6073.0,0.07029,10,6,0.6,24.5,7.8390050389064045,0.31995938934311857,10,0.1576405384006334,1.7968416559965856,136.35035629453682,0.9261766958070635,2012-01-23 18:15:00,2021-05-27 15:00:00,RHL,6,5,80,1,53,32,1,33,2,1,4,750,2000,24,72,-15433.0,20532.0,35965.0,0.5708883636869179,0.3055555555555556,-214.34722222222223,933.2727272727273,-719.3,17105.0,15906.0,0.17105,5,0,0.0,14.4,5.4258639865002145,0.376796110173626,7,0.0,0.0,0.0,0.0,False,False,False
160,10245.0,48065.0,37820.0,1.2708884188260179,0.71875,64.03125,417.95652173913044,-840.4444444444445,10892.0,9326.0,0.10892,10,6,0.6,16.0,5.796550698475776,0.362284418654736,8,0.04792581747193753,0.9405986044803526,170.1044411908248,0.92414797967281,2012-03-05 17:30:00,2021-05-24 02:15:00,RHL,6,80,80,1,40,46,46,6,2,1,4,3000,500,48,93,-4327.0,35258.0,39585.0,0.8906909182771252,0.7849462365591398,-46.526881720430104,482.986301369863,-1979.25,13360.0,11201.0,0.1336,5,2,0.4,18.6,6.887670143089026,0.3703048464026358,7,0.0,0.0,0.0,0.0,False,False,False
245,12415.0,44666.0,32251.0,1.3849493038975536,0.5959183673469388,50.673469387755105,305.93150684931504,-325.7676767676768,6894.0,6473.0,0.06894,10,7,0.7,24.5,7.8390050389064045,0.31995938934311857,10,0.041159887233185664,1.8008413112851755,136.0475231574708,0.9192811494199975,2012-01-23 18:15:00,2021-05-27 14:15:00,RHL,6,5,80,1,53,32,1,33,2,1,4,1750,500,24,72,-9513.0,21862.0,31375.0,0.696796812749004,0.6527777777777778,-132.125,465.1489361702128,-1255.0,13573.0,12366.0,0.13573,5,1,0.2,14.4,5.4258639865002145,0.376796110173626,7,0.0,0.0,0.0,0.0,False,False,False
245,12590.0,44666.0,32076.0,1.3925052999127072,0.5959183673469388,51.38775510204081,305.93150684931504,-324.0,7168.0,6534.0,0.07168,10,7,0.7,24.5,7.8390050389064045,0.31995938934311857,10,0.040587768069896744,1.7564174107142858,139.48848292295474,0.9142479644926151,2012-01-23 18:15:00,2021-05-27 14:15:00,RHL,6,5,80,1,53,32,1,33,2,1,4,2250,500,24,72,-10083.0,22844.0,32927.0,0.6937771433777751,0.6805555555555556,-140.04166666666666,466.2040816326531,-1431.608695652174,15393.0,13328.0,0.15393,5,0,0.0,14.4,5.4258639865002145,0.376796110173626,7,0.0,0.0,0.0,0.0,False,False,False
245,11225.0,49719.0,38494.0,1.291603886319946,0.363265306122449,45.816326530612244,558.6404494382023,-246.75641025641025,5873.0,5488.0,0.05873,10,6,0.6,24.5,7.8390050389064045,0.31995938934311857,10,0.13282850779510022,1.911288949429593,128.18574610244988,0.9005205326480595,2012-01-23 18:15:00,2021-05-27 09:00:00,RHL,6,5,80,1,53,32,1,33,2,1,4,250,1500,0,72,-7743.0,9092.0,16835.0,0.54006534006534,0.09722222222222222,-107.54166666666667,1298.857142857143,-259.0,10329.0,9689.0,0.10329,5,0,0.0,14.4,5.4258639865002145,0.376796110173626,7,0.0,0.0,0.0,0.0,False,False,False
245,13280.0,61868.0,48588.0,1.2733185148596362,0.5020408163265306,54.204081632653065,502.9918699186992,-398.26229508196724,8566.0,7617.0,0.08566,10,7,0.7,24.5,7.8390050389064045,0.31995938934311857,10,0.18757530120481927,1.5503151996264302,158.03237951807228,0.8821578646330099,2012-01-23 18:15:00,2021-05-27 09:45:00,RHL,6,5,80,1,53,32,1,33,2,1,4,500,2500,48,72,-4733.0,24789.0,29522.0,0.8396788835444753,0.19444444444444445,-65.73611111111111,1770.642857142857,-509.0,7760.0,6108.0,0.0776,5,2,0.4,14.4,5.4258639865002145,0.376796110173626,7,0.0,0.0,0.0,0.0,False,False,False
245,12340.0,44666.0,32326.0,1.3817360638495328,0.5959183673469388,50.36734693877551,305.93150684931504,-326.52525252525254,7418.0,6784.0,0.07418,10,7,0.7,24.5,7.8390050389064045,0.31995938934311857,10,0.04141004862236629,1.6635211647344297,147.27795786061589,0.8808643130076736,2012-01-23 18:15:00,2021-05-27 14:15:00,RHL,6,5,80,1,53,32,1,33,2,1,4,2500,500,24,72,-12833.0,22844.0,35677.0,0.6403004736945371,0.6805555555555556,-178.23611111111111,466.2040816326531,-1551.1739130434783,17643.0,15686.0,0.17643,5,0,0.0,14.4,5.4258639865002145,0.376796110173626,7,0.0,0.0,0.0,0.0,False,False,False
245,12905.0,59451.0,46546.0,1.2772526103209727,0.6163265306122448,52.673469387755105,393.71523178807945,-495.17021276595744,8199.0,7929.0,0.08199,10,8,0.8,24.5,7.8390050389064045,0.31995938934311857,10,0.03959705540488183,1.5739724356628857,155.65710964742348,0.8762233776500027,2012-01-23 18:15:00,2021-05-27 14:15:00,RHL,6,5,80,1,53,32,1,33,2,1,4,750,500,0,72,-10858.0,16840.0,27698.0,0.6079861361831179,0.4861111111111111,-150.80555555555554,481.14285714285717,-748.5945945945946,14221.0,13536.0,0.14221,5,0,0.0,14.4,5.4258639865002145,0.376796110173626,7,0.0,0.0,0.0,0.0,False,False,False
245,13325.0,55079.0,41754.0,1.3191311012118598,0.6285714285714286,54.38775510204081,357.65584415584414,-458.83516483516485,8779.0,8509.0,0.08779,10,7,0.7,24.5,7.8390050389064045,0.31995938934311857,10,0.03834896810506567,1.5178266317348217,161.41500938086304,0.8743432538073184,2012-01-23 18:15:00,2021-05-27 14:15:00,RHL,6,5,80,1,53,32,1,33,2,1,4,1000,500,48,72,-15358.0,18313.0,33671.0,0.543880490629919,0.5277777777777778,-213.30555555555554,481.92105263157896,-990.3235294117648,18385.0,17786.0,0.18385,5,0,0.0,14.4,5.4258639865002145,0.376796110173626,7,0.0,0.0,0.0,0.0,False,False,False
160,9585.0,40043.0,30458.0,1.3146956464639832,0.64375,59.90625,388.7669902912621,-534.3508771929825,10651.0,9091.0,0.10651,10,7,0.7,16.0,5.796550698475776,0.362284418654736,8,0.051225873761085026,0.8999155008919351,177.7944705268649,0.8743398985198771,2012-03-05 17:30:00,2021-05-24 02:15:00,RHL,6,80,80,1,40,46,46,6,2,1,4,1250,500,24,93,-9412.0,28519.0,37931.0,0.7518652289683899,0.6344086021505376,-101.20430107526882,483.3728813559322,-1115.6176470588234,15230.0,13831.0,0.1523,5,1,0.2,18.6,6.887670143089026,0.3703048464026358,7,0.0,0.0,0.0,0.0,False,False,False
160,9725.0,41025.0,31300.0,1.310702875399361,0.65625,60.78125,390.7142857142857,-569.0909090909091,11164.0,9514.0,0.11164,10,6,0.6,16.0,5.796550698475776,0.362284418654736,8,0.05048843187660668,0.8711035471157291,183.67506426735218,0.8664890286254868,2012-03-05 17:30:00,2021-05-24 02:15:00,RHL,6,80,80,1,40,46,46,6,2,1,4,5000,500,24,93,-18002.0,31826.0,49828.0,0.6387171871237055,0.7096774193548387,-193.56989247311827,482.2121212121212,-1845.4814814814815,26428.0,24876.0,0.26428,5,1,0.2,18.6,6.887670143089026,0.3703048464026358,7,0.0,0.0,0.0,0.0,False,False,False
160,9975.0,41025.0,31050.0,1.321256038647343,0.65625,62.34375,390.7142857142857,-564.5454545454545,11802.0,9613.0,0.11802,10,6,0.6,16.0,5.796550698475776,0.362284418654736,8,0.04922305764411027,0.8451957295373665,189.30526315789473,0.8644073902371177,2012-03-05 17:30:00,2021-05-24 02:15:00,RHL,6,80,80,1,40,46,46,6,2,1,4,2250,500,24,93,-7047.0,31826.0,38873.0,0.8187173616649088,0.7096774193548387,-75.7741935483871,482.2121212121212,-1439.7407407407406,16097.0,14674.0,0.16097,5,1,0.2,18.6,6.887670143089026,0.3703048464026358,7,0.0,0.0,0.0,0.0,False,False,False
160,7720.0,32852.0,25132.0,1.3071780996339328,0.60625,48.25,338.680412371134,-398.92063492063494,7166.0,5606.0,0.07166,10,8,0.8,16.0,5.796550698475776,0.362284418654736,8,0.06360103626943005,1.0773095171643874,148.5181347150259,0.8585434325729003,2012-03-05 17:30:00,2021-05-24 02:15:00,RHL,6,80,80,1,40,46,46,6,2,1,4,750,500,12,93,-4657.0,23980.0,28637.0,0.8373782169920033,0.5376344086021505,-50.075268817204304,479.6,-665.9767441860465,9024.0,7959.0,0.09024,5,0,0.0,18.6,6.887670143089026,0.3703048464026358,7,0.0,0.0,0.0,0.0,False,False,False
245,11660.0,49610.0,37950.0,1.3072463768115943,0.5510204081632653,47.59183673469388,367.48148148148147,-345.0,7029.0,5988.0,0.07029,10,6,0.6,24.5,7.8390050389064045,0.31995938934311857,10,0.08499142367066895,1.6588419405320813,147.6933962264151,0.8550451522652701,2012-01-23 18:15:00,2021-05-27 15:00:00,RHL,6,5,80,1,53,32,1,33,2,1,4,750,1000,24,72,-10698.0,20713.0,31411.0,0.6594186749864697,0.3888888888888889,-148.58333333333334,739.75,-713.8863636363636,13881.0,13221.0,0.13881,5,1,0.2,14.4,5.4258639865002145,0.376796110173626,7,0.0,0.0,0.0,0.0,False,False,False
245,12050.0,50803.0,38753.0,1.3109436688772482,0.35918367346938773,49.183673469387756,577.3068181818181,-246.8343949044586,7623.0,7238.0,0.07623,10,6,0.6,24.5,7.8390050389064045,0.31995938934311857,10,0.16522821576763486,1.5807424898333988,154.99045643153528,0.848518581626477,2012-01-23 18:15:00,2021-05-27 09:00:00,RHL,6,5,80,1,53,32,1,33,2,1,4,250,2000,0,72,-4743.0,12092.0,16835.0,0.7182655182655182,0.09722222222222222,-65.875,1727.4285714285713,-259.0,9401.0,8741.0,0.09401,5,2,0.4,14.4,5.4258639865002145,0.376796110173626,7,0.0,0.0,0.0,0.0,False,False,False
245,11315.0,50024.0,38709.0,1.2923092820791031,0.5469387755102041,46.183673469387756,373.3134328358209,-348.72972972972974,7029.0,6073.0,0.07029,10,6,0.6,24.5,7.8390050389064045,0.31995938934311857,10,0.1317719840919134,1.6097595675060463,152.19664162615996,0.8297457888406115,2012-01-23 18:15:00,2021-05-27 15:00:00,RHL,6,5,80,1,53,32,1,33,2,1,4,750,1500,24,72,-13003.0,21444.0,34447.0,0.6225215548523819,0.3333333333333333,-180.59722222222223,893.5,-717.6458333333334,14175.0,12976.0,0.14175,5,1,0.2,14.4,5.4258639865002145,0.376796110173626,7,0.0,0.0,0.0,0.0,False,False,False
160,9370.0,40534.0,31164.0,1.3006674367860351,0.65,58.5625,389.75,-556.5,11697.0,9508.0,0.11697,10,7,0.7,16.0,5.796550698475776,0.362284418654736,8,0.05240128068303095,0.8010601008805677,199.73532550693704,0.8156159646376852,2012-03-05 17:30:00,2021-05-24 02:15:00,RHL,6,80,80,1,40,46,46,6,2,1,4,1500,500,24,93,-2407.0,31335.0,33742.0,0.9286645723430739,0.6989247311827957,-25.881720430107528,482.0769230769231,-1205.0714285714287,10957.0,9570.0,0.10957,5,2,0.4,18.6,6.887670143089026,0.3703048464026358,7,0.0,0.0,0.0,0.0,False,False,False
245,11480.0,44666.0,33186.0,1.345929006207437,0.5959183673469388,46.857142857142854,305.93150684931504,-335.2121212121212,7533.0,7138.0,0.07533,10,7,0.7,24.5,7.8390050389064045,0.31995938934311857,10,0.04451219512195122,1.523961237222886,160.76524390243904,0.8131958893651801,2012-01-23 18:15:00,2021-05-27 14:15:00,RHL,6,5,80,1,53,32,1,33,2,1,4,1250,500,24,72,-12138.0,19407.0,31545.0,0.6152163575844032,0.5833333333333334,-168.58333333333334,462.07142857142856,-1051.5,14915.0,14316.0,0.14915,5,0,0.0,14.4,5.4258639865002145,0.376796110173626,7,0.0,0.0,0.0,0.0,False,False,False
245,15035.0,68554.0,53519.0,1.2809282684654049,0.4857142857142857,61.36734693877551,576.0840336134454,-424.75396825396825,13381.0,12413.0,0.13381,10,7,0.7,24.5,7.8390050389064045,0.31995938934311857,10,0.13242434319920185,1.1236081010387864,218.04755570335882,0.799091327640544,2012-01-23 18:15:00,2021-05-27 09:45:00,RHL,6,5,80,1,53,32,1,33,2,1,4,500,2000,0,72,-3493.0,26029.0,29522.0,0.8816814578958065,0.19444444444444445,-48.513888888888886,1859.2142857142858,-509.0,6365.0,5439.0,0.06365,5,2,0.4,14.4,5.4258639865002145,0.376796110173626,7,0.0,0.0,0.0,0.0,False,False,False
160,8950.0,40534.0,31584.0,1.283371327254306,0.65,55.9375,389.75,-564.0,11577.0,9388.0,0.11577,10,7,0.7,16.0,5.796550698475776,0.362284418654736,8,0.05486033519553073,0.7730845642221646,206.96312849162013,0.7830840723879223,2012-03-05 17:30:00,2021-05-24 02:15:00,RHL,6,80,80,1,40,46,46,6,2,1,4,1750,500,24,93,-5402.0,31335.0,36737.0,0.8529547867272776,0.6989247311827957,-58.086021505376344,482.0769230769231,-1312.0357142857142,13202.0,11779.0,0.13202,5,2,0.4,18.6,6.887670143089026,0.3703048464026358,7,0.0,0.0,0.0,0.0,False,False,False
245,13510.0,66520.0,53010.0,1.2548575740426335,0.4897959183673469,55.142857142857146,554.3333333333334,-424.08,11887.0,10874.0,0.11887,10,7,0.7,24.5,7.8390050389064045,0.31995938934311857,10,0.11036269430051814,1.1365357112812315,215.56735751295335,0.7618272236472992,2012-01-23 18:15:00,2021-05-27 09:45:00,RHL,6,5,80,1,53,32,1,33,2,1,4,500,1500,0,72,-7993.0,21020.0,29013.0,0.7245028090855823,0.20833333333333334,-111.01388888888889,1401.3333333333333,-509.0,9579.0,8939.0,0.09579,5,1,0.2,14.4,5.4258639865002145,0.376796110173626,7,0.0,0.0,0.0,0.0,False,False,False
245,11325.0,59913.0,48588.0,1.2330822425290195,0.5020408163265306,46.224489795918366,487.0975609756098,-398.26229508196724,8566.0,7617.0,0.08566,10,7,0.7,24.5,7.8390050389064045,0.31995938934311857,10,0.17580573951434877,1.3220873219705813,185.31302428256072,0.752292004289822,2012-01-23 18:15:00,2021-05-27 09:45:00,RHL,6,5,80,1,53,32,1,33,2,1,4,500,2000,48,72,-3058.0,25446.0,28504.0,0.8927168116755543,0.2222222222222222,-42.47222222222222,1590.375,-509.0,6365.0,5529.0,0.06365,5,2,0.4,14.4,5.4258639865002145,0.376796110173626,7,0.0,0.0,0.0,0.0,False,False,False
160,8210.0,48065.0,39855.0,1.2059967381758876,0.71875,51.3125,417.95652173913044,-885.6666666666666,11879.0,10361.0,0.11879,10,5,0.5,16.0,5.796550698475776,0.362284418654736,8,0.059805115712545674,0.6911356174762185,231.50304506699146,0.7091475192308601,2012-03-05 17:30:00,2021-05-24 02:15:00,RHL,6,80,80,1,40,46,46,6,2,1,4,4000,500,48,93,-14327.0,35258.0,49585.0,0.7110618130483009,0.7849462365591398,-154.05376344086022,482.986301369863,-2479.25,22753.0,21201.0,0.22753,5,1,0.2,18.6,6.887670143089026,0.3703048464026358,7,0.0,0.0,0.0,0.0,False,False,False
160,8340.0,48065.0,39725.0,1.2099433606041536,0.71875,52.125,417.95652173913044,-882.7777777777778,12530.0,10221.0,0.1253,10,5,0.5,16.0,5.796550698475776,0.362284418654736,8,0.05887290167865707,0.6656025538707103,240.38369304556355,0.7014131232504065,2012-03-05 17:30:00,2021-05-24 02:15:00,RHL,6,80,80,1,40,46,46,6,2,1,4,5000,500,48,93,-22772.0,35258.0,58030.0,0.6075822850249871,0.7849462365591398,-244.86021505376345,482.986301369863,-2901.5,31198.0,29646.0,0.31198,5,1,0.2,18.6,6.887670143089026,0.3703048464026358,7,0.0,0.0,0.0,0.0,False,False,False
160,7450.0,40534.0,33084.0,1.2251843791560875,0.65,46.5625,389.75,-590.7857142857143,12327.0,10138.0,0.12327,10,7,0.7,16.0,5.796550698475776,0.362284418654736,8,0.06590604026845638,0.6043644033422568,264.74093959731545,0.6317001016385935,2012-03-05 17:30:00,2021-05-24 02:15:00,RHL,6,80,80,1,40,46,46,6,2,1,4,2000,500,24,93,-5737.0,31826.0,37563.0,0.8472699198679552,0.7096774193548387,-61.68817204301075,482.2121212121212,-1391.2222222222222,15287.0,13864.0,0.15287,5,1,0.2,18.6,6.887670143089026,0.3703048464026358,7,0.0,0.0,0.0,0.0,False,False,False
