n_trades,net_profit,gross_profit,gross_loss,profit_factor,win_rate,avg_trade,avg_win,avg_loss,max_dd,max_dd_closed,max_dd_pct,n_years,profitable_years,profitable_years_ratio,yearly_trades_mean,yearly_trades_std,yearly_trades_cv,min_yearly_trades,top_trade_pct,np_dd,recovery_trades,unger_score,first_trade,last_trade,engine,phase,p_fast,p_slow,p_gradient_length,p_gradient_factor,p_daily_factor,p_direction,p_stop_loss,p_take_profit,p_trailing_stop,oos_n_trades,oos_net_profit,oos_gross_profit,oos_gross_loss,oos_profit_factor,oos_win_rate,oos_avg_trade,oos_avg_win,oos_avg_loss,oos_max_dd,oos_max_dd_closed,oos_max_dd_pct,oos_n_years,oos_profitable_years,oos_profitable_years_ratio,oos_yearly_trades_mean,oos_yearly_trades_std,oos_yearly_trades_cv,oos_min_yearly_trades,oos_top_trade_pct,oos_np_dd,oos_recovery_trades,oos_unger_score,passes_oos_gate,passes_oos_hard,overall_pass,p_long_offset_ticks,p_short_offset_ticks,p_ptn_neut_yes,p_ptn_neut_no,p_ptn_dir_yes,p_ptn_dir_no,p_start_hour,p_end_hour,p_skip_day,p_max_bars,p_level_choice,p_level_shift,p_ptn_ly_yes,p_ptn_ly_no,p_ptn_sy_yes,p_ptn_sy_no,p_not_le_day,p_not_se_day,p_channel_len,p_breakout_offset_ticks,p_intraday_only,p_dvol_min,p_breakeven,p_vol_source,p_vol_mult,p_vol_mult_short,p_atr_len,p_momentum,p_level_source,p_n_sess,p_lev_include_sess0,p_bb_length,p_bb_num_devs,p_entry_type,p_le_bar,p_lx_bar,p_se_bar,p_sx_bar,p_end_long,p_end_short,p_nhigh,p_nlow,p_le_day,p_lx_day,p_le_time,p_lx_time,p_se_day,p_sx_day,p_se_time,p_sx_time,ms_blocks_total,ms_blocks_positive,ms_min_avg_trade,ms_mean_avg_trade,ms_min_n_trades,expected_avg_trade,passes_multisplit,passes_expectancy,wf_mean_unger,wf_min_unger,wf_positive_folds,wf_total_folds,wf_positive_folds_oos,wf_total_folds_oos,plateau_ratio,plateau_min,plateau_neighbors,wf_efficiency_used,pattern_null_p,pattern_null_draws,pattern_null_valid_draws,pattern_null_p_lower,pattern_null_min_trades,pattern_null_median_avg,pattern_avg_trade,pattern_none_avg_trade,pattern_vs_none_avg,passes_plateau,passes_null,passes_pattern_useful,passes_wfo,good,gate_reason,wfo_net_profit,wfo_max_dd,wfo_avg_trade,wfo_n_trades,wfo_positive_windows,wfo_total_windows,wfo_efficiency,wfo_measured,mc_dd_median,mc_dd_p95,mc_dd_worst
151,112756.0,338486.0,225730.0,1.4995171222256678,0.5033112582781457,746.7284768211921,4453.763157894737,-3009.733333333333,29025.0,25644.0,0.29025,10,7,0.7,15.1,10.737318100903968,0.7110806689340377,5,0.03982936606477704,3.884788975021533,38.86955017914789,6.60206740645452,2012-01-10 10:30:00,2021-06-02 13:15:00,TF_M,5,,,,,,,3000,4500,,150,103410.0,332334.0,228924.0,1.4517219688630287,0.49333333333333335,689.4,4491.0,-3012.157894736842,26548.0,24162.0,0.26548,5,3,0.6,30.0,8.648699324175862,0.2882899774725287,18,0.04342906875543951,3.8952086786198583,38.50884827386133,6.373217342591002,True,True,True,,,47.0,7.0,12.0,39.0,9.0,5.0,4.0,0.0,,,,,,,,,,,0.0,,,,,,,,,,,,,,,,,,,,,,,,,,,,,,3.0,3.0,382.6981132075472,704.8993710691824,45.0,337.3275365081964,True,True,10.77642804876876,0.0,4,5,1,1,1.1027889883127715,0.773284028001314,8.0,0.48930597114620883,0.034482758620689655,200.0,57.0,0.014317132881312047,75.0,77.71428571428571,689.4,68.02012383900929,621.3798761609906,True,True,True,True,True,—,43596.0,27207.0,360.297520661157,121.0,2.0,4.0,0.48930597114620883,True,30270.0,47190.49999999999,78744.0
108,102288.0,149865.0,47577.0,3.1499464026735606,0.1388888888888889,947.1111111111111,9991.0,-511.5806451612903,18382.0,9671.0,0.18382,10,7,0.7,10.8,5.758472019555188,0.5331918536625173,5,0.09767519161582981,5.564574039821564,19.408493664946036,10.522232781518147,2012-02-03 12:00:00,2021-05-07 14:45:00,BO,5,,,,,,,500,10000,,95,56645.0,99910.0,43265.0,2.3092569051196117,0.10526315789473684,596.2631578947369,9991.0,-509.0,24856.0,19851.0,0.24856,5,3,0.6,19.0,8.532291603080617,0.4490679791095062,6,0.1763792038132227,2.2789266173157388,41.68629181745961,5.696730971952221,True,True,True,,,47.0,48.0,35.0,50.0,10.0,5.0,-1.0,0.0,,,,,,,,,,2.0,0.0,,,,,,,,0.0,5.0,0.0,,,,,,,,,,,,,,,,,,,,3.0,2.0,-120.11111111111111,581.8327682521232,27.0,201.33591353676476,True,True,10.464396745769074,1.6628706894142038,5,5,1,1,0.914118518444591,0.2170883522536409,10.0,0.3376628437813161,0.07272727272727272,200.0,54.0,0.038974286100811134,48.0,197.5445245681704,596.2631578947369,209.65145228215766,386.6117056125792,True,True,True,True,True,—,39555.0,12303.0,226.02857142857144,175.0,4.0,5.0,0.3376628437813161,True,13743.0,21567.0,37906.0
149,87909.0,267189.0,179280.0,1.4903447121820617,0.5973154362416108,589.993288590604,3002.123595505618,-2988.0,17734.0,15297.0,0.17734,10,8,0.8,14.9,7.091544260596559,0.47594256782527244,6,0.04528546565198103,4.957088079395511,30.057969036162394,6.673398724521809,2012-01-12 11:15:00,2021-06-02 13:15:00,BO,5,,,,,,,3000,3000,,125,73875.0,224325.0,150450.0,1.4910269192422732,0.6,591.0,2991.0,-3009.0,24404.0,21261.0,0.24404,5,5,1.0,25.0,5.796550698475776,0.23186202793903102,18,0.04048730964467005,3.0271676774299294,41.2927241962775,5.698497044827016,True,True,True,,,47.0,7.0,-1.0,38.0,5.0,4.0,-1.0,0.0,,,,,,,,,,0.0,0.0,,,,,,,,0.0,4.0,0.0,,,,,,,,,,,,,,,,,,,,3.0,3.0,72.08108108108108,593.027027027027,37.0,199.55874067475781,True,True,9.077565725105847,2.295393405037816,5,5,1,1,1.415316320655237,0.6831240141240774,11.0,0.3376628437813161,0.08,200.0,49.0,0.042900734340044676,63.0,201.93434343434345,591.0,197.94444444444446,393.05555555555554,True,True,True,True,True,—,39555.0,12303.0,226.02857142857144,175.0,4.0,5.0,0.3376628437813161,True,24162.0,36468.9,60737.0
138,127633.0,333371.0,205738.0,1.620366679952172,0.4057971014492754,924.8768115942029,5953.053571428572,-2509.0,26565.0,23144.0,0.26565,10,8,0.8,13.8,10.107423014794621,0.7324219575938131,5,0.059945311949104074,4.80455486542443,28.722744117900543,8.547366681154536,2012-01-10 10:30:00,2021-06-02 13:15:00,TF_M,5,,,,,,,2500,6000,,148,87668.0,323514.0,235846.0,1.3717171374541015,0.36486486486486486,592.3513513513514,5991.0,-2509.0,22911.0,22581.0,0.22911,5,4,0.8,29.6,8.685620300243386,0.29343311825146573,18,0.06833736369028608,3.826458906202261,38.67805812839348,5.894686538321671,True,True,True,,,47.0,7.0,12.0,39.0,9.0,5.0,4.0,0.0,,,,,,,,,,,0.0,,,,,,,,,,,,,,,,,,,,,,,,,,,,,,3.0,3.0,269.84615384615387,611.6293706293706,44.0,289.8410532327421,True,True,8.904015569380187,3.0615457155899164,5,5,1,1,0.9953307307145352,0.8551789167514307,8.0,0.48930597114620883,0.034482758620689655,200.0,57.0,0.014317132881312047,74.0,-21.1656050955414,592.3513513513514,-41.02970297029703,633.3810543216484,True,True,True,True,True,—,43596.0,27207.0,360.297520661157,121.0,2.0,4.0,0.48930597114620883,True,33614.5,52842.0,88531.0
261,138156.0,327848.0,189692.0,1.7283174830778314,0.2796934865900383,529.3333333333334,4491.068493150685,-1009.0,11802.0,10090.0,0.11802,10,10,1.0,26.1,11.299999999999999,0.43295019157088116,10,0.03254292249341324,11.706151499745806,22.295969773299745,7.33930258016531,2012-01-13 02:00:00,2021-06-01 09:00:00,TF_M,5,,,,,,,1000,4500,,213,76578.0,238023.0,161445.0,1.4743287187587104,0.24882629107981222,359.5211267605634,4491.0,-1009.03125,19715.0,17905.0,0.19715,5,5,1.0,42.6,19.663163529808728,0.461576608680956,17,0.05864608634333621,3.8842505706314987,54.83683303298597,3.856820085077269,True,True,True,,,54.0,9.0,-48.0,17.0,13.0,5.0,-1.0,0.0,,,,,,,,,,,0.0,,,,,,,,,,,,,,,,,,,,,,,,,,,,,,3.0,3.0,133.85714285714286,423.36240714018487,55.0,175.91583407715672,True,True,7.178726886451064,1.499020616983689,5,5,1,1,0.8504989899079477,0.5730158229835403,8.0,0.48930597114620883,0.08163265306122448,200.0,48.0,0.04378294043924412,107.0,102.99412997560297,359.5211267605634,54.754027926960255,304.76709883360314,True,True,True,True,True,—,43596.0,27207.0,360.297520661157,121.0,2.0,4.0,0.48930597114620883,True,20281.5,31378.0,52211.0
163,80383.0,255280.0,174897.0,1.4596019371401454,0.5214723926380368,493.14723926380367,3003.294117647059,-2242.269230769231,16645.0,16065.0,0.16645,10,7,0.7,16.3,5.831809324729334,0.35777971317357876,8,0.04952539716109128,4.82925803544608,33.752596942139505,5.7575545465554665,2012-01-10 13:15:00,2021-06-02 13:15:00,BO,5,,,,,,,2250,3000,,129,49839.0,194415.0,144576.0,1.3447252656042497,0.5038759689922481,386.3488372093023,2991.0,-2259.0,14201.0,13011.0,0.14201,5,5,1.0,25.8,6.764613810115105,0.2621943337253917,15,0.060013242641305004,3.509541581578762,36.7569373382291,4.883413511150583,True,True,True,,,47.0,7.0,-34.0,28.0,13.0,6.0,-1.0,0.0,,,,,,,,,,0.0,0.0,,,,,,,,0.0,5.0,0.0,,,,,,,,,,,,,,,,,,,,3.0,3.0,103.5,373.9545454545455,40.0,130.45564706369777,True,True,7.159404980643065,1.2849169202843433,5,5,1,1,1.0111391598227477,0.8693162211262158,10.0,0.3376628437813161,0.20454545454545456,200.0,43.0,0.13728452592052265,65.0,100.5505617977528,386.3488372093023,201.2941176470588,185.0547195622435,True,True,True,True,True,—,39555.0,12303.0,226.02857142857144,175.0,4.0,5.0,0.3376628437813161,True,22653.0,36273.149999999994,57459.0
172,85487.0,257281.0,171794.0,1.4976134207248215,0.5,497.0174418604651,2991.639534883721,-1997.6046511627908,14673.0,14243.0,0.14673,10,9,0.9,17.2,5.844655678480984,0.33980556270238277,8,0.03563114859569291,5.826143256321134,29.522102775860656,6.180384940392486,2012-01-10 13:15:00,2021-06-02 13:15:00,BO,5,,,,,,,2000,3000,,129,40839.0,179460.0,138621.0,1.2946090419200553,0.46511627906976744,316.5813953488372,2991.0,-2009.0,14208.0,12054.0,0.14208,5,5,1.0,25.8,6.764613810115105,0.2621943337253917,15,0.0732388158378021,2.874366554054054,44.879453463600974,4.000573643283254,True,True,True,,,47.0,7.0,-34.0,28.0,13.0,6.0,-1.0,0.0,,,,,,,,,,0.0,0.0,,,,,,,,0.0,5.0,0.0,,,,,,,,,,,,,,,,,,,,3.0,3.0,116.0,307.9191919191919,40.0,106.8977742417455,True,True,6.997219911015483,1.8663723163576547,5,5,1,1,0.9279388072274873,0.859051012199475,10.0,0.3376628437813161,0.20454545454545456,200.0,43.0,0.13728452592052265,65.0,130.17525773195877,316.5813953488372,225.04255319148936,91.53884215734783,True,True,True,True,True,—,39555.0,12303.0,226.02857142857144,175.0,4.0,5.0,0.3376628437813161,True,22234.0,34290.25,59738.0
183,91403.0,264276.0,172873.0,1.5287291826948106,0.5792349726775956,499.46994535519127,2493.169811320755,-2245.103896103896,15937.0,13957.0,0.15937,10,9,0.9,18.3,6.034069936618235,0.32973059762941176,7,0.02976926359091058,5.735270126121604,31.90782578252355,5.959494576286874,2012-01-10 13:15:00,2021-06-02 13:15:00,BO,5,,,,,,,2250,2500,,132,43812.0,179352.0,135540.0,1.3232403718459496,0.5454545454545454,331.90909090909093,2491.0,-2259.0,16390.0,15520.0,0.1639,5,4,0.8,26.4,6.887670143089026,0.26089659632912976,15,0.05685656897653611,2.6730933496034166,49.380991509175566,3.905107787891533,True,True,True,,,47.0,7.0,-34.0,28.0,13.0,6.0,-1.0,0.0,,,,,,,,,,0.0,0.0,,,,,,,,0.0,5.0,0.0,,,,,,,,,,,,,,,,,,,,3.0,2.0,-2.75,317.35869565217394,40.0,112.07336751323503,True,True,6.756156673434421,0.8057508187416675,5,5,1,1,0.9393201864728294,0.6440953806010419,10.0,0.3376628437813161,0.1590909090909091,200.0,43.0,0.10036362209320929,66.0,51.810810810810814,331.90909090909093,134.12977099236642,197.77931991672452,True,True,True,True,True,—,39555.0,12303.0,226.02857142857144,175.0,4.0,5.0,0.3376628437813161,True,20502.0,30874.899999999998,44660.0
187,76982.0,332354.0,255372.0,1.301450433093683,0.39572192513368987,411.668449197861,4491.27027027027,-2259.929203539823,28915.0,27375.0,0.28915,10,6,0.6,18.7,10.040418317978588,0.5369207656673042,6,0.05853316359668494,2.6623551789728515,70.23856226130783,3.6466101775149986,2012-01-13 02:00:00,2021-06-01 17:00:00,TF_M,5,,,,,,,2250,4500,,196,110736.0,368262.0,257526.0,1.4299993010414482,0.41836734693877553,564.9795918367347,4491.0,-2259.0,24081.0,20628.0,0.24081,5,4,0.8,39.2,17.6,0.4489795918367347,17,0.04055591677503251,4.598480129562726,42.62277850021673,5.484017807710108,True,True,True,,,54.0,9.0,-48.0,17.0,13.0,5.0,-1.0,0.0,,,,,,,,,,,0.0,,,,,,,,,,,,,,,,,,,,,,,,,,,,,,3.0,2.0,-9.0,683.2724612232954,51.0,276.44788786146216,True,True,6.612797414642749,0.17494794936618,5,5,1,1,0.9692014254686123,0.7012272718166761,8.0,0.48930597114620883,0.07407407407407407,200.0,53.0,0.03970099153738133,98.0,120.47745901639344,564.9795918367347,105.98181818181818,458.9977736549165,True,True,True,True,True,—,43596.0,27207.0,360.297520661157,121.0,2.0,4.0,0.48930597114620883,True,32010.0,50393.75,77319.0
202,101057.0,302091.0,201034.0,1.5026861127968403,0.5,500.2821782178218,2991.0,-1990.4356435643565,14370.0,12144.0,0.1437,10,9,0.9,20.2,11.478675881825394,0.5682512812784849,8,0.02959715803952225,7.03249826026444,28.72378954451448,6.286226175682423,2012-01-10 10:30:00,2021-06-02 13:15:00,TF_M,5,,,,,,,2000,3000,,166,51506.0,230307.0,178801.0,1.2880632658654034,0.463855421686747,310.27710843373495,2991.0,-2009.0,16635.0,15090.0,0.16635,5,4,0.8,33.2,9.239047569960876,0.2782845653602673,19,0.05807090436065701,3.0962428614367297,53.61336543315342,3.623611986090077,True,True,True,,,47.0,7.0,12.0,39.0,9.0,5.0,4.0,0.0,,,,,,,,,,,0.0,,,,,,,,,,,,,,,,,,,,,,,,,,,,,,3.0,3.0,133.85714285714286,305.2857142857143,50.0,151.82044186660622,True,True,6.534549391537682,2.862918305685171,5,5,1,1,0.9458593290731452,0.7654181579776517,8.0,0.48930597114620883,0.08771929824561403,200.0,56.0,0.05029107543334196,83.0,-37.70193618761931,310.27710843373495,-9.0,319.27710843373495,True,True,True,True,True,—,43596.0,27207.0,360.297520661157,121.0,2.0,4.0,0.48930597114620883,True,23193.5,36252.0,70720.0
180,89880.0,269258.0,179378.0,1.5010647905540255,0.6,499.3333333333333,2493.1296296296296,-2491.3611111111113,20888.0,17833.0,0.20888,10,7,0.7,18.0,5.796550698475776,0.32203059435976533,8,0.03027369826435247,4.302949061662199,41.83177570093458,5.204098210943435,2012-01-10 13:15:00,2021-06-02 13:15:00,BO,5,,,,,,,2500,2500,,130,48830.0,186825.0,137995.0,1.353853400485525,0.5769230769230769,375.61538461538464,2491.0,-2509.0,14524.0,12545.0,0.14524,5,4,0.8,26.0,6.957010852370434,0.2675773404757859,15,0.05101372107311079,3.362021481685486,38.667212779029285,4.694654179638619,True,True,True,,,47.0,7.0,-34.0,28.0,13.0,6.0,-1.0,0.0,,,,,,,,,,0.0,0.0,,,,,,,,0.0,5.0,0.0,,,,,,,,,,,,,,,,,,,,3.0,2.0,-134.0,352.82476943346506,40.0,126.83135893724359,True,True,6.451177685443808,0.5092838716103198,5,5,1,1,1.0157503703596336,0.5788104270163237,10.0,0.3376628437813161,0.18181818181818182,200.0,43.0,0.1186230459450793,65.0,80.92805755395683,375.61538461538464,201.37181996086105,174.2435646545236,True,True,True,True,True,—,39555.0,12303.0,226.02857142857144,175.0,4.0,5.0,0.3376628437813161,True,20457.5,33247.75,56041.0
185,103665.0,306426.0,202761.0,1.5112669596224126,0.2756756756756757,560.3513513513514,6008.35294117647,-1513.141791044776,16797.0,12252.0,0.16797,10,8,0.8,18.5,8.823264701911645,0.4769332271303592,5,0.06632904065981768,6.17163779246294,29.97583562436695,6.512502712344236,2012-01-13 02:00:00,2021-06-01 16:30:00,TF_M,5,,,,,,,1500,6000,,193,68603.0,287568.0,218965.0,1.3133057794624712,0.24870466321243523,355.45595854922277,5991.0,-1510.103448275862,25121.0,21961.0,0.25121,5,3,0.6,38.6,16.965848048358797,0.43952974218546104,17,0.08732854248356486,2.7309024322280164,70.67260906957422,3.378085921697025,True,True,True,,,54.0,9.0,-48.0,17.0,13.0,5.0,-1.0,0.0,,,,,,,,,,,0.0,,,,,,,,,,,,,,,,,,,,,,,,,,,,,,3.0,3.0,86.83333333333333,407.3600288600289,50.0,173.926722997634,True,True,6.290384305103107,1.7075261373215909,5,5,1,1,0.7130988280338644,0.074219347336376,7.0,0.48930597114620883,0.10909090909090909,200.0,54.0,0.06583878512143881,97.0,63.39311699182281,355.45595854922277,84.62026862026862,270.83568992895414,True,True,True,True,True,—,43596.0,27207.0,360.297520661157,121.0,2.0,4.0,0.48930597114620883,True,30610.0,49018.44999999998,85214.0
197,103177.0,296429.0,193252.0,1.5338987436093805,0.6040609137055838,523.741116751269,2491.0,-2477.5897435897436,21184.0,20144.0,0.21184,10,10,1.0,19.7,11.207586716149022,0.5689130312766001,8,0.024142977601597254,4.870515483383686,40.44746406660399,5.420209096095354,2012-01-10 10:30:00,2021-06-02 13:15:00,TF_M,5,,,,,,,2500,2500,,165,46015.0,229172.0,183157.0,1.2512325491245215,0.5575757575757576,278.8787878787879,2491.0,-2509.0,21566.0,20216.0,0.21566,5,3,0.6,33.0,9.402127418834526,0.28491295208589473,19,0.054134521351733134,2.1336826486135583,77.33108768879713,2.8604478632296084,True,True,True,,,47.0,7.0,12.0,39.0,9.0,5.0,4.0,0.0,,,,,,,,,,,0.0,,,,,,,,,,,,,,,,,,,,,,,,,,,,,,3.0,3.0,36.45454545454545,282.16355931344225,49.0,136.45705613510788,True,True,6.285133091472216,2.118238559184636,5,5,1,1,0.9473606164991765,0.7655347012425949,8.0,0.48930597114620883,0.1206896551724138,200.0,57.0,0.07576859082674704,83.0,35.37869822485207,278.8787878787879,13.464698331193839,265.414089547594,True,True,True,True,True,—,43596.0,27207.0,360.297520661157,121.0,2.0,4.0,0.48930597114620883,True,22797.0,35432.0,58067.0
162,74642.0,261262.0,186620.0,1.3999678491051335,0.5370370370370371,460.75308641975306,3003.0114942528735,-2488.266666666667,19227.0,16797.0,0.19227,10,7,0.7,16.2,5.827520913733386,0.3597235131934189,8,0.053334583746416225,3.8821449004004784,41.72950885560409,5.005135561339661,2012-01-10 13:15:00,2021-06-02 13:15:00,BO,5,,,,,,,2500,3000,,127,49857.0,200397.0,150540.0,1.3311877241929055,0.5275590551181102,392.5748031496063,2991.0,-2509.0,14923.0,13608.0,0.14923,5,4,0.8,25.4,6.916646586316233,0.27230892072111157,15,0.05999157590709429,3.3409502110835625,38.0131375734601,4.84058339599262,True,True,True,,,47.0,7.0,-34.0,28.0,13.0,6.0,-1.0,0.0,,,,,,,,,,0.0,0.0,,,,,,,,0.0,5.0,0.0,,,,,,,,,,,,,,,,,,,,3.0,2.0,-34.0,376.3174603174603,40.0,132.55792442838643,True,True,6.079910077436147,0.3310340399742113,5,5,1,1,1.0725880006354773,0.9003180709130555,10.0,0.3376628437813161,0.22727272727272727,200.0,43.0,0.15629995996369048,64.0,142.78571428571428,392.5748031496063,235.48897795591182,157.08582519369446,True,True,True,True,True,—,39555.0,12303.0,226.02857142857144,175.0,4.0,5.0,0.3376628437813161,True,25090.0,39283.95,60797.0
263,145588.0,314622.0,169034.0,1.861294177502751,0.1596958174904943,553.5665399239543,7491.0,-764.8597285067873,21607.0,20064.0,0.21607,10,7,0.7,26.3,17.41292623311774,0.6620884499284312,11,0.05145341649037009,6.738001573564123,39.03234469873891,5.672518882358716,2012-01-10 17:15:00,2021-06-01 17:00:00,TF_U,5,,,,,,,750,7500,,303,91773.0,292149.0,200376.0,1.45800395256917,0.12871287128712872,302.8811881188119,7491.0,-759.0,26437.0,21549.0,0.26437,5,5,1.0,60.6,21.767866225241278,0.35920571328780987,31,0.08162531463502337,3.4713848016038127,87.28505115883756,2.8058830748058456,True,True,True,,,,,,,17.0,7.0,-1.0,0.0,,,31.0,52.0,52.0,15.0,,,,,0.0,,,,,,,,,,,,,,,,,,,,,,,,,,,,,,3.0,3.0,261.6185567010309,305.27533450318055,94.0,85.60433257504518,True,True,6.035077699764445,2.4764061907283152,5,5,1,1,1.0312817645832617,0.45210989776317306,8.0,0.2826333755051996,0.0975609756097561,200.0,122.0,0.06829256853342913,152.0,50.83717077578646,302.8811881188119,86.0,216.8811881188119,True,True,True,True,True,—,44448.0,42324.0,272.6871165644172,163.0,4.0,5.0,0.2826333755051996,True,26763.0,41496.499999999985,61578.0
326,85356.0,256615.0,171259.0,1.4984030036377651,0.5674846625766872,261.8282208588957,1387.1081081081081,-1214.6028368794325,16942.0,15065.0,0.16942,10,8,0.8,32.6,7.565712127751095,0.23207705913346915,14,0.08963634659543558,5.038130090898359,64.7065466985332,3.029964014701092,2012-01-10 10:30:00,2021-06-02 13:15:00,TF_M,5,,,,,,,4000,6000,,153,131513.0,352002.0,220489.0,1.5964605944060701,0.5359477124183006,859.562091503268,4292.707317073171,-3105.478873239437,22241.0,21180.0,0.22241,5,5,1.0,30.6,8.639444426582072,0.28233478518242067,18,0.045554431881258885,5.913088440267973,25.874803251389597,8.681673593528208,True,True,True,,,47.0,7.0,12.0,39.0,9.0,5.0,4.0,184.0,,,,,,,,,,,0.0,,,,,,,,,,,,,,,,,,,,,,,,,,,,,,3.0,3.0,781.4901960784314,859.1627539474848,47.0,420.588863943473,True,True,5.974264649376691,0.0,4,5,1,1,1.0133967022072317,0.765621756118229,10.0,0.48930597114620883,0.017543859649122806,200.0,56.0,0.005212034119380173,77.0,-80.65725711597271,859.562091503268,-54.887622149837135,914.4497136531052,True,True,True,True,True,—,43596.0,27207.0,360.297520661157,121.0,2.0,4.0,0.48930597114620883,True,27735.5,42659.799999999996,69399.0
279,88174.0,208219.0,120045.0,1.7345078928735058,0.6236559139784946,316.0358422939068,1196.66091954023,-1143.2857142857142,11208.0,8424.0,0.11208,10,9,0.9,27.9,6.073713855624086,0.21769583711914287,14,0.02825095833238823,7.8670592433975735,35.464331889219046,4.496510720613356,2012-01-12 11:15:00,2021-06-01 20:00:00,BO,5,,,,,,,4000,2500,,127,72152.0,207516.0,135364.0,1.5330220738157856,0.6771653543307087,568.1259842519685,2412.9767441860463,-3301.560975609756,26552.0,21851.0,0.26552,5,5,1.0,25.4,6.118823416311342,0.24089855969729693,18,0.03452433750970174,2.71738475444411,46.736112651069966,5.251693694970921,True,True,True,,,47.0,7.0,-1.0,38.0,5.0,4.0,-1.0,184.0,,,,,,,,,,0.0,0.0,,,,,,,,0.0,4.0,0.0,,,,,,,,,,,,,,,,,,,,3.0,2.0,-122.28947368421052,548.7102499643419,38.0,191.8350354685789,True,True,5.83690495685641,1.0683170757617129,5,5,1,1,1.0098834005030413,0.2137209167829833,13.0,0.3376628437813161,0.061224489795918366,200.0,48.0,0.02978072867176277,64.0,119.22298228001773,568.1259842519685,198.70125223613596,369.42473201583255,True,True,True,True,True,—,39555.0,12303.0,226.02857142857144,175.0,4.0,5.0,0.3376628437813161,True,19146.0,30008.899999999998,45617.0
277,71227.0,203717.0,132490.0,1.537602837950034,0.6028880866425993,257.13718411552344,1219.8622754491018,-1204.4545454545455,13390.0,11815.0,0.1339,10,9,0.9,27.7,5.967411499134277,0.215430018019288,14,0.05589172645204768,5.319417475728155,52.073371053111885,3.3471713831589898,2012-01-12 11:15:00,2021-06-01 20:00:00,BO,5,,,,,,,4000,3000,,125,89020.0,231876.0,142856.0,1.6231449851598814,0.648,712.16,2862.6666666666665,-3246.7272727272725,20552.0,16301.0,0.20552,5,5,1.0,25.0,5.796550698475776,0.23186202793903102,18,0.03359919119299034,4.331451926819774,28.858683441923166,7.482623369359729,True,True,True,,,47.0,7.0,-1.0,38.0,5.0,4.0,-1.0,184.0,,,,,,,,,,0.0,0.0,,,,,,,,0.0,4.0,0.0,,,,,,,,,,,,,,,,,,,,3.0,3.0,239.51351351351352,708.2128378378378,37.0,240.46997082730206,True,True,5.674264768853715,1.0683170757617129,5,5,1,1,1.1881197151504048,0.45161154280369464,13.0,0.3376628437813161,0.04,200.0,49.0,0.016604527463648953,63.0,155.25,712.16,260.12683823529414,452.0331617647058,True,True,True,True,True,—,39555.0,12303.0,226.02857142857144,175.0,4.0,5.0,0.3376628437813161,True,20656.5,31735.1,53358.0
282,104807.0,304424.0,199617.0,1.5250404524664734,0.6170212765957447,371.65602836879435,1749.5632183908046,-1848.3055555555557,20377.0,19177.0,0.20377,10,8,0.8,28.2,7.947326594522211,0.2818200920043337,13,0.02853817016039005,5.143396967168867,54.82757831060902,3.9217004093699557,2012-01-10 10:30:00,2021-06-02 13:15:00,TF_M,5,,,,,,,4000,3000,,161,104591.0,315707.0,211116.0,1.4954195797571004,0.6645962732919255,649.6335403726708,2950.532710280374,-3909.5555555555557,23116.0,21126.0,0.23116,5,5,1.0,32.2,8.997777503361593,0.279434083955329,19,0.028597106825635092,4.524614985291573,35.583138128519664,6.435991340162555,True,True,True,,,47.0,7.0,12.0,39.0,9.0,5.0,4.0,368.0,,,,,,,,,,,0.0,,,,,,,,,,,,,,,,,,,,,,,,,,,,,,3.0,3.0,324.22033898305085,680.0518413894121,48.0,317.8695703611996,True,True,5.534566151595601,0.18924441232501238,5,5,1,1,0.9571694389169652,0.7462322717365414,10.0,0.48930597114620883,0.017857142857142856,200.0,55.0,0.0053044563859257175,81.0,33.72549019607843,649.6335403726708,35.07738095238095,614.5561594202899,True,True,True,True,True,—,43596.0,27207.0,360.297520661157,121.0,2.0,4.0,0.48930597114620883,True,25674.0,40032.799999999996,59406.0
330,83260.0,255633.0,172373.0,1.4830222830721749,0.5696969696969697,252.3030303030303,1359.75,-1213.894366197183,16365.0,12289.0,0.16365,10,9,0.9,33.0,7.9498427657407165,0.24090432623456717,14,0.047934182080230606,5.087687137183012,64.86247898150373,2.970761702069383,2012-01-10 10:30:00,2021-06-02 13:15:00,TF_M,5,,,,,,,3000,4000,,159,114634.0,306388.0,191754.0,1.597818037694129,0.5534591194968553,720.9685534591194,3481.681818181818,-2700.760563380282,25934.0,23216.0,0.25934,5,4,0.8,31.8,9.724196624914574,0.3057923466954269,18,0.03481515082785212,4.42022055988278,35.97105570773069,6.743493199759699,True,True,True,,,47.0,7.0,12.0,39.0,9.0,5.0,4.0,184.0,,,,,,,,,,,0.0,,,,,,,,,,,,,,,,,,,,,,,,,,,,,,3.0,3.0,430.36170212765956,698.9809234146883,47.0,352.7742182161918,True,True,5.455598191629359,0.0,4,5,1,1,0.999618073600346,0.767952897840787,10.0,0.48930597114620883,0.034482758620689655,200.0,57.0,0.014317132881312047,80.0,44.61538461538461,720.9685534591194,79.65464632454923,641.3139071345702,True,True,True,True,True,—,43596.0,27207.0,360.297520661157,121.0,2.0,4.0,0.48930597114620883,True,22771.5,35793.899999999994,60333.0
280,78360.0,300025.0,221665.0,1.3535064173414837,0.5714285714285714,279.85714285714283,1875.15625,-1847.2083333333333,19293.0,18253.0,0.19293,10,7,0.7,28.0,7.483314773547883,0.2672612419124244,13,0.05112302194997448,4.061576737676877,68.93874425727412,3.034868433876963,2012-01-10 10:30:00,2021-06-02 13:15:00,TF_M,5,,,,,,,3000,4000,,153,136408.0,331206.0,194798.0,1.7002535960328136,0.5620915032679739,891.5555555555555,3851.232558139535,-2907.4328358208954,25934.0,23216.0,0.25934,5,4,0.8,30.6,8.5463442476886,0.27929229567609803,18,0.029257814790921353,5.259813372406879,29.088484546360917,8.339058336526707,True,True,True,,,47.0,7.0,12.0,39.0,9.0,5.0,4.0,368.0,,,,,,,,,,,0.0,,,,,,,,,,,,,,,,,,,,,,,,,,,,,,3.0,3.0,660.0196078431372,888.4223966827221,47.0,436.24345694190885,True,True,5.398057477095355,0.07309894286123403,5,5,1,1,1.0354875851803462,0.8917434005338013,10.0,0.48930597114620883,0.017241379310344827,200.0,57.0,0.005122776913408532,77.0,47.61904761904762,891.5555555555555,45.705882352941174,845.8496732026143,True,True,True,True,True,—,43596.0,27207.0,360.297520661157,121.0,2.0,4.0,0.48930597114620883,True,25404.0,40823.749999999985,69419.0
285,82675.0,289723.0,207048.0,1.3993035431397551,0.5894736842105263,290.0877192982456,1724.5416666666667,-1769.6410256410256,22293.0,21253.0,0.22293,10,7,0.7,28.5,7.990619500389191,0.28037261404874353,13,0.03617780465678863,3.7085632261247925,76.84916843060176,2.9264994055542664,2012-01-10 10:30:00,2021-06-02 13:15:00,TF_M,5,,,,,,,3000,3000,,161,102351.0,288788.0,186437.0,1.5489843754190424,0.6086956521739131,635.72049689441,2946.816326530612,-2959.3174603174602,18823.0,18108.0,0.18823,5,5,1.0,32.2,8.997777503361593,0.279434083955329,19,0.02922296802180731,5.437549806088296,29.608924192240426,6.979513437473981,True,True,True,,,47.0,7.0,12.0,39.0,9.0,5.0,4.0,368.0,,,,,,,,,,,0.0,,,,,,,,,,,,,,,,,,,,,,,,,,,,,,3.0,3.0,419.14814814814815,655.5922264071983,48.0,311.0618351104697,True,True,5.396931490249791,0.36715083365156925,5,5,1,1,1.0570369930789507,0.9231016275246515,10.0,0.48930597114620883,0.017543859649122806,200.0,56.0,0.005212034119380173,81.0,22.035353535353536,635.72049689441,4.83989145183175,630.8806054425783,True,True,True,True,True,—,43596.0,27207.0,360.297520661157,121.0,2.0,4.0,0.48930597114620883,True,23405.0,36288.0,53596.0
332,89702.0,255562.0,165860.0,1.540829615338237,0.5783132530120482,270.18674698795184,1331.0520833333333,-1184.7142857142858,13653.0,11083.0,0.13653,10,9,0.9,33.2,8.243785538209979,0.24830679331957764,14,0.03334373815522508,6.570131106716473,50.53171612673073,3.4829990183341812,2012-01-10 10:30:00,2021-06-02 13:15:00,TF_M,5,,,,,,,3000,3000,,164,90099.0,272727.0,182628.0,1.4933471318746303,0.5914634146341463,549.3841463414634,2811.618556701031,-2725.791044776119,19262.0,18108.0,0.19262,5,5,1.0,32.8,9.431860898041277,0.28755673469638043,19,0.033196816834815034,4.677551656110476,35.06107725945904,5.962505438470643,True,True,True,,,47.0,7.0,12.0,39.0,9.0,5.0,4.0,184.0,,,,,,,,,,,0.0,,,,,,,,,,,,,,,,,,,,,,,,,,,,,,3.0,3.0,343.8703703703704,551.6188844693919,49.0,268.81694325794064,True,True,5.389664522983969,0.0,4,5,1,1,0.9230495821631008,0.5683815955868277,10.0,0.48930597114620883,0.03508771929824561,200.0,56.0,0.014567989772702586,82.0,16.22489239598278,549.3841463414634,4.532110091743119,544.8520362497203,True,True,True,True,True,—,43596.0,27207.0,360.297520661157,121.0,2.0,4.0,0.48930597114620883,True,21163.0,33474.7,46258.0
329,84374.0,255633.0,171259.0,1.4926689984176014,0.5714285714285714,256.4559270516717,1359.75,-1214.6028368794325,19897.0,15792.0,0.19897,10,8,0.8,32.9,7.942921376924236,0.24142618166942967,14,0.04730130134875673,4.240538774689652,77.58448100125631,2.7385602200348425,2012-01-10 10:30:00,2021-06-02 13:15:00,TF_M,5,,,,,,,4000,4000,,159,115404.0,324690.0,209286.0,1.5514176772454917,0.5974842767295597,725.811320754717,3417.7894736842104,-3270.09375,24252.0,20807.0,0.24252,5,4,0.8,31.8,9.57914401186244,0.3012309437692591,18,0.03458285674673321,4.758535378525482,33.41364250805864,7.02026187266133,True,True,True,,,47.0,7.0,12.0,39.0,9.0,5.0,4.0,184.0,,,,,,,,,,,0.0,,,,,,,,,,,,,,,,,,,,,,,,,,,,,,3.0,3.0,600.468085106383,714.831862501616,47.0,355.1438131707993,True,True,5.310998118206973,0.0,4,5,1,1,1.0378215759934657,0.8179949918920877,10.0,0.48930597114620883,0.03508771929824561,200.0,56.0,0.014567989772702586,80.0,33.95823575331772,725.811320754717,29.355555555555554,696.4557651991615,True,True,True,True,True,—,43596.0,27207.0,360.297520661157,121.0,2.0,4.0,0.48930597114620883,True,25349.0,38705.799999999996,58500.0
280,94825.0,307620.0,212795.0,1.4456166733240912,0.625,338.6607142857143,1757.8285714285714,-2026.6190476190477,22098.0,20898.0,0.22098,10,8,0.8,28.0,8.136338242723197,0.2905835086686856,12,0.03370419193250725,4.29111231785682,65.25114684945953,3.4315607368527115,2012-01-10 10:30:00,2021-06-02 13:15:00,TF_M,5,,,,,,,5000,3000,,161,95461.0,328523.0,233062.0,1.4095948717508646,0.7018633540372671,592.9254658385094,2907.283185840708,-4855.458333333333,25170.0,20180.0,0.2517,5,4,0.8,32.2,8.997777503361593,0.279434083955329,19,0.03133216706298907,3.7926499801350815,42.450529535621875,5.629396650321195,True,True,True,,,47.0,7.0,12.0,39.0,9.0,5.0,4.0,368.0,,,,,,,,,,,0.0,,,,,,,,,,,,,,,,,,,,,,,,,,,,,,3.0,3.0,312.48148148148147,618.8313977819628,48.0,290.1219708794301,True,True,5.278587643088996,0.18924441232501238,5,5,1,1,1.036365477843903,0.9090164499502946,9.0,0.48930597114620883,0.03571428571428571,200.0,55.0,0.014827793906240845,81.0,-29.64864864864865,592.9254658385094,-28.84152139461173,621.7669872331211,True,True,True,True,True,—,43596.0,27207.0,360.297520661157,121.0,2.0,4.0,0.48930597114620883,True,30564.0,48759.39999999997,69023.0
206,103501.0,328916.0,225415.0,1.45915755384513,0.49029126213592233,502.43203883495147,3256.5940594059407,-2146.809523809524,21307.0,19833.0,0.21307,10,7,0.7,20.6,6.829348431585549,0.3315217685235703,11,0.07392199109187352,4.857605481766556,42.40772552922194,5.184650995699118,2012-01-10 10:30:00,2021-06-02 13:15:00,TF_M,5,,,,,,,2500,6000,,148,86538.0,322384.0,235846.0,1.3669258753593447,0.36486486486486486,584.7162162162163,5970.074074074074,-2509.0,22911.0,22581.0,0.22911,5,4,0.8,29.6,8.685620300243386,0.29343311825146573,18,0.06922970255841364,3.7771376194840904,39.18311030992165,5.818706753356763,True,True,True,,,47.0,7.0,12.0,39.0,9.0,5.0,4.0,920.0,,,,,,,,,,,0.0,,,,,,,,,,,,,,,,,,,,,,,,,,,,,,3.0,3.0,269.84615384615387,603.0687645687645,44.0,286.1051360206123,True,True,5.274963881078684,0.0,4,5,1,1,0.9437571300377805,0.7757019716518598,9.0,0.48930597114620883,0.034482758620689655,200.0,57.0,0.014317132881312047,74.0,-18.891304347826086,584.7162162162163,0.6102819237147595,584.1059342925015,True,True,True,True,True,—,43596.0,27207.0,360.297520661157,121.0,2.0,4.0,0.48930597114620883,True,32777.5,53556.1,99075.0
329,80554.0,255916.0,175362.0,1.4593583558581678,0.5653495440729484,244.8449848024316,1375.8924731182797,-1226.3076923076924,18712.0,15065.0,0.18712,10,8,0.8,32.9,7.942921376924236,0.24142618166942967,14,0.0557514214067582,4.304938007695596,76.42386473669836,2.6960904805650734,2012-01-10 10:30:00,2021-06-02 13:15:00,TF_M,5,,,,,,,4000,4500,,157,112832.0,330614.0,217782.0,1.5180960777291053,0.5668789808917197,718.6751592356688,3714.7640449438204,-3202.676470588235,24507.0,22708.0,0.24507,5,4,0.8,31.4,9.13454979733539,0.2909092292145029,18,0.039802538287010775,4.604072305871791,34.100246384004535,6.914979758047082,True,True,True,,,47.0,7.0,12.0,39.0,9.0,5.0,4.0,184.0,,,,,,,,,,,0.0,,,,,,,,,,,,,,,,,,,,,,,,,,,,,,3.0,3.0,417.1320754716981,712.8088627832126,47.0,351.6520467284652,True,True,5.274732242940732,0.0,4,5,1,1,1.0464547125645447,0.8680201470274278,10.0,0.48930597114620883,0.017543859649122806,200.0,56.0,0.005212034119380173,79.0,16.235875820701956,718.6751592356688,38.90273556231003,679.7724236733588,True,True,True,True,True,—,43596.0,27207.0,360.297520661157,121.0,2.0,4.0,0.48930597114620883,True,27508.5,42974.649999999994,69380.0
331,90226.0,258758.0,168532.0,1.5353642038307265,0.5830815709969789,272.58610271903325,1340.7150259067357,-1221.2463768115942,14698.0,12293.0,0.14698,10,9,0.9,33.1,8.239538822045807,0.24892866531860444,14,0.03542216212621639,6.138658320859981,53.920577217210116,3.386709480851823,2012-01-10 10:30:00,2021-06-02 13:15:00,TF_M,5,,,,,,,5000,3000,,164,96914.0,306790.0,209876.0,1.461767901046332,0.6707317073170732,590.939024390244,2789.0,-3886.5925925925926,28223.0,23303.0,0.28223,5,3,0.6,32.8,9.282241108697834,0.2829951557529828,19,0.03086241409909817,3.433865995819013,47.759580659141086,5.298396286138894,True,True,True,,,47.0,7.0,12.0,39.0,9.0,5.0,4.0,184.0,,,,,,,,,,,0.0,,,,,,,,,,,,,,,,,,,,,,,,,,,,,,3.0,3.0,367.3888888888889,593.4524800812857,49.0,289.1499932174615,True,True,5.19919601019209,0.0,4,5,1,1,0.9413469689670582,0.5626601342378491,9.0,0.48930597114620883,0.03571428571428571,200.0,55.0,0.014827793906240845,82.0,-56.732919254658384,590.939024390244,-84.56204379562044,675.5010681858644,True,True,True,True,True,—,43596.0,27207.0,360.297520661157,121.0,2.0,4.0,0.48930597114620883,True,26208.5,40965.9,71313.0
281,76336.0,177088.0,100752.0,1.7576623789105923,0.6512455516014235,271.65836298932385,967.6939890710382,-1028.0816326530612,8637.0,6726.0,0.08637,10,9,0.9,28.1,6.28410693734599,0.22363369883793557,14,0.02529605952630476,8.83825402338775,31.79360983022427,4.402962374164894,2012-01-12 11:15:00,2021-06-01 20:00:00,BO,5,,,,,,,4000,1500,,130,59230.0,151372.0,92142.0,1.6428121811985847,0.7846153846153846,455.61538461538464,1484.0392156862745,-3290.785714285714,15532.0,13617.0,0.15532,5,3,0.6,26.0,6.260990336999411,0.24080732065382351,18,0.025173054195509033,3.8134174607262428,34.090157015026165,5.5066572305628005,True,True,True,,,47.0,7.0,-1.0,38.0,5.0,4.0,-1.0,184.0,,,,,,,,,,0.0,0.0,,,,,,,,0.0,4.0,0.0,,,,,,,,,,,,,,,,,,,,3.0,3.0,280.87179487179486,450.46406767835333,39.0,153.8443864397489,True,True,5.174925579063265,1.2061257843568862,5,5,1,1,0.8708112792809588,0.0,13.0,0.3376628437813161,0.061224489795918366,200.0,48.0,0.02978072867176277,65.0,142.4597883020515,455.61538461538464,226.19360269360268,229.42178192178196,True,True,True,True,True,—,39555.0,12303.0,226.02857142857144,175.0,4.0,5.0,0.3376628437813161,True,14942.0,22567.399999999998,42876.0
158,35638.0,187466.0,151828.0,1.2347261374713492,0.5759493670886076,225.55696202531647,2060.065934065934,-2266.089552238806,21719.0,19973.0,0.21719,10,8,0.8,15.8,4.686149805543993,0.2965917598445565,5,0.08462876704641113,1.6408674432524517,96.29053257758572,2.305364910453457,2012-02-03 12:00:00,2021-05-04 15:45:00,BO,5,,,,,,,4000,3000,,96,82996.0,197406.0,114410.0,1.7254260991172101,0.6875,864.5416666666666,2991.0,-3813.6666666666665,21099.0,18324.0,0.21099,5,4,0.8,19.2,8.328265125462805,0.4337638086178544,6,0.03603788134367921,3.9336461443670316,24.404838787411443,8.965166251090286,True,True,True,,,47.0,48.0,35.0,50.0,10.0,5.0,-1.0,644.0,,,,,,,,,,2.0,0.0,,,,,,,,0.0,5.0,0.0,,,,,,,,,,,,,,,,,,,,3.0,2.0,-120.11111111111111,942.0879629629629,28.0,291.92359773410533,True,True,5.158593841708219,0.0,4,5,1,1,1.0237182531066806,0.3639248535983816,13.0,0.3376628437813161,0.017857142857142856,200.0,55.0,0.0053044563859257175,48.0,210.96875,864.5416666666666,218.87234042553192,645.6693262411347,True,True,True,True,True,—,39555.0,12303.0,226.02857142857144,175.0,4.0,5.0,0.3376628437813161,True,24132.5,37778.7,53833.0
264,141619.0,366470.0,224851.0,1.6298348684239785,0.5681818181818182,536.435606060606,2443.133333333333,-1972.377192982456,16231.0,12036.0,0.16231,10,9,0.9,26.4,4.715930449020639,0.17863372912956965,16,0.035242446281925445,8.725217177006963,30.257126515509928,6.342322364262699,2012-01-10 17:15:00,2021-05-20 18:00:00,TF_U,5,,,,,,,3000,5000,,161,67531.0,341350.0,273819.0,1.2466264211029914,0.43478260869565216,419.4472049689441,4876.428571428572,-3009.0,29222.0,27369.0,0.29222,5,4,0.8,32.2,11.54816002660164,0.35863851014290804,19,0.07390679835927204,2.310964341934159,69.66788585982734,3.6959466292883505,True,True,True,,,,,,,17.0,10.0,4.0,644.0,,,28.0,77.0,114.0,39.0,,,,,0.0,,,,,,,,,,,,,,,,,,,,,,,,,,,,,,3.0,3.0,263.72727272727275,435.27807486631013,44.0,118.54977938659401,True,True,5.158207945938257,0.4698176861166412,5,5,1,1,0.9541669443856907,0.8003657433444954,10.0,0.2826333755051996,0.12418300653594772,200.0,152.0,0.09386631976565267,81.0,87.59520724077186,419.4472049689441,131.3583916083916,288.08881336055254,True,True,True,True,True,—,44448.0,42324.0,272.6871165644172,163.0,4.0,5.0,0.2826333755051996,True,32176.5,49814.2,68811.0
331,89386.0,255562.0,166176.0,1.5378995763527825,0.5800604229607251,270.04833836858006,1331.0520833333333,-1195.5107913669065,15890.0,15065.0,0.1589,10,9,0.9,33.1,8.239538822045807,0.24892866531860444,14,0.03346161591300651,5.625298930144745,58.841317432260084,3.2268807438659843,2012-01-10 10:30:00,2021-06-02 13:15:00,TF_M,5,,,,,,,4000,3000,,164,94419.0,294826.0,200407.0,1.4711362377561663,0.6463414634146342,575.7256097560976,2781.377358490566,-3455.293103448276,22054.0,19967.0,0.22054,5,5,1.0,32.8,9.282241108697834,0.2829951557529828,19,0.03167794617608744,4.281264169765122,38.30644255923066,5.839494019205453,True,True,True,,,47.0,7.0,12.0,39.0,9.0,5.0,4.0,184.0,,,,,,,,,,,0.0,,,,,,,,,,,,,,,,,,,,,,,,,,,,,,3.0,3.0,478.31481481481484,586.1961616462007,49.0,281.7059785954506,True,True,5.157033887078131,0.0,4,5,1,1,0.9945609633131879,0.5983273352989729,10.0,0.48930597114620883,0.017857142857142856,200.0,55.0,0.0053044563859257175,82.0,-31.542662116040955,575.7256097560976,-36.95423023578363,612.6798399918812,True,True,True,True,True,—,43596.0,27207.0,360.297520661157,121.0,2.0,4.0,0.48930597114620883,True,24158.0,37653.45,58828.0
278,87883.0,309868.0,221985.0,1.3958961191071468,0.5683453237410072,316.12589928057554,1961.1898734177216,-1849.875,19586.0,18148.0,0.19586,10,7,0.7,27.8,7.12460525222275,0.2562807644684442,13,0.05110203338529636,4.487031553150209,61.9563283001263,3.402440642057639,2012-01-10 10:30:00,2021-06-02 13:15:00,TF_M,5,,,,,,,3000,4500,,151,109561.0,326216.0,216655.0,1.5056933834898802,0.5033112582781457,725.5695364238411,4292.315789473684,-2888.733333333333,26870.0,24162.0,0.2687,5,3,0.6,30.2,8.423775875461075,0.27893297600864486,18,0.040990863537207586,4.077446966877559,37.032977063005994,6.667277966051289,True,True,True,,,47.0,7.0,12.0,39.0,9.0,5.0,4.0,368.0,,,,,,,,,,,0.0,,,,,,,,,,,,,,,,,,,,,,,,,,,,,,3.0,3.0,342.3207547169811,738.9583675143562,46.0,355.0255066539721,True,True,5.137933342708086,0.14260881063481348,5,5,1,1,0.9801820340551484,0.8406956240482902,10.0,0.48930597114620883,0.034482758620689655,200.0,57.0,0.014317132881312047,76.0,61.1271186440678,725.5695364238411,39.29305135951662,686.2764850643244,True,True,True,True,True,—,43596.0,27207.0,360.297520661157,121.0,2.0,4.0,0.48930597114620883,True,28014.5,44274.7,72342.0
282,94712.0,305839.0,211127.0,1.4486020262685493,0.5638297872340425,335.8581560283688,1923.5157232704403,-1716.479674796748,19724.0,17049.0,0.19724,10,7,0.7,28.2,6.997142273814361,0.24812561254660853,13,0.047417433904890616,4.8018657473129185,58.727172903116816,3.602149695685708,2012-01-10 10:30:00,2021-06-02 13:15:00,TF_M,5,,,,,,,2500,4500,,154,94654.0,302834.0,208180.0,1.4546738399462005,0.44805194805194803,614.6363636363636,4388.898550724638,-2449.176470588235,27705.0,25342.0,0.27705,5,3,0.6,30.8,8.908422980528035,0.28923451235480635,18,0.04744648931899339,3.416495217469771,45.07543262830942,5.562147841511274,True,True,True,,,47.0,7.0,12.0,39.0,9.0,5.0,4.0,368.0,,,,,,,,,,,0.0,,,,,,,,,,,,,,,,,,,,,,,,,,,,,,3.0,3.0,342.85185185185185,618.0477724100912,46.0,300.74524281086525,True,True,5.112694162853398,0.0,4,5,1,1,0.9609919409583761,0.8501545827616608,10.0,0.48930597114620883,0.05172413793103448,200.0,57.0,0.025146211505665518,77.0,91.9,614.6363636363636,102.30403458213256,512.3323290542311,True,True,True,True,True,—,43596.0,27207.0,360.297520661157,121.0,2.0,4.0,0.48930597114620883,True,27021.0,42328.0,70293.0
217,73552.0,320188.0,246636.0,1.298220859890689,0.543778801843318,338.94930875576034,2713.4576271186443,-2491.2727272727275,21449.0,20144.0,0.21449,10,7,0.7,21.7,8.222530024268686,0.37891843429809613,13,0.054464868392429845,3.4291575364818874,63.2808489232108,3.4860577922646243,2012-01-10 10:30:00,2021-06-02 13:15:00,TF_M,5,,,,,,,3000,4000,,153,127383.0,335244.0,207861.0,1.6128278031954046,0.5490196078431373,832.5686274509804,3991.0,-3012.478260869565,25934.0,23216.0,0.25934,5,4,0.8,30.6,8.685620300243386,0.2838438006615485,18,0.03133071131940683,4.9118146063083215,31.149384140740914,7.787331154197564,True,True,True,,,47.0,7.0,12.0,39.0,9.0,5.0,4.0,920.0,,,,,,,,,,,0.0,,,,,,,,,,,,,,,,,,,,,,,,,,,,,,3.0,3.0,692.1764705882352,830.6571471915653,47.0,407.3808008007681,True,True,5.108785083889202,0.0,4,5,1,1,1.0478430487529173,0.8541857172109156,9.0,0.48930597114620883,0.034482758620689655,200.0,57.0,0.014317132881312047,77.0,65.71428571428571,832.5686274509804,68.36959761549926,764.1990298354812,True,True,True,True,True,—,43596.0,27207.0,360.297520661157,121.0,2.0,4.0,0.48930597114620883,True,29298.0,45065.79999999998,67691.0
330,80440.0,255916.0,175476.0,1.4584102669310903,0.5636363636363636,243.75757575757575,1375.8924731182797,-1218.5833333333333,14680.0,11789.0,0.1468,10,8,0.8,33.0,7.9498427657407165,0.24090432623456717,14,0.055830432620586776,5.479564032697548,60.22376926902039,3.0303894747954443,2012-01-10 10:30:00,2021-06-02 13:15:00,TF_M,5,,,,,,,3000,4500,,158,104013.0,310812.0,206799.0,1.5029666487748974,0.5189873417721519,658.3101265822785,3790.390243902439,-2721.0394736842104,26548.0,24162.0,0.26548,5,3,0.6,31.6,9.350935782048769,0.2959156893053408,18,0.043177295145799086,3.9179222540304353,40.32749752434792,6.085804345137011,True,True,True,,,47.0,7.0,12.0,39.0,9.0,5.0,4.0,184.0,,,,,,,,,,,0.0,,,,,,,,,,,,,,,,,,,,,,,,,,,,,,3.0,3.0,305.9074074074074,646.2752201623049,47.0,322.1150758027254,True,True,5.087445805652581,0.0,4,5,1,1,0.9963457135580751,0.7850663067376454,10.0,0.48930597114620883,0.017241379310344827,200.0,57.0,0.005122776913408532,79.0,27.061946902654867,658.3101265822785,63.0199146514936,595.2902119307848,True,True,True,True,True,—,43596.0,27207.0,360.297520661157,121.0,2.0,4.0,0.48930597114620883,True,24849.0,40085.399999999994,78846.0
283,97508.0,294250.0,196742.0,1.4956135446422218,0.6360424028268551,344.5512367491166,1634.7222222222222,-1910.116504854369,22098.0,20898.0,0.22098,10,8,0.8,28.3,8.062877898120497,0.28490734622333913,13,0.025546621815645897,4.41252602045434,64.13559913032778,3.491247865451592,2012-01-10 10:30:00,2021-06-02 13:15:00,TF_M,5,,,,,,,5000,2500,,164,77294.0,292805.0,215511.0,1.3586545466356705,0.7317073170731707,471.3048780487805,2440.0416666666665,-4897.977272727273,27679.0,22770.0,0.27679,5,3,0.6,32.8,9.282241108697834,0.2829951557529828,19,0.03222759851993687,2.7925141804255933,58.72843946490025,4.267073185519033,True,True,True,,,47.0,7.0,12.0,39.0,9.0,5.0,4.0,368.0,,,,,,,,,,,0.0,,,,,,,,,,,,,,,,,,,,,,,,,,,,,,3.0,2.0,-9.0,495.7094903535185,49.0,230.61229105960405,True,True,5.085642992391554,0.18924441232501238,5,5,1,1,1.0721173426854473,0.9829037837188451,9.0,0.48930597114620883,0.03571428571428571,200.0,55.0,0.014827793906240845,82.0,-11.529761904761905,471.3048780487805,-36.640949554896146,507.94582760367666,True,True,True,True,True,—,43596.0,27207.0,360.297520661157,121.0,2.0,4.0,0.48930597114620883,True,28997.0,46004.849999999984,70473.0
284,87754.0,297896.0,210142.0,1.4175938175138716,0.5669014084507042,308.99295774647885,1850.2857142857142,-1708.4715447154472,20829.0,18154.0,0.20829,10,7,0.7,28.4,7.351190379795642,0.25884473168294514,13,0.045650340725209106,4.213068318210188,67.40930327962259,3.2249109450171662,2012-01-10 10:30:00,2021-06-02 13:15:00,TF_M,5,,,,,,,2500,4000,,157,104492.0,301842.0,197350.0,1.5294755510514315,0.49044585987261147,665.5541401273886,3920.025974025974,-2466.875,23434.0,21216.0,0.23434,5,4,0.8,31.4,9.068627239003707,0.28880978468164675,18,0.03819431152624125,4.45899120935393,35.20975768479884,6.548827201608327,True,True,True,,,47.0,7.0,12.0,39.0,9.0,5.0,4.0,368.0,,,,,,,,,,,0.0,,,,,,,,,,,,,,,,,,,,,,,,,,,,,,3.0,3.0,500.25925925925924,655.6372049607866,47.0,325.6596148854118,True,True,5.061020057621127,0.0,4,5,1,1,1.0186441175092424,0.9254171049932648,10.0,0.48930597114620883,0.034482758620689655,200.0,57.0,0.014317132881312047,79.0,26.02958579881657,665.5541401273886,89.72355430183357,575.830585825555,True,True,True,True,True,—,43596.0,27207.0,360.297520661157,121.0,2.0,4.0,0.48930597114620883,True,24645.0,37462.34999999999,53916.0
327,84242.0,256615.0,172373.0,1.4887192309700474,0.5657492354740061,257.62079510703364,1387.1081081081081,-1213.894366197183,14390.0,11065.0,0.1439,10,8,0.8,32.7,7.576938695805847,0.23171066348030112,14,0.09082168039695164,5.854204308547603,55.85729208708245,3.234847964657856,2012-01-10 10:30:00,2021-06-02 13:15:00,TF_M,5,,,,,,,3000,6000,,154,102644.0,316263.0,213619.0,1.4805003300268234,0.474025974025974,666.5194805194806,4332.369863013699,-2637.2716049382716,27706.0,25507.0,0.27706,5,5,1.0,30.8,8.885943956609225,0.2885046739158839,18,0.05836678227660652,3.704757092326572,41.568177389813336,6.031554923698738,True,True,True,,,47.0,7.0,12.0,39.0,9.0,5.0,4.0,184.0,,,,,,,,,,,0.0,,,,,,,,,,,,,,,,,,,,,,,,,,,,,,3.0,3.0,375.2307692307692,661.76551108466,47.0,326.13196170345105,True,True,5.041095624696554,0.0,4,5,1,1,0.991336785039462,0.7657692722307425,10.0,0.48930597114620883,0.017241379310344827,200.0,57.0,0.005122776913408532,77.0,-67.31018518518519,666.5194805194806,19.21969696969697,647.2997835497836,True,True,True,True,True,—,43596.0,27207.0,360.297520661157,121.0,2.0,4.0,0.48930597114620883,True,26928.5,41842.45,72351.0
328,80343.0,253201.0,172858.0,1.4647919101227598,0.551829268292683,244.9481707317073,1398.9005524861877,-1175.904761904762,12057.0,10807.0,0.12057,10,9,0.9,32.8,7.6,0.23170731707317074,14,0.09522920478448652,6.663597909927843,49.222657854449054,3.360144271595659,2012-01-10 10:30:00,2021-06-02 13:15:00,TF_M,5,,,,,,,2500,6000,,155,91570.0,296371.0,204801.0,1.4471169574367313,0.4258064516129032,590.7741935483871,4490.469696969697,-2301.1348314606744,22053.0,19787.0,0.22053,5,4,0.8,31.0,9.011104260855047,0.29068078260822733,18,0.06542535764988533,4.15226953248991,37.328983291471005,5.992265286104776,True,True,True,,,47.0,7.0,12.0,39.0,9.0,5.0,4.0,184.0,,,,,,,,,,,0.0,,,,,,,,,,,,,,,,,,,,,,,,,,,,,,3.0,3.0,342.34615384615387,578.3971728625984,47.0,289.0693405023119,True,True,4.904333236242664,0.0,4,5,1,1,0.9401421026339971,0.5519034656692853,10.0,0.48930597114620883,0.05172413793103448,200.0,57.0,0.025146211505665518,78.0,-1.2121212121212122,590.7741935483871,38.605839416058394,552.1683541323287,True,True,True,True,True,—,43596.0,27207.0,360.297520661157,121.0,2.0,4.0,0.48930597114620883,True,25757.5,41250.1,63647.0
338,124688.0,360662.0,235974.0,1.5283971963012875,0.6272189349112426,368.89940828402365,1701.2358490566037,-1872.8095238095239,17746.0,13551.0,0.17746,10,9,0.9,33.8,6.867313885355759,0.20317496702235974,16,0.040027909662517645,7.026259438746759,48.10525471577056,4.171200584639614,2012-01-10 17:15:00,2021-05-20 18:00:00,TF_U,5,,,,,,,4000,5000,,155,85485.0,376360.0,290875.0,1.2938891276321445,0.5161290322580645,551.516129032258,4704.5,-3878.3333333333335,29837.0,26099.0,0.29837,5,4,0.8,31.0,10.99090533122727,0.3545453332653958,19,0.0612505117856934,2.8650668632905454,54.09995905714453,4.80932354906683,True,True,True,,,,,,,17.0,10.0,4.0,368.0,,,28.0,77.0,114.0,39.0,,,,,0.0,,,,,,,,,,,,,,,,,,,,,,,,,,,,,,3.0,3.0,419.203125,588.1164611678005,42.0,155.8768651939483,True,True,4.886647446913199,1.8155588279531796,5,5,1,1,0.9654509406390289,0.43338161461858515,10.0,0.2826333755051996,0.09032258064516129,200.0,154.0,0.06488395967368904,78.0,35.191128858191234,551.516129032258,-24.046992481203006,575.563121513461,True,True,True,True,True,—,44448.0,42324.0,272.6871165644172,163.0,4.0,5.0,0.2826333755051996,True,35139.0,56245.149999999994,76575.0
203,58518.0,265489.0,206971.0,1.2827352624280697,0.6108374384236454,288.26600985221677,2141.0403225806454,-2619.8860759493673,23667.0,23182.0,0.23667,10,7,0.7,20.3,4.196427051671457,0.20672054441731316,14,0.06803034963600943,2.472556724553175,82.10125089715984,2.8224430388284985,2012-01-12 11:15:00,2021-06-02 13:15:00,BO,5,,,,,,,5000,3000,,124,95754.0,266199.0,170445.0,1.5617882601425679,0.717741935483871,772.2096774193549,2991.0,-4869.857142857143,28286.0,25261.0,0.28286,5,5,1.0,24.8,6.04648658313239,0.24380994286824154,17,0.031236293000814586,3.385208230219897,36.629947573991686,6.915965626641156,True,True,True,,,47.0,7.0,-1.0,38.0,5.0,4.0,-1.0,644.0,,,,,,,,,,0.0,0.0,,,,,,,,0.0,4.0,0.0,,,,,,,,,,,,,,,,,,,,3.0,2.0,-36.027027027027025,754.3841533841534,37.0,260.74651567287214,True,True,4.864374408712402,0.0,4,5,1,1,2.933032546349136,0.5831815440154493,12.0,0.3376628437813161,0.12,200.0,49.0,0.07251790686141052,62.0,254.1578947368421,772.2096774193549,319.5813492063492,452.62832821300566,True,True,True,True,True,—,39555.0,12303.0,226.02857142857144,175.0,4.0,5.0,0.3376628437813161,True,31138.5,50456.65,71457.0
289,85889.0,286958.0,201069.0,1.4271618200717167,0.5813148788927336,297.1937716262976,1708.0833333333333,-1661.7272727272727,20987.0,19947.0,0.20987,10,7,0.7,28.9,7.8797208072367635,0.27265469921234475,13,0.03482401704525609,4.09248582455806,70.61722688586431,3.0900668640845197,2012-01-10 10:30:00,2021-06-02 13:15:00,TF_M,5,,,,,,,2500,3000,,163,76213.0,262228.0,186015.0,1.4097142703545413,0.5398773006134969,467.5644171779141,2979.8636363636365,-2480.2,20066.0,18626.0,0.20066,5,5,1.0,32.6,8.957678270623477,0.2747754070743398,19,0.03924527311613504,3.7981162164855977,42.916011704039995,4.971808626707242,True,True,True,,,47.0,7.0,12.0,39.0,9.0,5.0,4.0,368.0,,,,,,,,,,,0.0,,,,,,,,,,,,,,,,,,,,,,,,,,,,,,3.0,3.0,191.0,469.5794995964488,49.0,228.78206122065038,True,True,4.819357913405554,0.20244556548288795,5,5,1,1,1.0517382825370818,0.9389554922733072,10.0,0.48930597114620883,0.03508771929824561,200.0,56.0,0.014567989772702586,82.0,49.95182922042237,467.5644171779141,20.902088772845953,446.66232840506814,True,True,True,True,True,—,43596.0,27207.0,360.297520661157,121.0,2.0,4.0,0.48930597114620883,True,22753.0,36927.45,55629.0
283,119903.0,347478.0,227575.0,1.5268724596286938,0.2049469964664311,423.6855123674912,5991.0,-1011.4444444444445,16562.0,13117.0,0.16562,10,8,0.8,28.3,17.12921480979207,0.6052726081198612,6,0.049965388689190426,7.239644970414201,39.090314671025745,4.958959693717584,2012-01-13 02:00:00,2021-06-01 09:00:00,TF_M,6,,,,,,,1000,6000,,294,88354.0,329505.0,241151.0,1.3663845474412297,0.1870748299319728,300.5238095238095,5991.0,-1009.0,23408.0,20495.0,0.23408,5,4,0.8,58.8,22.26566864030811,0.3786678340188454,27,0.06780677728229621,3.7745215311004783,77.89066708920932,2.9586942364915174,True,True,True,,,54.0,9.0,52.0,17.0,13.0,5.0,-1.0,0.0,,,,,,,,,,,0.0,,,,,,,,,,,,,,,,,,,,,,,,,,,,,,3.0,3.0,28.037037037037038,333.33985490052277,85.0,147.0480944716059,True,True,4.714800279977558,0.9477227474952062,5,5,1,1,0.9904235641148446,0.8316771922350592,8.0,0.48930597114620883,0.10810810810810811,200.0,36.0,0.0581285993994821,147.0,17.10972850678733,300.5238095238095,25.830699774266364,274.69310974954317,True,True,True,True,True,—,43596.0,27207.0,360.297520661157,121.0,2.0,4.0,0.48930597114620883,True,29765.0,47488.2,86069.0
285,103885.0,291759.0,187874.0,1.552950381638758,0.6280701754385964,364.50877192982455,1629.9385474860335,-1772.3962264150944,20377.0,19177.0,0.20377,10,8,0.8,28.5,7.877182237323192,0.27639235920432254,14,0.02397843769552871,5.098149874858909,55.90263271887183,3.846282828695692,2012-01-10 10:30:00,2021-06-02 13:15:00,TF_M,5,,,,,,,4000,2500,,164,63524.0,274291.0,210767.0,1.3013944308169685,0.676829268292683,387.3414634146341,2471.09009009009,-3976.735849056604,28908.0,25923.0,0.28908,5,3,0.6,32.8,9.282241108697834,0.2829951557529828,19,0.039213525596624894,2.1974539919745397,74.63182419243121,3.431534113719143,True,True,True,,,47.0,7.0,12.0,39.0,9.0,5.0,4.0,368.0,,,,,,,,,,,0.0,,,,,,,,,,,,,,,,,,,,,,,,,,,,,,3.0,3.0,40.18032786885246,421.9185119099249,49.0,189.52849092129128,True,True,4.713850620418805,0.18924441232501238,5,5,1,1,1.016982789042184,0.777461988000446,10.0,0.48930597114620883,0.05263157894736842,200.0,56.0,0.025588665944356152,82.0,52.06837606837607,387.3414634146341,5.80225988700565,381.53920352762844,True,True,True,True,True,—,43596.0,27207.0,360.297520661157,121.0,2.0,4.0,0.48930597114620883,True,26402.5,41554.29999999998,64549.0
288,88193.0,281474.0,193281.0,1.4562942037758497,0.6041666666666666,306.22569444444446,1617.6666666666667,-1695.4473684210527,23793.0,22753.0,0.23793,10,7,0.7,28.8,7.909487973314076,0.2746349990734054,14,0.028244872041998798,3.7066784348337745,77.69759504722597,2.9903386944097314,2012-01-10 10:30:00,2021-06-02 13:15:00,TF_M,5,,,,,,,3000,2500,,164,65784.0,251872.0,186088.0,1.353510167232707,0.6219512195121951,401.1219512195122,2469.3333333333335,-3001.4193548387098,20418.0,19608.0,0.20418,5,4,0.8,32.8,9.282241108697834,0.2829951557529828,19,0.03786635048035997,3.221863062004114,50.9022254651587,4.22837195947995,True,True,True,,,47.0,7.0,12.0,39.0,9.0,5.0,4.0,368.0,,,,,,,,,,,0.0,,,,,,,,,,,,,,,,,,,,,,,,,,,,,,3.0,3.0,143.96296296296296,423.27459532689824,49.0,196.2713658895256,True,True,4.688884934975592,0.36715083365156925,5,5,1,1,1.080372737027636,0.9494693758037972,10.0,0.48930597114620883,0.03508771929824561,200.0,56.0,0.014567989772702586,82.0,30.670485941817,401.1219512195122,14.688741721854305,386.4332094976579,True,True,True,True,True,—,43596.0,27207.0,360.297520661157,121.0,2.0,4.0,0.48930597114620883,True,23642.5,37230.1,54915.0
183,56818.0,255136.0,198318.0,1.2864994604624895,0.4972677595628415,310.4808743169399,2803.6923076923076,-2155.6304347826085,27539.0,23234.0,0.27539,10,7,0.7,18.3,5.0408332644514235,0.2754553696421543,12,0.07904185293392939,2.063183122117724,88.6978950332641,2.8181501235116406,2012-01-12 11:15:00,2021-06-02 13:15:00,BO,5,,,,,,,2500,4500,,123,48393.0,229041.0,180648.0,1.2678856117975288,0.4146341463414634,393.4390243902439,4491.0,-2509.0,22959.0,19144.0,0.22959,5,4,0.8,24.6,5.817215828899594,0.23647218816665017,17,0.09280267807327507,2.1078008624068993,58.35465873163474,3.9111484945582453,True,True,True,,,47.0,7.0,-1.0,38.0,5.0,4.0,-1.0,920.0,,,,,,,,,,0.0,0.0,,,,,,,,0.0,4.0,0.0,,,,,,,,,,,,,,,,,,,,3.0,2.0,-29.833333333333332,425.72222222222223,35.0,132.84973983015635,True,True,4.628029478176612,1.4481013224958155,5,5,1,1,2.595905674362334,0.23073000892426387,12.0,0.3376628437813161,0.18,200.0,49.0,0.1204153711305224,62.0,144.2258064516129,393.4390243902439,216.90447154471545,176.53455284552845,True,True,True,True,True,—,39555.0,12303.0,226.02857142857144,175.0,4.0,5.0,0.3376628437813161,True,31354.0,49678.09999999999,76004.0
334,94069.0,248607.0,154538.0,1.608711126066081,0.5898203592814372,281.6437125748503,1261.9644670050761,-1128.014598540146,12503.0,11014.0,0.12503,10,9,0.9,33.4,8.284926070883193,0.2480516787689579,14,0.0264805621405564,7.523714308565944,44.39296686474821,3.793991028134924,2012-01-10 10:30:00,2021-06-02 13:15:00,TF_M,5,,,,,,,3000,2500,,165,50925.0,233553.0,182628.0,1.2788455220448125,0.593939393939394,308.6363636363636,2383.1938775510203,-2725.791044776119,22391.0,20436.0,0.22391,5,4,0.8,33.0,9.695359714832659,0.2937987792373533,19,0.04891507118311242,2.2743513018623553,72.54815905743742,3.106802909180368,True,True,True,,,47.0,7.0,12.0,39.0,9.0,5.0,4.0,184.0,,,,,,,,,,,0.0,,,,,,,,,,,,,,,,,,,,,,,,,,,,,,3.0,3.0,75.35185185185185,316.20528043953544,49.0,151.01761564012534,True,True,4.61134268454812,0.0,4,5,1,1,0.8911556421506621,0.5190731234680106,10.0,0.48930597114620883,0.08771929824561403,200.0,56.0,0.05029107543334196,83.0,30.224570045804164,308.6363636363636,21.529715762273902,287.10664787408973,True,True,True,True,True,—,43596.0,27207.0,360.297520661157,121.0,2.0,4.0,0.48930597114620883,True,21876.5,34814.35,48233.0
305,105495.0,283426.0,177931.0,1.5928983707167386,0.23278688524590163,345.88524590163934,3991.9154929577467,-760.3888888888889,17454.0,15939.0,0.17454,10,8,0.8,30.5,10.947602477255009,0.3589377861395085,12,0.03844731977818854,6.044173255414232,50.46182283520546,3.9435550340587664,2012-01-13 02:00:00,2021-06-01 08:45:00,TF_M,5,,,,,,,750,4000,,219,57029.0,187577.0,130548.0,1.4368431534761161,0.2146118721461187,260.4063926940639,3991.0,-759.0,19130.0,16673.0,0.1913,5,5,1.0,43.8,20.063897926375127,0.45807986133276546,17,0.06998193901348437,2.9811291165708313,73.46209823072472,2.83594308805726,True,True,True,,,54.0,9.0,-48.0,17.0,13.0,5.0,-1.0,0.0,,,,,,,,,,,0.0,,,,,,,,,,,,,,,,,,,,,,,,,,,,,,3.0,3.0,51.97560975609756,308.2002032520325,57.0,127.41840286984997,True,True,4.610494901455926,0.9943923012442787,5,5,1,1,0.9750032279733232,0.3005392863780307,8.0,0.48930597114620883,0.20408163265306123,200.0,48.0,0.13991184462264716,110.0,106.70603843947217,260.4063926940639,126.36008230452676,134.04631038953715,True,True,True,True,True,—,43596.0,27207.0,360.297520661157,121.0,2.0,4.0,0.48930597114620883,True,18975.0,28571.4,43684.0
331,80551.0,258427.0,177876.0,1.4528491758303537,0.5498489425981873,243.35649546827796,1419.9285714285713,-1193.7986577181207,12057.0,10807.0,0.12057,10,9,0.9,33.1,7.968061244744545,0.24072692582309804,14,0.06196074536628968,6.680849299162312,49.54459907387866,3.3383100259971865,2012-01-10 10:30:00,2021-06-02 13:15:00,TF_M,5,,,,,,,2500,5000,,156,84016.0,283965.0,199949.0,1.4201871477226693,0.44871794871794873,538.5641025641025,4056.6428571428573,-2324.9883720930234,29742.0,27787.0,0.29742,5,4,0.8,31.2,9.10823802938856,0.29193070607014615,18,0.0594053513616454,2.8248268441933964,55.22462388116549,4.703873919732686,True,True,True,,,47.0,7.0,12.0,39.0,9.0,5.0,4.0,184.0,,,,,,,,,,,0.0,,,,,,,,,,,,,,,,,,,,,,,,,,,,,,3.0,3.0,309.1914893617021,524.3740274512053,47.0,263.5226312296146,True,True,4.57849464157754,0.0,4,5,1,1,0.9371124462672371,0.5454074527524249,10.0,0.48930597114620883,0.05172413793103448,200.0,57.0,0.025146211505665518,78.0,27.8006993006993,538.5641025641025,74.42067988668555,464.143422677417,True,True,True,True,True,—,43596.0,27207.0,360.297520661157,121.0,2.0,4.0,0.48930597114620883,True,25801.5,40730.24999999999,63816.0
262,64192.0,179846.0,115654.0,1.5550348453144724,0.13740458015267176,245.00763358778627,4995.722222222223,-511.7433628318584,16087.0,14781.0,0.16087,10,7,0.7,26.2,9.249864863877743,0.35304827724724214,9,0.08039942671984047,3.9903027289115434,65.65917871385842,2.9096814106707556,2012-01-10 17:15:00,2021-05-20 10:30:00,TF_U,5,,,,,,,500,5000,,179,46384.0,124775.0,78391.0,1.5917005778724598,0.13966480446927373,259.12849162011173,4991.0,-509.03246753246754,20588.0,17820.0,0.20588,5,4,0.8,35.8,11.338430226446693,0.31671592811303617,19,0.10760175922731977,2.2529628910044686,79.45093135563988,2.7202664291104606,True,True,True,,,,,,,17.0,10.0,4.0,0.0,,,28.0,77.0,114.0,39.0,,,,,0.0,,,,,,,,,,,,,,,,,,,,,,,,,,,,,,3.0,3.0,191.0,256.67632850241546,55.0,73.23836027616301,True,True,4.564450552552429,1.4834523938568502,5,5,1,1,1.1965048944006025,0.7556490593650617,8.0,0.2826333755051996,0.15789473684210525,200.0,151.0,0.12357198062656467,90.0,41.0,259.12849162011173,19.18421052631579,239.94428109379595,True,True,True,True,True,—,44448.0,42324.0,272.6871165644172,163.0,4.0,5.0,0.2826333755051996,True,17306.0,26774.249999999993,40392.0
228,99988.0,333795.0,233807.0,1.4276518667105775,0.5043859649122807,438.5438596491228,2902.5652173913045,-2069.0884955752213,29129.0,28089.0,0.29129,10,6,0.6,22.8,6.273754856543249,0.2751646866904934,11,0.07651918230187622,3.4325929486079163,66.4220906508781,3.8703799519611835,2012-01-10 10:30:00,2021-06-02 13:15:00,TF_M,5,,,,,,,3000,6000,,143,81678.0,339303.0,257625.0,1.317042212518195,0.40559440559440557,571.1748251748252,5850.051724137931,-3030.8823529411766,29361.0,27162.0,0.29361,5,4,0.8,28.6,8.260750571225353,0.288837432560327,18,0.07334900462792919,2.781853479104935,51.404576507749944,5.020962648099042,True,True,True,,,47.0,7.0,12.0,39.0,9.0,5.0,4.0,644.0,,,,,,,,,,,0.0,,,,,,,,,,,,,,,,,,,,,,,,,,,,,,3.0,3.0,307.47058823529414,586.8342872032534,43.0,279.47925252643387,True,True,4.513192863819372,0.0,4,5,1,1,1.126594053019645,0.861196463484218,10.0,0.48930597114620883,0.034482758620689655,200.0,57.0,0.014317132881312047,72.0,-78.76744186046511,571.1748251748252,-127.45034246575342,698.6251676405786,True,True,True,True,True,—,43596.0,27207.0,360.297520661157,121.0,2.0,4.0,0.48930597114620883,True,35982.5,58877.64999999999,96855.0
280,96310.0,239920.0,143610.0,1.67063574959961,0.6428571428571429,343.9642857142857,1332.888888888889,-1436.1,15231.0,13400.0,0.15231,10,8,0.8,28.0,5.60357029044876,0.20012751037316998,13,0.020672827328418648,6.3232880309894295,44.2807600456858,4.198097271452175,2012-01-10 13:15:00,2021-06-02 13:15:00,BO,5,,,,,,,5000,2000,,129,55229.0,197390.0,142161.0,1.3884961416984967,0.7751937984496124,428.13178294573646,1973.9,-4902.103448275862,18964.0,16495.0,0.18964,5,4,0.8,25.8,6.734983296193095,0.2610458641935308,15,0.036049901319958715,2.91230753005695,44.29477267377646,4.682910426825197,True,True,True,,,47.0,7.0,-34.0,28.0,13.0,6.0,-1.0,368.0,,,,,,,,,,0.0,0.0,,,,,,,,0.0,5.0,0.0,,,,,,,,,,,,,,,,,,,,3.0,2.0,-109.0,409.4427609427609,40.0,144.56419534262255,True,True,4.493713874846767,0.0,4,5,1,1,0.8799546382997501,0.4579312680222409,11.0,0.3376628437813161,0.13636363636363635,200.0,43.0,0.08257143512779117,65.0,147.31399317406144,428.13178294573646,202.4629258517034,225.66885709403306,True,True,True,True,True,—,39555.0,12303.0,226.02857142857144,175.0,4.0,5.0,0.3376628437813161,True,23693.0,37651.24999999998,52787.0
339,141244.0,359010.0,217766.0,1.6486044653435339,0.6194690265486725,416.64896755162243,1709.5714285714287,-1688.108527131783,14746.0,11899.0,0.14746,10,9,0.9,33.9,6.847627326307997,0.20199490638076686,16,0.035336014273172664,9.57846195578462,35.39190337288664,5.168167133498149,2012-01-10 17:15:00,2021-05-20 18:00:00,TF_U,5,,,,,,,3000,5000,,164,60819.0,338266.0,277447.0,1.2192094345947153,0.4329268292682927,370.8475609756098,4764.30985915493,-2983.3010752688174,29222.0,27369.0,0.29222,5,4,0.8,32.8,11.443775600735973,0.3488955975834139,19,0.08206317104852102,2.081274382314694,78.79787566385504,3.2677123049826804,True,True,True,,,,,,,17.0,10.0,4.0,368.0,,,28.0,77.0,114.0,39.0,,,,,0.0,,,,,,,,,,,,,,,,,,,,,,,,,,,,,,3.0,3.0,263.72727272727275,384.43696158913554,46.0,104.81389795640693,True,True,4.4858290407304064,0.5100243713859358,5,5,1,1,0.9262759014140518,0.43143947977211294,10.0,0.2826333755051996,0.1437908496732026,200.0,152.0,0.11112080256470673,82.0,74.64951406649617,370.8475609756098,131.40308747855917,239.4444734970506,True,True,True,True,True,—,44448.0,42324.0,272.6871165644172,163.0,4.0,5.0,0.2826333755051996,True,31093.0,47921.14999999999,69527.0
212,68362.0,224414.0,156052.0,1.4380719247430345,0.6556603773584906,322.4622641509434,1614.4892086330935,-2137.698630136986,20916.0,20458.0,0.20916,10,7,0.7,21.2,4.354308211415448,0.20539189676487965,14,0.029124367338579912,3.2684069611780453,64.86340364530002,3.35848132034878,2012-01-12 11:15:00,2021-06-02 13:15:00,BO,5,,,,,,,4000,2000,,128,60718.0,189145.0,128427.0,1.4727822031192819,0.7421875,474.359375,1991.0,-3891.7272727272725,15973.0,12270.0,0.15973,5,4,0.8,25.6,6.343500610861482,0.24779299261177662,18,0.032790935142791265,3.8012896763288047,33.67278237096084,5.653502610211869,True,True,True,,,47.0,7.0,-1.0,38.0,5.0,4.0,-1.0,644.0,,,,,,,,,,0.0,0.0,,,,,,,,0.0,4.0,0.0,,,,,,,,,,,,,,,,,,,,3.0,2.0,-9.0,472.6666666666667,39.0,160.17353553682776,True,True,4.4074629036053,0.0,4,5,1,1,2.092681813043969,0.6730432288085683,13.0,0.3376628437813161,0.08163265306122448,200.0,48.0,0.04378294043924412,64.0,129.59892070288112,474.359375,169.75,304.609375,True,True,True,True,True,—,39555.0,12303.0,226.02857142857144,175.0,4.0,5.0,0.3376628437813161,True,23457.5,38144.79999999999,66713.0
276,51021.0,203644.0,152623.0,1.3342943068869044,0.5760869565217391,184.8586956521739,1280.7798742138364,-1304.4700854700855,21901.0,18207.0,0.21901,10,8,0.8,27.6,6.2,0.2246376811594203,13,0.11781423335489308,2.3296196520706816,118.47427529840654,1.881530516138215,2012-01-12 11:15:00,2021-06-01 20:00:00,BO,5,,,,,,,4000,6000,,124,101054.0,292358.0,191304.0,1.528237778614143,0.5080645161290323,814.9516129032259,4640.603174603175,-3136.1311475409834,27270.0,23207.0,0.2727,5,5,1.0,24.8,5.6000000000000005,0.22580645161290325,18,0.059285134680467866,3.7056839017235057,33.46210936726898,7.433487394815122,True,True,True,,,47.0,7.0,-1.0,38.0,5.0,4.0,-1.0,184.0,,,,,,,,,,0.0,0.0,,,,,,,,0.0,4.0,0.0,,,,,,,,,,,,,,,,,,,,3.0,3.0,360.8611111111111,795.9814814814814,36.0,275.17887915707354,True,True,4.362310695166164,1.0683170757617129,5,5,1,1,1.6576402569371789,0.20078249100927,13.0,0.3376628437813161,0.06,200.0,49.0,0.02918310538453408,62.0,156.61475409836066,814.9516129032259,238.73522975929978,576.2163831439261,True,True,True,True,True,—,39555.0,12303.0,226.02857142857144,175.0,4.0,5.0,0.3376628437813161,True,29480.5,45788.649999999994,63836.0
276,65001.0,213615.0,148614.0,1.4373814041745732,0.5797101449275363,235.5108695652174,1335.09375,-1281.155172413793,16352.0,13862.0,0.16352,10,8,0.8,27.6,6.2,0.2246376811594203,13,0.07678343410101383,3.9751100782778863,69.4320395070845,2.7741431746024747,2012-01-12 11:15:00,2021-06-01 20:00:00,BO,5,,,,,,,4000,5000,,124,69104.0,257504.0,188400.0,1.3667940552016986,0.5161290322580645,557.2903225806451,4023.5,-3140.0,20776.0,18432.0,0.20776,5,5,1.0,24.8,5.6000000000000005,0.22580645161290325,18,0.07222447325769854,3.326145552560647,37.28038897893031,5.823765614838249,True,True,True,,,47.0,7.0,-1.0,38.0,5.0,4.0,-1.0,184.0,,,,,,,,,,0.0,0.0,,,,,,,,0.0,4.0,0.0,,,,,,,,,,,,,,,,,,,,3.0,3.0,441.8333333333333,558.4861111111111,36.0,188.17623513438764,True,True,4.361723355255004,1.0683170757617129,5,5,1,1,1.2845775076159018,0.3063047218522069,13.0,0.3376628437813161,0.12,200.0,49.0,0.07251790686141052,62.0,110.17647058823529,557.2903225806451,169.41995841995842,387.8703641606867,True,True,True,True,True,—,39555.0,12303.0,226.02857142857144,175.0,4.0,5.0,0.3376628437813161,True,28536.5,45543.3,69486.0
273,76553.0,277970.0,201417.0,1.3800721885441647,0.5860805860805861,280.4139194139194,1737.3125,-1782.4513274336284,14404.0,13626.0,0.14404,10,8,0.8,27.3,6.870953354520753,0.2516832730593683,11,0.03952817002599506,5.314704248819773,51.366922263007325,3.5193411376133326,2012-01-10 10:30:00,2021-06-02 13:15:00,TF_M,5,,,,,,,4000,3000,,158,92523.0,306438.0,213915.0,1.4325222635158825,0.6518987341772152,585.5886075949367,2975.126213592233,-3889.3636363636365,27128.0,26153.0,0.27128,5,5,1.0,31.6,11.11035552986492,0.35159352942610506,17,0.032327097046139876,3.410608964907107,46.3260378500481,5.355340454236003,True,True,True,,,47.0,1.0,12.0,21.0,18.0,17.0,-1.0,368.0,,,,,,,,,,,0.0,,,,,,,,,,,,,,,,,,,,,,,,,,,,,,3.0,3.0,205.57627118644066,599.319927420364,46.0,286.53200233139665,True,True,4.220712539357153,0.0,4,5,1,1,3.2040043708850363,0.6309278923160538,10.0,0.48930597114620883,0.03125,200.0,63.0,0.012976425064127627,79.0,108.28483606557377,585.5886075949367,106.37106918238993,479.21753841254673,True,True,True,True,True,—,43596.0,27207.0,360.297520661157,121.0,2.0,4.0,0.48930597114620883,True,27984.5,43457.9,66620.0
271,131461.0,350942.0,219481.0,1.5989630081874968,0.5424354243542435,485.0959409594096,2387.360544217687,-1770.008064516129,16409.0,15597.0,0.16409,10,7,0.7,27.1,4.369210454990696,0.1612254780439371,17,0.03796563239287697,8.011518069352185,33.82629829379056,5.704136870499066,2012-01-10 17:15:00,2021-05-20 18:00:00,TF_U,5,,,,,,,2250,5000,,167,56462.0,295916.0,239454.0,1.2357947664269546,0.3652694610778443,338.09580838323353,4851.081967213115,-2259.0,25577.0,22957.0,0.25577,5,4,0.8,33.4,11.128342194594845,0.33318389804176185,19,0.08839573518472602,2.207530202916683,75.6501540859339,3.184331987450102,True,True,True,,,,,,,17.0,10.0,4.0,644.0,,,28.0,77.0,114.0,39.0,,,,,0.0,,,,,,,,,,,,,,,,,,,,,,,,,,,,,,3.0,3.0,15.591836734693878,322.57255937200745,49.0,95.55715956751246,True,True,4.195671163418711,0.6326200582425189,5,5,1,1,0.9393140132554122,0.6912221820120077,10.0,0.2826333755051996,0.12418300653594772,200.0,152.0,0.09386631976565267,84.0,71.23833561392384,338.09580838323353,26.772292993630572,311.32351538960296,True,True,True,True,True,—,44448.0,42324.0,272.6871165644172,163.0,4.0,5.0,0.2826333755051996,True,29082.5,45728.0,72869.0
228,69578.0,309884.0,240306.0,1.289539170890448,0.3026315789473684,305.1666666666667,4491.072463768116,-1511.3584905660377,28955.0,24790.0,0.28955,10,7,0.7,22.8,10.293687385966217,0.45147751692834287,7,0.06461812641927046,2.4029701260576757,94.88257782632441,2.701336358270964,2012-01-13 02:00:00,2021-06-01 16:30:00,TF_M,5,,,,,,,1500,4500,,203,101673.0,305388.0,203715.0,1.4990943229511817,0.33497536945812806,500.85221674876846,4491.0,-1509.0,20369.0,18108.0,0.20369,5,4,0.8,40.6,18.11739495622922,0.4462412550795374,17,0.044171018854563156,4.991555795571702,40.66868293450572,5.286011466338162,True,True,True,,,54.0,9.0,-48.0,17.0,13.0,5.0,-1.0,0.0,,,,,,,,,,,0.0,,,,,,,,,,,,,,,,,,,,,,,,,,,,,,3.0,3.0,161.8860759493671,585.1845428113622,53.0,245.06998031698762,True,True,4.115445721518733,0.0,4,5,1,1,0.8387820737606131,0.0271969912963623,7.0,0.48930597114620883,0.11764705882352941,200.0,50.0,0.07107575584430217,102.0,143.69717888884088,500.85221674876846,152.57627118644066,348.2759455623278,True,True,True,True,True,—,43596.0,27207.0,360.297520661157,121.0,2.0,4.0,0.48930597114620883,True,27565.0,43802.399999999994,66756.0
276,55131.0,202371.0,147240.0,1.3744295028524858,0.5833333333333334,199.75,1256.9627329192547,-1280.3478260869565,15099.0,11499.0,0.15099,10,8,0.8,27.6,6.2,0.2246376811594203,13,0.0723912136547496,3.6513014106894497,75.58948685857321,2.4485898792761405,2012-01-12 11:15:00,2021-06-01 20:00:00,BO,5,,,,,,,4000,4000,,124,75524.0,245109.0,169585.0,1.4453459916855853,0.5564516129032258,609.0645161290323,3552.304347826087,-3083.3636363636365,19051.0,16054.0,0.19051,5,5,1.0,24.8,5.6000000000000005,0.22580645161290325,18,0.05284412901859012,3.9643063356254267,31.27911657221545,6.64672582356272,True,True,True,,,47.0,7.0,-1.0,38.0,5.0,4.0,-1.0,184.0,,,,,,,,,,0.0,0.0,,,,,,,,0.0,4.0,0.0,,,,,,,,,,,,,,,,,,,,3.0,3.0,280.4791666666667,625.6782407407408,36.0,205.65845656242033,True,True,4.111633570827934,1.0683170757617129,5,5,1,1,1.276334315087125,0.3180450254732511,13.0,0.3376628437813161,0.06,200.0,49.0,0.02918310538453408,62.0,144.97435897435898,609.0645161290323,217.3905325443787,391.6739835846536,True,True,True,True,True,—,39555.0,12303.0,226.02857142857144,175.0,4.0,5.0,0.3376628437813161,True,26405.5,40714.64999999999,60705.0
247,77427.0,327262.0,249835.0,1.3099125422779034,0.3319838056680162,313.46963562753035,3991.0,-1514.1515151515152,27809.0,25315.0,0.27809,10,7,0.7,24.7,10.392785959500946,0.4207605651619816,7,0.051545326565668306,2.784242511417167,88.71353662159196,2.8314320761501683,2012-01-13 02:00:00,2021-06-01 16:30:00,TF_M,5,,,,,,,1500,4000,,204,82664.0,283361.0,200697.0,1.4118845822309252,0.3480392156862745,405.2156862745098,3991.0,-1509.0,20369.0,18108.0,0.20369,5,5,1.0,40.8,18.301912468373352,0.44857628598954297,17,0.04827978321881351,4.058323923609406,50.26705700183877,4.2766602449951385,True,True,True,,,54.0,9.0,-48.0,17.0,13.0,5.0,-1.0,0.0,,,,,,,,,,,0.0,,,,,,,,,,,,,,,,,,,,,,,,,,,,,,3.0,3.0,101.90277777777777,484.30068709143825,53.0,198.2744548962265,True,True,4.080985634837637,1.2131182153510682,5,5,1,1,0.770284405485687,0.0,7.0,0.48930597114620883,0.11764705882352941,200.0,50.0,0.07107575584430217,102.0,105.43560338743825,405.2156862745098,127.36563876651982,277.85004750799,True,True,True,True,True,—,43596.0,27207.0,360.297520661157,121.0,2.0,4.0,0.48930597114620883,True,27459.0,42607.049999999996,68217.0
282,78317.0,230225.0,151908.0,1.515555467783132,0.6205673758865248,277.71985815602835,1315.5714285714287,-1419.7009345794393,16459.0,15012.0,0.16459,10,8,0.8,28.2,5.455272678794342,0.19344938577284904,14,0.02542232210120408,4.758308524211677,59.26475733237994,3.26068290686418,2012-01-10 13:15:00,2021-06-02 13:15:00,BO,5,,,,,,,3000,2000,,131,45211.0,173498.0,128287.0,1.3524207441128095,0.6717557251908397,345.12213740458014,1971.5681818181818,-2983.4186046511627,16787.0,14072.0,0.16787,5,3,0.6,26.2,7.166589146867567,0.27353393690334227,15,0.04403795536484484,2.6932149877881693,48.640751144632944,4.012265161993132,True,True,True,,,47.0,7.0,-34.0,28.0,13.0,6.0,-1.0,368.0,,,,,,,,,,0.0,0.0,,,,,,,,0.0,5.0,0.0,,,,,,,,,,,,,,,,,,,,3.0,2.0,-82.17073170731707,331.88314213181656,41.0,116.53492236791666,True,True,4.053385877718529,0.0,4,5,1,1,0.9609564351386393,0.5437519897656317,12.0,0.3376628437813161,0.06818181818181818,200.0,43.0,0.03317793511574529,66.0,124.33333333333333,345.12213740458014,195.33526011560693,149.78687728897322,True,True,True,True,True,—,39555.0,12303.0,226.02857142857144,175.0,4.0,5.0,0.3376628437813161,True,19331.5,31025.749999999996,42104.0
369,103399.0,265848.0,162449.0,1.6365013019470727,0.14363143631436315,280.2140921409214,5016.0,-514.0791139240506,19499.0,18749.0,0.19499,10,8,0.8,36.9,22.353746889503782,0.6057925986315388,8,0.06108376289906092,5.302784758192728,69.58607916904418,3.022645096011157,2012-01-10 17:15:00,2021-05-25 17:45:00,TF_U,5,,,,,,,500,5000,,347,65372.0,219604.0,154232.0,1.4238549717308988,0.12680115273775217,188.39193083573488,4991.0,-509.016501650165,21187.0,18522.0,0.21187,5,5,1.0,69.4,23.83778513201258,0.3434839356197778,34,0.07634767178608579,3.085476943408694,112.46235391299027,1.949534470913125,True,True,True,,,,,,,17.0,7.0,-1.0,0.0,,,31.0,52.0,52.0,15.0,,,,,0.0,,,,,,,,,,,,,,,,,,,,,,,,,,,,,,3.0,3.0,21.70175438596491,192.41363106147534,109.0,53.245847330045855,True,True,4.034641722916925,0.9759401141892128,5,5,1,1,0.9743762795782576,0.7190945045889923,8.0,0.2826333755051996,0.1565217391304348,200.0,114.0,0.11782329943213254,174.0,81.24939446431651,188.39193083573488,52.26832018038331,136.12361065535157,True,True,True,True,True,—,44448.0,42324.0,272.6871165644172,163.0,4.0,5.0,0.2826333755051996,True,21246.5,33283.0,45736.0
270,76335.0,288613.0,212278.0,1.3595992048163257,0.5666666666666667,282.72222222222223,1886.359477124183,-1814.3418803418804,20256.0,16036.0,0.20256,10,8,0.8,27.0,6.782329983125268,0.25119740678241737,11,0.05300320953690967,3.7685130331753554,71.64629593240322,2.9921713225280024,2012-01-10 10:30:00,2021-06-02 13:15:00,TF_M,5,,,,,,,4000,4000,,153,82853.0,334832.0,251979.0,1.3288091467939789,0.5686274509803921,541.5228758169935,3848.6436781609195,-3817.8636363636365,28850.0,24090.0,0.2885,5,4,0.8,30.6,10.669582934679312,0.34867918087187294,16,0.048169649861803436,2.871854419410745,53.27568102543058,4.8022775132602575,True,True,True,,,47.0,1.0,12.0,21.0,18.0,17.0,-1.0,368.0,,,,,,,,,,,0.0,,,,,,,,,,,,,,,,,,,,,,,,,,,,,,3.0,3.0,365.12280701754383,550.1627305443095,44.0,264.9703766495219,True,True,4.0107022898413405,0.0,4,5,1,1,3.084484128827004,0.6357208534713263,10.0,0.48930597114620883,0.1076923076923077,200.0,64.0,0.06750029907170602,77.0,108.86131929189818,541.5228758169935,185.70013947001394,355.8227363469796,True,True,True,True,True,—,43596.0,27207.0,360.297520661157,121.0,2.0,4.0,0.48930597114620883,True,33961.0,52227.34999999996,82045.0
306,39911.0,120670.0,80759.0,1.4941987889894626,0.5718954248366013,130.4281045751634,689.5428571428571,-616.4809160305343,11682.0,9024.0,0.11682,10,7,0.7,30.6,7.722693830523129,0.2523756153765728,14,0.09974693693467966,3.416452662215374,89.5665856530781,1.817673755640145,2012-01-12 11:15:00,2021-05-31 05:00:00,BO,5,,,,,,,4000,3000,,130,65550.0,171226.0,105676.0,1.6202922139369393,0.6230769230769231,504.2307692307692,2113.901234567901,-2156.6530612244896,17960.0,16534.0,0.1796,5,5,1.0,26.0,6.260990336999411,0.24080732065382351,18,0.04562929061784897,3.6497772828507795,35.6186117467582,5.667343448039196,True,True,True,,,47.0,7.0,-1.0,38.0,5.0,4.0,-1.0,48.0,,,,,,,,,,0.0,0.0,,,,,,,,0.0,4.0,0.0,,,,,,,,,,,,,,,,,,,,3.0,2.0,-80.15384615384616,477.9906680620966,39.0,170.2599954605021,True,True,3.9978526965127785,0.0,4,5,1,1,1.5451624189814308,0.0,13.0,0.3376628437813161,0.08163265306122448,200.0,48.0,0.04378294043924412,65.0,84.51804802770249,504.2307692307692,189.37339743589743,314.8573717948718,True,True,True,True,True,—,39555.0,12303.0,226.02857142857144,175.0,4.0,5.0,0.3376628437813161,True,16663.5,26395.999999999993,38613.0
356,61186.0,210676.0,149490.0,1.4092982808214596,0.550561797752809,171.87078651685394,1074.8775510204082,-934.3125,19398.0,17223.0,0.19398,10,6,0.6,35.6,9.54148835350125,0.26801933577250703,15,0.04071192756512928,3.15424270543355,112.86385774523583,1.858775508722778,2012-01-10 13:15:00,2021-06-02 13:15:00,BO,5,,,,,,,2500,2500,,130,58560.0,185829.0,127269.0,1.4601277608844259,0.6076923076923076,450.46153846153845,2352.26582278481,-2495.470588235294,12787.0,10072.0,0.12787,5,5,1.0,26.0,6.957010852370434,0.2675773404757859,15,0.04253756830601093,4.579651208258388,28.3864412568306,6.000352132341048,True,True,True,,,47.0,7.0,-34.0,28.0,13.0,6.0,-1.0,184.0,,,,,,,,,,0.0,0.0,,,,,,,,0.0,5.0,0.0,,,,,,,,,,,,,,,,,,,,3.0,3.0,48.75,432.596837944664,40.0,152.10412409102977,True,True,3.9954708008901934,0.0,4,5,1,1,1.0532289719127135,0.7824628529254894,12.0,0.3376628437813161,0.11363636363636363,200.0,43.0,0.06533832563294177,65.0,106.04504504504504,450.46153846153845,213.48554913294797,236.9759893285905,True,True,True,True,True,—,39555.0,12303.0,226.02857142857144,175.0,4.0,5.0,0.3376628437813161,True,18133.5,28348.599999999984,40421.0
247,67252.0,166353.0,99101.0,1.678620801000999,0.2145748987854251,272.27530364372467,3138.735849056604,-510.8298969072165,22291.0,12938.0,0.22291,10,8,0.8,24.7,6.634003316248795,0.26858313021250185,9,0.18506512817462678,3.0170023776412003,81.86934217569738,2.7469251761526436,2012-01-10 13:15:00,2021-06-02 13:15:00,BO,5,,,,,,,500,0,,116,60796.0,115259.0,54463.0,2.1162807777757378,0.07758620689655173,524.1034482758621,12806.555555555555,-509.0,27174.0,13234.0,0.27174,5,4,0.8,23.2,5.1536394906900505,0.22213963321939872,15,0.32972563984472664,2.2372856406859496,51.84854266728074,4.788986207282266,True,True,True,,,47.0,7.0,-34.0,28.0,13.0,6.0,-1.0,920.0,,,,,,,,,,0.0,0.0,,,,,,,,0.0,5.0,0.0,,,,,,,,,,,,,,,,,,,,3.0,3.0,133.5,511.0833333333333,36.0,176.9702607804215,True,True,3.985989744639803,1.5672561738425879,5,5,1,1,0.9586188097964758,0.7128974055182765,9.0,0.3376628437813161,0.17391304347826086,200.0,45.0,0.1133471247778586,58.0,337.9767441860465,524.1034482758621,437.35135135135135,86.75209692451074,True,True,True,True,True,—,39555.0,12303.0,226.02857142857144,175.0,4.0,5.0,0.3376628437813161,True,17738.0,27768.849999999995,50816.0
267,58287.0,160476.0,102189.0,1.5703842879370578,0.24719101123595505,218.30337078651687,2431.4545454545455,-508.4029850746269,22291.0,11198.0,0.22291,10,6,0.6,26.7,7.014983962918233,0.2627334817572372,10,0.26431279702163435,2.6148221255215107,102.11019609861546,2.202414310910602,2012-01-10 13:15:00,2021-06-02 13:15:00,BO,5,,,,,,,500,0,,121,70891.0,127390.0,56499.0,2.2547301722154374,0.08264462809917356,585.8760330578513,12739.0,-509.0,21070.0,13743.0,0.2107,5,4,0.8,24.2,5.635601121442148,0.23287607939843588,15,0.3303099124007279,3.364546748932131,35.963239339267325,6.079625377707339,True,True,True,,,47.0,7.0,-34.0,28.0,13.0,6.0,-1.0,644.0,,,,,,,,,,0.0,0.0,,,,,,,,0.0,5.0,0.0,,,,,,,,,,,,,,,,,,,,3.0,3.0,295.3243243243243,574.3462033462033,37.0,197.8285674256304,True,True,3.9132484756805312,0.552551215480765,5,5,1,1,1.0807582182739364,0.8185328814994615,10.0,0.3376628437813161,0.09090909090909091,200.0,43.0,0.048800809270588795,61.0,288.3333333333333,585.8760330578513,398.3492462311558,187.52678682669546,True,True,True,True,True,—,39555.0,12303.0,226.02857142857144,175.0,4.0,5.0,0.3376628437813161,True,17149.5,27738.249999999996,42799.0
298,74523.0,225639.0,151116.0,1.4931509568808068,0.6510067114093959,250.0771812080537,1163.0876288659795,-1453.0384615384614,14707.0,13842.0,0.14707,10,7,0.7,29.8,6.063002556489648,0.2034564616271694,14,0.02591146357500369,5.067178894404026,58.809843940796796,3.106099573208333,2012-01-10 13:15:00,2021-06-02 13:15:00,BO,5,,,,,,,4000,1500,,134,52534.0,158677.0,106143.0,1.49493607680205,0.7985074626865671,392.04477611940297,1482.96261682243,-3931.222222222222,15628.0,14013.0,0.15628,5,3,0.6,26.8,7.359347797189639,0.27460252974588206,15,0.03504397152320402,3.3615305861274636,39.862793619370315,4.723754566678456,True,True,True,,,47.0,7.0,-34.0,28.0,13.0,6.0,-1.0,368.0,,,,,,,,,,0.0,0.0,,,,,,,,0.0,5.0,0.0,,,,,,,,,,,,,,,,,,,,3.0,2.0,-211.38095238095238,374.5541752933057,42.0,132.37895399408703,True,True,3.889191165682326,0.0,4,5,1,1,0.9095730904218238,0.47348337256115797,12.0,0.3376628437813161,0.06818181818181818,200.0,43.0,0.03317793511574529,67.0,119.45637583892618,392.04477611940297,188.4952741020794,203.54950201732356,True,True,True,True,True,—,39555.0,12303.0,226.02857142857144,175.0,4.0,5.0,0.3376628437813161,True,19326.0,30439.899999999998,47684.0
264,59454.0,237698.0,178244.0,1.3335540046228764,0.5795454545454546,225.20454545454547,1553.5816993464052,-1605.8018018018017,18013.0,15062.0,0.18013,10,6,0.6,26.4,5.660388679233963,0.21440866209219556,13,0.06712752716385777,3.3006162216177204,79.98506408315671,2.527478570610795,2012-01-10 13:15:00,2021-06-02 13:15:00,BO,5,,,,,,,4000,4000,,117,62667.0,256181.0,193514.0,1.32383703504656,0.5641025641025641,535.6153846153846,3881.530303030303,-3794.392156862745,27495.0,23745.0,0.27495,5,3,0.6,23.4,5.314132102234569,0.22709966248865682,15,0.0636858314583433,2.279214402618658,51.33347694959069,4.865523063427536,True,True,True,,,47.0,7.0,-34.0,28.0,13.0,6.0,-1.0,368.0,,,,,,,,,,0.0,0.0,,,,,,,,0.0,5.0,0.0,,,,,,,,,,,,,,,,,,,,3.0,2.0,-221.28571428571428,500.4563492063492,35.0,180.85741394225417,True,True,3.8469457195068038,0.0,4,5,1,1,0.8969418788743845,0.0,12.0,0.3376628437813161,0.1111111111111111,200.0,44.0,0.06386817193372854,59.0,243.32802721088436,535.6153846153846,326.5827505827506,209.03263403263406,True,True,True,True,True,—,39555.0,12303.0,226.02857142857144,175.0,4.0,5.0,0.3376628437813161,True,30864.0,48230.99999999999,77833.0
202,48572.0,170556.0,121984.0,1.3981833683105982,0.8465346534653465,240.45544554455446,997.4035087719299,-3934.967741935484,15288.0,14054.0,0.15288,10,7,0.7,20.2,5.912698199637793,0.2927078316652373,12,0.03975541464218068,3.1771323914181058,63.5793461253397,2.9292917910341907,2012-01-12 11:15:00,2021-06-02 13:15:00,BO,5,,,,,,,4000,1000,,130,43830.0,111983.0,68153.0,1.643111821930069,0.8692307692307693,337.15384615384613,991.0,-4009.0,16464.0,14279.0,0.16464,5,4,0.8,26.0,6.260990336999411,0.24080732065382351,18,0.022610084417065936,2.6621720116618075,48.83230663928816,3.95789067836519,True,True,True,,,47.0,7.0,-1.0,38.0,5.0,4.0,-1.0,0.0,,,,,,,,,,0.0,0.0,,,,,,,,0.0,4.0,0.0,,,,,,,,,,,,,,,,,,,,3.0,3.0,93.56410256410257,329.0429094714809,39.0,113.84432648411604,True,True,3.830826242885137,1.3199742172780793,5,5,1,1,0.9462303820048499,0.0,11.0,0.3376628437813161,0.061224489795918366,200.0,48.0,0.02978072867176277,65.0,140.70750597346955,337.15384615384613,173.46329526916801,163.69055088467812,True,True,True,True,True,—,39555.0,12303.0,226.02857142857144,175.0,4.0,5.0,0.3376628437813161,True,19134.0,30271.25,45405.0
218,18598.0,130278.0,111680.0,1.1665293696275072,0.518348623853211,85.31192660550458,1152.9026548672566,-1063.6190476190477,14506.0,12410.0,0.14506,10,6,0.6,21.8,6.368673331236264,0.2921409784970763,6,0.21459296698569738,1.2820901695849993,170.0348424561781,1.066938208002847,2012-02-03 12:00:00,2021-05-04 16:00:00,BO,5,,,,,,,4000,4000,,97,81392.0,194635.0,113243.0,1.7187375820138993,0.6185567010309279,839.0927835051547,3243.9166666666665,-3060.6216216216217,29046.0,25949.0,0.29046,5,4,0.8,19.4,8.475848040166836,0.43689938351375446,6,0.04903430312561431,2.802175858982304,34.61595734224494,7.416007736131658,True,True,True,,,47.0,48.0,35.0,50.0,10.0,5.0,-1.0,184.0,,,,,,,,,,2.0,0.0,,,,,,,,0.0,5.0,0.0,,,,,,,,,,,,,,,,,,,,3.0,2.0,-84.67567567567568,940.6557271557273,28.0,283.33045547473074,True,True,3.7404262718169763,0.0,4,5,1,1,0.9946816439782121,0.20366143702932019,13.0,0.3376628437813161,0.03636363636363636,200.0,54.0,0.015097032635116421,49.0,146.94966894849063,839.0927835051547,253.1459694989107,585.946814006244,True,True,True,True,True,—,39555.0,12303.0,226.02857142857144,175.0,4.0,5.0,0.3376628437813161,True,22659.0,35524.49999999999,55675.0
352,51047.0,203110.0,152063.0,1.3356963889966658,0.5397727272727273,145.01988636363637,1069.0,-938.6604938271605,19398.0,17223.0,0.19398,10,6,0.6,35.2,10.097524449091472,0.2868614900310077,13,0.07798695319999216,2.6315599546344983,133.7609653848414,1.568384124570549,2012-01-10 13:15:00,2021-06-02 13:15:00,BO,5,,,,,,,2500,3000,,130,62200.0,204523.0,142323.0,1.437034070389185,0.5615384615384615,478.46153846153845,2801.6849315068494,-2496.8947368421054,13701.0,12545.0,0.13701,5,5,1.0,26.0,6.957010852370434,0.2675773404757859,15,0.04808681672025723,4.539814612072112,28.635530546623794,6.157072307441296,True,True,True,,,47.0,7.0,-34.0,28.0,13.0,6.0,-1.0,184.0,,,,,,,,,,0.0,0.0,,,,,,,,0.0,5.0,0.0,,,,,,,,,,,,,,,,,,,,3.0,3.0,148.75,463.6969696969697,40.0,161.55868371690664,True,True,3.737180258883664,0.0,4,5,1,1,1.0799367917095763,0.5649107685074538,12.0,0.3376628437813161,0.09090909090909091,200.0,43.0,0.048800809270588795,65.0,169.70535714285714,478.46153846153845,271.44117647058823,207.02036199095022,True,True,True,True,True,—,39555.0,12303.0,226.02857142857144,175.0,4.0,5.0,0.3376628437813161,True,20834.5,32545.699999999986,59624.0
161,29561.0,69937.0,40376.0,1.7321428571428572,0.043478260869565216,183.6086956521739,9991.0,-262.1818181818182,14659.0,11396.0,0.14659,10,5,0.5,16.1,5.3,0.3291925465838509,7,0.33797909407665505,2.0165768469881984,79.83826663509353,2.284254176569019,2012-02-03 12:00:00,2021-05-07 14:45:00,BO,5,,,,,,,250,10000,,100,45670.0,69937.0,24267.0,2.88197964313677,0.07,456.7,9991.0,-260.93548387096774,15520.0,11317.0,0.1552,5,3,0.6,20.0,8.648699324175862,0.43243496620879307,6,0.2187650536457193,2.9426546391752577,33.98292095467484,5.521899623486182,True,True,True,,,47.0,48.0,35.0,50.0,10.0,5.0,-1.0,0.0,,,,,,,,,,2.0,0.0,,,,,,,,0.0,5.0,0.0,,,,,,,,,,,,,,,,,,,,3.0,2.0,-259.0,426.5140434552199,29.0,154.21062075492708,True,True,3.716242805435146,0.0,4,5,1,1,1.8772848583982442,0.7465410507087041,10.0,0.3376628437813161,0.1111111111111111,200.0,53.0,0.0670742763261368,50.0,226.60344827586206,456.7,238.06796116504853,218.63203883495146,True,True,True,True,True,—,39555.0,12303.0,226.02857142857144,175.0,4.0,5.0,0.3376628437813161,True,13986.0,22939.849999999995,33134.0
355,61240.0,202463.0,141223.0,1.433640412680654,0.571830985915493,172.50704225352112,997.3546798029556,-929.0986842105264,18269.0,17803.0,0.18269,10,6,0.6,35.5,9.759610647971568,0.274918609802016,14,0.03251143043762247,3.3521265531775137,105.90292292619203,1.9224400067968042,2012-01-10 13:15:00,2021-06-01 20:00:00,BO,5,,,,,,,5000,2000,,129,60394.0,184822.0,124428.0,1.4853730671553027,0.751937984496124,468.17054263565893,1905.381443298969,-3888.375,18692.0,17907.0,0.18692,5,4,0.8,25.8,6.764613810115105,0.2621943337253917,15,0.032966851011689904,3.2310079178258078,39.925621750505016,5.157978800481375,True,True,True,,,47.0,7.0,-34.0,28.0,13.0,6.0,-1.0,184.0,,,,,,,,,,0.0,0.0,,,,,,,,0.0,5.0,0.0,,,,,,,,,,,,,,,,,,,,3.0,3.0,152.75,456.7037037037037,40.0,158.0837968009985,True,True,3.650421618671035,0.0,4,5,1,1,1.0499726300061931,0.5818143262814469,11.0,0.3376628437813161,0.11363636363636363,200.0,43.0,0.06533832563294177,65.0,167.31944444444446,468.17054263565893,210.76331360946745,257.4072290261915,True,True,True,True,True,—,39555.0,12303.0,226.02857142857144,175.0,4.0,5.0,0.3376628437813161,True,21238.5,33300.44999999999,54924.0
275,94920.0,345041.0,250121.0,1.3794963237792908,0.4218181818181818,345.1636363636364,2974.4913793103447,-1573.0880503144654,27896.0,25841.0,0.27896,10,7,0.7,27.5,3.6124783736376886,0.1313628499504614,20,0.07243994943109987,3.4026383710926296,80.81963758954909,3.112844477475263,2012-01-13 02:00:00,2021-06-01 16:30:00,TF_M,5,,,,,,,1750,6000,,192,65287.0,311547.0,246260.0,1.2651141070413385,0.2708333333333333,340.0364583333333,5991.288461538462,-1759.0,29733.0,26716.0,0.29733,5,4,0.8,38.4,16.668533228811704,0.4340763861669715,17,0.09199381193805811,2.195775737396159,87.4406237076294,2.970362636437407,True,True,True,,,54.0,9.0,-48.0,17.0,13.0,5.0,-1.0,920.0,,,,,,,,,,,0.0,,,,,,,,,,,,,,,,,,,,,,,,,,,,,,3.0,3.0,130.92424242424244,395.24141414141417,50.0,166.38186946990902,True,True,3.64533313661144,0.3404837288293379,5,5,1,1,0.8364497582612321,0.5270264270057672,9.0,0.48930597114620883,0.10909090909090909,200.0,54.0,0.06583878512143881,96.0,-2.0552028845665533,340.0364583333333,54.61892583120205,285.4175325021313,True,True,True,True,True,—,43596.0,27207.0,360.297520661157,121.0,2.0,4.0,0.48930597114620883,True,34225.5,56207.94999999999,73888.0
161,13641.0,170183.0,156542.0,1.0871395536022281,0.577639751552795,84.72670807453416,1829.9247311827958,-2302.0882352941176,23139.0,21393.0,0.23139,10,5,0.5,16.1,4.459820624195551,0.277007492186059,6,0.2210981599589473,0.5895241799559185,273.1016054541456,0.8389795875276205,2012-02-03 12:00:00,2021-05-04 15:45:00,BO,5,,,,,,,4000,2500,,97,71987.0,174370.0,102383.0,1.703114774913804,0.7216494845360825,742.1340206185567,2491.0,-3791.962962962963,26043.0,23198.0,0.26043,5,4,0.8,19.4,8.5463442476886,0.4405332086437423,6,0.03460347007098504,2.7641592750451176,35.092044396904996,6.926920288159445,True,True,True,,,47.0,48.0,35.0,50.0,10.0,5.0,-1.0,644.0,,,,,,,,,,2.0,0.0,,,,,,,,0.0,5.0,0.0,,,,,,,,,,,,,,,,,,,,3.0,3.0,143.77777777777777,789.970658970659,28.0,250.59108386892376,True,True,3.6183880990907147,0.0,4,5,1,1,1.3530300451090675,0.4424104144423624,13.0,0.3376628437813161,0.03571428571428571,200.0,55.0,0.014827793906240845,49.0,155.8793565683646,742.1340206185567,212.0,530.1340206185567,True,True,True,True,True,—,39555.0,12303.0,226.02857142857144,175.0,4.0,5.0,0.3376628437813161,True,25694.0,40510.299999999996,57589.0
301,62336.0,321950.0,259614.0,1.2401103176253978,0.38205980066445183,207.09634551495017,2799.5652173913045,-1395.774193548387,26333.0,25864.0,0.26333,10,5,0.5,30.1,4.825971404805462,0.1603312759071582,20,0.08006609342915812,2.3672198382258003,127.1533784650924,1.9223197165469341,2012-01-13 02:00:00,2021-06-01 16:30:00,TF_M,5,,,,,,,1500,5000,,198,91058.0,299460.0,208402.0,1.4369343864262338,0.30303030303030304,459.8888888888889,4991.0,-1510.159420289855,24251.0,22171.0,0.24251,5,5,1.0,39.6,17.153425313913253,0.43316730590690034,17,0.05481121922291287,3.754814234464558,52.73230248852379,4.4482731316217,True,True,True,,,54.0,9.0,-48.0,17.0,13.0,5.0,-1.0,920.0,,,,,,,,,,,0.0,,,,,,,,,,,,,,,,,,,,,,,,,,,,,,3.0,3.0,74.33333333333333,542.7358177665134,53.0,225.02637939712872,True,True,3.5940213354462642,0.0,4,5,1,1,0.8773179324633921,0.09114673052400635,8.0,0.48930597114620883,0.07692307692307693,200.0,51.0,0.04123887295238299,99.0,68.40585774058577,459.8888888888889,2.0981308411214954,457.79075804776744,True,True,True,True,True,—,43596.0,27207.0,360.297520661157,121.0,2.0,4.0,0.48930597114620883,True,30066.0,47051.1,65090.0
439,82074.0,367565.0,285491.0,1.2874836684869226,0.4328018223234624,186.95671981776766,1934.5526315789473,-1146.5502008032129,28855.0,27749.0,0.28855,10,6,0.6,43.9,8.814193099768124,0.2007788860995017,20,0.12952944903379876,2.844359729682897,154.34053415210664,1.657806717336197,2012-01-13 02:00:00,2021-06-01 16:30:00,TF_M,5,,,,,,,1500,10000,,186,81856.0,293499.0,211643.0,1.3867645043776549,0.23655913978494625,440.0860215053763,6670.431818181818,-1490.443661971831,28456.0,23476.0,0.28456,5,5,1.0,37.2,15.841717078650282,0.4258526096411366,17,0.13873143080531666,2.876581388810796,64.66008600469117,3.929651192552826,True,True,True,,,54.0,9.0,-48.0,17.0,13.0,5.0,-1.0,368.0,,,,,,,,,,,0.0,,,,,,,,,,,,,,,,,,,,,,,,,,,,,,3.0,3.0,216.4794520547945,486.63471051399137,48.0,215.3367181405595,True,True,3.559131663454269,0.0,4,5,1,1,0.7868189046487918,0.2486036781999667,8.0,0.48930597114620883,0.12727272727272726,200.0,54.0,0.07996708580974203,93.0,-4.197604035308953,440.0860215053763,78.2707423580786,361.8152791472977,True,True,True,True,True,—,43596.0,27207.0,360.297520661157,121.0,2.0,4.0,0.48930597114620883,True,35437.0,57583.899999999994,100826.0
528,120023.0,310651.0,190628.0,1.6296189437018695,0.29545454545454547,227.31628787878788,1991.3525641025642,-512.4408602150538,9857.0,9287.0,0.09857,10,9,0.9,52.8,18.77658115845374,0.35561706739495724,23,0.017046732709564,12.176422846707924,43.36248885630254,3.4487485564646767,2012-01-10 17:15:00,2021-06-01 17:30:00,TF_U,5,,,,,,,500,2000,,290,39890.0,149325.0,109435.0,1.3645086124183305,0.25862068965517243,137.55172413793105,1991.0,-509.0,13804.0,11842.0,0.13804,5,4,0.8,58.0,23.706539182259394,0.4087334341768861,26,0.049912258711456506,2.889742103738047,100.3549761845074,1.7634652974326757,True,True,True,,,,,,,17.0,3.0,4.0,0.0,,,63.0,79.0,37.0,137.0,,,,,0.0,,,,,,,,,,,,,,,,,,,,,,,,,,,,,,3.0,3.0,49.51063829787234,132.5465001574299,87.0,38.876708099663496,True,True,3.4731937060268976,2.111480382247917,5,5,1,1,0.8941496497059769,0.5490138986263412,8.0,0.2826333755051996,0.2,200.0,109.0,0.1555142875345485,145.0,66.50239234449761,137.55172413793105,71.51677852348993,66.03494561444111,True,True,True,True,True,—,44448.0,42324.0,272.6871165644172,163.0,4.0,5.0,0.2826333755051996,True,11515.5,17354.55,30571.0
281,47881.0,146086.0,98205.0,1.487561733109312,0.6797153024911032,170.39501779359432,764.848167539267,-1091.1666666666667,7528.0,6081.0,0.07528,10,9,0.9,28.1,6.4257295305669375,0.2286736487746241,14,0.04032914934942879,6.36038788522848,44.17969549508155,2.958151699599735,2012-01-12 11:15:00,2021-06-01 20:00:00,BO,5,,,,,,,4000,1000,,130,37095.0,108019.0,70924.0,1.5230246461000507,0.8384615384615385,285.34615384615387,991.0,-3377.3333333333335,16464.0,14279.0,0.16464,5,4,0.8,26.0,6.260990336999411,0.24080732065382351,18,0.026715190726513006,2.253097667638484,57.698342094621914,3.3497137739894303,True,True,True,,,47.0,7.0,-1.0,38.0,5.0,4.0,-1.0,184.0,,,,,,,,,,0.0,0.0,,,,,,,,0.0,4.0,0.0,,,,,,,,,,,,,,,,,,,,3.0,3.0,93.56410256410257,275.4317983603698,39.0,96.35079376975325,True,True,3.4461617623218865,0.8699478808349245,5,5,1,1,0.7413019756392967,0.0,13.0,0.3376628437813161,0.08163265306122448,200.0,48.0,0.04378294043924412,65.0,121.64965162525044,285.34615384615387,149.13106796116506,136.2150858849888,True,True,True,True,True,—,39555.0,12303.0,226.02857142857144,175.0,4.0,5.0,0.3376628437813161,True,15038.0,23579.94999999999,34503.0
340,66885.0,194104.0,127219.0,1.5257469403155188,0.4235294117647059,196.72058823529412,1347.9444444444443,-649.0765306122449,9778.0,7419.0,0.09778,10,9,0.9,34.0,8.694826047713663,0.25573017787393126,14,0.06714509979816102,6.84035590100225,49.70501607236301,2.996595704013486,2012-01-10 10:30:00,2021-06-01 20:45:00,TF_M,5,,,,,,,750,4500,,168,57153.0,156582.0,99429.0,1.5748121775337176,0.22023809523809523,340.19642857142856,4231.945945945946,-759.0,17638.0,13788.0,0.17638,5,5,1.0,33.6,9.891410415102591,0.29438721473519613,18,0.07857855230696552,3.2403333711305136,51.84651724318934,3.8584105424712702,True,True,True,,,47.0,7.0,12.0,39.0,9.0,5.0,4.0,184.0,,,,,,,,,,,0.0,,,,,,,,,,,,,,,,,,,,,,,,,,,,,,3.0,3.0,98.3529411764706,327.6347536081882,51.0,166.4601438626147,True,True,3.4278346020674446,0.0,4,5,1,1,0.968593809720337,0.38254043564977563,10.0,0.48930597114620883,0.08771929824561403,200.0,56.0,0.05029107543334196,84.0,67.05811883043859,340.19642857142856,109.14110429447852,231.05532427695005,True,True,True,True,True,—,43596.0,27207.0,360.297520661157,121.0,2.0,4.0,0.48930597114620883,True,15000.5,22780.249999999996,32895.0
245,24195.0,329160.0,304965.0,1.0793369730952733,0.4489795918367347,98.75510204081633,2992.3636363636365,-2259.0,23971.0,22362.0,0.23971,10,5,0.5,24.5,12.870508925446577,0.5253268949161868,6,0.12982021078735276,1.0093446247549123,242.731762760901,0.960770856176411,2012-01-13 02:00:00,2021-06-01 17:00:00,TF_M,5,,,,,,,2250,3000,,213,75333.0,317046.0,241713.0,1.3116630052996736,0.49765258215962443,353.67605633802816,2991.0,-2259.0,19030.0,17340.0,0.1903,5,4,0.8,42.6,19.925862591115095,0.4677432533125609,17,0.03970371550316594,3.958644245927483,53.80630002787623,3.861798591881234,True,True,True,,,54.0,9.0,-48.0,17.0,13.0,5.0,-1.0,0.0,,,,,,,,,,,0.0,,,,,,,,,,,,,,,,,,,,,,,,,,,,,,3.0,3.0,9.518518518518519,434.4306742640076,54.0,173.05580621764014,True,True,3.417076723036878,0.0,3,5,1,1,1.468230984016402,0.7268264785390655,8.0,0.48930597114620883,0.061224489795918366,200.0,48.0,0.02978072867176277,107.0,106.08361204013377,353.67605633802816,83.83387622149837,269.8421801165298,True,True,True,True,True,—,43596.0,27207.0,360.297520661157,121.0,2.0,4.0,0.48930597114620883,True,37191.0,57852.749999999985,85134.0
358,48658.0,186872.0,138214.0,1.3520482729680061,0.5782122905027933,135.91620111731842,902.7632850241546,-915.3245033112582,19378.0,18912.0,0.19378,10,5,0.5,35.8,9.877246579892597,0.2759007424551005,14,0.039685149410168936,2.5109918464237797,142.57314316248102,1.470686501433455,2012-01-10 13:15:00,2021-06-01 20:00:00,BO,5,,,,,,,4000,1500,,134,60229.0,154275.0,94046.0,1.6404206452161707,0.7835820895522388,449.47014925373134,1469.2857142857142,-3242.9655172413795,14410.0,13054.0,0.1441,5,4,0.8,26.8,7.359347797189639,0.27460252974588206,15,0.030566670540769395,4.1796668979875085,32.059971110262495,5.639910580629175,True,True,True,,,47.0,7.0,-34.0,28.0,13.0,6.0,-1.0,184.0,,,,,,,,,,0.0,0.0,,,,,,,,0.0,5.0,0.0,,,,,,,,,,,,,,,,,,,,3.0,3.0,26.595238095238095,437.21290545203584,42.0,151.76936879182753,True,True,3.350953347657767,0.0,4,5,1,1,1.0773764371900123,0.6692825151118013,12.0,0.3376628437813161,0.06818181818181818,200.0,43.0,0.03317793511574529,67.0,93.46781115879828,449.47014925373134,146.1315789473684,303.33857030636295,True,True,True,True,True,—,39555.0,12303.0,226.02857142857144,175.0,4.0,5.0,0.3376628437813161,True,17150.0,27215.649999999998,43551.0
356,55261.0,198985.0,143724.0,1.3844938910689935,0.5617977528089888,155.22752808988764,994.925,-921.3076923076923,17114.0,16648.0,0.17114,10,6,0.6,35.6,9.54148835350125,0.26801933577250703,15,0.036029025895296864,3.228993806240505,110.25106313675106,1.7872953789168629,2012-01-10 13:15:00,2021-06-02 13:15:00,BO,5,,,,,,,2500,2000,,132,49902.0,164626.0,114724.0,1.434974373278477,0.6515151515151515,378.04545454545456,1914.2558139534883,-2494.0,13787.0,11072.0,0.13787,5,5,1.0,26.4,7.1442284397967,0.2706147136286629,15,0.039898200472926935,3.6194966272575613,36.46915955272333,4.849673348613952,True,True,True,,,47.0,7.0,-34.0,28.0,13.0,6.0,-1.0,184.0,,,,,,,,,,0.0,0.0,,,,,,,,0.0,5.0,0.0,,,,,,,,,,,,,,,,,,,,3.0,3.0,193.6829268292683,371.6793330976788,41.0,127.65190326041846,True,True,3.305623284142816,0.0,4,5,1,1,1.0358350558847185,0.761322163691487,12.0,0.3376628437813161,0.09090909090909091,200.0,43.0,0.048800809270588795,66.0,105.63068181818181,378.04545454545456,167.39774859287056,210.647705952584,True,True,True,True,True,—,39555.0,12303.0,226.02857142857144,175.0,4.0,5.0,0.3376628437813161,True,17543.5,27256.45,51027.0
219,15854.0,127930.0,112076.0,1.1414575823548307,0.5251141552511416,72.39269406392694,1112.4347826086957,-1077.6538461538462,13206.0,11110.0,0.13206,10,6,0.6,21.9,6.378871373526825,0.2912726654578459,6,0.19023590261132836,1.2005149174617598,182.42172322442286,0.9488825220503668,2012-02-03 12:00:00,2021-05-04 15:45:00,BO,5,,,,,,,4000,3000,,97,65282.0,170409.0,105127.0,1.6209822405281231,0.6597938144329897,673.0103092783505,2662.640625,-3185.6666666666665,25532.0,24457.0,0.25532,5,5,1.0,19.4,8.475848040166836,0.43689938351375446,6,0.04581661101069207,2.556869810433965,37.93701173370914,6.344284552894188,True,True,True,,,47.0,48.0,35.0,50.0,10.0,5.0,-1.0,184.0,,,,,,,,,,2.0,0.0,,,,,,,,0.0,5.0,0.0,,,,,,,,,,,,,,,,,,,,3.0,3.0,47.08108108108108,749.7160151222652,28.0,227.2505749250709,True,True,3.3012717180161273,0.0,4,5,1,1,0.9319123072685156,0.16810471468868307,13.0,0.3376628437813161,0.03571428571428571,200.0,55.0,0.014827793906240845,49.0,138.57575757575756,673.0103092783505,216.11111111111111,456.89919816723943,True,True,True,True,True,—,39555.0,12303.0,226.02857142857144,175.0,4.0,5.0,0.3376628437813161,True,21870.0,35247.84999999998,49663.0
305,57025.0,125622.0,68597.0,1.831304576001866,0.1377049180327869,186.9672131147541,2991.0,-260.8250950570342,10365.0,9583.0,0.10365,10,8,0.8,30.5,9.562949335848225,0.3135393224868271,15,0.05245067952652346,5.50168837433671,55.43752740026304,2.76620368833511,2012-01-10 10:30:00,2021-06-01 16:30:00,TF_M,5,,,,,,,250,3000,,170,27470.0,65802.0,38332.0,1.7166336220390275,0.12941176470588237,161.58823529411765,2991.0,-259.0,7905.0,5180.0,0.07905,5,4,0.8,34.0,9.838699100999074,0.289373502970561,19,0.10888241718238077,3.4750158127767237,48.920640698944304,2.737550601868749,True,True,True,,,47.0,7.0,12.0,39.0,9.0,5.0,4.0,0.0,,,,,,,,,,,0.0,,,,,,,,,,,,,,,,,,,,,,,,,,,,,,3.0,3.0,147.25,162.67561469032057,51.0,79.06608839639034,True,True,3.2944211400011008,2.1043785152622436,5,5,1,1,1.4628178498300894,0.7642005531584971,8.0,0.48930597114620883,0.25862068965517243,200.0,57.0,0.19178806876768706,85.0,97.70731707317073,161.58823529411765,97.23231132075472,64.35592397336293,True,True,True,True,True,—,43596.0,27207.0,360.297520661157,121.0,2.0,4.0,0.48930597114620883,True,8743.0,13664.0,18819.0
327,68677.0,140679.0,72002.0,1.9538207272020223,0.14984709480122324,210.02140672782875,2871.0,-259.0,21144.0,9842.0,0.21144,10,8,0.8,32.7,9.434511116109832,0.2885171595140621,11,0.25970849046988076,3.248060915626182,100.67545175240619,2.175571408600919,2012-01-10 10:30:00,2021-06-02 13:15:00,TF_M,5,,,,,,,250,0,,175,62030.0,105702.0,43672.0,2.4203608719545704,0.04,354.45714285714286,15100.285714285714,-259.95238095238096,25317.0,16648.0,0.25317,5,5,1.0,35.0,12.696456198483101,0.36275589138523145,20,0.4175560212800258,2.4501323221550737,71.424713848138,3.3555287667237224,True,True,True,,,47.0,1.0,12.0,21.0,18.0,17.0,-1.0,644.0,,,,,,,,,,,0.0,,,,,,,,,,,,,,,,,,,,,,,,,,,,,,3.0,3.0,247.53846153846155,358.9612371519025,53.0,173.43799651542477,True,True,3.284712864331701,0.6018832079085129,5,5,1,1,2.566214119171599,0.6898801868877049,8.0,0.48930597114620883,0.11864406779661017,200.0,58.0,0.07446544162640356,88.0,129.6585493038536,354.45714285714286,204.03299492385787,150.42414793328498,True,True,True,True,True,—,43596.0,27207.0,360.297520661157,121.0,2.0,4.0,0.48930597114620883,True,13510.5,20616.55,32107.0
352,48752.0,200335.0,151583.0,1.3216191789316745,0.5397727272727273,138.5,1054.3947368421052,-935.6975308641976,16788.0,14613.0,0.16788,10,5,0.5,35.2,10.097524449091472,0.2868614900310077,13,0.08165818838201509,2.9039790326423636,121.2129963898917,1.6101029577359962,2012-01-10 13:15:00,2021-06-02 13:15:00,BO,5,,,,,,,2250,3000,,131,50506.0,192823.0,142317.0,1.354883815707189,0.5190839694656488,385.5419847328244,2835.6323529411766,-2259.0,14201.0,11295.0,0.14201,5,5,1.0,26.2,6.910861017268399,0.2637733212697862,15,0.05922068665109096,3.5565101049221886,36.83386132340712,4.873214970594337,True,True,True,,,47.0,7.0,-34.0,28.0,13.0,6.0,-1.0,184.0,,,,,,,,,,0.0,0.0,,,,,,,,0.0,5.0,0.0,,,,,,,,,,,,,,,,,,,,3.0,3.0,167.44444444444446,375.0466988727858,40.0,130.18320296197825,True,True,3.2781183523618806,0.0,4,5,1,1,1.0391022524695768,0.6777568099770266,12.0,0.3376628437813161,0.13636363636363635,200.0,43.0,0.08257143512779117,66.0,104.04347826086956,385.5419847328244,220.8069498069498,164.7350349258746,True,True,True,True,True,—,39555.0,12303.0,226.02857142857144,175.0,4.0,5.0,0.3376628437813161,True,20898.5,33738.45,55210.0
356,56211.0,205910.0,149699.0,1.375493490270476,0.547752808988764,157.89606741573033,1055.948717948718,-929.8074534161491,16788.0,14613.0,0.16788,10,6,0.6,35.6,9.54148835350125,0.26801933577250703,15,0.044315169628720355,3.3482844889206578,106.32310401878637,1.8355879072992756,2012-01-10 13:15:00,2021-06-02 13:15:00,BO,5,,,,,,,2250,2500,,132,41172.0,174453.0,133281.0,1.3089112476647085,0.553030303030303,311.90909090909093,2389.7671232876714,-2259.0,13975.0,13105.0,0.13975,5,5,1.0,26.4,6.887670143089026,0.26089659632912976,15,0.06050228310502283,2.9461180679785333,44.80472165549402,3.97425271220799,True,True,True,,,47.0,7.0,-34.0,28.0,13.0,6.0,-1.0,184.0,,,,,,,,,,0.0,0.0,,,,,,,,0.0,5.0,0.0,,,,,,,,,,,,,,,,,,,,3.0,3.0,26.108695652173914,301.5760869565217,40.0,105.32011063760869,True,True,3.257254031882968,0.0,4,5,1,1,1.0433650052177459,0.6984874329120125,12.0,0.3376628437813161,0.1590909090909091,200.0,43.0,0.10036362209320929,66.0,94.78378378378379,311.90909090909093,158.67045454545453,153.2386363636364,True,True,True,True,True,—,39555.0,12303.0,226.02857142857144,175.0,4.0,5.0,0.3376628437813161,True,19326.5,31233.549999999996,42535.0
356,70126.0,203266.0,133140.0,1.5267087276551,0.4241573033707865,196.98314606741573,1346.132450331126,-649.4634146341464,11624.0,10625.0,0.11624,10,6,0.6,35.6,9.264987857520376,0.2602524679078757,12,0.06404186749565069,6.032863041982106,59.01012463280381,2.7520392489739414,2012-01-10 10:30:00,2021-06-01 20:45:00,TF_M,5,,,,,,,750,4500,,180,43480.0,152776.0,109296.0,1.3978187673839848,0.2,241.55555555555554,4243.777777777777,-759.0,17701.0,15306.0,0.17701,5,5,1.0,36.0,12.569805089976535,0.3491612524993482,20,0.1032888684452622,2.456358397830631,73.27920883164674,2.734774262022054,True,True,True,,,47.0,1.0,12.0,21.0,18.0,17.0,-1.0,184.0,,,,,,,,,,,0.0,,,,,,,,,,,,,,,,,,,,,,,,,,,,,,3.0,3.0,184.33333333333334,244.77408373171087,52.0,118.1945756968731,True,True,3.2311488540454496,0.0,4,5,1,1,1.7001029742828786,0.3315712422919165,10.0,0.48930597114620883,0.15254237288135594,200.0,58.0,0.10168237832854776,90.0,83.87593984962406,241.55555555555554,103.48484848484848,138.07070707070704,True,True,True,True,True,—,43596.0,27207.0,360.297520661157,121.0,2.0,4.0,0.48930597114620883,True,16102.5,25080.249999999996,43450.0
297,71377.0,226049.0,154672.0,1.4614733112651288,0.6531986531986532,240.32659932659934,1165.201030927835,-1501.6699029126214,15085.0,14132.0,0.15085,10,7,0.7,29.7,6.1,0.20538720538720537,14,0.027053532650573715,4.731653960888299,62.76874903680457,2.9473556114309782,2012-01-10 13:15:00,2021-06-02 13:15:00,BO,5,,,,,,,5000,1500,,134,46034.0,163150.0,117116.0,1.3930632876805902,0.8208955223880597,343.53731343283584,1483.1818181818182,-4879.833333333333,18762.0,17054.0,0.18762,5,3,0.6,26.8,7.30479294709987,0.27256690101118913,15,0.039992179693270194,2.4535763777848842,54.61415475518095,3.777789053574471,True,True,True,,,47.0,7.0,-34.0,28.0,13.0,6.0,-1.0,368.0,,,,,,,,,,0.0,0.0,,,,,,,,0.0,5.0,0.0,,,,,,,,,,,,,,,,,,,,3.0,2.0,-56.61904761904762,331.93857832988266,42.0,115.99978619872468,True,True,3.20496996767832,0.0,4,5,1,1,0.917916465702586,0.4604552727586074,11.0,0.3376628437813161,0.09090909090909091,200.0,43.0,0.048800809270588795,67.0,54.95348837209303,343.53731343283584,106.17045454545455,237.36685888738128,True,True,True,True,True,—,39555.0,12303.0,226.02857142857144,175.0,4.0,5.0,0.3376628437813161,True,23366.0,36244.09999999999,47681.0
319,34039.0,343344.0,309305.0,1.110049950695915,0.4670846394984326,106.70532915360502,2304.3221476510066,-1819.4411764705883,21279.0,19564.0,0.21279,10,5,0.5,31.9,4.72122865364515,0.1480008982333903,20,0.14662592908134786,1.5996522392969594,199.41834366461998,1.1018281334245414,2012-01-13 02:00:00,2021-06-01 17:00:00,TF_M,5,,,,,,,2250,5000,,190,94540.0,359352.0,264812.0,1.3570079905744452,0.37894736842105264,497.57894736842104,4991.0,-2244.169491525424,28590.0,25689.0,0.2859,5,4,0.8,38.0,16.792855623746664,0.44191725325649117,17,0.052792468796276706,3.3067506121021335,57.45821874338904,4.432597263493332,True,True,True,,,54.0,9.0,-48.0,17.0,13.0,5.0,-1.0,644.0,,,,,,,,,,,0.0,,,,,,,,,,,,,,,,,,,,,,,,,,,,,,3.0,2.0,-93.41558441558442,615.8485053845585,51.0,243.46835006401358,True,True,3.1512940590569745,0.0,4,5,1,1,0.9885947264284126,0.4947228187599808,10.0,0.48930597114620883,0.037037037037037035,200.0,53.0,0.015376229360368858,95.0,51.473684210526315,497.57894736842104,83.54452926208651,414.03441810633456,True,True,True,True,True,—,43596.0,27207.0,360.297520661157,121.0,2.0,4.0,0.48930597114620883,True,39806.5,61630.44999999997,88214.0
197,26917.0,241619.0,214702.0,1.1253691162634722,0.5025380710659898,136.63451776649745,2440.59595959596,-2190.8367346938776,26193.0,21063.0,0.26193,10,6,0.6,19.7,4.450842616853577,0.22593109730221203,12,0.18635063342868818,1.0276409727789868,191.70119255489098,1.271660441429384,2012-01-12 11:15:00,2021-06-02 13:15:00,BO,5,,,,,,,3000,5000,,119,66349.0,261934.0,195585.0,1.33923358130736,0.453781512605042,557.5546218487395,4850.62962962963,-3009.0,22386.0,19081.0,0.22386,5,5,1.0,23.8,5.6000000000000005,0.23529411764705885,16,0.07522343969012343,2.9638613419101225,40.15032630484257,5.613096714035303,True,True,True,,,47.0,7.0,-1.0,38.0,5.0,4.0,-1.0,644.0,,,,,,,,,,0.0,0.0,,,,,,,,0.0,4.0,0.0,,,,,,,,,,,,,,,,,,,,3.0,3.0,54.829787234042556,605.7853676745054,34.0,188.26547917686173,True,True,3.1004694582202137,0.0,4,5,1,1,4.26029798173015,0.0956157811313951,13.0,0.3376628437813161,0.11538461538461539,200.0,51.0,0.06968988201955653,60.0,79.91566265060241,557.5546218487395,128.61111111111111,428.94351073762846,True,True,True,True,True,—,39555.0,12303.0,226.02857142857144,175.0,4.0,5.0,0.3376628437813161,True,38016.0,61098.45,91589.0
433,47238.0,346099.0,298861.0,1.1580601015187661,0.44803695150115475,109.094688221709,1784.0154639175257,-1250.4644351464435,27956.0,26646.0,0.27956,10,6,0.6,43.3,8.355237878121724,0.19296161381343474,20,0.10565646301706254,1.6897267134067822,256.25445615817773,0.9828097227922341,2012-01-13 02:00:00,2021-06-01 16:30:00,TF_M,5,,,,,,,1750,5000,,201,83176.0,317123.0,233947.0,1.3555335182755068,0.3383084577114428,413.81094527363183,4663.573529411765,-1759.0,25983.0,21966.0,0.25983,5,4,0.8,40.2,17.302023003105734,0.43039858216680926,17,0.060005289987496394,3.2011699957664628,62.78954265653554,3.8668798809716853,True,True,True,,,54.0,9.0,-48.0,17.0,13.0,5.0,-1.0,368.0,,,,,,,,,,,0.0,,,,,,,,,,,,,,,,,,,,,,,,,,,,,,3.0,3.0,75.57142857142857,493.8056758056758,54.0,202.4801664480451,True,True,3.0657102732933406,0.0,4,5,1,1,0.8141825557844853,0.2965796389705239,10.0,0.48930597114620883,0.058823529411764705,200.0,50.0,0.02860899822517879,101.0,16.137159309021115,413.81094527363183,-7.635280095351609,421.44622536898345,True,True,True,True,True,—,43596.0,27207.0,360.297520661157,121.0,2.0,4.0,0.48930597114620883,True,33268.0,55132.1,92864.0
278,34363.0,186020.0,151657.0,1.226583672365931,0.5575539568345323,123.60791366906474,1200.1290322580646,-1232.9837398373984,23605.0,21425.0,0.23605,10,8,0.8,27.8,6.04648658313239,0.21749951737886294,14,0.17492651980327678,1.4557509002330016,190.9667374792655,1.2118465435375965,2012-01-12 11:15:00,2021-06-01 17:00:00,BO,5,,,,,,,2500,6000,,125,54395.0,233880.0,179485.0,1.3030615371758085,0.4,435.16,4677.6,-2393.133333333333,19863.0,15406.0,0.19863,5,5,1.0,25.0,5.727128425310541,0.22908513701242164,18,0.11013879952201489,2.7385087851784724,45.645279897049356,4.6508239628413675,True,True,True,,,47.0,7.0,-1.0,38.0,5.0,4.0,-1.0,184.0,,,,,,,,,,0.0,0.0,,,,,,,,0.0,4.0,0.0,,,,,,,,,,,,,,,,,,,,3.0,3.0,319.47222222222223,435.67959575429086,36.0,146.93736309987753,True,True,3.0534929698817415,1.0683170757617129,5,5,1,1,1.7610366693925135,0.2382798760657142,13.0,0.3376628437813161,0.14,200.0,49.0,0.0881048454565284,63.0,140.57831325301206,435.16,268.7995867768595,166.36041322314054,True,True,True,True,True,—,39555.0,12303.0,226.02857142857144,175.0,4.0,5.0,0.3376628437813161,True,30212.0,48225.19999999999,76159.0
314,18644.0,336446.0,317802.0,1.0586654583671595,0.48089171974522293,59.37579617834395,2228.119205298013,-1949.7055214723925,24575.0,22860.0,0.24575,10,6,0.6,31.4,4.758150901348127,0.15153346819580024,20,0.2411499678180648,0.7586571719226857,413.88918686977047,0.5705136472147437,2012-01-13 02:00:00,2021-06-01 17:00:00,TF_M,5,,,,,,,2500,4500,,193,127683.0,391128.0,263445.0,1.4846666287080794,0.45595854922279794,661.5699481865284,4444.636363636364,-2509.0,24911.0,22581.0,0.24911,5,4,0.8,38.6,16.977632343763368,0.43983503481252245,17,0.03517304574610559,5.125567018586167,37.654370589663465,6.313694195619522,True,True,True,,,54.0,9.0,-48.0,17.0,13.0,5.0,-1.0,644.0,,,,,,,,,,,0.0,,,,,,,,,,,,,,,,,,,,,,,,,,,,,,3.0,3.0,127.36363636363636,764.311257370081,51.0,323.71012597855633,True,True,2.971960908210825,0.0,4,5,1,1,1.6014318925195195,0.7043426623651935,10.0,0.48930597114620883,0.037037037037037035,200.0,53.0,0.015376229360368858,97.0,171.20034843205576,661.5699481865284,158.6362484157161,502.9336997708124,True,True,True,True,True,—,43596.0,27207.0,360.297520661157,121.0,2.0,4.0,0.48930597114620883,True,37155.5,58550.399999999994,80011.0
341,65441.0,189844.0,124403.0,1.5260403688013955,0.436950146627566,191.9090909090909,1274.1208053691275,-647.9322916666666,9114.0,7419.0,0.09114,10,9,0.9,34.1,8.84816365128946,0.259476939920512,14,0.04570529178955089,7.180272108843537,47.49123638086215,3.027919958961181,2012-01-10 10:30:00,2021-06-01 20:45:00,TF_M,5,,,,,,,750,3000,,169,37054.0,131170.0,94116.0,1.3937056398486973,0.26627218934911245,219.25443786982248,2914.8888888888887,-759.0,15181.0,13752.0,0.15181,5,3,0.6,33.8,9.579144011862438,0.28340662756989465,19,0.08072003022615643,2.4408141756142547,69.23919145031576,2.6804120217792873,True,True,True,,,47.0,7.0,12.0,39.0,9.0,5.0,4.0,184.0,,,,,,,,,,,0.0,,,,,,,,,,,,,,,,,,,,,,,,,,,,,,3.0,3.0,83.6470588235294,207.75984910093072,51.0,107.2825056500096,True,True,2.968091363507007,0.0,4,5,1,1,1.0115128480490396,0.3300915737895469,10.0,0.48930597114620883,0.21052631578947367,200.0,56.0,0.14946401625421205,85.0,68.42060504052796,219.25443786982248,81.82035928143712,137.43407858838538,True,True,True,True,True,—,43596.0,27207.0,360.297520661157,121.0,2.0,4.0,0.48930597114620883,True,13161.5,20509.05,32623.0
382,55582.0,152832.0,97250.0,1.5715372750642673,0.5549738219895288,145.5026178010471,720.9056603773585,-572.0588235294117,8383.0,6488.0,0.08383,10,7,0.7,38.2,9.6,0.2513089005235602,15,0.10778669353387788,6.630323273291185,57.614083696160634,2.3937259534637327,2012-01-10 10:30:00,2021-06-02 05:45:00,TF_M,5,,,,,,,5000,6000,,170,73115.0,212741.0,139626.0,1.5236488906077665,0.5058823529411764,430.0882352941176,2473.732558139535,-1662.2142857142858,16843.0,11853.0,0.16843,5,5,1.0,34.0,9.838699100999074,0.289373502970561,19,0.08193941051767763,4.340972510835362,39.161731518840185,4.991731226897549,True,True,True,,,47.0,7.0,12.0,39.0,9.0,5.0,4.0,48.0,,,,,,,,,,,0.0,,,,,,,,,,,,,,,,,,,,,,,,,,,,,,3.0,3.0,389.0952380952381,432.38655462184875,51.0,210.4447416491474,True,True,2.8849386434787707,0.0,4,5,1,1,0.9371975890324559,0.4592332385853168,9.0,0.48930597114620883,0.1206896551724138,200.0,57.0,0.07576859082674704,85.0,128.44498777506112,430.0882352941176,155.89746682750302,274.1907684666146,True,True,True,True,True,—,43596.0,27207.0,360.297520661157,121.0,2.0,4.0,0.48930597114620883,True,20313.0,31563.549999999996,55550.0
352,28837.0,193984.0,165147.0,1.1746141316524066,0.5227272727272727,81.92329545454545,1054.2608695652175,-983.0178571428571,19398.0,17223.0,0.19398,10,5,0.5,35.2,10.097524449091472,0.2868614900310077,13,0.13839858515102127,1.486596556346015,236.78246696951834,0.885997081126039,2012-01-10 13:15:00,2021-06-02 13:15:00,BO,5,,,,,,,2500,4000,,127,66647.0,219105.0,152458.0,1.4371499035800024,0.5118110236220472,524.7795275590552,3370.846153846154,-2459.0,17980.0,15054.0,0.1798,5,5,1.0,25.4,6.590902821313632,0.2594843630438438,15,0.059882665386288954,3.7067296996662957,34.26200729215118,5.895021524663214,True,True,True,,,47.0,7.0,-34.0,28.0,13.0,6.0,-1.0,184.0,,,,,,,,,,0.0,0.0,,,,,,,,0.0,5.0,0.0,,,,,,,,,,,,,,,,,,,,3.0,3.0,215.07894736842104,507.17343409078813,38.0,177.19854763380613,True,True,2.8364533104204717,0.0,4,5,1,1,1.3568023885243061,0.927051332586041,12.0,0.3376628437813161,0.13636363636363635,200.0,43.0,0.08257143512779117,64.0,208.12121212121212,524.7795275590552,371.6471816283925,153.13234593066267,True,True,True,True,True,—,39555.0,12303.0,226.02857142857144,175.0,4.0,5.0,0.3376628437813161,True,24921.5,38863.549999999996,59815.0
440,55750.0,342750.0,287000.0,1.1942508710801394,0.4318181818181818,126.70454545454545,1803.9473684210527,-1148.0,28855.0,27749.0,0.28855,10,6,0.6,44.0,8.87693640846886,0.20174855473792863,20,0.12333632286995516,1.9320741639230636,227.73452914798207,1.1235308726871045,2012-01-13 02:00:00,2021-06-01 16:30:00,TF_M,5,,,,,,,1500,6000,,198,68583.0,287548.0,218965.0,1.3132144406640331,0.2676767676767677,346.3787878787879,5425.433962264151,-1510.103448275862,24226.0,21216.0,0.24226,5,4,0.8,39.6,17.281203661782357,0.4363940318631908,17,0.0873540090109794,2.8309667299595476,69.94077249464154,3.352075457536128,True,True,True,,,54.0,9.0,-48.0,17.0,13.0,5.0,-1.0,368.0,,,,,,,,,,,0.0,,,,,,,,,,,,,,,,,,,,,,,,,,,,,,3.0,3.0,172.7391304347826,384.7773458425632,52.0,169.48520918747698,True,True,2.776399131230785,0.0,4,5,1,1,0.8546440516254917,0.2880405815516467,9.0,0.48930597114620883,0.11538461538461539,200.0,51.0,0.06968988201955653,99.0,51.12096774193548,346.3787878787879,68.13253012048193,278.24625775830594,True,True,True,True,True,—,43596.0,27207.0,360.297520661157,121.0,2.0,4.0,0.48930597114620883,True,33534.5,52955.95,83296.0
358,47353.0,185381.0,138028.0,1.3430680731445794,0.5754189944134078,132.2709497206704,899.9077669902913,-908.078947368421,20598.0,20132.0,0.20598,10,5,0.5,35.8,9.877246579892597,0.2759007424551005,14,0.04077883133064431,2.298912515778231,155.72580406732413,1.3882104189912874,2012-01-10 13:15:00,2021-06-01 20:00:00,BO,5,,,,,,,3000,1500,,134,42879.0,143838.0,100959.0,1.4247169643122455,0.7313432835820896,319.9925373134328,1467.734693877551,-2804.4166666666665,14829.0,13554.0,0.14829,5,3,0.6,26.8,7.359347797189639,0.27460252974588206,15,0.042934769934000326,2.8915638276350393,46.34170573007766,3.958104646604287,True,True,True,,,47.0,7.0,-34.0,28.0,13.0,6.0,-1.0,184.0,,,,,,,,,,0.0,0.0,,,,,,,,0.0,5.0,0.0,,,,,,,,,,,,,,,,,,,,3.0,3.0,109.57142857142857,313.89337474120083,42.0,108.04959013805264,True,True,2.7686676288292467,0.0,4,5,1,1,1.0737926253412757,0.7430656396991266,12.0,0.3376628437813161,0.09090909090909091,200.0,43.0,0.048800809270588795,67.0,92.53225806451613,319.9925373134328,143.260147601476,176.7323897119568,True,True,True,True,True,—,39555.0,12303.0,226.02857142857144,175.0,4.0,5.0,0.3376628437813161,True,16914.0,26660.649999999998,44020.0
376,55891.0,349400.0,293509.0,1.1904234623129104,0.5319148936170213,148.6462765957447,1747.0,-1667.6647727272727,25617.0,24747.0,0.25617,10,10,1.0,37.6,11.482160075525858,0.3053765977533473,25,0.03705426633984005,2.1817933403599175,172.3352954858564,1.3989212126181256,2012-01-13 02:00:00,2021-06-01 16:30:00,TF_M,5,,,,,,,1750,2000,,226,48716.0,236929.0,188213.0,1.258834405699925,0.5265486725663717,215.55752212389382,1991.0,-1759.0,22628.0,18961.0,0.22628,5,4,0.8,45.2,20.409801566894277,0.45154428245341316,17,0.04086952951802283,2.15290790171469,104.97430002463256,2.1584572538027236,True,True,True,,,54.0,9.0,-48.0,17.0,13.0,5.0,-1.0,920.0,,,,,,,,,,,0.0,,,,,,,,,,,,,,,,,,,,,,,,,,,,,,3.0,2.0,-66.92682926829268,249.31532447262063,61.0,105.47358270070227,True,True,2.7439676642263016,0.0,4,5,1,1,0.7770582514273571,0.056561533038952,9.0,0.48930597114620883,0.0625,200.0,47.0,0.03040334334936312,113.0,9.94308943089431,215.55752212389382,7.41,208.14752212389382,True,True,True,True,True,—,43596.0,27207.0,360.297520661157,121.0,2.0,4.0,0.48930597114620883,True,26069.0,40098.2,65268.0
359,43779.0,183894.0,140115.0,1.3124504870998823,0.5682451253481894,121.94707520891365,901.4411764705883,-903.9677419354839,18223.0,17757.0,0.18223,10,5,0.5,35.9,9.65867485734974,0.2690438678927504,15,0.04410790561684826,2.402403555945783,149.43367824756163,1.360707585032782,2012-01-10 13:15:00,2021-06-02 13:15:00,BO,5,,,,,,,2500,1500,,134,42204.0,139365.0,97161.0,1.4343718158520393,0.7089552238805971,314.95522388059703,1467.0,-2491.3076923076924,12329.0,11054.0,0.12329,5,4,0.8,26.8,7.359347797189639,0.27460252974588206,15,0.04362145768173633,3.4231486738583827,39.14524689602881,4.2725607289972265,True,True,True,,,47.0,7.0,-34.0,28.0,13.0,6.0,-1.0,184.0,,,,,,,,,,0.0,0.0,,,,,,,,0.0,5.0,0.0,,,,,,,,,,,,,,,,,,,,3.0,3.0,157.1904761904762,310.38233264320223,42.0,106.34867655930348,True,True,2.694527580217934,0.0,4,5,1,1,1.100444552379117,0.7379471807154282,12.0,0.3376628437813161,0.06818181818181818,200.0,43.0,0.03317793511574529,67.0,81.13736263736264,314.95522388059703,142.35036496350364,172.6048589170934,True,True,True,True,True,—,39555.0,12303.0,226.02857142857144,175.0,4.0,5.0,0.3376628437813161,True,16556.5,26040.749999999993,39074.0
343,50788.0,330863.0,280075.0,1.181337141837008,0.41690962099125367,148.06997084548104,2313.7272727272725,-1400.375,21918.0,20455.0,0.21918,10,7,0.7,34.3,8.718371407550839,0.2541799244183918,24,0.061845317791604314,2.3171822246555345,148.0246121130976,1.5065025955198637,2012-01-13 02:00:00,2021-06-01 16:30:00,TF_M,5,,,,,,,1500,3000,,216,61056.0,257226.0,196170.0,1.311240250802875,0.39814814814814814,282.6666666666667,2991.0,-1509.0,21975.0,21180.0,0.21975,5,4,0.8,43.2,19.963967541548445,0.46212887827658433,17,0.048987814465408806,2.778430034129693,77.74174528301886,2.8721922785548997,True,True,True,,,54.0,9.0,-48.0,17.0,13.0,5.0,-1.0,920.0,,,,,,,,,,,0.0,,,,,,,,,,,,,,,,,,,,,,,,,,,,,,3.0,2.0,-64.55555555555556,332.122831692452,56.0,138.31048784399505,True,True,2.683213704087701,0.0,4,5,1,1,0.8043303044817892,0.0538627269580015,8.0,0.48930597114620883,0.16666666666666666,200.0,47.0,0.10852114440566205,108.0,93.76712328767124,282.6666666666667,62.28099173553719,220.3856749311295,True,True,True,True,True,—,43596.0,27207.0,360.297520661157,121.0,2.0,4.0,0.48930597114620883,True,27089.5,43388.45,77814.0
351,38861.0,203412.0,164551.0,1.2361638640907682,0.5327635327635327,110.71509971509971,1087.764705882353,-1003.359756097561,21773.0,19598.0,0.21773,10,5,0.5,35.1,10.319399207318225,0.29399997741647366,12,0.15416484393093333,1.7848252422725395,196.65790895756672,1.1301889944508832,2012-01-10 13:15:00,2021-06-01 20:00:00,BO,5,,,,,,,3000,6000,,125,58600.0,244344.0,185744.0,1.3154879834611077,0.472,468.8,4141.423728813559,-2814.3030303030305,26599.0,19614.0,0.26599,5,4,0.8,25.0,6.164414002968976,0.24657656011875903,15,0.10223549488054608,2.2030903417421706,56.73848122866894,4.329704958070743,True,True,True,,,47.0,7.0,-34.0,28.0,13.0,6.0,-1.0,184.0,,,,,,,,,,0.0,0.0,,,,,,,,0.0,5.0,0.0,,,,,,,,,,,,,,,,,,,,3.0,2.0,-357.9189189189189,422.28456363340086,37.0,158.296341164681,True,True,2.6528369287303137,0.0,4,5,1,1,1.1601140635070053,0.8716090874153772,12.0,0.3376628437813161,0.06976744186046512,200.0,42.0,0.033952569822224284,63.0,169.47205159705157,468.8,317.2887828162291,151.5112171837709,True,True,True,True,True,—,39555.0,12303.0,226.02857142857144,175.0,4.0,5.0,0.3376628437813161,True,30552.0,48722.94999999998,80456.0
392,114712.0,336356.0,221644.0,1.5175506668351049,0.2576530612244898,292.6326530612245,3330.2574257425745,-761.6632302405499,27413.0,26433.0,0.27413,10,8,0.8,39.2,15.018655066283397,0.38312895577253564,27,0.055059627589092684,4.184583956516981,93.67717414045609,2.6622439964720512,2012-01-10 17:15:00,2021-06-01 17:00:00,TF_U,5,,,,,,,750,5000,,339,58949.0,274505.0,215556.0,1.2734741784037558,0.16224188790560473,173.89085545722713,4991.0,-759.0,26308.0,26013.0,0.26308,5,5,1.0,67.8,22.754340245324627,0.3356097381316317,33,0.08466640655481857,2.2407252546753837,151.29030178628986,1.6148648519300792,True,True,True,,,,,,,17.0,7.0,-1.0,920.0,,,31.0,52.0,52.0,15.0,,,,,0.0,,,,,,,,,,,,,,,,,,,,,,,,,,,,,,3.0,2.0,-46.610619469026545,176.56684100241785,109.0,49.14735944736287,True,True,2.6457625104104663,0.6860540374568513,5,5,1,1,1.00124415462339,0.7578589089276931,9.0,0.2826333755051996,0.1565217391304348,200.0,114.0,0.11782329943213254,170.0,35.101465561642556,173.89085545722713,6.2264808362369335,167.6643746209902,True,True,True,True,True,—,44448.0,42324.0,272.6871165644172,163.0,4.0,5.0,0.2826333755051996,True,25047.0,38074.99999999999,58204.0
546,85006.0,290936.0,205930.0,1.4127907541397562,0.2673992673992674,155.6886446886447,1992.7123287671234,-514.825,15551.0,13970.0,0.15551,10,8,0.8,54.6,24.61787968123981,0.45087691723882434,23,0.026362844975648777,5.4662722654491676,99.8852551584594,1.880533749425935,2012-01-10 17:15:00,2021-05-25 08:45:00,TF_U,5,,,,,,,500,2000,,372,45807.0,187314.0,141507.0,1.3237083677839259,0.25268817204301075,123.13709677419355,1992.7021276595744,-509.01798561151077,21945.0,13684.0,0.21945,5,5,1.0,74.4,23.938253904577085,0.32175072452388553,37,0.046957888532320385,2.0873547505126453,178.21599318881394,1.252058070727804,True,True,True,,,,,,,17.0,7.0,-1.0,0.0,,,31.0,52.0,52.0,15.0,,,,,0.0,,,,,,,,,,,,,,,,,,,,,,,,,,,,,,3.0,3.0,7.528925619834711,122.66669560386138,119.0,34.80265331120075,True,True,2.643177999126771,0.5661416943892978,5,5,1,1,1.0304462549692721,0.6667758782366455,8.0,0.2826333755051996,0.23893805309734514,200.0,112.0,0.19130594070350074,186.0,61.789456970466816,123.13709677419355,62.35494155154091,60.78215522265264,True,True,True,True,True,—,44448.0,42324.0,272.6871165644172,163.0,4.0,5.0,0.2826333755051996,True,13898.5,22148.199999999997,31368.0
504,85679.0,203541.0,117862.0,1.726943374454871,0.10119047619047619,169.99801587301587,3991.0,-260.18101545253865,11444.0,8806.0,0.11444,10,9,0.9,50.4,24.35241261148472,0.48318278991041114,17,0.04658084244680727,7.486805312827682,67.3184327548174,2.393636962781628,2012-01-10 17:15:00,2021-05-25 17:30:00,TF_U,5,,,,,,,250,4000,,365,62625.0,147667.0,85042.0,1.736400837233367,0.10136986301369863,171.57534246575344,3991.0,-259.2743902439024,23692.0,13636.0,0.23692,5,5,1.0,73.0,23.916521486202797,0.327623582002778,37,0.06372854291417165,2.6432973155495527,138.08510978043913,1.679025790420932,True,True,True,,,,,,,17.0,7.0,-1.0,0.0,,,31.0,52.0,52.0,15.0,,,,,0.0,,,,,,,,,,,,,,,,,,,,,,,,,,,,,,3.0,3.0,100.61538461538461,175.26370308435526,115.0,48.492918194556516,True,True,2.5833157457458755,1.0283078807738824,5,5,1,1,1.029299399328158,0.6478996047735651,8.0,0.2826333755051996,0.20353982300884957,200.0,112.0,0.15923050214780335,183.0,93.10559187985382,171.57534246575344,101.09635974304068,70.47898272271276,True,True,True,True,True,—,44448.0,42324.0,272.6871165644172,163.0,4.0,5.0,0.2826333755051996,True,13209.0,19943.0,32200.0
320,42085.0,141382.0,99297.0,1.423829521536401,0.896875,131.515625,492.62020905923345,-3009.0,16988.0,16153.0,0.16988,10,8,0.8,32.0,10.12916580968048,0.316536431552515,15,0.017607223476297968,2.4773369437249824,129.17096352619697,1.5198809852131143,2012-01-10 10:30:00,2021-06-01 17:00:00,TF_M,5,,,,,,,3000,500,,169,30584.0,75719.0,45135.0,1.6776116096155977,0.9112426035502958,180.97041420118344,491.6818181818182,-3009.0,9732.0,6572.0,0.09732,5,4,0.8,33.8,9.987992791347018,0.2955027453061248,19,0.019487313628040806,3.14262227702425,53.77674601098613,2.7631845055282414,True,True,True,,,47.0,7.0,12.0,39.0,9.0,5.0,4.0,0.0,,,,,,,,,,,0.0,,,,,,,,,,,,,,,,,,,,,,,,,,,,,,3.0,3.0,55.375,183.19907407407405,50.0,88.54990426944173,True,True,2.570496511460047,0.1225912060140166,5,5,1,1,1.2177736915325095,0.9603523359315237,7.0,0.48930597114620883,0.034482758620689655,200.0,57.0,0.014317132881312047,85.0,-42.333333333333336,180.97041420118344,-7.080143540669856,188.0505577418533,True,True,True,True,True,—,43596.0,27207.0,360.297520661157,121.0,2.0,4.0,0.48930597114620883,True,13635.0,21399.199999999997,33649.0
377,98992.0,315323.0,216331.0,1.4575950742149761,0.246684350132626,262.57824933687004,3390.569892473118,-761.7288732394367,26336.0,24268.0,0.26336,10,8,0.8,37.7,14.021768789992224,0.37193020663109344,27,0.06380313560691774,3.758809234507898,100.29772102796184,2.437177703737468,2012-01-10 17:15:00,2021-06-01 17:00:00,TF_U,5,,,,,,,750,6000,,329,67539.0,281577.0,214038.0,1.3155467720685112,0.14285714285714285,205.28571428571428,5991.0,-759.0,27264.0,26049.0,0.27264,5,5,1.0,65.8,22.903274875004232,0.34807408624626496,33,0.08870430417980722,2.4772227112676055,132.81002087682674,1.87269605774646,True,True,True,,,,,,,17.0,7.0,-1.0,920.0,,,31.0,52.0,52.0,15.0,,,,,0.0,,,,,,,,,,,,,,,,,,,,,,,,,,,,,,3.0,3.0,68.83018867924528,211.61453391225868,104.0,58.020594371567405,True,True,2.5621826926323097,0.751505471176676,5,5,1,1,1.1106526988418521,0.7479331989945718,9.0,0.2826333755051996,0.14782608695652175,200.0,114.0,0.11023405098525353,165.0,61.17189079878665,205.28571428571428,63.469733656174334,141.81598062953995,True,True,True,True,True,—,44448.0,42324.0,272.6871165644172,163.0,4.0,5.0,0.2826333755051996,True,26902.0,42520.74999999999,76133.0
428,56818.0,350402.0,293584.0,1.1935323450869257,0.4485981308411215,132.75233644859813,1825.0104166666667,-1244.0,27956.0,26901.0,0.27956,10,6,0.6,42.8,8.482924024179399,0.1981991594434439,20,0.12101798725755922,2.032408069824009,210.5876306804182,1.1959362010359138,2012-01-13 02:00:00,2021-06-01 16:30:00,TF_M,5,,,,,,,1750,6000,,197,62412.0,306512.0,244100.0,1.255682097501024,0.2893401015228426,316.81218274111677,5377.403508771929,-1743.5714285714287,29733.0,26716.0,0.29733,5,4,0.8,39.4,17.00117642988273,0.43150193984473934,17,0.0959911555470102,2.0990818282716175,93.85055758507978,2.767488742221568,True,True,True,,,54.0,9.0,-48.0,17.0,13.0,5.0,-1.0,368.0,,,,,,,,,,,0.0,,,,,,,,,,,,,,,,,,,,,,,,,,,,,,3.0,3.0,214.68421052631578,346.6186313051301,52.0,155.0180927470923,True,True,2.5397983362534804,0.0,4,5,1,1,0.8505600923446114,0.4051290554779417,10.0,0.48930597114620883,0.1346153846153846,200.0,51.0,0.08465859758469724,99.0,0.6336206896551724,316.81218274111677,41.12610340479193,275.68607933632484,True,True,True,True,True,—,43596.0,27207.0,360.297520661157,121.0,2.0,4.0,0.48930597114620883,True,37014.5,58429.8,82631.0
736,104161.0,317146.0,212985.0,1.4890532197103081,0.3953804347826087,141.52309782608697,1089.8487972508592,-478.6179775280899,6405.0,5233.0,0.06405,10,10,1.0,73.6,17.442476888332113,0.23699017511320808,23,0.0239149009706128,16.262451209992193,45.25763001507281,2.6636129273279883,2012-01-10 17:15:00,2021-06-01 17:30:00,TF_U,5,,,,,,,500,2500,,286,45536.0,158534.0,112998.0,1.4029805837271456,0.22377622377622378,159.21678321678323,2477.09375,-509.0,17666.0,15941.0,0.17666,5,4,0.8,57.2,23.163764806265842,0.40496092318646576,26,0.054703970484891076,2.5776067021397036,110.9556394940267,1.804359568036113,True,True,True,,,,,,,17.0,3.0,4.0,184.0,,,63.0,79.0,37.0,137.0,,,,,0.0,,,,,,,,,,,,,,,,,,,,,,,,,,,,,,3.0,3.0,42.666666666666664,160.1830065359477,85.0,44.99997687763906,True,True,2.5354556203590635,0.28397987265914176,5,5,1,1,0.8317911798461315,0.30895923585854185,10.0,0.2826333755051996,0.14414414414414414,200.0,110.0,0.1064564168623459,143.0,53.6304630264535,159.21678321678323,53.29054054054054,105.92624267624268,True,True,True,True,True,—,44448.0,42324.0,272.6871165644172,163.0,4.0,5.0,0.2826333755051996,True,12277.0,19143.049999999996,30825.0
618,135854.21227965102,352531.557004197,216677.34472454595,1.6269885411987006,0.540453074433657,219.82882245898224,1055.4837036053802,-762.9483969174154,16174.542639242121,14022.40015766985,0.1617454263924212,10,9,0.9,61.8,12.568213874691981,0.20336915654841395,29,0.08296190665567085,8.399261438777637,73.57789783120965,2.6035863360943656,2012-01-10 13:30:00,2021-05-27 23:00:00,RBB_M,5,,,,,,,4000,0,,282,72790.59475800474,388351.57234604994,315560.9775880452,1.2306704565132593,0.46099290780141844,258.1226764468253,2987.319787277307,-2076.0590630792444,29268.577354848378,25564.980433339282,0.2926857735484838,5,3,0.6,56.4,17.3735431043872,0.30804154440402837,31,0.6750606824255951,2.4869877983989843,113.39018236500374,2.2726298549355173,True,True,True,,,17.0,46.0,27.0,45.0,1.0,0.0,4.0,0.0,,,,,,,,,,,1.0,,,,,,,,,,,50.0,1.5,,,,,,,,,,,,,,,,,,3.0,2.0,-12.520918435275002,264.761359531483,90.0,142.16485893731473,True,True,2.5345110542702054,0.18510642545299671,5,5,1,1,2.9826230937656795,0.0,7.0,0.5507647018629975,0.11627906976744186,200.0,42.0,0.06687780069561336,141.0,-59.07949279260574,258.1226764468253,-27.087220244433137,285.20989669125845,True,True,True,True,True,—,50511.25674436547,42109.49213643032,124.4119624245455,406.0,3.0,5.0,0.5507647018629975,True,34912.45926221835,54830.15459009373,78723.427251288
264,17814.0,74073.0,56259.0,1.3166426705060523,0.5227272727272727,67.47727272727273,536.7608695652174,-446.5,6327.0,5487.0,0.06327,10,6,0.6,26.4,8.06473806146238,0.30548250232812046,7,0.33630852138767264,2.815552394499763,93.76490400808352,1.2777972777028643,2012-02-03 12:00:00,2021-05-04 13:30:00,BO,5,,,,,,,1500,6000,,107,40407.0,116094.0,75687.0,1.5338697530619525,0.45794392523364486,377.6355140186916,2369.265306122449,-1304.948275862069,19773.0,17406.0,0.19773,5,3,0.6,21.4,9.350935782048767,0.4369596159835873,6,0.14826638948697007,2.0435442269761794,52.36001187912985,4.0451990953078925,True,True,True,,,47.0,48.0,35.0,50.0,10.0,5.0,-1.0,48.0,,,,,,,,,,2.0,0.0,,,,,,,,0.0,5.0,0.0,,,,,,,,,,,,,,,,,,,,3.0,2.0,-1.0,403.63690476190476,32.0,127.51348157637047,True,True,2.5084183329592724,0.0,4,5,1,1,0.9491857672883763,0.18160962292901658,12.0,0.3376628437813161,0.06,200.0,49.0,0.02918310538453408,54.0,84.67231638418079,377.6355140186916,150.6113074204947,227.02420659819688,True,True,True,True,True,—,39555.0,12303.0,226.02857142857144,175.0,4.0,5.0,0.3376628437813161,True,13670.5,21631.699999999993,32314.0
352,43207.0,195388.0,152181.0,1.2839184917959534,0.5340909090909091,122.7471590909091,1039.2978723404256,-927.9329268292682,18147.0,16098.0,0.18147,10,6,0.6,35.2,10.097524449091472,0.2868614900310077,13,0.06922489411437961,2.3809445087342263,147.84048880968362,1.3725000991094898,2012-01-10 13:15:00,2021-06-02 13:15:00,BO,5,,,,,,,2000,3000,,131,39091.0,177712.0,138621.0,1.2819991199024678,0.4732824427480916,298.40458015267177,2866.3225806451615,-2009.0,14208.0,12054.0,0.14208,5,5,1.0,26.2,6.910861017268399,0.2637733212697862,15,0.07651377554935919,2.751337274774775,47.613210201836736,3.7708769875069947,True,True,True,,,47.0,7.0,-34.0,28.0,13.0,6.0,-1.0,184.0,,,,,,,,,,0.0,0.0,,,,,,,,0.0,5.0,0.0,,,,,,,,,,,,,,,,,,,,3.0,3.0,136.0,292.37318840579707,40.0,100.76013913172083,True,True,2.4984664560082415,0.0,4,5,1,1,1.1038822411212952,0.6593144629342468,12.0,0.3376628437813161,0.18181818181818182,200.0,43.0,0.1186230459450793,66.0,138.2972972972973,298.40458015267177,222.3531669865643,76.05141316610747,True,True,True,True,True,—,39555.0,12303.0,226.02857142857144,175.0,4.0,5.0,0.3376628437813161,True,21918.0,34455.549999999996,55274.0
349,50639.0,156974.0,106335.0,1.476221375840504,0.3553008595988539,145.0974212034384,1265.9193548387098,-472.6,11323.0,6617.0,0.11323,10,9,0.9,34.9,8.982761268117951,0.25738570968819346,15,0.07881277276407513,4.472224675439371,78.03722427378108,2.053914187679961,2012-01-10 10:30:00,2021-06-01 16:45:00,TF_M,5,,,,,,,500,4000,,169,34554.0,106323.0,71769.0,1.4814613551812064,0.16568047337278108,204.46153846153845,3797.25,-509.0,13192.0,11869.0,0.13192,5,4,0.8,33.8,10.146920715172657,0.300204754886765,18,0.11550037622272386,2.61931473620376,64.52069224981189,2.681387976527553,True,True,True,,,47.0,7.0,12.0,39.0,9.0,5.0,4.0,184.0,,,,,,,,,,,0.0,,,,,,,,,,,,,,,,,,,,,,,,,,,,,,3.0,2.0,-38.90196078431372,196.90569561157795,51.0,100.044251638971,True,True,2.4802257902431273,0.1666854408246158,5,5,1,1,1.0069523371087412,0.4904250253283733,10.0,0.48930597114620883,0.17543859649122806,200.0,56.0,0.11982118780374568,85.0,38.02956989247312,204.46153846153845,91.93261131167269,112.52892714986577,True,True,True,True,True,—,43596.0,27207.0,360.297520661157,121.0,2.0,4.0,0.48930597114620883,True,12835.5,21009.399999999998,36176.0
264,14714.0,63205.0,48491.0,1.3034377513352993,0.4734848484848485,55.734848484848484,505.64,-348.8561151079137,10101.0,9456.0,0.10101,10,5,0.5,26.4,8.06473806146238,0.30548250232812046,7,0.2712382764713878,1.4566874566874566,181.23311132254995,0.8353106026195659,2012-02-03 12:00:00,2021-05-04 13:30:00,BO,5,,,,,,,500,4000,,107,19692.0,60546.0,40854.0,1.4820091055955353,0.24299065420560748,184.0373831775701,2328.6923076923076,-504.3703703703704,8780.0,6462.0,0.0878,5,3,0.6,21.4,9.350935782048767,0.4369596159835873,6,0.202671135486492,2.2428246013667428,47.70769855778997,2.9584357788287536,True,True,True,,,47.0,48.0,35.0,50.0,10.0,5.0,-1.0,48.0,,,,,,,,,,2.0,0.0,,,,,,,,0.0,5.0,0.0,,,,,,,,,,,,,,,,,,,,3.0,3.0,23.75,189.82440476190473,32.0,62.142586165810066,True,True,2.4290241869373665,0.0,3,5,1,1,1.047282315256969,0.12512662173030373,13.0,0.3376628437813161,0.22,200.0,49.0,0.15392806726153163,54.0,102.03896103896103,184.0373831775701,131.569176882662,52.4682062949081,True,True,True,True,True,—,39555.0,12303.0,226.02857142857144,175.0,4.0,5.0,0.3376628437813161,True,9077.5,14328.35,20790.0
220,25865.0,243952.0,218087.0,1.118599458014462,0.509090909090909,117.56818181818181,2178.1428571428573,-2019.3240740740741,23372.0,21864.0,0.23372,10,6,0.6,22.0,3.794733192202055,0.17248787237282068,12,0.1543011791996907,1.1066660961834673,198.7952832012372,1.1583644423621209,2012-01-10 13:15:00,2021-06-02 13:15:00,BO,5,,,,,,,3000,4000,,120,48045.0,231594.0,183549.0,1.2617557164571858,0.49166666666666664,400.375,3925.322033898305,-3009.0,20480.0,17072.0,0.2048,5,5,1.0,24.0,5.932958789676531,0.2472066162365221,15,0.08306795712353002,2.345947265625,51.15204495785201,4.2141047842080095,True,True,True,,,47.0,7.0,-34.0,28.0,13.0,6.0,-1.0,644.0,,,,,,,,,,0.0,0.0,,,,,,,,0.0,5.0,0.0,,,,,,,,,,,,,,,,,,,,3.0,3.0,188.91666666666666,385.00252525252523,36.0,135.19176107894444,True,True,2.3997463552109335,0.0,4,5,1,1,1.3878669480613477,0.0,12.0,0.3376628437813161,0.24444444444444444,200.0,44.0,0.17159879229480512,60.0,211.91480513307985,400.375,372.2049549549549,28.17004504504507,True,True,True,True,True,—,39555.0,12303.0,226.02857142857144,175.0,4.0,5.0,0.3376628437813161,True,36707.0,59174.6,87708.0
648,117608.0,355763.0,238155.0,1.4938296487581617,0.45987654320987653,181.49382716049382,1193.8355704697988,-680.4428571428572,15041.0,13034.0,0.15041,10,9,0.9,64.8,14.2884568795934,0.2205008777715031,28,0.03818617781103326,7.8191609600425505,82.87334194952724,2.2290861719427313,2012-01-10 17:15:00,2021-05-26 17:45:00,TF_U,5,,,,,,,750,4500,,346,63096.0,274407.0,211311.0,1.2985930689836307,0.1936416184971098,182.35838150289018,4095.626865671642,-757.3870967741935,29208.0,27576.0,0.29208,5,4,0.8,69.2,23.625410049351526,0.3414076596727099,33,0.07117725370863447,2.160230073952342,160.168124762267,1.6072305311259891,True,True,True,,,,,,,17.0,7.0,-1.0,184.0,,,31.0,52.0,52.0,15.0,,,,,0.0,,,,,,,,,,,,,,,,,,,,,,,,,,,,,,3.0,3.0,61.5,186.85226530878705,111.0,51.54056491582681,True,True,2.39713966727751,0.34248911426648254,5,5,1,1,0.9110841892879356,0.5483310541572493,10.0,0.2826333755051996,0.16521739130434782,200.0,114.0,0.1254580111434433,173.0,56.1740492653414,182.35838150289018,59.727375565610856,122.63100593727933,True,True,True,True,True,—,44448.0,42324.0,272.6871165644172,163.0,4.0,5.0,0.2826333755051996,True,20012.0,31143.499999999978,41509.0
643,99953.0,338108.0,238155.0,1.4196972559887469,0.4556765163297045,155.447900466563,1153.9522184300342,-680.4428571428572,15041.0,13034.0,0.15041,10,8,0.8,64.3,13.535508856337836,0.21050558096948424,28,0.07494522425540004,6.645369323848149,96.75910678018668,1.9091931158690698,2012-01-10 17:15:00,2021-05-26 17:45:00,TF_U,5,,,,,,,750,7500,,326,81151.0,287149.0,205998.0,1.3939407178710472,0.1656441717791411,248.92944785276075,5317.574074074074,-757.3455882352941,25340.0,22605.0,0.2534,5,5,1.0,65.2,23.37006632425334,0.35843660006523526,32,0.09230939852866878,3.2024861878453037,101.79591132580005,2.355463209070703,True,True,True,,,,,,,17.0,7.0,-1.0,184.0,,,31.0,52.0,52.0,15.0,,,,,0.0,,,,,,,,,,,,,,,,,,,,,,,,,,,,,,3.0,3.0,114.27731092436974,259.48075473179927,100.0,70.35577010927133,True,True,2.3594658812882168,0.34248911426648254,5,5,1,1,0.9262058390115608,0.6131346714023749,10.0,0.2826333755051996,0.1282051282051282,200.0,116.0,0.09355343388394134,163.0,80.8732790988736,248.92944785276075,83.04819277108433,165.88125508167641,True,True,True,True,True,—,44448.0,42324.0,272.6871165644172,163.0,4.0,5.0,0.2826333755051996,True,22158.0,35260.45,62553.0
282,35652.0,348699.0,313047.0,1.1138870521039972,0.475177304964539,126.42553191489361,2602.231343283582,-2115.1824324324325,28963.0,28743.0,0.28963,10,6,0.6,28.2,5.635601121442148,0.19984401139865773,21,0.11194322899136093,1.2309498325449713,229.09138337260183,1.118964663982326,2012-01-13 02:00:00,2021-06-01 17:00:00,TF_M,5,,,,,,,2500,4000,,194,91754.0,355199.0,263445.0,1.348285220824081,0.4587628865979381,472.9587628865979,3991.0,-2509.0,23934.0,21671.0,0.23934,5,5,1.0,38.8,17.13942822850284,0.4417378409407949,17,0.043496741286483426,3.8336258042951448,50.60483466660854,4.604887108956133,True,True,True,,,54.0,9.0,-48.0,17.0,13.0,5.0,-1.0,920.0,,,,,,,,,,,0.0,,,,,,,,,,,,,,,,,,,,,,,,,,,,,,3.0,3.0,107.88311688311688,554.8407181054239,51.0,231.4215467863363,True,True,2.357424389924637,0.16640945242078772,5,5,1,1,0.8340513718504541,0.0,9.0,0.48930597114620883,0.14814814814814814,200.0,53.0,0.09623196755356402,97.0,164.38709677419354,472.9587628865979,160.08212560386474,312.8766372827332,True,True,True,True,True,—,43596.0,27207.0,360.297520661157,121.0,2.0,4.0,0.48930597114620883,True,38387.5,59724.0,89785.0
617,89417.0,366295.0,276878.0,1.3229472908645685,0.5105348460291734,144.92220421393841,1162.8412698412699,-916.8145695364238,14492.0,12962.0,0.14492,10,9,0.9,61.7,12.86895489152091,0.20857301282853988,26,0.15166019884362034,6.170093844879934,99.99847903642484,1.8133186273076696,2012-01-10 17:15:00,2021-05-26 17:45:00,TF_U,5,,,,,,,1250,0,,300,91035.0,375658.0,284623.0,1.3198441447107225,0.24333333333333335,303.45,5146.0,-1253.8458149779735,29723.0,25713.0,0.29723,5,5,1.0,60.0,22.081666603768838,0.3680277767294806,28,0.1796671609820399,3.062779665578845,97.95023891909706,2.6512102843300998,True,True,True,,,,,,,17.0,7.0,-1.0,184.0,,,31.0,52.0,52.0,15.0,,,,,0.0,,,,,,,,,,,,,,,,,,,,,,,,,,,,,,3.0,3.0,93.5229357798165,321.1913448936385,91.0,85.76509779705282,True,True,2.3567888174808562,0.706139126070066,5,5,1,1,0.9638583269587092,0.6319123202954658,8.0,0.2826333755051996,0.18032786885245902,200.0,121.0,0.13991143375077494,150.0,167.30057803468208,303.45,241.02762430939225,62.42237569060774,True,True,True,True,True,—,44448.0,42324.0,272.6871165644172,163.0,4.0,5.0,0.2826333755051996,True,31126.0,48924.7,79354.0
490,86350.0,202140.0,115790.0,1.7457466102426806,0.09183673469387756,176.22448979591837,4492.0,-260.2022471910112,13096.0,10619.0,0.13096,10,9,0.9,49.0,23.630488780387086,0.48225487306912423,19,0.05253039953676896,6.593616371411118,74.3143022582513,2.3195315458562082,2012-01-10 17:15:00,2021-05-25 17:30:00,TF_U,5,,,,,,,250,4500,,364,62384.0,148203.0,85819.0,1.7269252729582028,0.09065934065934066,171.3846153846154,4491.0,-259.27190332326285,23192.0,13136.0,0.23192,5,5,1.0,72.8,23.726778120933318,0.3259172818809522,37,0.07198961272121057,2.689893066574681,135.3213644524237,1.6951420128927195,True,True,True,,,,,,,17.0,7.0,-1.0,0.0,,,31.0,52.0,52.0,15.0,,,,,0.0,,,,,,,,,,,,,,,,,,,,,,,,,,,,,,3.0,3.0,69.84615384615384,176.63146061100022,115.0,48.439012355814214,True,True,2.3542697916032505,0.8315476225776545,5,5,1,1,1.0921343272425823,0.71622445995204,8.0,0.2826333755051996,0.20353982300884957,200.0,112.0,0.15923050214780335,182.0,93.42987824313126,171.3846153846154,93.12674543501612,78.25786994959927,True,True,True,True,True,—,44448.0,42324.0,272.6871165644172,163.0,4.0,5.0,0.2826333755051996,True,13993.5,21914.649999999998,44973.0
382,51122.0,148372.0,97250.0,1.525676092544987,0.5549738219895288,133.82722513089004,699.8679245283018,-572.0588235294117,8383.0,6488.0,0.08383,10,7,0.7,38.2,9.6,0.2513089005235602,15,0.07806815069832948,6.098294166766074,62.64046790031689,2.2016490625197536,2012-01-10 10:30:00,2021-06-02 05:45:00,TF_M,5,,,,,,,5000,4000,,170,52415.0,188349.0,135934.0,1.3855915370694603,0.5235294117647059,308.3235294117647,2116.2808988764045,-1678.1975308641975,18004.0,12769.0,0.18004,5,4,0.8,34.0,9.838699100999074,0.289373502970561,19,0.0761423256701326,2.9112974894467896,58.3932080511304,3.4611906455484514,True,True,True,,,47.0,7.0,12.0,39.0,9.0,5.0,4.0,48.0,,,,,,,,,,,0.0,,,,,,,,,,,,,,,,,,,,,,,,,,,,,,3.0,3.0,191.08928571428572,303.01233271086215,51.0,150.8645439860502,True,True,2.344449604260311,0.0,4,5,1,1,0.9365671590328226,0.5164921085257232,9.0,0.48930597114620883,0.1724137931034483,200.0,57.0,0.11770895274425111,85.0,129.55263157894737,308.3235294117647,150.87951807228916,157.44401133947554,True,True,True,True,True,—,43596.0,27207.0,360.297520661157,121.0,2.0,4.0,0.48930597114620883,True,20127.5,31693.849999999995,56785.0
382,44247.0,141497.0,97250.0,1.4549820051413882,0.5549738219895288,115.82984293193718,667.438679245283,-572.0588235294117,8383.0,6488.0,0.08383,10,7,0.7,38.2,9.6,0.2513089005235602,15,0.06759780324089769,5.278182035070977,72.37340384658846,1.905566411120683,2012-01-10 10:30:00,2021-06-02 05:45:00,TF_M,5,,,,,,,5000,3000,,170,42450.0,177632.0,135182.0,1.3140210974833928,0.5411764705882353,249.7058823529412,1930.7826086956522,-1733.1025641025642,19772.0,15293.0,0.19772,5,4,0.8,34.0,9.838699100999074,0.289373502970561,19,0.07045936395759718,2.1469755209387014,79.1811542991755,2.6748955421747875,True,True,True,,,47.0,7.0,12.0,39.0,9.0,5.0,4.0,48.0,,,,,,,,,,,0.0,,,,,,,,,,,,,,,,,,,,,,,,,,,,,,3.0,2.0,-33.107142857142854,251.65709617180207,51.0,122.18257926562686,True,True,2.3422842215025255,0.0,4,5,1,1,1.0325681192955127,0.5038288987979108,9.0,0.48930597114620883,0.20689655172413793,200.0,57.0,0.1468172771934644,85.0,92.93154034229829,249.7058823529412,94.63253012048193,155.07335223245926,True,True,True,True,True,—,43596.0,27207.0,360.297520661157,121.0,2.0,4.0,0.48930597114620883,True,20584.0,32918.2,59685.0
545,92715.0,216793.0,124078.0,1.7472315801350764,0.12477064220183487,170.11926605504587,3188.1323529411766,-260.1215932914046,13125.0,10384.0,0.13125,10,10,1.0,54.5,18.543192821086667,0.34024207011168195,32,0.06812274173542576,7.064,77.15175537938845,2.236697225352244,2012-01-10 17:15:00,2021-05-25 17:30:00,TF_U,5,,,,,,,250,5000,,360,53745.0,139748.0,86003.0,1.6249200609281071,0.07777777777777778,149.29166666666666,4991.0,-259.0451807228916,24480.0,12636.0,0.2448,5,5,1.0,72.0,23.65586608010791,0.32855369555705427,37,0.09286445250720997,2.1954656862745097,163.97432319285517,1.437252968755096,True,True,True,,,,,,,17.0,7.0,-1.0,920.0,,,31.0,52.0,52.0,15.0,,,,,0.0,,,,,,,,,,,,,,,,,,,,,,,,,,,,,,3.0,3.0,66.5813953488372,153.96765975654705,113.0,42.19480768479709,True,True,2.3340981015520925,0.780578513387216,5,5,1,1,0.9607075726650135,0.7175637066386049,9.0,0.2826333755051996,0.21929824561403508,200.0,113.0,0.17363013310356973,180.0,93.93636363636364,149.29166666666666,82.09967497291441,67.19199169375224,True,True,True,True,True,—,44448.0,42324.0,272.6871165644172,163.0,4.0,5.0,0.2826333755051996,True,14148.5,21607.8,29186.0
352,33042.0,194200.0,161158.0,1.2050286054679258,0.5255681818181818,93.86931818181819,1049.7297297297298,-965.0179640718563,16788.0,14613.0,0.16788,10,5,0.5,35.2,10.097524449091472,0.2868614900310077,13,0.12078566672719569,1.96819156540386,178.84437988015253,1.091258244369724,2012-01-10 13:15:00,2021-06-02 13:15:00,BO,5,,,,,,,2250,4000,,130,42470.0,200699.0,158229.0,1.2684084459865133,0.45384615384615384,326.6923076923077,3401.677966101695,-2228.5774647887324,18398.0,14286.0,0.18398,5,4,0.8,26.0,6.985699678629192,0.26868075687035353,15,0.09397221568165764,2.308403087292097,56.31598775606311,3.627913770850318,True,True,True,,,47.0,7.0,-34.0,28.0,13.0,6.0,-1.0,184.0,,,,,,,,,,0.0,0.0,,,,,,,,0.0,5.0,0.0,,,,,,,,,,,,,,,,,,,,3.0,2.0,-62.375,308.49818840579707,40.0,110.31185365686534,True,True,2.3257824468802992,0.0,4,5,1,1,1.1905910310082564,0.8119041351552516,12.0,0.3376628437813161,0.18181818181818182,200.0,43.0,0.1186230459450793,65.0,141.77464788732394,326.6923076923077,292.12704918032784,34.565258511979835,True,True,True,True,True,—,39555.0,12303.0,226.02857142857144,175.0,4.0,5.0,0.3376628437813161,True,25763.5,42632.35,59526.0
512,109952.0,349227.0,239275.0,1.4595214711106468,0.365234375,214.75,1867.524064171123,-736.2307692307693,27329.0,26349.0,0.27329,10,8,0.8,51.2,12.998461447417537,0.2538762001448737,29,0.040845096041909196,4.023271982143511,127.25960419091967,1.956701855550327,2012-01-10 17:15:00,2021-05-28 18:15:00,TF_U,5,,,,,,,750,4500,,344,62514.0,276552.0,214038.0,1.2920696324951644,0.18023255813953487,181.72674418604652,4460.5161290322585,-759.0,29208.0,27576.0,0.29208,5,4,0.8,68.8,23.26714421668461,0.33818523570762515,33,0.07183990786063922,2.140304026294166,160.72482963816105,1.601663543900817,True,True,True,,,,,,,17.0,7.0,-1.0,368.0,,,31.0,52.0,52.0,15.0,,,,,0.0,,,,,,,,,,,,,,,,,,,,,,,,,,,,,,3.0,2.0,-15.63716814159292,184.90472773658612,111.0,51.36204312887224,True,True,2.3220604980333848,0.30756361766347284,5,5,1,1,1.0387237755839152,0.5525115675729872,10.0,0.2826333755051996,0.17391304347826086,200.0,114.0,0.13313537037941386,172.0,43.78455639497362,181.72674418604652,40.46039035591274,141.26635383013377,True,True,True,True,True,—,44448.0,42324.0,272.6871165644172,163.0,4.0,5.0,0.2826333755051996,True,22332.0,34068.14999999999,46280.0
645,105865.0,344779.0,238914.0,1.443109235959383,0.4558139534883721,164.13178294573643,1172.7176870748299,-680.6666666666666,15041.0,13034.0,0.15041,10,8,0.8,64.5,13.82208377922808,0.2142958725461718,28,0.05659094129315638,7.038428295990958,91.63977707457612,2.0158475550637642,2012-01-10 17:15:00,2021-05-26 17:45:00,TF_U,5,,,,,,,750,6000,,338,60323.0,274670.0,214347.0,1.2814268452555901,0.16272189349112426,178.47041420118344,4994.0,-757.4098939929329,28753.0,23364.0,0.28753,5,4,0.8,67.6,23.728463919942225,0.35101277988080215,33,0.09931535235316546,2.09797238549021,161.10793561328182,1.5853603931452858,True,True,True,,,,,,,17.0,7.0,-1.0,184.0,,,31.0,52.0,52.0,15.0,,,,,0.0,,,,,,,,,,,,,,,,,,,,,,,,,,,,,,3.0,3.0,9.305785123966942,187.51781596035457,106.0,50.441695593491595,True,True,2.21141046099762,0.34248911426648254,5,5,1,1,0.924249865517122,0.6134380160348509,10.0,0.2826333755051996,0.16521739130434782,200.0,114.0,0.1254580111434433,169.0,27.121043828801785,178.47041420118344,55.77139507620164,122.6990191249818,True,True,True,True,True,—,44448.0,42324.0,272.6871165644172,163.0,4.0,5.0,0.2826333755051996,True,22634.5,35203.399999999994,47816.0
642,88592.0,327506.0,238914.0,1.3708112542588546,0.4532710280373832,137.99376947040497,1125.4501718213057,-680.6666666666666,17581.0,13034.0,0.17581,10,8,0.8,64.2,13.4,0.2087227414330218,28,0.11277541990247426,5.039076275524714,127.40430287159113,1.5676209029307835,2012-01-10 17:15:00,2021-05-26 17:45:00,TF_U,5,,,,,,,750,10000,,318,92053.0,292738.0,200685.0,1.4586939731419888,0.16666666666666666,289.47484276729557,5523.358490566037,-757.3018867924528,27833.0,23911.0,0.27833,5,5,1.0,63.6,23.593219364893805,0.3709625686304057,29,0.10853530031612224,3.307333021952359,96.14997881655134,2.6135702115545647,True,True,True,,,,,,,17.0,7.0,-1.0,184.0,,,31.0,52.0,52.0,15.0,,,,,0.0,,,,,,,,,,,,,,,,,,,,,,,,,,,,,,3.0,3.0,73.9245283018868,297.88923093403696,97.0,81.81525193515766,True,True,2.1737290961569853,0.34248911426648254,5,5,1,1,0.9805839387187196,0.5644548764829762,9.0,0.2826333755051996,0.1271186440677966,200.0,117.0,0.09274880465489949,159.0,114.55711422845691,289.47484276729557,130.3857493857494,159.08909338154618,True,True,True,True,True,—,44448.0,42324.0,272.6871165644172,163.0,4.0,5.0,0.2826333755051996,True,22380.0,35311.9,52495.0
506,109616.0,346614.0,236998.0,1.4625186710436375,0.36363636363636365,216.6324110671937,1883.7717391304348,-736.0186335403727,25504.0,24524.0,0.25504,10,8,0.8,50.6,11.968291440301744,0.23652749882019256,29,0.05761932564589111,4.297992471769135,117.72938257188731,2.043255318998516,2012-01-10 17:15:00,2021-05-28 18:15:00,TF_U,5,,,,,,,750,5000,,339,53494.0,269050.0,215556.0,1.2481675295514854,0.16224188790560473,157.79941002949852,4891.818181818182,-759.0,26308.0,26013.0,0.26308,5,5,1.0,67.8,23.481056194302674,0.3463282624528418,33,0.09330018319811567,2.033373878668086,166.7179870639698,1.4654291063317049,True,True,True,,,,,,,17.0,7.0,-1.0,368.0,,,31.0,52.0,52.0,15.0,,,,,0.0,,,,,,,,,,,,,,,,,,,,,,,,,,,,,,3.0,2.0,-46.610619469026545,162.83719422762073,107.0,44.59937990936622,True,True,2.15407483052189,0.30756361766347284,5,5,1,1,0.9907755725589861,0.5442822049052903,10.0,0.2826333755051996,0.1565217391304348,200.0,114.0,0.11782329943213254,170.0,31.733690420917938,157.79941002949852,8.494172494172494,149.30523753532603,True,True,True,True,True,—,44448.0,42324.0,272.6871165644172,163.0,4.0,5.0,0.2826333755051996,True,24004.5,36946.399999999994,54402.0
497,94117.0,331115.0,236998.0,1.3971214946961579,0.352112676056338,189.3702213279678,1892.0857142857142,-736.0186335403727,25084.0,22590.0,0.25084,10,7,0.7,49.7,10.169070754006976,0.20460906949712224,29,0.07959242219790261,3.7520730346037316,132.46010816324363,1.8010121612281427,2012-01-10 17:15:00,2021-05-28 18:15:00,TF_U,5,,,,,,,750,7500,,310,78855.0,280749.0,201894.0,1.390576242978989,0.14193548387096774,254.3709677419355,6380.659090909091,-759.0,26437.0,19308.0,0.26437,5,5,1.0,62.0,23.065125189341593,0.372018148215187,31,0.09499714666159406,2.982751446835874,103.93088580305624,2.356485714884023,True,True,True,,,,,,,17.0,7.0,-1.0,368.0,,,31.0,52.0,52.0,15.0,,,,,0.0,,,,,,,,,,,,,,,,,,,,,,,,,,,,,,3.0,3.0,158.88793103448276,261.01725360723896,94.0,71.89372524342747,True,True,2.147898583619222,0.30756361766347284,5,5,1,1,1.061640127743396,0.429840772825069,10.0,0.2826333755051996,0.11570247933884298,200.0,120.0,0.08336210036278516,155.0,36.61050013092432,254.3709677419355,80.5088161209068,173.8621516210287,True,True,True,True,True,—,44448.0,42324.0,272.6871165644172,163.0,4.0,5.0,0.2826333755051996,True,26424.5,41932.25,66770.0
646,61526.0,341261.0,279735.0,1.2199438754535543,0.4582043343653251,95.24148606811146,1152.9087837837837,-799.2428571428571,13813.0,12778.0,0.13813,10,6,0.6,64.6,16.614451540752107,0.25718965233362395,25,0.16238663329324188,4.454209802360095,145.03133634561,1.220634138068312,2012-01-13 02:00:00,2021-06-01 09:00:00,TF_M,5,,,,,,,1000,10000,,209,65599.0,227747.0,162148.0,1.4045624984581986,0.22488038277511962,313.8708133971292,4845.68085106383,-1000.9135802469136,25078.0,22704.0,0.25078,5,4,0.8,41.8,18.626862323000083,0.445618715861246,16,0.15230415097791125,2.6157987080309435,79.89911431576701,2.985436502147451,True,True,True,,,54.0,9.0,-48.0,17.0,13.0,5.0,-1.0,184.0,,,,,,,,,,,0.0,,,,,,,,,,,,,,,,,,,,,,,,,,,,,,3.0,3.0,195.26666666666668,312.68651932862457,57.0,153.5788631637328,True,True,2.1437248079331512,0.30903210547425236,5,5,1,1,0.9127942572215926,0.2843449386596484,9.0,0.48930597114620883,0.14,200.0,49.0,0.0881048454565284,105.0,58.2568093385214,313.8708133971292,98.19441210710129,215.6764012900279,True,True,True,True,True,—,43596.0,27207.0,360.297520661157,121.0,2.0,4.0,0.48930597114620883,True,27415.5,43395.799999999996,64235.0
502,104512.0,342269.0,237757.0,1.4395748600461815,0.3565737051792829,208.19123505976097,1912.1173184357542,-736.0897832817337,26259.0,23765.0,0.26259,10,8,0.8,50.2,11.22319027727856,0.22356952743582786,29,0.06043325168401715,3.98004493697399,126.12922917942436,1.935203784441873,2012-01-10 17:15:00,2021-05-28 18:15:00,TF_U,5,,,,,,,750,6000,,330,61620.0,274899.0,213279.0,1.2889173336334097,0.1484848484848485,186.72727272727272,5610.183673469388,-759.0,26502.0,23808.0,0.26502,5,4,0.8,66.0,23.46060527778429,0.35546371633006496,33,0.09722492697176241,2.3251075390536564,141.92891918208375,1.7277137275547745,True,True,True,,,,,,,17.0,7.0,-1.0,368.0,,,31.0,52.0,52.0,15.0,,,,,0.0,,,,,,,,,,,,,,,,,,,,,,,,,,,,,,3.0,3.0,34.541666666666664,196.36332783877242,103.0,52.77535938978909,True,True,2.1412982260245745,0.30756361766347284,5,5,1,1,1.0235715625165374,0.4899879686381697,10.0,0.2826333755051996,0.14782608695652175,200.0,114.0,0.11023405098525353,165.0,37.08606496033528,186.72727272727272,52.84019370460049,133.88707902267222,True,True,True,True,True,—,44448.0,42324.0,272.6871165644172,163.0,4.0,5.0,0.2826333755051996,True,25340.5,39800.29999999999,60740.0
306,17501.0,95896.0,78395.0,1.2232412781427386,0.5098039215686274,57.19281045751634,614.7179487179487,-522.6333333333333,11483.0,9378.0,0.11483,10,6,0.6,30.6,7.761443164772902,0.2536419334893105,14,0.228044111765042,1.5240790734128713,200.77698417233302,0.8039279178410712,2012-01-12 11:15:00,2021-05-28 21:45:00,BO,5,,,,,,,3000,4000,,130,39525.0,139072.0,99547.0,1.3970486302952374,0.5538461538461539,304.03846153846155,1931.5555555555557,-1716.3275862068965,14365.0,12751.0,0.14365,5,5,1.0,26.0,6.260990336999411,0.24080732065382351,18,0.1009740670461733,2.7514792899408285,47.247311827956985,3.821017843752694,True,True,True,,,47.0,7.0,-1.0,38.0,5.0,4.0,-1.0,24.0,,,,,,,,,,0.0,0.0,,,,,,,,0.0,4.0,0.0,,,,,,,,,,,,,,,,,,,,3.0,2.0,-37.205128205128204,281.07107971393685,39.0,102.66249154197322,True,True,2.129431002434303,0.0,4,5,1,1,2.5597352521115013,0.0,13.0,0.3376628437813161,0.1836734693877551,200.0,48.0,0.12293249684092385,65.0,143.60637254901962,304.03846153846155,189.0190174326466,115.01944410581496,True,True,True,True,True,—,39555.0,12303.0,226.02857142857144,175.0,4.0,5.0,0.3376628437813161,True,18271.0,29509.05,46287.0
435,26165.0,149383.0,123218.0,1.2123472219967861,0.5241379310344828,60.14942528735632,655.188596491228,-595.256038647343,15726.0,14427.0,0.15726,10,8,0.8,43.5,11.977061409210524,0.27533474503932237,12,0.22896999808905025,1.6638051634236297,261.4488820944009,0.7224797868228485,2012-01-10 10:30:00,2021-06-02 05:45:00,TF_M,5,,,,,,,5000,6000,,181,72931.0,236239.0,163308.0,1.4465855928674651,0.5193370165745856,402.9337016574586,2513.18085106383,-1877.103448275862,21485.0,17964.0,0.21485,5,5,1.0,36.2,12.671227249165726,0.3500339019106554,21,0.08214613813056176,3.3945077961368395,53.321427102329594,4.140657123595152,True,True,True,,,47.0,1.0,12.0,21.0,18.0,17.0,-1.0,48.0,,,,,,,,,,,0.0,,,,,,,,,,,,,,,,,,,,,,,,,,,,,,3.0,3.0,157.85185185185185,402.8647914281846,54.0,197.15786619703954,True,True,2.10445955544266,0.0,4,5,1,1,3.256065287153732,0.641300655650229,9.0,0.48930597114620883,0.1016949152542373,200.0,58.0,0.06132094311783396,91.0,106.35054347826087,402.9337016574586,134.35952848722985,268.57417317022873,True,True,True,True,True,—,43596.0,27207.0,360.297520661157,121.0,2.0,4.0,0.48930597114620883,True,25727.5,42153.25,59888.0
641,85861.0,324016.0,238155.0,1.3605257080472801,0.4539781591263651,133.94851794071764,1113.4570446735395,-680.4428571428572,17581.0,13034.0,0.17581,10,8,0.8,64.1,13.269890730522237,0.20701857613919247,28,0.12084648443414356,4.88373812638644,131.25191879898907,1.5216665031061551,2012-01-10 17:15:00,2021-05-26 17:45:00,TF_U,5,,,,,,,750,0,,315,81075.0,281760.0,200685.0,1.403991329695792,0.15873015873015872,257.3809523809524,5635.2,-757.3018867924528,27833.0,23911.0,0.27833,5,5,1.0,63.0,23.073794659743335,0.36625070888481487,29,0.20173913043478262,2.912909136636367,108.13931544865864,2.3238053563955505,True,True,True,,,,,,,17.0,7.0,-1.0,184.0,,,31.0,52.0,52.0,15.0,,,,,0.0,,,,,,,,,,,,,,,,,,,,,,,,,,,,,,3.0,3.0,73.9245283018868,271.1613287554962,96.0,72.74444736217163,True,True,2.0697280730867313,0.34248911426648254,5,5,1,1,0.9644404070999782,0.5815014402496824,8.0,0.2826333755051996,0.15254237288135594,200.0,117.0,0.11477551135896513,158.0,118.65285996055226,257.3809523809524,151.89195979899498,105.48899258195743,True,True,True,True,True,—,44448.0,42324.0,272.6871165644172,163.0,4.0,5.0,0.2826333755051996,True,24228.5,37479.84999999999,52156.0
288,28363.0,338005.0,309642.0,1.0915993308401315,0.4513888888888889,98.48263888888889,2600.0384615384614,-1959.759493670886,29390.0,27464.0,0.2939,10,6,0.6,28.8,6.079473661428265,0.2110928354662592,21,0.14071149032189825,0.9650561415447431,298.42823396678773,0.8652930965140624,2012-01-13 02:00:00,2021-06-01 17:00:00,TF_M,5,,,,,,,2250,4000,,197,79977.0,335244.0,255267.0,1.3133072430043837,0.4263959390862944,405.9746192893401,3991.0,-2259.0,22831.0,19878.0,0.22831,5,4,0.8,39.4,17.77188791321845,0.45106314500554445,17,0.04990184678094952,3.5030003066006747,56.237505782912585,4.047061190511521,True,True,True,,,54.0,9.0,-48.0,17.0,13.0,5.0,-1.0,920.0,,,,,,,,,,,0.0,,,,,,,,,,,,,,,,,,,,,,,,,,,,,,3.0,2.0,-15.41025641025641,506.76357466063354,51.0,198.645805352083,True,True,2.059086427646498,0.0,4,5,1,1,0.8482039952843559,0.08279168452926787,9.0,0.48930597114620883,0.1111111111111111,200.0,53.0,0.0670742763261368,99.0,133.4585635359116,405.9746192893401,113.32205367561261,292.6525656137275,True,True,True,True,True,—,43596.0,27207.0,360.297520661157,121.0,2.0,4.0,0.48930597114620883,True,39223.5,62395.549999999996,100121.0
591,41461.0,183313.0,141852.0,1.2922835067535177,0.5296108291032149,70.15397631133672,585.6645367412141,-510.2589928057554,15640.0,14256.0,0.1564,10,7,0.7,59.1,17.87987695707104,0.3025359891213374,18,0.1806758158269217,2.6509590792838873,222.9381828706495,0.8449621828348524,2012-01-10 17:15:00,2021-05-20 21:45:00,TF_U,5,,,,,,,5000,7500,,181,67076.0,210678.0,143602.0,1.467096558543753,0.569060773480663,370.585635359116,2045.4174757281553,-1841.051282051282,26221.0,17575.0,0.26221,5,5,1.0,36.2,11.196428001822724,0.3092935912105725,19,0.1116792891645298,2.5581022844285113,70.7555757648041,3.447206584259048,True,True,True,,,,,,,17.0,10.0,4.0,48.0,,,28.0,77.0,114.0,39.0,,,,,0.0,,,,,,,,,,,,,,,,,,,,,,,,,,,,,,3.0,3.0,46.78947368421053,361.80378152231697,55.0,104.73986903528602,True,True,2.0257889361528716,0.0,3,5,1,1,0.9764013380131327,0.554778271756345,9.0,0.2826333755051996,0.1513157894736842,200.0,151.0,0.1177057109876776,91.0,185.09252669039145,370.585635359116,185.01162790697674,185.57400745213926,True,True,True,True,True,—,44448.0,42324.0,272.6871165644172,163.0,4.0,5.0,0.2826333755051996,True,23246.5,37503.45,64978.0
617,32132.0,344811.0,312679.0,1.10276353704598,0.47974068071312803,52.077795786061586,1164.902027027027,-974.0778816199377,16857.0,14726.0,0.16857,10,6,0.6,61.7,15.080119362922828,0.244410362446075,25,0.12420639860575128,1.9061517470487037,323.6888148885846,0.604179249701344,2012-01-13 02:00:00,2021-06-01 16:30:00,TF_M,5,,,,,,,1500,4000,,214,74954.0,276000.0,201046.0,1.3728201506122977,0.37383177570093457,350.25233644859816,3450.0,-1500.3432835820895,19986.0,19141.0,0.19986,5,5,1.0,42.8,19.009471323527123,0.4441465262506337,17,0.05324599087440297,3.7503252276593617,57.061717853616884,3.731826584545889,True,True,True,,,54.0,9.0,-48.0,17.0,13.0,5.0,-1.0,184.0,,,,,,,,,,,0.0,,,,,,,,,,,,,,,,,,,,,,,,,,,,,,3.0,3.0,149.4375,394.29873714458563,58.0,171.38055963221,True,True,1.9865709223842436,0.0,4,5,1,1,0.779481817200331,0.3893611882275579,9.0,0.48930597114620883,0.12244897959183673,200.0,48.0,0.0740198366947567,107.0,114.49262961707896,350.25233644859816,121.22872340425532,229.02361304434282,True,True,True,True,True,—,43596.0,27207.0,360.297520661157,121.0,2.0,4.0,0.48930597114620883,True,29050.5,45840.299999999996,62988.0
565,69255.0,254548.0,185293.0,1.3737593972789042,0.9168141592920354,122.57522123893806,491.4054054054054,-3942.404255319149,18613.0,17833.0,0.18613,10,8,0.8,56.5,20.504877468543917,0.36291818528396314,24,0.010122012851057686,3.720786547037017,151.8496137462999,1.3533117475999257,2012-01-10 17:15:00,2021-06-02 13:15:00,TF_U,5,,,,,,,4000,500,,296,37336.0,133552.0,96216.0,1.388043568637233,0.918918918918919,126.13513513513513,491.0,-4009.0,15703.0,14644.0,0.15703,5,4,0.8,59.2,23.95328787452779,0.4046163492318883,27,0.013150846368116562,2.377634846844552,124.49346475251768,1.516170757603191,True,True,True,,,,,,,17.0,3.0,4.0,0.0,,,63.0,79.0,37.0,137.0,,,,,0.0,,,,,,,,,,,,,,,,,,,,,,,,,,,,,,3.0,3.0,122.81818181818181,136.6586270871985,88.0,35.64999901304775,True,True,1.9599468267775926,0.8198057208009581,5,5,1,1,1.1776756440462544,0.7848164457251345,7.0,0.2826333755051996,0.027522935779816515,200.0,108.0,0.0133627854298843,148.0,-7.772277531956735,126.13513513513513,-10.89795918367347,137.0330943188086,True,True,True,True,True,—,44448.0,42324.0,272.6871165644172,163.0,4.0,5.0,0.2826333755051996,True,21427.0,34115.34999999999,62936.0
701,93316.0,305085.0,211769.0,1.4406499534870543,0.3780313837375178,133.11840228245364,1151.2641509433963,-485.70871559633025,10198.0,9743.0,0.10198,10,8,0.8,70.1,16.63400132259223,0.23728960517249972,31,0.03205238115650049,9.150421651304177,76.60849157700716,1.9855642616970568,2012-01-10 17:15:00,2021-05-25 17:45:00,TF_U,5,,,,,,,500,3000,,363,53063.0,202714.0,149651.0,1.3545783188886142,0.19008264462809918,146.17906336088154,2937.8840579710145,-509.0170068027211,20926.0,18256.0,0.20926,5,5,1.0,72.6,23.921538412067065,0.3294977742708962,37,0.0563669600286452,2.5357450062123674,143.15319525846635,1.5221078263178422,True,True,True,,,,,,,17.0,7.0,-1.0,184.0,,,31.0,52.0,52.0,15.0,,,,,0.0,,,,,,,,,,,,,,,,,,,,,,,,,,,,,,3.0,3.0,42.779661016949156,148.08411360267664,114.0,41.3150821058744,True,True,1.8568731251714965,0.9031969002256276,5,5,1,1,0.8285831369113611,0.4458020511730563,10.0,0.2826333755051996,0.1415929203539823,200.0,112.0,0.10454107793603795,182.0,35.285724051186705,146.17906336088154,36.87310195227766,109.30596140860388,True,True,True,True,True,—,44448.0,42324.0,272.6871165644172,163.0,4.0,5.0,0.2826333755051996,True,14813.0,22517.899999999998,36593.0
500,37155.0,185282.0,148127.0,1.2508320562760333,0.374,74.31,990.812834224599,-473.24920127795525,12225.0,8839.0,0.12225,10,8,0.8,50.0,12.231107881136523,0.24462215762273046,18,0.2670165522809851,3.039263803680982,164.5135244247073,1.012339498520579,2012-01-10 17:15:00,2021-05-20 10:30:00,TF_U,5,,,,,,,500,0,,181,60271.0,140189.0,79918.0,1.7541605145273906,0.13259668508287292,332.9889502762431,5841.208333333333,-509.03184713375794,26420.0,20874.0,0.2642,5,4,0.8,36.2,11.408768557561329,0.3151593524188212,19,0.5791508353934728,2.2812641937925813,79.34197209271457,3.085792863993139,True,True,True,,,,,,,17.0,10.0,4.0,184.0,,,28.0,77.0,114.0,39.0,,,,,0.0,,,,,,,,,,,,,,,,,,,,,,,,,,,,,,3.0,3.0,38.94642857142857,310.23697377501725,56.0,94.11379102250766,True,True,1.811513320947062,0.6858572893583393,5,5,1,1,1.311557288793966,0.520236695482867,8.0,0.2826333755051996,0.18421052631578946,200.0,151.0,0.14725274511727043,91.0,130.1237113402062,332.9889502762431,153.8305785123967,179.1583717638464,True,True,True,True,True,—,44448.0,42324.0,272.6871165644172,163.0,4.0,5.0,0.2826333755051996,True,17815.5,28608.949999999997,40215.0
345,16190.0,333098.0,316908.0,1.0510873818269024,0.5304347826086957,46.927536231884055,1820.207650273224,-1956.2222222222222,27963.0,27743.0,0.27963,10,5,0.5,34.5,6.74166151627327,0.19541047873255854,23,0.1538604076590488,0.5789793655902442,595.8761581222977,0.4227067929029711,2012-01-13 02:00:00,2021-06-01 17:00:00,TF_M,5,,,,,,,2500,2500,,211,73521.0,299331.0,225810.0,1.3255878836189716,0.5734597156398105,348.4407582938389,2473.809917355372,-2509.0,24751.0,22671.0,0.24751,5,5,1.0,42.2,19.425756098540926,0.46032597389907404,17,0.033881476040859074,2.9704254373560666,71.03359584336448,3.3360759534128777,True,True,True,,,54.0,9.0,-48.0,17.0,13.0,5.0,-1.0,644.0,,,,,,,,,,,0.0,,,,,,,,,,,,,,,,,,,,,,,,,,,,,,3.0,3.0,116.0,419.87445887445887,54.0,170.49414362388825,True,True,1.8010514803964284,0.0,3,5,1,1,1.0204298074898064,0.0,10.0,0.48930597114620883,0.061224489795918366,200.0,48.0,0.02978072867176277,106.0,99.06979918112692,348.4407582938389,104.72168284789645,243.71907544594245,True,True,True,True,True,—,43596.0,27207.0,360.297520661157,121.0,2.0,4.0,0.48930597114620883,True,34604.5,53060.74999999999,97607.0
627,30722.0,332787.0,302065.0,1.1017065863307567,0.46570972886762363,48.99840510366826,1139.6815068493152,-901.6865671641791,16103.0,15068.0,0.16103,10,6,0.6,62.7,15.524496771232231,0.24759962952523493,25,0.16245687129744157,1.9078432590200585,328.643350042315,0.5816100497773871,2012-01-13 02:00:00,2021-06-01 10:15:00,TF_M,5,,,,,,,1250,5000,,214,57719.0,248031.0,190312.0,1.3032861826894784,0.2850467289719626,269.71495327102804,4066.0819672131147,-1243.8692810457517,26356.0,23586.0,0.26356,5,4,0.8,42.8,19.009471323527123,0.4441465262506337,17,0.08647065957483671,2.189975717104265,97.71797848195568,2.502468561114503,True,True,True,,,54.0,9.0,-48.0,17.0,13.0,5.0,-1.0,184.0,,,,,,,,,,,0.0,,,,,,,,,,,,,,,,,,,,,,,,,,,,,,3.0,3.0,53.89473684210526,311.4764065335753,58.0,131.97313714293472,True,True,1.7730036949775152,0.0,4,5,1,1,0.9157252816792192,0.4223149544634119,10.0,0.48930597114620883,0.12244897959183673,200.0,48.0,0.0740198366947567,107.0,84.17651710924969,269.71495327102804,37.03373231773667,232.68122095329136,True,True,True,True,True,—,43596.0,27207.0,360.297520661157,121.0,2.0,4.0,0.48930597114620883,True,31271.0,47514.69999999998,74697.0
694,79109.0,292914.0,213805.0,1.3700053787329576,0.3659942363112392,113.98991354466858,1153.2047244094488,-485.92045454545456,14003.0,11241.0,0.14003,10,8,0.8,69.4,15.994999218505765,0.2304754930620427,30,0.0504493799694093,5.649432264514747,122.84420230315135,1.450972677458937,2012-01-10 17:15:00,2021-05-25 17:45:00,TF_U,5,,,,,,,500,4000,,356,67451.0,219138.0,151687.0,1.4446722527309526,0.16292134831460675,189.4691011235955,3778.2413793103447,-509.01677852348996,23827.0,21112.0,0.23827,5,5,1.0,71.2,23.861265683110776,0.33513013599874686,35,0.05916887814858193,2.830864145717044,125.75665297771717,1.8488729434966604,True,True,True,,,,,,,17.0,7.0,-1.0,184.0,,,31.0,52.0,52.0,15.0,,,,,0.0,,,,,,,,,,,,,,,,,,,,,,,,,,,,,,3.0,3.0,116.5982905982906,191.8117587099888,113.0,53.55029160449781,True,True,1.7359689094672135,0.861465724869578,5,5,1,1,0.9533046581187841,0.6579850471365601,10.0,0.2826333755051996,0.16521739130434782,200.0,114.0,0.1254580111434433,178.0,57.14281843962648,189.4691011235955,66.90361445783132,122.56548666576417,True,True,True,True,True,—,44448.0,42324.0,272.6871165644172,163.0,4.0,5.0,0.2826333755051996,True,16708.0,25621.149999999998,36092.0
942,56832.0,220828.0,163996.0,1.346545037683846,0.48089171974522293,60.3312101910828,487.4790286975717,-335.3701431492843,12194.0,11540.0,0.12194,10,6,0.6,94.2,25.910615585122635,0.2750596134301766,24,0.043830940315315314,4.6606527800557656,202.1176097972973,0.8229478146501891,2012-01-10 17:15:00,2021-06-01 17:30:00,TF_U,5,,,,,,,500,2500,,289,39239.0,137921.0,98682.0,1.3976307735959952,0.314878892733564,135.7750865051903,1515.6153846153845,-498.3939393939394,14024.0,12062.0,0.14024,5,4,0.8,57.8,23.51510153071851,0.40683566662142756,26,0.06348275949947756,2.7979891614375356,103.28846300874132,1.7269807285709755,True,True,True,,,,,,,17.0,3.0,4.0,48.0,,,63.0,79.0,37.0,137.0,,,,,0.0,,,,,,,,,,,,,,,,,,,,,,,,,,,,,,3.0,3.0,45.127906976744185,127.6186590507276,86.0,38.374571008472415,True,True,1.7300968711254459,0.0,4,5,1,1,1.0668601311410835,0.5425483260114513,10.0,0.2826333755051996,0.18181818181818182,200.0,109.0,0.1393116275698704,145.0,65.12222222222222,135.7750865051903,61.5114401076716,74.2636463975187,True,True,True,True,True,—,44448.0,42324.0,272.6871165644172,163.0,4.0,5.0,0.2826333755051996,True,10546.0,16370.55,25012.0
691,76636.0,290441.0,213805.0,1.3584387642945674,0.36324167872648333,110.90593342981187,1157.1354581673306,-485.92045454545456,14003.0,11736.0,0.14003,10,8,0.8,69.1,15.731814898478815,0.22766736466684248,30,0.05860170155018529,5.4728272513032925,126.2601518868417,1.4117168280128345,2012-01-10 17:15:00,2021-05-25 17:45:00,TF_U,5,,,,,,,500,4500,,355,62210.0,216442.0,154232.0,1.4033533896986359,0.14647887323943662,175.2394366197183,4162.346153846154,-509.016501650165,22827.0,19612.0,0.22827,5,5,1.0,71.0,24.166091947189145,0.3403674922139316,34,0.07219096608262338,2.725281464931879,130.26177463430318,1.7470719200805696,True,True,True,,,,,,,17.0,7.0,-1.0,184.0,,,31.0,52.0,52.0,15.0,,,,,0.0,,,,,,,,,,,,,,,,,,,,,,,,,,,,,,3.0,3.0,52.495726495726494,179.06506517409173,113.0,49.52851349346047,True,True,1.699070343808841,0.861465724869578,5,5,1,1,0.950911251428488,0.7353970014526452,10.0,0.2826333755051996,0.18421052631578946,200.0,113.0,0.1421139794316322,178.0,68.70992366412214,175.2394366197183,70.43770672546857,104.80172989424973,True,True,True,True,True,—,44448.0,42324.0,272.6871165644172,163.0,4.0,5.0,0.2826333755051996,True,17971.5,27181.5,38856.0
1167,144696.93433519983,495709.68698676035,351012.7526515605,1.4122270009911462,0.4721508140531277,123.99051785364166,899.6546043316885,-569.8258971616242,13964.49528833045,12676.125371841626,0.1396449528833045,10,8,0.8,116.7,23.091340368198637,0.19786924051584093,57,0.06626213376591293,10.361773293454942,112.62550983789045,1.580444344100694,2012-01-10 10:45:00,2021-06-01 23:00:00,RBB_M,5,,,,,,,1000,0,,585,113044.04481377525,503844.9715202741,390800.9267064988,1.289262478895487,0.30427350427350425,193.23768344235086,2830.5897276419896,-960.1988371167046,20981.349439595368,18798.09625691164,0.20981349439595368,5,5,1.0,117.0,31.534108517603602,0.269522295022253,70,0.21119840393264638,5.387834807252291,108.57793917745238,2.009455849955062,True,True,True,,,53.0,46.0,-48.0,37.0,7.0,6.0,-1.0,0.0,,,,,,,,,,,1.0,,,,,,,,,,,10.0,2.5,,,,,,,,,,,,,,,,,,3.0,3.0,55.35436979455436,193.5992584546369,183.0,106.42849510982266,True,True,1.6681086533098912,0.0,4,5,1,1,1.1418991130461238,0.4086242259958069,9.0,0.5507647018629975,0.02702702702702703,200.0,36.0,0.007999374017120739,293.0,-30.743006874520333,193.23768344235086,0.9256999889532967,192.31198345339757,True,True,True,True,True,—,50511.25674436547,42109.49213643032,124.4119624245455,406.0,3.0,5.0,0.5507647018629975,True,27947.043203725574,44028.57006537193,63463.50366882594
935,70717.0,252557.0,181840.0,1.3888968323801143,0.5262032085561498,75.63315508021391,513.3272357723578,-410.4740406320542,12024.999999999993,11321.999999999993,0.12024999999999993,10,6,0.6,93.5,25.776927667974707,0.2756890659676439,24,0.035224910558988645,5.880831600831605,158.9911195327855,1.0388982860061806,2012-01-10 17:15:00,2021-06-02 06:30:00,TF_U,5,,,,,,,1750,2500,,286,50526.0,224759.0,174233.0,1.289990989077844,0.5384615384615384,176.66433566433565,1459.474025974026,-1319.9469696969697,21924.0,18944.0,0.21924,5,4,0.8,57.2,22.763128080296873,0.3979567846205747,26,0.049301349800102916,2.3045977011494254,124.09975062344141,1.7971831685760846,True,True,True,,,,,,,17.0,3.0,4.0,48.0,,,63.0,79.0,37.0,137.0,,,,,0.0,,,,,,,,,,,,,,,,,,,,,,,,,,,,,,3.0,3.0,100.53488372093024,171.22499603222764,86.0,49.931237520194806,True,True,1.6578071143033335,0.0,4,5,1,1,1.0057494254800439,0.7126068983073751,10.0,0.2826333755051996,0.24324324324324326,200.0,110.0,0.19484388590799417,143.0,89.3720549250886,176.66433566433565,91.30529172320217,85.35904394113348,True,True,True,True,True,—,44448.0,42324.0,272.6871165644172,163.0,4.0,5.0,0.2826333755051996,True,16382.0,25876.5,38696.0
1135,146210.42045547286,507354.52333401085,361144.102878538,1.404853406964386,0.48722466960352423,128.81975370526243,917.4584508752457,-620.522513537007,15720.578789607302,14833.350921458448,0.157205787896073,10,8,0.8,113.5,21.951081977888926,0.19340160332941786,56,0.06557622629473561,9.300574896907163,122.03546690188323,1.5475744583223343,2012-01-10 10:45:00,2021-06-01 23:00:00,RBB_M,5,,,,,,,1250,0,,570,102839.303201184,545505.1946668164,442665.89146563236,1.2323181098518594,0.3368421052631579,180.4198301775158,2841.1728888896687,-1171.0737869461173,22981.60167715638,20144.0,0.2298160167715638,5,5,1.0,114.0,30.71807285621935,0.2694567794405206,69,0.2321556165355758,4.474853608806815,127.37846862257153,1.7926581414518834,True,True,True,,,53.0,46.0,-48.0,37.0,7.0,6.0,-1.0,0.0,,,,,,,,,,,1.0,,,,,,,,,,,10.0,2.5,,,,,,,,,,,,,,,,,,3.0,3.0,47.23311458834826,180.30831756799444,178.0,99.36887397789214,True,True,1.6504206384057152,0.0,4,5,1,1,1.2279924409378433,0.5100038344774466,9.0,0.5507647018629975,0.05128205128205128,200.0,38.0,0.021278986227121217,285.0,-11.99577038274057,180.4198301775158,13.36603815367506,167.05379202384074,True,True,True,True,True,—,50511.25674436547,42109.49213643032,124.4119624245455,406.0,3.0,5.0,0.5507647018629975,True,31299.448409263437,48424.46240763655,75477.84326984685
690,75155.0,288960.0,213805.0,1.3515118916769955,0.36231884057971014,108.92028985507247,1155.84,-485.92045454545456,16621.0,13321.0,0.16621,10,8,0.8,69.0,15.569200364822851,0.22564058499743264,30,0.0664094205309028,4.521689429035558,152.59783114895882,1.2725755307834052,2012-01-10 17:15:00,2021-05-25 17:45:00,TF_U,5,,,,,,,500,5000,,351,62816.0,216539.0,153723.0,1.408631109202917,0.1396011396011396,178.96296296296296,4419.163265306122,-509.0165562913907,21187.0,18522.0,0.21187,5,5,1.0,70.2,24.235511135521776,0.34523520136070907,34,0.07945427916454406,2.964836928305093,118.38762417218543,1.8519607701099352,True,True,True,,,,,,,17.0,7.0,-1.0,184.0,,,31.0,52.0,52.0,15.0,,,,,0.0,,,,,,,,,,,,,,,,,,,,,,,,,,,,,,3.0,3.0,61.64655172413793,182.49975966562172,110.0,50.58090631263424,True,True,1.6340604864840973,0.861465724869578,5,5,1,1,1.0401713180945258,0.804974960317545,10.0,0.2826333755051996,0.17543859649122806,200.0,113.0,0.13432636889119765,176.0,71.95303867403315,178.96296296296296,56.284598214285715,122.67836474867724,True,True,True,True,True,—,44448.0,42324.0,272.6871165644172,163.0,4.0,5.0,0.2826333755051996,True,18528.5,29456.749999999996,50463.0
569,62509.0,276753.0,214244.0,1.2917654636769291,0.2601054481546573,109.85764499121265,1869.9527027027027,-508.89311163895485,23428.0,22703.0,0.23428,10,9,0.9,56.9,14.3,0.2513181019332162,31,0.07184565422579149,2.6681321495646237,213.2578028763858,1.081100409483084,2012-01-10 17:15:00,2021-05-25 17:45:00,TF_U,5,,,,,,,500,4500,,350,70915.0,223620.0,152705.0,1.4643921286139943,0.14285714285714285,202.61428571428573,4472.4,-509.01666666666665,23345.0,20093.0,0.23345,5,5,1.0,70.0,24.306377763870945,0.3472339680552992,34,0.06332933793978707,3.037695437995288,115.2189240640203,1.9974525825891811,True,True,True,,,,,,,17.0,7.0,-1.0,368.0,,,31.0,52.0,52.0,15.0,,,,,0.0,,,,,,,,,,,,,,,,,,,,,,,,,,,,,,3.0,3.0,12.73913043478261,210.5663768115942,110.0,57.26555949700352,True,True,1.629858385096346,0.49530728722462,5,5,1,1,1.2005021944242757,0.797104648958982,10.0,0.2826333755051996,0.17391304347826086,200.0,114.0,0.13313537037941386,175.0,81.36363636363637,202.61428571428573,79.1438127090301,123.47047300525563,True,True,True,True,True,—,44448.0,42324.0,272.6871165644172,163.0,4.0,5.0,0.2826333755051996,True,20128.5,31355.149999999998,56764.0
686,76766.0,288535.0,211769.0,1.3624987604418022,0.36443148688046645,111.90379008746356,1154.14,-485.70871559633025,17430.0,13321.0,0.1743,10,8,0.8,68.6,15.041276541570532,0.2192605909849932,30,0.07804236250423364,4.404245553643144,155.7587994685147,1.2767311574859648,2012-01-10 17:15:00,2021-05-25 17:45:00,TF_U,5,,,,,,,500,6000,,347,60772.0,215733.0,154961.0,1.392176095920909,0.1239193083573487,175.13544668587897,5017.046511627907,-509.74013157894734,25734.0,17202.0,0.25734,5,4,0.8,69.4,24.286621831782202,0.3499513232245274,34,0.09858158362403739,2.361545037693324,146.93770157309285,1.644461691083254,True,True,True,,,,,,,17.0,7.0,-1.0,184.0,,,31.0,52.0,52.0,15.0,,,,,0.0,,,,,,,,,,,,,,,,,,,,,,,,,,,,,,3.0,3.0,50.682539682539684,182.31202103915965,108.0,49.4991224674409,True,True,1.6136404130023116,0.861465724869578,5,5,1,1,0.9820158167286169,0.7426987002547525,10.0,0.2826333755051996,0.23478260869565218,200.0,114.0,0.18789443914997028,174.0,83.47566844919785,175.13544668587897,85.65011286681715,89.48533381906182,True,True,True,True,True,—,44448.0,42324.0,272.6871165644172,163.0,4.0,5.0,0.2826333755051996,True,19440.5,31245.34999999999,49630.0
942,48942.0,212938.0,163996.0,1.2984341081489792,0.48089171974522293,51.955414012738856,470.0618101545254,-335.3701431492843,11934.0,11280.0,0.11934,10,6,0.6,94.2,25.910615585122635,0.2750596134301766,24,0.04068080585182461,4.1010558069381595,229.69694740713496,0.7163761981216519,2012-01-10 17:15:00,2021-06-01 17:30:00,TF_U,5,,,,,,,500,2000,,291,32431.0,130604.0,98173.0,1.3303454106526234,0.3230240549828179,111.44673539518901,1389.404255319149,-498.34010152284264,12524.0,10562.0,0.12524,5,4,0.8,58.2,24.036638700117784,0.4130006649504774,26,0.06139187814128457,2.5895081443628234,112.37655329777064,1.5000273458861286,True,True,True,,,,,,,17.0,3.0,4.0,48.0,,,63.0,79.0,37.0,137.0,,,,,0.0,,,,,,,,,,,,,,,,,,,,,,,,,,,,,,3.0,3.0,46.63953488372093,104.64892625583768,86.0,31.498567013777077,True,True,1.5423096762914734,0.0,4,5,1,1,1.0874075924491962,0.49545718098856856,10.0,0.2826333755051996,0.20909090909090908,200.0,109.0,0.16367406371711313,146.0,61.74404761904762,111.44673539518901,60.15549597855228,51.29123941663673,True,True,True,True,True,—,44448.0,42324.0,272.6871165644172,163.0,4.0,5.0,0.2826333755051996,True,10744.0,17018.85,30620.0
798,56378.0,212481.0,156103.0,1.3611589783668476,0.23934837092731828,70.64912280701755,1112.4659685863874,-257.17133443163095,10511.0,8640.0,0.10511,10,10,1.0,79.8,19.797979694908268,0.24809498364546703,24,0.0530526091737912,5.363714204167063,148.7775018624286,1.0379779088100753,2012-01-10 17:15:00,2021-06-01 17:15:00,TF_U,5,,,,,,,250,3000,,290,36365.0,102410.0,66045.0,1.550609432962374,0.1206896551724138,125.39655172413794,2926.0,-259.0,11313.0,7369.0,0.11313,5,3,0.6,58.0,23.647410006171924,0.40771396562365386,27,0.08224941564691324,3.214443560505613,90.21779183280627,1.7758245479129449,True,True,True,,,,,,,17.0,3.0,4.0,184.0,,,63.0,79.0,37.0,137.0,,,,,0.0,,,,,,,,,,,,,,,,,,,,,,,,,,,,,,3.0,3.0,100.82142857142857,122.95120851370852,84.0,35.44125069050546,True,True,1.5234549159117463,0.27120875699632047,5,5,1,1,1.3627773923431086,0.4572094562070825,10.0,0.2826333755051996,0.19090909090909092,200.0,109.0,0.14739279902876418,145.0,72.18577075098814,125.39655172413794,69.26845637583892,56.12809534829901,True,True,True,True,True,—,44448.0,42324.0,272.6871165644172,163.0,4.0,5.0,0.2826333755051996,True,10970.0,17615.649999999998,30225.0
925,78967.0,276937.0,197970.0,1.3988836692428146,0.5427027027027027,85.36972972972973,551.6673306772908,-468.01418439716315,9748.0,8562.0,0.09748,10,7,0.7,92.5,21.17663807123312,0.22893662779711482,32,0.03154482252079983,8.100841198194502,114.18567249610597,1.3024153345016931,2012-01-10 17:15:00,2021-05-25 06:30:00,TF_U,5,,,,,,,1500,2500,,370,55900.0,297908.0,242008.0,1.2309840996991834,0.4945945945945946,151.0810810810811,1627.9125683060108,-1294.1604278074867,25938.0,22864.0,0.25938,5,4,0.8,74.0,23.672769166280485,0.3199022860308174,37,0.06504472271914133,2.1551391780399416,171.68264758497315,1.413009870277655,True,True,True,,,,,,,17.0,7.0,-1.0,48.0,,,31.0,52.0,52.0,15.0,,,,,0.0,,,,,,,,,,,,,,,,,,,,,,,,,,,,,,3.0,3.0,90.15384615384616,153.33210079723003,118.0,42.700555920920706,True,True,1.5093095818728617,0.04589274066375097,5,5,1,1,0.9344891391332801,0.4744567265012499,9.0,0.2826333755051996,0.18584070796460178,200.0,112.0,0.14339787025476908,185.0,54.716020297209134,151.0810810810811,60.69664138678223,90.38443969429886,True,True,True,True,True,—,44448.0,42324.0,272.6871165644172,163.0,4.0,5.0,0.2826333755051996,True,18360.499999999996,28085.35,40849.0
925,73532.0,282629.0,209097.0,1.3516645384677926,0.5394594594594595,79.49405405405406,566.3907815631262,-490.8380281690141,11897.0,10781.0,0.11897,10,7,0.7,92.5,21.17663807123312,0.22893662779711482,32,0.08582657890442257,6.180717828023871,149.65899200348147,1.0977899981806074,2012-01-10 17:15:00,2021-05-25 06:30:00,TF_U,5,,,,,,,1750,0,,370,69410.0,340651.0,271241.0,1.2558978915429453,0.4891891891891892,187.59459459459458,1882.0497237569061,-1435.1375661375662,29338.0,21423.0,0.29338,5,4,0.8,74.0,23.672769166280485,0.3199022860308174,37,0.2155453104739951,2.365873611016429,156.39043365509295,1.6497130993747329,True,True,True,,,,,,,17.0,7.0,-1.0,48.0,,,31.0,52.0,52.0,15.0,,,,,0.0,,,,,,,,,,,,,,,,,,,,,,,,,,,,,,3.0,3.0,73.29508196721312,185.35346713118315,118.0,53.020493496799745,True,True,1.48572931120616,0.04589274066375097,5,5,1,1,0.9929751893539566,0.4770066089456039,8.0,0.2826333755051996,0.19469026548672566,200.0,112.0,0.15129573243774944,185.0,90.3425949050949,187.59459459459458,96.27899343544858,91.315601159146,True,True,True,True,True,—,44448.0,42324.0,272.6871165644172,163.0,4.0,5.0,0.2826333755051996,True,22928.5,35347.3,51324.99999999999
925,72822.0,280238.0,207416.0,1.3510915262082,0.5383783783783784,78.7264864864865,562.7269076305221,-485.75175644028104,10647.0,9531.0,0.10647,10,7,0.7,92.5,21.17663807123312,0.22893662779711482,32,0.06853698058279091,6.839673147365455,135.2403806541979,1.1492396394613085,2012-01-10 17:15:00,2021-05-25 06:30:00,TF_U,5,,,,,,,1500,5000,,370,63205.0,314910.0,251705.0,1.2511074472100276,0.47297297297297297,170.82432432432432,1799.4857142857143,-1290.7948717948718,24303.0,21665.0,0.24303,5,4,0.8,74.0,23.672769166280485,0.3199022860308174,37,0.0789652717348311,2.600707731555775,142.2689660628115,1.6505288612029843,True,True,True,,,,,,,17.0,7.0,-1.0,48.0,,,31.0,52.0,52.0,15.0,,,,,0.0,,,,,,,,,,,,,,,,,,,,,,,,,,,,,,3.0,3.0,107.47540983606558,170.7388697715177,118.0,48.28065540217876,True,True,1.4841095301098424,0.04589274066375097,5,5,1,1,0.9829269084977077,0.562360430314858,9.0,0.2826333755051996,0.12389380530973451,200.0,112.0,0.08935024827034954,185.0,46.808428956741565,170.82432432432432,46.96615720524017,123.85816711908416,True,True,True,True,True,—,44448.0,42324.0,272.6871165644172,163.0,4.0,5.0,0.2826333755051996,True,20557.5,31969.499999999996,47268.0
764,56124.0,208120.0,151996.0,1.369246559119977,0.22905759162303665,73.46073298429319,1189.2571428571428,-258.0577249575552,11360.0,9860.0,0.1136,10,8,0.8,76.4,17.488281790959338,0.22890421192355154,31,0.0800192431045542,4.9404929577464785,154.64043902786688,1.038172322220878,2012-01-10 17:15:00,2021-05-25 17:30:00,TF_U,5,,,,,,,250,4500,,365,63425.0,148726.0,85301.0,1.7435434520111135,0.09863013698630137,173.76712328767124,4131.277777777777,-259.27355623100306,23192.0,13136.0,0.23192,5,5,1.0,73.0,23.916521486202797,0.327623582002778,37,0.07080804099329917,2.734779234218696,133.4659834450138,1.718707075797902,True,True,True,,,,,,,17.0,7.0,-1.0,184.0,,,31.0,52.0,52.0,15.0,,,,,0.0,,,,,,,,,,,,,,,,,,,,,,,,,,,,,,3.0,3.0,84.38461538461539,178.36854329245634,115.0,49.1123886066227,True,True,1.4760000295173124,0.3994742467523607,5,5,1,1,1.0805867961432565,0.7260262193258462,10.0,0.2826333755051996,0.18584070796460178,200.0,112.0,0.14339787025476908,183.0,92.67687226177438,173.76712328767124,92.11587982832619,81.65124345934505,True,True,True,True,True,—,44448.0,42324.0,272.6871165644172,163.0,4.0,5.0,0.2826333755051996,True,12622.5,19986.55,28869.0
765,51680.0,203935.0,152255.0,1.3394305605727235,0.22875816993464052,67.55555555555556,1165.3428571428572,-258.0593220338983,11360.0,9849.0,0.1136,10,8,0.8,76.5,17.53995438990649,0.2292804495412613,31,0.07722523219814241,4.549295774647887,168.1578947368421,0.9547183255716797,2012-01-10 17:15:00,2021-05-25 17:30:00,TF_U,5,,,,,,,250,4000,,366,65166.0,149690.0,84524.0,1.7709762907576547,0.1092896174863388,178.04918032786884,3742.25,-259.2760736196319,23692.0,13636.0,0.23692,5,5,1.0,73.2,24.11140808828883,0.3293908208782627,37,0.06124359328484179,2.750548708424785,133.06435871466718,1.7423783711431002,True,True,True,,,,,,,17.0,7.0,-1.0,184.0,,,31.0,52.0,52.0,15.0,,,,,0.0,,,,,,,,,,,,,,,,,,,,,,,,,,,,,,3.0,3.0,115.15384615384616,181.19668868680728,115.0,50.32264084199956,True,True,1.4203983447598127,0.4005831563119296,5,5,1,1,1.1198892585159677,0.7071652663768387,10.0,0.2826333755051996,0.168141592920354,200.0,112.0,0.127721026957832,183.0,91.14540303193837,178.04918032786884,96.75854700854701,81.29063331932183,True,True,True,True,True,—,44448.0,42324.0,272.6871165644172,163.0,4.0,5.0,0.2826333755051996,True,12062.0,18562.899999999998,30311.0
1097,123442.91717883924,507250.381368055,383807.4641892158,1.3216271925289662,0.5050136736554239,112.52772760149429,915.6144068015433,-706.827742521576,23675.201013863254,19146.306168645853,0.23675201013863253,10,8,0.8,109.7,20.95733761716884,0.19104227545276972,51,0.08093619486912669,5.214017701752817,210.39437584402853,1.1015800596586525,2012-01-10 10:45:00,2021-06-01 23:00:00,RBB_M,5,,,,,,,2000,10000,,520,104239.91525852896,596811.7303697413,492571.8151112124,1.2116237918220996,0.4230769230769231,200.46137549717108,2712.7805925897333,-1641.9060503707078,27622.356475337394,26323.89767836759,0.27622356475337395,5,5,1.0,104.0,26.48018126826174,0.25461712757943983,66,0.0958462022462411,3.77375171997362,137.79390871099358,1.8167856789541565,True,True,True,,,53.0,46.0,-48.0,37.0,7.0,6.0,-1.0,0.0,,,,,,,,,,,1.0,,,,,,,,,,,10.0,2.5,,,,,,,,,,,,,,,,,,3.0,3.0,102.07889220329292,197.22056263745557,166.0,110.40704971074582,True,True,1.4191386368743504,0.0,4,5,1,1,1.610755854311249,0.7186186458640197,10.0,0.5507647018629975,0.04878048780487805,200.0,40.0,0.020242868244883507,260.0,-39.48414358094897,200.46137549717108,-2.9595339804841063,203.4209094776552,True,True,True,True,True,—,50511.25674436547,42109.49213643032,124.4119624245455,406.0,3.0,5.0,0.5507647018629975,True,37744.266113626836,59890.394003159454,93169.41781762024
764,55379.0,207634.0,152255.0,1.3637253292174314,0.22774869109947643,72.48560209424083,1193.2988505747126,-258.0593220338983,11360.0,9860.0,0.1136,10,7,0.7,76.4,17.488281790959338,0.22890421192355154,31,0.09012441539211614,4.874911971830986,156.72077863450045,1.0243914373934504,2012-01-10 17:15:00,2021-05-25 17:30:00,TF_U,5,,,,,,,250,5000,,362,57147.0,142373.0,85226.0,1.670534813319879,0.09116022099447514,157.8646408839779,4314.333333333333,-259.04559270516717,25355.0,12636.0,0.25355,5,5,1.0,72.4,24.05493712317702,0.33225051275106376,37,0.08733616812781074,2.25387497535003,160.6122806096558,1.4933321433907234,True,True,True,,,,,,,17.0,7.0,-1.0,184.0,,,31.0,52.0,52.0,15.0,,,,,0.0,,,,,,,,,,,,,,,,,,,,,,,,,,,,,,3.0,3.0,59.38461538461539,163.43853456971624,113.0,44.61781632595481,True,True,1.4100451822164461,0.43087945483037643,5,5,1,1,1.0876070456381832,0.7243950829781404,10.0,0.2826333755051996,0.22123893805309736,200.0,112.0,0.1752038841581062,181.0,96.36821705426357,157.8646408839779,88.52432432432433,69.34031655965357,True,True,True,True,True,—,44448.0,42324.0,272.6871165644172,163.0,4.0,5.0,0.2826333755051996,True,13413.5,21233.949999999997,36792.0
927,68799.0,254659.0,185860.0,1.3701657161304208,0.511326860841424,74.2168284789644,537.2552742616034,-410.2869757174393,7968.0,6782.0,0.07968,10,7,0.7,92.7,21.2181526057289,0.2288905351211316,32,0.03620692161223273,8.63441265060241,107.36109536475821,1.252365466446993,2012-01-10 17:15:00,2021-05-25 06:30:00,TF_U,5,,,,,,,750,2500,,371,46066.0,221966.0,175900.0,1.2618874360432064,0.353099730458221,124.16711590296497,1694.3969465648854,-732.9166666666666,20998.0,16405.0,0.20998,5,5,1.0,74.2,23.71834732859775,0.31965427666573787,37,0.07893023053879217,2.193827983617487,169.11079755133937,1.2906871391606352,True,True,True,,,,,,,17.0,7.0,-1.0,48.0,,,31.0,52.0,52.0,15.0,,,,,0.0,,,,,,,,,,,,,,,,,,,,,,,,,,,,,,3.0,3.0,45.385245901639344,124.68971674420084,119.0,35.09377109440034,True,True,1.4049518141762558,0.06784320370990322,5,5,1,1,1.003747663463643,0.5378574631231349,10.0,0.2826333755051996,0.20353982300884957,200.0,112.0,0.15923050214780335,186.0,41.38000592957489,124.16711590296497,35.561027837259104,88.60608806570586,True,True,True,True,True,—,44448.0,42324.0,272.6871165644172,163.0,4.0,5.0,0.2826333755051996,True,14392.0,21964.249999999996,38789.99999999999
558,44093.0,257319.0,213226.0,1.2067899787080374,0.24910394265232974,79.01971326164875,1851.2158273381294,-508.8926014319809,23639.0,19194.0,0.23639,10,8,0.8,55.8,12.4,0.22222222222222224,31,0.16989091238972173,1.8652650281314775,299.1531989204636,0.7741484592496526,2012-01-10 17:15:00,2021-05-25 17:45:00,TF_U,5,,,,,,,500,7500,,321,80286.0,226765.0,146479.0,1.548105871831457,0.10903426791277258,250.11214953271028,6479.0,-512.1643356643357,23587.0,19995.0,0.23587,5,5,1.0,64.2,24.17767565337909,0.37659930924266494,32,0.09330393842014797,3.403824140416331,94.30569464165607,2.4530239578079533,True,True,True,,,,,,,17.0,7.0,-1.0,368.0,,,31.0,52.0,52.0,15.0,,,,,0.0,,,,,,,,,,,,,,,,,,,,,,,,,,,,,,3.0,3.0,80.3801652892562,262.49077090838455,96.0,70.69004107729114,True,True,1.3985297343225511,0.5870734328888082,5,5,1,1,1.4437225316731235,0.6961487395303553,10.0,0.2826333755051996,0.1694915254237288,200.0,117.0,0.12968594005510747,161.0,95.8015873015873,250.11214953271028,97.74278846153847,152.3693610711718,True,True,True,True,True,—,44448.0,42324.0,272.6871165644172,163.0,4.0,5.0,0.2826333755051996,True,25140.0,39211.25,58466.0
1116,150842.96233318254,513474.01588580135,362631.05355261883,1.4159681330526062,0.49731182795698925,135.1639447429951,925.1784070014438,-646.4011649779302,15529.177665403804,14409.050893934982,0.15529177665403804,10,8,0.8,111.6,20.819221887476967,0.18655216745051048,55,0.0635623132172297,9.713519001668281,114.89142089579776,1.6337664878165372,2012-01-10 10:45:00,2021-06-01 23:00:00,RBB_M,5,,,,,,,1500,0,,553,71695.00095526045,552040.9213051157,480345.92034985527,1.149257020655119,0.35443037974683544,129.64737966593208,2816.5353127812023,-1345.5067796914714,29458.375344040425,26133.70118108939,0.2945837534404043,5,5,1.0,110.6,28.98689359003479,0.2620876454795189,69,0.33300399638265343,2.433773082118213,227.21921121697233,1.1377915458973609,True,True,True,,,53.0,46.0,-48.0,37.0,7.0,6.0,-1.0,0.0,,,,,,,,,,,1.0,,,,,,,,,,,10.0,2.5,,,,,,,,,,,,,,,,,,3.0,2.0,-39.22731844177416,129.28789177400577,172.0,71.40520040902592,True,True,1.3556597644686088,0.0,4,5,1,1,1.2290386772151483,0.17735893355658905,8.0,0.5507647018629975,0.075,200.0,39.0,0.03650989377825426,277.0,-39.8239599448166,129.64737966593208,32.217803676045754,97.42957598988633,True,True,True,True,True,—,50511.25674436547,42109.49213643032,124.4119624245455,406.0,3.0,5.0,0.5507647018629975,True,35442.770076820394,53513.27755648107,79041.6563914421
1215,108572.11666224082,460706.45680024714,352134.34013800626,1.30832584126754,0.43703703703703706,89.3597668001982,867.6204459515012,-514.8162867514711,17299.026778937503,16564.622808603628,0.17299026778937504,10,8,0.8,121.5,24.187806845598878,0.19907659955225415,60,0.08830929996753961,6.276197964756793,193.5885398807815,1.023374393299052,2012-01-10 10:45:00,2021-06-01 16:15:00,RBB_M,5,,,,,,,750,0,,607,107141.23877635566,438638.8271916056,331497.5884152499,1.3232036748398466,0.2602965403624382,176.50945432678034,2776.1951088076303,-738.3019786531178,21801.176263966758,21203.590684745286,0.21801176263966757,5,5,1.0,121.4,34.38371707654657,0.2832266645514544,71,0.22283410301607087,4.914470553290282,123.51279622453086,1.8006585350374535,True,True,True,,,53.0,46.0,-48.0,37.0,7.0,6.0,-1.0,0.0,,,,,,,,,,,1.0,,,,,,,,,,,10.0,2.5,,,,,,,,,,,,,,,,,,3.0,3.0,34.813440731671434,178.01829742328832,186.0,97.21517698828956,True,True,1.347375010717717,0.0,3,5,1,1,1.4937640124149218,0.33594830135987885,9.0,0.5507647018629975,0.02857142857142857,200.0,34.0,0.00845127720967763,304.0,-12.115439465918616,176.50945432678034,-6.441894968033113,182.95134929481347,True,True,True,True,True,—,50511.25674436547,42109.49213643032,124.4119624245455,406.0,3.0,5.0,0.5507647018629975,True,26981.545911137895,41538.8072310025,61909.69223117101
925,71717.0,277432.0,205715.0,1.3486230950586977,0.5318918918918919,77.53189189189189,563.8861788617886,-475.0923787528868,10732.0,9616.0,0.10732,10,7,0.7,92.5,21.17663807123312,0.22893662779711482,32,0.05564928817435197,6.682538203503541,138.42045818982947,1.1273101159956929,2012-01-10 17:15:00,2021-05-25 06:30:00,TF_U,5,,,,,,,1250,4000,,371,61431.0,295480.0,234049.0,1.2624706792167453,0.444743935309973,165.5822102425876,1790.7878787878788,-1136.1601941747572,26525.0,25752.0,0.26525,5,4,0.8,74.2,23.71834732859775,0.31965427666573787,37,0.06496719897120347,2.315966069745523,160.19232960557375,1.531402436653332,True,True,True,,,,,,,17.0,7.0,-1.0,48.0,,,31.0,52.0,52.0,15.0,,,,,0.0,,,,,,,,,,,,,,,,,,,,,,,,,,,,,,3.0,3.0,147.68032786885246,165.9425699661958,119.0,46.799059004474174,True,True,1.3181645852762334,0.02387188457335608,5,5,1,1,1.0442349593615305,0.6408933466307956,10.0,0.2826333755051996,0.20353982300884957,200.0,112.0,0.15923050214780335,186.0,72.66220382992535,165.5822102425876,73.23427331887201,92.34793692371558,True,True,True,True,True,—,44448.0,42324.0,272.6871165644172,163.0,4.0,5.0,0.2826333755051996,True,19189.0,28716.39999999999,47311.0
927,63709.00000000001,254689.0,190980.0,1.333589904702063,0.505933117583603,68.72599784250271,543.046908315565,-416.9868995633188,13686.999999999993,7541.0,0.13686999999999994,10,7,0.7,92.7,21.2181526057289,0.2288905351211316,32,0.08854321995322481,4.654708847811795,199.15316517289537,0.8848512631359271,2012-01-10 17:15:00,2021-05-25 06:30:00,TF_U,5,,,,,,,750,0,,371,65511.0,245965.0,180454.0,1.363034346703315,0.33692722371967654,176.57951482479785,1967.72,-733.5528455284552,23448.0,21010.0,0.23448,5,4,0.8,74.2,23.71834732859775,0.31965427666573787,37,0.22837386087832579,2.7938843398157625,132.79003526125382,1.736963814929111,True,True,True,,,,,,,17.0,7.0,-1.0,48.0,,,31.0,52.0,52.0,15.0,,,,,0.0,,,,,,,,,,,,,,,,,,,,,,,,,,,,,,3.0,3.0,35.42622950819672,174.49490994380096,119.0,49.90726432000306,True,True,1.2931640450462525,0.06784320370990322,5,5,1,1,1.123225537548795,0.726991704259743,8.0,0.2826333755051996,0.11504424778761062,200.0,112.0,0.08184697942610752,186.0,34.82995021064726,176.57951482479785,26.967741935483872,149.61177288931398,True,True,True,True,True,—,44448.0,42324.0,272.6871165644172,163.0,4.0,5.0,0.2826333755051996,True,16179.499999999996,25721.09999999999,35181.99999999999
771,48291.0,201323.0,153032.0,1.315561451199749,0.23086900129701687,62.63424124513619,1131.0280898876404,-258.06408094435074,11360.0,9849.0,0.1136,10,8,0.8,77.1,17.812635964393365,0.23103289188577647,32,0.06193700689569485,4.250968309859155,181.37044169721065,0.8851686206004631,2012-01-10 17:15:00,2021-05-25 17:30:00,TF_U,5,,,,,,,250,3000,,368,51823.0,135311.0,83488.0,1.6207239363740897,0.125,140.8233695652174,2941.5434782608695,-259.27950310559004,23473.0,10283.0,0.23473,5,5,1.0,73.6,24.532427519509763,0.33332102608029573,37,0.057715686085328906,2.2077706300856303,166.6839820157073,1.3845026362138255,True,True,True,,,,,,,17.0,7.0,-1.0,184.0,,,31.0,52.0,52.0,15.0,,,,,0.0,,,,,,,,,,,,,,,,,,,,,,,,,,,,,,3.0,3.0,89.55371900826447,143.2181698406995,115.0,39.80138429023359,True,True,1.2872012388653988,0.416935265745869,5,5,1,1,1.2514124093103025,0.6520270225503834,10.0,0.2826333755051996,0.1592920353982301,200.0,112.0,0.1199467892316727,184.0,61.1390335980948,140.8233695652174,59.86702127659574,80.95634828862165,True,True,True,True,True,—,44448.0,42324.0,272.6871165644172,163.0,4.0,5.0,0.2826333755051996,True,11390.5,17799.799999999996,29836.0
927,58197.0,234764.0,176567.0,1.3296029269342515,0.47357065803667747,62.77993527508091,534.7699316628701,-361.81762295081967,8277.0,7206.0,0.08277,10,6,0.6,92.7,21.2181526057289,0.2288905351211316,32,0.08576043438665223,7.031170714026821,131.84148667457086,1.039412034090986,2012-01-10 17:15:00,2021-05-25 06:30:00,TF_U,5,,,,,,,500,5000,,372,50777.0,187371.0,136594.0,1.37173667950276,0.271505376344086,136.497311827957,1855.1584158415842,-504.0369003690037,22694.0,17087.0,0.22694,5,5,1.0,74.4,23.921538412067065,0.32152605392563255,37,0.09829253402130886,2.237463646778884,166.25968450282608,1.3648091576854409,True,True,True,,,,,,,17.0,7.0,-1.0,48.0,,,31.0,52.0,52.0,15.0,,,,,0.0,,,,,,,,,,,,,,,,,,,,,,,,,,,,,,3.0,2.0,-5.434426229508197,135.6514364724741,119.0,38.5786959893213,True,True,1.1885494831392946,0.0,4,5,1,1,0.9753239837092834,0.7253766652363383,10.0,0.2826333755051996,0.1504424778761062,200.0,112.0,0.11221904538908353,186.0,36.49933979680413,136.497311827957,27.5203426124197,108.9769692155373,True,True,True,True,True,—,44448.0,42324.0,272.6871165644172,163.0,4.0,5.0,0.2826333755051996,True,13298.5,20984.55,34571.0
938,44530.00000000001,215628.0,171098.0,1.260260201755719,0.509594882729211,47.47334754797442,451.10460251046027,-371.95217391304345,10804.0,10427.0,0.10804,10,8,0.8,93.8,21.63238313270177,0.23062242145737494,32,0.11208174264540757,4.121621621621622,227.58032786885244,0.687956413386671,2012-01-10 17:15:00,2021-05-25 00:30:00,TF_U,5,,,,,,,1250,5000,,374,69554.0,261485.0,191931.0,1.3623906508068004,0.48128342245989303,185.97326203208556,1452.6944444444443,-989.3350515463917,21712.0,19830.0,0.21712,5,4,0.8,74.8,24.326117651610584,0.32521547662580996,37,0.07175719584783047,3.203481945467944,116.74796560945452,1.9010955633449913,True,True,True,,,,,,,17.0,7.0,-1.0,24.0,,,31.0,52.0,52.0,15.0,,,,,0.0,,,,,,,,,,,,,,,,,,,,,,,,,,,,,,3.0,3.0,130.3951612903226,185.1124333259529,119.0,52.56225080184132,True,True,1.0873013036540509,0.0,4,5,1,1,1.0172590462782858,0.6837117716308009,10.0,0.2826333755051996,0.11607142857142858,200.0,111.0,0.08258788475445575,187.0,50.71321695760599,185.97326203208556,54.3068783068783,131.66638372520725,True,True,True,True,True,—,44448.0,42324.0,272.6871165644172,163.0,4.0,5.0,0.2826333755051996,True,17342.5,27391.749999999985,43560.0
939,41941.00000000001,164833.0,122892.0,1.3412834033134784,0.5356762513312034,44.66560170394037,327.6998011928429,-281.86238532110093,7526.0,7178.0,0.07526,10,8,0.8,93.9,21.65386801474508,0.23060562316022448,32,0.17860804463412885,5.5728142439542925,168.49655468396077,0.775522561014216,2012-01-10 17:15:00,2021-05-24 20:15:00,TF_U,5,,,,,,,1250,7500,,374,59614.0,218022.0,158408.0,1.37633200343417,0.5133689839572193,159.3957219251337,1135.53125,-870.3736263736264,23065.0,15863.0,0.23065,5,5,1.0,74.8,24.326117651610584,0.32521547662580996,37,0.12565840238870063,2.584608714502493,144.7027543865535,1.5808959477201032,True,True,True,,,,,,,17.0,7.0,-1.0,12.0,,,31.0,52.0,52.0,15.0,,,,,0.0,,,,,,,,,,,,,,,,,,,,,,,,,,,,,,3.0,3.0,92.49193548387096,156.8712934816872,119.0,45.050550928788695,True,True,0.9837181731859775,0.0,4,5,1,1,0.8177669993446606,0.5434704582019074,9.0,0.2826333755051996,0.11607142857142858,200.0,111.0,0.08258788475445575,187.0,18.053571428571427,159.3957219251337,26.705263157894738,132.69045876723897,True,True,True,True,True,—,44448.0,42324.0,272.6871165644172,163.0,4.0,5.0,0.2826333755051996,True,13743.5,21590.749999999996,33726.0
1385,95483.7800187032,483293.6682979412,387809.88827923813,1.246212855588538,0.5075812274368231,68.94135741422613,687.4732123726048,-568.6361998229298,21520.252126802494,17750.252126802494,0.21520252126802494,10,7,0.7,138.5,27.379737033068817,0.1976876320077171,60,0.10463557263907002,4.436926642684752,312.15300849823075,0.7078797800282116,2012-01-10 10:45:00,2021-06-01 23:00:00,RBB_M,5,,,,,,,1750,10000,,584,74014.42768620049,545412.0032290847,471397.57554288424,1.157010624420293,0.4315068493150685,126.73703370924741,2164.333346147161,-1419.8722154906152,29482.146321456632,27933.687524486828,0.2948214632145663,5,5,1.0,116.8,28.88875213642846,0.24733520664750397,73,0.1349871952311638,2.5104830184067697,232.62455699486247,1.1118017268140488,True,True,True,,,53.0,46.0,-48.0,37.0,7.0,6.0,-1.0,48.0,,,,,,,,,,,1.0,,,,,,,,,,,10.0,2.5,,,,,,,,,,,,,,,,,,3.0,2.0,-40.73926517213574,126.54472738275808,185.0,69.80228458587432,True,True,0.8583768980486939,0.16927860154272872,5,5,1,1,1.8557678331869063,0.2788792993565921,12.0,0.5507647018629975,0.07894736842105263,200.0,37.0,0.0384401554314305,292.0,-34.04904225580068,126.73703370924741,25.17493247002611,101.5621012392213,True,True,True,True,True,—,50511.25674436547,42109.49213643032,124.4119624245455,406.0,3.0,5.0,0.5507647018629975,True,37312.495439502236,56971.854870709154,94422.95469649593
1426,66370.60517520952,422861.74580112443,356491.1406259149,1.1861774322320557,0.4579242636746143,46.543201385139916,647.5677577352594,-461.1787071486609,20217.890172277966,19994.607281101038,0.20217890172277966,10,7,0.7,142.6,27.66297164080533,0.19398998345585788,65,0.14446045192936968,3.2827661348271877,434.38976199718473,0.4930508254776233,2012-01-10 10:45:00,2021-06-01 16:15:00,RBB_M,5,,,,,,,750,0,,629,64901.73198676536,394775.26201950695,329873.5300327416,1.1967473170106238,0.28139904610492844,103.18240379453952,2230.3687119746155,-729.8086947627027,21515.3560328359,19837.378597209463,0.21515356032835903,5,5,1.0,125.8,34.87922017476882,0.27725930186620684,75,0.16878936052112986,3.016530699641449,208.5176855898613,1.0595823790555026,True,True,True,,,53.0,46.0,-48.0,37.0,7.0,6.0,-1.0,48.0,,,,,,,,,,,1.0,,,,,,,,,,,10.0,2.5,,,,,,,,,,,,,,,,,,3.0,3.0,47.9519033911525,103.63922913559763,191.0,56.82922586340699,True,True,0.7608969020108033,0.0,3,5,1,1,1.9018567448962722,0.2710164354030518,11.0,0.5507647018629975,0.12121212121212122,200.0,32.0,0.06525724577017045,315.0,-10.10644483351577,103.18240379453952,2.996815909796018,100.18558788474351,True,True,True,True,True,—,50511.25674436547,42109.49213643032,124.4119624245455,406.0,3.0,5.0,0.5507647018629975,True,29294.984302894183,46115.71321738864,64850.733305771784
239,140409.0,274522.0,134113.0,2.046945486269042,0.4686192468619247,587.4853556485356,2451.089285714286,-1056.007874015748,17184.0,13960.0,0.17184,10,9,0.9,23.9,14.43918280236108,0.6041499080485808,5,0.07115640735280503,8.170914804469273,29.250090806144904,6.750536160756176,2012-01-12 13:30:00,2021-05-31 12:00:00,PC,8,,,,,,1.0,5000,10000,2000.0,216,154836.0,298976.0,144140.0,2.0742056334119607,0.4675925925925926,716.8333333333334,2960.158415841584,-1253.391304347826,16314.0,10558.0,0.16314,5,5,1.0,43.2,12.576167937809991,0.29111499856041645,26,0.06452633754424036,9.490989334314087,22.75842827249477,8.453592670192258,True,True,True,,,3.0,56.0,2.0,6.0,13.0,4.0,-1.0,0.0,,,,,,,,,100.0,2.0,0.0,0.0,0.0,,,,,,,,,,,,,,,,,,,,,,,,,,,,3.0,3.0,467.8382352941176,705.3606083459025,68.0,33.99715601327738,True,True,8.445342354585609,5.099510854762289,5,5,1,1,1.013935756350096,0.9447880761708196,11.0,0.047426862608617594,0.034482758620689655,200.0,28.0,0.010175641577601174,108.0,349.47972972972974,716.8333333333334,317.99195171026156,398.8413816230718,True,True,True,False,False,"walk-forward sotto la frizione (OOS concatenato +$3,555 ma avg trade $31 su 115 trade; 1/5 finestre positive)",3555.0,18484.0,30.91304347826087,115.0,1.0,5.0,0.047426862608617594,True,15564.0,23910.499999999996,37520.0
186,117151.0,226177.0,109026.0,2.074523508154018,0.46774193548387094,629.8440860215054,2599.735632183908,-1101.2727272727273,16473.0,13249.0,0.16473,10,9,0.9,18.6,10.660206376989144,0.5731293751069432,5,0.08528309617502199,7.111697929945972,26.15409172777014,7.391797509235934,2012-01-12 13:30:00,2021-05-31 12:00:00,PC,7,,,,,,1.0,5000,10000,2000.0,171,97276.0,213619.0,116343.0,1.8361139045752646,0.4327485380116959,568.8654970760234,2886.7432432432433,-1199.4123711340205,19897.0,11605.0,0.19897,5,5,1.0,34.2,10.833282051160673,0.31676263307487346,18,0.10270775936510547,4.888978237925316,34.97663349644311,6.074620457217424,True,True,True,,,3.0,24.0,2.0,6.0,13.0,4.0,-1.0,0.0,,,,,,,,,100.0,2.0,0.0,0.0,0.0,,,,,,,,,,,,,,,,,,,,,,,,,,,,3.0,3.0,240.0909090909091,559.485345255837,55.0,26.979505772607517,True,False,8.188578295373128,4.306853379692748,5,5,1,1,0.9820185462556672,0.8696901121441548,11.0,0.047426862608617594,0.06451612903225806,200.0,30.0,0.026757038312740337,86.0,364.71621621621625,568.8654970760234,317.99195171026156,250.87354536576186,True,True,True,False,False,"avg trade atteso $27 | walk-forward sotto la frizione (OOS concatenato +$3,555 ma avg trade $31 su 115 trade; 1/5 finestre positive)",3555.0,18484.0,30.91304347826087,115.0,1.0,5.0,0.047426862608617594,True,15454.5,23976.699999999997,38481.0
260,129680.0,287057.0,157377.0,1.824008590836018,0.45,498.7692307692308,2453.4786324786323,-1100.5384615384614,16697.0,14553.0,0.16697,10,9,0.9,26.0,16.01873902652765,0.6161053471741404,5,0.07704349167180753,7.766664670300054,33.47640345465762,5.814117240133272,2012-01-12 11:15:00,2021-05-31 12:00:00,PC,8,,,,,,1.0,5000,10000,2000.0,231,130841.0,296679.0,165838.0,1.7889687526381166,0.45021645021645024,566.4112554112554,2852.6826923076924,-1305.8110236220473,17147.0,9830.0,0.17147,5,5,1.0,46.2,14.190137420053407,0.3071458316028876,27,0.07635985661986686,7.630547617659066,30.273056610695424,6.515401081043048,True,True,True,,,3.0,56.0,2.0,6.0,14.0,13.0,-1.0,0.0,,,,,,,,,100.0,5.0,0.0,0.0,0.0,,,,,,,,,,,,,,,,,,,,,,,,,,,,3.0,3.0,423.1917808219178,560.1836056554988,73.0,26.86310879036422,True,False,7.183212260404983,3.9276139134238446,5,5,1,1,1.5380955639264762,0.7632891456231625,11.0,0.047426862608617594,0.07407407407407407,200.0,26.0,0.030709850463385965,116.0,281.7356532356532,566.4112554112554,250.3666026871401,316.0446527241153,True,True,True,False,False,"avg trade atteso $27 | walk-forward sotto la frizione (OOS concatenato +$3,555 ma avg trade $31 su 115 trade; 1/5 finestre positive)",3555.0,18484.0,30.91304347826087,115.0,1.0,5.0,0.047426862608617594,True,18733.5,28675.35,44491.0
201,116421.0,236220.0,119799.0,1.9718027696391456,0.472636815920398,579.2089552238806,2486.5263157894738,-1130.1792452830189,17280.0,15136.0,0.1728,10,9,0.9,20.1,11.335342959081565,0.5639474108995803,5,0.08581785073139726,6.737326388888889,29.833792872419924,6.636922609259984,2012-01-12 11:15:00,2021-05-31 12:00:00,PC,7,,,,,,1.0,5000,10000,2000.0,180,85335.0,212868.0,127533.0,1.6691209334054715,0.43333333333333335,474.0833333333333,2729.076923076923,-1250.3235294117646,22981.0,12804.0,0.22981,5,5,1.0,36.0,11.730302638892145,0.3258417399692262,19,0.11707974453623952,3.713284887515774,48.47460010546669,4.710571292228374,True,True,True,,,3.0,24.0,2.0,6.0,14.0,13.0,-1.0,0.0,,,,,,,,,100.0,5.0,0.0,0.0,0.0,,,,,,,,,,,,,,,,,,,,,,,,,,,,3.0,3.0,285.82758620689657,470.79545672415344,58.0,22.48428511503546,True,False,6.997418584194124,3.7609665180094014,5,5,1,1,1.3626011599112213,0.7673744345774854,11.0,0.047426862608617594,0.15151515151515152,200.0,32.0,0.08749831689283664,90.0,260.85730502136755,474.0833333333333,250.3666026871401,223.7167306461932,True,True,True,False,False,"avg trade atteso $22 | walk-forward sotto la frizione (OOS concatenato +$3,555 ma avg trade $31 su 115 trade; 1/5 finestre positive)",3555.0,18484.0,30.91304347826087,115.0,1.0,5.0,0.047426862608617594,True,17162.5,26125.6,37248.0
202,112732.0,237640.0,124908.0,1.902520254907612,0.47029702970297027,558.0792079207921,2501.4736842105262,-1167.3644859813085,16996.0,14072.0,0.16996,10,9,0.9,20.2,11.408768557561329,0.5647905226515509,5,0.08862612213036228,6.632854789362203,30.45445836142355,6.448011984392831,2012-01-11 19:45:00,2021-05-31 12:00:00,PC,8,,,,,,1.0,5000,10000,2000.0,197,72507.0,222870.0,150363.0,1.4822130444324735,0.38071065989847713,368.0558375634518,2971.6,-1232.483606557377,22951.0,19978.0,0.22951,5,5,1.0,39.4,11.568923891183656,0.2936275099285192,23,0.13779359234280827,3.1592087490741143,62.35738618340298,3.6594537142132,True,True,True,,,3.0,24.0,52.0,6.0,13.0,4.0,-1.0,0.0,,,,,,,,,100.0,2.0,0.0,0.0,0.0,,,,,,,,,,,,,,,,,,,,,,,,,,,,3.0,2.0,-100.09375,357.8552409889444,62.0,17.455733640421503,True,False,6.900344253102103,3.2126720009778937,5,5,1,1,0.9885885788182255,0.7434612123703916,11.0,0.047426862608617594,0.5,200.0,29.0,0.38423949414956093,99.0,350.89864864864865,368.0558375634518,317.99195171026156,50.06388585319024,True,False,True,False,False,"avg trade atteso $17 | pattern casuali fanno uguale (p=0.50, min attendibile 0.38 su 29 estrazioni valide) | walk-forward sotto la frizione (OOS concatenato +$3,555 ma avg trade $31 su 115 trade; 1/5 finestre positive)",3555.0,18484.0,30.91304347826087,115.0,1.0,5.0,0.047426862608617594,True,19569.5,29903.35,44014.0
160,55685.0,97545.0,41860.0,2.330267558528428,0.65625,348.03125,929.0,-761.0909090909091,9198.0,8464.0,0.09198,10,9,0.9,16.0,5.796550698475776,0.362284418654736,8,0.0896291640477687,6.054033485540335,26.428661219358894,5.466066278346475,2012-03-05 17:30:00,2021-05-24 12:30:00,RHL,6,,,,,,1.0,2000,5000,,93,47528.0,116267.0,68739.0,1.6914269919550764,0.5591397849462365,511.0537634408602,2235.903846153846,-1676.560975609756,17557.0,16335.0,0.17557,5,4,0.8,18.6,6.887670143089026,0.3703048464026358,7,0.1050117825281939,2.707068405764083,34.35450681703417,5.8095807282827865,True,True,True,80.0,80.0,40.0,46.0,46.0,6.0,2.0,1.0,4.0,48.0,,,,,,,,,,,,,,,,,,,,,,,,,,,,,,,,,,,,,,,,,3.0,3.0,40.193548387096776,504.56451612903226,30.0,0.0,True,False,6.645782823137056,2.682765695223194,5,5,1,1,1.404674769319332,0.7055563349467724,11.0,-0.06286800522602035,0.02631578947368421,200.0,37.0,0.007791067738331103,47.0,-24.844594594594593,511.0537634408602,-24.584045584045583,535.6378090249058,True,True,True,False,False,"avg trade atteso $0 | walk-forward in perdita (OOS concatenato -$2,133 su 77 trade; 4/5 finestre positive)",-2133.0,16911.0,-27.7012987012987,77.0,4.0,5.0,-0.06286800522602035,True,10501.5,16307.299999999988,27366.0
239,131434.0,279003.0,147569.0,1.8906613177564393,0.45188284518828453,549.9330543933054,2583.3611111111113,-1126.4809160305344,20246.0,17436.0,0.20246,10,8,0.8,23.9,15.820556248122251,0.6619479601724791,5,0.07601533849688817,6.491850242023116,36.81539023388165,5.821616095922823,2012-01-12 13:30:00,2021-05-31 12:00:00,PC,8,,,,,,1.0,5000,10000,2000.0,233,109023.0,270761.0,161738.0,1.674071646737316,0.4334763948497854,467.9098712446352,2680.80198019802,-1225.2878787878788,24728.0,15488.0,0.24728,5,5,1.0,46.6,14.150618361046984,0.30366133821989233,27,0.09164121332195958,4.4088887091556135,52.847784412463426,4.481991886383016,True,True,True,,,55.0,24.0,2.0,6.0,13.0,4.0,-1.0,0.0,,,,,,,,,100.0,2.0,0.0,0.0,0.0,,,,,,,,,,,,,,,,,,,,,,,,,,,,3.0,3.0,410.09090909090907,464.8949481632408,74.0,22.19149717673526,True,False,6.434517481608836,2.7871423093810073,5,5,1,1,0.9798296135186345,0.7879575553082875,11.0,0.047426862608617594,0.23076923076923078,200.0,25.0,0.14144645330950134,117.0,378.5337837837838,467.9098712446352,317.99195171026156,149.91791953437365,True,True,True,False,False,"avg trade atteso $22 | walk-forward sotto la frizione (OOS concatenato +$3,555 ma avg trade $31 su 115 trade; 1/5 finestre positive)",3555.0,18484.0,30.91304347826087,115.0,1.0,5.0,0.047426862608617594,True,18801.0,28506.949999999997,41052.0
205,99750.0,219683.0,119933.0,1.8317143738587378,0.47804878048780486,486.5853658536585,2241.6632653061224,-1120.8691588785048,14187.0,12068.0,0.14187,10,10,1.0,20.5,10.974971526158964,0.5353644646906811,5,0.10016040100250627,7.031084795939945,29.15624060150376,6.1534278616062705,2012-01-11 19:45:00,2021-05-21 16:45:00,PC,8,,,,,,1.0,5000,10000,2000.0,192,73507.0,217271.0,143764.0,1.5113032469881194,0.3958333333333333,382.8489583333333,2858.8289473684213,-1239.344827586207,23637.0,19529.0,0.23637,5,4,0.8,38.4,12.626955294131678,0.3288269607846791,21,0.1359190281197709,3.1098278123281298,61.739752676615836,3.750892753437441,True,True,True,,,3.0,56.0,9.0,21.0,11.0,10.0,-1.0,0.0,,,,,,,,,100.0,0.0,0.0,0.0,0.0,,,,,,,,,,,,,,,,,,,,,,,,,,,,3.0,3.0,149.41666666666666,374.2295892333206,60.0,18.15732494672736,True,False,6.196433282378283,3.6912067722064825,5,5,1,1,1.9041180931285295,0.4496079478787454,10.0,0.047426862608617594,0.34375,200.0,31.0,0.24478144592646925,96.0,286.5325443786982,382.8489583333333,261.13307984790873,121.71587848542458,True,False,True,False,False,"avg trade atteso $18 | pattern casuali fanno uguale (p=0.34, min attendibile 0.24 su 31 estrazioni valide) | walk-forward sotto la frizione (OOS concatenato +$3,555 ma avg trade $31 su 115 trade; 1/5 finestre positive)",3555.0,18484.0,30.91304347826087,115.0,1.0,5.0,0.047426862608617594,True,18914.5,28348.699999999997,45854.0
213,100513.0,233627.0,133114.0,1.7550896224288954,0.45539906103286387,471.8920187793427,2408.5257731958764,-1147.5344827586207,14665.0,12546.0,0.14665,10,9,0.9,21.3,10.93663568013491,0.5134570741847375,5,0.09940007760190224,6.853937947494034,31.077024862455602,5.8695519808360155,2012-01-11 19:45:00,2021-05-31 12:00:00,PC,8,,,,,,1.0,5000,10000,2000.0,219,82234.0,245947.0,163713.0,1.5023058645312224,0.3972602739726027,375.49771689497715,2826.977011494253,-1240.25,29435.0,26442.0,0.29435,5,5,1.0,43.8,14.945233353815524,0.3412153733747837,22,0.12149475885886617,2.7937489383387124,78.38929153391541,3.29669398220249,True,True,True,,,3.0,24.0,52.0,21.0,11.0,10.0,-1.0,0.0,,,,,,,,,100.0,0.0,0.0,0.0,0.0,,,,,,,,,,,,,,,,,,,,,,,,,,,,3.0,2.0,-48.93055555555556,369.77962962962965,72.0,17.808678629027668,True,False,5.778481723302322,2.2771735275648495,5,5,1,1,2.382012970637484,0.4834218638363825,10.0,0.047426862608617594,0.36666666666666664,200.0,29.0,0.2620162391537192,110.0,286.5325443786982,375.49771689497715,261.13307984790873,114.36463704706841,True,False,True,False,False,"avg trade atteso $18 | pattern casuali fanno uguale (p=0.37, min attendibile 0.26 su 29 estrazioni valide) | walk-forward sotto la frizione (OOS concatenato +$3,555 ma avg trade $31 su 115 trade; 1/5 finestre positive)",3555.0,18484.0,30.91304347826087,115.0,1.0,5.0,0.047426862608617594,True,20738.0,32567.6,46677.0
161,57301.0,91628.0,34327.0,2.669269088472631,0.17391304347826086,355.90683229813664,3272.4285714285716,-258.09774436090225,11125.0,5837.0,0.11125,10,8,0.8,16.1,3.8845849199110063,0.24127856645409976,8,0.40219193382314444,5.1506516853932585,31.25818048550636,5.082643745251439,2012-03-26 07:00:00,2021-05-28 01:00:00,BIASW,7,,,,,,,250,0,,68,23383.0,39959.0,16576.0,2.4106539575289574,0.058823529411764705,343.86764705882354,9989.75,-259.0,10361.0,6216.0,0.10361,5,4,0.8,13.6,5.083306010855534,0.373772500798201,7,0.7283496557327973,2.2568284914583536,30.130778770901937,5.0885475222169,True,True,True,,,,,,,,,,,,,144.0,20.0,29.0,62.0,,,,,,,,,,,,,,,,,,,,,,,,,,,0.0,4.0,700.0,100.0,3.0,0.0,0.0,100.0,3.0,2.0,-259.0,381.6282051282051,20.0,0.0,True,False,5.702422404950708,3.19212848011056,5,5,1,1,1.131056888960745,0.7951222741009888,9.0,-0.3948317712231184,0.11764705882352941,200.0,101.0,0.08255197521598726,34.0,95.23280423280423,343.86764705882354,124.37155963302752,219.49608742579602,True,True,True,False,False,"avg trade atteso $0 | walk-forward in perdita (OOS concatenato -$26,752 su 88 trade; 3/5 finestre positive)",-26752.0,57486.0,-304.0,88.0,3.0,5.0,-0.3948317712231184,True,7846.5,12699.249999999996,17288.0
255,126120.0,286954.0,160834.0,1.784162552694082,0.4470588235294118,494.5882352941176,2517.1403508771928,-1140.6666666666667,18654.0,15824.0,0.18654,10,9,0.9,25.5,16.698802352264668,0.6548549942064575,5,0.07921820488423724,6.761016403988421,37.716222645099904,5.454577919490379,2012-01-12 11:15:00,2021-05-31 12:00:00,PC,8,,,,,,1.0,5000,10000,2000.0,241,91981.0,264754.0,172773.0,1.532380638178419,0.4315352697095436,381.66390041493776,2545.7115384615386,-1261.1167883211679,26593.0,15807.0,0.26593,5,5,1.0,48.2,15.43243337908834,0.32017496637112736,27,0.10862025853165327,3.4588425525514235,69.67648753546928,3.5253380797239564,True,True,True,,,55.0,24.0,2.0,6.0,14.0,13.0,-1.0,0.0,,,,,,,,,100.0,5.0,0.0,0.0,0.0,,,,,,,,,,,,,,,,,,,,,,,,,,,,3.0,3.0,345.15584415584414,380.81009173780257,77.0,18.10112136764836,True,False,5.614536437896199,2.20697815703261,5,5,1,1,1.44135416772237,0.7501149592493627,11.0,0.047426862608617594,0.34615384615384615,200.0,25.0,0.2371344392918514,121.0,302.42857142857144,381.66390041493776,250.3666026871401,131.29729772779766,True,False,True,False,False,"avg trade atteso $18 | pattern casuali fanno uguale (p=0.35, min attendibile 0.24 su 25 estrazioni valide) | walk-forward sotto la frizione (OOS concatenato +$3,555 ma avg trade $31 su 115 trade; 1/5 finestre positive)",3555.0,18484.0,30.91304347826087,115.0,1.0,5.0,0.047426862608617594,True,20638.5,32481.399999999994,54557.0
195,57145.0,112340.0,55195.0,2.0353292870731043,0.28205128205128205,293.05128205128204,2042.5454545454545,-394.25,11469.0,7665.0,0.11469,10,9,0.9,19.5,8.686195945291587,0.44544594591238906,8,0.11385073059760259,4.982561688028599,39.13649488144195,4.121774271334155,2012-01-11 19:45:00,2021-05-21 16:45:00,PC,7,,,,,,1.0,5000,10000,2000.0,150,47235.0,108508.0,61273.0,1.7708941948329606,0.25333333333333335,314.9,2855.4736842105262,-547.0803571428571,19773.0,13325.0,0.19773,5,4,0.8,30.0,9.939818911831342,0.33132729706104475,15,0.21151688366677251,2.3888636018813534,62.79136233724992,3.373181673398983,True,True,True,,,3.0,24.0,9.0,21.0,11.0,10.0,-1.0,0.0,,,,,,,,,100.0,0.0,0.0,0.0,500.0,,,,,,,,,,,,,,,,,,,,,,,,,,,,3.0,3.0,59.3,321.18119658119656,48.0,14.934719035453679,True,False,5.3021943943182634,1.403317517936177,5,5,1,1,2.2673091380938373,0.5848224988767754,11.0,0.047426862608617594,0.28205128205128205,200.0,38.0,0.19904013639094045,75.0,205.12488787002889,314.9,247.78947368421052,67.11052631578946,True,True,True,False,False,"avg trade atteso $15 | walk-forward sotto la frizione (OOS concatenato +$3,555 ma avg trade $31 su 115 trade; 1/5 finestre positive)",3555.0,18484.0,30.91304347826087,115.0,1.0,5.0,0.047426862608617594,True,13456.0,21298.099999999995,31646.0
442,84542.0,188622.0,104080.0,1.8122790161414297,0.09502262443438914,191.2714932126697,4491.0,-260.2,9545.0,8421.0,0.09545,10,10,1.0,44.2,18.861601204563733,0.42673305892678126,16,0.053121525395661326,8.857202723939235,49.90288850512171,2.9489379647390748,2012-01-10 17:15:00,2021-06-01 17:15:00,TF_U,5,,,,,,,250,4500,,287,39667.0,107784.0,68117.0,1.5823362743514835,0.08362369337979095,138.21254355400697,4491.0,-259.0,14927.0,12950.0,0.14927,5,4,0.8,57.4,22.6503863101714,0.3946060332782474,27,0.11321753598709254,2.6573993434715617,108.00032772833842,1.7039802144999654,True,True,True,,,,,,,17.0,3.0,4.0,0.0,,,63.0,79.0,37.0,137.0,,,,,0.0,,,,,,,,,,,,,,,,,,,,,,,,,,,,,,3.0,3.0,41.0,137.9946857247572,85.0,39.06347772182841,True,True,3.334576128913727,1.5913981125845944,5,5,1,1,1.3295866574354067,0.7206636443120397,8.0,0.2826333755051996,0.35135135135135137,200.0,110.0,0.2955923747973514,144.0,103.27312101910829,138.21254355400697,109.0774456521739,29.135097901833063,True,False,True,True,False,"pattern casuali fanno uguale (p=0.35, min attendibile 0.30 su 110 estrazioni valide)",44448.0,42324.0,272.6871165644172,163.0,4.0,5.0,0.2826333755051996,True,13727.0,21413.149999999998,33323.0
621,100086.0,329758.0,229672.0,1.435777979030966,0.27053140096618356,161.16908212560386,1962.845238095238,-507.00220750551875,17905.0,16310.0,0.17905,10,8,0.8,62.1,11.631422956801115,0.18730149688890685,32,0.05985852167136263,5.589835241552639,111.09450872249865,1.814253311937582,2012-01-16 08:00:00,2021-05-31 11:00:00,BIASW,7,,,,,,,500,6000,,307,83982.0,219376.0,135394.0,1.6202785943247116,0.13355048859934854,273.557003257329,5350.634146341464,-509.0,10996.0,9671.0,0.10996,5,5,1.0,61.4,19.622436138257655,0.3195836504602224,29,0.07133671501035936,7.63750454710804,40.196375413779144,3.9294686350536874,True,True,True,,,,,,,,,,,,,148.0,91.0,54.0,115.0,,,,,,,,,,,,,,,,,,,,,,,,,,,0.0,0.0,800.0,100.0,3.0,0.0,2000.0,200.0,3.0,3.0,158.28155339805826,271.65710385452826,97.0,0.0,True,False,3.0125734923445355,0.3334250243373088,5,5,1,1,0.9837669487890068,0.8372899306596326,12.0,-0.3948317712231184,0.5897435897435898,200.0,38.0,0.48583383348474385,154.0,285.8474773539283,273.557003257329,252.57178217821783,20.98522107911114,True,False,True,False,False,"avg trade atteso $0 | pattern casuali fanno uguale (p=0.59, min attendibile 0.49 su 38 estrazioni valide) | walk-forward in perdita (OOS concatenato -$26,752 su 88 trade; 3/5 finestre positive)",-26752.0,57486.0,-304.0,88.0,3.0,5.0,-0.3948317712231184,True,19369.5,29777.55,48522.0
449,70754.0,260833.0,190079.0,1.372234702413207,0.16258351893095768,157.58129175946547,3573.054794520548,-505.52925531914894,24169.0,23165.0,0.24169,10,7,0.7,44.9,8.178630692236935,0.18215213123022125,26,0.15025298923029087,2.927469071951674,153.37480566469742,1.5267877615485677,2012-01-13 02:00:00,2021-06-01 01:45:00,TF_M,5,,,,,,,500,10000,,211,56226.0,155571.0,99345.0,1.5659670844028386,0.07582938388625593,266.4739336492891,9723.1875,-509.46153846153845,23853.0,22396.0,0.23853,5,4,0.8,42.2,19.903768487399567,0.4716532816919328,16,0.1776935937110945,2.3571877751226262,89.51344573684771,2.5988821338307595,True,True,True,,,54.0,9.0,-48.0,17.0,13.0,5.0,-1.0,920.0,,,,,,,,,,,0.0,,,,,,,,,,,,,,,,,,,,,,,,,,,,,,3.0,3.0,22.645569620253166,281.20101902714754,53.0,130.38728688941583,True,True,2.930443180608153,0.0,4,5,1,1,0.9553078233755754,0.24020424333587723,8.0,0.48930597114620883,0.3877551020408163,200.0,48.0,0.3027639205905137,106.0,196.80133493325332,266.4739336492891,298.10888610763453,-31.634952458345424,True,False,False,True,False,"pattern casuali fanno uguale (p=0.39, min attendibile 0.30 su 48 estrazioni valide) | pattern non batte il senza-filtro (avg -32$)",43596.0,27207.0,360.297520661157,121.0,2.0,4.0,0.48930597114620883,True,27174.0,42825.799999999996,60803.0
393,47328.0,219505.0,172177.0,1.274879920082241,0.13994910941475827,120.42748091603053,3991.0,-509.39940828402365,23425.0,21108.0,0.23425,10,7,0.7,39.3,11.118003417880388,0.28290085032774526,20,0.0843264029749831,2.0204055496264672,194.51540314401623,1.185193215728512,2012-01-13 02:00:00,2021-06-01 01:45:00,TF_M,5,,,,,,,500,4000,,220,41020.0,135694.0,94674.0,1.433276295498236,0.15454545454545454,186.45454545454547,3991.0,-509.0,17503.0,16161.0,0.17503,5,4,0.8,44.0,19.909796583591707,0.4524953768998115,17,0.09729400292540225,2.3435982403016626,93.87274500243782,2.12285379001861,True,True,True,,,54.0,9.0,-48.0,17.0,13.0,5.0,-1.0,0.0,,,,,,,,,,,0.0,,,,,,,,,,,,,,,,,,,,,,,,,,,,,,3.0,2.0,-59.0,230.15054667788056,58.0,91.23332243826131,True,True,2.4465993866277587,0.0,4,5,1,1,1.1717088094640677,0.0,8.0,0.48930597114620883,0.32653061224489793,200.0,48.0,0.24677772150400512,110.0,114.76412872841445,186.45454545454547,132.07467204843593,54.37987340610954,True,False,True,True,False,"pattern casuali fanno uguale (p=0.33, min attendibile 0.25 su 48 estrazioni valide)",43596.0,27207.0,360.297520661157,121.0,2.0,4.0,0.48930597114620883,True,20834.5,32635.149999999998,50322.0
132,16937.0,67306.0,50369.0,1.3362584129127042,0.6515151515151515,128.31060606060606,782.6279069767442,-1094.9782608695652,12821.0,12626.0,0.12821,10,7,0.7,13.2,5.211525688318153,0.39481255214531463,5,0.08803211902934403,1.3210358006395757,99.9215917813072,1.7068877473963167,2012-03-06 10:00:00,2021-05-04 16:00:00,LF,8,,,,,,,4000,1500,,120,24385.0,105072.0,80687.0,1.3022172097116016,0.6416666666666667,203.20833333333334,1364.5714285714287,-1876.4418604651162,11670.0,11279.0,0.1167,5,3,0.6,24.0,14.296852800529214,0.5957022000220505,12,0.06114414599138815,2.089545844044559,57.42874718064384,2.8334101186961367,True,True,True,,,54.0,27.0,-1.0,,13.0,12.0,,48.0,2.0,5.0,39.0,17.0,11.0,13.0,3.0,1.0,,,,,,,,,,,,,,,,,,,,,,,,,,,,,,,,,3.0,2.0,-61.58064516129032,178.77884853813035,31.0,9.640179605995442,True,False,2.0848111137085086,0.0,4,5,1,1,0.8483852307223108,0.0,11.0,0.0474398832363934,0.18181818181818182,200.0,10.0,0.07504329071008856,60.0,75.64063384267119,203.20833333333334,36.31094527363184,166.8973880597015,True,True,True,False,False,"avg trade atteso $10 | walk-forward sotto la frizione (OOS concatenato +$1,480 ma avg trade $25 su 60 trade; 3/5 finestre positive)",1480.0,6054.0,24.666666666666668,60.0,3.0,5.0,0.0474398832363934,True,16452.0,26574.299999999996,36302.0
650,71920.0,213037.0,141117.0,1.509648022562838,0.1646153846153846,110.64615384615385,1991.0,-259.8839779005525,7748.0,6993.0,0.07748,10,8,0.8,65.0,17.429859437184227,0.2681516836489881,24,0.02768353726362625,9.2823954568921,70.0250278086763,1.8934108903666385,2012-01-10 17:15:00,2021-06-01 17:15:00,TF_U,5,,,,,,,250,2000,,295,31595.0,95568.0,63973.0,1.493880230722336,0.16271186440677965,107.10169491525424,1991.0,-259.0,7748.0,5779.0,0.07748,5,5,1.0,59.0,23.77393530739074,0.4029480560574702,27,0.06301630004747587,4.077826535880227,72.3424592498813,1.8327570229981083,True,True,True,,,,,,,17.0,3.0,4.0,0.0,,,63.0,79.0,37.0,137.0,,,,,0.0,,,,,,,,,,,,,,,,,,,,,,,,,,,,,,3.0,3.0,42.54639175257732,104.01546391752576,88.0,30.27051355622638,True,True,2.035290036146131,1.614636113414106,5,5,1,1,1.2121933678817023,0.6072234668539633,8.0,0.2826333755051996,0.3,200.0,109.0,0.2470558247325382,148.0,82.27450980392157,107.10169491525424,73.78,33.32169491525424,True,False,True,True,False,"pattern casuali fanno uguale (p=0.30, min attendibile 0.25 su 109 estrazioni valide)",44448.0,42324.0,272.6871165644172,163.0,4.0,5.0,0.2826333755051996,True,9774.5,14650.0,21789.0
352,28487.0,189243.0,160756.0,1.1772064495259897,0.5198863636363636,80.92897727272727,1034.1147540983607,-951.2189349112426,18147.0,16098.0,0.18147,10,5,0.5,35.2,10.097524449091472,0.2868614900310077,13,0.1400989925229052,1.5697911500523503,224.23365043704146,0.9049091657215738,2012-01-10 13:15:00,2021-06-02 13:15:00,BO,5,,,,,,,2000,4000,,130,34750.0,185524.0,150774.0,1.230477403265815,0.4153846153846154,267.3076923076923,3435.6296296296296,-1983.8684210526317,16987.0,14063.0,0.16987,5,4,0.8,26.0,6.985699678629192,0.26868075687035353,15,0.11484892086330935,2.0456819921116147,63.54848920863309,3.0892742744362702,True,True,True,,,47.0,7.0,-34.0,28.0,13.0,6.0,-1.0,184.0,,,,,,,,,,0.0,0.0,,,,,,,,0.0,5.0,0.0,,,,,,,,,,,,,,,,,,,,3.0,2.0,-68.625,251.57131093544137,40.0,90.25987554923643,True,True,1.8582166721589204,0.0,4,5,1,1,1.2500391412547338,0.917167997947781,12.0,0.3376628437813161,0.29545454545454547,200.0,43.0,0.2151431358485196,65.0,159.63013698630138,267.3076923076923,316.3963414634146,-49.088649155722294,True,False,False,True,False,"pattern casuali fanno uguale (p=0.30, min attendibile 0.22 su 43 estrazioni valide) | pattern non batte il senza-filtro (avg -49$)",39555.0,12303.0,226.02857142857144,175.0,4.0,5.0,0.3376628437813161,True,26881.5,44097.85,62139.0
934,51346.00000000001,256295.0,204949.0,1.250530619812734,0.5246252676659529,54.97430406852249,523.0510204081633,-461.59684684684686,14594.999999999993,13981.999999999993,0.14594999999999994,10,5,0.5,93.4,25.745679249147805,0.2756496707617538,24,0.07772757371557666,3.5180541281260727,265.48767187317395,0.6854267432258444,2012-01-10 17:15:00,2021-06-02 06:30:00,TF_U,5,,,,,,,5000,4000,,279,72684.0,256492.0,183808.0,1.3954343662952646,0.5627240143369175,260.51612903225805,1633.7070063694268,-1506.622950819672,28835.0,23710.0,0.28835,5,4,0.8,55.8,22.06717018559471,0.3954689997418407,25,0.054908920807880686,2.5206866655106643,110.68412580485389,2.310883189033993,True,True,True,,,,,,,17.0,3.0,4.0,48.0,,,63.0,79.0,37.0,137.0,,,,,0.0,,,,,,,,,,,,,,,,,,,,,,,,,,,,,,3.0,2.0,-5.235294117647059,249.67407936239545,85.0,73.63055292193523,True,True,1.645452491274487,0.0,3,5,1,1,1.3113479468876845,0.7609812025238077,9.0,0.2826333755051996,0.33035714285714285,200.0,111.0,0.27598133219327253,140.0,192.14754098360655,260.51612903225805,249.45781466113417,11.058314371123885,True,False,True,True,False,"pattern casuali fanno uguale (p=0.33, min attendibile 0.28 su 111 estrazioni valide)",44448.0,42324.0,272.6871165644172,163.0,4.0,5.0,0.2826333755051996,True,22898.499999999996,34629.399999999994,51187.0
949,46529.0,209987.0,163458.0,1.2846541619253875,0.5131717597471022,49.029504741833506,431.1848049281314,-353.8051948051948,13959.0,13365.0,0.13959,10,5,0.5,94.9,26.345587865902708,0.2776142030126734,24,0.09652044961206989,3.3332616949638227,284.7061187646414,0.6250772709835904,2012-01-10 17:15:00,2021-06-02 00:30:00,TF_U,5,,,,,,,5000,4500,,289,71959.0,218557.0,146598.0,1.4908593568807214,0.5778546712802768,248.99307958477507,1308.7245508982037,-1201.622950819672,17599.0,13670.0,0.17599,5,5,1.0,57.8,22.745549015137005,0.3935216092584257,27,0.06241053933489904,4.088811864310472,70.68067927569867,2.8271355759232835,True,True,True,,,,,,,17.0,3.0,4.0,24.0,,,63.0,79.0,37.0,137.0,,,,,0.0,,,,,,,,,,,,,,,,,,,,,,,,,,,,,,3.0,3.0,131.3448275862069,241.68880709669762,87.0,70.37375456047978,True,True,1.6206416007024267,0.0,4,5,1,1,0.9357402882783191,0.593831479754278,9.0,0.2826333755051996,0.2545454545454545,200.0,109.0,0.20498995610738147,145.0,175.47368421052633,248.99307958477507,192.60300136425647,56.3900782205186,True,False,True,True,False,"pattern casuali fanno uguale (p=0.25, min attendibile 0.20 su 109 estrazioni valide)",44448.0,42324.0,272.6871165644172,163.0,4.0,5.0,0.2826333755051996,True,18068.0,27597.35,56031.0
934,52581.00000000001,257530.0,204949.0,1.2565565091803326,0.5246252676659529,56.296573875803006,525.5714285714286,-461.59684684684686,14594.999999999993,13981.999999999993,0.14594999999999994,10,5,0.5,93.4,25.745679249147805,0.2756496707617538,24,0.1424659097392594,3.602672147995891,259.25201118274646,0.7019129744392576,2012-01-10 17:15:00,2021-06-02 06:30:00,TF_U,5,,,,,,,5000,7500,,278,75678.0,266329.0,190651.0,1.3969452035394516,0.5539568345323741,272.2230215827338,1729.409090909091,-1537.508064516129,28835.0,23710.0,0.28835,5,5,1.0,55.6,22.348154286204487,0.4019452209749008,24,0.09898517402679775,2.624518813941391,105.92417875736675,2.4147280499691552,True,True,True,,,,,,,17.0,3.0,4.0,48.0,,,63.0,79.0,37.0,137.0,,,,,0.0,,,,,,,,,,,,,,,,,,,,,,,,,,,,,,3.0,3.0,18.352941176470587,263.30080118068736,85.0,76.93931148015287,True,True,1.5842864562494055,0.0,3,5,1,1,1.16183819997194,0.7007047523082441,9.0,0.2826333755051996,0.2857142857142857,200.0,111.0,0.2341984071809511,139.0,189.55504587155963,272.2230215827338,235.61699164345404,36.60602993927975,True,False,True,True,False,"pattern casuali fanno uguale (p=0.29, min attendibile 0.23 su 111 estrazioni valide)",44448.0,42324.0,272.6871165644172,163.0,4.0,5.0,0.2826333755051996,True,24079.5,37788.749999999985,54020.0
935,61342.00000000001,241633.0,180291.0,1.3402388361038544,0.5272727272727272,65.60641711229947,490.12778904665316,-407.8981900452489,11764.999999999993,11061.999999999993,0.11764999999999992,10,6,0.6,93.5,25.776927667974707,0.2756890659676439,24,0.03245737015421733,5.213939651508716,179.32697010205067,0.9110741188744016,2012-01-10 17:15:00,2021-06-02 06:30:00,TF_U,5,,,,,,,1750,2000,,288,37713.0,209160.0,171447.0,1.219968853348265,0.5381944444444444,130.94791666666666,1349.4193548387098,-1289.0751879699249,18579.0,16043.0,0.18579,5,5,1.0,57.6,23.260266550493352,0.40382407205717624,26,0.0527934664439318,2.0298724366219925,141.8808368467107,1.4470741338071007,True,True,True,,,,,,,17.0,3.0,4.0,48.0,,,63.0,79.0,37.0,137.0,,,,,0.0,,,,,,,,,,,,,,,,,,,,,,,,,,,,,,3.0,3.0,76.47368421052632,128.49271325455564,86.0,37.01025170287359,True,True,1.466365360900523,0.0,4,5,1,1,1.0092489281461583,0.6719532202700472,10.0,0.2826333755051996,0.3,200.0,109.0,0.2470558247325382,144.0,91.81699346405229,130.94791666666666,79.64864864864865,51.29926801801801,True,False,True,True,False,"pattern casuali fanno uguale (p=0.30, min attendibile 0.25 su 109 estrazioni valide)",44448.0,42324.0,272.6871165644172,163.0,4.0,5.0,0.2826333755051996,True,16754.5,25991.649999999998,42222.0
934,47961.00000000001,252336.0,204375.0,1.2346715596330275,0.525695931477516,51.35010706638116,513.9226069246436,-461.3431151241535,14069.999999999993,13456.999999999993,0.14069999999999994,10,5,0.5,93.4,25.745679249147805,0.2756496707617538,24,0.05193803298513375,3.4087420042643948,274.0013761180958,0.6520751641934974,2012-01-10 17:15:00,2021-06-02 06:30:00,TF_U,5,,,,,,,5000,2500,,284,67469.0,246510.0,179041.0,1.3768354734390447,0.5809859154929577,237.56690140845072,1494.0,-1504.546218487395,25179.0,20619.0,0.25179,5,4,0.8,56.8,22.32845717912458,0.39310664047754545,26,0.036920659858601726,2.679574248381588,105.98698661607553,2.2551220373031624,True,True,True,,,,,,,17.0,3.0,4.0,48.0,,,63.0,79.0,37.0,137.0,,,,,0.0,,,,,,,,,,,,,,,,,,,,,,,,,,,,,,3.0,3.0,28.790697674418606,230.87237285511856,86.0,67.14433525338139,True,True,1.4610370214390818,0.0,3,5,1,1,1.1830575732416855,0.7333803654242039,9.0,0.2826333755051996,0.25225225225225223,200.0,110.0,0.20309277301868486,142.0,146.52892655564074,237.56690140845072,181.2479338842975,56.31896752415321,True,False,True,True,False,"pattern casuali fanno uguale (p=0.25, min attendibile 0.20 su 110 estrazioni valide)",44448.0,42324.0,272.6871165644172,163.0,4.0,5.0,0.2826333755051996,True,21947.5,35039.099999999984,48406.0
954,47029.0,188896.0,141867.0,1.3315006308725779,0.4832285115303983,49.29664570230608,409.7527114967462,-287.762677484787,14691.0,14162.0,0.14691,10,7,0.7,95.4,26.484712571594958,0.27761753219701213,24,0.08486253162942015,3.2012116261656796,298.01216270811625,0.6126254645315222,2012-01-10 17:15:00,2021-06-01 17:30:00,TF_U,5,,,,,,,500,4000,,290,33265.0,122957.0,89692.0,1.3708803460732284,0.35172413793103446,114.70689655172414,1205.4607843137255,-477.0851063829787,15600.0,14202.0,0.156,5,3,0.6,58.0,23.52020408074726,0.4055207600128838,26,0.11997595069893281,2.132371794871795,135.99879753494665,1.383345256967703,True,True,True,,,,,,,17.0,3.0,4.0,24.0,,,63.0,79.0,37.0,137.0,,,,,0.0,,,,,,,,,,,,,,,,,,,,,,,,,,,,,,3.0,3.0,4.67816091954023,104.65392888351147,87.0,32.41999736613954,True,True,1.4296703318966455,0.0,4,5,1,1,0.9036771574599384,0.5829137573103624,10.0,0.2826333755051996,0.2636363636363636,200.0,109.0,0.21334721524516656,145.0,63.17142857142857,114.70689655172414,62.08724832214765,52.61964822957649,True,False,True,True,False,"pattern casuali fanno uguale (p=0.26, min attendibile 0.21 su 109 estrazioni valide)",44448.0,42324.0,272.6871165644172,163.0,4.0,5.0,0.2826333755051996,True,10276.0,15273.249999999993,21165.0
793,50063.0,206943.0,156880.0,1.3191165221825598,0.23076923076923078,63.131147540983605,1130.8360655737704,-257.1803278688525,10511.0,8640.0,0.10511,10,10,1.0,79.3,20.129828613279347,0.2538439926012528,23,0.09969438507480574,4.762915041385216,166.49467670734873,0.9275237101579633,2012-01-10 17:15:00,2021-06-01 17:15:00,TF_U,5,,,,,,,250,5000,,287,34807.0,102924.0,68117.0,1.510988446349663,0.08362369337979095,121.2787456445993,4288.5,-259.0,14927.0,12950.0,0.14927,5,4,0.8,57.4,22.85257097133712,0.39812841413479305,27,0.14339069727353693,2.331814832183292,123.08009883069498,1.4952085947034133,True,True,True,,,,,,,17.0,3.0,4.0,184.0,,,63.0,79.0,37.0,137.0,,,,,0.0,,,,,,,,,,,,,,,,,,,,,,,,,,,,,,3.0,3.0,42.354166666666664,115.61564493398605,84.0,34.277421258569625,True,True,1.3547970078983724,0.27120875699632047,5,5,1,1,1.354730863033807,0.474010512841987,10.0,0.2826333755051996,0.3963963963963964,200.0,110.0,0.33857048463773676,144.0,106.81391612795434,121.2787456445993,100.89809782608695,20.380647818512344,True,False,True,True,False,"pattern casuali fanno uguale (p=0.40, min attendibile 0.34 su 110 estrazioni valide)",44448.0,42324.0,272.6871165644172,163.0,4.0,5.0,0.2826333755051996,True,13793.0,21202.199999999997,39440.0
793,47538.0,204418.0,156880.0,1.303021417644059,0.23076923076923078,59.94703656998739,1117.0382513661202,-257.1803278688525,11395.0,8640.0,0.11395,10,10,1.0,79.3,20.129828613279347,0.2538439926012528,23,0.20869620093398966,4.1718297498903025,190.08445874879044,0.8458900352265478,2012-01-10 17:15:00,2021-06-01 17:15:00,TF_U,5,,,,,,,250,0,,283,39278.0,106877.0,67599.0,1.5810440982854777,0.07773851590106007,138.79151943462898,4858.045454545455,-259.0,18135.0,13626.0,0.18135,5,4,0.8,56.6,23.113632341109867,0.40836806256377856,26,0.4518050817251388,2.1658671078025917,130.66360303477774,1.552413836783309,True,True,True,,,,,,,17.0,3.0,4.0,184.0,,,63.0,79.0,37.0,137.0,,,,,0.0,,,,,,,,,,,,,,,,,,,,,,,,,,,,,,3.0,3.0,53.73684210526316,134.27192175099506,82.0,39.227115629304706,True,True,1.2774486480598237,0.27120875699632047,5,5,1,1,1.51792700432958,0.546827949581364,8.0,0.2826333755051996,0.5135135135135135,200.0,110.0,0.45268975157342245,142.0,139.11600087198212,138.79151943462898,125.97226074895978,12.819258685669197,True,False,True,True,False,"pattern casuali fanno uguale (p=0.51, min attendibile 0.45 su 110 estrazioni valide)",44448.0,42324.0,272.6871165644172,163.0,4.0,5.0,0.2826333755051996,True,14505.0,22987.049999999996,33423.0
1914,162794.0,814526.0,651732.0,1.2497867221495953,0.5047021943573667,85.05433646812958,843.1946169772257,-687.4810126582279,17982.0,15383.0,0.17982,10,8,0.8,191.4,35.903203199714646,0.18758204388565644,85,0.03065837807290195,9.053164275386498,211.417791810509,0.9553902807948501,2012-01-10 02:45:00,2021-06-02 13:15:00,BIAS,7,,,,,,,1000,5000,,853,120783.0,734190.0,613407.0,1.1969051543265727,0.27549824150058616,141.5978898007034,3124.2127659574467,-992.5679611650486,27081.0,24550.0,0.27081,5,4,0.8,170.6,53.67532021329728,0.31462673044136746,85,0.041322040353360984,4.460064251689376,191.2528501527533,1.2960679979185536,True,True,True,,,,,,,,,,,,,152.0,103.0,3.0,82.0,4.0,4.0,,,,,,,,,,,,,,,,2.0,5.0,91.0,18.0,69.0,46.0,46.0,3.0,5.0,,,,,,,,,3.0,3.0,120.45035460992908,137.71788660232167,282.0,8.87458976568777,True,False,1.052335607431631,0.5366224700357834,5,5,1,1,1.0082577761010254,0.7846964934296992,16.0,0.06267459054777301,0.12698412698412698,200.0,62.0,0.08226256191520023,427.0,77.98839470166484,141.5978898007034,82.63203463203463,58.96585516866877,True,True,True,False,False,"avg trade atteso $9 | walk-forward sotto la frizione (OOS concatenato +$5,775 ma avg trade $8 su 705 trade; 4/5 finestre positive)",5775.0,53073.0,8.191489361702128,705.0,4.0,5.0,0.06267459054777301,True,35078.5,52735.1,78407.0
1952,165897.0,765310.0,599413.0,1.276765769177512,0.4764344262295082,84.98821721311475,822.9139784946236,-586.5097847358121,17839.0,16242.0,0.17839,10,9,0.9,195.2,35.33213834457236,0.1810048070930961,91,0.027071013942385938,9.299680475362969,209.8996847441485,0.9584662416835003,2012-01-10 02:45:00,2021-06-02 13:15:00,BIAS,7,,,,,,,750,4500,,897,97042.0,621777.0,524735.0,1.184935253032483,0.22519509476031216,108.1850613154961,3078.1039603960394,-755.0143884892086,27508.0,26004.0,0.27508,5,4,0.8,179.4,56.810562398201974,0.31666980155073565,90,0.046278930772242946,3.527773738548786,254.26800766678346,0.9825194182027485,True,True,True,,,,,,,,,,,,,152.0,103.0,3.0,82.0,4.0,4.0,,,,,,,,,,,,,,,,2.0,5.0,91.0,18.0,69.0,46.0,46.0,3.0,5.0,,,,,,,,,3.0,3.0,42.313131313131315,104.73195884004441,295.0,6.7804544213344355,True,False,1.0118850745784027,0.5412304014031211,5,5,1,1,0.9684105989114793,0.7986637771644193,16.0,0.06267459054777301,0.1016949152542373,200.0,58.0,0.06132094311783396,449.0,25.055140262036815,108.1850613154961,64.57886309047238,43.60619822502372,True,True,True,False,False,"avg trade atteso $7 | walk-forward sotto la frizione (OOS concatenato +$5,775 ma avg trade $8 su 705 trade; 4/5 finestre positive)",5775.0,53073.0,8.191489361702128,705.0,4.0,5.0,0.06267459054777301,True,30454.0,48408.399999999994,70821.0
960,53770.0,235498.0,181728.0,1.2958817573516463,0.4041666666666667,56.010416666666664,606.9536082474227,-317.7062937062937,13198.0,12478.0,0.13198,10,7,0.7,96.0,24.547912334860577,0.2557074201547977,32,0.13392226148409894,4.074102136687377,235.63474056165148,0.7343753587240569,2012-01-11 16:45:00,2021-05-27 21:15:00,MAC,5,8.0,30.0,2.0,2.0,0.5,1.0,1500,0,2000.0,394,43859.0,254067.0,210208.0,1.2086457223321663,0.38578680203045684,111.31725888324873,1671.4934210526317,-868.6280991735537,21767.0,20606.0,0.21767,5,4,0.8,78.8,28.589508565206224,0.3628110224010942,42,0.2047698305934928,2.0149308586392247,195.54020839508425,1.1364924883666756,True,True,True,,,,,,,,,,,,,,,,,,,,,,,,,,,,,,,,,,,,,,,,,,,,,,,,,,,3.0,2.0,-43.32203389830509,103.81889247973142,118.0,0.0,True,False,0.9035175074233461,0.0,4,5,1,1,0.8323252163240886,0.4426674596908472,10.0,-0.7450955470059982,,0.0,0.0,,0.0,,,,,True,True,True,False,False,"avg trade atteso $0 | walk-forward in perdita (OOS concatenato -$15,752 su 358 trade; 2/5 finestre positive)",-15752.0,30660.0,-44.0,358.0,2.0,5.0,-0.7450955470059982,True,22150.5,34723.249999999985,52500.0
2026,128431.0,667905.0,539474.0,1.2380670801558555,0.4096742349457058,63.39141164856861,804.7048192771084,-451.0652173913044,13812.0,13074.0,0.13812,10,9,0.9,202.6,36.285534307765126,0.17909937960397398,98,0.031075051973433205,9.298508543295686,217.88440485552553,0.8124665559861586,2012-01-10 02:45:00,2021-06-02 13:15:00,BIAS,7,,,,,,,500,4000,,946,86901.0,488227.0,401326.0,1.2165346875109013,0.16596194503171247,91.8615221987315,3109.7261146496817,-508.6514575411914,23939.0,23520.0,0.23939,5,5,1.0,189.2,61.153577164381815,0.3232218666193542,92,0.045925823638393114,3.6301015079994987,260.59877331676273,0.8943015633523408,True,True,True,,,,,,,,,,,,,152.0,103.0,3.0,82.0,4.0,4.0,,,,,,,,,,,,,,,,2.0,5.0,91.0,18.0,69.0,46.0,46.0,3.0,5.0,,,,,,,,,3.0,3.0,72.54434250764525,89.94252798919894,307.0,5.757383290900658,True,False,0.8298168528628309,0.4133653436756799,5,5,1,1,0.9481829361267203,0.7950163564059176,16.0,0.06267459054777301,0.10526315789473684,200.0,56.0,0.06349956511922605,473.0,34.52240459341121,91.8615221987315,51.44139465875371,40.4201275399778,True,True,True,False,False,"avg trade atteso $6 | walk-forward sotto la frizione (OOS concatenato +$5,775 ma avg trade $8 su 705 trade; 4/5 finestre positive)",5775.0,53073.0,8.191489361702128,705.0,4.0,5.0,0.06267459054777301,True,26307.0,41114.75,58981.0
2191,125811.0,524567.0,398756.0,1.3155087321570083,0.2861706983112734,57.42172523961661,836.6299840510367,-254.95907928388746,12627.0,9855.0,0.12627,10,10,1.0,219.1,40.51283747159658,0.18490569361751066,103,0.0317221864542846,9.963649322879544,219.8993490235353,0.7697142044749169,2012-01-10 02:45:00,2021-06-02 09:45:00,BIAS,7,,,,,,,250,4000,,1002,50032.0,286260.0,236228.0,1.211795384120426,0.08982035928143713,49.93213572854292,3180.6666666666665,-259.0219298245614,17467.0,15620.0,0.17467,5,3,0.6,200.4,65.9017450451807,0.3288510231795444,93,0.07976894787336104,2.864372817312647,349.8147985289415,0.5690813287994859,True,True,True,,,,,,,,,,,,,152.0,103.0,3.0,82.0,4.0,4.0,,,,,,,,,,,,,,,,2.0,5.0,91.0,18.0,69.0,46.0,46.0,3.0,5.0,,,,,,,,,3.0,3.0,16.347826086956523,48.308324569991896,327.0,3.129476161962255,True,False,0.7777348129429593,0.3594728402895136,5,5,1,1,0.9688887909662225,0.5788504395678934,16.0,0.06267459054777301,0.07272727272727272,200.0,54.0,0.038974286100811134,501.0,-1.4333960432091275,49.93213572854292,1.7816711590296497,48.15046456951327,True,True,True,False,False,"avg trade atteso $3 | walk-forward sotto la frizione (OOS concatenato +$5,775 ma avg trade $8 su 705 trade; 4/5 finestre positive)",5775.0,53073.0,8.191489361702128,705.0,4.0,5.0,0.06267459054777301,True,19532.0,29563.349999999995,43777.0
