entry_time,exit_time,side,entry_price,exit_price,pnl,bars_held,exit_reason,periodo,pnl_cumulato
2012-01-10 10:45:00,2012-01-10 23:30:00,S,4589.648205126575,4583.25,123.96410253149588,50,EOD,IS,123.96410253149588
2012-01-12 13:30:00,2012-01-12 23:30:00,S,4607.059882269583,4605.75,22.197645391657716,39,EOD,IS,146.1617479231536
2012-01-17 03:15:00,2012-01-17 23:30:00,S,4613.541091918028,4617.0,-73.17816163944735,80,EOD,IS,72.98358628370625
2012-01-18 11:30:00,2012-01-18 23:30:00,S,4627.7543451792335,4646.75,-383.9130964153301,47,EOD,IS,-310.92951013162383
2012-01-23 12:15:00,2012-01-23 23:30:00,S,4661.319927651967,4659.5,32.398553039343824,44,EOD,IS,-278.53095709228
2012-01-26 15:00:00,2012-01-26 23:30:00,S,4693.2637082821375,4678.75,286.2741656427497,33,EOD,IS,7.743208550469717
2012-01-30 02:45:00,2012-01-30 23:30:00,L,4663.257506618786,4688.0,490.8498676242889,82,EOD,IS,498.5930761747586
2012-02-01 13:00:00,2012-02-01 23:30:00,S,4705.016517186375,4714.5,-193.6696562725083,41,EOD,IS,304.9234199022503
2012-02-03 14:00:00,2012-02-03 22:15:00,L,4723.476271734953,4748.25,491.4745653009377,33,EOD,IS,796.397985203188
2012-02-07 02:00:00,2012-02-07 23:30:00,S,4752.75,4753.5,-19.0,85,EOD,IS,777.397985203188
2012-02-13 08:00:00,2012-02-13 23:30:00,L,4784.541821920772,4793.0,165.16356158455528,61,EOD,IS,942.5615467877433
2012-02-14 14:00:00,2012-02-14 23:30:00,L,4794.350453274943,4801.0,128.99093450114015,37,EOD,IS,1071.5524812888834
2012-02-20 05:30:00,2012-02-20 17:30:00,L,4820.884495198225,4817.25,-76.68990396449226,48,EOD,IS,994.8625773243912
2012-02-21 03:45:00,2012-02-21 23:30:00,L,4809.816870710427,4815.75,114.66258579146233,78,EOD,IS,1109.5251631158535
2012-02-23 17:15:00,2012-02-23 23:30:00,S,4821.373352483275,4828.25,-141.5329503344983,24,EOD,IS,967.9922127813552
2012-02-27 06:00:00,2012-02-27 23:30:00,L,4823.814145877025,4833.25,184.71708245949776,69,EOD,IS,1152.709295240853
2012-02-29 06:15:00,2012-02-29 23:30:00,L,4858.469068910978,4842.5,-323.38137821956843,68,EOD,IS,829.3279170212845
2012-03-05 09:15:00,2012-03-05 23:30:00,S,4861.676655965534,4839.75,434.53311931068674,56,EOD,IS,1263.8610363319713
2012-03-08 05:00:00,2012-03-08 23:30:00,S,4838.957687256819,4863.0,-484.8462548636271,72,EOD,IS,779.0147814683442
2012-03-12 01:45:00,2012-03-13 00:00:00,L,4870.5,4876.5,116.0,86,EOD,IS,895.0147814683442
2012-03-15 14:45:00,2012-03-16 00:00:00,L,4938.952303564005,4940.0,16.953928719900432,34,EOD,IS,911.9687101882446
2012-03-16 13:00:00,2012-03-16 21:15:00,S,4948.369288134814,4942.0,123.38576269628538,33,EOD,IS,1035.35447288453
2012-03-19 01:30:00,2012-03-20 00:00:00,S,4946.144136326115,4958.75,-256.1172734777065,87,EOD,IS,779.2371994068235
2012-03-21 02:00:00,2012-03-22 00:00:00,S,4969.563087430373,4967.0,47.26174860746687,85,EOD,IS,826.4989480142904
2012-03-22 07:45:00,2012-03-23 00:00:00,L,4962.380693609501,4960.75,-36.61387219001335,62,EOD,IS,789.885075824277
2012-03-28 16:15:00,2012-03-28 23:30:00,S,5017.210610764502,4998.75,365.2122152900447,28,EOD,IS,1155.0972911143217
2012-03-30 12:00:00,2012-03-30 22:15:00,S,5002.946321937004,4984.5,364.9264387400726,41,EOD,IS,1520.0237298543943
2012-04-02 20:45:00,2012-04-02 23:30:00,S,5013.247595262961,5007.25,115.95190525922226,10,EOD,IS,1635.9756351136166
2012-04-04 11:00:00,2012-04-04 23:30:00,L,4991.757772129774,4965.25,-534.1554425954782,49,EOD,IS,1101.8201925181384
2012-04-06 05:30:00,2012-04-06 15:15:00,L,4988.996784804688,4955.5,-673.9356960937621,38,EOD,IS,427.88449642437627
2012-04-10 18:15:00,2012-04-10 23:30:00,L,4941.033650053425,4932.25,-179.6730010684987,20,EOD,IS,248.21149535587756
2012-04-12 16:45:00,2012-04-12 23:30:00,S,4962.248602578445,4965.5,-69.02794843110678,26,EOD,IS,179.18354692477078
2012-04-19 18:15:00,2012-04-19 23:30:00,L,4935.478599249369,4916.25,-388.5719849873785,20,EOD,IS,-209.38843806260775
2012-04-23 14:45:00,2012-04-23 23:30:00,S,4882.929336094894,4885.75,-60.413278102118056,34,EOD,IS,-269.8017161647258
2012-04-26 03:45:00,2012-04-26 23:30:00,S,4937.341593238748,4948.5,-227.16813522504162,78,EOD,IS,-496.9698513897674
2012-04-27 14:15:00,2012-04-27 22:15:00,S,4961.368051261918,4968.75,-151.63897476164857,32,EOD,IS,-648.608826151416
2012-05-01 12:15:00,2012-05-01 23:30:00,L,4945.472933746102,4948.5,56.54132507795657,44,EOD,IS,-592.0675010734594
2012-05-03 09:45:00,2012-05-03 23:30:00,S,4962.718265440733,4925.5,740.3653088146675,54,EOD,IS,148.2978077412081
2012-05-08 19:45:00,2012-05-08 23:30:00,S,4837.01809352322,4856.0,-383.6381295355968,14,EOD,IS,-235.34032179438873
2012-05-10 16:15:00,2012-05-10 23:30:00,L,4845.829332427003,4835.75,-205.5866485400511,28,EOD,IS,-440.92697033443983
2012-05-11 15:15:00,2012-05-11 22:15:00,L,4831.63909570139,4842.75,218.21808597219933,28,EOD,IS,-222.7088843622405
2012-05-15 21:15:00,2012-05-15 23:30:00,L,4821.777381168828,4811.75,-204.5476233765512,8,EOD,IS,-427.2565077387917
2012-05-17 01:45:00,2012-05-17 23:30:00,S,4791.843590321952,4743.0,972.8718064390487,86,EOD,IS,545.615298700257
2012-05-21 02:15:00,2012-05-21 23:30:00,S,4712.975487828569,4774.75,-1239.4902434286123,84,EOD,IS,-693.8749447283553
2012-05-23 08:45:00,2012-05-23 23:30:00,S,4758.137595783368,4772.0,-281.24808433264116,58,EOD,IS,-975.1230290609965
2012-05-29 02:30:00,2012-05-29 23:30:00,L,4763.368906062468,4788.0,488.6218787506332,84,EOD,IS,-486.5011503103633
2012-06-05 02:30:00,2012-06-05 23:30:00,S,4709.399019513896,4720.25,-221.01960972208326,83,EOD,IS,-707.5207600324466
2012-06-06 08:15:00,2012-06-06 23:30:00,L,4730.381657230226,4781.75,1023.3668553954849,59,EOD,IS,315.84609536303833
2012-06-08 09:30:00,2012-06-08 22:15:00,L,4755.175000000439,4794.75,787.4999999912288,51,EOD,IS,1103.3460953542672
2012-06-13 10:45:00,2012-06-13 23:30:00,L,4776.206617353068,4760.25,-323.1323470613679,50,EOD,IS,780.2137482928993
2012-06-14 19:30:00,2012-06-14 23:30:00,L,4769.356502274352,4773.25,73.86995451295297,15,EOD,IS,854.0837028058522
2012-06-15 09:45:00,2012-06-15 22:15:00,S,4781.121517156487,4802.75,-436.56965687025513,50,EOD,IS,417.5140459355971
2012-06-20 21:15:00,2012-06-20 23:30:00,L,4841.5796491790925,4856.0,284.4070164181503,8,EOD,IS,701.9210623537474
2012-06-21 16:30:00,2012-06-21 23:30:00,L,4837.250235358587,4793.25,-884.0047071717381,28,EOD,IS,-182.08364481799072
2012-06-25 19:45:00,2012-06-25 23:30:00,S,4769.648241945702,4766.0,68.96483891403113,14,EOD,IS,-113.11880590395958
2012-06-27 09:15:00,2012-06-27 23:30:00,L,4784.91976482604,4794.5,187.60470347920636,56,EOD,IS,74.48589757524678
2012-07-03 08:15:00,2012-07-03 23:30:00,L,4854.428285012752,4877.5,457.4342997449603,48,EOD,IS,531.9201973202071
2012-07-05 08:45:00,2012-07-05 23:30:00,S,4874.1381216417285,4878.25,-86.23756716542994,58,EOD,IS,445.68263015477714
2012-07-10 14:30:00,2012-07-10 23:30:00,L,4849.220162650984,4812.75,-733.4032530196819,35,EOD,IS,-287.7206228649047
2012-07-12 14:45:00,2012-07-12 23:30:00,S,4786.291509617191,4778.0,161.83019234381936,34,EOD,IS,-125.89043052108536
2012-07-17 09:45:00,2012-07-17 23:30:00,S,4822.034852571363,4824.0,-43.30294857273111,54,EOD,IS,-169.19337909381647
2012-07-26 13:15:00,2012-07-26 23:30:00,S,4799.244424145018,4814.0,-299.11151709964906,40,EOD,IS,-468.30489619346554
2012-08-01 04:45:00,2012-08-01 23:30:00,S,4871.195381822051,4861.75,184.90763644101753,74,EOD,IS,-283.397259752448
2012-08-07 12:15:00,2012-08-07 23:30:00,L,4933.9749203865,4943.75,191.50159226999313,44,EOD,IS,-91.89566748245488
2012-08-09 09:15:00,2012-08-09 23:30:00,L,4954.459723597919,4952.5,-43.194471958380745,56,EOD,IS,-135.09013944083563
2012-08-15 08:00:00,2012-08-15 23:30:00,S,4958.787499985504,4977.5,-378.25000028992145,61,EOD,IS,-513.3401397307571
2012-08-20 11:30:00,2012-08-20 23:30:00,S,5017.0034657597425,5017.75,-18.930684805149212,47,EOD,IS,-532.2708245359063
2012-08-23 08:30:00,2012-08-23 23:30:00,L,5024.068990403684,4998.5,-515.3798080736888,59,EOD,IS,-1047.650632609595
2012-08-27 03:15:00,2012-08-27 23:30:00,S,5025.061941263959,5020.5,87.23882527917885,80,EOD,IS,-960.4118073304162
2012-08-28 07:45:00,2012-08-28 23:45:00,S,5015.944087502912,5020.5,-95.1182499417555,63,EOD,IS,-1055.5300572721717
2012-08-30 12:30:00,2012-08-30 23:30:00,L,5007.181020493088,4989.75,-352.62040986176,43,EOD,IS,-1408.1504671339317
2012-09-04 02:15:00,2012-09-04 23:30:00,L,5012.398505927109,5009.0,-71.97011854217999,84,EOD,IS,-1480.1205856761117
2012-09-06 13:45:00,2012-09-06 23:30:00,L,5017.180959151655,5065.0,952.3808169669028,38,EOD,IS,-527.7397687092089
2012-09-10 06:00:00,2012-09-10 23:30:00,L,5053.124023684847,5021.5,-636.4804736969418,69,EOD,IS,-1164.2202424061506
2012-09-12 02:30:00,2012-09-12 23:30:00,S,5017.313341988,5033.0,-317.73316024000815,82,EOD,IS,-1481.9534026461588
2012-09-18 13:30:00,2012-09-18 23:30:00,S,5087.764906203483,5097.75,-203.70187593033188,39,EOD,IS,-1685.6552785764907
2012-09-21 02:45:00,2012-09-21 22:15:00,S,5103.251931676221,5097.0,121.0386335244184,78,EOD,IS,-1564.6166450520723
2012-09-24 03:00:00,2012-09-24 23:30:00,L,5098.0387666550805,5085.0,-264.77533310161016,81,EOD,IS,-1829.3919781536824
2012-09-27 22:45:00,2012-09-27 23:30:00,L,5055.929280988308,5057.25,22.41438023383671,3,EOD,IS,-1806.9775979198457
2012-10-01 03:00:00,2012-10-01 23:30:00,S,5031.966418987508,5031.75,0.3283797501680965,81,EOD,IS,-1806.6492181696776
2012-10-03 17:15:00,2012-10-03 23:30:00,S,5051.108935425108,5056.5,-111.82129149783941,24,EOD,IS,-1918.470509667517
2012-10-04 03:15:00,2012-10-04 23:30:00,L,5056.513927819428,5065.25,170.72144361143364,80,EOD,IS,-1747.7490660560834
2012-10-05 14:45:00,2012-10-05 22:15:00,S,5072.911941262173,5047.75,499.2388252434612,30,EOD,IS,-1248.5102408126222
2012-10-09 13:15:00,2012-10-09 23:30:00,S,5015.260076620994,4979.5,711.2015324198874,40,EOD,IS,-537.3087083927348
2012-10-11 17:15:00,2012-10-11 23:30:00,L,4979.581083282489,4959.5,-405.6216656497818,24,EOD,IS,-942.9303740425166
2012-10-15 02:45:00,2012-10-15 23:30:00,L,4950.25,4974.75,486.0,82,EOD,IS,-456.93037404251663
2012-10-18 16:45:00,2012-10-18 23:30:00,L,4995.581682071846,4976.25,-390.6336414369289,26,EOD,IS,-847.5640154794455
2012-10-23 02:00:00,2012-10-23 23:30:00,S,4938.1619151173,4908.5,589.2383023459988,85,EOD,IS,-258.3257131334467
2012-10-25 18:00:00,2012-10-25 23:30:00,L,4887.446376585699,4883.0,-92.92753171397999,21,EOD,IS,-351.2532448474267
2012-10-29 03:15:00,2012-10-30 00:00:00,S,4898.273346649939,4877.5,411.46693299878825,48,EOD,IS,60.213688151361566
2012-11-05 07:30:00,2012-11-05 23:30:00,L,4890.443762561155,4899.5,177.12474877689237,63,EOD,IS,237.33843692825394
2012-11-06 11:15:00,2012-11-06 23:30:00,S,4918.945162138879,4919.5,-15.09675722242173,48,EOD,IS,222.2416797058322
2012-11-07 08:00:00,2012-11-07 23:30:00,S,4919.8233677926,4860.25,1187.4673558520008,61,EOD,IS,1409.709035557833
2012-11-09 15:45:00,2012-11-09 22:15:00,S,4819.34945483597,4826.25,-142.01090328059217,26,EOD,IS,1267.6981322772408
2012-11-13 03:15:00,2012-11-13 23:30:00,L,4813.878581801542,4817.25,63.428363969156635,80,EOD,IS,1331.1264962463974
2012-11-16 16:00:00,2012-11-16 22:30:00,L,4752.700287833039,4777.75,496.994243339228,26,EOD,IS,1828.1207395856254
2012-11-21 04:00:00,2012-11-21 23:15:00,L,4835.803402278903,4841.75,114.93195442193246,76,EOD,IS,1943.0526940075579
2012-11-22 00:45:00,2012-11-22 17:30:00,S,4845.228862506485,4843.5,30.57725012969604,67,EOD,IS,1973.629944137254
2012-11-27 01:30:00,2012-11-27 23:15:00,S,4894.005201105823,4885.75,161.10402211646579,86,EOD,IS,2134.7339662537197
2012-11-28 14:00:00,2012-11-28 23:15:00,L,4876.088002919769,4905.25,579.2399416046246,36,EOD,IS,2713.9739078583443
2012-11-30 13:00:00,2012-11-30 23:15:00,S,4931.423318690989,4924.0,144.46637381977416,40,EOD,IS,2858.4402816781185
2012-12-03 13:30:00,2012-12-03 23:15:00,S,4934.527658967383,4911.0,466.5531793476621,38,EOD,IS,3324.9934610257806
2012-12-05 08:15:00,2012-12-05 23:15:00,S,4920.35312303762,4879.25,818.0624607524041,60,EOD,IS,4143.055921778185
2012-12-07 20:30:00,2012-12-07 23:15:00,S,4882.137337888052,4881.0,18.746757761033223,10,EOD,IS,4161.802679539218
2012-12-11 14:45:00,2012-12-11 23:15:00,S,4905.0716189963205,4930.25,-507.56762007359066,33,EOD,IS,3654.2350594656273
2012-12-13 14:30:00,2012-12-13 23:15:00,S,4916.81495002992,4895.25,427.299000598392,34,EOD,IS,4081.5340600640193
2012-12-17 14:15:00,2012-12-17 23:15:00,S,4872.303347411645,4912.25,-802.9330517671078,35,EOD,IS,3278.6010082969115
2012-12-19 09:15:00,2012-12-19 23:15:00,S,4957.564618025789,4936.5,417.2923605157812,55,EOD,IS,3695.8933688126926
2012-12-20 02:30:00,2012-12-20 23:15:00,S,4938.9479255851475,4941.25,-50.04148829705082,83,EOD,IS,3645.851880515642
2012-12-21 07:30:00,2012-12-21 23:15:00,S,4899.3886408550115,4915.0,-316.2271828997691,63,EOD,IS,3329.6246976158727
2012-12-26 17:30:00,2012-12-26 23:15:00,L,4878.099092764399,4879.25,19.01814471202306,22,EOD,IS,3348.642842327896
2013-01-03 17:45:00,2013-01-03 23:15:00,S,4993.404773786625,4976.25,339.095475732498,21,EOD,IS,3687.738318060394
2013-01-04 16:30:00,2013-01-04 23:15:00,L,4969.7497351788725,4964.0,-118.9947035774494,26,EOD,IS,3568.7436144829444
2013-01-07 08:00:00,2013-01-07 23:15:00,S,4960.6650634953785,4966.75,-125.6987300924302,60,EOD,IS,3443.044884390514
2013-01-08 16:15:00,2013-01-08 23:15:00,L,4957.747019979797,4963.25,106.05960040405625,27,EOD,IS,3549.1044847945705
2013-01-10 08:00:00,2013-01-10 23:15:00,L,4976.964114052718,4990.75,271.71771894563426,60,EOD,IS,3820.8222037402047
2013-01-14 06:00:00,2013-01-14 23:15:00,L,4995.3065610832045,4979.5,-320.13122166409084,68,EOD,IS,3500.690982076114
2013-01-16 19:45:00,2013-01-16 23:15:00,S,4979.979731070981,4975.25,90.59462141961922,13,EOD,IS,3591.285603495733
2013-01-22 04:45:00,2013-01-22 23:15:00,S,4990.7573735901005,5006.25,-313.85252819798916,73,EOD,IS,3277.433075297744
2013-01-28 16:15:00,2013-01-28 23:15:00,S,4988.919849305449,4983.75,99.39698610898267,27,EOD,IS,3376.8300614067266
2013-01-29 16:15:00,2013-01-29 23:15:00,L,4974.65560388618,4994.25,387.8879222764008,27,EOD,IS,3764.7179836831274
2013-01-31 12:30:00,2013-01-31 23:15:00,L,4974.119523620286,4981.0,133.6095275942862,42,EOD,IS,3898.3275112774136
2013-02-01 16:15:00,2013-02-01 23:15:00,S,4999.030253124389,5005.0,-123.39493751222471,27,EOD,IS,3774.932573765189
2013-02-07 10:45:00,2013-02-07 23:15:00,S,4989.459757706644,4991.0,-34.804845867114636,49,EOD,IS,3740.127727898074
2013-02-12 17:30:00,2013-02-12 23:15:00,L,5013.156103896334,5014.5,22.877922073326772,22,EOD,IS,3763.005649971401
2013-02-13 20:00:00,2013-02-13 23:15:00,S,5022.533759186285,5015.75,131.67518372570703,12,EOD,IS,3894.680833697108
2013-02-19 12:30:00,2013-02-19 23:15:00,L,5013.02730912511,5033.75,410.453817497797,42,EOD,IS,4305.134651194905
2013-02-25 11:30:00,2013-02-25 23:15:00,S,4995.884538729043,4950.25,908.6907745808603,46,EOD,IS,5213.825425775765
2013-02-27 16:00:00,2013-02-27 23:15:00,S,4964.580662544682,4990.25,-517.3867491063575,28,EOD,IS,4696.438676669408
2013-03-01 04:45:00,2013-03-01 23:15:00,S,4984.564168035673,4997.75,-267.71663928654016,73,EOD,IS,4428.722037382868
2013-03-05 03:15:00,2013-03-05 23:15:00,L,5011.372400392478,5049.25,753.5519921504383,79,EOD,IS,5182.274029533306
2013-03-07 04:30:00,2013-03-07 23:15:00,L,5037.707576036524,5047.25,186.84847926951625,72,EOD,IS,5369.122508802822
2013-03-08 08:45:00,2013-03-08 23:15:00,S,5051.827386878803,5052.5,-17.452262423943466,57,EOD,IS,5351.670246378879
2013-03-11 06:15:00,2013-03-12 00:00:00,L,5050.498265268885,5057.25,131.03469462229987,67,EOD,IS,5482.704941001179
2013-03-14 13:30:00,2013-03-15 00:00:00,S,5056.736012486237,5052.75,75.72024972474173,38,EOD,IS,5558.42519072592
2013-03-15 19:15:00,2013-03-15 22:15:00,L,5047.283608590687,5044.25,-64.67217181374872,11,EOD,IS,5493.753018912172
2013-03-20 15:45:00,2013-03-21 00:00:00,L,5047.468462987433,5039.25,-168.36925974865517,29,EOD,IS,5325.3837591635165
2013-03-21 15:30:00,2013-03-22 00:00:00,L,5023.326816432518,5020.5,-60.53632865036343,30,EOD,IS,5264.847430513153
2013-03-22 18:15:00,2013-03-22 22:15:00,S,5043.102276106471,5052.5,-191.95447787057128,15,EOD,IS,5072.892952642582
2013-03-25 00:30:00,2013-03-26 00:00:00,S,5052.649546709724,5039.5,258.9909341944767,90,EOD,IS,5331.8838868370585
2013-03-27 03:00:00,2013-03-28 00:00:00,S,5055.738984238081,5054.0,30.7796847616155,80,EOD,IS,5362.663571598674
2013-04-01 01:30:00,2013-04-01 23:15:00,S,5067.2897276059675,5043.25,476.79455211935056,86,EOD,IS,5839.458123718025
2013-04-05 12:30:00,2013-04-05 23:15:00,L,5024.21980539901,5017.75,-133.39610798019203,42,EOD,IS,5706.062015737833
2013-04-09 08:00:00,2013-04-09 23:15:00,L,5037.7392184875325,5053.0,301.2156302493495,60,EOD,IS,6007.277645987182
2013-04-12 14:30:00,2013-04-12 23:15:00,L,5093.020809647173,5100.25,140.58380705653326,35,EOD,IS,6147.861453043715
2013-04-22 03:00:00,2013-04-22 23:15:00,S,5031.148282594687,5054.5,-471.03434810626277,80,EOD,IS,5676.8271049374525
2013-04-23 15:45:00,2013-04-23 23:15:00,S,5074.211785932135,5093.75,-394.76428135729657,29,EOD,IS,5282.062823580156
2013-04-25 03:30:00,2013-04-25 23:15:00,S,5074.85404959653,5095.0,-406.9190080694025,78,EOD,IS,4875.1438155107535
2013-04-29 16:30:00,2013-04-29 23:15:00,S,5109.388100561402,5113.0,-76.23798877195804,26,EOD,IS,4798.905826738795
2013-05-01 11:15:00,2013-05-01 23:15:00,S,5138.3207190021585,5120.0,362.41438004317024,47,EOD,IS,5161.320206781966
2013-05-02 16:30:00,2013-05-02 23:15:00,S,5143.897066361471,5155.75,-241.05867277058132,26,EOD,IS,4920.261534011384
2013-05-07 14:15:00,2013-05-07 23:15:00,S,5206.792678482136,5201.0,111.85356964271341,35,EOD,IS,5032.115103654098
2013-05-13 16:30:00,2013-05-13 23:15:00,S,5233.1644587398105,5235.0,-40.71082520379059,26,EOD,IS,4991.404278450307
2013-05-16 02:15:00,2013-05-16 23:15:00,S,5260.526739336588,5254.25,121.53478673176869,83,EOD,IS,5112.939065182076
2013-05-17 16:00:00,2013-05-17 23:15:00,S,5265.240221284711,5278.75,-274.1955743057806,28,EOD,IS,4838.743490876295
2013-05-21 19:15:00,2013-05-21 23:15:00,S,5287.888607698901,5274.75,258.7721539780214,15,EOD,IS,5097.515644854317
2013-05-27 15:30:00,2013-05-27 17:30:00,S,5247.496514379472,5253.25,-119.06971241056817,8,EOD,IS,4978.4459324437485
2013-05-28 03:15:00,2013-05-28 23:15:00,S,5260.939673545293,5258.75,39.79347090585725,79,EOD,IS,5018.239403349606
2013-05-30 16:15:00,2013-05-30 23:15:00,S,5266.536893306083,5263.0,66.7378661216535,27,EOD,IS,5084.977269471259
2013-06-04 15:45:00,2013-06-04 23:15:00,S,5249.704266801563,5225.0,490.0853360312576,29,EOD,IS,5575.062605502517
2013-06-06 20:30:00,2013-06-06 23:15:00,S,5184.897854372303,5201.5,-336.042912553934,10,EOD,IS,5239.019692948583
2013-06-07 14:45:00,2013-06-07 23:15:00,L,5193.479546967029,5237.5,876.4090606594218,33,EOD,IS,6115.428753608005
2013-06-11 16:00:00,2013-06-11 23:15:00,S,5215.941308233412,5219.25,-70.17383533175598,28,EOD,IS,6045.254918276249
2013-06-17 09:45:00,2013-06-17 23:15:00,S,5222.407993185368,5228.25,-120.84013629264882,53,EOD,IS,5924.4147819836
2013-06-19 13:15:00,2013-06-19 23:15:00,L,5251.721618281636,5211.25,-813.4323656327288,39,EOD,IS,5110.982416350871
2013-06-24 13:30:00,2013-06-24 23:15:00,L,5100.88941729438,5103.75,53.21165411239781,38,EOD,IS,5164.194070463269
2013-06-25 15:45:00,2013-06-25 23:15:00,S,5129.44420008252,5117.75,229.88400165040366,29,EOD,IS,5394.0780721136725
2013-06-26 13:45:00,2013-06-26 23:15:00,S,5135.518093266416,5144.75,-188.6381346716771,37,EOD,IS,5205.439937441995
2013-06-28 21:45:00,2013-06-28 23:15:00,S,5178.68896758782,5157.5,419.7793517564023,5,EOD,IS,5625.219289198398
2013-07-03 09:30:00,2013-07-03 19:15:00,L,5163.1845064231975,5194.5,622.3098715360502,39,EOD,IS,6247.529160734448
2013-07-05 07:30:00,2013-07-05 23:15:00,S,5225.340475610936,5221.0,82.8095122187151,62,EOD,IS,6330.338672953163
2013-07-09 21:30:00,2013-07-09 23:15:00,S,5242.468429187449,5236.5,115.36858374898293,6,EOD,IS,6445.707256702146
2013-07-10 16:15:00,2013-07-10 23:15:00,S,5245.476039393605,5268.5,-464.47921212790243,27,EOD,IS,5981.2280445742435
2013-07-15 07:30:00,2013-07-15 23:15:00,L,5329.187627707163,5332.25,57.247445856733975,62,EOD,IS,6038.4754904309775
2013-07-16 09:30:00,2013-07-16 23:15:00,L,5332.344660149372,5331.25,-25.893202987448603,54,EOD,IS,6012.582287443529
2013-07-22 03:15:00,2013-07-22 23:15:00,S,5307.378903169868,5308.5,-26.421936602640926,80,EOD,IS,5986.160350840888
2013-07-23 06:15:00,2013-07-23 23:15:00,S,5317.8679607305985,5299.0,373.35921461196995,67,EOD,IS,6359.519565452858
2013-07-25 13:30:00,2013-07-25 23:15:00,S,5302.435407195061,5313.25,-220.29185609877823,38,EOD,IS,6139.22770935408
2013-07-30 15:00:00,2013-07-30 23:15:00,S,5336.790276376263,5342.25,-113.19447247473727,32,EOD,IS,6026.033236879342
2013-08-01 14:30:00,2013-08-01 23:15:00,S,5363.717294602723,5377.0,-269.65410794553827,35,EOD,IS,5756.379128933804
2013-08-05 12:45:00,2013-08-05 23:15:00,L,5395.607573808669,5394.75,-21.151476173385163,41,EOD,IS,5735.227652760419
2013-08-06 16:15:00,2013-08-06 23:15:00,L,5387.450000020435,5375.75,-238.0000004087051,27,EOD,IS,5497.227652351714
2013-08-08 02:15:00,2013-08-08 23:15:00,S,5378.32054591769,5388.5,-207.58908164620516,83,EOD,IS,5289.638570705509
2013-08-09 17:45:00,2013-08-09 23:15:00,L,5367.251463681443,5370.75,65.97072637113888,21,EOD,IS,5355.609297076648
2013-08-12 10:30:00,2013-08-12 23:15:00,L,5359.5110907165235,5384.75,500.7781856695292,50,EOD,IS,5856.387482746177
2013-08-15 03:15:00,2013-08-15 23:15:00,S,5369.372331714872,5329.25,798.4466342974483,79,EOD,IS,6654.834117043625
2013-08-19 02:00:00,2013-08-19 23:15:00,S,5328.951041332505,5328.75,0.020826650103117572,85,EOD,IS,6654.854943693728
2013-08-21 20:30:00,2013-08-21 23:30:00,L,5329.262737551305,5318.5,-219.25475102609562,11,EOD,IS,6435.600192667633
2013-08-26 06:00:00,2013-08-26 23:15:00,S,5385.730342370344,5381.75,75.60684740688521,68,EOD,IS,6511.207040074518
2013-08-27 07:15:00,2013-08-27 23:15:00,L,5375.243756993529,5318.75,-1133.8751398705826,63,EOD,IS,5377.331900203935
2013-08-29 16:00:00,2013-08-29 23:15:00,S,5348.733801119351,5352.0,-69.32397761298853,28,EOD,IS,5308.007922590947
2013-09-02 09:15:00,2013-09-02 17:30:00,S,5361.464412638578,5367.5,-124.71174722843352,33,EOD,IS,5183.296175362513
2013-09-03 20:00:00,2013-09-03 23:15:00,L,5337.700000008035,5345.75,156.99999983929592,12,EOD,IS,5340.296175201809
2013-09-06 03:15:00,2013-09-06 23:15:00,L,5380.496136649896,5391.0,206.07726700208877,79,EOD,IS,5546.373442203898
2013-09-10 09:00:00,2013-09-10 23:15:00,S,5433.570718989532,5444.0,-212.58562020936006,56,EOD,IS,5333.787821994538
2013-09-11 15:30:00,2013-09-11 23:15:00,L,5422.989998268257,5442.5,386.2000346348541,30,EOD,IS,5719.987856629392
2013-09-13 22:00:00,2013-09-13 23:15:00,S,5437.914646059256,5439.75,-40.70707881488852,4,EOD,IS,5679.280777814503
2013-09-18 03:45:00,2013-09-18 23:15:00,S,5456.077172081707,5491.5,-712.4565583658514,77,EOD,IS,4966.824219448652
2013-09-20 16:00:00,2013-09-20 23:15:00,L,5496.6914409336605,5482.0,-297.82881867320975,28,EOD,IS,4668.995400775442
2013-09-25 16:15:00,2013-09-25 23:15:00,L,5467.713210445786,5467.5,-8.264208915719792,27,EOD,IS,4660.7311918597225
2013-09-26 16:15:00,2013-09-26 23:15:00,S,5493.080919567846,5495.0,-42.3816086430852,27,EOD,IS,4618.349583216637
2013-09-30 02:45:00,2013-09-30 23:15:00,L,5466.150911567748,5485.0,372.98176864503694,81,EOD,IS,4991.331351861674
2013-10-03 16:45:00,2013-10-03 23:15:00,L,5482.324540323525,5465.5,-340.4908064705014,25,EOD,IS,4650.840545391173
2013-10-08 03:00:00,2013-10-08 23:15:00,L,5469.726271809214,5409.25,-1213.5254361842854,80,EOD,IS,3437.3151092068874
2013-10-14 18:15:00,2013-10-14 23:15:00,S,5495.659567290502,5519.25,-475.8086541899538,19,EOD,IS,2961.5064550169336
2013-10-16 19:30:00,2013-10-16 23:15:00,L,5534.358015801352,5528.75,-116.16031602703879,14,EOD,IS,2845.346138989895
2013-10-21 02:15:00,2013-10-21 23:15:00,S,5612.9499999447,5618.75,-120.00000110600377,83,EOD,IS,2725.346137883891
2013-10-22 14:45:00,2013-10-22 23:15:00,S,5626.514945705804,5622.75,71.29891411608332,33,EOD,IS,2796.6450519999744
2013-10-24 10:15:00,2013-10-24 23:15:00,L,5615.36317619589,5641.0,508.7364760821911,51,EOD,IS,3305.3815280821655
2013-10-28 01:00:00,2013-10-29 00:00:00,S,5642.970949180638,5638.75,80.4189836127589,88,EOD,IS,3385.8005116949244
2013-10-30 09:30:00,2013-10-31 00:00:00,S,5657.950974204497,5636.75,420.0194840899312,55,EOD,IS,3805.8199957848556
2013-11-01 20:15:00,2013-11-01 22:15:00,S,5635.514851653412,5634.0,26.297033068236487,7,EOD,IS,3832.117028853092
2013-11-05 14:15:00,2013-11-05 23:15:00,S,5632.96695662446,5645.75,-259.6608675107964,35,EOD,IS,3572.4561613422957
2013-11-07 05:45:00,2013-11-07 23:15:00,S,5637.567370254089,5586.25,1022.3474050817786,69,EOD,IS,4594.803566424074
2013-11-11 15:15:00,2013-11-11 23:15:00,L,5621.085665579486,5620.0,-25.713311589719524,31,EOD,IS,4569.090254834355
2013-11-12 12:30:00,2013-11-12 23:15:00,S,5614.3208303188385,5629.0,-297.5833936232302,42,EOD,IS,4271.5068612111245
2013-11-15 04:45:00,2013-11-15 23:15:00,S,5681.688811404973,5682.75,-25.223771900531574,73,EOD,IS,4246.283089310593
2013-11-18 14:00:00,2013-11-18 23:15:00,L,5683.562500078227,5651.25,-650.250001564531,36,EOD,IS,3596.033087746062
2013-11-20 12:15:00,2013-11-20 23:15:00,L,5636.813844262538,5633.0,-80.27688525075428,43,EOD,IS,3515.7562024953077
2013-11-25 05:15:00,2013-11-25 23:15:00,L,5694.171474601595,5692.5,-37.429492031900736,71,EOD,IS,3478.326710463407
2013-11-26 17:30:00,2013-11-26 23:15:00,S,5704.7784947942655,5713.75,-183.43010411469004,22,EOD,IS,3294.896606348717
2013-11-28 02:45:00,2013-11-28 17:30:00,S,5737.48790956335,5748.0,-214.24180873300793,59,EOD,IS,3080.654797615709
2013-11-29 10:45:00,2013-11-29 19:15:00,S,5749.1491392060325,5756.75,-156.01721587935026,34,EOD,IS,2924.6375817363587
2013-12-04 16:15:00,2013-12-04 23:15:00,S,5743.19342035678,5748.25,-105.1315928644035,27,EOD,IS,2819.505988871955
2013-12-06 14:45:00,2013-12-06 23:15:00,L,5752.572393099959,5770.5,354.552138000814,33,EOD,IS,3174.058126872769
2013-12-11 10:30:00,2013-12-11 23:15:00,L,5771.662811569498,5734.5,-747.2562313899689,50,EOD,IS,2426.8018954828003
2013-12-18 17:45:00,2013-12-18 23:15:00,L,5719.0625000107575,5778.0,1174.74999978485,22,EOD,IS,3601.5518952676503
2013-12-20 16:45:00,2013-12-20 23:15:00,S,5790.908638527924,5807.0,-325.82722944151465,25,EOD,IS,3275.7246658261356
2013-12-24 06:00:00,2013-12-24 19:15:00,S,5838.409583632278,5841.25,-60.8083273544471,53,EOD,IS,3214.9163384716885
2013-12-26 15:45:00,2013-12-26 23:15:00,L,5843.801832724766,5853.25,184.96334550467145,29,EOD,IS,3399.87968397636
2013-12-31 16:00:00,2013-12-31 23:15:00,S,5844.744639093091,5863.5,-379.10721813818236,28,EOD,IS,3020.7724658381776
2014-01-09 13:00:00,2014-01-09 23:15:00,L,5843.0375000844715,5820.25,-459.75000168943006,40,EOD,IS,2561.0224641487475
2014-01-15 00:45:00,2014-01-15 23:15:00,S,5845.880372377244,5868.5,-456.3925524551123,89,EOD,IS,2104.629911693635
2014-01-17 03:00:00,2014-01-17 23:15:00,L,5862.887867746897,5854.25,-176.75735493794855,80,EOD,IS,1927.8725567556867
2014-01-21 01:30:00,2014-01-21 23:15:00,S,5860.299077689005,5878.75,-373.01844621990676,86,EOD,IS,1554.85411053578
2014-01-23 01:00:00,2014-01-23 23:15:00,S,5904.427735028939,5883.0,424.55470057878847,88,EOD,IS,1979.4088111145684
2014-01-28 02:30:00,2014-01-28 23:15:00,S,5751.79545296055,5782.75,-623.0909407889922,82,EOD,IS,1356.3178703255762
2014-01-29 04:45:00,2014-01-29 23:15:00,S,5790.223006023134,5747.5,850.4601204626815,73,EOD,IS,2206.7779907882577
2014-02-05 16:30:00,2014-02-05 23:15:00,L,5698.411234420557,5720.25,432.7753115888627,26,EOD,IS,2639.5533023771204
2014-02-11 02:30:00,2014-02-11 23:15:00,S,5854.82717256171,5883.25,-572.4565487658074,82,EOD,IS,2067.096753611313
2014-02-13 10:15:00,2014-02-13 23:15:00,L,5876.605655099306,5921.25,888.8868980138759,51,EOD,IS,2955.983651625189
2014-02-17 09:30:00,2014-02-17 17:30:00,S,5941.868448338224,5937.25,88.36896676447941,32,EOD,IS,3044.3526183896684
2014-02-18 13:15:00,2014-02-18 23:15:00,S,5932.8873378648095,5946.25,-271.2532427038095,39,EOD,IS,2773.099375685859
2014-02-24 05:45:00,2014-02-24 23:15:00,L,5926.458878360749,5957.5,616.8224327850257,69,EOD,IS,3389.9218084708846
2014-02-26 07:15:00,2014-02-26 23:15:00,L,5965.475000088663,5951.5,-283.5000017732673,63,EOD,IS,3106.4218066976173
2014-03-04 07:15:00,2014-03-04 23:15:00,S,5952.460819628397,5989.0,-734.7836074320585,63,EOD,IS,2371.638199265559
2014-03-06 05:00:00,2014-03-06 23:15:00,S,6002.4330310943915,5994.5,154.66062188782962,72,EOD,IS,2526.2988211533884
2014-03-10 02:30:00,2014-03-11 00:00:00,L,5968.344380092857,5976.5,159.11239814285727,82,EOD,IS,2685.4112192962457
2014-03-16 23:45:00,2014-03-17 00:00:00,L,5890.918653976607,5885.5,-112.37307953213895,1,EOD,IS,2573.0381397641067
2014-03-17 08:15:00,2014-03-18 00:00:00,S,5901.578996570571,5932.5,-622.4200685885844,59,EOD,IS,1950.6180711755223
2014-03-19 14:30:00,2014-03-20 00:00:00,L,5976.370089782124,5951.25,-506.4017956424723,34,EOD,IS,1444.21627553305
2014-03-21 09:15:00,2014-03-21 22:15:00,S,5979.397384480812,5920.25,1178.9476896162487,51,EOD,IS,2623.1639651492987
2014-03-24 01:15:00,2014-03-25 00:00:00,L,5916.668990460986,5889.75,-542.3798092197139,87,EOD,IS,2080.784155929585
2014-03-26 19:15:00,2014-03-27 00:00:00,L,5868.490325334637,5849.5,-383.80650669274837,15,EOD,IS,1696.9776492368364
2014-03-28 15:15:00,2014-03-28 22:15:00,S,5869.709082377992,5841.25,565.1816475598353,27,EOD,IS,2262.1592967966717
2014-03-31 16:00:00,2014-03-31 23:15:00,S,5872.795788432486,5860.0,251.91576864972012,28,EOD,IS,2514.075065446392
2014-04-01 19:15:00,2014-04-01 23:15:00,L,5904.040927559386,5928.5,485.1814488122873,15,EOD,IS,2999.256514258679
2014-04-03 16:30:00,2014-04-03 23:15:00,L,5928.385855441154,5913.0,-311.7171088230716,26,EOD,IS,2687.5394054356075
2014-04-09 11:00:00,2014-04-09 23:15:00,S,5815.769882127261,5871.25,-1113.6023574547871,48,EOD,IS,1573.9370479808204
2014-04-14 07:15:00,2014-04-14 23:15:00,S,5717.846421274949,5748.75,-622.0715745010275,63,EOD,IS,951.8654734797929
2014-04-15 15:45:00,2014-04-15 23:15:00,L,5751.396008443238,5776.5,498.0798311352337,29,EOD,IS,1449.9453046150265
2014-04-17 16:15:00,2014-04-17 23:15:00,S,5800.157558821946,5801.25,-25.848823561085737,27,EOD,IS,1424.0964810539408
2014-04-22 02:15:00,2014-04-22 23:15:00,L,5829.862500094335,5862.0,638.7499981133042,83,EOD,IS,2062.846479167245
2014-04-28 21:15:00,2014-04-28 23:15:00,S,5800.923335177085,5819.75,-380.53329645829217,7,EOD,IS,1682.3131827089528
2014-04-30 20:45:00,2014-04-30 23:15:00,S,5847.352975323393,5854.75,-151.94049353213268,9,EOD,IS,1530.3726891768201
2014-05-01 03:45:00,2014-05-01 23:15:00,L,5853.59466017367,5868.25,289.1067965266084,77,EOD,IS,1819.4794857034285
2014-05-02 20:15:00,2014-05-02 23:15:00,L,5852.565255266809,5852.5,-5.305105336177803,12,EOD,IS,1814.1743803672507
2014-05-09 18:45:00,2014-05-09 23:15:00,S,5819.277999703537,5827.25,-163.44000592926386,17,EOD,IS,1650.7343744379868
2014-05-12 00:45:00,2014-05-12 23:15:00,S,5832.449436428236,5889.25,-1140.0112714352726,89,EOD,IS,510.7231030027142
2014-05-14 12:15:00,2014-05-14 23:15:00,L,5880.408688970568,5877.5,-62.17377941135419,43,EOD,IS,448.54932359136
2014-05-19 02:45:00,2014-05-19 23:15:00,L,5864.178959504642,5888.0,472.4208099071584,81,EOD,IS,920.9701334985184
2014-05-21 20:15:00,2014-05-21 23:15:00,S,5906.949218707986,5909.0,-45.015625840282155,11,EOD,IS,875.9545076582363
2014-05-27 11:00:00,2014-05-27 23:15:00,S,5969.372336414767,5999.0,-596.5532717046553,48,EOD,IS,279.4012359535809
2014-05-29 21:15:00,2014-05-29 23:15:00,S,6008.409721626744,6014.0,-115.80556746512593,7,EOD,IS,163.59566848845498
2014-06-04 16:00:00,2014-06-04 23:15:00,L,5992.375901076639,6020.25,553.4819784672218,28,EOD,IS,717.0776469556768
2014-06-09 19:30:00,2014-06-09 23:15:00,L,6070.183037243012,6070.25,-2.6607448602444492,14,EOD,IS,714.4169020954323
2014-06-11 13:45:00,2014-06-11 23:15:00,L,6056.862661042192,6076.5,388.7467791561685,38,EOD,IS,1103.1636812516008
2014-06-16 08:00:00,2014-06-16 23:15:00,S,6044.015586105806,6057.75,-278.6882778838881,60,EOD,IS,824.4754033677127
2014-06-18 20:15:00,2014-06-18 23:15:00,L,6042.286835140413,6078.25,715.2632971917374,11,EOD,IS,1539.73870055945
2014-06-23 04:00:00,2014-06-23 23:15:00,S,6085.0442165370005,6077.0,156.88433074000932,76,EOD,IS,1696.6230312994594
2014-06-27 16:15:00,2014-06-27 23:15:00,S,6105.875009348076,6115.75,-201.49981303848472,27,EOD,IS,1495.1232182609747
2014-06-30 16:15:00,2014-06-30 23:15:00,S,6125.685213066218,6130.75,-105.29573867563522,27,EOD,IS,1389.8274795853395
2014-07-01 21:30:00,2014-07-01 23:15:00,L,6168.936333067579,6169.5,7.273338648425124,6,EOD,IS,1397.1008182337646
2014-07-03 14:45:00,2014-07-03 19:15:00,L,6177.132782630932,6200.75,468.3443473813677,18,EOD,IS,1865.4451656151323
2014-07-07 08:30:00,2014-07-07 23:15:00,L,6194.457827842201,6189.25,-108.15655684402736,58,EOD,IS,1757.288608771105
2014-07-10 17:00:00,2014-07-10 23:15:00,S,6148.968306516954,6158.75,-199.63386966092366,24,EOD,IS,1557.6547391101813
2014-07-14 02:45:00,2014-07-14 23:15:00,S,6187.566528045832,6206.75,-387.66943908336907,82,EOD,IS,1169.9853000268122
2014-07-17 09:15:00,2014-07-17 23:15:00,L,6197.240797729209,6151.0,-928.8159545841736,55,EOD,IS,241.1693454426386
2014-07-22 10:15:00,2014-07-22 23:15:00,L,6214.4860582063875,6231.75,341.27883587225006,51,EOD,IS,582.4481813148886
2014-07-25 05:45:00,2014-07-25 23:15:00,S,6245.686025686891,6239.75,114.72051373782597,69,EOD,IS,697.1686950527146
2014-07-30 15:00:00,2014-07-30 23:15:00,S,6258.882914723321,6253.5,103.65829446641874,32,EOD,IS,800.8269895191333
2014-08-05 22:15:00,2014-08-05 23:15:00,S,6156.453586792214,6159.0,-54.92826415571835,3,EOD,IS,745.898725363415
2014-08-13 12:45:00,2014-08-13 23:15:00,S,6203.13279896323,6231.5,-571.3440207353997,41,EOD,IS,174.55470462801532
2014-08-15 10:45:00,2014-08-15 23:15:00,S,6259.423046222794,6270.25,-220.5390755441149,49,EOD,IS,-45.98437091609958
2014-08-19 07:15:00,2014-08-19 23:15:00,S,6304.416956681478,6320.25,-320.6608663704392,63,EOD,IS,-366.64523728653876
2014-08-20 20:00:00,2014-08-20 23:15:00,L,6323.434296996837,6325.0,27.3140600632687,12,EOD,IS,-339.33117722327006
2014-08-21 14:45:00,2014-08-21 23:15:00,L,6327.099218971951,6331.25,79.01562056098192,33,EOD,IS,-260.31555666228815
2014-08-22 03:30:00,2014-08-22 23:15:00,S,6332.907373580998,6341.25,-170.8525283800409,79,EOD,IS,-431.16808504232904
2014-08-27 09:45:00,2014-08-27 23:15:00,L,6356.747317195894,6355.75,-23.946343917872582,53,EOD,IS,-455.1144289602016
2014-08-28 12:30:00,2014-08-28 23:15:00,L,6339.419987477677,6359.25,392.6002504464632,42,EOD,IS,-62.51417851373844
2014-09-02 04:00:00,2014-09-02 23:15:00,S,6369.53171509432,6377.75,-168.36569811359732,77,EOD,IS,-230.87987662733576
2014-09-05 14:45:00,2014-09-05 23:15:00,S,6350.335617118811,6374.25,-482.2876576237868,34,EOD,IS,-713.1675342511226
2014-09-08 16:15:00,2014-09-08 23:15:00,S,6387.344322000362,6377.0,202.88644000723798,27,EOD,IS,-510.2810942438846
2014-09-09 19:30:00,2014-09-09 23:15:00,L,6362.841766301261,6348.5,-290.83532602521154,14,EOD,IS,-801.1164202690961
2014-09-12 02:45:00,2014-09-12 23:15:00,S,6377.218558599285,6349.75,545.3711719856947,81,EOD,IS,-255.74524828340145
2014-09-19 03:15:00,2014-09-19 23:15:00,S,6396.485491495669,6376.75,390.70982991337223,79,EOD,IS,134.96458162997078
2014-09-29 08:00:00,2014-09-29 23:15:00,L,6326.221618276518,6324.75,-33.43236553035604,60,EOD,IS,101.53221609961474
2014-10-01 16:15:00,2014-10-01 23:15:00,L,6298.790662795798,6274.5,-489.81325591596396,27,EOD,IS,-388.2810398163492
2014-10-03 10:45:00,2014-10-03 23:15:00,S,6288.3990449975145,6307.0,-376.0191000497107,50,EOD,IS,-764.3001398660599
2014-10-06 12:00:00,2014-10-06 23:15:00,L,6317.899942670383,6293.5,-491.99885340766195,44,EOD,IS,-1256.2989932737219
2014-10-07 11:00:00,2014-10-07 23:15:00,L,6276.402215150349,6239.75,-737.0443030069728,48,EOD,IS,-1993.3432962806946
2014-10-10 02:30:00,2014-10-10 23:15:00,S,6245.273982119525,6143.25,2036.4796423904918,82,EOD,IS,43.13634610979716
2014-10-15 21:15:00,2014-10-15 23:15:00,S,6045.605441969785,6038.25,143.10883939569612,7,EOD,IS,186.24518550549328
2014-10-17 15:45:00,2014-10-17 23:15:00,L,6078.9598269550315,6094.25,301.8034608993694,29,EOD,IS,488.04864640486267
2014-10-20 19:30:00,2014-10-20 23:15:00,S,6130.5111840529025,6174.0,-873.7763189419493,14,EOD,IS,-385.7276725370866
2014-10-21 12:30:00,2014-10-21 23:15:00,S,6183.735933794702,6265.75,-1644.281324105963,42,EOD,IS,-2030.0089966430496
2014-10-23 05:30:00,2014-10-23 23:15:00,S,6238.348278537863,6294.0,-1117.0344292427435,70,EOD,IS,-3147.043425885793
2014-10-27 00:30:00,2014-10-28 00:00:00,S,6330.3717149706645,6331.0,-16.56570058671059,90,EOD,IS,-3163.6091264725037
2014-10-30 12:45:00,2014-10-31 00:00:00,L,6336.598904683767,6386.25,989.0219063246659,41,EOD,IS,-2174.587220147838
2014-11-04 15:45:00,2014-11-04 23:15:00,S,6443.4663269391185,6435.75,150.32653878237033,30,EOD,IS,-2024.2606813654675
2014-11-06 07:45:00,2014-11-06 23:15:00,S,6430.992150257343,6457.75,-539.1569948531323,61,EOD,IS,-2563.4176762186
2014-11-07 03:45:00,2014-11-07 23:15:00,S,6459.340965411847,6442.25,337.8193082369362,77,EOD,IS,-2225.5983679816636
2014-11-11 06:00:00,2014-11-11 23:15:00,S,6470.608235141457,6474.5,-81.83529717085912,68,EOD,IS,-2307.4336651525227
2014-11-12 21:00:00,2014-11-12 23:15:00,L,6479.697319058156,6484.25,87.05361883688602,8,EOD,IS,-2220.3800463156367
2014-11-17 21:45:00,2014-11-17 23:15:00,L,6499.665655647341,6502.75,57.686887053183455,6,EOD,IS,-2162.6931592624533
2014-11-20 13:00:00,2014-11-20 23:15:00,L,6495.469669292056,6536.25,811.6066141588781,40,EOD,IS,-1351.0865451035752
2014-11-25 10:30:00,2014-11-25 23:15:00,S,6578.2689903737,6586.5,-168.6201925259993,50,EOD,IS,-1519.7067376295745
2014-11-26 13:45:00,2014-11-26 23:15:00,L,6589.454268011362,6612.5,456.9146397727636,37,EOD,IS,-1062.7920978568109
2014-11-28 16:00:00,2014-11-28 19:15:00,L,6618.642895979934,6628.75,198.1420804013178,13,EOD,IS,-864.6500174554931
2014-12-03 15:45:00,2014-12-03 23:15:00,S,6604.625633597509,6604.5,-1.4873280498286476,29,EOD,IS,-866.1373455053217
2014-12-08 10:15:00,2014-12-08 23:15:00,L,6589.334922095558,6574.0,-310.6984419111577,51,EOD,IS,-1176.8357874164794
2014-12-11 20:00:00,2014-12-11 23:15:00,L,6574.56153107056,6524.25,-1010.2306214111959,12,EOD,IS,-2187.0664088276753
2014-12-12 09:00:00,2014-12-12 23:15:00,S,6522.197475912773,6486.0,719.9495182554674,56,EOD,IS,-1467.116890572208
2014-12-15 01:45:00,2014-12-15 23:15:00,S,6487.464163393594,6454.5,655.2832678718878,85,EOD,IS,-811.8336227003201
2014-12-23 14:45:00,2014-12-23 23:15:00,S,6599.15548660086,6573.75,504.10973201720117,33,EOD,IS,-307.72389068311895
2014-12-26 16:15:00,2014-12-26 23:15:00,S,6597.1227615632315,6608.75,-236.54476873536987,27,EOD,IS,-544.2686594184888
2014-12-30 15:15:00,2014-12-30 23:15:00,L,6594.526432490033,6577.5,-344.5286498006535,31,EOD,IS,-888.7973092191423
2015-01-05 04:45:00,2015-01-05 23:15:00,S,6508.587433674424,6462.25,922.7486734884733,73,EOD,IS,33.95136426933095
2015-01-08 03:00:00,2015-01-08 23:15:00,S,6476.5,6529.75,-1069.0,80,EOD,IS,-1035.048635730669
2015-01-12 20:30:00,2015-01-12 23:15:00,L,6453.671640275824,6465.5,232.56719448352305,10,EOD,IS,-802.481441247146
2015-01-15 07:15:00,2015-01-15 23:30:00,S,6469.651256317859,6364.25,2104.025126357188,64,EOD,IS,1301.5436851100421
2015-01-19 01:15:00,2015-01-19 19:00:00,S,6438.638737818433,6423.5,298.77475636865347,71,EOD,IS,1600.3184414786956
2015-01-20 10:00:00,2015-01-20 23:15:00,L,6443.701562756292,6463.5,391.96874487415334,52,EOD,IS,1992.287186352849
2015-01-26 08:00:00,2015-01-26 23:15:00,S,6547.684769895814,6568.0,-410.30460208372824,60,EOD,IS,1581.9825842691207
2015-01-29 08:30:00,2015-01-29 23:15:00,S,6428.736742389133,6494.0,-1309.2651522173437,58,EOD,IS,272.717432051777
2015-01-30 02:45:00,2015-01-30 23:15:00,L,6488.243232353543,6438.75,-993.8646470708627,81,EOD,IS,-721.1472150190857
2015-02-02 08:15:00,2015-02-02 23:15:00,S,6442.47054776836,6478.0,-714.5890446327976,59,EOD,IS,-1435.7362596518833
2015-02-04 17:45:00,2015-02-04 23:15:00,S,6526.270046899571,6487.0,781.4009379914169,21,EOD,IS,-654.3353216604664
2015-02-05 03:30:00,2015-02-05 23:15:00,L,6480.745239900918,6547.75,1336.0952019816395,78,EOD,IS,681.7598803211731
2015-02-09 06:00:00,2015-02-09 23:15:00,L,6507.736058202589,6513.5,111.27883594821105,68,EOD,IS,793.0387162693842
2015-02-10 15:45:00,2015-02-10 23:15:00,L,6526.713030269398,6573.25,926.7393946120465,29,EOD,IS,1719.7781108814306
2015-02-12 15:00:00,2015-02-12 23:15:00,L,6612.913445705469,6638.5,507.73108589062394,32,EOD,IS,2227.5091967720546
2015-02-16 16:00:00,2015-02-16 19:00:00,S,6677.372386027698,6670.75,128.44772055395515,12,EOD,IS,2355.9569173260097
2015-02-17 03:30:00,2015-02-17 23:15:00,S,6668.091352771339,6680.75,-257.1729445732162,78,EOD,IS,2098.7839727527935
2015-02-19 15:45:00,2015-02-19 23:15:00,S,6688.00506874479,6712.0,-483.898625104197,29,EOD,IS,1614.8853476485965
2015-02-24 16:30:00,2015-02-24 23:15:00,L,6730.42988479572,6744.5,277.40230408560456,27,EOD,IS,1892.287651734201
2015-03-02 18:30:00,2015-03-02 23:15:00,L,6761.754313451774,6774.75,255.91373096452662,18,EOD,IS,2148.2013826987277
2015-03-05 16:00:00,2015-03-05 23:15:00,S,6754.045907204651,6746.25,151.9181440930115,28,EOD,IS,2300.119526791739
2015-03-06 17:45:00,2015-03-06 23:15:00,L,6716.463979852376,6706.25,-208.2795970475163,21,EOD,IS,2091.839929744223
2015-03-09 01:15:00,2015-03-10 00:00:00,L,6697.900328045186,6709.0,217.99343909627714,87,EOD,IS,2309.8333688405
2015-03-12 19:00:00,2015-03-13 00:00:00,S,6628.771009284589,6631.0,-48.579814308217465,16,EOD,IS,2261.2535545322826
2015-03-13 11:30:00,2015-03-13 22:15:00,L,6629.85261549171,6608.0,-441.05230983419824,42,EOD,IS,1820.2012446980843
2015-03-16 02:30:00,2015-03-17 00:00:00,S,6601.885859859321,6651.75,-1001.2828028135882,82,EOD,IS,818.9184418844961
2015-03-18 10:30:00,2015-03-19 00:00:00,L,6673.51761744123,6724.25,1010.6476511754008,50,EOD,IS,1829.566093059897
2015-03-20 11:45:00,2015-03-20 22:15:00,S,6738.816528081442,6752.0,-267.66943837116196,41,EOD,IS,1561.896654688735
2015-03-23 12:00:00,2015-03-24 00:00:00,L,6743.4110767949005,6741.25,-47.22153589801019,44,EOD,IS,1514.6751187907248
2015-03-30 04:45:00,2015-03-30 23:30:00,S,6637.234364707565,6674.0,-739.3127058487007,74,EOD,IS,775.3624129420241
2015-04-01 02:45:00,2015-04-01 23:15:00,L,6614.9513979244075,6617.0,36.972041511849966,81,EOD,IS,812.3344544538741
2015-04-08 04:00:00,2015-04-08 23:15:00,L,6632.229404953746,6681.0,971.4119009250826,76,EOD,IS,1783.7463553789567
2015-04-10 08:45:00,2015-04-10 23:15:00,S,6702.242073543434,6718.0,-319.1585291313131,57,EOD,IS,1464.5878262476435
2015-04-13 00:30:00,2015-04-13 23:15:00,S,6720.162479241209,6709.25,214.2495848241888,90,EOD,IS,1678.8374110718323
2015-04-16 08:00:00,2015-04-16 23:15:00,L,6729.524414186628,6716.75,-259.48828373255674,60,EOD,IS,1419.3491273392756
2015-04-17 22:15:00,2015-04-17 23:15:00,S,6651.689995997198,6649.5,39.79991994395823,3,EOD,IS,1459.1490472832338
2015-04-21 07:45:00,2015-04-21 23:15:00,S,6721.757425844313,6733.25,-233.8514831137436,61,EOD,IS,1225.2975641694902
2015-04-22 10:15:00,2015-04-22 23:15:00,L,6730.216734794075,6739.0,171.6653041185018,51,EOD,IS,1396.962868287992
2015-04-27 09:45:00,2015-04-27 23:15:00,L,6831.972523914136,6826.5,-113.45047828272436,53,EOD,IS,1283.5123900052677
2015-04-28 20:15:00,2015-04-28 23:15:00,L,6815.624392597667,6815.0,-16.487851953337668,11,EOD,IS,1267.02453805193
2015-04-30 14:15:00,2015-04-30 23:15:00,S,6764.486890209867,6717.0,945.7378041973388,35,EOD,IS,2212.762342249269
2015-05-04 02:30:00,2015-05-04 23:15:00,L,6764.510251556266,6777.5,255.79496887468486,82,EOD,IS,2468.5573111239537
2015-05-05 16:00:00,2015-05-05 23:15:00,L,6750.776152797851,6712.5,-769.5230559570191,28,EOD,IS,1699.0342551669346
2015-05-08 07:30:00,2015-05-08 23:15:00,L,6710.998790782431,6749.0,756.0241843513868,62,EOD,IS,2455.0584395183214
2015-05-11 16:00:00,2015-05-11 23:15:00,L,6751.298885373466,6731.5,-399.9777074693193,28,EOD,IS,2055.080732049002
2015-05-12 07:15:00,2015-05-12 23:15:00,S,6731.25,6724.5,131.0,63,EOD,IS,2186.080732049002
2015-05-14 09:30:00,2015-05-14 23:15:00,L,6716.908809910374,6793.0,1517.823801792525,54,EOD,IS,3703.904533841527
2015-05-18 12:30:00,2015-05-18 23:15:00,L,6779.631570794775,6811.5,633.3685841044971,42,EOD,IS,4337.273117946024
2015-05-20 20:15:00,2015-05-20 23:15:00,S,6809.610234918988,6801.75,153.20469837975543,11,EOD,IS,4490.47781632578
2015-05-22 19:15:00,2015-05-22 23:15:00,S,6843.333747309489,6829.5,272.674946189778,15,EOD,IS,4763.152762515558
2015-05-25 12:00:00,2015-05-25 19:00:00,L,6823.061897638702,6828.0,94.76204722595503,28,EOD,IS,4857.914809741513
2015-05-29 10:15:00,2015-05-29 23:15:00,L,6817.497466387787,6814.75,-58.94932775574853,51,EOD,IS,4798.965481985764
2015-06-03 14:00:00,2015-06-03 23:15:00,S,6837.6719477196675,6830.25,144.4389543933503,36,EOD,IS,4943.4044363791145
2015-06-04 13:30:00,2015-06-04 23:15:00,S,6793.636916296151,6798.75,-106.26167407698085,38,EOD,IS,4837.142762302134
2015-06-10 09:45:00,2015-06-10 23:15:00,S,6741.931450973514,6791.0,-985.3709805297185,53,EOD,IS,3851.771781772415
2015-06-12 09:15:00,2015-06-12 23:15:00,L,6782.515676732069,6756.0,-534.3135346413728,55,EOD,IS,3317.4582471310423
2015-06-18 19:30:00,2015-06-18 23:15:00,L,6828.57295511119,6840.0,224.54089777620175,14,EOD,IS,3541.999144907244
2015-06-22 10:45:00,2015-06-22 23:15:00,S,6855.376191691462,6847.0,163.52383382923654,50,EOD,IS,3705.5229787364806
2015-06-24 16:45:00,2015-06-24 23:15:00,S,6860.80096150996,6829.75,617.0192301991992,25,EOD,IS,4322.54220893568
2015-07-01 09:45:00,2015-07-01 23:15:00,S,6722.720801280395,6733.0,-209.5839743921024,53,EOD,IS,4112.958234543577
2015-07-06 07:15:00,2015-07-06 23:15:00,L,6674.435158166858,6738.75,1282.296836662841,63,EOD,IS,5395.2550712064185
2015-07-10 20:00:00,2015-07-10 23:15:00,L,6714.309088485627,6721.0,129.81823028745202,12,EOD,IS,5525.0733014938705
2015-07-15 07:30:00,2015-07-15 23:30:00,L,6831.516509690824,6845.25,270.66980618351954,63,EOD,IS,5795.74310767739
2015-07-16 04:00:00,2015-07-16 23:15:00,S,6851.161380802834,6920.75,-1395.7723839433165,76,EOD,IS,4399.9707237340735
2015-07-20 03:30:00,2015-07-20 23:15:00,S,6963.615475982493,6981.75,-366.6904803501384,78,EOD,IS,4033.280243383935
2015-07-23 22:15:00,2015-07-23 23:15:00,S,6928.904406012799,6942.5,-275.91187974402055,3,EOD,IS,3757.3683636399146
2015-07-28 16:15:00,2015-07-28 23:15:00,L,6821.314110069026,6868.0,929.7177986194729,27,EOD,IS,4687.0861622593875
2015-07-29 09:15:00,2015-07-29 23:15:00,S,6873.496663830265,6878.5,-104.06672339470242,55,EOD,IS,4583.019438864685
2015-07-30 16:15:00,2015-07-30 23:15:00,L,6843.969367096453,6900.0,1116.6126580709315,27,EOD,IS,5699.632096935617
2015-08-03 03:30:00,2015-08-03 23:15:00,L,6886.097575250981,6882.25,-80.95150501962416,78,EOD,IS,5618.680591915992
2015-08-05 14:30:00,2015-08-05 23:15:00,S,6900.595639735351,6903.5,-62.08720529297716,34,EOD,IS,5556.593386623015
2015-08-10 13:30:00,2015-08-10 23:15:00,S,6845.623397180704,6888.5,-861.5320563859168,38,EOD,IS,4695.061330237098
2015-08-14 11:30:00,2015-08-14 23:15:00,L,6816.290158117166,6841.5,500.19683765667287,46,EOD,IS,5195.258167893771
2015-08-17 02:15:00,2015-08-17 23:15:00,S,6843.750000016461,6871.25,-553.9999996707811,83,EOD,IS,4641.25816822299
2015-08-19 07:15:00,2015-08-19 23:15:00,L,6839.305840360658,6813.25,-525.1168072131659,63,EOD,IS,4116.141361009824
2015-08-26 06:00:00,2015-08-26 14:45:00,S,6343.128724786257,6443.378724786257,-2009.0,35,SL,IS,2107.1413610098243
2015-08-26 16:30:00,2015-08-26 23:15:00,L,6399.203205036246,6523.0,2471.935899275082,26,EOD,IS,4579.0772602849065
2015-08-28 04:00:00,2015-08-28 23:15:00,L,6627.757907045975,6632.75,95.84185908049767,76,EOD,IS,4674.919119365404
2015-08-31 03:15:00,2015-08-31 23:15:00,S,6603.7820350305,6574.5,581.6407006100017,79,EOD,IS,5256.559819975406
2015-09-03 03:15:00,2015-09-03 23:15:00,L,6569.661112971116,6539.0,-617.2222594223276,79,EOD,IS,4639.337560553078
2015-09-04 03:00:00,2015-09-04 23:15:00,L,6515.78442985775,6493.25,-454.68859715500366,81,EOD,IS,4184.648963398075
2015-09-08 13:30:00,2015-09-08 23:15:00,L,6574.14643731093,6610.0,713.0712537813961,39,EOD,IS,4897.720217179471
2015-09-14 04:30:00,2015-09-14 23:15:00,L,6648.33092300583,6616.0,-650.618460116606,74,EOD,IS,4247.101757062865
2015-09-15 12:30:00,2015-09-15 23:15:00,S,6612.390596243776,6670.75,-1171.1880751244862,42,EOD,IS,3075.9136819383784
2015-09-17 08:45:00,2015-09-17 23:15:00,L,6693.387419633725,6688.25,-106.74839267449352,58,EOD,IS,2969.165289263885
2015-09-21 07:15:00,2015-09-21 23:00:00,S,6629.147285686863,6660.75,-636.0542862627372,62,EOD,IS,2333.1110030011478
2015-09-22 21:30:00,2015-09-22 23:00:00,S,6571.562214961847,6580.0,-172.75570076306758,5,EOD,IS,2160.35530223808
2015-09-24 15:45:00,2015-09-24 23:00:00,S,6545.05984978377,6564.75,-397.8030043245999,28,EOD,IS,1762.5522979134803
2015-09-30 18:15:00,2015-09-30 23:00:00,L,6441.266052168968,6471.0,590.6789566206462,18,EOD,IS,2353.2312545341265
2015-10-01 04:30:00,2015-10-01 23:00:00,S,6500.357938777796,6508.5,-166.8412244440733,73,EOD,IS,2186.390030090053
2015-10-07 12:15:00,2015-10-07 23:00:00,L,6635.70515643872,6644.0,161.89687122559553,42,EOD,IS,2348.2869013156487
2015-10-12 11:15:00,2015-10-12 23:00:00,L,6672.519083568444,6695.75,460.6183286311134,46,EOD,IS,2808.905229946762
2015-10-13 13:00:00,2015-10-13 23:00:00,S,6670.260408631066,6657.5,251.2081726213146,39,EOD,IS,3060.1134025680767
2015-10-15 13:15:00,2015-10-15 23:00:00,L,6675.163861258285,6728.75,1067.7227748343066,38,EOD,IS,4127.836177402383
2015-10-19 09:45:00,2015-10-19 23:00:00,S,6758.913096599677,6770.5,-235.73806800645252,52,EOD,IS,3892.098109395931
2015-10-21 16:15:00,2015-10-21 23:00:00,L,6759.575511175535,6722.75,-740.5102235107042,26,EOD,IS,3151.5878858852266
2015-10-26 01:15:00,2015-10-27 00:00:00,L,6925.18625995079,6935.75,207.27480098419255,86,EOD,IS,3358.862686869419
2015-10-30 03:00:00,2015-10-30 22:00:00,S,6997.24364117782,6962.5,690.8728235563976,76,EOD,IS,4049.7355104258168
2015-11-04 05:45:00,2015-11-04 23:00:00,L,7038.54134112891,7028.25,-209.82682257820125,68,EOD,IS,3839.9086878476155
2015-11-05 20:30:00,2015-11-05 23:00:00,L,7006.8722450102505,7016.5,188.55509979499038,9,EOD,IS,4028.463787642606
2015-11-09 03:30:00,2015-11-09 23:00:00,S,7029.080404956387,6966.5,1247.608099127734,77,EOD,IS,5276.07188677034
2015-11-11 18:45:00,2015-11-11 23:00:00,S,6990.218837344684,6949.5,810.3767468936858,17,EOD,IS,6086.448633664026
2015-11-12 17:00:00,2015-11-12 23:00:00,S,6950.735314639541,6900.75,995.7062927908155,23,EOD,IS,7082.154926454841
2015-11-20 16:00:00,2015-11-20 23:00:00,S,6996.86679911262,7007.5,-216.66401774759288,27,EOD,IS,6865.490908707248
2015-11-26 05:45:00,2015-11-26 19:00:00,L,7001.267546856021,7012.5,220.64906287958001,53,EOD,IS,7086.139971586828
2015-11-27 08:00:00,2015-11-27 19:30:00,L,6990.515912836149,7002.75,240.6817432770149,46,EOD,IS,7326.821714863843
2015-12-02 03:15:00,2015-12-02 23:00:00,S,7034.702126372486,7015.5,380.04252744972837,78,EOD,IS,7706.864242313572
2015-12-07 02:45:00,2015-12-07 23:00:00,L,7024.213684659919,7019.0,-108.27369319837453,80,EOD,IS,7598.590549115197
2015-12-08 09:45:00,2015-12-08 23:00:00,S,7009.40306342365,7009.75,-10.938731527006894,53,EOD,IS,7587.65181758819
2015-12-11 20:30:00,2015-12-11 23:00:00,S,6885.08749342659,6851.0,677.749868531806,9,EOD,IS,8265.401686119996
2015-12-15 04:00:00,2015-12-15 23:00:00,S,6898.222783299203,6925.75,-554.54433401594,76,EOD,IS,7710.857352104056
2015-12-16 16:00:00,2015-12-16 23:00:00,L,6941.39867271579,6973.5,638.0265456842026,27,EOD,IS,8348.883897788259
2015-12-22 03:00:00,2015-12-22 23:00:00,L,6890.365360196829,6912.75,443.69279606342025,79,EOD,IS,8792.576693851679
2015-12-23 15:45:00,2015-12-23 23:00:00,L,6927.067862958538,6930.0,54.64274082923657,28,EOD,IS,8847.219434680916
2015-12-24 16:30:00,2015-12-24 19:15:00,S,6945.590515569899,6934.5,217.81031139798506,11,EOD,IS,9065.0297460789
2015-12-28 12:15:00,2015-12-28 23:00:00,L,6922.044365127907,6941.25,380.1126974418512,42,EOD,IS,9445.142443520752
2015-12-31 14:00:00,2015-12-31 23:00:00,L,6961.551209007549,6915.75,-920.0241801509801,35,EOD,IS,8525.118263369772
2016-01-06 03:45:00,2016-01-06 23:00:00,L,6760.956392666677,6771.75,211.87214666646105,76,EOD,IS,8736.990410036233
2016-01-11 05:00:00,2016-01-11 23:00:00,S,6580.549161816304,6592.5,-243.016763673917,71,EOD,IS,8493.973646362316
2016-01-12 17:15:00,2016-01-12 23:00:00,L,6624.912301658141,6630.5,107.75396683718645,22,EOD,IS,8601.727613199502
2016-01-15 21:00:00,2016-01-15 23:00:00,S,6461.229829909222,6469.5,-169.4034018155653,7,EOD,IS,8432.324211383937
2016-01-19 14:15:00,2016-01-19 20:30:00,L,6523.868339034264,6423.618339034264,-2009.0,25,SL,IS,6423.324211383937
2016-01-26 01:15:00,2016-01-26 23:00:00,L,6503.4837773707395,6534.0,606.3244525852097,86,EOD,IS,7029.648663969147
2016-02-10 15:15:00,2016-02-10 23:00:00,L,6314.504083277144,6286.25,-569.0816655428753,30,EOD,IS,6460.566998426271
2016-02-15 00:45:00,2016-02-15 19:00:00,S,6360.934196813446,6400.0,-785.316063731083,73,EOD,IS,5675.250934695188
2016-02-17 04:15:00,2016-02-17 23:00:00,L,6417.462455478836,6534.25,2331.750890423278,74,EOD,IS,8007.0018251184665
2016-02-19 13:00:00,2016-02-19 23:00:00,L,6461.052190685488,6484.5,464.95618629023375,39,EOD,IS,8471.9580114087
2016-02-22 02:30:00,2016-02-22 23:00:00,S,6498.739022414116,6531.0,-649.2195517176733,81,EOD,IS,7822.738459691027
2016-02-24 02:15:00,2016-02-24 23:00:00,S,6480.797554405621,6541.25,-1213.0489118875848,82,EOD,IS,6609.689547803442
2016-02-26 03:15:00,2016-02-26 23:15:00,L,6565.8266308131215,6549.75,-325.53261626242966,79,EOD,IS,6284.156931541012
2016-02-29 01:30:00,2016-02-29 23:00:00,S,6559.671514071424,6523.25,724.430281428482,86,EOD,IS,7008.587212969494
2016-03-03 19:45:00,2016-03-03 23:00:00,S,6638.608519415095,6647.75,-186.82961169810733,12,EOD,IS,6821.757601271387
2016-03-04 15:00:00,2016-03-04 23:00:00,S,6663.806520038045,6644.0,392.1304007609033,31,EOD,IS,7213.88800203229
2016-03-10 05:30:00,2016-03-10 23:00:00,L,6621.710911398843,6611.75,-203.2182279768531,69,EOD,IS,7010.669774055437
2016-03-14 02:15:00,2016-03-15 00:00:00,S,6677.79449040856,6691.25,-273.1101918288041,82,EOD,IS,6737.559582226633
2016-03-16 04:45:00,2016-03-17 00:00:00,L,6686.423580579994,6721.25,692.528388400111,72,EOD,IS,7430.087970626744
2016-03-21 08:15:00,2016-03-22 00:00:00,S,6716.239454146984,6747.75,-634.2109170603217,58,EOD,IS,6795.877053566423
2016-03-28 00:30:00,2016-03-28 23:00:00,S,6739.97768879393,6723.75,320.553775878594,89,EOD,IS,7116.430829445017
2016-04-01 08:15:00,2016-04-01 23:00:00,L,6790.068284892726,6861.0,1414.634302145474,59,EOD,IS,8531.06513159049
2016-04-05 02:15:00,2016-04-05 23:00:00,L,6827.320315769205,6808.25,-385.4063153841016,82,EOD,IS,8145.658816206389
2016-04-11 05:00:00,2016-04-11 23:00:00,S,6798.390975484791,6779.5,373.81950969581885,71,EOD,IS,8519.478325902208
2016-04-14 20:15:00,2016-04-14 23:00:00,L,6877.247770343958,6881.0,71.04459312083782,10,EOD,IS,8590.522919023046
2016-04-15 19:45:00,2016-04-15 23:00:00,L,6861.790770784527,6871.0,180.18458430945975,13,EOD,IS,8770.707503332505
2016-04-18 07:15:00,2016-04-18 23:00:00,L,6839.139619236921,6879.75,808.2076152615773,62,EOD,IS,9578.915118594083
2016-04-26 07:45:00,2016-04-26 23:00:00,S,6805.133946008319,6744.0,1218.6789201663814,61,EOD,IS,10797.594038760464
2016-04-28 03:00:00,2016-04-28 23:00:00,S,6768.534740655359,6717.75,1011.694813107184,79,EOD,IS,11809.288851867648
2016-05-04 11:15:00,2016-05-04 23:00:00,L,6646.563036500163,6641.25,-110.26073000326869,47,EOD,IS,11699.02812186438
2016-05-05 15:15:00,2016-05-05 23:00:00,L,6653.579312950155,6630.75,-460.58625900310653,30,EOD,IS,11238.441862861273
2016-05-10 09:30:00,2016-05-10 23:00:00,S,6693.5770508005535,6728.75,-707.4589839889304,53,EOD,IS,10530.982878872343
2016-05-12 03:00:00,2016-05-12 23:00:00,S,6687.854772642535,6669.5,363.0954528506991,79,EOD,IS,10894.078331723042
2016-05-18 15:15:00,2016-05-18 23:00:00,L,6638.346773954839,6669.25,614.0645209032264,30,EOD,IS,11508.142852626268
2016-05-19 19:45:00,2016-05-19 23:00:00,S,6633.496266431688,6650.75,-349.07467136623745,12,EOD,IS,11159.06818126003
2016-05-24 08:15:00,2016-05-24 23:00:00,L,6678.451965869207,6778.0,1986.9606826158597,58,EOD,IS,13146.02886387589
2016-05-26 22:15:00,2016-05-26 23:00:00,S,6825.337071497218,6827.25,-42.25857005564103,2,EOD,IS,13103.77029382025
2016-05-27 02:15:00,2016-05-27 23:00:00,S,6828.137911642979,6845.75,-356.24176714042187,82,EOD,IS,12747.528526679827
2016-05-30 03:30:00,2016-05-30 19:00:00,L,6847.951620842461,6854.25,121.9675831507775,62,EOD,IS,12869.496109830605
2016-05-31 09:00:00,2016-05-31 23:00:00,L,6856.627951374355,6855.75,-21.55902748709559,55,EOD,IS,12847.93708234351
2016-06-07 13:00:00,2016-06-07 23:00:00,L,6873.86332662828,6845.75,-566.2665325656089,39,EOD,IS,12281.6705497779
2016-06-09 14:30:00,2016-06-09 23:00:00,L,6836.16834448853,6846.5,202.63311022939524,33,EOD,IS,12484.303660007296
2016-06-14 02:45:00,2016-06-14 23:00:00,S,6759.4578232138065,6757.5,35.156464276129554,80,EOD,IS,12519.460124283425
2016-06-16 05:15:00,2016-06-16 23:00:00,L,6734.606047321061,6755.5,413.87905357878117,70,EOD,IS,12933.339177862206
2016-06-22 17:15:00,2016-06-22 23:00:00,S,6767.907348119084,6735.0,654.1469623816884,22,EOD,IS,13587.486140243895
2016-07-01 15:45:00,2016-07-01 23:00:00,S,6752.37310858206,6775.0,-456.53782835879974,28,EOD,IS,13130.948311885095
2016-07-04 11:00:00,2016-07-04 19:00:00,L,6776.734334996336,6780.5,71.31330007328506,32,EOD,IS,13202.26161195838
2016-07-05 06:00:00,2016-07-05 23:00:00,S,6767.1572151520795,6748.0,379.1443030415903,67,EOD,IS,13581.40591499997
2016-07-08 09:45:00,2016-07-08 23:00:00,S,6802.936868100947,6857.75,-1100.2626379810536,52,EOD,IS,12481.143277018917
2016-07-12 13:00:00,2016-07-12 23:00:00,L,6912.65340220986,6910.25,-52.0680441972072,39,EOD,IS,12429.07523282171
2016-07-13 15:45:00,2016-07-13 23:00:00,L,6912.607477666625,6901.25,-231.14955333249236,28,EOD,IS,12197.925679489217
2016-07-14 03:30:00,2016-07-14 23:00:00,S,6897.734587172214,6930.0,-649.308256555727,77,EOD,IS,11548.61742293349
2016-07-18 16:45:00,2016-07-18 23:00:00,S,6950.0871530210725,6950.0,-2.256939578550373,24,EOD,IS,11546.36048335494
2016-07-20 08:45:00,2016-07-20 23:00:00,S,6953.399550663154,6997.25,-881.0089867369279,56,EOD,IS,10665.351496618012
2016-07-22 21:15:00,2016-07-22 23:00:00,L,6996.503485519369,6998.75,40.93028961262098,6,EOD,IS,10706.281786230633
2016-07-26 16:15:00,2016-07-26 23:00:00,S,7018.5,7027.5,-184.0,26,EOD,IS,10522.281786230633
2016-07-28 10:00:00,2016-07-28 23:00:00,S,7059.519962914316,7071.25,-238.60074171367523,51,EOD,IS,10283.681044516958
2016-08-01 03:00:00,2016-08-01 23:00:00,L,7069.383375110618,7088.25,373.3324977876473,79,EOD,IS,10657.013542304605
2016-08-04 02:30:00,2016-08-04 23:00:00,S,7070.990392258962,7086.75,-319.19215482076106,81,EOD,IS,10337.821387483844
2016-08-09 18:45:00,2016-08-09 23:00:00,L,7136.194786068942,7133.25,-62.895721378848975,17,EOD,IS,10274.925666104995
2016-08-10 17:45:00,2016-08-10 23:00:00,L,7112.164616651457,7121.75,187.70766697085128,20,EOD,IS,10462.633333075846
2016-08-15 08:15:00,2016-08-15 23:00:00,L,7151.974999620953,7163.25,221.5000075809403,58,EOD,IS,10684.133340656786
2016-08-17 10:15:00,2016-08-17 23:00:00,L,7134.927645146772,7147.5,247.44709706455615,51,EOD,IS,10931.580437721343
2016-08-19 10:30:00,2016-08-19 23:00:00,L,7130.522311165382,7149.25,370.5537766923553,49,EOD,IS,11302.134214413698
2016-08-23 09:45:00,2016-08-23 23:00:00,S,7158.209545549956,7159.75,-34.80908900088616,52,EOD,IS,11267.325125412812
2016-08-26 16:15:00,2016-08-26 23:00:00,S,7135.5400460901255,7124.0,226.80092180251086,27,EOD,IS,11494.126047215323
2016-08-30 17:00:00,2016-08-30 23:00:00,L,7112.883979700462,7119.0,118.32040599075845,23,EOD,IS,11612.446453206081
2016-09-01 04:45:00,2016-09-01 23:00:00,S,7120.276785437106,7116.75,66.535708742118,72,EOD,IS,11678.982161948199
2016-09-06 15:45:00,2016-09-06 23:00:00,S,7147.096758362721,7171.75,-497.0648327455856,28,EOD,IS,11181.917329202613
2016-09-08 15:30:00,2016-09-08 23:00:00,L,7155.237913620853,7138.0,-348.758272417057,29,EOD,IS,10833.159056785556
2016-09-14 16:45:00,2016-09-14 23:00:00,S,7109.428785422953,7077.75,629.5757084590659,24,EOD,IS,11462.734765244622
2016-09-15 08:15:00,2016-09-15 23:00:00,S,7079.31992770518,7157.75,-1572.6014458964019,58,EOD,IS,9890.13331934822
2016-09-19 04:30:00,2016-09-19 23:00:00,S,7173.032557698405,7141.5,626.6511539681014,73,EOD,IS,10516.784473316322
2016-09-21 07:30:00,2016-09-21 23:00:00,S,7163.62452888823,7195.0,-631.5094222353982,61,EOD,IS,9885.275051080924
2016-09-26 04:45:00,2016-09-26 23:00:00,L,7189.180402628516,7160.75,-572.6080525703255,72,EOD,IS,9312.666998510598
2016-09-29 03:30:00,2016-09-29 23:00:00,S,7220.701327366361,7187.25,665.026547327212,77,EOD,IS,9977.69354583781
2016-10-04 12:15:00,2016-10-04 23:00:00,L,7220.597300973635,7201.25,-390.9460194727071,43,EOD,IS,9586.747526365103
2016-10-06 17:30:00,2016-10-06 23:00:00,L,7191.879367846611,7215.5,468.4126430677825,21,EOD,IS,10055.160169432886
2016-10-07 15:00:00,2016-10-07 23:00:00,S,7213.979590665084,7204.75,180.59181330168576,31,EOD,IS,10235.751982734571
2016-10-11 22:15:00,2016-10-11 23:00:00,S,7166.773419127531,7170.0,-68.53161744937461,2,EOD,IS,10167.220365285197
2016-10-13 08:45:00,2016-10-13 23:00:00,S,7132.366624912493,7140.0,-156.6675017501475,56,EOD,IS,10010.55286353505
2016-10-17 01:00:00,2016-10-17 23:00:00,L,7130.456794791853,7147.25,331.864104162938,87,EOD,IS,10342.416967697987
2016-10-18 02:45:00,2016-10-18 23:00:00,S,7159.141693732536,7171.25,-246.16612534928572,80,EOD,IS,10096.250842348702
2016-10-20 05:30:00,2016-10-20 23:00:00,S,7187.145533902707,7190.5,-71.08932194585941,69,EOD,IS,10025.161520402842
2016-10-24 03:30:00,2016-10-24 23:00:00,L,7190.18448047626,7252.25,1237.3103904747913,78,EOD,IS,11262.471910877633
2016-10-26 02:45:00,2016-10-26 23:00:00,L,7215.25,7198.5,-339.0,80,EOD,IS,10923.471910877633
2016-10-31 02:45:00,2016-11-01 00:00:00,S,7150.62768375249,7147.25,63.55367504980313,80,EOD,IS,10987.025585927437
2016-11-03 07:30:00,2016-11-04 00:00:00,S,7045.823119217779,7018.75,537.4623843555819,62,EOD,IS,11524.487970283019
2016-11-04 13:00:00,2016-11-04 22:00:00,S,7019.490970771298,7006.25,260.8194154259545,36,EOD,IS,11785.307385708973
2016-11-07 07:15:00,2016-11-07 23:00:00,S,7071.7354917344555,7126.5,-1099.2901653108893,62,EOD,IS,10686.017220398084
2016-11-09 03:00:00,2016-11-09 03:30:00,L,7130.544685950907,7030.294685950907,-2009.0,2,SL,IS,8677.017220398084
2016-11-14 06:00:00,2016-11-14 23:00:00,S,7120.768332274166,7038.5,1641.3666454833183,67,EOD,IS,10318.383865881402
2016-11-16 05:30:00,2016-11-16 23:00:00,S,7126.460297731864,7129.5,-64.79404536272705,69,EOD,IS,10253.589820518675
2016-11-17 03:15:00,2016-11-17 23:00:00,S,7142.361785729675,7176.75,-691.7642854065016,78,EOD,IS,9561.825535112173
2016-11-18 02:45:00,2016-11-18 23:00:00,L,7168.968462881349,7154.0,-303.3692576269859,81,EOD,IS,9258.456277485187
2016-11-21 21:15:00,2016-11-21 23:00:00,L,7195.53402680867,7202.25,130.3194638265959,6,EOD,IS,9388.775741311783
2016-11-23 15:30:00,2016-11-23 23:00:00,L,7200.713879827769,7196.5,-88.27759655538466,29,EOD,IS,9300.498144756399
2016-11-25 02:45:00,2016-11-25 19:15:00,S,7209.103983214162,7215.25,-126.92033571675347,66,EOD,IS,9173.577809039645
2016-11-28 09:45:00,2016-11-28 23:00:00,L,7190.956158237245,7202.5,226.8768352550942,52,EOD,IS,9400.45464429474
2016-12-05 08:15:00,2016-12-05 23:00:00,S,7074.135777697224,7127.0,-1061.284446055528,58,EOD,IS,8339.170198239211
2016-12-07 19:00:00,2016-12-07 23:00:00,S,7144.708553763246,7190.5,-919.8289247350876,16,EOD,IS,7419.341273504124
2016-12-09 14:45:00,2016-12-09 23:00:00,S,7218.587500141287,7240.75,-447.2499971742618,32,EOD,IS,6972.091276329862
2016-12-15 17:30:00,2016-12-15 23:00:00,S,7305.092172381635,7284.75,402.8434476326911,21,EOD,IS,7374.934723962553
2016-12-16 17:45:00,2016-12-16 23:00:00,L,7256.233908029356,7261.25,96.32183941288167,21,EOD,IS,7471.256563375435
2016-12-22 09:15:00,2016-12-22 23:00:00,S,7290.446597983901,7280.25,199.93195967801148,54,EOD,IS,7671.188523053446
2016-12-27 05:15:00,2016-12-27 23:00:00,S,7289.809202808548,7307.0,-347.8159438290313,70,EOD,IS,7323.372579224415
2016-12-30 06:15:00,2016-12-30 23:00:00,S,7282.076779802658,7208.75,1462.5355960531633,66,EOD,IS,8785.908175277578
2017-01-04 16:15:00,2017-01-04 23:00:00,S,7273.074524981836,7280.0,-142.50950036328868,26,EOD,IS,8643.39867491429
2017-01-10 20:00:00,2017-01-10 23:00:00,L,7383.0497310446535,7379.5,-74.99462089307053,11,EOD,IS,8568.404054021219
2017-01-17 11:30:00,2017-01-17 23:00:00,L,7385.999999863693,7386.0,-3.999997273862391,45,EOD,IS,8564.404056747357
2017-01-19 04:45:00,2017-01-19 23:00:00,L,7398.57499967474,7402.0,64.50000650520087,72,EOD,IS,8628.904063252558
2017-01-27 02:45:00,2017-01-27 23:00:00,S,7491.22513473945,7511.5,-409.49730521099264,80,EOD,IS,8219.406758041565
2017-02-01 08:00:00,2017-02-01 23:00:00,S,7482.545851338774,7496.0,-273.082973224522,60,EOD,IS,7946.323784817043
2017-02-02 07:15:00,2017-02-02 23:00:00,L,7466.313034865147,7475.5,179.73930269706761,62,EOD,IS,8126.0630875141105
2017-02-07 10:30:00,2017-02-07 23:00:00,S,7509.416619658733,7521.75,-250.66760682534004,49,EOD,IS,7875.3954806887705
2017-02-09 15:45:00,2017-02-09 23:00:00,S,7545.023078273009,7558.75,-278.538434539827,29,EOD,IS,7596.8570461489435
2017-02-10 07:15:00,2017-02-10 23:00:00,S,7568.1172179388595,7573.75,-116.65564122280921,62,EOD,IS,7480.201404926134
2017-02-13 07:15:00,2017-02-13 23:00:00,L,7578.693646355696,7606.75,557.1270728860836,62,EOD,IS,8037.328477812218
2017-02-17 12:45:00,2017-02-17 23:00:00,S,7640.790573115105,7675.0,-688.1885376979008,40,EOD,IS,7349.139940114317
2017-02-21 16:15:00,2017-02-21 23:00:00,S,7690.4363656650285,7691.75,-30.27268669943078,26,EOD,IS,7318.867253414886
2017-02-22 10:00:00,2017-02-22 23:00:00,L,7695.058466287651,7699.75,89.83067424698311,51,EOD,IS,7408.6979276618695
2017-02-23 13:45:00,2017-02-23 23:00:00,S,7700.458259122674,7678.0,445.16518245347106,37,EOD,IS,7853.8631101153405
2017-02-27 02:15:00,2017-02-27 23:00:00,L,7686.656253121471,7689.75,57.87493757057382,82,EOD,IS,7911.738047685914
2017-02-28 21:45:00,2017-02-28 23:00:00,L,7671.771485417622,7682.5,210.57029164756023,4,EOD,IS,8122.308339333475
2017-03-03 02:45:00,2017-03-03 23:00:00,L,7703.266509300832,7718.75,305.6698139833643,81,EOD,IS,8427.978153316839
2017-03-06 00:45:00,2017-03-06 23:00:00,L,7702.149999923051,7698.75,-71.99999846101855,88,EOD,IS,8355.97815485582
2017-03-08 09:15:00,2017-03-08 23:00:00,S,7692.270024262912,7709.75,-353.59951474176705,54,EOD,IS,8002.378640114053
2017-03-10 01:30:00,2017-03-10 23:00:00,S,7720.8177489822965,7729.5,-177.64502035406986,85,EOD,IS,7824.733619759983
2017-03-13 00:30:00,2017-03-14 00:00:00,L,7720.396437152363,7739.75,383.07125695273135,89,EOD,IS,8207.804876712715
2017-03-20 01:30:00,2017-03-21 00:00:00,L,7742.83039018185,7759.25,324.39219636300186,86,EOD,IS,8532.197073075717
2017-03-23 01:45:00,2017-03-24 00:00:00,L,7713.858535611146,7703.25,-216.1707122229236,84,EOD,IS,8316.026360852793
2017-03-24 17:15:00,2017-03-24 22:00:00,L,7724.450863227204,7715.0,-193.01726454407253,18,EOD,IS,8123.0090963087205
2017-03-30 01:45:00,2017-03-30 23:00:00,S,7779.671649183513,7783.25,-75.56701632973636,84,EOD,IS,8047.442079978984
2017-03-31 07:45:00,2017-03-31 23:00:00,L,7769.432330672315,7777.75,162.35338655369196,60,EOD,IS,8209.795466532676
2017-04-05 02:30:00,2017-04-05 23:00:00,L,7787.841351734063,7755.5,-650.8270346812642,81,EOD,IS,7558.968431851412
2017-04-07 08:00:00,2017-04-07 23:00:00,L,7748.4674576585285,7762.75,281.6508468294305,59,EOD,IS,7840.619278680842
2017-04-11 16:15:00,2017-04-11 23:00:00,L,7732.927912628896,7746.75,272.44174742208634,26,EOD,IS,8113.061026102929
2017-04-13 07:15:00,2017-04-13 23:00:00,S,7716.659988820161,7700.0,329.1997764032167,62,EOD,IS,8442.260802506145
2017-04-18 07:15:00,2017-04-18 23:00:00,S,7742.25,7734.25,156.0,62,EOD,IS,8598.260802506145
2017-04-19 14:15:00,2017-04-19 23:00:00,S,7751.854461736711,7737.0,293.08923473421237,35,EOD,IS,8891.350037240358
2017-04-24 03:30:00,2017-04-24 23:00:00,L,7828.749255637446,7845.5,331.01488725107265,78,EOD,IS,9222.36492449143
2017-04-27 03:15:00,2017-04-27 23:00:00,S,7883.996421802733,7929.0,-904.0715639453483,78,EOD,IS,8318.293360546082
2017-05-01 15:00:00,2017-05-01 23:00:00,S,7943.073567740333,7974.5,-632.5286451933462,31,EOD,IS,7685.764715352736
2017-05-03 02:30:00,2017-05-03 23:00:00,S,7968.323119518808,7952.75,307.46239037616397,81,EOD,IS,7993.2271057289
2017-05-09 14:00:00,2017-05-09 23:00:00,S,8002.827387370536,8023.0,-407.4522525892862,36,EOD,IS,7585.774853139614
2017-05-11 16:00:00,2017-05-11 23:00:00,L,7995.944613896017,8012.75,332.10772207966875,27,EOD,IS,7917.882575219282
2017-05-15 02:45:00,2017-05-15 23:00:00,S,8035.229910905812,8047.25,-244.40178188375648,80,EOD,IS,7673.480793335526
2017-05-16 16:30:00,2017-05-16 23:00:00,L,8046.9897501560245,8066.5,386.2049968795109,25,EOD,IS,8059.685790215037
2017-05-19 15:45:00,2017-05-19 23:00:00,S,7998.561621356807,7997.75,12.232427136146725,29,EOD,IS,8071.918217351184
2017-05-22 18:15:00,2017-05-22 23:00:00,S,8035.177815921229,8045.5,-210.44368157541976,18,EOD,IS,7861.474535775764
2017-05-24 12:30:00,2017-05-24 23:00:00,S,8060.706829156103,8076.0,-309.8634168779463,42,EOD,IS,7551.6111188978175
2017-05-25 01:15:00,2017-05-25 23:00:00,S,8078.19755022387,8125.75,-955.0489955225967,86,EOD,IS,6596.562123375221
2017-05-29 01:00:00,2017-05-29 19:00:00,S,8144.890529992532,8138.5,123.81059985063621,72,EOD,IS,6720.372723225857
2017-05-30 03:45:00,2017-05-30 23:15:00,L,8129.327303558609,8136.0,129.45392882782107,77,EOD,IS,6849.826652053678
2017-06-02 08:15:00,2017-06-02 23:00:00,L,8181.32499911427,8227.25,914.5000177145957,58,EOD,IS,7764.326669768274
2017-06-06 08:30:00,2017-06-06 23:00:00,L,8213.75,8205.0,-179.0,58,EOD,IS,7585.326669768274
2017-06-08 05:45:00,2017-06-08 23:00:00,S,8227.660470659275,8234.25,-135.79058681449533,68,EOD,IS,7449.5360829537785
2017-06-13 21:30:00,2017-06-13 23:00:00,S,8093.193399141494,8097.25,-85.1320171701118,5,EOD,IS,7364.404065783667
2017-06-14 13:15:00,2017-06-14 23:00:00,S,8108.355992634938,8064.75,868.119852698761,38,EOD,IS,8232.523918482428
2017-06-19 14:00:00,2017-06-19 23:00:00,S,8061.851518597627,8105.0,-866.9696280474673,35,EOD,IS,7365.55429043496
2017-06-21 02:30:00,2017-06-21 23:00:00,L,8062.971514901353,8130.25,1341.569701972945,81,EOD,IS,8707.123992407905
2017-06-23 16:45:00,2017-06-23 23:00:00,S,8127.166348880232,8140.5,-270.67302239535275,24,EOD,IS,8436.450970012553
2017-07-03 16:30:00,2017-07-03 19:15:00,L,7993.053992181069,7923.5,-1395.0798436213736,11,EOD,IS,7041.371126391179
2017-07-05 16:45:00,2017-07-05 23:00:00,S,7952.8126951423665,7986.0,-667.7460971526707,24,EOD,IS,6373.625029238508
2017-07-11 16:45:00,2017-07-11 23:00:00,S,8051.511945780859,8054.5,-63.761084382826084,24,EOD,IS,6309.863944855682
2017-07-12 02:15:00,2017-07-12 23:00:00,L,8052.765541072198,8121.5,1370.6891785560365,82,EOD,IS,7680.553123411719
2017-07-14 15:15:00,2017-07-14 23:00:00,S,8160.950894837077,8182.0,-424.98210325846594,31,EOD,IS,7255.571020153253
2017-07-18 17:00:00,2017-07-18 23:00:00,S,8188.8859065578245,8231.5,-856.2818688435109,23,EOD,IS,6399.289151309742
2017-07-20 14:30:00,2017-07-20 23:00:00,S,8264.722947147338,8265.75,-24.54105705323309,33,EOD,IS,6374.748094256509
2017-07-24 21:00:00,2017-07-24 23:00:00,S,8273.001859474616,8260.25,251.0371894923228,7,EOD,IS,6625.785283748832
2017-07-26 15:00:00,2017-07-26 23:00:00,S,8286.188980879273,8288.0,-40.22038241453993,31,EOD,IS,6585.564901334292
2017-07-31 12:15:00,2017-07-31 23:00:00,L,8251.508529060566,8219.25,-649.1705812113141,42,EOD,IS,5936.394320122978
2017-08-02 02:30:00,2017-08-02 23:00:00,S,8270.862500313422,8250.0,413.2500062684412,82,EOD,IS,6349.644326391419
2017-08-04 22:00:00,2017-08-04 23:00:00,S,8232.919882380227,8232.0,14.397647604542726,3,EOD,IS,6364.041973995962
2017-08-07 03:15:00,2017-08-07 23:00:00,S,8246.53891173391,8272.0,-513.2217653218177,78,EOD,IS,5850.820208674144
2017-08-10 20:45:00,2017-08-10 23:00:00,S,8172.530977118317,8106.5,1316.6195423663485,8,EOD,IS,7167.439751040492
2017-08-14 02:30:00,2017-08-14 23:00:00,S,8206.020859412773,8248.5,-853.582811744549,81,EOD,IS,6313.856939295943
2017-08-15 02:00:00,2017-08-15 23:00:00,S,8252.262500343271,8248.75,66.25000686542626,83,EOD,IS,6380.10694616137
2017-08-16 19:15:00,2017-08-16 23:00:00,L,8254.534148963226,8254.75,0.3170207354705781,14,EOD,IS,6380.42396689684
2017-08-17 14:30:00,2017-08-17 22:45:00,L,8228.414626005882,8128.164626005882,-2009.0,32,SL,IS,4371.42396689684
2017-08-21 21:15:00,2017-08-21 23:00:00,L,8105.944134744723,8130.75,492.1173051055448,6,EOD,IS,4863.541272002385
2017-08-24 03:00:00,2017-08-24 23:00:00,S,8175.690617661916,8181.0,-110.18764676168212,79,EOD,IS,4753.353625240703
2017-08-28 02:15:00,2017-08-28 23:00:00,S,8163.525000166835,8180.75,-348.4999966633077,82,EOD,IS,4404.853628577395
2017-08-29 03:45:00,2017-08-29 23:00:00,L,8137.462756630927,8204.25,1331.7448673814542,77,EOD,IS,5736.5984959588495
2017-08-31 05:00:00,2017-08-31 23:00:00,L,8278.95246773111,8330.0,1016.9506453778158,71,EOD,IS,6753.549141336665
2017-09-01 03:15:00,2017-09-01 23:00:00,L,8329.564216692765,8321.0,-175.28433385529206,78,EOD,IS,6578.264807481373
2017-09-04 03:00:00,2017-09-04 19:00:00,L,8291.613315729415,8313.75,438.73368541169475,64,EOD,IS,7016.998492893068
2017-09-05 09:45:00,2017-09-05 23:00:00,S,8316.482828745251,8276.25,800.6565749050205,52,EOD,IS,7817.655067798089
2017-09-07 15:15:00,2017-09-07 23:00:00,S,8299.519211791832,8304.75,-108.61576416335447,30,EOD,IS,7709.039303634734
2017-09-12 02:45:00,2017-09-12 23:00:00,S,8325.971299127053,8335.75,-199.57401745893003,80,EOD,IS,7509.465286175804
2017-09-14 15:45:00,2017-09-14 23:00:00,L,8299.934365785988,8298.25,-37.68731571976241,28,EOD,IS,7471.777970456042
2017-09-20 20:15:00,2017-09-20 23:00:00,L,8292.087932611856,8303.75,229.24134776288702,11,EOD,IS,7701.019318218929
2017-09-22 07:15:00,2017-09-22 23:00:00,S,8250.680771826303,8264.0,-270.3845634739482,62,EOD,IS,7430.6347547449805
2017-09-25 02:30:00,2017-09-25 23:00:00,S,8281.17446330533,8206.5,1489.4892661065896,81,EOD,IS,8920.12402085157
2017-09-27 12:00:00,2017-09-27 23:00:00,L,8227.867563197047,8264.75,733.6487360590545,43,EOD,IS,9653.772756910625
2017-10-02 04:30:00,2017-10-02 23:00:00,L,8316.55223248472,8313.0,-75.04464969441324,73,EOD,IS,9578.728107216211
2017-10-04 19:45:00,2017-10-04 23:00:00,L,8321.261224244956,8332.25,215.77551510088233,13,EOD,IS,9794.503622317094
2017-10-09 02:45:00,2017-10-09 23:00:00,S,8399.020776219832,8389.75,181.41552439663064,80,EOD,IS,9975.919146713724
2017-10-10 16:00:00,2017-10-10 23:00:00,L,8398.810783653214,8392.25,-135.21567306428915,28,EOD,IS,9840.703473649435
2017-10-12 20:45:00,2017-10-12 23:00:00,L,8411.46641315231,8401.25,-208.32826304619084,8,EOD,IS,9632.375210603244
2017-10-13 15:00:00,2017-10-13 23:00:00,S,8421.537392499878,8427.25,-118.25215000243043,31,EOD,IS,9514.123060600814
2017-10-17 02:15:00,2017-10-17 23:00:00,S,8450.62098353944,8449.25,23.41967078880407,82,EOD,IS,9537.542731389618
2017-10-18 04:30:00,2017-10-18 23:00:00,L,8453.987498573586,8446.5,-153.74997147171962,73,EOD,IS,9383.792759917898
2017-10-23 18:45:00,2017-10-23 23:00:00,S,8429.713274974649,8393.5,720.2654994929762,17,EOD,IS,10104.058259410875
2017-10-25 17:15:00,2017-10-25 23:00:00,L,8381.256554681591,8393.75,245.86890636817407,22,EOD,IS,10349.927165779049
2017-10-27 09:15:00,2017-10-27 23:00:00,L,8422.929138673291,8541.75,2372.4172265341767,55,EOD,IS,12722.344392313225
2017-10-30 01:30:00,2017-10-31 00:00:00,S,8547.03799592854,8548.75,-38.240081429197744,85,EOD,IS,12684.104310884028
2017-11-01 02:30:00,2017-11-02 00:00:00,S,8595.107155702359,8558.75,723.1431140471759,81,EOD,IS,13407.247424931204
2017-11-06 02:30:00,2017-11-06 23:00:00,L,8616.269526576107,8640.25,475.60946847786545,81,EOD,IS,13882.856893409069
2017-11-07 03:00:00,2017-11-07 23:00:00,S,8648.026429642814,8642.5,106.52859285628074,79,EOD,IS,13989.38548626535
2017-11-08 19:15:00,2017-11-08 23:00:00,S,8662.620330133514,8668.25,-116.59339732972876,14,EOD,IS,13872.792088935621
2017-11-13 06:15:00,2017-11-13 23:00:00,S,8649.192201088617,8640.0,179.84402177234733,66,EOD,IS,14052.636110707968
2017-11-20 03:00:00,2017-11-20 23:00:00,L,8634.605719287556,8644.75,198.8856142488803,79,EOD,IS,14251.521724956849
2017-11-21 11:45:00,2017-11-21 23:00:00,S,8660.301442367032,8707.0,-937.9711526593601,44,EOD,IS,13313.550572297489
2017-11-23 14:45:00,2017-11-23 19:00:00,L,8718.195547464098,8712.5,-117.91094928196253,17,EOD,IS,13195.639623015526
2017-11-28 15:30:00,2017-11-28 23:00:00,S,8751.636139216811,8750.5,18.722784336219775,30,EOD,IS,13214.362407351746
2017-12-01 21:45:00,2017-12-01 23:00:00,S,8663.459801957966,8672.5,-184.80396084067615,4,EOD,IS,13029.55844651107
2017-12-07 02:00:00,2017-12-07 23:00:00,S,8645.718475076514,8652.25,-134.63049846972717,83,EOD,IS,12894.927948041342
2017-12-08 13:00:00,2017-12-08 23:00:00,L,8675.74869773644,8670.75,-103.9739547288118,39,EOD,IS,12790.95399331253
2017-12-13 07:30:00,2017-12-13 23:00:00,S,8712.444086159145,8726.75,-290.11827681710565,61,EOD,IS,12500.835716495425
2017-12-15 03:30:00,2017-12-15 23:00:00,L,8711.171920824392,8808.5,1942.561583512157,77,EOD,IS,14443.397300007582
2017-12-19 09:45:00,2017-12-19 23:00:00,S,8852.965663974037,8812.5,805.3132794807389,52,EOD,IS,15248.710579488321
2017-12-22 16:15:00,2017-12-22 23:00:00,L,8783.648326426872,8791.75,158.0334714625642,26,EOD,IS,15406.744050950885
2017-12-26 13:15:00,2017-12-26 23:00:00,L,8772.14407470152,8769.25,-61.88149403040734,38,EOD,IS,15344.862556920478
2017-12-28 15:15:00,2017-12-28 23:00:00,L,8775.550327598203,8753.25,-450.0065519640557,31,EOD,IS,14894.856004956422
2018-01-04 04:30:00,2018-01-04 23:00:00,S,8899.122761953955,8915.75,-336.54476092090044,73,EOD,IS,14558.311244035522
2018-01-05 15:15:00,2018-01-05 23:00:00,L,8931.124714737929,8974.25,858.5057052414195,31,EOD,IS,15416.816949276941
2018-01-09 02:15:00,2018-01-09 23:00:00,S,9001.267809463061,8989.75,226.3561892612197,82,EOD,IS,15643.17313853816
2018-01-16 09:45:00,2018-01-16 23:00:00,S,9109.053278210837,9070.0,777.065564216733,52,EOD,IS,16420.238702754894
2018-01-18 03:00:00,2018-01-18 23:00:00,L,9130.26399365457,9124.5,-119.27987309138553,79,EOD,IS,16300.958829663508
2018-01-19 10:30:00,2018-01-19 23:00:00,S,9147.683501570082,9159.0,-230.32996859836567,50,EOD,IS,16070.628861065143
2018-01-24 12:00:00,2018-01-24 23:00:00,S,9288.491778134268,9244.75,870.8355626853663,43,EOD,IS,16941.46442375051
2018-01-30 05:00:00,2018-01-30 23:00:00,L,9279.271641715331,9248.25,-624.43283430663,71,EOD,IS,16317.031589443879
2018-02-01 19:15:00,2018-02-01 23:00:00,S,9284.531643494336,9244.75,791.6328698867219,14,EOD,IS,17108.6644593306
2018-02-07 17:00:00,2018-02-07 23:00:00,S,8995.775557500658,8854.25,2826.5111500131534,23,EOD,IS,19935.175609343754
2018-02-08 04:00:00,2018-02-08 23:00:00,S,8866.57843238726,8645.25,4422.568647745189,75,EOD,IS,24357.744257088943
2018-02-12 10:15:00,2018-02-12 23:00:00,S,8788.489877192671,8835.0,-934.2024561465805,50,EOD,IS,23423.541800942363
2018-02-14 08:30:00,2018-02-14 21:15:00,S,8883.814328168766,8984.064328168766,-2009.0,51,SL,IS,21414.541800942363
2018-02-16 02:15:00,2018-02-16 23:00:00,S,9138.354612960857,9090.5,953.0922592171337,83,EOD,IS,22367.634060159497
2018-02-20 10:30:00,2018-02-20 23:00:00,L,9061.762483079934,9100.5,770.750338401318,49,EOD,IS,23138.384398560815
2018-02-23 15:45:00,2018-02-23 23:00:00,L,9122.161499747932,9211.0,1772.7700050413623,28,EOD,IS,24911.154403602177
2018-02-26 02:00:00,2018-02-26 23:00:00,L,9202.442898995803,9312.0,2187.1420200839348,83,EOD,IS,27098.29642368611
2018-02-27 03:00:00,2018-02-27 23:00:00,S,9316.686235259609,9222.75,1874.7247051921804,79,EOD,IS,28973.021128878292
2018-02-28 04:45:00,2018-02-28 23:00:00,L,9207.380075578356,9188.0,-391.601511567118,72,EOD,IS,28581.419617311174
2018-03-05 13:45:00,2018-03-05 23:00:00,L,9103.93064716055,9190.0,1717.3870567889899,37,EOD,IS,30298.806674100164
2018-03-06 11:45:00,2018-03-06 23:00:00,S,9215.417182626117,9219.0,-75.6563474776558,44,EOD,IS,30223.150326622508
2018-03-07 02:45:00,2018-03-07 23:00:00,S,9149.881963571053,9232.5,-1656.360728578933,80,EOD,IS,28566.789598043575
2018-03-09 02:15:00,2018-03-09 20:15:00,S,9291.92640346811,9392.17640346811,-2009.0,72,SL,IS,26557.789598043575
2018-03-12 06:00:00,2018-03-13 00:00:00,L,9440.180924238442,9444.25,77.38151523115084,67,EOD,IS,26635.171113274726
2018-03-15 02:15:00,2018-03-16 00:00:00,L,9313.489879167935,9360.25,931.2024166412957,82,EOD,IS,27566.37352991602
2018-03-19 06:15:00,2018-03-19 16:15:00,L,9283.687991462484,9183.437991462484,-2009.0,40,SL,IS,25557.37352991602
2018-03-19 20:30:00,2018-03-20 00:00:00,S,9151.5296741589,9182.75,-628.4065168219822,10,EOD,IS,24928.96701309404
2018-03-21 19:15:00,2018-03-22 00:00:00,S,9215.021653989934,9171.75,861.4330797986768,15,EOD,IS,25790.400092892716
2018-03-29 22:15:00,2018-03-29 23:00:00,L,8851.465375350861,8853.75,41.692492982780095,2,EOD,IS,25832.092585875496
2018-04-04 13:45:00,2018-04-04 17:45:00,S,8644.188352659527,8744.438352659527,-2009.0,16,SL,IS,23823.092585875496
2018-04-10 10:00:00,2018-04-10 23:00:00,L,8868.315987879047,8907.75,784.6802424190682,52,EOD,IS,24607.772828294565
2018-04-12 18:30:00,2018-04-12 23:00:00,L,8945.178781721741,8956.75,227.42436556518078,18,EOD,IS,24835.197193859745
2018-04-13 14:45:00,2018-04-13 23:00:00,S,8983.325725414865,8926.0,1142.5145082972958,32,EOD,IS,25977.71170215704
2018-04-17 07:15:00,2018-04-17 21:00:00,S,9019.776888712393,9120.026888712393,-2009.0,55,SL,IS,23968.71170215704
2018-04-26 03:00:00,2018-04-26 22:15:00,S,8895.101983423081,8995.351983423081,-2009.0,77,SL,IS,21959.71170215704
2018-05-01 13:00:00,2018-05-01 22:45:00,S,8895.275006907465,8995.525006907465,-2009.0,38,SL,IS,19950.71170215704
2018-05-03 03:45:00,2018-05-03 23:00:00,L,8909.66870185051,8949.25,787.6259629897831,77,EOD,IS,20738.337665146824
2018-05-09 10:45:00,2018-05-09 23:00:00,S,9126.934263936613,9180.75,-1080.3147212677359,48,EOD,IS,19658.02294387909
2018-05-11 14:45:00,2018-05-11 23:00:00,L,9248.605642973818,9240.25,-171.11285947636497,32,EOD,IS,19486.910084402723
2018-05-14 05:30:00,2018-05-14 23:00:00,L,9269.288856303052,9252.5,-339.77712606103887,69,EOD,IS,19147.132958341685
2018-05-17 17:00:00,2018-05-17 23:00:00,S,9238.347175196526,9188.0,1002.9435039305245,23,EOD,IS,20150.07646227221
2018-05-21 07:15:00,2018-05-21 23:00:00,L,9212.0,9197.25,-299.0,62,EOD,IS,19851.07646227221
2018-05-23 04:00:00,2018-05-23 23:00:00,L,9167.771849588833,9240.25,1445.5630082233401,75,EOD,IS,21296.63947049555
2018-05-25 06:15:00,2018-05-25 23:00:00,L,9268.207427094316,9248.5,-398.1485418863158,66,EOD,IS,20898.490928609233
2018-05-28 09:45:00,2018-05-28 19:00:00,L,9276.490353903833,9275.75,-18.807078076664766,37,EOD,IS,20879.68385053257
2018-05-29 08:30:00,2018-05-29 23:00:00,L,9248.013813140216,9231.25,-339.2762628043274,57,EOD,IS,20540.40758772824
2018-05-31 08:00:00,2018-05-31 23:00:00,S,9277.742181894759,9266.75,215.84363789517374,60,EOD,IS,20756.251225623415
2018-06-01 20:15:00,2018-06-01 23:00:00,L,9357.04527470656,9369.0,235.09450586881576,10,EOD,IS,20991.34573149223
2018-06-05 03:15:00,2018-06-05 23:00:00,L,9424.005578520395,9466.5,845.8884295921016,78,EOD,IS,21837.234161084332
2018-06-06 03:00:00,2018-06-06 23:00:00,S,9470.179968317854,9501.0,-620.4006336429156,79,EOD,IS,21216.833527441417
2018-06-11 17:45:00,2018-06-11 23:00:00,S,9460.78610125597,9450.25,206.72202511939395,20,EOD,IS,21423.55555256081
2018-06-12 17:45:00,2018-06-12 23:00:00,S,9482.327543983261,9501.5,-387.4491203347716,20,EOD,IS,21036.10643222604
2018-06-13 02:30:00,2018-06-13 23:00:00,S,9512.820050802386,9492.5,402.4010160477119,81,EOD,IS,21438.50744827375
2018-06-18 08:00:00,2018-06-18 23:00:00,S,9499.572069484717,9533.25,-677.558610305663,59,EOD,IS,20760.948837968088
2018-06-21 04:30:00,2018-06-21 23:00:00,S,9615.672107205293,9488.0,2549.4421441058657,73,EOD,IS,23310.390982073954
2018-06-25 06:00:00,2018-06-25 23:00:00,S,9453.301932484657,9329.25,2477.038649693146,67,EOD,IS,25787.4296317671
2018-06-27 14:00:00,2018-06-27 23:00:00,S,9325.805011052973,9259.0,1332.1002210594597,35,EOD,IS,27119.52985282656
2018-06-29 07:30:00,2018-06-29 23:00:00,L,9345.148749709533,9327.0,-366.974994190663,61,EOD,IS,26752.554858635896
2018-07-02 05:45:00,2018-07-02 23:00:00,L,9324.601489062528,9375.0,1003.9702187494331,68,EOD,IS,27756.52507738533
2018-07-05 09:45:00,2018-07-05 23:00:00,S,9313.269214700727,9385.5,-1448.6157059854522,53,EOD,IS,26307.909371399877
2018-07-10 02:45:00,2018-07-10 23:00:00,S,9587.26390779497,9532.75,1086.2781558993956,80,EOD,IS,27394.187527299273
2018-07-16 21:00:00,2018-07-16 23:00:00,L,9628.367432149265,9580.75,-956.3486429853074,7,EOD,IS,26437.838884313966
2018-07-19 14:45:00,2018-07-19 23:00:00,S,9641.69176975857,9626.0,309.8353951714089,32,EOD,IS,26747.674279485374
2018-07-27 15:00:00,2018-07-27 23:00:00,S,9716.090261548123,9559.5,3127.8052309624545,31,EOD,IS,29875.47951044783
2018-08-01 17:45:00,2018-08-01 23:00:00,L,9523.220305667879,9545.25,436.5938866424185,21,EOD,IS,30312.073397090247
2018-08-02 09:30:00,2018-08-02 23:00:00,L,9504.984408439906,9652.0,2936.3118312018705,53,EOD,IS,33248.385228292114
2018-08-06 03:15:00,2018-08-06 23:00:00,S,9671.079376830166,9702.25,-627.4124633966712,78,EOD,IS,32620.972764895443
2018-08-08 20:30:00,2018-08-08 23:00:00,S,9744.29175770413,9722.5,431.835154082597,9,EOD,IS,33052.80791897804
2018-08-10 07:15:00,2018-08-10 23:00:00,L,9716.225531170892,9691.5,-498.51062341784564,63,EOD,IS,32554.297295560194
2018-08-15 15:45:00,2018-08-15 23:00:00,S,9671.651031696312,9639.75,634.020633926244,28,EOD,IS,33188.31792948644
2018-08-17 15:45:00,2018-08-17 23:00:00,L,9614.48358945239,9649.75,701.3282109522115,28,EOD,IS,33889.64614043865
2018-08-21 16:30:00,2018-08-21 23:00:00,S,9687.843064819943,9636.75,1017.8612963988562,26,EOD,IS,34907.507436837506
2018-08-24 16:30:00,2018-08-24 23:00:00,S,9721.713629809157,9756.25,-694.7274038168543,25,EOD,IS,34212.78003302065
2018-08-28 02:15:00,2018-08-28 23:00:00,S,9843.449214922319,9840.5,54.98429844637576,82,EOD,IS,34267.76433146703
2018-08-29 07:15:00,2018-08-29 23:00:00,L,9854.352120329575,9931.75,1543.9575934085005,62,EOD,IS,35811.72192487553
2018-09-03 18:00:00,2018-09-03 19:00:00,S,9944.648875896577,9941.0,68.9775179315402,4,EOD,IS,35880.69944280707
2018-09-04 03:45:00,2018-09-04 23:00:00,L,9919.28684971688,9901.25,-364.7369943376034,76,EOD,IS,35515.962448469465
2018-09-07 16:00:00,2018-09-07 23:00:00,S,9727.55991564696,9693.75,672.1983129391956,28,EOD,IS,36188.16076140866
2018-09-11 05:45:00,2018-09-11 23:00:00,S,9744.155770344083,9774.25,-605.8845931183387,68,EOD,IS,35582.27616829032
2018-09-13 20:30:00,2018-09-13 23:00:00,L,9813.191577169262,9825.0,232.16845661475963,9,EOD,IS,35814.44462490508
2018-09-14 08:45:00,2018-09-14 23:00:00,S,9849.411157865705,9805.75,869.2231573140962,56,EOD,IS,36683.66778221918
2018-09-17 16:15:00,2018-09-17 23:00:00,L,9757.155777057855,9696.0,-1227.1155411570944,26,EOD,IS,35456.55224106208
2018-09-20 13:45:00,2018-09-20 23:00:00,S,9781.294702628567,9845.0,-1278.1059474286521,36,EOD,IS,34178.44629363343
2018-09-24 03:15:00,2018-09-24 23:00:00,L,9745.443236101604,9822.25,1532.1352779679146,78,EOD,IS,35710.581571601346
2018-09-26 02:15:00,2018-09-26 23:00:00,S,9839.18740708916,9822.0,339.74814178321685,82,EOD,IS,36050.32971338456
2018-10-01 07:30:00,2018-10-01 23:00:00,L,9936.865359533169,9906.0,-621.3071906633777,61,EOD,IS,35429.022522721185
2018-10-04 13:00:00,2018-10-04 23:00:00,S,9855.289880951283,9755.25,1996.7976190256522,39,EOD,IS,37425.82014174684
2018-10-08 20:45:00,2018-10-08 23:00:00,S,9603.23970636222,9623.75,-414.2058727556141,8,EOD,IS,37011.61426899122
2018-10-09 21:00:00,2018-10-09 23:00:00,S,9643.057640834651,9626.5,327.1528166930293,8,EOD,IS,37338.76708568425
2018-10-10 19:45:00,2018-10-10 23:00:00,S,9489.392621950867,9235.0,5083.852439017333,12,EOD,IS,42422.619524701586
2018-10-12 11:00:00,2018-10-12 23:00:00,L,9346.55456003204,9416.0,1384.9087993591966,48,EOD,IS,43807.52832406078
2018-10-22 03:30:00,2018-10-22 17:00:00,S,9317.4967710999,9417.7467710999,-2009.0,54,SL,IS,41798.52832406078
2018-10-26 08:15:00,2018-10-26 19:00:00,S,9089.32913532271,9189.57913532271,-2009.0,43,SL,IS,39789.52832406078
2018-10-26 21:00:00,2018-10-26 23:00:00,L,9067.949429100752,9099.75,632.0114179849552,7,EOD,IS,40421.53974204574
2018-10-29 11:00:00,2018-10-30 00:00:00,S,9180.235225227842,8943.0,4740.70450455683,47,EOD,IS,45162.24424660257
2018-10-31 08:45:00,2018-10-31 15:00:00,S,9108.089630596909,9208.339630596909,-2009.0,25,SL,IS,43153.24424660257
2018-10-31 20:45:00,2018-11-01 00:00:00,L,9231.823387018585,9204.5,-550.4677403716996,8,EOD,IS,42602.77650623087
2018-11-02 10:00:00,2018-11-02 15:30:00,L,9330.946481713443,9230.696481713443,-2009.0,22,SL,IS,40593.77650623087
2018-11-07 03:00:00,2018-11-07 16:45:00,S,9284.562284544376,9384.812284544376,-2009.0,55,SL,IS,38584.77650623087
2018-11-09 09:00:00,2018-11-09 18:00:00,L,9356.949502252115,9256.699502252115,-2009.0,36,SL,IS,36575.77650623087
2018-11-09 21:00:00,2018-11-09 23:00:00,S,9276.228922430619,9260.75,305.5784486123739,7,EOD,IS,36881.35495484324
2018-11-14 12:00:00,2018-11-14 23:00:00,S,9069.352548197978,9014.0,1103.0509639595548,43,EOD,IS,37984.4059188028
2018-11-19 12:45:00,2018-11-19 16:15:00,L,9105.223970003424,9004.973970003424,-2009.0,14,SL,IS,35975.4059188028
2018-11-23 15:45:00,2018-11-23 19:15:00,S,8800.430636876223,8762.25,759.6127375244541,14,EOD,IS,36735.01865632725
2018-11-28 03:00:00,2018-11-28 23:00:00,L,8948.727105295076,9147.25,3966.457894098472,79,EOD,IS,40701.47655042572
2018-11-30 22:00:00,2018-11-30 23:00:00,S,9183.256359795538,9198.0,-298.8728040892456,3,EOD,IS,40402.60374633648
2018-12-03 03:45:00,2018-12-03 23:00:00,S,9322.910837276318,9286.5,724.2167455263698,76,EOD,IS,41126.82049186285
2018-12-06 07:15:00,2018-12-06 20:15:00,S,8931.933515917177,9032.183515917177,-2009.0,52,SL,IS,39117.82049186285
2018-12-11 16:15:00,2018-12-11 20:15:00,L,8986.301063593592,8886.051063593592,-2009.0,16,SL,IS,37108.82049186285
2018-12-11 21:15:00,2018-12-11 23:00:00,S,8988.018390092191,8913.5,1486.3678018438222,6,EOD,IS,38595.18829370667
2018-12-12 20:15:00,2018-12-12 23:00:00,L,9073.151760755207,8996.5,-1537.035215104137,11,EOD,IS,37058.15307860253
2018-12-14 02:30:00,2018-12-14 20:45:00,L,8941.483775943203,8841.233775943203,-2009.0,73,SL,IS,35049.15307860253
2018-12-26 03:00:00,2018-12-26 23:00:00,L,8073.127340233672,8483.0,8193.453195326561,80,EOD,IS,43242.606273929094
2018-12-28 07:15:00,2018-12-28 23:00:00,L,8515.769565305496,8502.5,-269.3913061099229,62,EOD,IS,42973.21496781917
2019-01-02 03:00:00,2019-01-02 05:15:00,L,8575.908571175567,8475.658571175567,-2009.0,9,SL,IS,40964.21496781917
2019-01-02 13:15:00,2019-01-02 16:30:00,S,8413.19919526527,8513.44919526527,-2009.0,13,SL,IS,38955.21496781917
2019-01-04 03:45:00,2019-01-04 12:15:00,S,8387.667072054694,8487.917072054694,-2009.0,34,SL,IS,36946.21496781917
2019-01-08 16:15:00,2019-01-08 23:00:00,L,8731.337030537861,8758.0,529.2593892427758,26,EOD,IS,37475.47435706195
2019-01-09 02:45:00,2019-01-09 23:00:00,S,8798.099931803104,8810.25,-247.00136393791036,80,EOD,IS,37228.472993124036
2019-01-10 13:45:00,2019-01-10 23:00:00,L,8762.014417975639,8834.0,1435.7116404872213,36,EOD,IS,38664.18463361126
2019-01-14 06:15:00,2019-01-14 23:00:00,S,8759.635124658864,8752.75,133.70249317727576,66,EOD,IS,38797.88712678853
2019-01-17 02:45:00,2019-01-17 23:00:00,L,8858.292736516001,8937.0,1570.1452696799752,80,EOD,IS,40368.03239646851
2019-01-22 05:00:00,2019-01-22 20:45:00,L,8938.738411660506,8838.488411660506,-2009.0,63,SL,IS,38359.03239646851
2019-01-25 07:30:00,2019-01-25 23:00:00,L,8934.53608122071,9001.5,1335.2783755858181,61,EOD,IS,39694.31077205433
2019-01-30 16:00:00,2019-01-30 21:00:00,S,8931.415619488373,9031.665619488373,-2009.0,20,SL,IS,37685.31077205433
2019-02-04 01:15:00,2019-02-04 23:00:00,S,9093.457799364971,9152.0,-1174.8440127005815,86,EOD,IS,36510.466759353745
2019-02-06 16:00:00,2019-02-06 23:00:00,S,9237.873542181953,9195.5,843.4708436390574,27,EOD,IS,37353.9376029928
2019-02-07 08:30:00,2019-02-07 17:45:00,L,9178.5,9078.25,-2009.0,37,SL,IS,35344.9376029928
2019-02-07 21:45:00,2019-02-07 23:00:00,S,9105.489790090729,9111.25,-119.20419818541995,4,EOD,IS,35225.73340480738
2019-02-11 04:00:00,2019-02-11 23:00:00,S,9119.868489007198,9117.0,53.369780143963,75,EOD,IS,35279.103184951346
2019-02-12 15:00:00,2019-02-12 23:00:00,L,9171.01442617225,9226.75,1110.711476554985,32,EOD,IS,36389.81466150633
2019-02-14 01:30:00,2019-02-14 23:00:00,L,9216.02371117775,9223.5,145.52577644500707,85,EOD,IS,36535.34043795134
2019-02-19 06:15:00,2019-02-19 23:00:00,L,9280.056010287351,9274.75,-110.1202057470291,67,EOD,IS,36425.22023220431
2019-02-25 02:45:00,2019-02-25 23:00:00,S,9327.854722283699,9327.75,-1.9055543260255945,80,EOD,IS,36423.31467787828
2019-02-26 02:45:00,2019-02-26 23:00:00,L,9303.224461210459,9317.5,281.5107757908263,80,EOD,IS,36704.82545366911
2019-03-01 04:15:00,2019-03-01 23:15:00,S,9347.141566494216,9366.0,-381.16867011567956,75,EOD,IS,36323.65678355343
2019-03-11 01:30:00,2019-03-12 00:00:00,L,9215.534061242692,9401.75,3720.3187751461664,86,EOD,IS,40043.975558699596
2019-03-13 20:00:00,2019-03-14 00:00:00,L,9474.708841765942,9486.0,221.82316468116915,11,EOD,IS,40265.798723380765
2019-03-15 20:30:00,2019-03-15 22:00:00,L,9520.820647435978,9524.75,74.58705128044676,5,EOD,IS,40340.38577466121
2019-03-18 02:15:00,2019-03-19 00:00:00,L,9510.616373315122,9541.5,613.6725336975505,82,EOD,IS,40954.05830835876
2019-03-25 01:15:00,2019-03-26 00:00:00,L,9537.404167447708,9532.0,-112.0833489541692,87,EOD,IS,40841.97495940459
2019-03-29 06:15:00,2019-03-29 22:00:00,L,9549.174919662519,9591.5,842.5016067496254,63,EOD,IS,41684.47656615422
2019-04-01 08:15:00,2019-04-01 23:00:00,L,9650.29573976803,9676.25,515.0852046394139,58,EOD,IS,42199.56177079363
2019-04-03 12:00:00,2019-04-03 23:00:00,L,9743.464931694129,9760.0,326.7013661174278,43,EOD,IS,42526.26313691106
2019-04-05 20:30:00,2019-04-05 23:00:00,L,9774.302523460414,9791.5,339.9495307917241,9,EOD,IS,42866.212667702785
2019-04-08 02:00:00,2019-04-08 23:00:00,S,9794.537153873767,9806.0,-233.25692252465524,83,EOD,IS,42632.95574517813
2019-04-10 07:15:00,2019-04-10 23:00:00,S,9778.102846302903,9823.5,-911.9430739419331,62,EOD,IS,41721.012671236196
2019-04-12 14:30:00,2019-04-12 23:00:00,S,9841.009190537936,9833.25,151.1838107587173,33,EOD,IS,41872.19648199491
2019-04-15 19:45:00,2019-04-15 23:00:00,S,9815.092612215374,9830.5,-312.1477556925165,12,EOD,IS,41560.0487263024
2019-04-17 04:15:00,2019-04-17 23:00:00,S,9879.337277874434,9866.5,252.74555748868443,74,EOD,IS,41812.79428379108
2019-04-22 03:30:00,2019-04-22 23:00:00,L,9892.75853429865,9918.25,505.8293140270107,77,EOD,IS,42318.62359781809
2019-04-25 08:30:00,2019-04-25 23:00:00,L,10045.733008798343,9975.0,-1418.6601759668556,57,EOD,IS,40899.96342185124
2019-04-30 02:15:00,2019-04-30 23:00:00,L,9979.484396116153,10030.25,1011.3120776769356,82,EOD,IS,41911.27549952817
2019-05-09 07:15:00,2019-05-09 23:00:00,S,9779.34450243131,9771.75,147.89004862619186,62,EOD,IS,42059.165548154364
2019-05-15 16:45:00,2019-05-15 23:00:00,S,9661.94487231568,9706.25,-890.1025536863963,24,EOD,IS,41169.06299446797
2019-05-20 12:15:00,2019-05-20 23:00:00,L,9625.653616926904,9585.5,-807.072338538077,42,EOD,IS,40361.99065592989
2019-05-22 15:45:00,2019-05-22 23:00:00,S,9624.300176769737,9605.25,377.0035353947387,28,EOD,IS,40738.99419132463
2019-05-23 03:30:00,2019-05-23 18:15:00,L,9568.128141131667,9467.878141131667,-2009.0,59,SL,IS,38729.99419132463
2019-05-23 21:30:00,2019-05-23 23:00:00,S,9477.75242844907,9495.75,-363.95143101859867,5,EOD,IS,38366.04276030603
2019-05-27 05:00:00,2019-05-27 19:00:00,L,9483.838435430556,9497.0,259.2312913888745,56,EOD,IS,38625.274051694905
2019-05-28 04:15:00,2019-05-28 23:00:00,S,9522.688607923908,9471.75,1014.7721584781684,74,EOD,IS,39640.04621017307
2019-05-31 06:00:00,2019-05-31 23:00:00,S,9387.270626136757,9316.75,1406.4125227351324,67,EOD,IS,41046.458732908206
2019-06-06 10:00:00,2019-06-06 23:00:00,S,9430.875000099815,9442.25,-231.4999980036955,51,EOD,IS,40814.95873490451
2019-06-11 16:15:00,2019-06-11 23:00:00,L,9734.198715004231,9697.25,-742.9743000846283,26,EOD,IS,40071.98443481988
2019-06-12 08:15:00,2019-06-12 23:00:00,L,9669.550140245434,9655.75,-280.0028049086759,58,EOD,IS,39791.981629911206
2019-06-13 08:45:00,2019-06-13 23:00:00,S,9643.392812534186,9690.75,-951.1437493162739,56,EOD,IS,38840.83788059493
2019-06-17 21:15:00,2019-06-17 23:00:00,L,9709.5712253123,9721.75,239.57549375399685,6,EOD,IS,39080.41337434893
2019-06-20 01:15:00,2019-06-20 14:45:00,S,9867.230732940388,9967.480732940388,-2009.0,54,SL,IS,37071.41337434893
2019-06-20 15:45:00,2019-06-20 23:00:00,L,9941.046483390457,9917.0,-484.9296678091414,29,EOD,IS,36586.48370653979
2019-06-25 09:15:00,2019-06-25 23:00:00,S,9885.347515987234,9788.25,1937.950319744683,54,EOD,IS,38524.43402628447
2019-07-01 02:45:00,2019-07-01 23:00:00,L,9939.128188822588,9945.0,113.43622354824765,81,EOD,IS,38637.87024983272
2019-07-03 09:45:00,2019-07-03 19:15:00,S,10002.964716876699,10041.5,-774.7056624660254,38,EOD,IS,37863.16458736669
2019-07-04 02:30:00,2019-07-04 19:00:00,L,10039.82246103162,10054.75,294.5507793676152,66,EOD,IS,38157.71536673431
2019-07-05 00:30:00,2019-07-05 23:00:00,S,10060.648855329344,10008.25,1043.9771065868772,89,EOD,IS,39201.692473321185
2019-07-09 05:30:00,2019-07-09 23:00:00,L,9926.873525016106,9999.5,1448.5294996778757,69,EOD,IS,40650.22197299906
2019-07-12 22:15:00,2019-07-12 23:00:00,S,10118.623343797319,10111.75,133.46687594637478,3,EOD,IS,40783.688848945436
2019-07-15 07:30:00,2019-07-15 23:00:00,L,10114.368400326353,10136.5,438.63199347293266,61,EOD,IS,41222.32084241837
2019-07-16 02:30:00,2019-07-16 23:00:00,S,10151.40922404963,10090.5,1214.1844809926042,81,EOD,IS,42436.50532341097
2019-07-23 04:00:00,2019-07-23 23:00:00,S,10094.071402708114,10094.75,-17.571945837720705,76,EOD,IS,42418.93337757325
2019-07-26 21:00:00,2019-07-26 23:00:00,S,10188.651042012081,10168.5,399.0208402416247,7,EOD,IS,42817.95421781488
2019-07-29 16:15:00,2019-07-29 23:00:00,L,10121.923538926669,10157.75,712.529221466626,26,EOD,IS,43530.4834392815
2019-08-05 07:45:00,2019-08-05 23:00:00,S,9753.406087173234,9521.5,4634.12174346469,61,EOD,IS,48164.60518274619
2019-08-07 14:00:00,2019-08-07 15:00:00,L,9688.605697831215,9588.355697831215,-2009.0,4,SL,IS,46155.60518274619
2019-08-07 16:45:00,2019-08-07 23:00:00,S,9666.75390423005,9703.75,-743.9219153989907,24,EOD,IS,45411.6832673472
2019-08-08 09:15:00,2019-08-08 23:00:00,L,9739.396432669362,9880.75,2823.0713466127563,54,EOD,IS,48234.75461395996
2019-08-12 13:30:00,2019-08-12 23:00:00,L,9741.694748267324,9724.0,-357.8949653464806,37,EOD,IS,47876.85964861348
2019-08-16 13:30:00,2019-08-16 23:00:00,L,9733.67259795179,9763.25,587.5480409641896,37,EOD,IS,48464.40768957767
2019-08-19 03:00:00,2019-08-19 23:00:00,L,9792.296735965278,9873.25,1615.065280694449,79,EOD,IS,50079.472970272116
2019-08-21 02:30:00,2019-08-21 23:00:00,S,9835.23389661298,9911.25,-1524.322067740417,81,EOD,IS,48555.1509025317
2019-08-27 14:45:00,2019-08-27 23:00:00,S,9780.67555667336,9719.25,1224.511133467182,32,EOD,IS,49779.66203599888
2019-08-28 14:00:00,2019-08-28 23:00:00,L,9694.474503481251,9734.5,796.5099303749739,35,EOD,IS,50576.171966373855
2019-08-29 13:45:00,2019-08-29 23:00:00,L,9832.405099542199,9859.25,532.8980091560297,36,EOD,IS,51109.069975529885
2019-09-02 03:30:00,2019-09-02 19:00:00,S,9794.32905556866,9765.5,572.5811113731979,62,EOD,IS,51681.65108690308
2019-09-04 12:00:00,2019-09-04 23:00:00,L,9858.437584627407,9875.5,337.24830745186046,43,EOD,IS,52018.89939435494
2019-09-09 18:45:00,2019-09-09 23:00:00,L,9977.651400654546,9986.25,167.97198690908408,16,EOD,IS,52186.87138126403
2019-09-13 16:15:00,2019-09-13 23:00:00,L,10039.723052938838,10042.5,51.53894122323982,26,EOD,IS,52238.41032248727
2019-09-16 05:15:00,2019-09-16 23:00:00,S,9964.009624008973,10020.0,-1123.8075198205333,71,EOD,IS,51114.60280266673
2019-09-18 21:45:00,2019-09-18 23:00:00,S,10034.007493806344,10054.75,-418.85012387311144,4,EOD,IS,50695.75267879362
2019-09-24 03:45:00,2019-09-24 17:45:00,L,10012.970523061327,9912.720523061327,-2009.0,56,SL,IS,48686.75267879362
2019-10-01 02:45:00,2019-10-01 23:00:00,S,9920.154440983977,9841.75,1564.0888196795422,80,EOD,IS,50250.841498473164
2019-10-04 11:00:00,2019-10-04 23:00:00,L,9774.572695948791,9901.5,2534.5460810241784,47,EOD,IS,52785.38757949734
2019-10-07 19:15:00,2019-10-07 23:00:00,L,9887.649403611978,9871.0,-336.9880722395683,14,EOD,IS,52448.399507257775
2019-10-08 14:45:00,2019-10-08 23:00:00,L,9816.948131018122,9755.25,-1237.9626203624357,32,EOD,IS,51210.43688689534
2019-10-10 03:30:00,2019-10-10 17:00:00,S,9805.23601370837,9905.48601370837,-2009.0,54,SL,IS,49201.43688689534
2019-10-10 18:45:00,2019-10-10 23:00:00,L,9865.00943849055,9918.5,1065.811230189007,16,EOD,IS,50267.248117084346
2019-10-15 11:00:00,2019-10-15 23:00:00,L,10023.96732830387,10091.25,1341.6534339225982,48,EOD,IS,51608.901551006944
2019-10-17 11:45:00,2019-10-17 23:00:00,S,10102.474269263452,10086.0,325.48538526903576,44,EOD,IS,51934.38693627598
2019-10-22 07:15:00,2019-10-22 23:00:00,S,10102.113588467435,9974.0,2558.2717693486993,62,EOD,IS,54492.65870562468
2019-10-24 02:45:00,2019-10-24 23:00:00,L,10052.12488795761,10056.25,78.50224084778893,81,EOD,IS,54571.16094647247
2019-10-25 20:15:00,2019-10-25 23:00:00,L,10154.125786451737,10168.25,278.4842709652512,10,EOD,IS,54849.64521743772
2019-10-28 02:15:00,2019-10-29 00:00:00,L,10184.231715736702,10237.0,1051.3656852659697,82,EOD,IS,55901.01090270369
2019-10-30 03:00:00,2019-10-31 00:00:00,L,10180.438927009718,10252.75,1442.221459805638,80,EOD,IS,57343.23236250933
2019-11-01 17:15:00,2019-11-01 22:00:00,L,10257.10287699735,10295.25,758.9424600529819,19,EOD,IS,58102.17482256231
2019-11-04 02:45:00,2019-11-04 23:00:00,S,10313.221581225653,10350.25,-744.568375486946,80,EOD,IS,57357.60644707536
2019-11-05 08:15:00,2019-11-05 23:00:00,L,10364.934067864653,10342.25,-457.6813572930623,58,EOD,IS,56899.9250897823
2019-11-06 16:30:00,2019-11-06 23:00:00,L,10318.938386082431,10344.75,512.232278351381,25,EOD,IS,57412.15736813368
2019-11-12 07:15:00,2019-11-12 23:00:00,S,10397.803803522816,10403.5,-117.92392954367097,62,EOD,IS,57294.23343859001
2019-11-14 03:45:00,2019-11-14 23:00:00,L,10380.568013614824,10401.25,409.6397277035212,76,EOD,IS,57703.87316629353
2019-11-18 14:30:00,2019-11-18 23:00:00,L,10462.786097642234,10466.0,60.27804715531238,33,EOD,IS,57764.151213448844
2019-11-20 03:00:00,2019-11-20 23:00:00,L,10434.974617824699,10420.0,-303.4923564939745,79,EOD,IS,57460.65885695487
2019-11-22 09:45:00,2019-11-22 23:00:00,S,10439.5,10415.25,481.0,52,EOD,IS,57941.65885695487
2019-11-27 13:00:00,2019-11-27 23:00:00,L,10550.438212471363,10588.25,752.2357505727414,40,EOD,IS,58693.89460752761
2019-11-29 10:00:00,2019-11-29 19:15:00,S,10559.074099296784,10554.75,82.4819859356794,37,EOD,IS,58776.37659346329
2019-12-05 11:45:00,2019-12-05 23:00:00,S,10455.402181618445,10443.0,244.04363236889913,45,EOD,IS,59020.42022583219
2019-12-06 09:45:00,2019-12-06 23:00:00,L,10462.452717595756,10536.75,1481.9456480848894,52,EOD,IS,60502.36587391708
2019-12-10 10:00:00,2019-12-10 23:00:00,L,10478.327125837513,10499.75,424.457483249731,51,EOD,IS,60926.82335716681
2019-12-12 01:15:00,2019-12-12 23:00:00,S,10546.75,10605.25,-1174.0,86,EOD,IS,59752.82335716681
2019-12-16 07:15:00,2019-12-16 23:00:00,L,10651.09999927146,10714.75,1269.000014570789,62,EOD,IS,61021.8233717376
2019-12-18 17:30:00,2019-12-18 23:00:00,S,10739.049299826085,10732.0,136.98599652170378,21,EOD,IS,61158.8093682593
2019-12-23 15:45:00,2019-12-23 23:00:00,L,10836.784949387902,10836.0,-19.698987758041767,28,EOD,IS,61139.11038050126
2019-12-24 19:00:00,2019-12-24 19:15:00,S,10832.691415044033,10837.5,-100.1716991193316,1,EOD,IS,61038.93868138193
2019-12-26 04:15:00,2019-12-26 23:00:00,L,10843.443761132317,10909.5,1317.1247773536525,74,EOD,IS,62356.06345873558
2019-12-30 20:30:00,2019-12-30 23:00:00,L,10841.408887191035,10839.75,-37.17774382070638,9,EOD,IS,62318.885714914875
2020-01-02 03:15:00,2020-01-02 22:00:00,S,10892.882616826977,10993.132616826977,-2009.0,75,SL,IS,60309.885714914875
2020-01-07 05:30:00,2020-01-07 23:00:00,S,10988.005236041345,10952.0,716.1047208268938,69,EOD,IS,61025.99043574177
2020-01-08 03:15:00,2020-01-08 12:30:00,S,10889.475000038985,10989.725000038985,-2009.0,37,SL,IS,59016.99043574177
2020-01-08 15:00:00,2020-01-08 23:00:00,L,10969.74658937598,11054.75,1696.0682124804007,31,EOD,IS,60713.05864822217
2020-01-10 09:30:00,2020-01-10 23:00:00,L,11141.552594598787,11085.5,-1125.0518919757305,53,EOD,IS,59588.00675624644
2020-01-15 01:15:00,2020-01-15 23:00:00,L,11134.799308613918,11169.25,685.0138277216465,86,EOD,IS,60273.020583968086
2020-01-16 15:45:00,2020-01-16 23:00:00,S,11209.060828177426,11246.25,-747.7834364514856,28,EOD,IS,59525.2371475166
2020-01-21 03:00:00,2020-01-21 23:00:00,L,11239.776231696971,11282.0,840.4753660605784,79,EOD,IS,60365.71251357718
2020-01-23 08:30:00,2020-01-23 23:00:00,S,11298.817380101264,11359.0,-1207.652397974729,57,EOD,IS,59158.06011560245
2020-01-30 10:30:00,2020-01-30 22:15:00,S,11167.678640701375,11267.928640701375,-2009.0,47,SL,IS,57149.06011560245
2020-02-04 04:45:00,2020-02-04 14:45:00,S,11271.707714675791,11371.957714675791,-2009.0,40,SL,IS,55140.06011560245
2020-02-07 01:45:00,2020-02-07 23:00:00,L,11556.936494006604,11507.75,-987.7298801320867,84,EOD,IS,54152.33023547036
2020-02-10 02:45:00,2020-02-10 22:00:00,S,11523.286984962539,11623.536984962539,-2009.0,77,SL,IS,52143.33023547036
2020-02-12 21:15:00,2020-02-12 23:00:00,L,11704.019115456093,11730.75,530.617690878149,6,EOD,IS,52673.94792634851
2020-02-13 15:00:00,2020-02-13 23:00:00,S,11673.469024213977,11733.0,-1194.6195157204638,31,EOD,IS,51479.32841062805
2020-02-17 08:30:00,2020-02-17 19:00:00,L,11776.48029827115,11773.75,-58.60596542299754,42,EOD,IS,51420.72244520505
2020-02-18 04:00:00,2020-02-18 23:00:00,L,11684.540357350397,11747.5,1255.1928529920551,75,EOD,IS,52675.915298197106
2020-02-20 01:30:00,2020-02-20 23:00:00,S,11864.893142574529,11726.0,2773.862851490572,85,EOD,IS,55449.77814968768
2020-02-24 12:45:00,2020-02-24 23:00:00,S,11294.940844553408,11205.0,1794.8168910681634,41,EOD,IS,57244.59504075584
2020-02-27 08:00:00,2020-02-27 10:45:00,S,10850.277265608102,10950.527265608102,-2009.0,11,SL,IS,55235.59504075584
2020-03-02 13:00:00,2020-03-02 22:00:00,L,10485.55541917127,10985.30541917127,9991.0,36,TP,IS,65226.59504075584
2020-03-04 13:15:00,2020-03-04 23:00:00,L,10853.002757450931,10996.5,2865.9448509813737,38,EOD,IS,68092.53989173722
2020-03-06 07:30:00,2020-03-06 23:00:00,S,10681.390927461614,10609.5,1433.8185492322882,61,EOD,IS,69526.35844096952
2020-03-12 05:30:00,2020-03-12 18:15:00,S,9810.708740521943,9910.958740521943,-2009.0,50,SL,IS,67517.35844096952
2020-03-18 21:00:00,2020-03-18 21:00:00,S,9198.278283107229,9298.528283107229,-2009.0,1,SL_SAMEBAR,IS,65508.35844096952
2020-03-19 07:15:00,2020-03-19 08:30:00,S,9193.412910972474,9293.662910972474,-2009.0,5,SL,IS,63499.35844096952
2020-03-19 21:00:00,2020-03-19 21:15:00,L,9432.786111278727,9332.536111278727,-2009.0,1,SL,IS,61490.35844096952
2020-03-23 02:45:00,2020-03-23 08:15:00,S,8846.039215680215,8946.289215680215,-2009.0,22,SL,IS,59481.35844096952
2020-03-25 11:45:00,2020-03-25 12:00:00,L,9689.381242944344,9589.131242944344,-2009.0,1,SL,IS,57472.35844096952
2020-03-25 14:15:00,2020-03-25 14:45:00,S,9677.773137244792,9778.023137244792,-2009.0,2,SL,IS,55463.35844096952
2020-03-26 11:15:00,2020-03-26 14:15:00,S,9498.18425425718,9598.43425425718,-2009.0,12,SL,IS,53454.35844096952
2020-03-26 18:45:00,2020-03-27 00:00:00,L,9768.20131017122,9938.25,3396.9737965755994,16,EOD,IS,56851.33223754512
2020-03-30 09:30:00,2020-03-30 23:00:00,L,9655.601971027392,9972.0,6323.960579452156,53,EOD,IS,63175.29281699727
2020-04-01 00:45:00,2020-04-01 07:45:00,L,9833.089638187656,9732.839638187656,-2009.0,28,SL,IS,61166.29281699727
2020-04-01 15:45:00,2020-04-01 23:00:00,S,9723.963980580105,9582.75,2820.2796116021054,28,EOD,IS,63986.57242859938
2020-04-03 22:00:00,2020-04-03 23:00:00,S,9625.123537953963,9641.25,-326.52924092073954,3,EOD,IS,63660.04318767864
2020-04-06 10:15:00,2020-04-06 23:00:00,L,9936.108255109028,10154.5,4363.834897819448,50,EOD,IS,68023.87808549809
2020-04-09 09:15:00,2020-04-09 23:00:00,S,10371.825447540026,10358.0,272.5089508005258,54,EOD,IS,68296.3870362986
2020-04-21 07:30:00,2020-04-21 23:00:00,S,10792.969909082014,10554.25,4770.398181640281,61,EOD,IS,73066.78521793889
2020-04-23 18:45:00,2020-04-23 20:15:00,L,10828.074807974153,10727.824807974153,-2009.0,6,SL,IS,71057.78521793889
2020-04-24 03:30:00,2020-04-24 23:00:00,L,10633.92434808469,10882.5,4967.513038306184,78,EOD,IS,76025.29825624506
2020-04-28 14:30:00,2020-04-28 16:15:00,L,11028.904239746787,10928.654239746787,-2009.0,7,SL,IS,74016.29825624506
2020-05-01 02:45:00,2020-05-01 23:00:00,S,10963.285345006354,10821.25,2836.7069001270793,80,EOD,IS,76853.00515637215
2020-05-04 04:00:00,2020-05-04 16:15:00,S,10751.797356334617,10852.047356334617,-2009.0,49,SL,IS,74844.00515637215
2020-05-06 16:15:00,2020-05-06 23:00:00,L,11073.489661947106,11065.0,-173.7932389421112,26,EOD,IS,74670.21191743005
2020-05-07 13:30:00,2020-05-07 23:00:00,L,11184.139738812926,11237.0,1053.2052237414755,37,EOD,IS,75723.41714117152
2020-05-11 07:15:00,2020-05-11 14:00:00,L,11378.740799794605,11278.490799794605,-2009.0,27,SL,IS,73714.41714117152
2020-05-11 15:45:00,2020-05-11 19:30:00,S,11324.730043790894,11424.980043790894,-2009.0,15,SL,IS,71705.41714117152
2020-05-15 02:00:00,2020-05-15 23:00:00,S,11224.574645532812,11236.75,-247.50708934376598,83,EOD,IS,71457.91005182776
2020-05-18 07:15:00,2020-05-18 23:00:00,L,11304.64006402159,11435.75,2618.198719568187,62,EOD,IS,74076.10877139594
2020-05-20 01:45:00,2020-05-20 15:45:00,S,11440.426702764053,11540.676702764053,-2009.0,56,SL,IS,72067.10877139594
2020-05-20 18:45:00,2020-05-20 23:00:00,L,11559.677376448302,11612.75,1057.4524710339538,16,EOD,IS,73124.56124242989
2020-05-22 03:15:00,2020-05-22 07:15:00,L,11495.312422766197,11395.062422766197,-2009.0,16,SL,IS,71115.56124242989
2020-05-22 13:15:00,2020-05-22 22:45:00,S,11437.107817416598,11537.357817416598,-2009.0,37,SL,IS,69106.56124242989
2020-05-26 03:30:00,2020-05-26 23:00:00,S,11660.32186519615,11532.25,2557.437303923012,77,EOD,IS,71663.9985463529
2020-06-01 21:30:00,2020-06-01 23:00:00,L,11696.184128997447,11711.25,297.3174200510548,5,EOD,IS,71961.31596640396
2020-06-02 09:30:00,2020-06-02 23:00:00,S,11737.23079523168,11776.75,-794.3840953663894,53,EOD,IS,71166.93187103757
2020-06-04 17:30:00,2020-06-04 23:00:00,L,11759.09608508665,11763.25,79.07829826699162,21,EOD,IS,71246.01016930456
2020-06-09 09:15:00,2020-06-09 23:00:00,L,11997.6921354584,12080.5,1652.1572908320159,54,EOD,IS,72898.16746013658
2020-06-15 07:45:00,2020-06-15 08:45:00,L,11603.43016405201,11503.18016405201,-2009.0,4,SL,IS,70889.16746013658
2020-06-15 10:30:00,2020-06-15 16:00:00,S,11592.437130624785,11692.687130624785,-2009.0,22,SL,IS,68880.16746013658
2020-06-17 12:00:00,2020-06-17 23:00:00,L,12125.900076152611,12119.0,-142.00152305222582,43,EOD,IS,68738.16593708436
2020-06-18 08:30:00,2020-06-18 23:00:00,S,12095.393901985439,12122.75,-551.1219602912242,57,EOD,IS,68187.04397679312
2020-06-25 13:45:00,2020-06-25 23:00:00,L,12113.394210805518,12230.25,2333.1157838896397,36,EOD,IS,70520.15976068276
2020-06-26 01:45:00,2020-06-26 23:00:00,S,12248.198944645452,11978.0,5399.9788929090355,84,EOD,IS,75920.1386535918
2020-06-30 02:45:00,2020-06-30 23:00:00,L,12117.663158576595,12272.0,3082.7368284680924,80,EOD,IS,79002.8754820599
2020-07-06 03:00:00,2020-07-06 16:00:00,S,12542.457862339581,12642.707862339581,-2009.0,52,SL,IS,76993.8754820599
2020-07-06 19:30:00,2020-07-06 23:00:00,L,12681.655571584557,12730.5,972.8885683088592,13,EOD,IS,77966.76405036876
2020-07-08 08:45:00,2020-07-08 21:45:00,S,12678.78871179661,12779.03871179661,-2009.0,52,SL,IS,75957.76405036876
2020-07-09 02:15:00,2020-07-09 23:00:00,S,12820.455813696577,12857.25,-739.8837260684595,82,EOD,IS,75217.88032430029
2020-07-15 03:45:00,2020-07-15 18:00:00,L,12841.050621392389,12740.800621392389,-2009.0,57,SL,IS,73208.88032430029
2020-07-15 20:15:00,2020-07-15 23:00:00,S,12830.766474287533,12823.0,151.32948575066257,10,EOD,IS,73360.20981005096
2020-07-20 15:45:00,2020-07-20 23:00:00,L,12762.51540332461,13080.25,6350.691933507784,28,EOD,IS,79710.90174355874
2020-07-22 12:30:00,2020-07-22 23:00:00,S,12985.912347033905,12978.25,149.24694067810924,41,EOD,IS,79860.14868423686
2020-07-23 11:45:00,2020-07-23 16:15:00,L,13016.318126807348,12916.068126807348,-2009.0,18,SL,IS,77851.14868423686
2020-07-27 17:45:00,2020-07-27 23:00:00,L,12647.251435042243,12814.75,3345.9712991551496,20,EOD,IS,81197.11998339201
2020-07-28 02:15:00,2020-07-28 23:00:00,S,12837.87477794089,12682.5,3103.495558817791,82,EOD,IS,84300.6155422098
2020-07-29 07:15:00,2020-07-29 23:00:00,L,12656.25,12832.25,3516.0,62,EOD,IS,87816.6155422098
2020-07-30 02:30:00,2020-07-30 09:45:00,L,12797.122754556201,12696.872754556201,-2009.0,29,SL,IS,85807.6155422098
2020-07-30 15:45:00,2020-07-30 18:30:00,S,12735.969399227286,12836.219399227286,-2009.0,11,SL,IS,83798.6155422098
2020-08-03 06:00:00,2020-08-03 23:00:00,L,13054.191199308814,13186.25,2637.176013823715,67,EOD,IS,86435.79155603351
2020-08-04 10:00:00,2020-08-04 23:00:00,L,13162.786675245025,13211.25,965.2664950995095,52,EOD,IS,87401.05805113302
2020-08-05 14:15:00,2020-08-05 23:00:00,L,13244.203466066176,13228.5,-318.0693213235136,34,EOD,IS,87082.9887298095
2020-08-06 13:15:00,2020-08-06 23:00:00,L,13196.354610479886,13390.75,3883.907790402278,38,EOD,IS,90966.89652021177
2020-08-11 17:30:00,2020-08-11 23:00:00,S,13199.56788067721,13045.25,3082.3576135442054,21,EOD,IS,94049.25413375598
2020-08-13 15:45:00,2020-08-13 23:00:00,S,13351.578265387301,13314.5,737.5653077460229,28,EOD,IS,94786.81944150201
2020-08-19 02:15:00,2020-08-19 22:00:00,L,13538.444066606191,13438.194066606191,-2009.0,79,SL,IS,92777.81944150201
2020-08-20 02:00:00,2020-08-20 23:00:00,L,13422.540873583948,13612.75,3800.1825283210346,83,EOD,IS,96578.00196982305
2020-08-24 08:00:00,2020-08-24 23:00:00,L,13735.074999888195,13767.0,634.5000022361055,59,EOD,IS,97212.50197205915
2020-08-26 05:15:00,2020-08-26 23:00:00,L,13868.061045855196,14117.75,4989.7790828960715,70,EOD,IS,102202.28105495522
2020-08-31 01:00:00,2020-08-31 19:45:00,S,14162.423974711395,14262.673974711395,-2009.0,75,SL,IS,100193.28105495522
2020-08-31 22:00:00,2020-08-31 23:00:00,L,14253.152878194102,14238.75,-292.0575638820301,3,EOD,IS,99901.2234910732
2020-09-08 03:15:00,2020-09-08 10:30:00,L,13656.423401686983,13556.173401686983,-2009.0,29,SL,IS,97892.2234910732
2020-09-08 16:00:00,2020-09-08 16:30:00,S,13414.227950114946,13514.477950114946,-2009.0,2,SL,IS,95883.2234910732
2020-09-10 17:00:00,2020-09-10 18:45:00,L,13561.53574376975,13461.28574376975,-2009.0,7,SL,IS,93874.2234910732
2020-09-11 21:30:00,2020-09-11 23:00:00,S,13231.999514388926,13205.75,520.990287778528,5,EOD,IS,94395.21377885173
2020-09-14 18:30:00,2020-09-14 19:45:00,L,13424.349946452438,13324.099946452438,-2009.0,5,SL,IS,92386.21377885173
2020-09-15 20:15:00,2020-09-15 23:00:00,L,13581.797568809567,13593.75,235.0486238086669,10,EOD,IS,92621.26240266039
2020-09-16 08:00:00,2020-09-16 17:00:00,L,13603.570598191029,13503.320598191029,-2009.0,36,SL,IS,90612.26240266039
2020-09-22 02:15:00,2020-09-22 20:15:00,S,13165.988198352456,13266.238198352456,-2009.0,72,SL,IS,88603.26240266039
2020-09-23 13:15:00,2020-09-23 16:15:00,L,13316.474161763812,13216.224161763812,-2009.0,12,SL,IS,86594.26240266039
2020-09-29 02:00:00,2020-09-29 23:00:00,S,13564.500819108425,13466.25,1961.0163821685055,83,EOD,IS,88555.2787848289
2020-09-30 05:45:00,2020-09-30 23:00:00,L,13412.608754630497,13503.0,1803.8249073900588,68,EOD,IS,90359.10369221895
2020-10-02 00:45:00,2020-10-02 23:00:00,S,13740.986562063217,13397.75,6860.731241264344,88,EOD,IS,97219.8349334833
2020-10-06 16:45:00,2020-10-06 23:00:00,S,13640.564297550358,13353.5,5737.285951007158,24,EOD,IS,102957.12088449046
2020-10-08 04:15:00,2020-10-08 23:00:00,S,13660.906183415967,13706.0,-905.8763316806508,74,EOD,IS,102051.2445528098
2020-10-09 07:15:00,2020-10-09 23:00:00,L,13731.839928224843,13873.5,2829.2014355031424,62,EOD,IS,104880.44598831295
2020-10-14 21:15:00,2020-10-14 23:00:00,S,14152.330779313665,14090.5,1232.6155862732921,6,EOD,IS,106113.06157458623
2020-10-16 17:15:00,2020-10-16 22:00:00,L,14073.184353629882,13972.934353629882,-2009.0,19,SL,IS,104104.06157458623
2020-10-19 17:00:00,2020-10-19 21:00:00,L,13912.334237731548,13812.084237731548,-2009.0,16,SL,IS,102095.06157458623
2020-10-21 15:45:00,2020-10-21 23:00:00,S,13842.646148919217,13834.25,163.92297838434024,28,EOD,IS,102258.98455297056
2020-10-26 08:45:00,2020-10-26 16:45:00,L,13705.187728092964,13604.937728092964,-2009.0,32,SL,IS,100249.98455297056
2020-10-28 12:00:00,2020-10-28 14:45:00,L,13601.902760520721,13501.652760520721,-2009.0,11,SL,IS,98240.98455297056
2020-10-28 20:45:00,2020-10-29 00:00:00,S,13411.938053070417,13341.25,1409.7610614083314,8,EOD,IS,99650.74561437889
2020-10-30 09:15:00,2020-10-30 11:30:00,S,13256.547569902172,13356.797569902172,-2009.0,9,SL,IS,97641.74561437889
2020-10-30 14:45:00,2020-10-30 15:30:00,L,13338.379277208896,13238.129277208896,-2009.0,3,SL,IS,95632.74561437889
2020-11-03 19:45:00,2020-11-03 23:00:00,L,13416.677165553749,13393.25,-472.54331107497273,12,EOD,IS,95160.20230330391
2020-11-09 07:30:00,2020-11-09 13:15:00,L,14492.132346750512,14391.882346750512,-2009.0,23,SL,IS,93151.20230330391
2020-11-12 11:15:00,2020-11-12 23:00:00,S,14097.576123640023,14010.0,1747.5224728004614,46,EOD,IS,94898.72477610438
2020-11-16 03:00:00,2020-11-16 13:00:00,L,14176.684066500546,14076.434066500546,-2009.0,40,SL,IS,92889.72477610438
2020-11-16 15:45:00,2020-11-16 23:00:00,S,14090.705600068099,14187.75,-1944.887998638027,28,EOD,IS,90944.83677746635
2020-11-18 01:30:00,2020-11-18 23:00:00,L,14099.697827424861,14019.5,-1607.9565484972263,85,EOD,IS,89336.88022896912
2020-11-23 16:45:00,2020-11-23 23:00:00,L,14024.905948181295,14064.25,782.8810363741068,24,EOD,IS,90119.76126534323
2020-11-26 02:45:00,2020-11-26 19:00:00,S,14333.605443202096,14300.0,668.1088640419111,65,EOD,IS,90787.87012938515
2020-11-27 15:45:00,2020-11-27 19:15:00,S,14399.935153484266,14419.5,-395.2969303146747,14,EOD,IS,90392.57319907047
2020-12-03 03:30:00,2020-12-03 23:00:00,L,14603.038419446857,14634.0,615.2316110628599,77,EOD,IS,91007.80481013333
2020-12-07 03:30:00,2020-12-07 23:00:00,L,14671.802913916059,14717.5,909.9417216788206,77,EOD,IS,91917.74653181215
2020-12-14 06:15:00,2020-12-14 23:00:00,L,14563.052084092564,14618.5,1104.958318148725,66,EOD,IS,93022.70484996088
2020-12-15 16:45:00,2020-12-15 23:00:00,L,14686.818236057334,14744.5,1149.6352788533259,24,EOD,IS,94172.3401288142
2020-12-17 14:45:00,2020-12-17 23:00:00,L,14871.272306328829,14899.5,560.5538734234287,32,EOD,IS,94732.89400223763
2020-12-18 13:15:00,2020-12-18 23:00:00,S,14901.884106835922,14895.5,123.68213671843114,38,EOD,IS,94856.57613895606
2020-12-28 00:45:00,2020-12-28 19:30:00,S,14887.867651738215,14988.117651738215,-2009.0,75,SL,IS,92847.57613895606
2020-12-28 21:45:00,2020-12-28 23:00:00,L,14978.933574053966,14989.0,197.32851892067265,5,EOD,IS,93044.90465787673
2020-12-31 18:00:00,2020-12-31 23:00:00,L,14971.306653915379,15029.5,1159.8669216924245,19,EOD,IS,94204.77157956915
2021-01-06 01:30:00,2021-01-06 23:00:00,S,14956.748706147617,14805.0,3030.974122952335,85,EOD,IS,97235.74570252148
2021-01-08 03:15:00,2021-01-08 21:45:00,S,15119.275973111688,15219.525973111688,-2009.0,74,SL,IS,95226.74570252148
2021-01-13 21:30:00,2021-01-13 23:00:00,L,15110.2702560027,15119.5,180.5948799460166,5,EOD,IS,95407.3405824675
2021-01-14 04:00:00,2021-01-14 22:00:00,L,15132.527959387307,15032.277959387307,-2009.0,72,SL,IS,93398.3405824675
2021-01-15 05:15:00,2021-01-15 16:30:00,L,15026.169682990889,14925.919682990889,-2009.0,45,SL,IS,91389.3405824675
2021-01-19 00:30:00,2021-01-19 04:30:00,S,14967.00598487046,15067.25598487046,-2009.0,16,SL,IS,89380.3405824675
2021-01-19 07:15:00,2021-01-19 23:00:00,L,15059.21979746637,15179.25,2396.6040506725913,62,EOD,IS,91776.94463314008
2021-01-25 01:30:00,2021-01-25 15:45:00,S,15578.537463312521,15678.787463312521,-2009.0,57,SL,IS,89767.94463314008
2021-01-25 17:00:00,2021-01-25 17:00:00,L,15598.251150471562,15498.001150471562,-2009.0,1,SL_SAMEBAR,IS,87758.94463314008
2021-01-29 21:15:00,2021-01-29 23:00:00,S,15123.521576394312,15017.5,2116.4315278862487,7,EOD,IS,89875.37616102633
2021-02-01 03:30:00,2021-02-01 08:30:00,S,15041.445385559307,15141.695385559307,-2009.0,20,SL,IS,87866.37616102633
2021-02-01 16:00:00,2021-02-01 23:00:00,L,15175.99217487433,15381.75,4111.156502513382,27,EOD,IS,91977.53266353972
2021-02-03 10:45:00,2021-02-03 16:30:00,L,15666.39251049613,15566.14251049613,-2009.0,23,SL,IS,89968.53266353972
2021-02-04 07:30:00,2021-02-04 19:15:00,S,15540.073147396706,15640.323147396706,-2009.0,47,SL,IS,87959.53266353972
2021-02-08 05:30:00,2021-02-08 23:00:00,L,15816.237500401661,15832.0,311.24999196677527,69,EOD,IS,88270.7826555065
2021-02-09 01:45:00,2021-02-09 23:00:00,L,15808.516506887036,15844.0,705.6698622592885,84,EOD,IS,88976.45251776578
2021-02-12 19:30:00,2021-02-12 23:00:00,L,15866.63485559127,15967.25,2008.3028881745995,13,EOD,IS,90984.75540594038
2021-02-16 08:15:00,2021-02-16 17:45:00,L,16019.757909035688,15919.507909035688,-2009.0,38,SL,IS,88975.75540594038
2021-02-22 07:15:00,2021-02-22 09:00:00,L,15658.216538601555,15557.966538601555,-2009.0,7,SL,IS,86966.75540594038
2021-02-22 14:45:00,2021-02-22 23:00:00,S,15565.170469888097,15368.0,3939.409397761934,32,EOD,IS,90906.16480370231
2021-02-25 02:15:00,2021-02-25 11:00:00,L,15438.863523946178,15338.613523946178,-2009.0,35,SL,IS,88897.16480370231
2021-02-25 12:15:00,2021-02-25 21:45:00,S,15414.596380921826,14914.846380921826,9991.0,38,TP,IS,98888.16480370231
2021-03-01 10:45:00,2021-03-01 23:00:00,L,15225.04400062554,15460.5,4705.119987489212,48,EOD,IS,103593.28479119152
2021-03-02 02:30:00,2021-03-02 06:30:00,L,15454.997978424504,15354.747978424504,-2009.0,16,SL,IS,101584.28479119152
2021-03-02 14:00:00,2021-03-02 23:00:00,S,15421.849787905667,15201.75,4397.995758113335,35,EOD,IS,105982.28054930485
2021-03-03 15:45:00,2021-03-03 16:30:00,L,15076.480440210196,14976.230440210196,-2009.0,3,SL,IS,103973.28054930485
2021-03-05 04:00:00,2021-03-05 13:45:00,S,14545.023901130413,14645.273901130413,-2009.0,39,SL,IS,101964.28054930485
2021-03-05 14:45:00,2021-03-05 17:15:00,L,14559.01704918308,14458.76704918308,-2009.0,10,SL,IS,99955.28054930485
2021-03-09 22:00:00,2021-03-09 23:00:00,L,14945.185229237562,14934.5,-217.70458475124906,3,EOD,IS,99737.5759645536
2021-03-11 13:15:00,2021-03-11 23:00:00,L,15103.081217393214,15194.5,1824.3756521357282,38,EOD,IS,101561.95161668933
2021-03-15 01:15:00,2021-03-15 21:00:00,S,15119.211323289052,15219.461323289052,-2009.0,79,SL,IS,99552.95161668933
2021-03-22 02:15:00,2021-03-23 00:00:00,L,14987.0099812844,15235.75,4970.800374311999,82,EOD,IS,104523.75199100134
2021-03-24 15:30:00,2021-03-24 21:00:00,L,15077.124397238329,14976.874397238329,-2009.0,22,SL,IS,102514.75199100134
2021-03-26 14:45:00,2021-03-26 21:00:00,S,14956.357440020347,15056.607440020347,-2009.0,25,SL,IS,100505.75199100134
2021-04-02 07:15:00,2021-04-02 15:15:00,L,15511.371607269131,15501.0,-211.4321453826269,32,EOD,IS,100294.31984561871
2021-04-05 00:30:00,2021-04-05 23:00:00,L,15485.609613564016,15757.25,5428.807728719672,89,EOD,IS,105723.12757433837
2021-04-07 16:00:00,2021-04-07 23:00:00,S,15740.191846923668,15778.25,-765.1630615266404,27,EOD,IS,104957.96451281174
2021-04-08 03:45:00,2021-04-08 22:15:00,S,15817.730715622669,15917.980715622669,-2009.0,74,SL,IS,102948.96451281174
2021-04-13 02:15:00,2021-04-13 23:00:00,L,15965.686744992241,16132.25,3327.2651001551785,82,EOD,IS,106276.22961296691
2021-04-16 15:45:00,2021-04-16 23:00:00,L,16160.278013787738,16180.75,405.43972424523963,28,EOD,IS,106681.66933721215
2021-04-19 15:45:00,2021-04-19 23:00:00,S,16167.140640537933,16051.25,2313.81281075866,28,EOD,IS,108995.48214797082
2021-04-21 04:30:00,2021-04-21 23:00:00,L,15881.903548516355,16048.0,3317.9290296729014,73,EOD,IS,112313.41117764372
2021-04-27 10:15:00,2021-04-27 16:30:00,L,16177.452584758516,16077.202584758516,-2009.0,25,SL,IS,110304.41117764372
2021-04-28 13:15:00,2021-04-28 23:00:00,S,16103.233150167354,16126.0,-459.3369966529135,38,EOD,IS,109845.0741809908
2021-04-29 03:30:00,2021-04-29 23:00:00,S,16164.86916069325,16102.5,1243.383213864996,77,EOD,IS,111088.4573948558
2021-05-06 05:15:00,2021-05-06 23:00:00,L,15626.75,15762.5,2711.0,70,EOD,IS,113799.4573948558
2021-05-14 14:45:00,2021-05-14 23:00:00,L,15377.697825532538,15554.75,3537.0434893492493,32,EOD,IS,117336.50088420504
2021-05-19 16:00:00,2021-05-19 19:15:00,S,15229.744535849068,15329.994535849068,-2009.0,13,SL,IS,115327.50088420504
2021-05-24 00:30:00,2021-05-24 23:00:00,L,15524.075075499926,15806.25,5639.498490001475,89,EOD,IS,120966.99937420653
2021-05-27 09:15:00,2021-05-27 23:00:00,L,15806.499187266198,15849.5,856.0162546760475,54,EOD,IS,121823.01562888257
2021-06-01 11:00:00,2021-06-01 23:00:00,S,15885.945077497832,15804.75,1619.9015499566449,47,EOD,IS,123442.91717883921
2021-06-03 13:00:00,2021-06-03 15:45:00,L,15752.282906184813,15652.032906184813,-2009.0,11,SL,OOS,121433.91717883921
2021-06-03 17:15:00,2021-06-03 23:00:00,S,15764.713446715818,15687.5,1540.268934316351,22,EOD,OOS,122974.18611315556
2021-06-08 05:00:00,2021-06-08 23:00:00,L,15986.922797841213,15969.5,-352.4559568242548,71,EOD,OOS,122621.73015633131
2021-06-10 09:00:00,2021-06-10 23:00:00,L,15960.50375663779,16130.5,3395.92486724419,55,EOD,OOS,126017.6550235755
2021-06-14 06:00:00,2021-06-14 23:00:00,L,16177.572127551899,16277.0,1984.5574489620194,67,EOD,OOS,128002.21247253752
2021-06-16 18:30:00,2021-06-16 20:15:00,L,16153.508110655515,16053.258110655515,-2009.0,7,SL,OOS,125993.21247253752
2021-06-21 03:30:00,2021-06-21 23:00:00,L,16190.114573695548,16304.75,2288.7085260890453,77,EOD,OOS,128281.92099862656
2021-06-22 01:45:00,2021-06-22 21:15:00,S,16314.515853871075,16414.765853871075,-2009.0,78,SL,OOS,126272.92099862656
2021-06-24 19:00:00,2021-06-24 23:00:00,L,16545.87736068462,16526.25,-396.54721369237814,15,EOD,OOS,125876.37378493419
2021-06-28 15:45:00,2021-06-28 21:00:00,S,16569.21960404233,16669.46960404233,-2009.0,21,SL,OOS,123867.37378493419
2021-06-30 04:00:00,2021-06-30 23:00:00,L,16747.890125402504,16722.75,-506.8025080500811,76,EOD,OOS,123360.5712768841
2021-07-01 12:00:00,2021-07-01 23:00:00,L,16698.675444961595,16707.25,167.49110076810757,44,EOD,OOS,123528.06237765221
2021-07-06 03:30:00,2021-07-06 23:00:00,L,16872.64395996343,16931.0,1163.1208007314272,78,EOD,OOS,124691.18317838364
2021-07-08 09:45:00,2021-07-08 11:15:00,L,16896.064126574853,16795.814126574853,-2009.0,6,SL,OOS,122682.18317838364
2021-07-12 00:30:00,2021-07-12 23:00:00,S,16999.06197397682,17043.75,-897.7605204636202,90,EOD,OOS,121784.42265792002
2021-07-13 14:45:00,2021-07-13 15:00:00,L,17075.09007165995,16974.84007165995,-2009.0,1,SL,OOS,119775.42265792002
2021-07-15 16:30:00,2021-07-15 20:00:00,L,16989.994132464668,16889.744132464668,-2009.0,14,SL,OOS,117766.42265792002
2021-07-15 21:45:00,2021-07-15 23:00:00,S,16963.91742617736,16944.25,389.3485235471744,5,EOD,OOS,118155.7711814672
2021-07-19 01:15:00,2021-07-19 13:30:00,L,16827.10481892375,16726.85481892375,-2009.0,49,SL,OOS,116146.7711814672
2021-07-19 16:00:00,2021-07-19 23:00:00,S,16740.253937076835,16760.0,-398.92125846329145,28,EOD,OOS,115747.8499230039
2021-07-22 02:00:00,2021-07-22 22:15:00,S,17011.204085318303,17111.454085318303,-2009.0,81,SL,OOS,113738.8499230039
2021-07-23 02:15:00,2021-07-23 23:00:00,L,17134.532941147234,17258.5,2475.341177055321,83,EOD,OOS,116214.19110005922
2021-07-27 16:15:00,2021-07-27 16:45:00,L,17200.233934353484,17099.983934353484,-2009.0,2,SL,OOS,114205.19110005922
2021-07-29 19:00:00,2021-07-29 22:45:00,L,17213.313786716455,17113.063786716455,-2009.0,15,SL,OOS,112196.19110005922
2021-07-30 02:00:00,2021-07-30 23:00:00,L,17034.99477076945,17133.75,1971.1045846110355,84,EOD,OOS,114167.29568467026
2021-08-02 00:30:00,2021-08-02 23:00:00,S,17159.039626802212,17127.5,626.7925360442459,90,EOD,OOS,114794.0882207145
2021-08-03 16:30:00,2021-08-03 23:00:00,L,17038.33545689156,17202.25,3274.2908621687966,26,EOD,OOS,118068.3790828833
2021-08-05 15:00:00,2021-08-05 23:00:00,L,17263.32191495982,17339.0,1509.5617008036206,32,EOD,OOS,119577.94078368692
2021-08-06 21:00:00,2021-08-06 23:00:00,L,17246.094697586912,17260.0,274.1060482617613,8,EOD,OOS,119852.04683194868
2021-08-12 16:00:00,2021-08-12 23:00:00,L,17122.068641229285,17246.75,2489.6271754142945,28,EOD,OOS,122341.67400736298
2021-08-13 11:45:00,2021-08-13 23:00:00,L,17247.615700117953,17289.25,828.6859976409469,45,EOD,OOS,123170.36000500392
2021-08-16 19:45:00,2021-08-16 23:00:00,S,17233.4842009959,17302.75,-1389.315980082014,13,EOD,OOS,121781.04402492191
2021-08-19 08:30:00,2021-08-19 23:00:00,L,16957.11596715225,17111.0,3073.680656954981,58,EOD,OOS,124854.72468187689
2021-08-23 02:45:00,2021-08-23 23:00:00,L,17272.649107785423,17495.5,4453.017844291549,81,EOD,OOS,129307.74252616844
2021-08-25 12:30:00,2021-08-25 23:00:00,L,17533.88270934817,17534.5,8.345813036590698,42,EOD,OOS,129316.08833920503
2021-08-26 07:30:00,2021-08-26 23:00:00,S,17498.40251791869,17455.0,864.0503583738027,62,EOD,OOS,130180.13869757883
2021-09-01 16:15:00,2021-09-01 23:00:00,S,17846.92389065617,17777.75,1379.4778131233907,27,EOD,OOS,131559.61651070224
2021-09-02 20:15:00,2021-09-02 23:00:00,L,17733.049893288546,17768.0,695.0021342290856,11,EOD,OOS,132254.61864493132
2021-09-06 08:15:00,2021-09-06 19:00:00,S,17844.74062100345,17869.0,-489.18757993100735,43,EOD,OOS,131765.4310650003
2021-09-07 11:45:00,2021-09-07 23:00:00,L,17810.851233985562,17839.25,563.9753202887514,45,EOD,OOS,132329.40638528904
2021-09-15 16:15:00,2021-09-15 23:00:00,L,17512.677504156025,17684.5,3432.449916879501,27,EOD,OOS,135761.85630216854
2021-09-17 21:45:00,2021-09-17 23:00:00,S,17512.64286179881,17459.5,1058.8572359761893,5,EOD,OOS,136820.71353814472
2021-09-22 03:15:00,2021-09-22 16:30:00,S,17194.600339561675,17294.850339561675,-2009.0,53,SL,OOS,134811.71353814472
2021-09-22 20:00:00,2021-09-22 23:00:00,L,17293.5896354276,17354.5,1214.2072914479795,12,EOD,OOS,136025.92082959268
2021-09-27 06:00:00,2021-09-27 12:15:00,L,17547.361683844712,17447.111683844712,-2009.0,25,SL,OOS,134016.92082959268
2021-09-27 20:00:00,2021-09-27 23:00:00,S,17373.845139142813,17348.25,507.90278285626846,12,EOD,OOS,134524.82361244893
2021-09-30 20:15:00,2021-09-30 23:00:00,S,16963.586074576717,16869.0,1887.7214915343357,11,EOD,OOS,136412.54510398326
2021-10-01 08:00:00,2021-10-01 13:30:00,S,16796.8548279568,16897.1048279568,-2009.0,22,SL,OOS,134403.54510398326
2021-10-01 15:45:00,2021-10-01 16:30:00,L,16846.968300558172,16746.718300558172,-2009.0,3,SL,OOS,132394.54510398326
2021-10-11 00:30:00,2021-10-11 23:00:00,L,16933.97630489999,16861.25,-1458.5260979997693,90,EOD,OOS,130936.01900598349
2021-10-18 01:30:00,2021-10-18 23:00:00,L,17276.11946592101,17465.0,3773.6106815798266,86,EOD,OOS,134709.6296875633
2021-10-20 16:15:00,2021-10-20 23:00:00,L,17561.479487815297,17534.0,-553.5897563059407,27,EOD,OOS,134156.03993125737
2021-10-21 08:00:00,2021-10-21 23:00:00,L,17485.785296578615,17557.5,1430.2940684276982,60,EOD,OOS,135586.33399968507
2021-10-27 21:15:00,2021-10-27 23:00:00,L,17842.466155358274,17769.25,-1468.3231071654736,7,EOD,OOS,134118.0108925196
2021-11-01 01:30:00,2021-11-02 00:00:00,S,18078.71707910852,18067.5,220.34158217038203,86,EOD,OOS,134338.35247469
2021-11-03 12:00:00,2021-11-04 00:00:00,L,18141.203109930302,18332.75,3826.9378013939568,44,EOD,OOS,138165.29027608398
2021-11-05 17:45:00,2021-11-05 18:30:00,L,18584.988988538367,18484.738988538367,-2009.0,3,SL,OOS,136156.29027608398
2021-11-08 00:30:00,2021-11-08 23:00:00,L,18488.26114530771,18499.0,210.77709384576883,90,EOD,OOS,136367.06736992975
2021-11-12 20:45:00,2021-11-12 23:00:00,L,18338.496046062017,18376.25,751.0790787596634,9,EOD,OOS,137118.1464486894
2021-11-17 09:45:00,2021-11-17 23:00:00,S,18501.57159128279,18499.0,47.4318256558181,53,EOD,OOS,137165.5782743452
2021-11-18 14:15:00,2021-11-18 23:00:00,L,18565.277975735284,18681.75,2325.440485294326,35,EOD,OOS,139491.01875963953
2021-11-22 06:00:00,2021-11-22 18:00:00,L,18793.225000910872,18692.975000910872,-2009.0,48,SL,OOS,137482.01875963953
2021-11-24 17:30:00,2021-11-24 23:00:00,S,18482.641710316933,18531.5,-981.1657936613337,22,EOD,OOS,136500.8529659782
2021-11-25 02:30:00,2021-11-25 19:00:00,S,18554.873532244404,18581.25,-531.5293551119103,66,EOD,OOS,135969.3236108663
2021-11-26 01:30:00,2021-11-26 03:30:00,L,18532.968916719718,18432.718916719718,-2009.0,8,SL,OOS,133960.3236108663
2021-11-30 03:15:00,2021-11-30 06:30:00,L,18595.506436386077,18495.256436386077,-2009.0,13,SL,OOS,131951.3236108663
2021-11-30 13:30:00,2021-11-30 16:15:00,S,18505.680483526216,18605.930483526216,-2009.0,11,SL,OOS,129942.3236108663
2021-12-03 15:45:00,2021-12-03 16:00:00,L,18143.85500803583,18043.60500803583,-2009.0,1,SL,OOS,127933.3236108663
2021-12-03 22:00:00,2021-12-03 23:00:00,S,17823.026271279658,17864.25,-828.4745744068496,4,EOD,OOS,127104.84903645945
2021-12-07 15:15:00,2021-12-07 23:00:00,L,18290.982694232847,18543.0,5036.346115343054,31,EOD,OOS,132141.1951518025
2021-12-13 09:15:00,2021-12-13 16:00:00,L,18531.27003235384,18431.02003235384,-2009.0,27,SL,OOS,130132.1951518025
2021-12-13 21:00:00,2021-12-13 23:15:00,S,18363.727856664653,18265.0,1970.5571332930558,9,EOD,OOS,132102.75228509557
2021-12-20 13:15:00,2021-12-20 23:00:00,S,17773.20536214683,17848.75,-1514.8927570634114,39,EOD,OOS,130587.85952803216
2021-12-23 02:15:00,2021-12-23 23:00:00,L,18336.525107226535,18475.25,2770.497855469308,83,EOD,OOS,133358.35738350148
2021-12-27 07:15:00,2021-12-27 23:00:00,L,18501.472643754907,18742.25,4811.547124901859,63,EOD,OOS,138169.90450840333
2021-12-29 20:00:00,2021-12-29 23:00:00,S,18634.338113819707,18654.25,-402.2377236058528,12,EOD,OOS,137767.66678479747
2021-12-30 20:15:00,2021-12-30 22:00:00,L,18699.13909477782,18598.88909477782,-2009.0,7,SL,OOS,135758.66678479747
2021-12-31 08:15:00,2021-12-31 23:00:00,S,18591.051145607442,18504.25,1732.0229121488373,59,EOD,OOS,137490.6896969463
2022-01-03 16:00:00,2022-01-03 23:00:00,L,18534.91414172829,18668.0,2657.7171654341655,28,EOD,OOS,140148.40686238045
2022-01-07 21:15:00,2022-01-07 23:00:00,S,17839.287715409548,17743.0,1921.7543081909535,7,EOD,OOS,142070.1611705714
2022-01-12 03:00:00,2022-01-12 23:00:00,L,17982.62230483073,18067.5,1693.5539033854147,80,EOD,OOS,143763.71507395682
2022-01-17 01:15:00,2022-01-17 19:00:00,L,17745.643646314435,17731.5,-286.8729262886918,71,EOD,OOS,143476.84214766813
2022-01-18 13:30:00,2022-01-18 23:00:00,S,17526.498272949622,17412.25,2280.9654589924467,38,EOD,OOS,145757.8076066606
2022-01-20 01:30:00,2022-01-20 08:45:00,S,17235.453412033123,17335.703412033123,-2009.0,29,SL,OOS,143748.8076066606
2022-01-20 09:30:00,2022-01-20 21:30:00,L,17254.999549851356,17154.749549851356,-2009.0,48,SL,OOS,141739.8076066606
2022-01-24 20:00:00,2022-01-24 21:30:00,S,16327.225240291426,16427.475240291424,-2008.9999999999636,6,SL,OOS,139730.80760666062
2022-01-26 15:45:00,2022-01-26 21:00:00,L,16531.439261828666,16431.189261828666,-2009.0,21,SL,OOS,137721.80760666062
2022-01-28 17:00:00,2022-01-28 17:30:00,S,16283.37904040684,16383.62904040684,-2009.0,2,SL,OOS,135712.80760666062
2022-01-28 20:15:00,2022-01-28 20:45:00,L,16339.734884373498,16239.484884373498,-2009.0,2,SL,OOS,133703.80760666062
2022-02-01 10:30:00,2022-02-01 16:15:00,L,17051.197809709804,16950.947809709804,-2009.0,23,SL,OOS,131694.80760666062
2022-02-02 09:45:00,2022-02-02 16:00:00,L,17332.862107221994,17232.612107221994,-2009.0,25,SL,OOS,129685.80760666062
2022-02-04 19:15:00,2022-02-04 21:15:00,S,16876.05249994692,16976.30249994692,-2009.0,8,SL,OOS,127676.80760666062
2022-02-08 15:45:00,2022-02-08 17:15:00,S,16718.550078185464,16818.800078185464,-2009.0,6,SL,OOS,125667.80760666062
2022-02-15 14:45:00,2022-02-15 23:00:00,L,16687.206088176234,16754.0,1331.8782364753279,33,EOD,OOS,126999.68584313594
2022-02-21 02:45:00,2022-02-21 19:00:00,S,16232.496750234372,15908.25,6480.9350046874315,65,EOD,OOS,133480.6208478234
2022-02-28 08:15:00,2022-02-28 09:00:00,S,16075.388952625275,16175.638952625275,-2009.0,3,SL,OOS,131471.6208478234
2022-02-28 20:15:00,2022-02-28 23:00:00,L,16189.478146915508,16390.25,4011.437061689845,11,EOD,OOS,135483.05790951324
2022-03-03 16:30:00,2022-03-03 17:30:00,L,16311.234307351118,16210.984307351118,-2009.0,4,SL,OOS,133474.05790951324
2022-03-07 04:30:00,2022-03-07 13:15:00,S,15764.164965290696,15864.414965290696,-2009.0,35,SL,OOS,131465.05790951324
2022-03-11 15:45:00,2022-03-11 16:00:00,L,15848.985030354577,15748.735030354577,-2009.0,1,SL,OOS,129456.05790951324
2022-03-11 20:00:00,2022-03-11 23:00:00,S,15680.757876476126,15477.75,4056.157529522512,12,EOD,OOS,133512.21543903576
2022-03-14 03:15:00,2022-03-14 13:00:00,L,15515.519234249472,15415.269234249472,-2009.0,39,SL,OOS,131503.21543903576
2022-03-14 15:00:00,2022-03-15 00:00:00,S,15509.558800343166,15277.25,4642.176006863316,32,EOD,OOS,136145.3914458991
2022-03-21 01:30:00,2022-03-21 15:15:00,L,16558.754705481715,16458.504705481715,-2009.0,55,SL,OOS,134136.3914458991
2022-03-21 21:00:00,2022-03-22 00:00:00,S,16547.71600691769,16544.0,70.32013835379621,8,EOD,OOS,134206.7115842529
2022-03-24 16:15:00,2022-03-24 19:15:00,S,16748.280145268785,16848.530145268785,-2009.0,12,SL,OOS,132197.7115842529
2022-03-28 18:00:00,2022-03-28 23:00:00,L,16908.3788334623,17155.25,4933.423330754027,20,EOD,OOS,137131.13491500693
2022-03-31 16:15:00,2022-03-31 22:00:00,L,17169.298009121558,17069.048009121558,-2009.0,23,SL,OOS,135122.13491500693
2022-04-08 11:15:00,2022-04-08 15:15:00,L,16748.609248140307,16648.359248140307,-2009.0,16,SL,OOS,133113.13491500693
2022-04-14 06:15:00,2022-04-14 23:00:00,S,16445.56823832459,16067.0,7567.364766491824,67,EOD,OOS,140680.49968149874
2022-04-19 03:00:00,2022-04-19 11:30:00,L,16118.238086299774,16017.988086299774,-2009.0,34,SL,OOS,138671.49968149874
2022-04-19 14:00:00,2022-04-19 16:15:00,S,16100.899445899402,16201.149445899402,-2009.0,9,SL,OOS,136662.49968149874
2022-04-25 02:15:00,2022-04-25 09:15:00,L,15475.257884427152,15375.007884427152,-2009.0,28,SL,OOS,134653.49968149874
2022-04-25 09:30:00,2022-04-25 16:45:00,S,15493.71275373728,15593.96275373728,-2009.0,29,SL,OOS,132644.49968149874
2022-04-26 05:00:00,2022-04-26 21:30:00,S,15737.808194567451,15238.058194567451,9991.0,66,TP,OOS,142635.49968149874
2022-04-28 09:30:00,2022-04-28 19:15:00,S,15446.587839413214,15546.837839413214,-2009.0,39,SL,OOS,140626.49968149874
2022-04-28 22:15:00,2022-04-28 22:15:00,L,15578.230175316785,15477.980175316785,-2009.0,1,SL_SAMEBAR,OOS,138617.49968149874
2022-05-03 03:00:00,2022-05-03 23:00:00,S,15272.5,15295.75,-469.0,80,EOD,OOS,138148.49968149874
2022-05-04 18:30:00,2022-05-04 19:45:00,S,15209.428674077999,15309.678674077999,-2009.0,5,SL,OOS,136139.49968149874
2022-05-04 20:45:00,2022-05-04 21:45:00,L,15149.420963258837,15649.170963258837,9991.0,4,TP,OOS,146130.49968149874
2022-05-09 05:15:00,2022-05-09 23:00:00,S,14752.59314500813,14380.25,7442.862900162596,71,EOD,OOS,153573.36258166132
2022-05-11 14:30:00,2022-05-11 14:45:00,L,14655.453141534948,14555.203141534948,-2009.0,1,SL,OOS,151564.36258166132
2022-05-13 08:15:00,2022-05-13 23:00:00,L,14265.047346764313,14538.25,5460.053064713735,59,EOD,OOS,157024.41564637504
2022-05-17 13:15:00,2022-05-17 16:45:00,L,14648.184339710373,14547.934339710373,-2009.0,14,SL,OOS,155015.41564637504
2022-05-20 13:15:00,2022-05-20 16:15:00,L,14205.623106353385,14105.373106353385,-2009.0,12,SL,OOS,153006.41564637504
2022-05-20 21:30:00,2022-05-20 21:45:00,S,13813.193688443711,13913.443688443711,-2009.0,1,SL,OOS,150997.41564637504
2022-05-24 12:00:00,2022-05-24 23:00:00,S,14006.026025166173,13985.5,406.5205033234597,44,EOD,OOS,151403.9361496985
2022-06-07 09:45:00,2022-06-07 16:45:00,S,14721.025878344411,14821.275878344411,-2009.0,28,SL,OOS,149394.9361496985
2022-06-09 06:00:00,2022-06-09 12:30:00,S,14775.297987074944,14875.547987074944,-2009.0,26,SL,OOS,147385.9361496985
2022-06-09 14:00:00,2022-06-09 15:00:00,L,14812.137869422499,14711.887869422499,-2009.0,4,SL,OOS,145376.9361496985
2022-06-15 20:15:00,2022-06-15 20:45:00,L,13626.424108180765,13526.174108180765,-2009.0,2,SL,OOS,143367.9361496985
2022-06-20 00:45:00,2022-06-20 19:00:00,S,13540.535307918835,13565.25,-498.2938416232937,73,EOD,OOS,142869.6423080752
2022-06-21 07:45:00,2022-06-21 23:00:00,L,13623.687041316593,13725.5,2032.2591736681497,61,EOD,OOS,144901.90148174338
2022-06-24 08:45:00,2022-06-24 23:00:00,L,13969.16075130135,14276.75,6147.784973973008,57,EOD,OOS,151049.68645571638
2022-06-28 07:45:00,2022-06-28 09:15:00,S,14186.903175085616,14287.153175085616,-2009.0,6,SL,OOS,149040.68645571638
2022-06-28 14:30:00,2022-06-28 16:45:00,L,14214.188425481852,14113.938425481852,-2009.0,9,SL,OOS,147031.68645571638
2022-06-30 14:45:00,2022-06-30 18:30:00,S,13669.783847040842,13770.033847040842,-2009.0,15,SL,OOS,145022.68645571638
2022-07-05 04:45:00,2022-07-05 10:30:00,L,13805.007780840273,13704.757780840273,-2009.0,23,SL,OOS,143013.68645571638
2022-07-05 16:45:00,2022-07-05 18:30:00,S,13673.359656444505,13773.609656444505,-2009.0,7,SL,OOS,141004.68645571638
2022-07-11 19:15:00,2022-07-11 23:00:00,S,14104.190814540096,14045.0,1179.8162908019149,15,EOD,OOS,142184.5027465183
2022-07-15 01:45:00,2022-07-15 15:45:00,S,13995.205643878984,14095.455643878984,-2009.0,56,SL,OOS,140175.5027465183
2022-07-15 21:45:00,2022-07-15 23:00:00,L,14106.095405690048,14163.25,1139.0918861990358,5,EOD,OOS,141314.59463271732
2022-07-18 02:45:00,2022-07-18 21:00:00,L,14183.54492216607,14083.29492216607,-2009.0,73,SL,OOS,139305.59463271732
2022-07-21 15:45:00,2022-07-21 23:00:00,L,14560.263480001075,14716.5,3120.730399978507,29,EOD,OOS,142426.32503269584
2022-07-26 22:15:00,2022-07-26 23:00:00,S,14287.315731900562,14340.75,-1072.6853619887552,3,EOD,OOS,141353.63967070708
2022-08-01 19:15:00,2022-08-01 23:00:00,L,15126.821081044844,15124.25,-55.4216208968719,15,EOD,OOS,141298.2180498102
2022-08-02 15:45:00,2022-08-02 17:00:00,S,15031.460449564875,15131.710449564875,-2009.0,5,SL,OOS,139289.2180498102
2022-08-02 22:15:00,2022-08-02 23:00:00,L,15050.621209986402,15064.25,268.5758002719522,3,EOD,OOS,139557.79385008215
2022-08-05 03:30:00,2022-08-05 23:00:00,S,15506.639335443839,15361.0,2908.7867088767744,78,EOD,OOS,142466.58055895893
2022-08-09 21:00:00,2022-08-09 23:00:00,S,15185.916568381543,15200.25,-290.6686323691465,8,EOD,OOS,142175.9119265898
2022-08-15 16:00:00,2022-08-15 19:00:00,S,15709.228610275735,15809.478610275735,-2009.0,12,SL,OOS,140166.9119265898
2022-08-16 21:00:00,2022-08-16 23:00:00,L,15733.240976536412,15807.5,1481.1804692717633,8,EOD,OOS,141648.09239586155
2022-08-19 15:30:00,2022-08-19 23:00:00,S,15537.281152982967,15394.5,2851.6230596593377,30,EOD,OOS,144499.7154555209
2022-08-25 11:15:00,2022-08-25 23:00:00,L,15192.672266006182,15288.75,1917.5546798763535,47,EOD,OOS,146417.27013539727
2022-08-30 21:15:00,2022-08-30 23:00:00,S,14482.572629582186,14505.0,-452.54740835628036,7,EOD,OOS,145964.722727041
2022-09-01 09:15:00,2022-09-01 22:00:00,S,14322.316951056599,14422.566951056599,-2009.0,51,SL,OOS,143955.722727041
2022-09-06 02:30:00,2022-09-06 23:00:00,S,14332.17535833384,14164.75,3344.507166676791,82,EOD,OOS,147300.2298937178
2022-09-09 06:15:00,2022-09-09 16:00:00,S,14541.706333325748,14641.956333325748,-2009.0,39,SL,OOS,145291.2298937178
2022-09-13 02:30:00,2022-09-13 14:45:00,L,14907.257556695857,14807.007556695857,-2009.0,49,SL,OOS,143282.2298937178
2022-09-13 19:30:00,2022-09-13 23:00:00,S,14397.639071736707,14196.25,4023.7814347341337,14,EOD,OOS,147306.01132845192
2022-09-15 02:15:00,2022-09-15 15:30:00,L,14302.48293281664,14202.23293281664,-2009.0,53,SL,OOS,145297.01132845192
2022-09-15 16:15:00,2022-09-15 23:00:00,S,14290.167426262877,14042.25,4954.348525257534,27,EOD,OOS,150251.35985370947
2022-09-19 21:15:00,2022-09-19 22:15:00,S,14026.506447748541,14126.756447748541,-2009.0,4,SL,OOS,148242.35985370947
2022-09-23 08:15:00,2022-09-23 23:00:00,S,13626.752797369247,13457.25,3386.0559473849353,59,EOD,OOS,151628.4158010944
2022-09-27 16:15:00,2022-09-27 18:00:00,L,13517.305983814642,13417.055983814642,-2009.0,7,SL,OOS,149619.4158010944
2022-09-27 20:45:00,2022-09-27 23:00:00,S,13371.143882732731,13423.5,-1051.1223453453786,9,EOD,OOS,148568.29345574902
2022-10-03 08:00:00,2022-10-03 15:00:00,S,13074.140990464433,13174.390990464433,-2009.0,28,SL,OOS,146559.29345574902
2022-10-05 21:30:00,2022-10-05 23:00:00,S,13769.240826182056,13697.25,1435.8165236411296,6,EOD,OOS,147995.10997939017
2022-10-06 08:15:00,2022-10-06 10:45:00,L,13749.597672287413,13649.347672287413,-2009.0,10,SL,OOS,145986.10997939017
2022-10-06 14:45:00,2022-10-06 15:45:00,S,13680.156785618328,13780.406785618328,-2009.0,4,SL,OOS,143977.10997939017
2022-10-07 02:30:00,2022-10-07 23:00:00,S,13589.681645166636,13165.5,8479.632903332727,82,EOD,OOS,152456.7428827229
2022-10-11 13:15:00,2022-10-11 18:45:00,S,12986.970789847372,13087.220789847372,-2009.0,22,SL,OOS,150447.7428827229
2022-10-13 09:30:00,2022-10-13 14:30:00,S,12920.261438736978,13020.511438736978,-2009.0,20,SL,OOS,148438.7428827229
2022-10-13 14:45:00,2022-10-13 14:45:00,L,12897.927465508612,12797.677465508612,-2009.0,1,SL_SAMEBAR,OOS,146429.7428827229
2022-10-17 02:45:00,2022-10-17 23:00:00,L,12838.834855337955,13202.75,7274.302893240907,81,EOD,OOS,153704.0457759638
2022-10-18 00:30:00,2022-10-18 05:45:00,S,13239.327611884397,13339.577611884397,-2009.0,21,SL,OOS,151695.0457759638
2022-10-18 09:15:00,2022-10-18 17:15:00,L,13359.513710463607,13259.263710463607,-2009.0,32,SL,OOS,149686.0457759638
2022-10-19 22:15:00,2022-10-19 23:00:00,S,13237.81498250316,13220.25,347.29965006319253,3,EOD,OOS,150033.345426027
2022-10-20 07:15:00,2022-10-20 14:30:00,S,13163.36411486964,13263.61411486964,-2009.0,29,SL,OOS,148024.345426027
2022-10-20 18:30:00,2022-10-20 20:00:00,L,13248.493321592812,13148.243321592812,-2009.0,6,SL,OOS,146015.345426027
2022-10-21 04:30:00,2022-10-21 16:00:00,S,13114.096159168448,13214.346159168448,-2009.0,46,SL,OOS,144006.345426027
2022-10-25 22:15:00,2022-10-25 23:15:00,L,13685.008766564899,13654.5,-614.1753312979781,4,EOD,OOS,143392.17009472902
2022-10-26 23:00:00,2022-10-26 23:00:00,S,13561.072568369116,13543.5,347.45136738232395,1,EOD,OOS,143739.62146211136
2022-10-27 12:00:00,2022-10-27 16:00:00,L,13461.888059286539,13361.638059286539,-2009.0,16,SL,OOS,141730.62146211136
2022-10-31 01:45:00,2022-10-31 15:00:00,L,13604.827198575334,13504.577198575334,-2009.0,53,SL,OOS,139721.62146211136
2022-10-31 17:30:00,2022-11-01 00:00:00,S,13580.255078090064,13531.0,981.1015618012752,22,EOD,OOS,140702.72302391264
2022-11-04 19:45:00,2022-11-04 21:00:00,S,12858.616341010103,12958.866341010103,-2009.0,5,SL,OOS,138693.72302391264
2022-11-08 05:30:00,2022-11-08 23:00:00,L,13078.586579556199,13157.5,1574.2684088760288,70,EOD,OOS,140267.99143278867
2022-11-14 21:45:00,2022-11-14 23:00:00,L,13871.165068234666,13837.25,-682.301364693325,5,EOD,OOS,139585.69006809534
2022-11-15 17:15:00,2022-11-15 19:30:00,L,14037.318608124473,13937.068608124473,-2009.0,9,SL,OOS,137576.69006809534
2022-11-17 16:30:00,2022-11-17 19:00:00,S,13718.256707713497,13818.506707713497,-2009.0,10,SL,OOS,135567.69006809534
2022-11-21 14:15:00,2022-11-21 23:00:00,S,13699.996885870445,13658.25,830.9377174089022,35,EOD,OOS,136398.62778550424
2022-11-22 10:45:00,2022-11-22 20:15:00,S,13674.774314766406,13775.024314766406,-2009.0,38,SL,OOS,134389.62778550424
2022-11-24 05:30:00,2022-11-24 19:00:00,L,13959.70977875245,13979.5,391.80442495098396,54,EOD,OOS,134781.43221045524
2022-11-25 11:00:00,2022-11-25 19:15:00,L,13925.533091110432,13855.5,-1404.66182220864,33,EOD,OOS,133376.7703882466
2022-12-02 21:00:00,2022-12-02 23:00:00,S,14019.517234511453,14048.25,-578.655309770933,8,EOD,OOS,132798.11507847568
2022-12-08 15:45:00,2022-12-08 23:00:00,L,13586.699711160745,13707.75,2417.005776785096,29,EOD,OOS,135215.12085526076
2022-12-13 02:45:00,2022-12-13 14:45:00,L,13770.256749082988,14270.006749082988,9991.0,48,TP,OOS,145206.12085526076
2022-12-15 21:15:00,2022-12-15 23:00:00,S,13451.172324472062,13407.25,874.4464894412304,7,EOD,OOS,146080.567344702
2022-12-19 16:15:00,2022-12-19 20:15:00,L,13221.07246919864,13120.82246919864,-2009.0,16,SL,OOS,144071.567344702
2022-12-21 02:30:00,2022-12-21 17:15:00,S,13212.628363602731,13312.878363602731,-2009.0,59,SL,OOS,142062.567344702
2022-12-27 00:45:00,2022-12-27 23:00:00,S,13117.737412651131,12868.25,4985.748253022626,89,EOD,OOS,147048.31559772464
2023-01-03 12:45:00,2023-01-03 16:00:00,L,13068.563759638791,12968.313759638791,-2009.0,13,SL,OOS,145039.31559772464
2023-01-05 19:30:00,2023-01-05 23:00:00,S,12840.643812177941,12793.5,938.8762435588214,14,EOD,OOS,145978.19184128346
2023-01-10 15:15:00,2023-01-10 16:15:00,S,13116.841554933704,13217.091554933704,-2009.0,4,SL,OOS,143969.19184128346
2023-01-11 08:00:00,2023-01-11 23:00:00,L,13226.0773190101,13430.75,4089.4536197979833,60,EOD,OOS,148058.64546108144
2023-01-16 01:00:00,2023-01-16 19:00:00,L,13538.902821551055,13519.75,-387.0564310211048,72,EOD,OOS,147671.58903006034
2023-01-17 22:00:00,2023-01-17 23:00:00,L,13565.056580058352,13579.0,274.8683988329649,4,EOD,OOS,147946.4574288933
2023-01-20 17:15:00,2023-01-20 20:15:00,S,13461.86582361386,13562.11582361386,-2009.0,12,SL,OOS,145937.4574288933
2023-01-27 22:15:00,2023-01-27 23:00:00,L,14172.704564496049,14176.75,76.90871007902024,3,EOD,OOS,146014.36613897234
2023-01-31 05:00:00,2023-01-31 23:00:00,L,13882.771588214559,14075.0,3840.56823570883,72,EOD,OOS,149854.93437468118
2023-02-01 15:45:00,2023-02-01 23:00:00,L,14077.10053883109,14461.0,7673.989223378208,29,EOD,OOS,157528.9235980594
2023-02-06 02:45:00,2023-02-06 12:45:00,L,14519.935682868485,14419.685682868485,-2009.0,40,SL,OOS,155519.9235980594
2023-02-06 13:15:00,2023-02-06 23:00:00,S,14467.069303194261,14469.25,-47.61393611477979,39,EOD,OOS,155472.30966194463
2023-02-13 20:45:00,2023-02-13 23:00:00,L,14467.216816594679,14500.75,666.6636681064265,9,EOD,OOS,156138.97333005106
2023-02-16 02:15:00,2023-02-16 23:00:00,S,14728.472683904574,14422.5,6115.453678091486,83,EOD,OOS,162254.42700814255
2023-02-21 02:15:00,2023-02-21 10:00:00,L,14301.729799558796,14201.479799558796,-2009.0,31,SL,OOS,160245.42700814255
2023-02-21 15:45:00,2023-02-21 23:00:00,S,14235.157933245617,14067.75,3344.1586649123346,29,EOD,OOS,163589.58567305488
2023-02-23 03:15:00,2023-02-23 23:00:00,S,14160.433547852948,14149.25,219.67095705896645,79,EOD,OOS,163809.25663011384
2023-03-01 03:00:00,2023-03-01 12:00:00,S,13991.242401682171,14091.492401682171,-2009.0,36,SL,OOS,161800.25663011384
2023-03-01 14:15:00,2023-03-01 16:15:00,L,14059.428492749581,13959.178492749581,-2009.0,8,SL,OOS,159791.25663011384
2023-03-07 18:45:00,2023-03-07 23:00:00,S,14241.077384151358,14131.75,2182.5476830271655,17,EOD,OOS,161973.804313141
2023-03-09 15:15:00,2023-03-09 23:00:00,S,14211.280045436726,13965.5,4911.600908734523,31,EOD,OOS,166885.40522187552
2023-03-13 08:30:00,2023-03-13 10:00:00,L,13984.702533374595,13884.452533374595,-2009.0,6,SL,OOS,164876.40522187552
2023-03-13 12:15:00,2023-03-14 00:00:00,S,13947.721263081416,13919.25,565.425261628312,43,EOD,OOS,165441.83048350384
2023-03-15 03:30:00,2023-03-16 00:00:00,S,14183.024814609636,14245.75,-1258.503707807271,78,EOD,OOS,164183.32677569657
2023-03-20 04:45:00,2023-03-20 07:45:00,L,14491.557190763786,14391.307190763786,-2009.0,12,SL,OOS,162174.32677569657
2023-03-20 10:00:00,2023-03-21 00:00:00,S,14443.65286662727,14524.5,-1620.9426674546048,52,EOD,OOS,160553.38410824197
2023-03-27 02:30:00,2023-03-27 17:45:00,L,14745.165307596631,14644.915307596631,-2009.0,61,SL,OOS,158544.38410824197
2023-03-27 20:30:00,2023-03-27 23:00:00,S,14666.034364161318,14641.75,481.6872832263616,10,EOD,OOS,159026.07139146834
2023-03-31 02:30:00,2023-03-31 18:15:00,S,14944.482475661589,15044.732475661589,-2009.0,63,SL,OOS,157017.07139146834
2023-04-04 11:45:00,2023-04-04 23:00:00,S,15132.591663172338,15058.75,1472.8332634467515,45,EOD,OOS,158489.9046549151
2023-04-07 15:00:00,2023-04-07 15:15:00,S,15003.784132315843,15011.75,-163.31735368314548,1,EOD,OOS,158326.58730123195
2023-04-10 04:45:00,2023-04-10 15:45:00,L,14961.209455709935,14860.959455709935,-2009.0,44,SL,OOS,156317.58730123195
2023-04-10 22:00:00,2023-04-10 23:00:00,S,14988.28703589748,14993.5,-108.25928205040691,4,EOD,OOS,156209.32801918156
2023-04-12 10:15:00,2023-04-12 14:45:00,S,14908.489399496697,15008.739399496697,-2009.0,18,SL,OOS,154200.32801918156
2023-04-14 16:15:00,2023-04-14 23:00:00,S,15074.804353311556,15027.0,952.0870662311208,27,EOD,OOS,155152.41508541268
2023-04-18 10:45:00,2023-04-18 23:00:00,S,15061.993099964773,15014.5,945.8619992954627,49,EOD,OOS,156098.27708470816
2023-04-24 20:00:00,2023-04-24 23:00:00,S,14870.956867593231,14877.0,-124.86264813537127,12,EOD,OOS,155973.41443657278
2023-04-27 12:15:00,2023-04-27 23:00:00,L,14805.341558012275,15087.75,5644.168839754508,43,EOD,OOS,161617.5832763273
2023-05-01 08:00:00,2023-05-01 23:00:00,S,15163.83942194149,15116.5,942.7884388297898,60,EOD,OOS,162560.3717151571
2023-05-02 19:30:00,2023-05-02 23:00:00,S,15018.379327358507,14996.75,428.58654717013997,14,EOD,OOS,162988.95826232724
2023-05-10 10:00:00,2023-05-10 23:00:00,L,15069.75,15235.75,3316.0,52,EOD,OOS,166304.95826232724
2023-05-12 02:30:00,2023-05-12 23:00:00,S,15302.92305439809,15198.0,2094.461087961805,82,EOD,OOS,168399.41935028904
2023-05-16 10:00:00,2023-05-16 23:00:00,S,15307.544793063133,15330.75,-468.10413873734797,52,EOD,OOS,167931.3152115517
2023-05-17 18:45:00,2023-05-17 23:00:00,S,15398.205796698183,15468.25,-1404.8840660363421,17,EOD,OOS,166526.43114551535
2023-05-22 05:30:00,2023-05-22 23:00:00,S,15695.577660254625,15743.0,-952.4467949075042,70,EOD,OOS,165573.98435060785
2023-05-26 15:45:00,2023-05-26 16:15:00,S,15877.166144188308,15977.416144188308,-2009.0,2,SL,OOS,163564.98435060785
2023-05-30 10:45:00,2023-05-30 23:00:00,S,16300.74135646719,16230.25,1405.8271293437938,49,EOD,OOS,164970.81147995163
2023-06-01 07:15:00,2023-06-01 17:30:00,S,16119.078995301576,16219.328995301576,-2009.0,41,SL,OOS,162961.81147995163
2023-06-01 21:45:00,2023-06-01 23:00:00,L,16266.25585458214,16323.75,1145.8829083572127,5,EOD,OOS,164107.69438830885
2023-06-05 16:15:00,2023-06-05 23:00:00,S,16464.281161596762,16409.75,1086.623231935242,27,EOD,OOS,165194.3176202441
2023-06-07 16:30:00,2023-06-07 17:00:00,L,16381.395777276597,16281.145777276597,-2009.0,2,SL,OOS,163185.3176202441
2023-06-09 14:15:00,2023-06-09 16:00:00,S,16359.68170088437,16459.931700884372,-2009.0000000000364,7,SL,OOS,161176.31762024408
2023-06-09 22:00:00,2023-06-09 23:00:00,L,16371.310017437805,16393.25,434.79965124389855,4,EOD,OOS,161611.11727148798
2023-06-14 12:30:00,2023-06-14 20:15:00,L,16767.253989482168,16667.003989482168,-2009.0,31,SL,OOS,159602.11727148798
2023-06-19 11:00:00,2023-06-19 19:00:00,L,16901.94655296721,16886.75,-307.9310593441769,32,EOD,OOS,159294.1862121438
2023-06-20 04:15:00,2023-06-20 16:30:00,L,16883.04986945962,16782.79986945962,-2009.0,49,SL,OOS,157285.1862121438
2023-06-20 18:30:00,2023-06-20 23:00:00,S,16887.96754802566,16892.25,-89.64903948681604,18,EOD,OOS,157195.53717265697
2023-06-26 18:15:00,2023-06-26 23:00:00,L,16574.695266097173,16520.25,-1092.9053219434572,19,EOD,OOS,156102.63185071351
2023-06-28 19:00:00,2023-06-28 23:00:00,L,16727.52590184767,16804.0,1525.4819630465645,16,EOD,OOS,157628.11381376008
2023-06-30 21:15:00,2023-06-30 23:00:00,L,16983.177176237634,16964.0,-387.5435247526766,7,EOD,OOS,157240.5702890074
2023-07-05 03:30:00,2023-07-05 23:00:00,S,16994.33532976343,17002.5,-167.29340473137563,78,EOD,OOS,157073.276884276
2023-07-10 02:30:00,2023-07-10 23:00:00,L,16809.399561909424,16840.5,618.0087618115213,82,EOD,OOS,157691.28564608755
2023-07-11 08:45:00,2023-07-11 23:00:00,S,16884.91616481489,16910.5,-515.6767037021782,57,EOD,OOS,157175.60894238536
2023-07-17 03:15:00,2023-07-17 17:45:00,S,17332.300131018168,17432.550131018168,-2009.0,58,SL,OOS,155166.60894238536
2023-07-20 00:30:00,2023-07-20 16:30:00,L,17535.74721495577,17435.49721495577,-2009.0,64,SL,OOS,153157.60894238536
2023-07-24 20:00:00,2023-07-24 23:00:00,S,17227.446117050535,17217.0,204.92234101069334,12,EOD,OOS,153362.53128339606
2023-07-25 11:00:00,2023-07-25 20:45:00,S,17274.7675050657,17375.0175050657,-2009.0,39,SL,OOS,151353.53128339606
2023-07-25 22:00:00,2023-07-25 23:00:00,L,17319.184556884462,17374.5,1102.3088623107615,4,EOD,OOS,152455.84014570684
2023-07-31 03:00:00,2023-07-31 23:00:00,L,17500.897862092857,17516.5,308.0427581428521,80,EOD,OOS,152763.8829038497
2023-08-01 13:45:00,2023-08-01 23:00:00,L,17429.74574864935,17456.0,521.085027012974,37,EOD,OOS,153284.96793086268
2023-08-04 15:00:00,2023-08-04 23:00:00,S,17176.179939507092,17010.75,3304.598790141841,32,EOD,OOS,156589.56672100452
2023-08-08 02:15:00,2023-08-08 13:15:00,L,17127.763251404434,17027.513251404434,-2009.0,44,SL,OOS,154580.56672100452
2023-08-08 19:30:00,2023-08-08 23:00:00,S,16945.12597641649,16999.0,-1081.4804716702056,14,EOD,OOS,153499.08624933433
2023-08-14 07:15:00,2023-08-14 10:00:00,S,16714.861817290817,16815.111817290817,-2009.0,11,SL,OOS,151490.08624933433
2023-08-14 13:15:00,2023-08-14 15:45:00,L,16786.16971946267,16685.91971946267,-2009.0,10,SL,OOS,149481.08624933433
2023-08-16 15:45:00,2023-08-16 21:30:00,L,16705.993904962826,16605.743904962826,-2009.0,23,SL,OOS,147472.08624933433
2023-08-17 02:30:00,2023-08-17 21:00:00,L,16568.00695505215,16467.75695505215,-2009.0,74,SL,OOS,145463.08624933433
2023-08-21 15:15:00,2023-08-21 23:00:00,L,16454.65999051027,16619.5,3292.800189794594,31,EOD,OOS,148755.88643912892
2023-08-23 22:00:00,2023-08-23 23:00:00,L,16837.010514934926,17003.25,3320.789701301488,4,EOD,OOS,152076.6761404304
2023-08-28 14:45:00,2023-08-28 23:00:00,S,16713.02725557923,16746.0,-663.454888415421,33,EOD,OOS,151413.22125201498
2023-08-29 10:00:00,2023-08-29 23:00:00,L,16759.25058141054,17073.75,6285.988371789223,52,EOD,OOS,157699.2096238042
2023-08-31 07:15:00,2023-08-31 23:00:00,L,17150.762367835647,17184.0,660.7526432870654,63,EOD,OOS,158359.96226709126
2023-09-01 16:00:00,2023-09-01 23:00:00,L,17165.354507420045,17158.75,-136.09014840089367,28,EOD,OOS,158223.87211869037
2023-09-05 02:45:00,2023-09-05 23:00:00,L,17144.477965458438,17165.0,406.4406908312376,81,EOD,OOS,158630.31280952162
2023-09-11 16:00:00,2023-09-11 23:00:00,L,17021.764737000693,17121.25,1985.705259986149,28,EOD,OOS,160616.0180695078
2023-09-13 04:15:00,2023-09-13 23:00:00,L,16935.053825029172,17024.25,1779.92349941656,75,EOD,OOS,162395.94156892435
2023-09-15 08:00:00,2023-09-15 15:30:00,L,17157.54129001887,17057.29129001887,-2009.0,30,SL,OOS,160386.94156892435
2023-09-19 16:00:00,2023-09-19 23:00:00,L,16770.17248576603,16834.25,1277.550284679397,28,EOD,OOS,161664.49185360374
2023-09-22 03:45:00,2023-09-22 16:45:00,S,16324.375256703841,16424.62525670384,-2008.9999999999636,52,SL,OOS,159655.49185360377
2023-09-22 19:30:00,2023-09-22 20:30:00,L,16420.759034997285,16320.509034997285,-2009.0,4,SL,OOS,157646.49185360377
2023-09-25 13:45:00,2023-09-25 23:00:00,L,16285.945196697303,16402.25,2322.096066053942,37,EOD,OOS,159968.5879196577
2023-09-28 17:45:00,2023-09-28 23:00:00,S,16305.154117795992,16328.25,-465.9176440801675,21,EOD,OOS,159502.67027557752
2023-10-05 14:45:00,2023-10-05 16:15:00,L,16331.257443641616,16231.007443641616,-2009.0,6,SL,OOS,157493.67027557752
2023-10-05 20:45:00,2023-10-05 23:00:00,S,16341.926165490322,16312.5,584.5233098064418,9,EOD,OOS,158078.19358538397
2023-10-06 17:45:00,2023-10-06 20:15:00,S,16457.11349523066,16557.36349523066,-2009.0,10,SL,OOS,156069.19358538397
2023-10-10 08:15:00,2023-10-10 23:00:00,L,16657.528480940222,16733.25,1510.4303811955615,59,EOD,OOS,157579.62396657953
2023-10-11 16:15:00,2023-10-11 23:00:00,L,16765.514914743602,16862.0,1925.7017051279545,27,EOD,OOS,159505.32567170748
2023-10-12 03:00:00,2023-10-12 23:00:00,S,16877.93505814499,16775.75,2039.7011628998152,80,EOD,OOS,161545.0268346073
2023-10-17 20:00:00,2023-10-17 23:00:00,L,16667.75259823179,16693.75,515.9480353642139,12,EOD,OOS,162060.9748699715
2023-10-23 11:15:00,2023-10-23 23:00:00,L,16053.41378187704,16200.25,2932.7243624592084,47,EOD,OOS,164993.69923243072
2023-10-25 22:30:00,2023-10-25 23:00:00,S,15961.960056073836,15919.5,845.2011214767263,2,EOD,OOS,165838.90035390743
2023-10-30 05:45:00,2023-10-31 00:00:00,L,15780.362269342939,15858.75,1563.7546131412237,69,EOD,OOS,167402.65496704867
2023-11-07 15:45:00,2023-11-07 17:00:00,S,16731.63787332075,16831.88787332075,-2009.0,5,SL,OOS,165393.65496704867
2023-11-07 22:00:00,2023-11-07 23:00:00,L,16831.071988105094,16827.25,-80.43976210187247,4,EOD,OOS,165313.2152049468
2023-11-09 16:00:00,2023-11-09 23:00:00,S,16868.86632749631,16707.25,3228.3265499262197,28,EOD,OOS,168541.54175487303
2023-11-14 10:30:00,2023-11-14 14:45:00,S,17057.44241987184,17157.69241987184,-2009.0,17,SL,OOS,166532.54175487303
2023-11-14 20:15:00,2023-11-14 23:00:00,L,17276.096913984602,17344.25,1359.06172030796,11,EOD,OOS,167891.60347518098
2023-11-16 06:00:00,2023-11-16 23:00:00,S,17299.73028487232,17350.5,-1019.3943025536137,68,EOD,OOS,166872.20917262736
2023-11-17 10:15:00,2023-11-17 23:00:00,S,17363.50772794351,17326.0,746.1545588701993,51,EOD,OOS,167618.36373149755
2023-11-22 20:45:00,2023-11-22 23:00:00,L,17511.26156261808,17496.75,-294.2312523616274,9,EOD,OOS,167324.13247913594
2023-11-24 08:45:00,2023-11-24 19:15:00,L,17480.575393019106,17462.25,-370.50786038211663,42,EOD,OOS,166953.62461875382
2023-11-29 02:30:00,2023-11-29 15:45:00,S,17526.470705801665,17626.720705801665,-2009.0,53,SL,OOS,164944.62461875382
2023-11-29 16:30:00,2023-11-29 23:00:00,L,17550.556683171453,17492.5,-1165.1336634290637,26,EOD,OOS,163779.49095532476
2023-12-04 21:45:00,2023-12-04 23:00:00,S,17301.491121784507,17309.25,-159.17756430985173,5,EOD,OOS,163620.3133910149
2023-12-06 01:45:00,2023-12-06 23:00:00,S,17410.46977708125,17266.25,2880.395541624981,85,EOD,OOS,166500.7089326399
2023-12-11 16:15:00,2023-12-11 23:00:00,S,17618.550994920457,17696.75,-1567.9801015908597,27,EOD,OOS,164932.72883104903
2023-12-12 04:45:00,2023-12-12 22:00:00,S,17715.723172408983,17815.973172408983,-2009.0,69,SL,OOS,162923.72883104903
2023-12-13 03:00:00,2023-12-13 23:00:00,L,17843.037982445523,18003.25,3200.2403510895383,80,EOD,OOS,166123.96918213856
2023-12-18 16:30:00,2023-12-18 23:00:00,S,18132.36217617292,18163.0,-616.7564765416173,26,EOD,OOS,165507.21270559693
2023-12-20 01:30:00,2023-12-20 23:00:00,S,18276.844987438093,18036.0,4812.899748761862,86,EOD,OOS,170320.11245435878
2023-12-22 15:45:00,2023-12-22 23:00:00,S,18271.802272919762,18203.75,1357.0454583952378,29,EOD,OOS,171677.15791275402
2023-12-27 16:15:00,2023-12-27 23:00:00,L,18316.910846465427,18370.75,1072.7830706914538,27,EOD,OOS,172749.94098344547
2023-12-28 02:15:00,2023-12-28 23:00:00,S,18376.78498210541,18330.75,916.6996421082295,83,EOD,OOS,173666.6406255537
2024-01-04 13:30:00,2024-01-04 23:00:00,L,17759.539500300198,17691.5,-1364.7900060039537,38,EOD,OOS,172301.85061954975
2024-01-05 07:45:00,2024-01-05 23:00:00,L,17650.270456359503,17705.75,1105.5908728099312,61,EOD,OOS,173407.44149235968
2024-01-10 10:30:00,2024-01-10 23:00:00,S,18137.03190967849,18198.25,-1228.36180643017,50,EOD,OOS,172179.07968592952
2024-01-11 02:15:00,2024-01-11 23:00:00,S,18220.29735958647,18199.5,411.9471917294286,83,EOD,OOS,172591.02687765897
2024-01-16 01:00:00,2024-01-16 09:15:00,L,18175.440128312177,18075.190128312177,-2009.0,33,SL,OOS,170582.02687765897
2024-01-16 13:00:00,2024-01-16 16:30:00,S,18111.523169927394,18211.773169927394,-2009.0,14,SL,OOS,168573.02687765897
2024-01-19 01:00:00,2024-01-19 10:30:00,S,18373.523571460977,18473.773571460977,-2009.0,38,SL,OOS,166564.02687765897
2024-01-19 15:30:00,2024-01-19 23:00:00,L,18438.3923175434,18703.5,5298.153649132015,30,EOD,OOS,171862.18052679097
2024-01-23 13:00:00,2024-01-23 23:00:00,S,18718.553660056168,18793.75,-1507.926798876637,40,EOD,OOS,170354.25372791433
2024-01-24 03:15:00,2024-01-24 14:15:00,S,18827.82081196172,18928.07081196172,-2009.0,44,SL,OOS,168345.25372791433
2024-01-24 16:15:00,2024-01-24 23:00:00,L,18879.329155433898,18871.0,-170.5831086779508,27,EOD,OOS,168174.67061923636
2024-01-26 05:15:00,2024-01-26 23:00:00,L,18747.290402637336,18745.5,-39.80805274672457,71,EOD,OOS,168134.86256648964
2024-01-29 02:15:00,2024-01-29 20:15:00,S,18751.82221392623,18852.07221392623,-2009.0,72,SL,OOS,166125.86256648964
2024-02-06 08:15:00,2024-02-06 23:00:00,S,18990.75067863022,18891.5,1981.0135726043663,59,EOD,OOS,168106.876139094
2024-02-09 09:30:00,2024-02-09 17:15:00,S,19147.02494245419,19247.27494245419,-2009.0,31,SL,OOS,166097.876139094
2024-02-13 10:15:00,2024-02-13 14:45:00,L,19128.828281883936,19028.578281883936,-2009.0,18,SL,OOS,164088.876139094
2024-02-15 08:15:00,2024-02-15 23:00:00,S,19139.60336937347,19196.25,-1136.932612530567,59,EOD,OOS,162951.94352656344
2024-02-16 09:15:00,2024-02-16 23:00:00,S,19217.631632937988,18962.75,5093.632658759758,55,EOD,OOS,168045.57618532318
2024-02-20 03:00:00,2024-02-20 12:15:00,L,18955.97585176754,18855.72585176754,-2009.0,37,SL,OOS,166036.57618532318
2024-02-20 13:15:00,2024-02-20 23:00:00,S,18918.161402980968,18823.75,1884.2280596193596,39,EOD,OOS,167920.80424494256
2024-02-26 01:45:00,2024-02-26 23:00:00,L,19189.103778870245,19189.75,8.924422595096985,85,EOD,OOS,167929.72866753765
2024-02-27 19:15:00,2024-02-27 23:00:00,L,19162.82554708192,19253.0,1799.4890583615925,15,EOD,OOS,169729.21772589925
2024-02-28 14:00:00,2024-02-28 23:00:00,L,19165.356513295792,19101.25,-1286.1302659158391,36,EOD,OOS,168443.08745998342
2024-03-05 02:00:00,2024-03-05 11:15:00,L,19456.75951879265,19356.50951879265,-2009.0,37,SL,OOS,166434.08745998342
2024-03-05 13:15:00,2024-03-05 23:00:00,S,19407.161255676117,19224.5,3649.2251135223487,39,EOD,OOS,170083.31257350577
2024-03-07 08:00:00,2024-03-07 23:00:00,L,19205.787639481543,19494.75,5775.24721036914,60,EOD,OOS,175858.5597838749
2024-03-10 23:45:00,2024-03-11 00:00:00,L,19219.990126786946,19213.75,-128.80253573892696,1,EOD,OOS,175729.75724813598
2024-03-11 10:00:00,2024-03-12 00:00:00,L,19207.900967843594,19268.0,1197.9806431281177,52,EOD,OOS,176927.73789126409
2024-03-14 19:15:00,2024-03-15 00:00:00,S,19312.25322444979,19241.5,1411.0644889957766,15,EOD,OOS,178338.80238025985
2024-03-18 03:00:00,2024-03-18 12:15:00,S,19097.16153169926,19197.41153169926,-2009.0,37,SL,OOS,176329.80238025985
2024-03-18 18:00:00,2024-03-19 00:00:00,L,19243.863399207654,19176.75,-1346.2679841530771,20,EOD,OOS,174983.53439610678
2024-03-20 12:00:00,2024-03-20 19:15:00,S,19282.83403538353,19383.08403538353,-2009.0,29,SL,OOS,172974.53439610678
2024-03-22 07:45:00,2024-03-22 22:00:00,L,19559.758845980894,19554.0,-119.17691961787932,57,EOD,OOS,172855.35747648892
2024-03-25 01:15:00,2024-03-26 00:00:00,S,19578.829918018746,19522.5,1122.5983603749191,87,EOD,OOS,173977.95583686384
2024-03-27 17:45:00,2024-03-28 00:00:00,S,19432.710927748376,19472.75,-804.7814450324804,21,EOD,OOS,173173.17439183136
2024-04-01 04:15:00,2024-04-01 17:00:00,L,19567.844411640755,19467.594411640755,-2009.0,51,SL,OOS,171164.17439183136
2024-04-01 21:30:00,2024-04-01 23:00:00,S,19474.074699077693,19488.5,-292.50601844613266,6,EOD,OOS,170871.6683733852
2024-04-04 04:45:00,2024-04-04 15:15:00,S,19438.597394505712,19538.847394505712,-2009.0,42,SL,OOS,168862.6683733852
2024-04-04 20:00:00,2024-04-04 20:30:00,L,19485.275531361847,19385.025531361847,-2009.0,2,SL,OOS,166853.6683733852
2024-04-09 16:30:00,2024-04-09 16:45:00,L,19316.954212977576,19216.704212977576,-2009.0,1,SL,OOS,164844.6683733852
2024-04-15 19:00:00,2024-04-15 19:30:00,L,19076.095685389944,18975.845685389944,-2009.0,2,SL,OOS,162835.6683733852
2024-04-17 08:30:00,2024-04-17 18:15:00,L,18801.29060562762,18701.04060562762,-2009.0,39,SL,OOS,160826.6683733852
2024-04-17 20:45:00,2024-04-17 23:00:00,S,18767.673825179343,18654.0,2269.4765035868622,9,EOD,OOS,163096.14487697207
2024-04-19 02:00:00,2024-04-19 03:15:00,L,18494.275832711937,18394.025832711937,-2009.0,5,SL,OOS,161087.14487697207
2024-04-19 08:30:00,2024-04-19 14:15:00,S,18398.549862249813,18498.799862249813,-2009.0,23,SL,OOS,159078.14487697207
2024-04-23 22:00:00,2024-04-23 23:00:00,L,18585.29094381136,18646.75,1225.1811237727961,4,EOD,OOS,160303.32600074488
2024-04-25 03:00:00,2024-04-25 21:30:00,S,18480.557939383194,18580.807939383194,-2009.0,74,SL,OOS,158294.32600074488
2024-04-29 09:00:00,2024-04-29 21:15:00,L,18885.9762371245,18785.7262371245,-2009.0,49,SL,OOS,156285.32600074488
2024-04-30 17:15:00,2024-04-30 18:45:00,L,18783.686196569277,18683.436196569277,-2009.0,6,SL,OOS,154276.32600074488
2024-05-02 16:30:00,2024-05-02 23:00:00,L,18430.033708214338,18733.25,6060.325835713244,26,EOD,OOS,160336.65183645813
2024-05-03 03:00:00,2024-05-03 14:45:00,S,18758.810895806204,18859.060895806204,-2009.0,47,SL,OOS,158327.65183645813
2024-05-06 01:45:00,2024-05-06 23:00:00,L,19005.69528447599,19175.75,3397.0943104801845,85,EOD,OOS,161724.7461469383
2024-05-07 19:30:00,2024-05-07 23:00:00,L,19228.191724482756,19188.0,-807.834489655128,14,EOD,OOS,160916.91165728317
2024-05-08 14:15:00,2024-05-08 23:00:00,L,19129.327414169747,19151.0,429.45171660505,35,EOD,OOS,161346.36337388822
2024-05-10 02:45:00,2024-05-10 23:00:00,L,19216.604721761403,19229.5,253.90556477193604,81,EOD,OOS,161600.26893866016
2024-05-14 15:15:00,2024-05-14 23:00:00,L,19243.19109556058,19400.75,3147.178088788365,31,EOD,OOS,164747.4470274485
2024-05-17 13:45:00,2024-05-17 23:00:00,S,19664.332529685977,19624.5,792.6505937195325,37,EOD,OOS,165540.09762116804
2024-05-22 03:45:00,2024-05-22 20:15:00,L,19797.711090852725,19697.461090852725,-2009.0,66,SL,OOS,163531.09762116804
2024-05-22 22:15:00,2024-05-22 23:00:00,S,19804.150738886303,19807.0,-60.98522227394278,3,EOD,OOS,163470.1123988941
2024-05-28 10:45:00,2024-05-28 23:00:00,S,19961.55824034289,19941.25,402.1648068577779,49,EOD,OOS,163872.27720575186
2024-06-05 08:00:00,2024-06-05 23:00:00,L,19743.983130123073,20077.5,6666.337397538533,60,EOD,OOS,170538.6146032904
2024-06-07 19:00:00,2024-06-07 23:00:00,S,20125.494593460262,20021.0,2085.8918692052393,16,EOD,OOS,172624.50647249562
2024-06-11 19:15:00,2024-06-11 22:00:00,S,20130.07700710385,20230.32700710385,-2009.0,11,SL,OOS,170615.50647249562
2024-06-14 22:15:00,2024-06-14 23:00:00,S,20680.1659060376,20687.0,-140.68187924798985,3,EOD,OOS,170474.8245932476
2024-06-20 11:45:00,2024-06-20 15:45:00,L,21039.468998561435,20939.218998561435,-2009.0,16,SL,OOS,168465.8245932476
2024-06-26 03:00:00,2024-06-26 23:00:00,S,20716.45791836782,20684.5,635.158367356431,80,EOD,OOS,169100.98296060404
2024-06-27 03:00:00,2024-06-27 23:00:00,L,20618.78233664736,20797.75,3575.353267052793,80,EOD,OOS,172676.33622765684
2024-07-02 19:15:00,2024-07-02 22:00:00,S,20887.932069570943,20988.182069570943,-2009.0,11,SL,OOS,170667.33622765684
2024-07-05 01:30:00,2024-07-05 14:45:00,S,21121.290901158907,21221.540901158907,-2009.0,53,SL,OOS,168658.33622765684
2024-07-05 15:00:00,2024-07-05 23:00:00,L,21155.481941675454,21321.75,3321.3611664909113,32,EOD,OOS,171979.69739414775
2024-07-09 01:15:00,2024-07-09 23:00:00,S,21448.079799889358,21418.5,587.5959977871535,87,EOD,OOS,172567.2933919349
2024-07-15 19:15:00,2024-07-15 23:00:00,L,21322.42430693571,21355.5,657.5138612857845,15,EOD,OOS,173224.80725322067
2024-07-17 20:45:00,2024-07-17 23:00:00,S,20804.457730482,20747.5,1135.154609640027,9,EOD,OOS,174359.9618628607
2024-07-19 21:15:00,2024-07-19 23:00:00,S,20482.828690355243,20432.25,1007.573807104869,7,EOD,OOS,175367.53566996558
2024-07-22 17:30:00,2024-07-22 23:00:00,L,20622.279049705077,20711.0,1770.4190058984532,22,EOD,OOS,177137.95467586402
2024-07-24 05:30:00,2024-07-24 10:30:00,L,20537.727021397426,20437.477021397426,-2009.0,20,SL,OOS,175128.95467586402
2024-07-29 09:15:00,2024-07-29 17:15:00,L,20019.07334099703,19918.82334099703,-2009.0,32,SL,OOS,173119.95467586402
2024-07-30 06:15:00,2024-07-30 09:45:00,S,19871.189768279593,19971.439768279593,-2009.0,14,SL,OOS,171110.95467586402
2024-07-30 16:00:00,2024-07-30 16:45:00,L,19975.980537736807,19875.730537736807,-2009.0,3,SL,OOS,169101.95467586402
2024-08-05 10:15:00,2024-08-05 14:30:00,S,18652.910636144832,18153.160636144832,9991.0,17,TP,OOS,179092.95467586402
2024-08-12 10:15:00,2024-08-12 23:00:00,S,19412.957653073492,19357.0,1115.1530614698422,51,EOD,OOS,180208.10773733386
2024-08-13 12:15:00,2024-08-13 23:00:00,L,19449.4340266998,19829.5,7597.319466003988,43,EOD,OOS,187805.42720333784
2024-08-15 07:15:00,2024-08-15 23:00:00,L,19932.83001859511,20298.5,7309.399628097832,63,EOD,OOS,195114.82683143567
2024-08-19 06:00:00,2024-08-19 10:15:00,L,20372.641101967743,20272.391101967743,-2009.0,17,SL,OOS,193105.82683143567
2024-08-21 18:15:00,2024-08-21 23:00:00,L,20509.449640685485,20648.0,2767.0071862902987,19,EOD,OOS,195872.83401772595
2024-09-02 16:30:00,2024-09-02 19:00:00,L,20319.1201046254,20377.25,1158.5979074920178,10,EOD,OOS,197031.43192521797
2024-09-03 00:30:00,2024-09-03 17:00:00,S,20408.150150951296,19908.400150951296,9991.0,66,TP,OOS,207022.43192521797
2024-09-05 16:30:00,2024-09-05 23:00:00,S,19828.720643456156,19655.5,3460.4128691231163,26,EOD,OOS,210482.84479434107
2024-09-10 02:15:00,2024-09-10 11:15:00,L,19425.49269033955,19325.24269033955,-2009.0,36,SL,OOS,208473.84479434107
2024-09-10 14:00:00,2024-09-10 15:45:00,S,19431.191245458,19531.441245458,-2009.0,7,SL,OOS,206464.84479434107
2024-09-11 16:15:00,2024-09-11 16:30:00,L,19481.870194285173,19381.620194285173,-2009.0,1,SL,OOS,204455.84479434107
2024-09-13 13:30:00,2024-09-13 23:00:00,L,20178.272000954195,20233.75,1105.5599809160922,38,EOD,OOS,205561.40477525716
2024-09-16 16:30:00,2024-09-16 23:00:00,L,20111.86664617942,20143.75,633.6670764115988,26,EOD,OOS,206195.07185166876
2024-09-23 02:45:00,2024-09-23 23:00:00,S,20588.337258498945,20557.25,617.7451699788944,81,EOD,OOS,206812.81702164764
2024-09-24 13:00:00,2024-09-24 16:15:00,L,20610.80723037387,20510.55723037387,-2009.0,13,SL,OOS,204803.81702164764
2024-09-24 18:00:00,2024-09-24 23:00:00,S,20707.38877180285,20679.25,558.7754360569816,20,EOD,OOS,205362.59245770462
2024-09-26 02:15:00,2024-09-26 07:00:00,S,20771.37149341919,20871.62149341919,-2009.0,19,SL,OOS,203353.59245770462
2024-09-26 15:45:00,2024-09-26 16:30:00,L,20951.07167487422,20850.82167487422,-2009.0,3,SL,OOS,201344.59245770462
2024-09-30 02:00:00,2024-09-30 23:00:00,S,20772.254870722612,20727.25,896.0974144522479,84,EOD,OOS,202240.6898721569
2024-10-03 16:30:00,2024-10-03 23:00:00,S,20558.203029175762,20452.25,2115.0605835152382,26,EOD,OOS,204355.75045567213
2024-10-08 01:00:00,2024-10-08 23:00:00,L,20453.548657459276,20779.75,6520.02685081448,88,EOD,OOS,210875.77730648662
2024-10-10 20:00:00,2024-10-10 23:00:00,L,20900.01520751962,20926.5,525.6958496075968,12,EOD,OOS,211401.4731560942
2024-10-14 12:30:00,2024-10-14 15:45:00,S,21000.801293112854,21101.051293112854,-2009.0,13,SL,OOS,209392.4731560942
2024-10-17 08:45:00,2024-10-17 13:00:00,S,20920.910853091784,21021.160853091784,-2009.0,17,SL,OOS,207383.4731560942
2024-10-17 15:45:00,2024-10-17 16:15:00,L,20965.047968858507,20864.797968858507,-2009.0,2,SL,OOS,205374.4731560942
2024-10-25 10:15:00,2024-10-25 15:45:00,S,20935.581606029027,21035.831606029027,-2009.0,22,SL,OOS,203365.4731560942
2024-10-25 19:15:00,2024-10-25 19:45:00,L,21104.410334041375,21004.160334041375,-2009.0,2,SL,OOS,201356.4731560942
2024-10-28 01:45:00,2024-10-29 00:00:00,S,21124.428246724,20992.25,2639.5649344800186,85,EOD,OOS,203996.0380905742
2024-11-04 16:30:00,2024-11-04 23:00:00,S,20677.823301757027,20608.5,1382.4660351405473,26,EOD,OOS,205378.50412571477
2024-11-05 21:00:00,2024-11-05 23:00:00,L,20782.71563990838,20856.25,1466.6872018324066,8,EOD,OOS,206845.1913275472
2024-11-08 09:15:00,2024-11-08 23:00:00,L,21707.75350848737,21720.25,245.92983025258582,55,EOD,OOS,207091.1211577998
2024-11-11 15:45:00,2024-11-11 16:00:00,L,21762.6996974335,21662.4496974335,-2009.0,1,SL,OOS,205082.1211577998
2024-11-13 22:00:00,2024-11-13 23:00:00,L,21635.457971816584,21659.5,476.84056366831646,4,EOD,OOS,205558.9617214681
2024-11-19 19:45:00,2024-11-19 23:00:00,S,21233.965316074984,21248.5,-294.69367850031995,13,EOD,OOS,205264.26804296777
2024-11-21 15:45:00,2024-11-21 16:15:00,L,21215.916399039517,21115.666399039517,-2009.0,2,SL,OOS,203255.26804296777
2024-11-25 08:15:00,2024-11-25 18:15:00,L,21448.61304720643,21348.36304720643,-2009.0,40,SL,OOS,201246.26804296777
2024-11-27 19:15:00,2024-11-27 23:00:00,S,21272.64741954931,21300.5,-561.0516090137971,15,EOD,OOS,200685.21643395396
2024-11-29 08:15:00,2024-11-29 19:15:00,L,21375.727843708155,21484.75,2176.4431258369004,44,EOD,OOS,202861.65955979086
2024-12-04 03:45:00,2024-12-04 14:30:00,S,21824.87039843557,21925.12039843557,-2009.0,43,SL,OOS,200852.65955979086
2024-12-04 15:45:00,2024-12-04 23:00:00,L,21885.492718503298,22010.5,2496.14562993405,29,EOD,OOS,203348.8051897249
2024-12-06 02:45:00,2024-12-06 16:00:00,S,21959.863525831184,22060.113525831184,-2009.0,53,SL,OOS,201339.8051897249
2024-12-11 22:15:00,2024-12-11 23:00:00,L,22273.964508055444,22249.25,-498.2901611088746,3,EOD,OOS,200841.515028616
2024-12-13 13:15:00,2024-12-13 16:00:00,S,22298.259249379265,22398.509249379265,-2009.0,11,SL,OOS,198832.515028616
2024-12-13 16:45:00,2024-12-13 23:00:00,L,22252.710510447385,22254.0,21.789791052302462,25,EOD,OOS,198854.3048196683
2024-12-18 05:45:00,2024-12-18 21:15:00,S,22546.54970801546,22046.79970801546,9991.0,62,TP,OOS,208845.3048196683
2024-12-20 01:30:00,2024-12-20 03:30:00,L,21532.24709882157,21431.99709882157,-2009.0,8,SL,OOS,206836.3048196683
2024-12-20 07:45:00,2024-12-20 16:30:00,S,21490.24078086541,21590.49078086541,-2009.0,35,SL,OOS,204827.3048196683
2024-12-24 13:00:00,2024-12-24 19:15:00,L,21982.25170699052,22253.75,5425.965860189623,25,EOD,OOS,210253.27067985793
2024-12-27 20:00:00,2024-12-27 23:00:00,S,21874.827918388044,21927.5,-1057.441632239119,12,EOD,OOS,209195.8290476188
2025-01-02 06:15:00,2025-01-02 13:00:00,S,21548.45378636927,21648.70378636927,-2009.0,27,SL,OOS,207186.8290476188
2025-01-02 15:15:00,2025-01-02 15:45:00,L,21598.182416340824,21497.932416340824,-2009.0,2,SL,OOS,205177.8290476188
2025-01-06 08:30:00,2025-01-06 11:00:00,S,21773.036206827663,21873.286206827663,-2009.0,10,SL,OOS,203168.8290476188
2025-01-06 15:30:00,2025-01-06 23:00:00,L,21920.390973685156,21987.75,1343.18052629687,30,EOD,OOS,204512.00957391568
2025-01-10 01:15:00,2025-01-10 14:45:00,L,21412.524691464932,21312.274691464932,-2009.0,54,SL,OOS,202503.00957391568
2025-01-10 19:30:00,2025-01-10 23:00:00,S,21305.872905541313,21205.5,2003.4581108262646,14,EOD,OOS,204506.46768474195
2025-01-14 03:15:00,2025-01-14 17:15:00,L,21214.4225429652,21114.1725429652,-2009.0,56,SL,OOS,202497.46768474195
2025-01-14 19:45:00,2025-01-14 23:00:00,S,21160.969208505267,21185.25,-489.6158298946684,13,EOD,OOS,202007.85185484728
2025-01-17 21:15:00,2025-01-17 23:00:00,L,21811.214896893543,21796.25,-303.29793787086965,7,EOD,OOS,201704.5539169764
2025-01-21 08:15:00,2025-01-21 23:00:00,L,21790.83827543372,21979.75,3774.2344913255656,59,EOD,OOS,205478.78840830197
2025-01-24 03:45:00,2025-01-24 23:00:00,S,22252.271812358624,22115.5,2731.4362471724744,77,EOD,OOS,208210.22465547445
2025-01-29 07:45:00,2025-01-29 23:00:00,S,21877.04885963417,21780.0,1936.977192683422,61,EOD,OOS,210147.20184815786
2025-01-30 11:30:00,2025-01-30 16:45:00,L,21820.457988509912,21720.207988509912,-2009.0,21,SL,OOS,208138.20184815786
2025-01-31 06:00:00,2025-01-31 20:45:00,L,21932.30356997581,21832.05356997581,-2009.0,59,SL,OOS,206129.20184815786
2025-02-06 05:30:00,2025-02-06 23:00:00,S,21997.3540986034,22053.0,-1116.918027932028,70,EOD,OOS,205012.28382022583
2025-02-07 03:00:00,2025-02-07 23:00:00,S,22099.733356945144,21783.0,6330.667138902878,80,EOD,OOS,211342.9509591287
2025-02-12 21:00:00,2025-02-12 23:00:00,S,22044.7661937035,22069.5,-498.67612592998194,8,EOD,OOS,210844.27483319872
2025-02-17 08:30:00,2025-02-17 19:00:00,L,22469.11499429571,22442.5,-536.2998859141808,42,EOD,OOS,210307.97494728456
2025-02-18 08:15:00,2025-02-18 23:00:00,S,22513.060837260346,22432.0,1617.2167452069116,59,EOD,OOS,211925.19169249147
2025-02-20 21:00:00,2025-02-20 23:00:00,S,22327.883710397742,22343.5,-316.32579204515787,8,EOD,OOS,211608.8659004463
2025-02-25 05:15:00,2025-02-25 09:00:00,L,21628.91292602401,21528.66292602401,-2009.0,15,SL,OOS,209599.8659004463
2025-02-25 12:45:00,2025-02-25 23:00:00,S,21590.719686826633,21403.75,3735.3937365326565,41,EOD,OOS,213335.25963697897
2025-03-03 08:00:00,2025-03-03 15:45:00,S,21217.5780411822,21317.8280411822,-2009.0,31,SL,OOS,211326.25963697897
2025-03-06 22:30:00,2025-03-06 23:00:00,S,20374.002734918155,20381.25,-148.94530163690797,2,EOD,OOS,211177.31433534206
2025-03-10 02:15:00,2025-03-10 16:00:00,S,20286.22063325211,19786.47063325211,9991.0,55,TP,OOS,221168.31433534206
2025-03-12 15:45:00,2025-03-12 16:15:00,L,19753.161174657947,19652.911174657947,-2009.0,2,SL,OOS,219159.31433534206
2025-03-17 02:30:00,2025-03-17 13:45:00,S,19830.882314121907,19931.132314121907,-2009.0,45,SL,OOS,217150.31433534206
2025-03-21 16:15:00,2025-03-21 21:00:00,S,19809.7058615317,19909.9558615317,-2009.0,19,SL,OOS,215141.31433534206
2025-03-24 05:15:00,2025-03-25 00:00:00,L,20098.679280012846,20348.0,4982.41439974308,71,EOD,OOS,220123.72873508514
2025-03-26 01:45:00,2025-03-26 23:15:00,S,20528.847678412418,20029.097678412418,9991.0,82,TP,OOS,230114.72873508514
2025-03-28 07:15:00,2025-03-28 17:30:00,S,19992.215880696847,19492.465880696847,9991.0,41,TP,OOS,240105.72873508514
2025-04-01 12:45:00,2025-04-01 16:30:00,L,19368.172373614863,19267.922373614863,-2009.0,15,SL,OOS,238096.72873508514
2025-04-01 16:45:00,2025-04-01 17:15:00,S,19445.924745908054,19546.174745908054,-2009.0,2,SL,OOS,236087.72873508514
2025-04-02 02:30:00,2025-04-02 12:15:00,L,19581.751700401874,19481.501700401874,-2009.0,39,SL,OOS,234078.72873508514
2025-04-04 02:00:00,2025-04-04 12:30:00,S,18677.436091699994,18177.686091699994,9991.0,42,TP,OOS,244069.72873508514
2025-04-09 04:00:00,2025-04-09 04:00:00,S,17014.39237579757,17114.64237579757,-2009.0,1,SL_SAMEBAR,OOS,242060.72873508514
2025-04-09 12:30:00,2025-04-09 13:15:00,L,17197.960307456942,17097.710307456942,-2009.0,3,SL,OOS,240051.72873508514
2025-04-14 05:30:00,2025-04-14 14:45:00,S,19082.172759339897,19182.422759339897,-2009.0,37,SL,OOS,238042.72873508514
2025-04-14 15:45:00,2025-04-14 17:30:00,L,19050.993490343473,18950.743490343473,-2009.0,7,SL,OOS,236033.72873508514
2025-04-16 10:30:00,2025-04-16 10:30:00,S,18621.44538148654,18721.69538148654,-2009.0,1,SL_SAMEBAR,OOS,234024.72873508514
2025-04-21 02:45:00,2025-04-21 17:30:00,S,18371.336674468424,17871.586674468424,9991.0,59,TP,OOS,244015.72873508514
2025-04-23 03:45:00,2025-04-23 16:45:00,L,18644.952806979618,19144.702806979618,9991.0,52,TP,OOS,254006.72873508514
2025-04-24 12:15:00,2025-04-24 13:00:00,S,18715.612891638375,18815.862891638375,-2009.0,3,SL,OOS,251997.72873508514
2025-04-28 16:00:00,2025-04-28 17:30:00,L,19457.62706028441,19357.37706028441,-2009.0,6,SL,OOS,249988.72873508514
2025-04-28 20:30:00,2025-04-28 21:30:00,S,19409.58869890808,19509.83869890808,-2009.0,4,SL,OOS,247979.72873508514
2025-04-29 06:15:00,2025-04-29 15:15:00,L,19544.39767105344,19444.14767105344,-2009.0,36,SL,OOS,245970.72873508514
2025-04-29 16:15:00,2025-04-29 20:15:00,S,19571.845959206614,19672.095959206614,-2009.0,16,SL,OOS,243961.72873508514
2025-04-30 19:45:00,2025-04-30 22:00:00,S,19488.92425278863,19589.17425278863,-2009.0,9,SL,OOS,241952.72873508514
2025-05-02 02:15:00,2025-05-02 20:45:00,L,19766.23949270505,20265.98949270505,9991.0,74,TP,OOS,251943.72873508514
2025-05-06 08:00:00,2025-05-06 10:45:00,L,19932.093040656106,19831.843040656106,-2009.0,11,SL,OOS,249934.72873508514
2025-05-06 13:15:00,2025-05-06 18:15:00,S,19906.192376461982,20006.442376461982,-2009.0,20,SL,OOS,247925.72873508514
2025-05-12 03:15:00,2025-05-12 09:15:00,S,20538.310620637905,20638.560620637905,-2009.0,24,SL,OOS,245916.72873508514
2025-05-12 15:45:00,2025-05-12 15:45:00,L,20885.94320740551,20785.69320740551,-2009.0,1,SL_SAMEBAR,OOS,243907.72873508514
2025-05-14 10:15:00,2025-05-14 23:00:00,L,21273.073673833744,21399.5,2524.5265233251266,51,EOD,OOS,246432.25525841027
2025-05-15 13:15:00,2025-05-15 17:15:00,S,21278.970873612965,21379.220873612965,-2009.0,16,SL,OOS,244423.25525841027
2025-05-15 20:30:00,2025-05-15 23:15:00,L,21387.086063702496,21396.25,179.27872595007648,11,EOD,OOS,244602.53398436034
2025-05-19 02:45:00,2025-05-19 09:30:00,L,21268.295385427497,21168.045385427497,-2009.0,27,SL,OOS,242593.53398436034
2025-05-19 12:45:00,2025-05-19 15:45:00,S,21193.47793513403,21293.72793513403,-2009.0,12,SL,OOS,240584.53398436034
2025-05-21 15:45:00,2025-05-21 17:15:00,S,21370.056035241356,21470.306035241356,-2009.0,6,SL,OOS,238575.53398436034
2025-05-21 19:30:00,2025-05-21 19:30:00,L,21439.372184593478,21339.122184593478,-2009.0,1,SL_SAMEBAR,OOS,236566.53398436034
2025-05-23 16:15:00,2025-05-23 19:30:00,S,20971.12446900552,21071.37446900552,-2009.0,13,SL,OOS,234557.53398436034
2025-05-27 10:00:00,2025-05-27 18:45:00,S,21333.992575510012,21434.242575510012,-2009.0,35,SL,OOS,232548.53398436034
2025-05-27 21:45:00,2025-05-27 23:00:00,L,21418.48514723614,21476.75,1161.2970552771876,5,EOD,OOS,233709.83103963753
2025-05-28 16:00:00,2025-05-28 22:00:00,L,21473.313021383303,21373.063021383303,-2009.0,24,SL,OOS,231700.83103963753
2025-05-29 01:15:00,2025-05-29 01:30:00,S,21649.580506414382,21749.830506414382,-2009.0,1,SL,OOS,229691.83103963753
2025-05-29 08:30:00,2025-05-29 14:00:00,L,21772.93670656944,21672.68670656944,-2009.0,22,SL,OOS,227682.83103963753
